Time_s,Real,Imaginary,Magnitude
-2.5441156538073093,-0.0010601374712901615,0.0003016207649467622,0.001102209845664866
-2.5416287372346726,-0.0010721303539469168,0.0002870026277964759,0.0011098801756119548
-2.539141820662036,-0.0010839678698040403,0.00027209401959058665,0.0011175963037986802
-2.5366549040893993,-0.0010956442280885053,0.00025689560530447455,0.001125358443594044
-2.5341679875167626,-0.0011071536122993528,0.00024140815145382906,0.0011331668089102594
-2.531681070944126,-0.0011184901817879393,0.00022563252717008268,0.001141021614200702
-2.5291941543714893,-0.0011296480733666687,0.000209569705254821,0.001148923074457824
-2.5267072377988526,-0.0011406214029460147,0.00019322076321253467,0.0011568714052110412
-2.524220321226216,-0.0011514042671996088,0.00017658688426109794,0.0011648668225245796
-2.5217334046535793,-0.001161990745257189,0.00015966935831925958,0.0011729095429952993
-2.5192464880809426,-0.0011723749004251337,0.00014246958297062706,0.0011809997837504739
-2.516759571508306,-0.0011825507819343563,0.00012498906440343313,0.0011891377624455473
-2.5142726549356693,-0.0011925124267152753,0.00010722941832546913,0.0011973236972618448
-2.5117857383630326,-0.0012022538611995985,8.919237085355405e-05,0.0012055578069042653
-2.509298821790396,-0.0012117691031485957,7.087975937694273e-05,0.0012138403105989212
-2.5068119052177593,-0.0012210521635076029,5.22935333939777e-05,0.001222171428090767
-2.5043249886451227,-0.0012300970482863878,3.3435755321418605e-05,0.0012305513796411743
-2.501838072072486,-0.0012388977604650773,1.4308601275802091e-05,0.0012389803860254826
-2.4993511554998493,-0.0012474483019252875,-5.085638173786229e-06,0.0012474586685305119
-2.4968642389272127,-0.0012557426754061054,-2.474455728215995e-05,0.0012559864489520471
-2.494377322354576,-0.0012637748864845304,-4.466563443429671e-05,0.0012645639495922718
-2.4918904057819393,-0.0012715389455800283,-6.48462314820442e-05,0.0012731913932571934
-2.4894034892093027,-0.0012790288699827512,-8.528359311187192e-05,0.0012818690032540083
-2.486916572636666,-0.0012862386859050447,-0.00010597484624428671,0.0012905970033884459
-2.4844296560640293,-0.0012931624305558063,-0.0001269169994654935,0.0012993756179620751
-2.4819427394913927,-0.001299794154237251,-0.00014810694249191273,0.0013082050717695727
-2.479455822918756,-0.0013061279224636337,-0.00016954144566814263,0.0013170855900959556
-2.4769689063461193,-0.0013121578181014737,-0.0001912171594989854,0.0013260173987137878
-2.4744819897734827,-0.0013178779435307803,-0.0002131306142160472,0.0013350007238803385
-2.471995073200846,-0.001323282422826802,-0.00023527821937957061,0.0013440357923347104
-2.4695081566282093,-0.001328365403961792,-0.00025765626351603336,0.001353122831294934
-2.4670212400555727,-0.0013331210610262618,-0.0002802609137920754,0.0013622620684550218
-2.464534323482936,-0.001337543596469204,-0.0003030882157253281,0.0013714537319819927
-2.4620474069102993,-0.0013416272433567176,-0.0003261340929326911,0.0013806980505128466
-2.4595604903376627,-0.001345366267648499,-0.0003493943469166414,0.0013899952531515201
-2.457073573765026,-0.0013487549704916163,-0.0003728646568900332,0.0013993455694657998
-2.4545866571923893,-0.0013517876905309702,-0.00039654057964000865,0.0014087492294841861
-2.4520997406197527,-0.0013544588062358622,-0.00042041754943150287,0.00141820646369274
-2.449612824047116,-0.0013567627382420494,-0.00044449087795086416,0.0014277175030318826
-2.4471259074744793,-0.00135869395170866,-0.000468755754290073,0.0014372825788931522
-2.4446389909018427,-0.0013602469586893307,-0.0004932072449721641,0.0014469019231159402
-2.442152074329206,-0.0013614163205169253,-0.0005178402940181992,0.0014565757679841783
-2.4396651577565693,-0.0013621966502011616,-0.0005426497230563706,0.001466304346222987
-2.4371782411839327,-0.0013625826148384757,-0.0005676302314736938,0.0014760878909952947
-2.434691324611296,-0.0013625689380334332,-0.0005927763966107485,0.0014859266358984151
-2.4322044080386593,-0.0013621504023309957,-0.0006180826739998845,0.0014958208149605824
-2.4297174914660227,-0.001361321851658916,-0.0006435433976474246,0.0015057706626374584
-2.427230574893386,-0.0013600781937795495,-0.000669152780360217,0.001515776413808597
-2.4247436583207493,-0.0013584144027503403,-0.0006949049141169962,0.0015258383037738677
-2.4222567417481127,-0.001356325521392235,-0.0007207937704849571,0.0015359565682498445
-2.419769825175476,-0.0013538066637652617,-0.0007468132010819645,0.001546131443366158
-2.4172829086028393,-0.001350853017650502,-0.0007729569380847563,0.0015563631656618033
-2.4147959920302027,-0.0013474598470376803,-0.0007992185947835437,0.0015666519720814163
-2.412309075457566,-0.0013436224946175685,-0.0008255916661833594,0.0015769980999715103
-2.4098221588849293,-0.0013393363842783973,-0.0008520695296525258,0.0015874017870766708
-2.4073352423122927,-0.001334597023605465,-0.0008786454456185575,0.0015978632715357094
-2.404848325739656,-0.0013294000063831244,-0.0009053125583118488,0.0016083827918777906
-2.4023614091670193,-0.0013237410150982814,-0.0009320638965574621,0.0016189605870185065
-2.3998744925943827,-0.0013176158234445808,-0.000958892374615299,0.0016295968962559138
-2.397387576021746,-0.001311020298826428,-0.0009857907930689725,0.001640291959266548
-2.3949006594491093,-0.0013039504048619453,-0.0010127518397636199,0.001651046016101377
-2.3924137428764727,-0.0012964022038840068,-0.0010397680907929486,0.001661859307181725
-2.389926826303836,-0.0012883718594384709,-0.0010668320115357402,0.0016727320732951637
-2.3874399097311994,-0.0012798556387786928,-0.0010939359577420424,0.0016836645555913493
-2.3849529931585627,-0.0012708499153554235,-0.0011210721766692763,0.0016946569955778297
-2.382466076585926,-0.0012613511713011594,-0.0011482328082684787,0.0017057096351158142
-2.3799791600132894,-0.0012513559999080613,-0.0011754098864207993,0.001716822716415897
-2.3774922434406527,-0.0012408611080984603,-0.00120259534022449,0.001727996482033744
-2.375005326868016,-0.0012298633188870302,-0.0012297809953325132,0.0017392311748657358
-2.3725184102953794,-0.001218359573833687,-0.001256958575340907,0.001750527038144583
-2.3700314937227427,-0.0012063469354862619,-0.0012841197032279876,0.0017618843154348783
-2.367544577150106,-0.0011938225898119222,-0.0013112559028446175,0.001773303250628639
-2.3650576605774694,-0.001180783848616465,-0.0013383586004554616,0.001784784087940783
-2.3625707440048327,-0.0011672281519504385,-0.0013654191263314133,0.0017963270719045783
-2.360083827432196,-0.0011531530705011163,-0.00139242871639321,0.0018079324473670455
-2.3575969108595594,-0.0011385563079693351,-0.0014193785139062878,0.0018196004594843304
-2.3551099942869227,-0.0011234357034302289,-0.0014462595712268337,0.001831331353717016
-2.352623077714286,-0.001107789233676793,-0.0014730628515991359,0.0018431253758254195
-2.3501361611416494,-0.001091615015545323,-0.0014997792310041222,0.0018549827718648312
-2.3476492445690127,-0.0010749113082216919,-0.0015263995000590893,0.0018669037881807158
-2.345162327996376,-0.0010576765155274543,-0.001552914365968554,0.0018788886714038735
-2.3426754114237394,-0.0010399091881847387,-0.0015793144545261796,0.0018909376684455696
-2.3401884948511027,-0.0010216080260589072,-0.0016055903121676323,0.0019030510264925983
-2.337701578278466,-0.0010027718803779682,-0.0016317324080743151,0.001915228993002343
-2.3352146617058294,-0.000983399755927675,-0.001657731136327786,0.001927471815697761
-2.3327277451331927,-0.0009634908132212869,-0.0016835768181147584,0.0019397797425623434
-2.330240828560556,-0.0009430443706429586,-0.0017092597039824811,0.0019521530218350334
-2.3277539119879194,-0.0009220599065637091,-0.0017347699761443153,0.001964591902005102
-2.3252669954152827,-0.0009005370614289041,-0.0017600977508353058,0.0019770966318069807
-2.322780078842646,-0.0008784756398162247,-0.0017852330807174945,0.0019896674602150484
-2.3202931622700094,-0.0008558756124630761,-0.0018101659573347565,0.0020023046364383967
-2.3178062456973727,-0.0008327371182623647,-0.001834886313616839,0.0020150084099155273
-2.315319329124736,-0.0008090604662255975,-0.0018593840264323634,0.0020277790303090248
-2.3128324125520994,-0.0007848461374122703,-0.0018836489191904294,0.002040616747500185
-2.3103454959794627,-0.0007600947868244755,-0.0019076707644905217,0.0020535218115836015
-2.307858579406826,-0.0007348072452656809,-0.0019314392868203301,0.0020664944728617024
-2.3053716628341894,-0.0007089845211625969,-0.001954944165301161,0.0020795349818392597
-2.3028847462615527,-0.0006826278023491727,-0.001978175036480471,0.002092643589217852
-2.300397829688916,-0.0006557384578115655,-0.002001121497171157,0.0021058205458902766
-2.2979109131162794,-0.0006283180393930939,-0.0020237731073371483,0.0021190661029349316
-2.2954239965436427,-0.0006003682834581274,-0.0020461193930248335,0.0021323805116101515
-2.292937079971006,-0.000571891112513902,-0.0020681498493398225,0.0021457640233484942
-2.2904501633983694,-0.0005428886367890891,-0.002089853943468608,0.0021592168897510058
-2.2879632468257327,-0.0005133631557682786,-0.002111221117744503,0.00217273936258142
-2.285476330253096,-0.0004833171596812133,-0.002132240792757377,0.0021863316937603323
-2.2829894136804594,-0.0004527533309457735,-0.0021529023705065976,0.002199994135359324
-2.2805024971078227,-0.0004216745455636946,-0.0021731952375965945,0.0022137269395950503
-2.278015580535186,-0.0003900838744680584,-0.002193108768474407,0.0022275303588232733
-2.2755286639625494,-0.0003579845848214293,-0.0022126323287086336,0.002241404645532877
-2.2730417473899127,-0.00032538014126373737,-0.0022317552783090726,0.002255350052339817
-2.270554830817276,-0.0002922742071088707,-0.0022504669750863997,0.002269366831981037
-2.2680679142446394,-0.0002586706454889946,-0.002268756778051197,0.002283455237308352
-2.2655809976720027,-0.00022457352044559045,-0.0022866140508515783,0.0022976155212822685
-2.263094081099366,-0.0001899870979662525,-0.0023040281652487097,0.002311847936965789
-2.2606071645267294,-0.0001549158469663349,-0.0023209885046294103,0.0023261527375181452
-2.2581202479540927,-0.00011936444021436349,-0.0023374844675551087,0.002340530176188523
-2.255633331381456,-8.333775520037984e-05,-0.00235350547134629,0.0023549805063097146
-2.2531464148088194,-4.684087494623276e-05,-0.002369040955701629,0.002369503981291742
-2.2506594982361827,-9.879088756897043e-06,-0.0023840803863509796,0.0023841008546154467
-2.248172581663546,2.754210708812587e-05,-0.0023986132587413035,0.0023987713798260205
-2.2456856650909094,6.541700870419354e-05,-0.0024126291017546758,0.0024135158105264977
-2.2431987485182727,0.00010373970403261207,-0.0024261174814574644,0.0024283344003712265
-2.240711831945636,0.0001425040723343044,-0.0024390680048797025,0.0024432274030592636
-2.2382249153729994,0.00018170378374695125,-0.0024514703238237515,0.0024581950723277612
-2.2357379988003627,0.0002213322989064231,-0.0024633141387012236,0.0024732376619452795
-2.233251082227726,0.00026138286863337736,-0.002474589202397228,0.002488355425705091
-2.2307641656550894,0.00030184853368583875,-0.002485285324160853,0.0025035486174184046
-2.2282772490824527,0.0003427221245786402,-0.002495392373520907,0.002518817490907589
-2.225790332509816,0.00038399626147038896,-0.002504900284225825,0.0025341622999993222
-2.2233034159371794,0.0004256633541188945,-0.0025137990582066653,0.0025495832985177134
-2.2208164993645427,0.000467715601905759,-0.002522078769562104,0.002565080740277382
-2.218329582791906,0.0005101449939308882,-0.0025297295685643077,0.002580654879076492
-2.2158426662192694,0.0005529433091776174,-0.002536741685684546,0.0025963059686897397
-2.2133557496466327,0.0005961021167493635,-0.0025431054356373785,0.0026120342628613152
-2.210868833073996,0.0006396127761782408,-0.002548811221442253,0.002627840015297809
-2.2083819165013594,0.0006834664378065114,-0.002553849538501313,0.0026437234796610806
-2.2058949999287227,0.0007276540432415002,-0.002558210978692188,0.0026596849095610834
-2.203408083356086,0.0007721663258846267,-0.0025618862344745576,0.0026757245585486544
-2.2009211667834494,0.0008169938115351046,-0.0025648661030092186,0.0026918426801082478
-2.1984342502108127,0.0008621268190690934,-0.0025671414902884056,0.0027080395276506525
-2.195947333638176,0.0009075554611947269,-0.002568703415276044,0.002724315354505639
-2.1934604170655394,0.0009532696452836769,-0.002569543014056682,0.0027406704139145894
-2.1909735004929027,0.000999259074279771,-0.0025696515439917367,0.0027571049590230656
-2.188486583920266,0.0010455132476852344,-0.002569020387881737,0.002773619242873354
-2.1859996673476294,0.0010920214626250428,-0.0025676410581331995,0.0027902135183969553
-2.1835127507749927,0.0011387728149898097,-0.002565505200928793,0.0028068880384070367
-2.181025834202356,0.0011857562006578203,-0.002562604600399364,0.002823643055590854
-2.1785389176297194,0.0012329603167965154,-0.0025589311827964516,0.0028404788225021168
-2.1760520010570827,0.0012803736632438958,-0.002554477020663869,0.00285739559155332
-2.173565084484446,0.0013279845439702403,-0.0025492343370069202,0.002874393615008035
-2.1710781679118094,0.0013757810686205344,-0.0025431955094577996,0.0028914731449731597
-2.1685912513391727,0.0014237511541378967,-0.0025363530744357066,0.002908634433391115
-2.166104334766536,0.0014718825264683907,-0.00252869973130025,0.002925877732032036
-2.1636174181938994,0.0015201627223474516,-0.002520228346496576,0.0029432032924858725
-2.1611305016212627,0.0015685790911682753,-0.002510931957690793,0.0029606113661544997
-2.158643585048626,0.0016171187969323325,-0.002500803777894131,0.0029781022042437415
-2.1561566684759894,0.0016657688202822854,-0.002489837199574355,0.0029956760577553947
-2.1536697519033527,0.001714515960617465,-0.0024780257987528542,0.0030133331774791763
-2.151182835330716,0.0017633468382921502,-0.0024653633390858687,0.0030310738139846657
-2.1486959187580794,0.0018122478968966322,-0.0024518437759283385,0.0030488982176131753
-2.1462090021854427,0.0018612054056213391,-0.0024374612603787482,0.0030668066384696067
-2.143722085612806,0.0019102054617040154,-0.002422210143303412,0.003084799326414246
-2.1412351690401694,0.0019592339929600257,-0.0024060849793386217,0.0031028765310545346
-2.1387482524675328,0.002008276760395755,-0.0023890805308690887,0.003121038501736785
-2.136261335894896,0.0020573193609052963,-0.0023711917719809526,0.00313928548753788
-2.1337744193222594,0.002106347230050115,-0.0023524138923879173,0.0031576177372569124
-2.1312875027496228,0.002155345644921819,-0.0023327423013287762,0.0031760354994067883
-2.128800586176986,0.0022042997270878984,-0.002312172631434723,0.0031945390222057946
-2.1263136696043494,0.002253194445620311,-0.002290700742564829,0.003213128553569135
-2.1238267530317128,0.0023020146202067347,-0.0022683227256080404,0.0032318043411004083
-2.121339836459076,0.0023507449243442883,-0.0022450349062500988,0.0032505666320830624
-2.1188529198864394,0.0023993698886156673,-0.0022208338487035833,0.00326941567347181
-2.1163660033138028,0.00244787390404719,-0.0021957163593996276,0.003288351711883993
-2.113879086741166,0.002496241225548683,-0.0021696794906395215,0.003307374993590924
-2.1113921701685294,0.002544455975434816,-0.002142720544204555,0.003326485764509177
-2.1089052535958928,0.0025925021470275846,-0.002114837074922444,0.0033456842701918474
-2.106418337023256,0.0026403636083394766,-0.0020860268941887473,0.0033649707558197606
-2.1039314204506194,0.0026880241058370837,-0.0020562880734414676,0.0033843454661926695
-2.1014445038779828,0.0027354672682845665,-0.0020256189475872845,0.003403808645720386
-2.098957587305346,0.0027826766106665763,-0.001994018118377716,0.003423360538413889
-2.0964706707327094,0.002829635538190127,-0.001961484457733542,0.0034430013878763944
-2.0939837541600728,0.002876327350364891,-0.0019280171110157985,0.0034627314372943823
-2.091496837587436,0.002922735245161319,-0.0018936155002417133,0.0034825509294285806
-2.0890099210147994,0.0029688423232460477,-0.0018582793272439195,0.003502460106604942
-2.0865230044421628,0.0030146315922938774,-0.0018220085767712603,0.0035224592107055475
-2.084036087869526,0.003060085971375739,-0.0017848035195295313,0.00354254848315949
-2.0815491712968894,0.0031051882954218875,-0.0017466647151605497,0.0035627281649337175
-2.0790622547242528,0.0031499213197596293,-0.0017075930151578679,0.003582998496523852
-2.076575338151616,0.0031942677247247747,-0.0016675895657174908,0.00360335971794494
-2.0740884215789794,0.003238210120346123,-0.0016266558105219279,0.003623812068722218
-2.0716015050063428,0.0032817310511019664,-0.0015847934934560678,0.0036443557878817904
-2.069114588433706,0.0033248130007479146,-0.0015420046612531096,0.003664991113941297
-2.0666276718610694,0.003367438397215068,-0.0014982916660690106,0.0036857182849005478
-2.0641407552884328,0.0034095896175776017,-0.0014536571679838446,0.003706537538232115
-2.061653838715796,0.003451248993088767,-0.0014081041374285274,0.00372744911087188
-2.0591669221431594,0.00349239881428444,-0.0013616358575350958,0.0037484532392095676
-2.0566800055705228,0.0035330213361529973,-0.0013142559264092953,0.0037695501590792324
-2.054193088997886,0.003573098783370571,-0.0012659682593236857,0.0037907401057497066
-2.0517061724252494,0.0036126133556005596,-0.001216777090829755,0.003812023313915021
-2.0492192558526128,0.003651547232856248,-0.0011666869767875247,0.0038334000176847884
-2.046732339279976,0.0036898825809253645,-0.001115702796311123,0.0038548704505745567
-2.0442454227073394,0.003727601556855343,-0.0010638297536288742,0.00387643484549611
-2.0417585061347028,0.003764686314498187,-0.0010110733798561619,0.003898093434747775
-2.039271589562066,0.003801119010113461,-0.0009574395346799296,0.00391984645000465
-2.0367846729894294,0.003836881808028273,-0.0009029344079531254,0.003941694122308829
-2.034297756416793,0.0038719568863528476,-0.0008475645211976767,0.003963636682059581
-2.031810839844156,0.003906326442750336,-0.0007913367290145715,0.003985674359003502
-2.0293239232715194,0.00393997270025943,-0.0007342582203997384,0.004007807382224622
-2.026837006698883,0.003972877913168426,-0.000676336519964111,0.004030035980134504
-2.024350090126246,0.0040050243729391815,-0.0006175794890566944,0.004052360380462282
-2.0218631735536094,0.004036394414179543,-0.000557995326789208,0.004074780810244694
-2.019376256980973,0.004066970420662658,-0.0004975925709609758,0.00409729749581606
-2.016889340408336,0.004096734831391672,-0.00043638009888271353,0.004119910662798241
-2.0144024238356995,0.004125670146708156,-0.00037436712809797934,0.004142620536090559
-2.011915507263063,0.004153758934442715,-0.0003115632170009936,0.004165427339859704
-2.009428590690426,0.004180983836106058,-0.00024797826534958745,0.004188331297529591
-2.0069416741177895,0.00420732757311888,-0.00018362251467202886,0.0042113326317711934
-2.004454757545153,0.004232772953078846,-0.00011850654856659679,0.0042344315644923325
-2.001967840972516,0.004257302876062939,-5.264129289268867e-05,0.004257628316827479
-1.9994809243998795,0.004280900340963355,1.3961984147668206e-05,0.004280923109127459
-1.9969940078272428,0.004303548451855227,8.129167203910712e-05,0.004304316160949197
-1.9945070912546061,0.004325230424394272,0.00014933581809387805,0.004327807691045389
-1.9920201746819695,0.004345929592242532,0.00021808212770577863,0.004351397917354148
-1.9895332581093328,0.00436562941352035,0.0002875179647179716,0.00437508705698865
-1.9870463415366961,0.004384313477282613,0.0003576303519056918,0.00439887532622671
-1.9845594249640595,0.004401965510017366,0.00042840597157474,0.004422762940500355
-1.9820725083914228,0.004418569382164839,0.0004998311662770242,0.004446750114385383
-1.9795855918187861,0.004434109114654834,0.0005718919396435992,0.004470837061590859
-1.9770986752461495,0.00444856888546051,0.0006445739573363957,0.004495023994948599
-1.9746117586735128,0.004461933036166522,0.0007178625481194187,0.004519311126402641
-1.9721248421008761,0.0044741860785494,0.0007917427050502055,0.004543698666998668
-1.9696379255282395,0.004485312701168117,0.0008661990867923083,0.0045681868268734206
-1.9671510089556028,0.004495297775962718,0.0009412160190494686,0.004592775815244055
-1.9646640923829661,0.004504126364858878,0.0010167774961225228,0.004617465840397526
-1.9621771758103295,0.004511783726376194,0.0010928671825892304,0.0046422571096799
-1.9596902592376928,0.004518255322238074,0.0011694684151079967,0.004667149829485647
-1.9572033426650561,0.004523526823980996,0.0012465642043460066,0.0046921442052469346
-1.9547164260924195,0.004527584119560873,0.001324137237032338,0.00471724044142287
-1.9522295095197828,0.00453041331995437,0.0014021698781364472,0.0047424387414887244
-1.9497425929471461,0.004532000765752806,0.0014806441731727788,0.004767739307925144
-1.9472556763745095,0.004532333033746413,0.0015595418506317035,0.004793142342207325
-1.9447687598018728,0.004531396943496634,0.001638844324537285,0.004818648044794173
-1.9422818432292361,0.004529179563894144,0.0017185326971322359,0.004844256615117427
-1.9397949266565995,0.004525668219700252,0.0017985877616904249,0.004869968251570786
-1.9373080100839628,0.004520850498069276,0.001878990005457148,0.004895783151498958
-1.9348210935113261,0.004514714255049671,0.0019597196127174744,0.00492170151118678
-1.9323341769386895,0.004507247622061317,0.0020407564679928015,0.0049477235258482116
-1.9298472603660528,0.004498439012346731,0.0021220801593658674,0.004973849389615381
-1.9273603437934161,0.00448827712739371,0.0022036699819342398,0.005000079295527581
-1.9248734272207795,0.004476750963327014,0.0022855049413924,0.005026413435520245
-1.9223865106481428,0.004463849817266615,0.002367563757742443,0.005052852000413896
-1.9198995940755061,0.004449563293650062,0.0024498248691334767,0.0050793951799031
-1.9174126775028695,0.0044338813105165836,0.0025322664358294125,0.005106043162545383
-1.9149257609302328,0.004416794105750317,0.0026148663443053004,0.0051327961357501145
-1.9124388443575961,0.004398292243280291,0.0026976022114719414,0.005159654285767399
-1.9099519277849595,0.004378366619234643,0.0027804513890285643,0.005186617797676928
-1.9074650112123228,0.004357008468046584,0.0028633909679433496,0.005213686855376836
-1.9049780946396861,0.004334209368509561,0.002946397783061541,0.005240861641572501
-1.9024911780670495,0.0043099612497791715,0.0030294484178407634,0.005268142337765367
-1.9000042614944128,0.004284256397319294,0.0031125192092131865,0.005295529124241729
-1.8975173449217762,0.004257087458789901,0.0031955862525740856,0.005323022180061506
-1.8950304283491395,0.004228447449874049,0.0032786254068963338,0.005350621683046981
-1.8925435117765028,0.00419832976004152,0.0033616122999703354,0.005378327809771559
-1.8900565952038662,0.004166728158246613,0.0034445223337687104,0.005406140735548479
-1.8875696786312295,0.0041336367985575035,0.0035273306899352456,0.005434060634419512
-1.8850827620585928,0.004099050225714702,0.0036100123353973936,0.005462087679143671
-1.8825958454859562,0.004062963380616078,0.0036925420281014995,0.005490222041185872
-1.8801089289133195,0.004025371605725895,0.003774894322870155,0.005518463890705601
-1.8776220123406828,0.003986270650405388,0.003857043577380728,0.005546813396545562
-1.8751350957680462,0.003945656676162298,0.003938963958264289,0.005575270726220314
-1.8726481791954095,0.0039035262618169744,0.004020629447323901,0.005603836045904886
-1.8701612626227728,0.0038598764085824035,0.004102013847871441,0.005632509520423384
-1.8676743460501362,0.003814704545055736,0.004183090791181872,0.005661291313237597
-1.8651874294774995,0.003768008532118874,0.00426383374306384,0.00569018158643557
-1.8627005129048628,0.0037197866677455144,0.004344216010545591,0.00571918050072018
-1.8602135963322262,0.0036700376917122956,0.004424210748674961,0.005748288215397691
-1.8577266797595895,0.003618760790211487,0.004503790967432289,0.005777504888366322
-1.8552397631869528,0.0035659556003629295,0.0045829295387548145,0.005806830676104751
-1.8527528466143162,0.0035116222146225336,0.004661599203671573,0.005836265733660687
-1.8502659300416795,0.003455761185085182,0.004739772579547047,0.005865810214639357
-1.8477790134690428,0.003398373527679531,0.004817422167432359,0.005895464271192024
-1.8452920968964062,0.0033394607262521602,0.004894520359522617,0.005925228054004505
-1.8428051803237695,0.0032790247365389997,0.004971039446718634,0.005955101712285639
-1.8403182637511328,0.00321706799002141,0.005046951626291708,0.00598508539375579
-1.8378313471784962,0.0031535933976647315,0.005122229009649699,0.006015179244635319
-1.8353444306058595,0.0030886043535368695,0.005196843630202829,0.006045383409633058
-1.8328575140332228,0.003022104738304767,0.005270767451327348,0.00607569803193476
-1.8303705974605862,0.0029540989226063343,0.0053439723744255095,0.00610612325319158
-1.8278836808879495,0.00288459177029562,0.005416430247079874,0.006136659213508516
-1.8253967643153128,0.0028135886415591046,0.005488112871300094,0.006167306051432843
-1.8229098477426762,0.002741095395900738,0.005558992011860395,0.006198063903942577
-1.8204229311700395,0.0026671183949936515,0.00562903940472565,0.0062289329064349076
-1.8179360145974028,0.0025916645053963632,0.005698226765564094,0.006259913192714609
-1.8154490980247662,0.0025147411011313004,0.005766525798344682,0.006291004894982506
-1.8129621814521295,0.0024363560661236723,0.005833908204016867,0.006322208143823875
-1.8104752648794928,0.002356517796498449,0.005900345689270752,0.006353523068196877
-1.8079883483068562,0.0022752352027334923,0.0059658099753754044,0.006384949795420979
-1.8055014317342195,0.0021925177116669204,0.006030272807093022,0.006416488451165381
-1.8030145151615828,0.0021083752683565367,0.00609370596166675,0.006448139159437425
-1.8005275985889462,0.002022818337789545,0.006156081257879754,0.006479902042571016
-1.7980406820163095,0.0019358579064405305,0.006217370565183231,0.006511777221215047
-1.7955537654436728,0.001847505483675981,0.006277545812890846,0.006543764814321814
-1.7930668488710362,0.0017577731030033298,0.006336578999437212,0.0065758649391354325
-1.7905799322983995,0.0016666733231628064,0.006394442201697877,0.00660807771118026
-1.7880930157257628,0.001574219229060445,0.0064511075843682285,0.0066404032442493235
-1.7856060991531262,0.0014804244325403032,0.006506547409398755,0.006672841650392726
-1.7831191825804895,0.0013853030729944103,0.006560734045484048,0.006705393039906105
-1.7806322660078528,0.0012888698178086392,0.006613639977602791,0.006738057521319027
-1.7781453494352162,0.001191139862643177,0.006665237816606061,0.0067708352013834405
-1.7756584328625795,0.0010921289315455837,0.006715500308851232,0.006803726185062115
-1.7731715162899429,0.0009918532768954118,0.006764400345878552,0.006836730575517075
-1.7706845997173062,0.0008903296791787197,0.0068119109741276536,0.006869848474098045
-1.7681976831446695,0.0007875754465908178,0.006858005404691127,0.006903079980330913
-1.7657107665720329,0.0006836084144663934,0.006902657023102153,0.006936425191906184
-1.7632238499993962,0.0005784469445352097,0.006945839399153316,0.006969884204667436
-1.7607369334267595,0.0004721099240023767,0.0069875262967435976,0.0070034571125998065
-1.7582500168541229,0.00036461676445180834,0.0070276916837505084,0.007037144007818467
-1.7557631002814862,0.0002559874005718868,0.007066309741924289,0.007070944980557101
-1.7532761837088495,0.0001462422887019705,0.007103354876801136,0.007104860119156412
-1.7507892671362129,3.54024051987816e-05,0.007138801727632285,0.007138889510052635
-1.7483023505635762,-7.651075537823464e-05,0.007172625177325772,0.007173033237766022
-1.7458154339909395,-0.0001894751822637865,0.007204800362397776,0.0072072913848894036
-1.7433285174183029,-0.000303468350666576,0.007235302682930208,0.007241664032076699
-1.7408416008456662,-0.0004184672241330226,0.0072641078125313735,0.007276151258031468
-1.7383546842730295,-0.0005344482570957422,0.0072911917082964135,0.007310753139495483
-1.7358677677003929,-0.0006513873976073198,0.007316530620764199,0.007345469751237275
-1.7333808511277562,-0.0007692600902604027,0.007340101103867363,0.007380301166040742
-1.7308939345551195,-0.0008880412792943585,0.007361880024872107,0.007415247454693721
-1.7284070179824829,-0.0010077054118894102,0.0073818445743044124,0.007450308685976622
-1.7259201014098462,-0.0011282264416485502,0.007399972275859207,0.007485484926651034
-1.7234331848372095,-0.0012495778322677558,0.0074162409962891095,0.007520776241448371
-1.7209462682645729,-0.0013717325613949681,0.007430628955269263,0.007556182693058525
-1.7184593516919362,-0.0014946631246779605,0.007443114735234807,0.007591704342118547
-1.7159724351192995,-0.001618341540001624,0.007453677291187455,0.0076273412472013065
-1.7134855185466629,-0.001742739351914758,0.007462295960467728,0.007663093464804226
-1.7109986019740262,-0.0018678276362463885,0.007468950472489273,0.007698961049337988
-1.7085116854013895,-0.0019935770049119457,0.0074736209584317015,0.007734944053115269
-1.7060247688287529,-0.0021199576109091098,0.0074762879608884485,0.007771042526339502
-1.7035378522561162,-0.002246939153503445,0.007476932443466018,0.007807256517093663
-1.7010509356834795,-0.002374490883603399,0.007475535800331064,0.007843586071329048
-1.6985640191108429,-0.0025025816093250334,0.00747207986570168,0.007880031232854112
-1.6960771025382062,-0.0026311797017456416,0.00746654692327928,0.007916592043323288
-1.6935901859655695,-0.0027602531008462244,0.007458919715617536,0.007953268542225844
-1.6911032693929329,-0.002889769321642678,0.00744918145342457,0.00799006076687479
-1.6886163528202962,-0.003019695460504667,0.007437315824794946,0.008026968752395752
-1.6861294362476595,-0.0031499982016622245,0.007423307004367709,0.008063992531715908
-1.6836425196750229,-0.0032806438238991587,0.007407139662406866,0.008101132135552944
-1.6811556031023862,-0.0034115982074328197,0.007388798973800608,0.008138387592404022
-1.6786686865297495,-0.003542826840979245,0.007368270626975717,0.008175758928534775
-1.6761817699571129,-0.003674294829003203,0.007345540832723402,0.008213246167968332
-1.6736948533844762,-0.003805966899152104,0.007320596332932954,0.008250849332474379
-1.6712079368118395,-0.003937807409872748,0.0072934244092295935,0.008288568441558215
-1.6687210202392029,-0.004069780358210169,0.0072640128915128,0.008326403512449863
-1.6662341036665662,-0.004201849387787291,0.007232350166391546,0.008364354560093221
-1.6637471870939295,-0.004333977796964315,0.007198425185512724,0.00840242159713517
-1.6612602705212929,-0.00446612854717672,0.007162227473779187,0.008440604633914816
-1.6587733539486562,-0.004598264271450345,0.007123747137453812,0.008478903678452665
-1.6562864373760195,-0.004730347283092564,0.0070829748721458145,0.008517318736439902
-1.6537995208033829,-0.004862339584557725,0.007039901970675935,0.008555849811227633
-1.6513126042307462,-0.004994202876485707,0.0069945203308167106,0.00859449690381621
-1.6488256876581096,-0.005125898566911805,0.00694682246290437,0.008633260012844582
-1.6463387710854729,-0.005257387780646363,0.006896801497318735,0.008672139134579636
-1.6438518545128362,-0.00538863136882254,0.006844451191827575,0.008711134262905616
-1.6413649379401996,-0.00551958991861021,0.006789765938792003,0.008750245389313578
-1.6388780213675629,-0.005650223763094374,0.00673274077222919,0.008789472502890812
-1.6363911047949262,-0.005780492991316084,0.006673371374729078,0.008828815590310391
-1.6339041882222896,-0.005910357458473747,0.0066116540842216295,0.0088682746358207
-1.631417271649653,-0.006039776796282966,0.006547585900591018,0.008907849621234993
-1.6289303550770162,-0.006168710423492636,0.00648116449213352,0.008947540525921022
-1.6264434385043796,-0.006297117556555189,0.006412388201855537,0.008987347326790684
-1.623956521931743,-0.006424957220448455,0.006341256053608659,0.009027269998289693
-1.6214696053591062,-0.006552188259647316,0.006267767758057992,0.009067308512387313
-1.6189826887864696,-0.006678769349242148,0.006191923718480923,0.009107462838566128
-1.616495772213833,-0.006804659006201843,0.006113725036392816,0.009147732943811828
-1.6140088556411962,-0.006929815600779068,0.006033173516996189,0.009188118792603037
-1.6115219390685596,-0.007054197368054663,0.005950271674450705,0.00922862034690125
-1.609035022495923,-0.007177762419618856,0.005865022736960245,0.009269237566140667
-1.6065481059232862,-0.007300468755386433,0.0057774306516743075,0.009309970407218239
-1.6040611893506496,-0.007422274275543027,0.0056875000894004105,0.009350818824483631
-1.601574272778013,-0.007543136792619523,0.005595236449124657,0.00939178276972926
-1.5990873562053762,-0.007663014043691887,0.005500645862337234,0.009432862192180421
-1.5966004396327396,-0.007781863702703166,0.005403735197159973,0.00947405703848539
-1.594113523060103,-0.007899643392904594,0.005304512062273142,0.009515367252705619
-1.5916266064874662,-0.008016310699412782,0.005202984810638393,0.009556792776305955
-1.5891396899148296,-0.008131823181879622,0.005099162543015192,0.009598333548144905
-1.586652773342193,-0.008246138387271786,0.004993055111267809,0.009639989504464977
-1.5841658567695562,-0.0083592138627562,0.004884673121460348,0.009681760578882986
-1.5816789401969196,-0.008471007168688476,0.004774027936736894,0.009723646702380535
-1.579192023624283,-0.008581475891700496,0.004661131679984204,0.009765647803294423
-1.5767051070516462,-0.00869057765788374,0.004545997236274575,0.009807763807307154
-1.5742181904790096,-0.008798270146064869,0.004428638255086045,0.009849994637437519
-1.571731273906373,-0.008904511101169747,0.004309069152297683,0.009892340214031195
-1.5692443573337362,-0.009009258347672274,0.00418730511195748,0.009934800454751359
-1.5667574407610996,-0.009112469803124358,0.004063362087820464,0.009977375274569458
-1.564270524188463,-0.009214103491762987,0.003937256804654899,0.01002006458575593
-1.5617836076158262,-0.009314117558190727,0.0038090067593141144,0.01006286829787101
-1.5592966910431896,-0.009412470281125688,0.003678630221571903,0.010105786317755607
-1.556809774470553,-0.009509120087216848,0.003546146234719547,0.010148818549522234
-1.5543228578979162,-0.009604025564920814,0.0034115746159221107,0.01019196489454593
-1.5518359413252796,-0.009697145478435946,0.0032749359563323138,0.010235225251455338
-1.549349024752643,-0.009788438781689671,0.0031362516209598543,0.010278599516123766
-1.5468621081800062,-0.009877864632374661,0.0029955437482947224,0.0103220875816603
-1.5443751916073696,-0.009965382406029996,0.0028528352496820946,0.010365689338401034
-1.541888275034733,-0.010050951710162645,0.0027081498084478113,0.010409404673900296
-1.5394013584620962,-0.010134532398405127,0.0025615118787725246,0.010453233472921951
-1.5369144418894596,-0.010216084584705045,0.0024129466843126135,0.010497175617430781
-1.534427525316823,-0.01029556865754189,0.0022624802165671603,0.010541230986583905
-1.5319406087441862,-0.010372945294166781,0.002110139232988871,0.010585399456722246
-1.5294536921715496,-0.010448175474860651,0.0019559512548380487,0.010629680901362099
-1.526966775598913,-0.01052122049720627,0.0017999445647781157,0.010674075191186712
-1.5244798590262763,-0.010592041990369536,0.001642148204211825,0.010718582194037958
-1.5219929424536396,-0.01066060192938551,0.0014825919703567352,0.010763201774908073
-1.519506025881003,-0.010726862649444412,0.0013213064130590787,0.010807933795931424
-1.5170191093083663,-0.01079078686017299,0.001158322831345301,0.010852778116376373
-1.5145321927357296,-0.010852337659906494,0.0009936732697100484,0.01089773459263718
-1.512045276163093,-0.010911478549946542,0.0008273905141401621,0.010942803078226008
-1.5095583595904563,-0.01096817344880004,0.0006595080878737587,0.01098798342376494
-1.5070714430178196,-0.011022386706394398,0.0004900602468941335,0.011033275476978079
-1.504584526445183,-0.011074083118264215,0.00031908197515760113,0.01107867908268377
-1.5020976098725463,-0.011123227939704492,0.0001466089795550339,0.011124194082786799
-1.4996106932999096,-0.011169786899885575,-2.7322315393055304e-05,0.011169820316270708
-1.497123776727273,-0.011213726215924842,-0.00020267477310850144,0.011215557619190169
-1.4946368601546363,-0.011255012606910319,-0.00037941055079440775,0.011261405824663472
-1.4921499435819996,-0.011293613307871061,-0.000557491105541158,0.011307364762864947
-1.489663027009363,-0.011329496083689617,-0.000736877200699599,0.011353434261017646
-1.4871761104367263,-0.011362629242951323,-0.000917528912520974,0.011399614143385929
-1.4846891938640896,-0.011392981651725585,-0.001099405637063777,0.011445904231268206
-1.482202277291453,-0.011420522747274096,-0.0012824660973670603,0.011492304342989744
-1.4797153607188163,-0.011445222551680954,-0.0014666683508896038,0.011538814293895519
-1.4772284441461796,-0.011467051685399625,-0.0016519697972148552,0.011585433896343136
-1.474741527573543,-0.011485981380711791,-0.001838327186020747,0.011632162959695885
-1.4722546110009063,-0.011501983495092906,-0.002025696625313957,0.011679001290315794
-1.4697676944282696,-0.011515030524479537,-0.0022140335899274014,0.011725948691556786
-1.467280777855633,-0.011525095616433324,-0.0024032929302809022,0.011773004963757926
-1.4647938612829963,-0.011532152583196576,-0.0025934288814032005,0.01182016990423673
-1.4623069447103596,-0.011536175914634432,-0.0027843950722146356,0.011867443307282522
-1.459820028137723,-0.011537140791058456,-0.0029761445350697615,0.011914824964149936
-1.4573331115650863,-0.01153502309592676,-0.00316862971555774,0.011962314663052434
-1.4548461949924496,-0.011529799428415428,-0.0033618024825600107,0.012009912189155897
-1.452359278419813,-0.011521447115856415,-0.0035556141385633395,0.012057617324572365
-1.4498723618471763,-0.01150994422603665,-0.0037500154302269146,0.01210542984835377
-1.4473854452745396,-0.011495269579353545,-0.003944956559201735,0.01215334953648581
-1.444898528701903,-0.011477402760821829,-0.004140387193200465,0.012201376161881862
-1.4424116121292663,-0.011456324131926574,-0.004336256477316503,0.01224950949437701
-1.4399246955566296,-0.01143201484231774,-0.004532513045589436,0.012297749300722126
-1.437437778983993,-0.011404456841340999,-0.004729105032815643,0.01234609534457805
-1.4349508624113563,-0.011373632889400067,-0.004925980086601523,0.012394547386509832
-1.4324639458387196,-0.011339526569145573,-0.00512308537965735,0.012443105183981097
-1.429977029266083,-0.011302122296485622,-0.005320367622329129,0.012491768491348433
-1.4274901126934463,-0.011261405331413156,-0.005517773075366466,0.01254053705985592
-1.4250031961208096,-0.011217361788645259,-0.005715247562923722,0.012589410637629717
-1.422516279548173,-0.011169978648069685,-0.0059127364857916856,0.012638388969672712
-1.4200293629755363,-0.011119243764993783,-0.006110184834857484,0.012687471797859317
-1.4175424464028996,-0.011065145880191068,-0.006307537204789586,0.012736658860930294
-1.415055529830263,-0.01100767462974077,-0.006504737807945134,0.012785949894487678
-1.4125686132576263,-0.010946820554655675,-0.006701730488496759,0.012835344630989813
-1.4100816966849896,-0.010882575110293733,-0.0068984587367754415,0.012884842799746455
-1.407594780112353,-0.010814930675548643,-0.007094865703826666,0.012934444126913955
-1.4051078635397163,-0.010743880561815059,-0.007290894216176406,0.012984148335490551
-1.4026209469670796,-0.010669419021723909,-0.007486486790803449,0.013033955145311743
-1.400134030394443,-0.010591541257643245,-0.007681585650314894,0.013083864273045741
-1.3976471138218063,-0.010510243429940396,-0.007876132738321084,0.013133875432189026
-1.3951601972491696,-0.010425522665000901,-0.00807006973500648,0.013183988333062004
-1.392673280676533,-0.010337377063000192,-0.00826333807289239,0.01323420268280471
-1.3901863641038963,-0.010245805705423376,-0.008455878952788456,0.013284518185372664
-1.3876994475312596,-0.010150808662329348,-0.008647633359928216,0.013334934541532773
-1.385212530958623,-0.010052386999354984,-0.00883854208028504,0.013385451448859336
-1.3827256143859863,-0.009950542784455008,-0.009028545717064818,0.013436068601730161
-1.3802386978133496,-0.009845279094374182,-0.009217584707370314,0.013486785691322762
-1.377751781240713,-0.009736600020847176,-0.009405599339033847,0.013537602405610649
-1.3752648646680763,-0.009624510676522917,-0.009592529767613146,0.01358851842935969
-1.3727779480954396,-0.009509017200608889,-0.009778316033546829,0.013639533444124644
-1.370291031522803,-0.009390126764232305,-0.009962898079464147,0.0136906471282457
-1.3678041149501663,-0.0092678475755142,-0.01014621576764483,0.013741859156845154
-1.3653171983775296,-0.009142188884352562,-0.01032820889762461,0.0137931692018242
-1.362830281804893,-0.009013160986911625,-0.010508817223940977,0.013844576931859792
-1.3603433652322563,-0.008880775229813261,-0.010687980474015004,0.013896082012401582
-1.3578564486596196,-0.008745044014027481,-0.010865638366163975,0.013947684105669027
-1.355369532086983,-0.008605980798458509,-0.011041730627739981,0.013999382870648539
-1.3528826155143463,-0.008463600103223511,-0.011216197013389226,0.014051177963090725
-1.3503956989417096,-0.008317917512620544,-0.011388977323427195,0.014103069035507784
-1.347908782369073,-0.008168949677782773,-0.011560011422324323,0.014155055737170944
-1.3454218657964363,-0.008016714319016243,-0.01172923925729674,0.014207137714108042
-1.3429349492237996,-0.00786123022781793,-0.011896600876997086,0.014259314609101174
-1.340448032651163,-0.007702517268571595,-0.012062036450299676,0.014311586061684485
-1.3379611160785263,-0.0075405963799186305,-0.012225486285174657,0.014363951708142007
-1.3354741995058896,-0.007375489575801255,-0.012386890847645667,0.014416411181505644
-1.332987282933253,-0.007207219946175767,-0.012546190780825178,0.01446896411155327
-1.3305003663606163,-0.007035811657393171,-0.012703326924022056,0.014521610124806867
-1.3280134497879796,-0.006861289952244905,-0.012858240331915564,0.014574348844530823
-1.325526533215343,-0.00668368114967181,-0.013010872293789829,0.014627179890730342
-1.3230396166427063,-0.006503012644133661,-0.013161164352823143,0.014680102880149884
-1.3205527000700696,-0.006319312904637697,-0.013309058325426086,0.014733117426271805
-1.318065783497433,-0.006132611473423908,-0.013454496320622546,0.014786223139315062
-1.3155788669247963,-0.005942938964305761,-0.013597420759467375,0.01483941962623397
-1.3130919503521596,-0.005750327060663813,-0.013737774394495163,0.014892706490717176
-1.310605033779523,-0.0055548085130915515,-0.013875500329193371,0.014946083333186649
-1.3081181172068863,-0.005356417136691408,-0.014010542037494033,0.014999549750796818
-1.3056312006342496,-0.0051551878080195864,-0.014142843383277788,0.015053105337433806
-1.303144284061613,-0.00495115646167866,-0.014272348639883841,0.015106749683714775
-1.3006573674889763,-0.004744360086556454,-0.01439900250961973,0.015160482376987389
-1.2981704509163396,-0.004534836721710745,-0.014522750143264316,0.015214303001329373
-1.295683534343703,-0.004322625451897844,-0.014643537159557962,0.015268211137548168
-1.2931966177710663,-0.004107766402745288,-0.01476130966467319,0.015322206363180763
-1.2907097011984296,-0.0038903007355674726,-0.01487601427165937,0.015376288252493516
-1.288222784625793,-0.003670270641823135,-0.014987598119855368,0.015430456376482226
-1.2857358680531563,-0.0034477193372152927,-0.015096008894263031,0.015484710302872212
-1.2832489514805197,-0.0032226910554322644,-0.015201194844875468,0.015539049596118534
-1.280762034907883,-0.0029952310415301193,-0.015303104805953349,0.015593473817406374
-1.2782751183352463,-0.002765385544956063,-0.015401688215242655,0.015647982524651424
-1.2757882017626097,-0.00253320181221321,-0.015496895133127285,0.015702575272500508
-1.273301285189973,-0.0022987280791663383,-0.015588676261709924,0.015757251612332216
-1.2708143686173363,-0.002062013562989069,-0.01567698296381453,0.01581201109225774
-1.2683274520446997,-0.0018231084537531977,-0.015761767281903618,0.015866853257121706
-1.265840535472063,-0.0015820639056598445,-0.01584298195690403,0.01592177764850327
-1.2633536188994263,-0.0013389320279138279,-0.0159205804469341,0.0159767838047172
-1.2608667023267897,-0.0010937658752416628,-0.015994516945925786,0.016031871260815136
-1.258379785754153,-0.000846619438053685,-0.016064746402135035,0.016087039548586958
-1.2558928691815163,-0.0005975476322521048,-0.016131224536533588,0.016142288196562264
-1.2534059526088797,-0.00034660628868524916,-0.016193907861075614,0.01619761673001194
-1.250919036036243,-9.385214224967556e-05,-0.016252753696832482,0.016253024670949922
-1.2484321194636063,0.0001606571793585514,-0.016307720191988874,0.016308511538134958
-1.2459452028909697,0.00041686316724198253,-0.016358766339693655,0.016364076847072587
-1.243458286318333,0.0006747064432477459,-0.016405851995758818,0.01641972011001721
-1.2409713697456963,0.0009341267722596792,-0.016448937896199722,0.016475440835974242
-1.2384844531730597,0.0011950630748343038,-0.016487985674610083,0.016531238530702402
-1.235997536600423,0.0014574534401795244,-0.016522957879365047,0.016587112696716165
-1.2335106200277863,0.0017212351394730607,-0.016553817990645665,0.016643062833288258
-1.2310237034551497,0.001986344639518935,-0.016580530437278244,0.01669908843645233
-1.228536786882513,0.0022527176167393775,-0.016603060613381904,0.01675518899900569
-1.2260498703098763,0.002520288971499827,-0.01662137489481791,0.016811364010512257
-1.2235629537372397,0.002788992842764422,-0.016635440655434094,0.01686761295730551
-1.221076037164603,0.0030587626230787917,-0.016645226283097985,0.016923935322491628
-1.2185891205919663,0.003329530973878139,-0.01665070119551213,0.016980330585952764
-1.2161022040193297,0.003601229841116761,-0.016651835855805187,0.017036798224350405
-1.213615287446693,0.0038737904712162334,-0.01664860178789237,0.01709333771112882
-1.2111283708740563,0.004147143427329382,-0.016640971591598913,0.01714994851651874
-1.2086414543014197,0.004421218605915796,-0.01662891895754026,0.017206630107541043
-1.206154537728783,0.00469594525362626,-0.016612418681752592,0.017263381948010578
-1.2036676211561463,0.004971251984492024,-0.016591446680067706,0.017320203498540243
-1.2011807045835097,0.005247066797415208,-0.016565980002225762,0.01737709421654498
-1.198693788010873,0.005523317093956522,-0.01653599684572001,0.017434053556246016
-1.1962068714382363,0.005799929696416373,-0.01650147656936739,0.01749108096867525
-1.1937199548655997,0.006076830866205275,-0.016462399706598848,0.017548175901679664
-1.191233038292963,0.006353946322498888,-0.016418747978463637,0.017605337799925933
-1.1887461217203263,0.006631201261174185,-0.01637050430634149,0.017662566104905124
-1.1862592051476897,0.006908520374021424,-0.01631765282435701,0.01771986025493755
-1.183772288575053,0.0071858278682276925,-0.016260178891490448,0.017777219685177693
-1.1812853720024163,0.007463047486127659,-0.01619806910337905,0.017834643827619307
-1.1787984554297797,0.007740102525215882,-0.016131311303803676,0.017892132111100606
-1.176311538857143,0.008016915858416549,-0.016059894595854763,0.01794968396130962
-1.1738246222845063,0.008293409954605197,-0.015983809352772393,0.018007298800789606
-1.1713377057118697,0.008569506899377225,-0.015903047228454998,0.018064976048944657
-1.168850789139233,0.00884512841605802,-0.015817601167631416,0.018122715122045368
-1.1663638725665963,0.00912019588694935,-0.015727465415691033,0.018180515433234706
-1.1638769559939597,0.009394630374806494,-0.015632635528166773,0.01823837639253393
-1.161390039421323,0.009668352644540246,-0.015533108379866172,0.018296297406848662
-1.1589031228486864,0.00994128318513853,-0.01542888217364515,0.0183542778799751
-1.1564162062760497,0.010213342231801514,-0.015319956448819935,0.018412317212606343
-1.153929289703413,0.010484449788284283,-0.015206332089212167,0.01847041480233885
-1.1514423731307764,0.010754525649441125,-0.01508801133082259,0.018528570043678978
-1.1489554565581397,0.011023489423965326,-0.014964997769128678,0.01858678232804973
-1.146468539985503,0.011291260557318291,-0.014837296366001625,0.01864505104379757
-1.1439816234128664,0.011557758354841238,-0.01470491345623864,0.018703375576199357
-1.1414947068402297,0.011822902005043842,-0.014567856753705682,0.018761755307469447
-1.139007790267593,0.012086610603062499,-0.014426135357087075,0.018820189616766902
-1.1365208736949564,0.012348803174281952,-0.014279759755237542,0.01887867788020278
-1.1340339571223197,0.012609398698113887,-0.01412874183213267,0.018937219470847665
-1.131547040549683,0.01286831613192493,-0.01397309487141435,0.0189958137587392
-1.1290601239770464,0.013125474435107897,-0.013812833560526936,0.019054460110889793
-1.1265732074044097,0.01338079259328905,-0.013647973994440874,0.019113157891294506
-1.124086290831773,0.013634189642664149,-0.013478533678960162,0.019171906460938977
-1.1215993742591364,0.013885584694456414,-0.013304531533610294,0.01923070517780752
-1.1191124576864997,0.014134896959489088,-0.013125987894103392,0.01928955339689135
-1.116625541113863,0.014382045772865394,-0.012942924514377308,0.019348450470196947
-1.1141386245412264,0.014626950618748155,-0.012755364568206064,0.019407395746754475
-1.1116517079685897,0.01486953115523232,-0.012563332650378109,0.01946638857262644
-1.109164791395953,0.015109707239302222,-0.012366854777440239,0.019525428290916396
-1.1066778748233164,0.015347398951866209,-0.012165958388004326,0.019584514241777786
-1.1041909582506797,0.015582526622861371,-0.011960672342614045,0.01964364576242292
-1.101704041678043,0.015815010856419932,-0.01175102692317,0.019702822187132138
-1.0992171251054064,0.016044772556090145,-0.011537053831910168,0.019762042847262948
-1.0967302085327697,0.016271732950103694,-0.011318786189944167,0.01982130707125948
-1.094243291960133,0.016495813616681468,-0.011096258535339168,0.019880614184661926
-1.0917563753874964,0.016716936509370135,-0.010869506820755631,0.019939963510116197
-1.0892694588148597,0.016935023982401102,-0.010638568410631386,0.019999354367383575
-1.086782542242223,0.017149998816064427,-0.01040348207791204,0.020058786073350706
-1.0842956256695864,0.017361784242088785,-0.01016428800032712,0.020118257942039523
-1.0818087090969497,0.017570303969020006,-0.00992102775620993,0.020177769284617366
-1.079321792524313,0.017775482207589777,-0.009673744319860431,0.020237319409407283
-1.0768348759516764,0.017977243696066156,-0.009422482056450179,0.020296907621898366
-1.0743479593790397,0.01817551372557779,-0.00916728671646845,0.020356533224756262
-1.071861042806403,0.01837021816540356,-0.008908205429708908,0.020416195517833833
-1.0693741262337664,0.01856128348821928,-0.008645286698796155,0.020475893798181884
-1.0668872096611297,0.018748636795292897,-0.008378580392252415,0.020535627360060062
-1.064400293088493,0.01893220584162032,-0.008108137737103172,0.020595395494947873
-1.0619133765158564,0.01911191906099289,-0.00783401131102263,0.02065519749155582
-1.0594264599432197,0.019287705590988365,-0.007556255034018751,0.02071503263583665
-1.056939543370583,0.019459495297877126,-0.007274924159657736,0.02077490021099677
-1.0544526267979464,0.019627218801434705,-0.006990075265829284,0.02083479949750778
-1.0519657102253097,0.019790807499652542,-0.006701766245052266,0.02089472977311804
-1.049478793652673,0.019950193593338404,-0.0064100562943220675,0.02095469031286453
-1.0469918770800364,0.020105310110597834,-0.006115005904500393,0.021014680389084727
-1.0445049605073997,0.020256090931188273,-0.00581667684924856,0.021074699271428573
-1.042018043934763,0.020402470810737375,-0.005515132173505413,0.0211347462268707
-1.0395311273621264,0.02054438540481695,-0.005210436181511122,0.02119482051972264
-1.0370442107894897,0.020681771292863988,-0.004902654424379005,0.021254921411645256
-1.034557294216853,0.020814566001940583,-0.004591853687215951,0.02131504816166127
-1.0320703776442164,0.020942708030323904,-0.0042781019757943215,0.02137520002616791
-1.0295834610715797,0.02106613687091795,-0.003961468502776916,0.02143537625894965
-1.027096544498943,0.02118479303447882,-0.0036420236734966993,0.021495576111191173
-1.0246096279263064,0.021298618072644653,-0.0033198390712946943,0.021555798831490336
-1.0221227113536697,0.021407554600762352,-0.0029949874424171764,0.021616043665871373
-1.019635794781033,0.02151154632050223,-0.0026675426804761717,0.021676309857798098
-1.0171488782083964,0.02161053804225271,-0.0023375798104746733,0.02173659664818737
-1.0146619616357597,0.021704475707286404,-0.002005174972400659,0.02179690327542258
-1.012175045063123,0.021793306409689482,-0.001670405404392559,0.021857228975367318
-1.0096881284904864,0.02187697841804606,-0.001333349425478975,0.02191757298137908
-1.0072012119178497,0.02195544119686947,-0.0009940864178971903,0.02197793452432327
-1.004714295345213,0.022028645427772078,-0.000652696808992908,0.0220383128325871
-1.0022273787725764,0.022096543030365845,-0.0003092620527055708,0.022098707132093796
-0.9997404621999397,0.022159087182885298,3.6135389356920314e-05,0.022159116646316826
-0.9972535456273031,0.022216232342525098,0.00038341206725010335,0.02221954059629432
-0.9947666290546664,0.022267934265484166,0.0007324835624273207,0.022279978200643515
-0.9922797124820297,0.022314150026708557,0.0010832645078722805,0.02234042867557544
-0.9897927959093931,0.022354838039325198,0.001435668608624667,0.02240089123490963
-0.9873058793367564,0.02238995807375875,0.0017896086626953043,0.022461365090088996
-0.9848189627641197,0.02241947127652401,0.0021449965823649164,0.02252184945019485
-0.9823320461914831,0.022443340188685986,0.002501743415861975,0.022582343521961937
-0.9798451296188464,0.022461528763980488,0.0028597593694150237,0.022642846509793767
-0.9773582130462097,0.02247400238658733,0.003218953829673031,0.022703357615777887
-0.9748712964735731,0.02248072788854915,0.003579235386489555,0.02276387603970138
-0.9723843799009364,0.022481673566828276,0.003940511856064505,0.022824400979066465
-0.9698974633282997,0.02247680919999459,0.004302690304437901,0.022884931629106202
-0.9674105467556631,0.02246610606453714,0.0046656770713298,0.022945467182800293
-0.9649236301830264,0.0224495369507926,0.005029377794320503,0.023006006830891067
-0.9624367136103897,0.022427076178483454,0.00539369743336496,0.023066549761899542
-0.9599497970377531,0.022398699611859304,0.005758540295634456,0.023127095162141568
-0.9574628804651164,0.022364384674434294,0.006123810060680377,0.023187642215744184
-0.9549759638924797,0.022324110363314196,0.006489409805912264,0.023248190104661965
-0.9524890473198431,0.022277857263106614,0.006855242032384284,0.023308738008693656
-0.9500021307472064,0.02222560755940773,0.007221208690882872,0.02336928510549872
-0.9475152141745697,0.022167345051859463,0.007587211208308891,0.02342983057061417
-0.9450282976019331,0.022103055166770687,0.007953150514347074,0.02349037357747142
-0.9425413810292964,0.022032724969296574,0.008318927068415395,0.02355091329741331
-0.9400544644566597,0.02195634317516991,0.008684440886887482,0.023611448899711205
-0.9375675478840231,0.021873900161978734,0.009049591570579978,0.023671979551582192
-0.9350806313113864,0.021785387979984416,0.009414278332498003,0.0237325044182065
-0.9325937147387497,0.02169080036247469,0.00977840002583033,0.023793022662744863
-0.9301067981661131,0.021590132735646136,0.010141855172186845,0.02385353344635616
-0.9276198815934764,0.021483382228010734,0.010504541990070431,0.023914035928215054
-0.9251329650208397,0.02137054767932143,0.010866358423574782,0.023974529265529808
-0.9226460484482031,0.02125162964901143,0.011227202171300492,0.024035012613560162
-0.9201591318755664,0.021126630424142534,0.011586970715480914,0.024095485125635408
-0.9176722153029298,0.020995554026857582,0.011945561351309234,0.02415594595317245
-0.9151852987302931,0.020858406221332358,0.012302871216458738,0.024216394245694082
-0.9126983821576564,0.020715194520222607,0.012658797320787242,0.024276829150847334
-0.9102114655850198,0.02056592819060164,0.013013236576217196,0.02433724981442193
-0.9077245490123831,0.02041061825938445,0.013366085826782727,0.024397655380368827
-0.9052376324397464,0.02024927751823424,0.013717241878834725,0.024458044990818946
-0.9027507158671098,0.020081920527947467,0.014066601531394874,0.02451841778610191
-0.9002637992944731,0.019908563622313802,0.014414061606649648,0.024578772904764956
-0.8977768827218364,0.019729224911447123,0.014759518980575353,0.02463910948359193
-0.8952899661491998,0.019543924284584534,0.0151028706136845,0.024699426657622398
-0.8928030495765631,0.01935268341234975,0.01544401358188482,0.02475972356017086
-0.8903161330039264,0.01915552574847812,0.01578284510744088,0.024819999322846058
-0.8878292164312898,0.01895247653100008,0.016119262590029403,0.024880253075570395
-0.8853422998586531,0.018743562782880335,0.016453163637878607,0.024940483946599507
-0.8828553832860164,0.018528813312110495,0.016784446098981505,0.025000691062541824
-0.8803684667133798,0.018308258711252193,0.017113008092374305,0.025060873548378364
-0.8778815501407431,0.018081931356428858,0.017438748039469605,0.025121030527482546
-0.8753946335681064,0.017849865405764,0.01776156469543465,0.025181161121640143
-0.8729077169954698,0.017612096797263915,0.018081357180605138,0.0252412644510693
-0.8704208004228331,0.017368663246143393,0.018398025011924182,0.025301339634440704
-0.8679338838501964,0.01711960424159254,0.018711468134397048,0.025361385788897843
-0.8654469672775598,0.016864961042983632,0.019021586952551094,0.025421402030077287
-0.8629600507049231,0.01660477667551673,0.019328282361891318,0.02548138747212921
-0.8604731341322864,0.016339095925302957,0.01963145578034116,0.025541341227737865
-0.8579862175596498,0.01606796533388467,0.019931009179658718,0.02560126240814229
-0.8554993009870131,0.01579143319219198,0.02022684511681783,0.02566115012315699
-0.8530123844143764,0.015509549533935138,0.020518866765344146,0.0257210034811928
-0.8505254678417398,0.015222366128432231,0.020806977946596042,0.025780821589277848
-0.8480385512691031,0.014929936472872654,0.021091083160979678,0.025840603553078507
-0.8455516346964664,0.014632315784015963,0.02137108761908856,0.025900348476920593
-0.8430647181238298,0.014329560989326546,0.021646897272756913,0.025960055463810548
-0.8405778015511931,0.014021730717544876,0.021918418846016606,0.026019723615456743
-0.8380908849785564,0.013708885288695495,0.022185559865947606,0.026079352032290927
-0.8356039684059198,0.013391086703533034,0.022448228693411357,0.02613893981348969
-0.8331170518332831,0.013068398632427149,0.022706334553656865,0.026198486056996033
-0.8306301352606464,0.012740886403687559,0.022959787566789312,0.026257989859541104
-0.8281432186880098,0.01240861699133063,0.023208498778090798,0.02631745031666596
-0.8256563021153731,0.012071659002289252,0.023452380188182798,0.02637686652274337
-0.8231693855427364,0.011730082663067774,0.02369134478302025,0.026436237570999846
-0.8206824689700998,0.011383959805843741,0.023925306563706956,0.02649556255353762
-0.8181955523974631,0.011033363854019136,0.024154180576121915,0.02655484056135682
-0.8157086358248264,0.010678369807222912,0.024377882940346547,0.026614070684377635
-0.8132217192521898,0.010319054225768011,0.024596330879882413,0.026673252011462676
-0.8107348026795531,0.00995549521456511,0.024809442750649408,0.026732383630439307
-0.8082478861069164,0.00958777240649618,0.025017138069754325,0.026791464628122156
-0.8057609695342798,0.009215966945251498,0.025219337544019293,0.026850494090335644
-0.8032740529616431,0.008840161467632644,0.02541596309826063,0.026909471101936637
-0.8007871363890064,0.008460440085325496,0.025606937903307633,0.02696839474683719
-0.7983002198163698,0.008076888366147101,0.02579218640375139,0.0270272641080273
-0.7958133032437331,0.007689593314769712,0.025971634345413944,0.027086078267597846
-0.7933263866710965,0.00729864335292686,0.02614520880252754,0.027144836306763523
-0.7908394700984598,0.00690412829910499,0.026312838204614553,0.027203537305885893
-0.7883525535258231,0.0065061393477257165,0.026474452363058017,0.027262180344496536
-0.7858656369531865,0.006104769047823117,0.02662998249735322,0.0273207645013202
-0.7833787203805498,0.005700111281220819,0.026779361261030726,0.027379288854298134
-0.7808918038079131,0.005292261240213997,0.026922522767241327,0.027437752480611435
-0.7784048872352765,0.00488131540476159,0.027059402613993273,0.027496154456704464
-0.7759179706626398,0.0044673715191940674,0.027189937909032572,0.027554493858308358
-0.7734310540900031,0.004050528568442033,0.027314067294357022,0.027612769760464614
-0.7709441375173665,0.0036308867537920074,0.027431730970354666,0.0276709812375488
-0.7684572209447298,0.0032085474681747285,0.027542870719557508,0.02772912736329416
-0.7659703043720931,0.002783613270992342,0.027647429930001726,0.027787207210815557
-0.7634833877994565,0.002356187862490977,0.027745353618184986,0.027845219852633246
-0.7609964712268198,0.0019263760576845917,0.02783658845161243,0.027903164360696852
-0.7585095546541831,0.0014942837598373104,0.027921082770922378,0.027961039806409415
-0.7560226380815465,0.0010600179335107942,0.02799878661158305,0.028018845260651386
-0.7535357215089098,0.000623686577183374,0.02806965172515207,0.028076579793804863
-0.7510488049362731,0.00018539869544869492,0.028133631600090015,0.02813424247577776
-0.7485618883636365,-0.00025473572919959325,0.028190681482119843,0.028191832376028087
-0.7460749717909998,-0.0006966057649888386,0.02824075839412417,0.028249348563588333
-0.7435880552183631,-0.0011400995598872567,0.028283821155572035,0.028306790107089842
-0.7411011386457265,-0.0015851043710140816,0.02831983040146752,0.028364156074787275
-0.7386142220730898,-0.0020315065944328564,0.02834874860081227,0.028421445534583204
-0.7361273055004531,-0.002479191795318985,0.02837054007457427,0.02847865755405268
-0.7336403889278165,-0.002928044738493903,0.02838517101315539,0.02853579120046786
-0.7311534723551798,-0.003377949419317356,0.028392609493350242,0.028592845540822774
-0.7286665557825431,-0.0038287890949286404,0.028392825494789223,0.028649819641858087
-0.7261796392099065,-0.004280446315829061,0.028385790915858522,0.028706712570085953
-0.7236927226372698,-0.004732802957796156,0.02837147958909012,0.02876352339181487
-0.7212058060646331,-0.00518574025412063,0.02834986729601513,0.028820251173174657
-0.7187188894919965,-0.005639138828157447,0.028320931781473713,0.028876894980141492
-0.7162319729193598,-0.006092878726181068,0.02828465276737504,0.028933453878562894
-0.7137450563467231,-0.006546839450536227,0.02824101196590105,0.02898992693418291
-0.7112581397740865,-0.007000899993074091,0.028189993092147852,0.029046313212667253
-0.7087712232014498,-0.007454938868864428,0.028131581876198634,0.029102611779628525
-0.7062843066288131,-0.007908834150174106,0.028065766074622373,0.029158821700651493
-0.7037973900561765,-0.008362463500701904,0.027992535481392546,0.029214942041318376
-0.7013104734835398,-0.008815704210059555,0.0279118819382205,0.029270971867234295
-0.6988235569109031,-0.009268433228488934,0.027823799344298017,0.029326910244052585
-0.6963366403382665,-0.00972052720180546,0.027728283665443953,0.029382756237500352
-0.6938497237656298,-0.010171862506556733,0.02762533294265008,0.029438508913403924
-0.6913628071929931,-0.010622315285386584,0.027514947300021204,0.029494167337714445
-0.6888758906203565,-0.01107176148259368,0.02739712895210502,0.029549730576533456
-0.6863889740477198,-0.011520076879873801,0.02727188221060737,0.029605197696138518
-0.6839020574750831,-0.011967137132235782,0.02713921349048846,0.029660567763008974
-0.6814151409024465,-0.012412817804079162,0.0269991313154363,0.029715839843851594
-0.6789282243298098,-0.012856994405423684,0.02685164632271323,0.029771013005626377
-0.6764413077571731,-0.013299542428279064,0.02669677126737199,0.029826086315572375
-0.6739543911845365,-0.013740337383143772,0.02653452102583803,0.029881058841233505
-0.6714674746118998,-0.01417925483562226,0.02636491259885452,0.029935929650484465
-0.6689805580392632,-0.014616170443148575,0.026187965113787258,0.029990697811556645
-0.6664936414666265,-0.01505095999180586,0.02600369982628641,0.030045362393064063
-0.6640067248939898,-0.015483499433229521,0.02581214012130266,0.030099922464029392
-0.6615198083213532,-0.01591366492158337,0.025613311513455046,0.030154377093909963
-0.6590328917487165,-0.01634133285059648,0.025407241646748527,0.03020872535262381
-0.6565459751760798,-0.016766379890649746,0.025193960293639038,0.03026296631057578
-0.6540590586034432,-0.017188683025900413,0.024973499353444176,0.03031709903868366
-0.6515721420308065,-0.01760811959143226,0.024745892850098296,0.030371122608404296
-0.6490852254581698,-0.018024567310420802,0.02451117692924996,0.03042503609175979
-0.6465983088855332,-0.018437904331300697,0.02426938985470121,0.030478838561363703
-0.6441113923128965,-0.018848009264924165,0.02402057200418721,0.03053252909044728
-0.6416244757402598,-0.019254761221698474,0.023764765864495673,0.03058610675288573
-0.6391375591676232,-0.01965803984869019,0.023502016025925682,0.030639570623224456
-0.6366506425949865,-0.020057725366685052,0.023232369176085198,0.030692919776705418
-0.6341637260223498,-0.020453698607190766,0.02295587409302752,0.030746153289293435
-0.6316768094497132,-0.020845841049371233,0.02267258163772661,0.030799270237702524
-0.6291898928770765,-0.02123403485690017,0.022382544745891582,0.030852269699422282
-0.6267029763044398,-0.021618162914722128,0.02208581841912098,0.030905150752744286
-0.6242160597318032,-0.021998108865708795,0.021782459715397603,0.03095791247678847
-0.6217291431591665,-0.022373757147198813,0.021472527738924822,0.031010553951529563
-0.6192422265865298,-0.022744993027409118,0.02115608362930555,0.031063074257823547
-0.6167553100138932,-0.023111702641705534,0.020833190550065498,0.03111547247743407
-0.6142683934412565,-0.02347377302872121,0.02050391367652196,0.03116774769305898
-0.6117814768686198,-0.023831092166310252,0.020168320183000472,0.03121989898835674
-0.6092945602959832,-0.024183549007325354,0.019826479229401058,0.031271925447972956
-0.6068076437233465,-0.024531033515206947,0.019478461947116495,0.031323826157566896
-0.6043207271507098,-0.024873436699372278,0.019124341424305226,0.03137560020383796
-0.6018338105780732,-0.02521065065039244,0.01876419269052154,0.03142724667455224
-0.5993468940054365,-0.025542568574945808,0.018398092700705887,0.03147876465856906
-0.5968599774327998,-0.025869084830535592,0.018026120318538903,0.031530153245867484
-0.5943730608601632,-0.02619009495996033,0.01764835629916205,0.03158141152757287
-0.5918861442875265,-0.02650549572552534,0.01726488327126885,0.03163253859598343
-0.5893992277148898,-0.02681518514298346,0.016875785718570485,0.03168353354459676
-0.5869123111422532,-0.027119062515193693,0.01648114996063973,0.031734395468136445
-0.5844253945696165,-0.027417028465486167,0.016081064133137486,0.03178512346257852
-0.5819384779969798,-0.0277089849707218,0.015675618167426644,0.031835716625178125
-0.5794515614243432,-0.02799483539403563,0.01526490376957762,0.031886174054496015
-0.5769646448517065,-0.02827448451725206,0.014849014398770831,0.031936494850425115
-0.5744777282790698,-0.028547838572961174,0.014428045245101015,0.03198667811421705
-0.5719908117064332,-0.02881480527624482,0.014002093206788769,0.03203672294850874
-0.5695038951337965,-0.02907529385604121,0.013571256866805086,0.032086628457348894
-0.5670169785611598,-0.029329215086137412,0.013135636468914313,0.032136393746224574
-0.5645300619885232,-0.029576481315778592,0.012695333893141649,0.03218601792208771
-0.5620431454158865,-0.029817006499883208,0.012250452630671588,0.032235500093381615
-0.5595562288432498,-0.030050706228853606,0.01180109775818329,0.032284839370067486
-0.5570693122706132,-0.030277497757971377,0.011347375911629707,0.03233403486365097
-0.5545823956979765,-0.030497300036366803,0.010889395259467333,0.032383085687208504
-0.5520954791253398,-0.03071003373555241,0.010427265475343287,0.032431990955413964
-0.5496085625527032,-0.03091562127751001,0.00996109771024708,0.032480749784565
-0.5471216459800665,-0.03111398686232124,0.009491004564134594,0.03252936129260952
-0.5446347294074299,-0.03130505649533167,0.009017100057031498,0.032577824599172134
-0.5421478128347932,-0.03148875801383839,0.008539499599624205,0.032626138825580527
-0.5396608962621565,-0.03166502111329156,0.008058319963346168,0.032674303094891916
-0.5371739796895199,-0.031833777373000124,0.007573679249967485,0.03272231653191936
-0.5346870631168832,-0.03199496028133222,0.007085696860696687,0.03277017826325809
-0.5322001465442465,-0.03214850526040114,0.006594493464802519,0.03281788741731196
-0.5297132299716099,-0.03229434969022738,0.006100190967764924,0.03286544312431966
-0.5272263133989732,-0.032432432932367875,0.005602912478963932,0.03291284451638099
-0.5247393968263365,-0.0325626963530035,0.005102782278915502,0.03296009072748316
-0.5222524802536999,-0.03268508334547622,0.004599925786063339,0.033007180893527055
-0.5197655636810632,-0.032799539352266996,0.004094469523136597,0.03305411415235335
-0.5172786471084265,-0.03290601188640641,0.0035865410830823756,0.033100889643768755
-0.5147917305357899,-0.033004450552309474,0.003076269094583161,0.03314750650957216
-0.5123048139631532,-0.03309480706602668,0.0025637831871690654,0.033193963893580716
-0.5098178973905165,-0.033177035274903365,0.002049213955934574,0.03324026094165597
-0.5073309808178799,-0.03325109117663958,0.0015326929258705087,0.03328639680172986
-0.5048440642452432,-0.03331693293774304,0.0010143525158210506,0.03333237062383082
-0.5023571476726065,-0.033374520911367625,0.0004943260020765311,0.03337818156010965
-0.49987023109996986,-0.033423817654530376,-2.7252518387158343e-05,0.03342382876486557
-0.4973833145273332,-0.03346478794469992,-0.0005502481650121504,0.03346931139457208
-0.49489639795469653,-0.03349739879574945,-0.0010745253110940713,0.03351462860790283
-0.49240948138205987,-0.03352161947326782,-0.0015999476215381432,0.03355977956575749
-0.4899225648094232,-0.03353742150922207,-0.0021263780909251302,0.0336047634312875
-0.48743564823678653,-0.033544778715965416,-0.0026536790818756,0.033649579369921856
-0.48494873166414987,-0.033543667199584466,-0.0031817123637008513,0.03369422654939278
-0.4824618150915132,-0.033534065372579996,-0.003710339151329343,0.03373870413976145
-0.47997489851887654,-0.033515953965875575,-0.004239420144496745,0.03378301131344356
-0.47748798194623987,-0.03348931604014857,-0.004768815567187589,0.033827147245234904
-0.4750010653736032,-0.033454136996478576,-0.005298385207317232,0.033871111112336934
-0.47251414880096654,-0.03341040458630796,-0.005827988456641262,0.03391490209438222
-0.47002723222832987,-0.03335810892070999,-0.006357484350881086,0.03395851937345987
-0.4675403156556932,-0.03329724247895992,-0.0068867316100528235,0.034001962134140924
-0.46505339908305654,-0.0332278001164046,-0.007415588678987617,0.034045229563503705
-0.4625664825104199,-0.03314977907162665,-0.007943913768030659,0.03408832085115903
-0.4600795659377832,-0.03306317897289922,-0.008471564893906623,0.034131235189275466
-0.45759264936514654,-0.03296800184392766,-0.008998399920738984,0.03417397177260456
-0.4551057327925099,-0.03286425210887466,-0.009524276601210387,0.03421652979850581
-0.4526188162198732,-0.03275193659666575,-0.010049052617851295,0.03425890846697187
-0.45013189964723654,-0.03263106454457195,-0.010572585624444578,0.034301106980653445
-0.4476449830745999,-0.03250164760106709,-0.011094733287532495,0.03434312454488426
-0.4451580665019632,-0.03236369982795706,-0.011615353328013745,0.034384960367705934
-0.44267114992932655,-0.032217237701778846,-0.012134303562817183,0.0344266136598928
-0.4401842333566899,-0.032062280114467184,-0.012651441946639553,0.0344680836349767
-0.4376973167840532,-0.03189884837328709,-0.013166626613733672,0.03450936950927154
-0.43521040021141655,-0.031726966200030765,-0.013679715919734402,0.034550470501898085
-0.4327234836387799,-0.03154665972947731,-0.014190568483508947,0.03459138583480839
-0.4302365670661432,-0.031357957507114405,-0.014699043229018357,0.034632114732810394
-0.42774965049350655,-0.03116089048612087,-0.015204999427177023,0.034672656423592234
-0.4252627339208699,-0.030955492023609733,-0.015708296737696865,0.034713010137746685
-0.4227758173482332,-0.030741797876131197,-0.016208795250902908,0.034753175108795414
-0.42028890077559655,-0.030519846194435502,-0.01670635552950699,0.03479315057321323
-0.4178019842029599,-0.030289677517495762,-0.01720083865032623,0.034832935770452156
-0.4153150676303232,-0.030051334765791148,-0.017692106245932974,0.03487252994296554
-0.41282815105768655,-0.02980486323385103,-0.01818002054622282,0.0349119323362321
-0.4103412344850499,-0.029550310582060795,-0.018664444419887474,0.034951142198779754
-0.4078543179124132,-0.029287726827730634,-0.019145241415779,0.03499015878220949
-0.40536740133977656,-0.0290171643354285,-0.01962227580415225,0.03502898134121919
-0.4028804847671399,-0.028738677806578742,-0.020095412617772146,0.03506760913362725
-0.4003935681945032,-0.02845232426832851,-0.020564517692872326,0.03510604142039621
-0.39790665162186656,-0.028158163061683613,-0.0210294577099523,0.03514427746565628
-0.3954197350492299,-0.027856255828916553,-0.02149010023439944,0.03518231653672882
-0.3929328184765932,-0.027546666500248812,-0.021946313756922905,0.03522015790414963
-0.39044590190395656,-0.027229461279810824,-0.022397967733786057,0.035257800841692305
-0.3879589853313199,-0.026904708630881926,-0.022844932626824667,0.035295244626391394
-0.38547206875868323,-0.026572479260414193,-0.0232870799432372,0.03533248853856551
-0.38298515218604656,-0.026232846102843394,-0.023724282275134758,0.035369531861840345
-0.3804982356134099,-0.025885884303190804,-0.02415641333883733,0.03540637388317163
-0.37801131904077323,-0.025531671199459992,-0.024583348013903588,0.035443013892867976
-0.37552440246813656,-0.02517028630433284,-0.025004962381881192,0.03547945118461359
-0.3730374858954999,-0.02480181128616916,-0.02542113376476507,0.035515685055491
-0.37055056932286323,-0.024426329949314724,-0.02583174076315076,0.03555171480600358
-0.36806365275022657,-0.024043928213722608,-0.02623666329407024,0.03558753974009806
-0.3655767361775899,-0.02365469409389314,-0.02663578262849763,0.03562315916518689
-0.36308981960495323,-0.023258717677137622,-0.027028981428512504,0.03565857239217055
-0.36060290303231657,-0.02285609110117194,-0.02741614378410805,0.03569377873545974
-0.3581159864596799,-0.02244690853104542,-0.027797155249632152,0.035728777512997446
-0.35562906988704324,-0.02203126613541142,-0.028171902879849043,0.03576356804628102
-0.35314215331440657,-0.02160926206214584,-0.02854027526560938,0.035798149660383985
-0.3506552367417699,-0.02118099641332017,-0.028902162569116964,0.035832521683977915
-0.34816832016913324,-0.02074657121953585,-0.02925745655877997,0.03586668344935409
-0.3456814035964966,-0.020306090413626906,-0.02960605064363523,0.0359006342924451
-0.3431944870238599,-0.019859659803738237,-0.029947839907333653,0.03593437355284634
-0.34070757045122324,-0.019407387045786782,-0.030282721141675562,0.035967900573837454
-0.3382206538785866,-0.018949381615313534,-0.030610592879684224,0.03600121470240354
-0.3357337373059499,-0.018485754778733886,-0.030931355428206714,0.03603431528925637
-0.33324682073331324,-0.018016619563994793,-0.03124491090003075,0.03606720168885549
-0.3307599041606766,-0.017542090730646786,-0.031551163245506546,0.036099873259429135
-0.3282729875880399,-0.01706228473933944,-0.03185001828366294,0.03613232936299512
-0.32578607101540324,-0.016577319720748936,-0.032141383732807234,0.036164569365381594
-0.3232991544427666,-0.016087315443946783,-0.032425169240597795,0.03619659263624766
-0.3208122378701299,-0.015592393284218607,-0.032701286413579604,0.036228398549103875
-0.31832532129749325,-0.015092676190342385,-0.03296964884617224,0.03625998648133276
-0.3158384047248566,-0.014588288651335608,-0.03323017214910017,0.03629135581420898
-0.3133514881522199,-0.014079356662681237,-0.033482773977255756,0.036322505932919635
-0.31086457157958325,-0.013566007692041858,-0.03372737405698505,0.03635343622658423
-0.3083776550069466,-0.013048370644472623,-0.033963894212786956,0.03638414608827475
-0.3058907384343099,-0.012526575827142854,-0.03419225839341637,0.03641463491503536
-0.30340382186167325,-0.01200075491357687,-0.03441239269738211,0.03644490210790224
-0.3009169052890366,-0.01147104090742446,-0.034624225397830784,0.036474947071923156
-0.2984299887163999,-0.010937568105772035,-0.03482768696680754,0.03650476921617691
-0.29594307214376325,-0.010400472062005088,-0.035022710098885385,0.036534367953792724
-0.2934561555711266,-0.009859889548233145,-0.035209229734154475,0.03656374270196946
-0.2909692389984899,-0.009315958517288565,-0.03538718308056325,0.03659289288199477
-0.28848232242585325,-0.0087688180643104,-0.03555650963560338,0.036621817919264096
-0.2859954058532166,-0.008218608387924953,-0.03571715120733065,0.03665051724329947
-0.2835084892805799,-0.0076654707510347645,-0.03586905193471432,0.03667899028776832
-0.28102157270794326,-0.007109547441227808,-0.03601215830730756,0.036707236490502115
-0.2785346561353066,-0.006550981730818888,-0.03614641918423152,0.03673525529351474
-0.2760477395626699,-0.005989917836535409,-0.036271785812466525,0.03676304614302102
-0.27356082299003326,-0.005426500878859726,-0.03638821184444324,0.03679060848945481
-0.2710739064173966,-0.004860876841040425,-0.036495653354927535,0.0368179417874872
-0.2685869898447599,-0.004293192527785216,-0.03659406885719261,0.036845045496044435
-0.26610007327212326,-0.0037235955236477876,-0.03668341931847242,0.036871919078325786
-0.2636131566994866,-0.0031522341511216055,-0.03676366817469052,0.03689856200182129
-0.26112624012684993,-0.0025792574284535037,-0.03683478134445855,0.03692497373832924
-0.25863932355421326,-0.0020048150271898316,-0.036896727242339326,0.03695115376397375
-0.2561524069815766,-0.0014290572294684562,-0.03694947679136907,0.03697710155922199
-0.25366549040893993,-0.0008521348850696852,-0.03699300343483394,0.03700281660890139
-0.25117857383630326,-0.00027419936823950555,-0.03702728314729639,0.037028298402216685
-0.2486916572636666,0.00030459746570184437,-0.037052294444866615,0.0370535464327668
-0.24620474069102993,0.000884103323952057,-0.037068018394715116,0.037078560198561664
-0.24371782411839327,0.0014641655200063838,-0.03707443862382239,0.0371033392020388
-0.2412309075457566,0.0020446310176113233,-0.037071541326961964,0.03712788295007981
-0.23874399097311994,0.0026253464748782285,-0.037059315273913436,0.037152190954026776
-0.23625707440048327,0.0032061582885434168,-0.03703775181590224,0.03717626272969844
-0.2337701578278466,0.0037869126383608463,-0.037006844891263206,0.03720009779740627
-0.23128324125520994,0.004367455531613609,-0.03696659103032519,0.037223695681970384
-0.22879632468257327,0.004947632847730007,-0.0369169893595144,0.037247055912735395
-0.2263094081099366,0.005527290382990671,-0.03685804160467409,0.037270178023585926
-0.22382249153729994,0.00610627389531227,-0.036789752093598846,0.037293061552962276
-0.22133557496466327,0.006684429149094044,-0.036712127757781605,0.037315706043875636
-0.2188486583920266,0.007261601960112916,-0.03662517813337207,0.03733811104392336
-0.21636174181938994,0.007837638240453089,-0.036528915361345435,0.03736027610530403
-0.21387482524675328,0.008412384043455963,-0.036423354186880245,0.037382200784832335
-0.2113879086741166,0.008985685608676191,-0.03630851195794505,0.03740388464395388
-0.20890099210147994,0.009557389406829674,-0.03618440862309317,0.03742532724875976
-0.20641407552884328,0.010127342184719283,-0.03605106672846572,0.037446528170001055
-0.2039271589562066,0.010695391010124084,-0.035908511414002725,0.03746748698310319
-0.20144024238356995,0.011261383316637875,-0.03575677040886289,0.03748820326818001
-0.19895332581093328,0.01182516694844277,-0.03559587402605266,0.03750867661004789
-0.1964664092382966,0.012386590205003642,-0.03542585515626539,0.03752890659823954
-0.19397949266565995,0.012945501885669232,-0.03524674926093183,0.03754889282701774
-0.19149257609302328,0.013501751334165774,-0.03505859436448341,0.03756863489538893
-0.18900565952038662,0.01405518848296881,-0.03486143104582985,0.037588132407116594
-0.18651874294774995,0.014605663897539365,-0.034655302429053174,0.03760738497073445
-0.18403182637511328,0.015153028820410055,-0.03444025417332035,0.037626392199559704
-0.18154490980247662,0.015697135215107225,-0.03421633446201681,0.03764515371170582
-0.17905799322983995,0.0162378358098952,-0.03398359399110384,0.03766366913009543
-0.17657107665720329,0.01677498414132833,-0.03374208595670257,0.0376819380824729
-0.17408416008456662,0.017308434597597303,-0.033491866041908014,0.03769996020141685
-0.17159724351192995,0.017838042461655514,-0.03323299240283639,0.03771773512435239
-0.1691103269392933,0.018363663954111948,-0.03296552565390977,0.03773526249356341
-0.16662341036665662,0.018885156275876547,-0.03268952885238171,0.03775254195620443
-0.16413649379401996,0.019402377650544676,-0.03240506748210842,0.037769573164312516
-0.1616495772213833,0.01991518736650689,-0.032112209436569755,0.037786355774818974
-0.15916266064874662,0.02042344581877044,-0.03181102500114488,0.03780288944956081
-0.15667574407610996,0.02092701455047934,-0.031501586834647564,0.03781917385529217
-0.1541888275034733,0.02142575629411925,-0.0311839699501263,0.03783520866369539
-0.15170191093083663,0.02191953501239431,-0.030858251694934922,0.0378509935513922
-0.14921499435819996,0.022408215938762466,-0.030524511730079154,0.03786652819995448
-0.1467280777855633,0.022891665617616325,-0.030182832008845355,0.03788181229591501
-0.14424116121292663,0.023369751944096694,-0.029833296754717423,0.03789684553077795
-0.14175424464028996,0.02384234420352576,-0.029475992438588585,0.03791162760102934
-0.1392673280676533,0.024309313110447303,-0.029111007755274396,0.037926158208147195
-0.13678041149501663,0.024770530847261323,-0.028738433599334257,0.0379404370586116
-0.13429349492237996,0.02522587110244061,-0.02835836304020829,0.03795446386391461
-0.1318065783497433,0.025675209108316777,-0.02797089129667716,0.03796823834056991
-0.12931966177710663,0.026118421678423747,-0.027576115710652282,0.03798176021012242
-0.12683274520446997,0.02655538724438639,-0.027174135720304412,0.03799502919915766
-0.1243458286318333,0.026985985892342513,-0.026765052832538556,0.03800804503931094
-0.12185891205919663,0.027410099398886386,-0.026348970594823478,0.03802080746727644
-0.11937199548655997,0.027827611266521998,-0.02592599456638442,0.03803331622481606
-0.1168850789139233,0.02823840675861483,-0.025496232288767545,0.03804557105876815
-0.11439816234128664,0.02864237293383052,-0.02505979325578516,0.03805757172105602
-0.11191124576864997,0.02903939868004944,-0.024616788882850873,0.03806931796869636
-0.1094243291960133,0.029429374747746057,-0.024167332475713805,0.03808080956380739
-0.10693741262337664,0.029812193782822297,-0.02371153919860164,0.0380920462736169
-0.10445049605073997,0.03018775035888429,-0.02324952604178211,0.038103027870470124
-0.1019635794781033,0.03055594100895179,-0.022781411788552825,0.038113754131837436
-0.09947666290546664,0.030916664256590266,-0.02230731698166964,0.03812422484032184
-0.09698974633282997,0.031269820646455254,-0.02182736388922381,0.0381344397836663
-0.09450282976019331,0.03161531277423924,-0.0213416764699785,0.03814439875476095
-0.09201591318755664,0.03195304531601119,-0.0208503803381752,0.03815410155165009
-0.08952899661491998,0.032282925056939214,-0.020353602727821083,0.03816354797753898
-0.08704208004228331,0.03260486091938703,-0.01985147245646809,0.038172737840800504
-0.08455516346964664,0.03291876399037505,-0.01934411988849526,0.03818167095498167
-0.08206824689700998,0.03322454754839713,-0.018831676897905384,0.038190347138809894
-0.07958133032437331,0.033522127089584276,-0.01831427683064766,0.03819876621619915
-0.07709441375173665,0.03381142035320667,-0.017792054466478052,0.038206928016255894
-0.07460749717909998,0.03409234734650581,-0.01726514598036918,0.03821483237328485
-0.07212058060646331,0.03436483036884873,-0.016733688903481696,0.038222479126794676
-0.06963366403382665,0.03462879403519606,-0.016197822083709387,0.038229868121503294
-0.06714674746118998,0.03488416529887676,-0.015657685645810247,0.03823699920734326
-0.06465983088855332,0.0351308734736616,-0.015113420951135924,0.038243872239466736
-0.06217291431591665,0.03536885025512866,-0.014565170556972262,0.03825048707825047
-0.059685997743279984,0.03559802974131337,-0.014013078175503405,0.038256843589300475
-0.05719908117064332,0.035818348452636775,-0.013457288632412537,0.03826294164345662
-0.05471216459800665,0.03602974535110523,-0.012897947825132039,0.038268781116796984
-0.052225248025369986,0.03623216185877534,-0.01233520268075623,0.038274361890642025
-0.04973833145273332,0.03642554187547817,-0.011769201113629849,0.038279683851558645
-0.047251414880096654,0.03660983179579681,-0.011200091982625572,0.038284746891364047
-0.04476449830745999,0.036784980525291805,-0.01062802504812398,0.03828955090712932
-0.04227758173482332,0.03695093949596911,-0.010053150928709483,0.03829409580118301
-0.039790665162186656,0.037107662680985594,-0.0094756210575958,0.03829838148111436
-0.03730374858954999,0.03725510660858716,-0.008895587638794663,0.03830240785977654
-0.034816832016913324,0.03739323037527497,-0.008313203603041571,0.03830617485528945
-0.03232991544427666,0.03752199565819548,-0.007728622563492424,0.03830968239104267
-0.029842998871639992,0.03764136672675021,-0.0071419987712049784,0.03831293039569789
-0.027356082299003326,0.037751310453421505,-0.006553487070419151,0.03831591880319148
-0.02486916572636666,0.03785179632381054,-0.00596324285365025,0.038318647552736625
-0.022382249153729994,0.0379427964458846,-0.005371422016609262,0.03832111658882538
-0.019895332581093328,0.03802428555843032,-0.00477818091296442,0.038323325861230655
-0.017408416008456662,0.03809624103871029,-0.0041836763089583015,0.03832527532500781
-0.014921499435819996,0.03815864290932039,-0.00358806533789476,0.038326964940496255
-0.01243458286318333,0.038211473844245746,-0.002991505454510043,0.03832839467332072
-0.009947666290546664,0.03825471917411321,-0.002394154389242495,0.038329564494392496
-0.007460749717909998,0.03828836689063865,-0.0017961701024152513,0.038330474379910356
-0.004973833145273332,0.038312407650267735,-0.0011977107383464019,0.03833112431136144
-0.002486916572636666,0.03832683477700876,-0.0005989345794010816,0.03833151427552179
0.0,0.038331644264456864,0.0,0.038331644264456864
0.002486916572636666,0.03832683477700876,0.0005989345794010816,0.03833151427552179
0.004973833145273332,0.038312407650267735,0.0011977107383464019,0.03833112431136144
0.007460749717909998,0.03828836689063865,0.0017961701024152513,0.038330474379910356
0.009947666290546664,0.03825471917411321,0.002394154389242495,0.038329564494392496
0.01243458286318333,0.038211473844245746,0.002991505454510043,0.03832839467332072
0.014921499435819996,0.03815864290932039,0.00358806533789476,0.038326964940496255
0.017408416008456662,0.03809624103871029,0.0041836763089583015,0.03832527532500781
0.019895332581093328,0.03802428555843032,0.00477818091296442,0.038323325861230655
0.022382249153729994,0.0379427964458846,0.005371422016609262,0.03832111658882538
0.02486916572636666,0.03785179632381054,0.00596324285365025,0.038318647552736625
0.027356082299003326,0.037751310453421505,0.006553487070419151,0.03831591880319148
0.029842998871639992,0.03764136672675021,0.0071419987712049784,0.03831293039569789
0.03232991544427666,0.03752199565819548,0.007728622563492424,0.03830968239104267
0.034816832016913324,0.03739323037527497,0.008313203603041571,0.03830617485528945
0.03730374858954999,0.03725510660858716,0.008895587638794663,0.03830240785977654
0.039790665162186656,0.037107662680985594,0.0094756210575958,0.03829838148111436
0.04227758173482332,0.03695093949596911,0.010053150928709483,0.03829409580118301
0.04476449830745999,0.036784980525291805,0.01062802504812398,0.03828955090712932
0.047251414880096654,0.03660983179579681,0.011200091982625572,0.038284746891364047
0.04973833145273332,0.03642554187547817,0.011769201113629849,0.038279683851558645
0.052225248025369986,0.03623216185877534,0.01233520268075623,0.038274361890642025
0.05471216459800665,0.03602974535110523,0.012897947825132039,0.038268781116796984
0.05719908117064332,0.035818348452636775,0.013457288632412537,0.03826294164345662
0.059685997743279984,0.03559802974131337,0.014013078175503405,0.038256843589300475
0.06217291431591665,0.03536885025512866,0.014565170556972262,0.03825048707825047
0.06465983088855332,0.0351308734736616,0.015113420951135924,0.038243872239466736
0.06714674746118998,0.03488416529887676,0.015657685645810247,0.03823699920734326
0.06963366403382665,0.03462879403519606,0.016197822083709387,0.038229868121503294
0.07212058060646331,0.03436483036884873,0.016733688903481696,0.038222479126794676
0.07460749717909998,0.03409234734650581,0.01726514598036918,0.03821483237328485
0.07709441375173665,0.03381142035320667,0.017792054466478052,0.038206928016255894
0.07958133032437331,0.033522127089584276,0.01831427683064766,0.03819876621619915
0.08206824689700998,0.03322454754839713,0.018831676897905384,0.038190347138809894
0.08455516346964664,0.03291876399037505,0.01934411988849526,0.03818167095498167
0.08704208004228331,0.03260486091938703,0.01985147245646809,0.038172737840800504
0.08952899661491998,0.032282925056939214,0.020353602727821083,0.03816354797753898
0.09201591318755664,0.03195304531601119,0.0208503803381752,0.03815410155165009
0.09450282976019331,0.03161531277423924,0.0213416764699785,0.03814439875476095
0.09698974633282997,0.031269820646455254,0.02182736388922381,0.0381344397836663
0.09947666290546664,0.030916664256590266,0.02230731698166964,0.03812422484032184
0.1019635794781033,0.03055594100895179,0.022781411788552825,0.038113754131837436
0.10445049605073997,0.03018775035888429,0.02324952604178211,0.038103027870470124
0.10693741262337664,0.029812193782822297,0.02371153919860164,0.0380920462736169
0.1094243291960133,0.029429374747746057,0.024167332475713805,0.03808080956380739
0.11191124576864997,0.02903939868004944,0.024616788882850873,0.03806931796869636
0.11439816234128664,0.02864237293383052,0.02505979325578516,0.03805757172105602
0.1168850789139233,0.02823840675861483,0.025496232288767545,0.03804557105876815
0.11937199548655997,0.027827611266521998,0.02592599456638442,0.03803331622481606
0.12185891205919663,0.027410099398886386,0.026348970594823478,0.03802080746727644
0.1243458286318333,0.026985985892342513,0.026765052832538556,0.03800804503931094
0.12683274520446997,0.02655538724438639,0.027174135720304412,0.03799502919915766
0.12931966177710663,0.026118421678423747,0.027576115710652282,0.03798176021012242
0.1318065783497433,0.025675209108316777,0.02797089129667716,0.03796823834056991
0.13429349492237996,0.02522587110244061,0.02835836304020829,0.03795446386391461
0.13678041149501663,0.024770530847261323,0.028738433599334257,0.0379404370586116
0.1392673280676533,0.024309313110447303,0.029111007755274396,0.037926158208147195
0.14175424464028996,0.02384234420352576,0.029475992438588585,0.03791162760102934
0.14424116121292663,0.023369751944096694,0.029833296754717423,0.03789684553077795
0.1467280777855633,0.022891665617616325,0.030182832008845355,0.03788181229591501
0.14921499435819996,0.022408215938762466,0.030524511730079154,0.03786652819995448
0.15170191093083663,0.02191953501239431,0.030858251694934922,0.0378509935513922
0.1541888275034733,0.02142575629411925,0.0311839699501263,0.03783520866369539
0.15667574407610996,0.02092701455047934,0.031501586834647564,0.03781917385529217
0.15916266064874662,0.02042344581877044,0.03181102500114488,0.03780288944956081
0.1616495772213833,0.01991518736650689,0.032112209436569755,0.037786355774818974
0.16413649379401996,0.019402377650544676,0.03240506748210842,0.037769573164312516
0.16662341036665662,0.018885156275876547,0.03268952885238171,0.03775254195620443
0.1691103269392933,0.018363663954111948,0.03296552565390977,0.03773526249356341
0.17159724351192995,0.017838042461655514,0.03323299240283639,0.03771773512435239
0.17408416008456662,0.017308434597597303,0.033491866041908014,0.03769996020141685
0.17657107665720329,0.01677498414132833,0.03374208595670257,0.0376819380824729
0.17905799322983995,0.0162378358098952,0.03398359399110384,0.03766366913009543
0.18154490980247662,0.015697135215107225,0.03421633446201681,0.03764515371170582
0.18403182637511328,0.015153028820410055,0.03444025417332035,0.037626392199559704
0.18651874294774995,0.014605663897539365,0.034655302429053174,0.03760738497073445
0.18900565952038662,0.01405518848296881,0.03486143104582985,0.037588132407116594
0.19149257609302328,0.013501751334165774,0.03505859436448341,0.03756863489538893
0.19397949266565995,0.012945501885669232,0.03524674926093183,0.03754889282701774
0.1964664092382966,0.012386590205003642,0.03542585515626539,0.03752890659823954
0.19895332581093328,0.01182516694844277,0.03559587402605266,0.03750867661004789
0.20144024238356995,0.011261383316637875,0.03575677040886289,0.03748820326818001
0.2039271589562066,0.010695391010124084,0.035908511414002725,0.03746748698310319
0.20641407552884328,0.010127342184719283,0.03605106672846572,0.037446528170001055
0.20890099210147994,0.009557389406829674,0.03618440862309317,0.03742532724875976
0.2113879086741166,0.008985685608676191,0.03630851195794505,0.03740388464395388
0.21387482524675328,0.008412384043455963,0.036423354186880245,0.037382200784832335
0.21636174181938994,0.007837638240453089,0.036528915361345435,0.03736027610530403
0.2188486583920266,0.007261601960112916,0.03662517813337207,0.03733811104392336
0.22133557496466327,0.006684429149094044,0.036712127757781605,0.037315706043875636
0.22382249153729994,0.00610627389531227,0.036789752093598846,0.037293061552962276
0.2263094081099366,0.005527290382990671,0.03685804160467409,0.037270178023585926
0.22879632468257327,0.004947632847730007,0.0369169893595144,0.037247055912735395
0.23128324125520994,0.004367455531613609,0.03696659103032519,0.037223695681970384
0.2337701578278466,0.0037869126383608463,0.037006844891263206,0.03720009779740627
0.23625707440048327,0.0032061582885434168,0.03703775181590224,0.03717626272969844
0.23874399097311994,0.0026253464748782285,0.037059315273913436,0.037152190954026776
0.2412309075457566,0.0020446310176113233,0.037071541326961964,0.03712788295007981
0.24371782411839327,0.0014641655200063838,0.03707443862382239,0.0371033392020388
0.24620474069102993,0.000884103323952057,0.037068018394715116,0.037078560198561664
0.2486916572636666,0.00030459746570184437,0.037052294444866615,0.0370535464327668
0.25117857383630326,-0.00027419936823950555,0.03702728314729639,0.037028298402216685
0.25366549040893993,-0.0008521348850696852,0.03699300343483394,0.03700281660890139
0.2561524069815766,-0.0014290572294684562,0.03694947679136907,0.03697710155922199
0.25863932355421326,-0.0020048150271898316,0.036896727242339326,0.03695115376397375
0.26112624012684993,-0.0025792574284535037,0.03683478134445855,0.03692497373832924
0.2636131566994866,-0.0031522341511216055,0.03676366817469052,0.03689856200182129
0.26610007327212326,-0.0037235955236477876,0.03668341931847242,0.036871919078325786
0.2685869898447599,-0.004293192527785216,0.03659406885719261,0.036845045496044435
0.2710739064173966,-0.004860876841040425,0.036495653354927535,0.0368179417874872
0.27356082299003326,-0.005426500878859726,0.03638821184444324,0.03679060848945481
0.2760477395626699,-0.005989917836535409,0.036271785812466525,0.03676304614302102
0.2785346561353066,-0.006550981730818888,0.03614641918423152,0.03673525529351474
0.28102157270794326,-0.007109547441227808,0.03601215830730756,0.036707236490502115
0.2835084892805799,-0.0076654707510347645,0.03586905193471432,0.03667899028776832
0.2859954058532166,-0.008218608387924953,0.03571715120733065,0.03665051724329947
0.28848232242585325,-0.0087688180643104,0.03555650963560338,0.036621817919264096
0.2909692389984899,-0.009315958517288565,0.03538718308056325,0.03659289288199477
0.2934561555711266,-0.009859889548233145,0.035209229734154475,0.03656374270196946
0.29594307214376325,-0.010400472062005088,0.035022710098885385,0.036534367953792724
0.2984299887163999,-0.010937568105772035,0.03482768696680754,0.03650476921617691
0.3009169052890366,-0.01147104090742446,0.034624225397830784,0.036474947071923156
0.30340382186167325,-0.01200075491357687,0.03441239269738211,0.03644490210790224
0.3058907384343099,-0.012526575827142854,0.03419225839341637,0.03641463491503536
0.3083776550069466,-0.013048370644472623,0.033963894212786956,0.03638414608827475
0.31086457157958325,-0.013566007692041858,0.03372737405698505,0.03635343622658423
0.3133514881522199,-0.014079356662681237,0.033482773977255756,0.036322505932919635
0.3158384047248566,-0.014588288651335608,0.03323017214910017,0.03629135581420898
0.31832532129749325,-0.015092676190342385,0.03296964884617224,0.03625998648133276
0.3208122378701299,-0.015592393284218607,0.032701286413579604,0.036228398549103875
0.3232991544427666,-0.016087315443946783,0.032425169240597795,0.03619659263624766
0.32578607101540324,-0.016577319720748936,0.032141383732807234,0.036164569365381594
0.3282729875880399,-0.01706228473933944,0.03185001828366294,0.03613232936299512
0.3307599041606766,-0.017542090730646786,0.031551163245506546,0.036099873259429135
0.33324682073331324,-0.018016619563994793,0.03124491090003075,0.03606720168885549
0.3357337373059499,-0.018485754778733886,0.030931355428206714,0.03603431528925637
0.3382206538785866,-0.018949381615313534,0.030610592879684224,0.03600121470240354
0.34070757045122324,-0.019407387045786782,0.030282721141675562,0.035967900573837454
0.3431944870238599,-0.019859659803738237,0.029947839907333653,0.03593437355284634
0.3456814035964966,-0.020306090413626906,0.02960605064363523,0.0359006342924451
0.34816832016913324,-0.02074657121953585,0.02925745655877997,0.03586668344935409
0.3506552367417699,-0.02118099641332017,0.028902162569116964,0.035832521683977915
0.35314215331440657,-0.02160926206214584,0.02854027526560938,0.035798149660383985
0.35562906988704324,-0.02203126613541142,0.028171902879849043,0.03576356804628102
0.3581159864596799,-0.02244690853104542,0.027797155249632152,0.035728777512997446
0.36060290303231657,-0.02285609110117194,0.02741614378410805,0.03569377873545974
0.36308981960495323,-0.023258717677137622,0.027028981428512504,0.03565857239217055
0.3655767361775899,-0.02365469409389314,0.02663578262849763,0.03562315916518689
0.36806365275022657,-0.024043928213722608,0.02623666329407024,0.03558753974009806
0.37055056932286323,-0.024426329949314724,0.02583174076315076,0.03555171480600358
0.3730374858954999,-0.02480181128616916,0.02542113376476507,0.035515685055491
0.37552440246813656,-0.02517028630433284,0.025004962381881192,0.03547945118461359
0.37801131904077323,-0.025531671199459992,0.024583348013903588,0.035443013892867976
0.3804982356134099,-0.025885884303190804,0.02415641333883733,0.03540637388317163
0.38298515218604656,-0.026232846102843394,0.023724282275134758,0.035369531861840345
0.38547206875868323,-0.026572479260414193,0.0232870799432372,0.03533248853856551
0.3879589853313199,-0.026904708630881926,0.022844932626824667,0.035295244626391394
0.39044590190395656,-0.027229461279810824,0.022397967733786057,0.035257800841692305
0.3929328184765932,-0.027546666500248812,0.021946313756922905,0.03522015790414963
0.3954197350492299,-0.027856255828916553,0.02149010023439944,0.03518231653672882
0.39790665162186656,-0.028158163061683613,0.0210294577099523,0.03514427746565628
0.4003935681945032,-0.02845232426832851,0.020564517692872326,0.03510604142039621
0.4028804847671399,-0.028738677806578742,0.020095412617772146,0.03506760913362725
0.40536740133977656,-0.0290171643354285,0.01962227580415225,0.03502898134121919
0.4078543179124132,-0.029287726827730634,0.019145241415779,0.03499015878220949
0.4103412344850499,-0.029550310582060795,0.018664444419887474,0.034951142198779754
0.41282815105768655,-0.02980486323385103,0.01818002054622282,0.0349119323362321
0.4153150676303232,-0.030051334765791148,0.017692106245932974,0.03487252994296554
0.4178019842029599,-0.030289677517495762,0.01720083865032623,0.034832935770452156
0.42028890077559655,-0.030519846194435502,0.01670635552950699,0.03479315057321323
0.4227758173482332,-0.030741797876131197,0.016208795250902908,0.034753175108795414
0.4252627339208699,-0.030955492023609733,0.015708296737696865,0.034713010137746685
0.42774965049350655,-0.03116089048612087,0.015204999427177023,0.034672656423592234
0.4302365670661432,-0.031357957507114405,0.014699043229018357,0.034632114732810394
0.4327234836387799,-0.03154665972947731,0.014190568483508947,0.03459138583480839
0.43521040021141655,-0.031726966200030765,0.013679715919734402,0.034550470501898085
0.4376973167840532,-0.03189884837328709,0.013166626613733672,0.03450936950927154
0.4401842333566899,-0.032062280114467184,0.012651441946639553,0.0344680836349767
0.44267114992932655,-0.032217237701778846,0.012134303562817183,0.0344266136598928
0.4451580665019632,-0.03236369982795706,0.011615353328013745,0.034384960367705934
0.4476449830745999,-0.03250164760106709,0.011094733287532495,0.03434312454488426
0.45013189964723654,-0.03263106454457195,0.010572585624444578,0.034301106980653445
0.4526188162198732,-0.03275193659666575,0.010049052617851295,0.03425890846697187
0.4551057327925099,-0.03286425210887466,0.009524276601210387,0.03421652979850581
0.45759264936514654,-0.03296800184392766,0.008998399920738984,0.03417397177260456
0.4600795659377832,-0.03306317897289922,0.008471564893906623,0.034131235189275466
0.4625664825104199,-0.03314977907162665,0.007943913768030659,0.03408832085115903
0.46505339908305654,-0.0332278001164046,0.007415588678987617,0.034045229563503705
0.4675403156556932,-0.03329724247895992,0.0068867316100528235,0.034001962134140924
0.47002723222832987,-0.03335810892070999,0.006357484350881086,0.03395851937345987
0.47251414880096654,-0.03341040458630796,0.005827988456641262,0.03391490209438222
0.4750010653736032,-0.033454136996478576,0.005298385207317232,0.033871111112336934
0.47748798194623987,-0.03348931604014857,0.004768815567187589,0.033827147245234904
0.47997489851887654,-0.033515953965875575,0.004239420144496745,0.03378301131344356
0.4824618150915132,-0.033534065372579996,0.003710339151329343,0.03373870413976145
0.48494873166414987,-0.033543667199584466,0.0031817123637008513,0.03369422654939278
0.48743564823678653,-0.033544778715965416,0.0026536790818756,0.033649579369921856
0.4899225648094232,-0.03353742150922207,0.0021263780909251302,0.0336047634312875
0.49240948138205987,-0.03352161947326782,0.0015999476215381432,0.03355977956575749
0.49489639795469653,-0.03349739879574945,0.0010745253110940713,0.03351462860790283
0.4973833145273332,-0.03346478794469992,0.0005502481650121504,0.03346931139457208
0.49987023109996986,-0.033423817654530376,2.7252518387158343e-05,0.03342382876486557
0.5023571476726065,-0.033374520911367625,-0.0004943260020765311,0.03337818156010965
0.5048440642452432,-0.03331693293774304,-0.0010143525158210506,0.03333237062383082
0.5073309808178799,-0.03325109117663958,-0.0015326929258705087,0.03328639680172986
0.5098178973905165,-0.033177035274903365,-0.002049213955934574,0.03324026094165597
0.5123048139631532,-0.03309480706602668,-0.0025637831871690654,0.033193963893580716
0.5147917305357899,-0.033004450552309474,-0.003076269094583161,0.03314750650957216
0.5172786471084265,-0.03290601188640641,-0.0035865410830823756,0.033100889643768755
0.5197655636810632,-0.032799539352266996,-0.004094469523136597,0.03305411415235335
0.5222524802536999,-0.03268508334547622,-0.004599925786063339,0.033007180893527055
0.5247393968263365,-0.0325626963530035,-0.005102782278915502,0.03296009072748316
0.5272263133989732,-0.032432432932367875,-0.005602912478963932,0.03291284451638099
0.5297132299716099,-0.03229434969022738,-0.006100190967764924,0.03286544312431966
0.5322001465442465,-0.03214850526040114,-0.006594493464802519,0.03281788741731196
0.5346870631168832,-0.03199496028133222,-0.007085696860696687,0.03277017826325809
0.5371739796895199,-0.031833777373000124,-0.007573679249967485,0.03272231653191936
0.5396608962621565,-0.03166502111329156,-0.008058319963346168,0.032674303094891916
0.5421478128347932,-0.03148875801383839,-0.008539499599624205,0.032626138825580527
0.5446347294074299,-0.03130505649533167,-0.009017100057031498,0.032577824599172134
0.5471216459800665,-0.03111398686232124,-0.009491004564134594,0.03252936129260952
0.5496085625527032,-0.03091562127751001,-0.00996109771024708,0.032480749784565
0.5520954791253398,-0.03071003373555241,-0.010427265475343287,0.032431990955413964
0.5545823956979765,-0.030497300036366803,-0.010889395259467333,0.032383085687208504
0.5570693122706132,-0.030277497757971377,-0.011347375911629707,0.03233403486365097
0.5595562288432498,-0.030050706228853606,-0.01180109775818329,0.032284839370067486
0.5620431454158865,-0.029817006499883208,-0.012250452630671588,0.032235500093381615
0.5645300619885232,-0.029576481315778592,-0.012695333893141649,0.03218601792208771
0.5670169785611598,-0.029329215086137412,-0.013135636468914313,0.032136393746224574
0.5695038951337965,-0.02907529385604121,-0.013571256866805086,0.032086628457348894
0.5719908117064332,-0.02881480527624482,-0.014002093206788769,0.03203672294850874
0.5744777282790698,-0.028547838572961174,-0.014428045245101015,0.03198667811421705
0.5769646448517065,-0.02827448451725206,-0.014849014398770831,0.031936494850425115
0.5794515614243432,-0.02799483539403563,-0.01526490376957762,0.031886174054496015
0.5819384779969798,-0.0277089849707218,-0.015675618167426644,0.031835716625178125
0.5844253945696165,-0.027417028465486167,-0.016081064133137486,0.03178512346257852
0.5869123111422532,-0.027119062515193693,-0.01648114996063973,0.031734395468136445
0.5893992277148898,-0.02681518514298346,-0.016875785718570485,0.03168353354459676
0.5918861442875265,-0.02650549572552534,-0.01726488327126885,0.03163253859598343
0.5943730608601632,-0.02619009495996033,-0.01764835629916205,0.03158141152757287
0.5968599774327998,-0.025869084830535592,-0.018026120318538903,0.031530153245867484
0.5993468940054365,-0.025542568574945808,-0.018398092700705887,0.03147876465856906
0.6018338105780732,-0.02521065065039244,-0.01876419269052154,0.03142724667455224
0.6043207271507098,-0.024873436699372278,-0.019124341424305226,0.03137560020383796
0.6068076437233465,-0.024531033515206947,-0.019478461947116495,0.031323826157566896
0.6092945602959832,-0.024183549007325354,-0.019826479229401058,0.031271925447972956
0.6117814768686198,-0.023831092166310252,-0.020168320183000472,0.03121989898835674
0.6142683934412565,-0.02347377302872121,-0.02050391367652196,0.03116774769305898
0.6167553100138932,-0.023111702641705534,-0.020833190550065498,0.03111547247743407
0.6192422265865298,-0.022744993027409118,-0.02115608362930555,0.031063074257823547
0.6217291431591665,-0.022373757147198813,-0.021472527738924822,0.031010553951529563
0.6242160597318032,-0.021998108865708795,-0.021782459715397603,0.03095791247678847
0.6267029763044398,-0.021618162914722128,-0.02208581841912098,0.030905150752744286
0.6291898928770765,-0.02123403485690017,-0.022382544745891582,0.030852269699422282
0.6316768094497132,-0.020845841049371233,-0.02267258163772661,0.030799270237702524
0.6341637260223498,-0.020453698607190766,-0.02295587409302752,0.030746153289293435
0.6366506425949865,-0.020057725366685052,-0.023232369176085198,0.030692919776705418
0.6391375591676232,-0.01965803984869019,-0.023502016025925682,0.030639570623224456
0.6416244757402598,-0.019254761221698474,-0.023764765864495673,0.03058610675288573
0.6441113923128965,-0.018848009264924165,-0.02402057200418721,0.03053252909044728
0.6465983088855332,-0.018437904331300697,-0.02426938985470121,0.030478838561363703
0.6490852254581698,-0.018024567310420802,-0.02451117692924996,0.03042503609175979
0.6515721420308065,-0.01760811959143226,-0.024745892850098296,0.030371122608404296
0.6540590586034432,-0.017188683025900413,-0.024973499353444176,0.03031709903868366
0.6565459751760798,-0.016766379890649746,-0.025193960293639038,0.03026296631057578
0.6590328917487165,-0.01634133285059648,-0.025407241646748527,0.03020872535262381
0.6615198083213532,-0.01591366492158337,-0.025613311513455046,0.030154377093909963
0.6640067248939898,-0.015483499433229521,-0.02581214012130266,0.030099922464029392
0.6664936414666265,-0.01505095999180586,-0.02600369982628641,0.030045362393064063
0.6689805580392632,-0.014616170443148575,-0.026187965113787258,0.029990697811556645
0.6714674746118998,-0.01417925483562226,-0.02636491259885452,0.029935929650484465
0.6739543911845365,-0.013740337383143772,-0.02653452102583803,0.029881058841233505
0.6764413077571731,-0.013299542428279064,-0.02669677126737199,0.029826086315572375
0.6789282243298098,-0.012856994405423684,-0.02685164632271323,0.029771013005626377
0.6814151409024465,-0.012412817804079162,-0.0269991313154363,0.029715839843851594
0.6839020574750831,-0.011967137132235782,-0.02713921349048846,0.029660567763008974
0.6863889740477198,-0.011520076879873801,-0.02727188221060737,0.029605197696138518
0.6888758906203565,-0.01107176148259368,-0.02739712895210502,0.029549730576533456
0.6913628071929931,-0.010622315285386584,-0.027514947300021204,0.029494167337714445
0.6938497237656298,-0.010171862506556733,-0.02762533294265008,0.029438508913403924
0.6963366403382665,-0.00972052720180546,-0.027728283665443953,0.029382756237500352
0.6988235569109031,-0.009268433228488934,-0.027823799344298017,0.029326910244052585
0.7013104734835398,-0.008815704210059555,-0.0279118819382205,0.029270971867234295
0.7037973900561765,-0.008362463500701904,-0.027992535481392546,0.029214942041318376
0.7062843066288131,-0.007908834150174106,-0.028065766074622373,0.029158821700651493
0.7087712232014498,-0.007454938868864428,-0.028131581876198634,0.029102611779628525
0.7112581397740865,-0.007000899993074091,-0.028189993092147852,0.029046313212667253
0.7137450563467231,-0.006546839450536227,-0.02824101196590105,0.02898992693418291
0.7162319729193598,-0.006092878726181068,-0.02828465276737504,0.028933453878562894
0.7187188894919965,-0.005639138828157447,-0.028320931781473713,0.028876894980141492
0.7212058060646331,-0.00518574025412063,-0.02834986729601513,0.028820251173174657
0.7236927226372698,-0.004732802957796156,-0.02837147958909012,0.02876352339181487
0.7261796392099065,-0.004280446315829061,-0.028385790915858522,0.028706712570085953
0.7286665557825431,-0.0038287890949286404,-0.028392825494789223,0.028649819641858087
0.7311534723551798,-0.003377949419317356,-0.028392609493350242,0.028592845540822774
0.7336403889278165,-0.002928044738493903,-0.02838517101315539,0.02853579120046786
0.7361273055004531,-0.002479191795318985,-0.02837054007457427,0.02847865755405268
0.7386142220730898,-0.0020315065944328564,-0.02834874860081227,0.028421445534583204
0.7411011386457265,-0.0015851043710140816,-0.02831983040146752,0.028364156074787275
0.7435880552183631,-0.0011400995598872567,-0.028283821155572035,0.028306790107089842
0.7460749717909998,-0.0006966057649888386,-0.02824075839412417,0.028249348563588333
0.7485618883636365,-0.00025473572919959325,-0.028190681482119843,0.028191832376028087
0.7510488049362731,0.00018539869544869492,-0.028133631600090015,0.02813424247577776
0.7535357215089098,0.000623686577183374,-0.02806965172515207,0.028076579793804863
0.7560226380815465,0.0010600179335107942,-0.02799878661158305,0.028018845260651386
0.7585095546541831,0.0014942837598373104,-0.027921082770922378,0.027961039806409415
0.7609964712268198,0.0019263760576845917,-0.02783658845161243,0.027903164360696852
0.7634833877994565,0.002356187862490977,-0.027745353618184986,0.027845219852633246
0.7659703043720931,0.002783613270992342,-0.027647429930001726,0.027787207210815557
0.7684572209447298,0.0032085474681747285,-0.027542870719557508,0.02772912736329416
0.7709441375173665,0.0036308867537920074,-0.027431730970354666,0.0276709812375488
0.7734310540900031,0.004050528568442033,-0.027314067294357022,0.027612769760464614
0.7759179706626398,0.0044673715191940674,-0.027189937909032572,0.027554493858308358
0.7784048872352765,0.00488131540476159,-0.027059402613993273,0.027496154456704464
0.7808918038079131,0.005292261240213997,-0.026922522767241327,0.027437752480611435
0.7833787203805498,0.005700111281220819,-0.026779361261030726,0.027379288854298134
0.7858656369531865,0.006104769047823117,-0.02662998249735322,0.0273207645013202
0.7883525535258231,0.0065061393477257165,-0.026474452363058017,0.027262180344496536
0.7908394700984598,0.00690412829910499,-0.026312838204614553,0.027203537305885893
0.7933263866710965,0.00729864335292686,-0.02614520880252754,0.027144836306763523
0.7958133032437331,0.007689593314769712,-0.025971634345413944,0.027086078267597846
0.7983002198163698,0.008076888366147101,-0.02579218640375139,0.0270272641080273
0.8007871363890064,0.008460440085325496,-0.025606937903307633,0.02696839474683719
0.8032740529616431,0.008840161467632644,-0.02541596309826063,0.026909471101936637
0.8057609695342798,0.009215966945251498,-0.025219337544019293,0.026850494090335644
0.8082478861069164,0.00958777240649618,-0.025017138069754325,0.026791464628122156
0.8107348026795531,0.00995549521456511,-0.024809442750649408,0.026732383630439307
0.8132217192521898,0.010319054225768011,-0.024596330879882413,0.026673252011462676
0.8157086358248264,0.010678369807222912,-0.024377882940346547,0.026614070684377635
0.8181955523974631,0.011033363854019136,-0.024154180576121915,0.02655484056135682
0.8206824689700998,0.011383959805843741,-0.023925306563706956,0.02649556255353762
0.8231693855427364,0.011730082663067774,-0.02369134478302025,0.026436237570999846
0.8256563021153731,0.012071659002289252,-0.023452380188182798,0.02637686652274337
0.8281432186880098,0.01240861699133063,-0.023208498778090798,0.02631745031666596
0.8306301352606464,0.012740886403687559,-0.022959787566789312,0.026257989859541104
0.8331170518332831,0.013068398632427149,-0.022706334553656865,0.026198486056996033
0.8356039684059198,0.013391086703533034,-0.022448228693411357,0.02613893981348969
0.8380908849785564,0.013708885288695495,-0.022185559865947606,0.026079352032290927
0.8405778015511931,0.014021730717544876,-0.021918418846016606,0.026019723615456743
0.8430647181238298,0.014329560989326546,-0.021646897272756913,0.025960055463810548
0.8455516346964664,0.014632315784015963,-0.02137108761908856,0.025900348476920593
0.8480385512691031,0.014929936472872654,-0.021091083160979678,0.025840603553078507
0.8505254678417398,0.015222366128432231,-0.020806977946596042,0.025780821589277848
0.8530123844143764,0.015509549533935138,-0.020518866765344146,0.0257210034811928
0.8554993009870131,0.01579143319219198,-0.02022684511681783,0.02566115012315699
0.8579862175596498,0.01606796533388467,-0.019931009179658718,0.02560126240814229
0.8604731341322864,0.016339095925302957,-0.01963145578034116,0.025541341227737865
0.8629600507049231,0.01660477667551673,-0.019328282361891318,0.02548138747212921
0.8654469672775598,0.016864961042983632,-0.019021586952551094,0.025421402030077287
0.8679338838501964,0.01711960424159254,-0.018711468134397048,0.025361385788897843
0.8704208004228331,0.017368663246143393,-0.018398025011924182,0.025301339634440704
0.8729077169954698,0.017612096797263915,-0.018081357180605138,0.0252412644510693
0.8753946335681064,0.017849865405764,-0.01776156469543465,0.025181161121640143
0.8778815501407431,0.018081931356428858,-0.017438748039469605,0.025121030527482546
0.8803684667133798,0.018308258711252193,-0.017113008092374305,0.025060873548378364
0.8828553832860164,0.018528813312110495,-0.016784446098981505,0.025000691062541824
0.8853422998586531,0.018743562782880335,-0.016453163637878607,0.024940483946599507
0.8878292164312898,0.01895247653100008,-0.016119262590029403,0.024880253075570395
0.8903161330039264,0.01915552574847812,-0.01578284510744088,0.024819999322846058
0.8928030495765631,0.01935268341234975,-0.01544401358188482,0.02475972356017086
0.8952899661491998,0.019543924284584534,-0.0151028706136845,0.024699426657622398
0.8977768827218364,0.019729224911447123,-0.014759518980575353,0.02463910948359193
0.9002637992944731,0.019908563622313802,-0.014414061606649648,0.024578772904764956
0.9027507158671098,0.020081920527947467,-0.014066601531394874,0.02451841778610191
0.9052376324397464,0.02024927751823424,-0.013717241878834725,0.024458044990818946
0.9077245490123831,0.02041061825938445,-0.013366085826782727,0.024397655380368827
0.9102114655850198,0.02056592819060164,-0.013013236576217196,0.02433724981442193
0.9126983821576564,0.020715194520222607,-0.012658797320787242,0.024276829150847334
0.9151852987302931,0.020858406221332358,-0.012302871216458738,0.024216394245694082
0.9176722153029298,0.020995554026857582,-0.011945561351309234,0.02415594595317245
0.9201591318755664,0.021126630424142534,-0.011586970715480914,0.024095485125635408
0.9226460484482031,0.02125162964901143,-0.011227202171300492,0.024035012613560162
0.9251329650208397,0.02137054767932143,-0.010866358423574782,0.023974529265529808
0.9276198815934764,0.021483382228010734,-0.010504541990070431,0.023914035928215054
0.9301067981661131,0.021590132735646136,-0.010141855172186845,0.02385353344635616
0.9325937147387497,0.02169080036247469,-0.00977840002583033,0.023793022662744863
0.9350806313113864,0.021785387979984416,-0.009414278332498003,0.0237325044182065
0.9375675478840231,0.021873900161978734,-0.009049591570579978,0.023671979551582192
0.9400544644566597,0.02195634317516991,-0.008684440886887482,0.023611448899711205
0.9425413810292964,0.022032724969296574,-0.008318927068415395,0.02355091329741331
0.9450282976019331,0.022103055166770687,-0.007953150514347074,0.02349037357747142
0.9475152141745697,0.022167345051859463,-0.007587211208308891,0.02342983057061417
0.9500021307472064,0.02222560755940773,-0.007221208690882872,0.02336928510549872
0.9524890473198431,0.022277857263106614,-0.006855242032384284,0.023308738008693656
0.9549759638924797,0.022324110363314196,-0.006489409805912264,0.023248190104661965
0.9574628804651164,0.022364384674434294,-0.006123810060680377,0.023187642215744184
0.9599497970377531,0.022398699611859304,-0.005758540295634456,0.023127095162141568
0.9624367136103897,0.022427076178483454,-0.00539369743336496,0.023066549761899542
0.9649236301830264,0.0224495369507926,-0.005029377794320503,0.023006006830891067
0.9674105467556631,0.02246610606453714,-0.0046656770713298,0.022945467182800293
0.9698974633282997,0.02247680919999459,-0.004302690304437901,0.022884931629106202
0.9723843799009364,0.022481673566828276,-0.003940511856064505,0.022824400979066465
0.9748712964735731,0.02248072788854915,-0.003579235386489555,0.02276387603970138
0.9773582130462097,0.02247400238658733,-0.003218953829673031,0.022703357615777887
0.9798451296188464,0.022461528763980488,-0.0028597593694150237,0.022642846509793767
0.9823320461914831,0.022443340188685986,-0.002501743415861975,0.022582343521961937
0.9848189627641197,0.02241947127652401,-0.0021449965823649164,0.02252184945019485
0.9873058793367564,0.02238995807375875,-0.0017896086626953043,0.022461365090088996
0.9897927959093931,0.022354838039325198,-0.001435668608624667,0.02240089123490963
0.9922797124820297,0.022314150026708557,-0.0010832645078722805,0.02234042867557544
0.9947666290546664,0.022267934265484166,-0.0007324835624273207,0.022279978200643515
0.9972535456273031,0.022216232342525098,-0.00038341206725010335,0.02221954059629432
0.9997404621999397,0.022159087182885298,-3.6135389356920314e-05,0.022159116646316826
1.0022273787725764,0.022096543030365845,0.0003092620527055708,0.022098707132093796
1.004714295345213,0.022028645427772078,0.000652696808992908,0.0220383128325871
1.0072012119178497,0.02195544119686947,0.0009940864178971903,0.02197793452432327
1.0096881284904864,0.02187697841804606,0.001333349425478975,0.02191757298137908
1.012175045063123,0.021793306409689482,0.001670405404392559,0.021857228975367318
1.0146619616357597,0.021704475707286404,0.002005174972400659,0.02179690327542258
1.0171488782083964,0.02161053804225271,0.0023375798104746733,0.02173659664818737
1.019635794781033,0.02151154632050223,0.0026675426804761717,0.021676309857798098
1.0221227113536697,0.021407554600762352,0.0029949874424171764,0.021616043665871373
1.0246096279263064,0.021298618072644653,0.0033198390712946943,0.021555798831490336
1.027096544498943,0.02118479303447882,0.0036420236734966993,0.021495576111191173
1.0295834610715797,0.02106613687091795,0.003961468502776916,0.02143537625894965
1.0320703776442164,0.020942708030323904,0.0042781019757943215,0.02137520002616791
1.034557294216853,0.020814566001940583,0.004591853687215951,0.02131504816166127
1.0370442107894897,0.020681771292863988,0.004902654424379005,0.021254921411645256
1.0395311273621264,0.02054438540481695,0.005210436181511122,0.02119482051972264
1.042018043934763,0.020402470810737375,0.005515132173505413,0.0211347462268707
1.0445049605073997,0.020256090931188273,0.00581667684924856,0.021074699271428573
1.0469918770800364,0.020105310110597834,0.006115005904500393,0.021014680389084727
1.049478793652673,0.019950193593338404,0.0064100562943220675,0.02095469031286453
1.0519657102253097,0.019790807499652542,0.006701766245052266,0.02089472977311804
1.0544526267979464,0.019627218801434705,0.006990075265829284,0.02083479949750778
1.056939543370583,0.019459495297877126,0.007274924159657736,0.02077490021099677
1.0594264599432197,0.019287705590988365,0.007556255034018751,0.02071503263583665
1.0619133765158564,0.01911191906099289,0.00783401131102263,0.02065519749155582
1.064400293088493,0.01893220584162032,0.008108137737103172,0.020595395494947873
1.0668872096611297,0.018748636795292897,0.008378580392252415,0.020535627360060062
1.0693741262337664,0.01856128348821928,0.008645286698796155,0.020475893798181884
1.071861042806403,0.01837021816540356,0.008908205429708908,0.020416195517833833
1.0743479593790397,0.01817551372557779,0.00916728671646845,0.020356533224756262
1.0768348759516764,0.017977243696066156,0.009422482056450179,0.020296907621898366
1.079321792524313,0.017775482207589777,0.009673744319860431,0.020237319409407283
1.0818087090969497,0.017570303969020006,0.00992102775620993,0.020177769284617366
1.0842956256695864,0.017361784242088785,0.01016428800032712,0.020118257942039523
1.086782542242223,0.017149998816064427,0.01040348207791204,0.020058786073350706
1.0892694588148597,0.016935023982401102,0.010638568410631386,0.019999354367383575
1.0917563753874964,0.016716936509370135,0.010869506820755631,0.019939963510116197
1.094243291960133,0.016495813616681468,0.011096258535339168,0.019880614184661926
1.0967302085327697,0.016271732950103694,0.011318786189944167,0.01982130707125948
1.0992171251054064,0.016044772556090145,0.011537053831910168,0.019762042847262948
1.101704041678043,0.015815010856419932,0.01175102692317,0.019702822187132138
1.1041909582506797,0.015582526622861371,0.011960672342614045,0.01964364576242292
1.1066778748233164,0.015347398951866209,0.012165958388004326,0.019584514241777786
1.109164791395953,0.015109707239302222,0.012366854777440239,0.019525428290916396
1.1116517079685897,0.01486953115523232,0.012563332650378109,0.01946638857262644
1.1141386245412264,0.014626950618748155,0.012755364568206064,0.019407395746754475
1.116625541113863,0.014382045772865394,0.012942924514377308,0.019348450470196947
1.1191124576864997,0.014134896959489088,0.013125987894103392,0.01928955339689135
1.1215993742591364,0.013885584694456414,0.013304531533610294,0.01923070517780752
1.124086290831773,0.013634189642664149,0.013478533678960162,0.019171906460938977
1.1265732074044097,0.01338079259328905,0.013647973994440874,0.019113157891294506
1.1290601239770464,0.013125474435107897,0.013812833560526936,0.019054460110889793
1.131547040549683,0.01286831613192493,0.01397309487141435,0.0189958137587392
1.1340339571223197,0.012609398698113887,0.01412874183213267,0.018937219470847665
1.1365208736949564,0.012348803174281952,0.014279759755237542,0.01887867788020278
1.139007790267593,0.012086610603062499,0.014426135357087075,0.018820189616766902
1.1414947068402297,0.011822902005043842,0.014567856753705682,0.018761755307469447
1.1439816234128664,0.011557758354841238,0.01470491345623864,0.018703375576199357
1.146468539985503,0.011291260557318291,0.014837296366001625,0.01864505104379757
1.1489554565581397,0.011023489423965326,0.014964997769128678,0.01858678232804973
1.1514423731307764,0.010754525649441125,0.01508801133082259,0.018528570043678978
1.153929289703413,0.010484449788284283,0.015206332089212167,0.01847041480233885
1.1564162062760497,0.010213342231801514,0.015319956448819935,0.018412317212606343
1.1589031228486864,0.00994128318513853,0.01542888217364515,0.0183542778799751
1.161390039421323,0.009668352644540246,0.015533108379866172,0.018296297406848662
1.1638769559939597,0.009394630374806494,0.015632635528166773,0.01823837639253393
1.1663638725665963,0.00912019588694935,0.015727465415691033,0.018180515433234706
1.168850789139233,0.00884512841605802,0.015817601167631416,0.018122715122045368
1.1713377057118697,0.008569506899377225,0.015903047228454998,0.018064976048944657
1.1738246222845063,0.008293409954605197,0.015983809352772393,0.018007298800789606
1.176311538857143,0.008016915858416549,0.016059894595854763,0.01794968396130962
1.1787984554297797,0.007740102525215882,0.016131311303803676,0.017892132111100606
1.1812853720024163,0.007463047486127659,0.01619806910337905,0.017834643827619307
1.183772288575053,0.0071858278682276925,0.016260178891490448,0.017777219685177693
1.1862592051476897,0.006908520374021424,0.01631765282435701,0.01771986025493755
1.1887461217203263,0.006631201261174185,0.01637050430634149,0.017662566104905124
1.191233038292963,0.006353946322498888,0.016418747978463637,0.017605337799925933
1.1937199548655997,0.006076830866205275,0.016462399706598848,0.017548175901679664
1.1962068714382363,0.005799929696416373,0.01650147656936739,0.01749108096867525
1.198693788010873,0.005523317093956522,0.01653599684572001,0.017434053556246016
1.2011807045835097,0.005247066797415208,0.016565980002225762,0.01737709421654498
1.2036676211561463,0.004971251984492024,0.016591446680067706,0.017320203498540243
1.206154537728783,0.00469594525362626,0.016612418681752592,0.017263381948010578
1.2086414543014197,0.004421218605915796,0.01662891895754026,0.017206630107541043
1.2111283708740563,0.004147143427329382,0.016640971591598913,0.01714994851651874
1.213615287446693,0.0038737904712162334,0.01664860178789237,0.01709333771112882
1.2161022040193297,0.003601229841116761,0.016651835855805187,0.017036798224350405
1.2185891205919663,0.003329530973878139,0.01665070119551213,0.016980330585952764
1.221076037164603,0.0030587626230787917,0.016645226283097985,0.016923935322491628
1.2235629537372397,0.002788992842764422,0.016635440655434094,0.01686761295730551
1.2260498703098763,0.002520288971499827,0.01662137489481791,0.016811364010512257
1.228536786882513,0.0022527176167393775,0.016603060613381904,0.01675518899900569
1.2310237034551497,0.001986344639518935,0.016580530437278244,0.01669908843645233
1.2335106200277863,0.0017212351394730607,0.016553817990645665,0.016643062833288258
1.235997536600423,0.0014574534401795244,0.016522957879365047,0.016587112696716165
1.2384844531730597,0.0011950630748343038,0.016487985674610083,0.016531238530702402
1.2409713697456963,0.0009341267722596792,0.016448937896199722,0.016475440835974242
1.243458286318333,0.0006747064432477459,0.016405851995758818,0.01641972011001721
1.2459452028909697,0.00041686316724198253,0.016358766339693655,0.016364076847072587
1.2484321194636063,0.0001606571793585514,0.016307720191988874,0.016308511538134958
1.250919036036243,-9.385214224967556e-05,0.016252753696832482,0.016253024670949922
1.2534059526088797,-0.00034660628868524916,0.016193907861075614,0.01619761673001194
1.2558928691815163,-0.0005975476322521048,0.016131224536533588,0.016142288196562264
1.258379785754153,-0.000846619438053685,0.016064746402135035,0.016087039548586958
1.2608667023267897,-0.0010937658752416628,0.015994516945925786,0.016031871260815136
1.2633536188994263,-0.0013389320279138279,0.0159205804469341,0.0159767838047172
1.265840535472063,-0.0015820639056598445,0.01584298195690403,0.01592177764850327
1.2683274520446997,-0.0018231084537531977,0.015761767281903618,0.015866853257121706
1.2708143686173363,-0.002062013562989069,0.01567698296381453,0.01581201109225774
1.273301285189973,-0.0022987280791663383,0.015588676261709924,0.015757251612332216
1.2757882017626097,-0.00253320181221321,0.015496895133127285,0.015702575272500508
1.2782751183352463,-0.002765385544956063,0.015401688215242655,0.015647982524651424
1.280762034907883,-0.0029952310415301193,0.015303104805953349,0.015593473817406374
1.2832489514805197,-0.0032226910554322644,0.015201194844875468,0.015539049596118534
1.2857358680531563,-0.0034477193372152927,0.015096008894263031,0.015484710302872212
1.288222784625793,-0.003670270641823135,0.014987598119855368,0.015430456376482226
1.2907097011984296,-0.0038903007355674726,0.01487601427165937,0.015376288252493516
1.2931966177710663,-0.004107766402745288,0.01476130966467319,0.015322206363180763
1.295683534343703,-0.004322625451897844,0.014643537159557962,0.015268211137548168
1.2981704509163396,-0.004534836721710745,0.014522750143264316,0.015214303001329373
1.3006573674889763,-0.004744360086556454,0.01439900250961973,0.015160482376987389
1.303144284061613,-0.00495115646167866,0.014272348639883841,0.015106749683714775
1.3056312006342496,-0.0051551878080195864,0.014142843383277788,0.015053105337433806
1.3081181172068863,-0.005356417136691408,0.014010542037494033,0.014999549750796818
1.310605033779523,-0.0055548085130915515,0.013875500329193371,0.014946083333186649
1.3130919503521596,-0.005750327060663813,0.013737774394495163,0.014892706490717176
1.3155788669247963,-0.005942938964305761,0.013597420759467375,0.01483941962623397
1.318065783497433,-0.006132611473423908,0.013454496320622546,0.014786223139315062
1.3205527000700696,-0.006319312904637697,0.013309058325426086,0.014733117426271805
1.3230396166427063,-0.006503012644133661,0.013161164352823143,0.014680102880149884
1.325526533215343,-0.00668368114967181,0.013010872293789829,0.014627179890730342
1.3280134497879796,-0.006861289952244905,0.012858240331915564,0.014574348844530823
1.3305003663606163,-0.007035811657393171,0.012703326924022056,0.014521610124806867
1.332987282933253,-0.007207219946175767,0.012546190780825178,0.01446896411155327
1.3354741995058896,-0.007375489575801255,0.012386890847645667,0.014416411181505644
1.3379611160785263,-0.0075405963799186305,0.012225486285174657,0.014363951708142007
1.340448032651163,-0.007702517268571595,0.012062036450299676,0.014311586061684485
1.3429349492237996,-0.00786123022781793,0.011896600876997086,0.014259314609101174
1.3454218657964363,-0.008016714319016243,0.01172923925729674,0.014207137714108042
1.347908782369073,-0.008168949677782773,0.011560011422324323,0.014155055737170944
1.3503956989417096,-0.008317917512620544,0.011388977323427195,0.014103069035507784
1.3528826155143463,-0.008463600103223511,0.011216197013389226,0.014051177963090725
1.355369532086983,-0.008605980798458509,0.011041730627739981,0.013999382870648539
1.3578564486596196,-0.008745044014027481,0.010865638366163975,0.013947684105669027
1.3603433652322563,-0.008880775229813261,0.010687980474015004,0.013896082012401582
1.362830281804893,-0.009013160986911625,0.010508817223940977,0.013844576931859792
1.3653171983775296,-0.009142188884352562,0.01032820889762461,0.0137931692018242
1.3678041149501663,-0.0092678475755142,0.01014621576764483,0.013741859156845154
1.370291031522803,-0.009390126764232305,0.009962898079464147,0.0136906471282457
1.3727779480954396,-0.009509017200608889,0.009778316033546829,0.013639533444124644
1.3752648646680763,-0.009624510676522917,0.009592529767613146,0.01358851842935969
1.377751781240713,-0.009736600020847176,0.009405599339033847,0.013537602405610649
1.3802386978133496,-0.009845279094374182,0.009217584707370314,0.013486785691322762
1.3827256143859863,-0.009950542784455008,0.009028545717064818,0.013436068601730161
1.385212530958623,-0.010052386999354984,0.00883854208028504,0.013385451448859336
1.3876994475312596,-0.010150808662329348,0.008647633359928216,0.013334934541532773
1.3901863641038963,-0.010245805705423376,0.008455878952788456,0.013284518185372664
1.392673280676533,-0.010337377063000192,0.00826333807289239,0.01323420268280471
1.3951601972491696,-0.010425522665000901,0.00807006973500648,0.013183988333062004
1.3976471138218063,-0.010510243429940396,0.007876132738321084,0.013133875432189026
1.400134030394443,-0.010591541257643245,0.007681585650314894,0.013083864273045741
1.4026209469670796,-0.010669419021723909,0.007486486790803449,0.013033955145311743
1.4051078635397163,-0.010743880561815059,0.007290894216176406,0.012984148335490551
1.407594780112353,-0.010814930675548643,0.007094865703826666,0.012934444126913955
1.4100816966849896,-0.010882575110293733,0.0068984587367754415,0.012884842799746455
1.4125686132576263,-0.010946820554655675,0.006701730488496759,0.012835344630989813
1.415055529830263,-0.01100767462974077,0.006504737807945134,0.012785949894487678
1.4175424464028996,-0.011065145880191068,0.006307537204789586,0.012736658860930294
1.4200293629755363,-0.011119243764993783,0.006110184834857484,0.012687471797859317
1.422516279548173,-0.011169978648069685,0.0059127364857916856,0.012638388969672712
1.4250031961208096,-0.011217361788645259,0.005715247562923722,0.012589410637629717
1.4274901126934463,-0.011261405331413156,0.005517773075366466,0.01254053705985592
1.429977029266083,-0.011302122296485622,0.005320367622329129,0.012491768491348433
1.4324639458387196,-0.011339526569145573,0.00512308537965735,0.012443105183981097
1.4349508624113563,-0.011373632889400067,0.004925980086601523,0.012394547386509832
1.437437778983993,-0.011404456841340999,0.004729105032815643,0.01234609534457805
1.4399246955566296,-0.01143201484231774,0.004532513045589436,0.012297749300722126
1.4424116121292663,-0.011456324131926574,0.004336256477316503,0.01224950949437701
1.444898528701903,-0.011477402760821829,0.004140387193200465,0.012201376161881862
1.4473854452745396,-0.011495269579353545,0.003944956559201735,0.01215334953648581
1.4498723618471763,-0.01150994422603665,0.0037500154302269146,0.01210542984835377
1.452359278419813,-0.011521447115856415,0.0035556141385633395,0.012057617324572365
1.4548461949924496,-0.011529799428415428,0.0033618024825600107,0.012009912189155897
1.4573331115650863,-0.01153502309592676,0.00316862971555774,0.011962314663052434
1.459820028137723,-0.011537140791058456,0.0029761445350697615,0.011914824964149936
1.4623069447103596,-0.011536175914634432,0.0027843950722146356,0.011867443307282522
1.4647938612829963,-0.011532152583196576,0.0025934288814032005,0.01182016990423673
1.467280777855633,-0.011525095616433324,0.0024032929302809022,0.011773004963757926
1.4697676944282696,-0.011515030524479537,0.0022140335899274014,0.011725948691556786
1.4722546110009063,-0.011501983495092906,0.002025696625313957,0.011679001290315794
1.474741527573543,-0.011485981380711791,0.001838327186020747,0.011632162959695885
1.4772284441461796,-0.011467051685399625,0.0016519697972148552,0.011585433896343136
1.4797153607188163,-0.011445222551680954,0.0014666683508896038,0.011538814293895519
1.482202277291453,-0.011420522747274096,0.0012824660973670603,0.011492304342989744
1.4846891938640896,-0.011392981651725585,0.001099405637063777,0.011445904231268206
1.4871761104367263,-0.011362629242951323,0.000917528912520974,0.011399614143385929
1.489663027009363,-0.011329496083689617,0.000736877200699599,0.011353434261017646
1.4921499435819996,-0.011293613307871061,0.000557491105541158,0.011307364762864947
1.4946368601546363,-0.011255012606910319,0.00037941055079440775,0.011261405824663472
1.497123776727273,-0.011213726215924842,0.00020267477310850144,0.011215557619190169
1.4996106932999096,-0.011169786899885575,2.7322315393055304e-05,0.011169820316270708
1.5020976098725463,-0.011123227939704492,-0.0001466089795550339,0.011124194082786799
1.504584526445183,-0.011074083118264215,-0.00031908197515760113,0.01107867908268377
1.5070714430178196,-0.011022386706394398,-0.0004900602468941335,0.011033275476978079
1.5095583595904563,-0.01096817344880004,-0.0006595080878737587,0.01098798342376494
1.512045276163093,-0.010911478549946542,-0.0008273905141401621,0.010942803078226008
1.5145321927357296,-0.010852337659906494,-0.0009936732697100484,0.01089773459263718
1.5170191093083663,-0.01079078686017299,-0.001158322831345301,0.010852778116376373
1.519506025881003,-0.010726862649444412,-0.0013213064130590787,0.010807933795931424
1.5219929424536396,-0.01066060192938551,-0.0014825919703567352,0.010763201774908073
1.5244798590262763,-0.010592041990369536,-0.001642148204211825,0.010718582194037958
1.526966775598913,-0.01052122049720627,-0.0017999445647781157,0.010674075191186712
1.5294536921715496,-0.010448175474860651,-0.0019559512548380487,0.010629680901362099
1.5319406087441862,-0.010372945294166781,-0.002110139232988871,0.010585399456722246
1.534427525316823,-0.01029556865754189,-0.0022624802165671603,0.010541230986583905
1.5369144418894596,-0.010216084584705045,-0.0024129466843126135,0.010497175617430781
1.5394013584620962,-0.010134532398405127,-0.0025615118787725246,0.010453233472921951
1.541888275034733,-0.010050951710162645,-0.0027081498084478113,0.010409404673900296
1.5443751916073696,-0.009965382406029996,-0.0028528352496820946,0.010365689338401034
1.5468621081800062,-0.009877864632374661,-0.0029955437482947224,0.0103220875816603
1.549349024752643,-0.009788438781689671,-0.0031362516209598543,0.010278599516123766
1.5518359413252796,-0.009697145478435946,-0.0032749359563323138,0.010235225251455338
1.5543228578979162,-0.009604025564920814,-0.0034115746159221107,0.01019196489454593
1.556809774470553,-0.009509120087216848,-0.003546146234719547,0.010148818549522234
1.5592966910431896,-0.009412470281125688,-0.003678630221571903,0.010105786317755607
1.5617836076158262,-0.009314117558190727,-0.0038090067593141144,0.01006286829787101
1.564270524188463,-0.009214103491762987,-0.003937256804654899,0.01002006458575593
1.5667574407610996,-0.009112469803124358,-0.004063362087820464,0.009977375274569458
1.5692443573337362,-0.009009258347672274,-0.00418730511195748,0.009934800454751359
1.571731273906373,-0.008904511101169747,-0.004309069152297683,0.009892340214031195
1.5742181904790096,-0.008798270146064869,-0.004428638255086045,0.009849994637437519
1.5767051070516462,-0.00869057765788374,-0.004545997236274575,0.009807763807307154
1.579192023624283,-0.008581475891700496,-0.004661131679984204,0.009765647803294423
1.5816789401969196,-0.008471007168688476,-0.004774027936736894,0.009723646702380535
1.5841658567695562,-0.0083592138627562,-0.004884673121460348,0.009681760578882986
1.586652773342193,-0.008246138387271786,-0.004993055111267809,0.009639989504464977
1.5891396899148296,-0.008131823181879622,-0.005099162543015192,0.009598333548144905
1.5916266064874662,-0.008016310699412782,-0.005202984810638393,0.009556792776305955
1.594113523060103,-0.007899643392904594,-0.005304512062273142,0.009515367252705619
1.5966004396327396,-0.007781863702703166,-0.005403735197159973,0.00947405703848539
1.5990873562053762,-0.007663014043691887,-0.005500645862337234,0.009432862192180421
1.601574272778013,-0.007543136792619523,-0.005595236449124657,0.00939178276972926
1.6040611893506496,-0.007422274275543027,-0.0056875000894004105,0.009350818824483631
1.6065481059232862,-0.007300468755386433,-0.0057774306516743075,0.009309970407218239
1.609035022495923,-0.007177762419618856,-0.005865022736960245,0.009269237566140667
1.6115219390685596,-0.007054197368054663,-0.005950271674450705,0.00922862034690125
1.6140088556411962,-0.006929815600779068,-0.006033173516996189,0.009188118792603037
1.616495772213833,-0.006804659006201843,-0.006113725036392816,0.009147732943811828
1.6189826887864696,-0.006678769349242148,-0.006191923718480923,0.009107462838566128
1.6214696053591062,-0.006552188259647316,-0.006267767758057992,0.009067308512387313
1.623956521931743,-0.006424957220448455,-0.006341256053608659,0.009027269998289693
1.6264434385043796,-0.006297117556555189,-0.006412388201855537,0.008987347326790684
1.6289303550770162,-0.006168710423492636,-0.00648116449213352,0.008947540525921022
1.631417271649653,-0.006039776796282966,-0.006547585900591018,0.008907849621234993
1.6339041882222896,-0.005910357458473747,-0.0066116540842216295,0.0088682746358207
1.6363911047949262,-0.005780492991316084,-0.006673371374729078,0.008828815590310391
1.6388780213675629,-0.005650223763094374,-0.00673274077222919,0.008789472502890812
1.6413649379401996,-0.00551958991861021,-0.006789765938792003,0.008750245389313578
1.6438518545128362,-0.00538863136882254,-0.006844451191827575,0.008711134262905616
1.6463387710854729,-0.005257387780646363,-0.006896801497318735,0.008672139134579636
1.6488256876581096,-0.005125898566911805,-0.00694682246290437,0.008633260012844582
1.6513126042307462,-0.004994202876485707,-0.0069945203308167106,0.00859449690381621
1.6537995208033829,-0.004862339584557725,-0.007039901970675935,0.008555849811227633
1.6562864373760195,-0.004730347283092564,-0.0070829748721458145,0.008517318736439902
1.6587733539486562,-0.004598264271450345,-0.007123747137453812,0.008478903678452665
1.6612602705212929,-0.00446612854717672,-0.007162227473779187,0.008440604633914816
1.6637471870939295,-0.004333977796964315,-0.007198425185512724,0.00840242159713517
1.6662341036665662,-0.004201849387787291,-0.007232350166391546,0.008364354560093221
1.6687210202392029,-0.004069780358210169,-0.0072640128915128,0.008326403512449863
1.6712079368118395,-0.003937807409872748,-0.0072934244092295935,0.008288568441558215
1.6736948533844762,-0.003805966899152104,-0.007320596332932954,0.008250849332474379
1.6761817699571129,-0.003674294829003203,-0.007345540832723402,0.008213246167968332
1.6786686865297495,-0.003542826840979245,-0.007368270626975717,0.008175758928534775
1.6811556031023862,-0.0034115982074328197,-0.007388798973800608,0.008138387592404022
1.6836425196750229,-0.0032806438238991587,-0.007407139662406866,0.008101132135552944
1.6861294362476595,-0.0031499982016622245,-0.007423307004367709,0.008063992531715908
1.6886163528202962,-0.003019695460504667,-0.007437315824794946,0.008026968752395752
1.6911032693929329,-0.002889769321642678,-0.00744918145342457,0.00799006076687479
1.6935901859655695,-0.0027602531008462244,-0.007458919715617536,0.007953268542225844
1.6960771025382062,-0.0026311797017456416,-0.00746654692327928,0.007916592043323288
1.6985640191108429,-0.0025025816093250334,-0.00747207986570168,0.007880031232854112
1.7010509356834795,-0.002374490883603399,-0.007475535800331064,0.007843586071329048
1.7035378522561162,-0.002246939153503445,-0.007476932443466018,0.007807256517093663
1.7060247688287529,-0.0021199576109091098,-0.0074762879608884485,0.007771042526339502
1.7085116854013895,-0.0019935770049119457,-0.0074736209584317015,0.007734944053115269
1.7109986019740262,-0.0018678276362463885,-0.007468950472489273,0.007698961049337988
1.7134855185466629,-0.001742739351914758,-0.007462295960467728,0.007663093464804226
1.7159724351192995,-0.001618341540001624,-0.007453677291187455,0.0076273412472013065
1.7184593516919362,-0.0014946631246779605,-0.007443114735234807,0.007591704342118547
1.7209462682645729,-0.0013717325613949681,-0.007430628955269263,0.007556182693058525
1.7234331848372095,-0.0012495778322677558,-0.0074162409962891095,0.007520776241448371
1.7259201014098462,-0.0011282264416485502,-0.007399972275859207,0.007485484926651034
1.7284070179824829,-0.0010077054118894102,-0.0073818445743044124,0.007450308685976622
1.7308939345551195,-0.0008880412792943585,-0.007361880024872107,0.007415247454693721
1.7333808511277562,-0.0007692600902604027,-0.007340101103867363,0.007380301166040742
1.7358677677003929,-0.0006513873976073198,-0.007316530620764199,0.007345469751237275
1.7383546842730295,-0.0005344482570957422,-0.0072911917082964135,0.007310753139495483
1.7408416008456662,-0.0004184672241330226,-0.0072641078125313735,0.007276151258031468
1.7433285174183029,-0.000303468350666576,-0.007235302682930208,0.007241664032076699
1.7458154339909395,-0.0001894751822637865,-0.007204800362397776,0.0072072913848894036
1.7483023505635762,-7.651075537823464e-05,-0.007172625177325772,0.007173033237766022
1.7507892671362129,3.54024051987816e-05,-0.007138801727632285,0.007138889510052635
1.7532761837088495,0.0001462422887019705,-0.007103354876801136,0.007104860119156412
1.7557631002814862,0.0002559874005718868,-0.007066309741924289,0.007070944980557101
1.7582500168541229,0.00036461676445180834,-0.0070276916837505084,0.007037144007818467
1.7607369334267595,0.0004721099240023767,-0.0069875262967435976,0.0070034571125998065
1.7632238499993962,0.0005784469445352097,-0.006945839399153316,0.006969884204667436
1.7657107665720329,0.0006836084144663934,-0.006902657023102153,0.006936425191906184
1.7681976831446695,0.0007875754465908178,-0.006858005404691127,0.006903079980330913
1.7706845997173062,0.0008903296791787197,-0.0068119109741276536,0.006869848474098045
1.7731715162899429,0.0009918532768954118,-0.006764400345878552,0.006836730575517075
1.7756584328625795,0.0010921289315455837,-0.006715500308851232,0.006803726185062115
1.7781453494352162,0.001191139862643177,-0.006665237816606061,0.0067708352013834405
1.7806322660078528,0.0012888698178086392,-0.006613639977602791,0.006738057521319027
1.7831191825804895,0.0013853030729944103,-0.006560734045484048,0.006705393039906105
1.7856060991531262,0.0014804244325403032,-0.006506547409398755,0.006672841650392726
1.7880930157257628,0.001574219229060445,-0.0064511075843682285,0.0066404032442493235
1.7905799322983995,0.0016666733231628064,-0.006394442201697877,0.00660807771118026
1.7930668488710362,0.0017577731030033298,-0.006336578999437212,0.0065758649391354325
1.7955537654436728,0.001847505483675981,-0.006277545812890846,0.006543764814321814
1.7980406820163095,0.0019358579064405305,-0.006217370565183231,0.006511777221215047
1.8005275985889462,0.002022818337789545,-0.006156081257879754,0.006479902042571016
1.8030145151615828,0.0021083752683565367,-0.00609370596166675,0.006448139159437425
1.8055014317342195,0.0021925177116669204,-0.006030272807093022,0.006416488451165381
1.8079883483068562,0.0022752352027334923,-0.0059658099753754044,0.006384949795420979
1.8104752648794928,0.002356517796498449,-0.005900345689270752,0.006353523068196877
1.8129621814521295,0.0024363560661236723,-0.005833908204016867,0.006322208143823875
1.8154490980247662,0.0025147411011313004,-0.005766525798344682,0.006291004894982506
1.8179360145974028,0.0025916645053963632,-0.005698226765564094,0.006259913192714609
1.8204229311700395,0.0026671183949936515,-0.00562903940472565,0.0062289329064349076
1.8229098477426762,0.002741095395900738,-0.005558992011860395,0.006198063903942577
1.8253967643153128,0.0028135886415591046,-0.005488112871300094,0.006167306051432843
1.8278836808879495,0.00288459177029562,-0.005416430247079874,0.006136659213508516
1.8303705974605862,0.0029540989226063343,-0.0053439723744255095,0.00610612325319158
1.8328575140332228,0.003022104738304767,-0.005270767451327348,0.00607569803193476
1.8353444306058595,0.0030886043535368695,-0.005196843630202829,0.006045383409633058
1.8378313471784962,0.0031535933976647315,-0.005122229009649699,0.006015179244635319
1.8403182637511328,0.00321706799002141,-0.005046951626291708,0.00598508539375579
1.8428051803237695,0.0032790247365389997,-0.004971039446718634,0.005955101712285639
1.8452920968964062,0.0033394607262521602,-0.004894520359522617,0.005925228054004505
1.8477790134690428,0.003398373527679531,-0.004817422167432359,0.005895464271192024
1.8502659300416795,0.003455761185085182,-0.004739772579547047,0.005865810214639357
1.8527528466143162,0.0035116222146225336,-0.004661599203671573,0.005836265733660687
1.8552397631869528,0.0035659556003629295,-0.0045829295387548145,0.005806830676104751
1.8577266797595895,0.003618760790211487,-0.004503790967432289,0.005777504888366322
1.8602135963322262,0.0036700376917122956,-0.004424210748674961,0.005748288215397691
1.8627005129048628,0.0037197866677455144,-0.004344216010545591,0.00571918050072018
1.8651874294774995,0.003768008532118874,-0.00426383374306384,0.00569018158643557
1.8676743460501362,0.003814704545055736,-0.004183090791181872,0.005661291313237597
1.8701612626227728,0.0038598764085824035,-0.004102013847871441,0.005632509520423384
1.8726481791954095,0.0039035262618169744,-0.004020629447323901,0.005603836045904886
1.8751350957680462,0.003945656676162298,-0.003938963958264289,0.005575270726220314
1.8776220123406828,0.003986270650405388,-0.003857043577380728,0.005546813396545562
1.8801089289133195,0.004025371605725895,-0.003774894322870155,0.005518463890705601
1.8825958454859562,0.004062963380616078,-0.0036925420281014995,0.005490222041185872
1.8850827620585928,0.004099050225714702,-0.0036100123353973936,0.005462087679143671
1.8875696786312295,0.0041336367985575035,-0.0035273306899352456,0.005434060634419512
1.8900565952038662,0.004166728158246613,-0.0034445223337687104,0.005406140735548479
1.8925435117765028,0.00419832976004152,-0.0033616122999703354,0.005378327809771559
1.8950304283491395,0.004228447449874049,-0.0032786254068963338,0.005350621683046981
1.8975173449217762,0.004257087458789901,-0.0031955862525740856,0.005323022180061506
1.9000042614944128,0.004284256397319294,-0.0031125192092131865,0.005295529124241729
1.9024911780670495,0.0043099612497791715,-0.0030294484178407634,0.005268142337765367
1.9049780946396861,0.004334209368509561,-0.002946397783061541,0.005240861641572501
1.9074650112123228,0.004357008468046584,-0.0028633909679433496,0.005213686855376836
1.9099519277849595,0.004378366619234643,-0.0027804513890285643,0.005186617797676928
1.9124388443575961,0.004398292243280291,-0.0026976022114719414,0.005159654285767399
1.9149257609302328,0.004416794105750317,-0.0026148663443053004,0.0051327961357501145
1.9174126775028695,0.0044338813105165836,-0.0025322664358294125,0.005106043162545383
1.9198995940755061,0.004449563293650062,-0.0024498248691334767,0.0050793951799031
1.9223865106481428,0.004463849817266615,-0.002367563757742443,0.005052852000413896
1.9248734272207795,0.004476750963327014,-0.0022855049413924,0.005026413435520245
1.9273603437934161,0.00448827712739371,-0.0022036699819342398,0.005000079295527581
1.9298472603660528,0.004498439012346731,-0.0021220801593658674,0.004973849389615381
1.9323341769386895,0.004507247622061317,-0.0020407564679928015,0.0049477235258482116
1.9348210935113261,0.004514714255049671,-0.0019597196127174744,0.00492170151118678
1.9373080100839628,0.004520850498069276,-0.001878990005457148,0.004895783151498958
1.9397949266565995,0.004525668219700252,-0.0017985877616904249,0.004869968251570786
1.9422818432292361,0.004529179563894144,-0.0017185326971322359,0.004844256615117427
1.9447687598018728,0.004531396943496634,-0.001638844324537285,0.004818648044794173
1.9472556763745095,0.004532333033746413,-0.0015595418506317035,0.004793142342207325
1.9497425929471461,0.004532000765752806,-0.0014806441731727788,0.004767739307925144
1.9522295095197828,0.00453041331995437,-0.0014021698781364472,0.0047424387414887244
1.9547164260924195,0.004527584119560873,-0.001324137237032338,0.00471724044142287
1.9572033426650561,0.004523526823980996,-0.0012465642043460066,0.0046921442052469346
1.9596902592376928,0.004518255322238074,-0.0011694684151079967,0.004667149829485647
1.9621771758103295,0.004511783726376194,-0.0010928671825892304,0.0046422571096799
1.9646640923829661,0.004504126364858878,-0.0010167774961225228,0.004617465840397526
1.9671510089556028,0.004495297775962718,-0.0009412160190494686,0.004592775815244055
1.9696379255282395,0.004485312701168117,-0.0008661990867923083,0.0045681868268734206
1.9721248421008761,0.0044741860785494,-0.0007917427050502055,0.004543698666998668
1.9746117586735128,0.004461933036166522,-0.0007178625481194187,0.004519311126402641
1.9770986752461495,0.00444856888546051,-0.0006445739573363957,0.004495023994948599
1.9795855918187861,0.004434109114654834,-0.0005718919396435992,0.004470837061590859
1.9820725083914228,0.004418569382164839,-0.0004998311662770242,0.004446750114385383
1.9845594249640595,0.004401965510017366,-0.00042840597157474,0.004422762940500355
1.9870463415366961,0.004384313477282613,-0.0003576303519056918,0.00439887532622671
1.9895332581093328,0.00436562941352035,-0.0002875179647179716,0.00437508705698865
1.9920201746819695,0.004345929592242532,-0.00021808212770577863,0.004351397917354148
1.9945070912546061,0.004325230424394272,-0.00014933581809387805,0.004327807691045389
1.9969940078272428,0.004303548451855227,-8.129167203910712e-05,0.004304316160949197
1.9994809243998795,0.004280900340963355,-1.3961984147668206e-05,0.004280923109127459
2.001967840972516,0.004257302876062939,5.264129289268867e-05,0.004257628316827479
2.004454757545153,0.004232772953078846,0.00011850654856659679,0.0042344315644923325
2.0069416741177895,0.00420732757311888,0.00018362251467202886,0.0042113326317711934
2.009428590690426,0.004180983836106058,0.00024797826534958745,0.004188331297529591
2.011915507263063,0.004153758934442715,0.0003115632170009936,0.004165427339859704
2.0144024238356995,0.004125670146708156,0.00037436712809797934,0.004142620536090559
2.016889340408336,0.004096734831391672,0.00043638009888271353,0.004119910662798241
2.019376256980973,0.004066970420662658,0.0004975925709609758,0.00409729749581606
2.0218631735536094,0.004036394414179543,0.000557995326789208,0.004074780810244694
2.024350090126246,0.0040050243729391815,0.0006175794890566944,0.004052360380462282
2.026837006698883,0.003972877913168426,0.000676336519964111,0.004030035980134504
2.0293239232715194,0.00393997270025943,0.0007342582203997384,0.004007807382224622
2.031810839844156,0.003906326442750336,0.0007913367290145715,0.003985674359003502
2.034297756416793,0.0038719568863528476,0.0008475645211976767,0.003963636682059581
2.0367846729894294,0.003836881808028273,0.0009029344079531254,0.003941694122308829
2.039271589562066,0.003801119010113461,0.0009574395346799296,0.00391984645000465
2.0417585061347028,0.003764686314498187,0.0010110733798561619,0.003898093434747775
2.0442454227073394,0.003727601556855343,0.0010638297536288742,0.00387643484549611
2.046732339279976,0.0036898825809253645,0.001115702796311123,0.0038548704505745567
2.0492192558526128,0.003651547232856248,0.0011666869767875247,0.0038334000176847884
2.0517061724252494,0.0036126133556005596,0.001216777090829755,0.003812023313915021
2.054193088997886,0.003573098783370571,0.0012659682593236857,0.0037907401057497066
2.0566800055705228,0.0035330213361529973,0.0013142559264092953,0.0037695501590792324
2.0591669221431594,0.00349239881428444,0.0013616358575350958,0.0037484532392095676
2.061653838715796,0.003451248993088767,0.0014081041374285274,0.00372744911087188
2.0641407552884328,0.0034095896175776017,0.0014536571679838446,0.003706537538232115
2.0666276718610694,0.003367438397215068,0.0014982916660690106,0.0036857182849005478
2.069114588433706,0.0033248130007479146,0.0015420046612531096,0.003664991113941297
2.0716015050063428,0.0032817310511019664,0.0015847934934560678,0.0036443557878817904
2.0740884215789794,0.003238210120346123,0.0016266558105219279,0.003623812068722218
2.076575338151616,0.0031942677247247747,0.0016675895657174908,0.00360335971794494
2.0790622547242528,0.0031499213197596293,0.0017075930151578679,0.003582998496523852
2.0815491712968894,0.0031051882954218875,0.0017466647151605497,0.0035627281649337175
2.084036087869526,0.003060085971375739,0.0017848035195295313,0.00354254848315949
2.0865230044421628,0.0030146315922938774,0.0018220085767712603,0.0035224592107055475
2.0890099210147994,0.0029688423232460477,0.0018582793272439195,0.003502460106604942
2.091496837587436,0.002922735245161319,0.0018936155002417133,0.0034825509294285806
2.0939837541600728,0.002876327350364891,0.0019280171110157985,0.0034627314372943823
2.0964706707327094,0.002829635538190127,0.001961484457733542,0.0034430013878763944
2.098957587305346,0.0027826766106665763,0.001994018118377716,0.003423360538413889
2.1014445038779828,0.0027354672682845665,0.0020256189475872845,0.003403808645720386
2.1039314204506194,0.0026880241058370837,0.0020562880734414676,0.0033843454661926695
2.106418337023256,0.0026403636083394766,0.0020860268941887473,0.0033649707558197606
2.1089052535958928,0.0025925021470275846,0.002114837074922444,0.0033456842701918474
2.1113921701685294,0.002544455975434816,0.002142720544204555,0.003326485764509177
2.113879086741166,0.002496241225548683,0.0021696794906395215,0.003307374993590924
2.1163660033138028,0.00244787390404719,0.0021957163593996276,0.003288351711883993
2.1188529198864394,0.0023993698886156673,0.0022208338487035833,0.00326941567347181
2.121339836459076,0.0023507449243442883,0.0022450349062500988,0.0032505666320830624
2.1238267530317128,0.0023020146202067347,0.0022683227256080404,0.0032318043411004083
2.1263136696043494,0.002253194445620311,0.002290700742564829,0.003213128553569135
2.128800586176986,0.0022042997270878984,0.002312172631434723,0.0031945390222057946
2.1312875027496228,0.002155345644921819,0.0023327423013287762,0.0031760354994067883
2.1337744193222594,0.002106347230050115,0.0023524138923879173,0.0031576177372569124
2.136261335894896,0.0020573193609052963,0.0023711917719809526,0.00313928548753788
2.1387482524675328,0.002008276760395755,0.0023890805308690887,0.003121038501736785
2.1412351690401694,0.0019592339929600257,0.0024060849793386217,0.0031028765310545346
2.143722085612806,0.0019102054617040154,0.002422210143303412,0.003084799326414246
2.1462090021854427,0.0018612054056213391,0.0024374612603787482,0.0030668066384696067
2.1486959187580794,0.0018122478968966322,0.0024518437759283385,0.0030488982176131753
2.151182835330716,0.0017633468382921502,0.0024653633390858687,0.0030310738139846657
2.1536697519033527,0.001714515960617465,0.0024780257987528542,0.0030133331774791763
2.1561566684759894,0.0016657688202822854,0.002489837199574355,0.0029956760577553947
2.158643585048626,0.0016171187969323325,0.002500803777894131,0.0029781022042437415
2.1611305016212627,0.0015685790911682753,0.002510931957690793,0.0029606113661544997
2.1636174181938994,0.0015201627223474516,0.002520228346496576,0.0029432032924858725
2.166104334766536,0.0014718825264683907,0.00252869973130025,0.002925877732032036
2.1685912513391727,0.0014237511541378967,0.0025363530744357066,0.002908634433391115
2.1710781679118094,0.0013757810686205344,0.0025431955094577996,0.0028914731449731597
2.173565084484446,0.0013279845439702403,0.0025492343370069202,0.002874393615008035
2.1760520010570827,0.0012803736632438958,0.002554477020663869,0.00285739559155332
2.1785389176297194,0.0012329603167965154,0.0025589311827964516,0.0028404788225021168
2.181025834202356,0.0011857562006578203,0.002562604600399364,0.002823643055590854
2.1835127507749927,0.0011387728149898097,0.002565505200928793,0.0028068880384070367
2.1859996673476294,0.0010920214626250428,0.0025676410581331995,0.0027902135183969553
2.188486583920266,0.0010455132476852344,0.002569020387881737,0.002773619242873354
2.1909735004929027,0.000999259074279771,0.0025696515439917367,0.0027571049590230656
2.1934604170655394,0.0009532696452836769,0.002569543014056682,0.0027406704139145894
2.195947333638176,0.0009075554611947269,0.002568703415276044,0.002724315354505639
2.1984342502108127,0.0008621268190690934,0.0025671414902884056,0.0027080395276506525
2.2009211667834494,0.0008169938115351046,0.0025648661030092186,0.0026918426801082478
2.203408083356086,0.0007721663258846267,0.0025618862344745576,0.0026757245585486544
2.2058949999287227,0.0007276540432415002,0.002558210978692188,0.0026596849095610834
2.2083819165013594,0.0006834664378065114,0.002553849538501313,0.0026437234796610806
2.210868833073996,0.0006396127761782408,0.002548811221442253,0.002627840015297809
2.2133557496466327,0.0005961021167493635,0.0025431054356373785,0.0026120342628613152
2.2158426662192694,0.0005529433091776174,0.002536741685684546,0.0025963059686897397
2.218329582791906,0.0005101449939308882,0.0025297295685643077,0.002580654879076492
2.2208164993645427,0.000467715601905759,0.002522078769562104,0.002565080740277382
2.2233034159371794,0.0004256633541188945,0.0025137990582066653,0.0025495832985177134
2.225790332509816,0.00038399626147038896,0.002504900284225825,0.0025341622999993222
2.2282772490824527,0.0003427221245786402,0.002495392373520907,0.002518817490907589
2.2307641656550894,0.00030184853368583875,0.002485285324160853,0.0025035486174184046
2.233251082227726,0.00026138286863337736,0.002474589202397228,0.002488355425705091
2.2357379988003627,0.0002213322989064231,0.0024633141387012236,0.0024732376619452795
2.2382249153729994,0.00018170378374695125,0.0024514703238237515,0.0024581950723277612
2.240711831945636,0.0001425040723343044,0.0024390680048797025,0.0024432274030592636
2.2431987485182727,0.00010373970403261207,0.0024261174814574644,0.0024283344003712265
2.2456856650909094,6.541700870419354e-05,0.0024126291017546758,0.0024135158105264977
2.248172581663546,2.754210708812587e-05,0.0023986132587413035,0.0023987713798260205
2.2506594982361827,-9.879088756897043e-06,0.0023840803863509796,0.0023841008546154467
2.2531464148088194,-4.684087494623276e-05,0.002369040955701629,0.002369503981291742
2.255633331381456,-8.333775520037984e-05,0.00235350547134629,0.0023549805063097146
2.2581202479540927,-0.00011936444021436349,0.0023374844675551087,0.002340530176188523
2.2606071645267294,-0.0001549158469663349,0.0023209885046294103,0.0023261527375181452
2.263094081099366,-0.0001899870979662525,0.0023040281652487097,0.002311847936965789
2.2655809976720027,-0.00022457352044559045,0.0022866140508515783,0.0022976155212822685
2.2680679142446394,-0.0002586706454889946,0.002268756778051197,0.002283455237308352
2.270554830817276,-0.0002922742071088707,0.0022504669750863997,0.002269366831981037
2.2730417473899127,-0.00032538014126373737,0.0022317552783090726,0.002255350052339817
2.2755286639625494,-0.0003579845848214293,0.0022126323287086336,0.002241404645532877
2.278015580535186,-0.0003900838744680584,0.002193108768474407,0.0022275303588232733
2.2805024971078227,-0.0004216745455636946,0.0021731952375965945,0.0022137269395950503
2.2829894136804594,-0.0004527533309457735,0.0021529023705065976,0.002199994135359324
2.285476330253096,-0.0004833171596812133,0.002132240792757377,0.0021863316937603323
2.2879632468257327,-0.0005133631557682786,0.002111221117744503,0.00217273936258142
2.2904501633983694,-0.0005428886367890891,0.002089853943468608,0.0021592168897510058
2.292937079971006,-0.000571891112513902,0.0020681498493398225,0.0021457640233484942
2.2954239965436427,-0.0006003682834581274,0.0020461193930248335,0.0021323805116101515
2.2979109131162794,-0.0006283180393930939,0.0020237731073371483,0.0021190661029349316
2.300397829688916,-0.0006557384578115655,0.002001121497171157,0.0021058205458902766
2.3028847462615527,-0.0006826278023491727,0.001978175036480471,0.002092643589217852
2.3053716628341894,-0.0007089845211625969,0.001954944165301161,0.0020795349818392597
2.307858579406826,-0.0007348072452656809,0.0019314392868203301,0.0020664944728617024
2.3103454959794627,-0.0007600947868244755,0.0019076707644905217,0.0020535218115836015
2.3128324125520994,-0.0007848461374122703,0.0018836489191904294,0.002040616747500185
2.315319329124736,-0.0008090604662255975,0.0018593840264323634,0.0020277790303090248
2.3178062456973727,-0.0008327371182623647,0.001834886313616839,0.0020150084099155273
2.3202931622700094,-0.0008558756124630761,0.0018101659573347565,0.0020023046364383967
2.322780078842646,-0.0008784756398162247,0.0017852330807174945,0.0019896674602150484
2.3252669954152827,-0.0009005370614289041,0.0017600977508353058,0.0019770966318069807
2.3277539119879194,-0.0009220599065637091,0.0017347699761443153,0.001964591902005102
2.330240828560556,-0.0009430443706429586,0.0017092597039824811,0.0019521530218350334
2.3327277451331927,-0.0009634908132212869,0.0016835768181147584,0.0019397797425623434
2.3352146617058294,-0.000983399755927675,0.001657731136327786,0.001927471815697761
2.337701578278466,-0.0010027718803779682,0.0016317324080743151,0.001915228993002343
2.3401884948511027,-0.0010216080260589072,0.0016055903121676323,0.0019030510264925983
2.3426754114237394,-0.0010399091881847387,0.0015793144545261796,0.0018909376684455696
2.345162327996376,-0.0010576765155274543,0.001552914365968554,0.0018788886714038735
2.3476492445690127,-0.0010749113082216919,0.0015263995000590893,0.0018669037881807158
2.3501361611416494,-0.001091615015545323,0.0014997792310041222,0.0018549827718648312
2.352623077714286,-0.001107789233676793,0.0014730628515991359,0.0018431253758254195
2.3551099942869227,-0.0011234357034302289,0.0014462595712268337,0.001831331353717016
2.3575969108595594,-0.0011385563079693351,0.0014193785139062878,0.0018196004594843304
2.360083827432196,-0.0011531530705011163,0.00139242871639321,0.0018079324473670455
2.3625707440048327,-0.0011672281519504385,0.0013654191263314133,0.0017963270719045783
2.3650576605774694,-0.001180783848616465,0.0013383586004554616,0.001784784087940783
2.367544577150106,-0.0011938225898119222,0.0013112559028446175,0.001773303250628639
2.3700314937227427,-0.0012063469354862619,0.0012841197032279876,0.0017618843154348783
2.3725184102953794,-0.001218359573833687,0.001256958575340907,0.001750527038144583
2.375005326868016,-0.0012298633188870302,0.0012297809953325132,0.0017392311748657358
2.3774922434406527,-0.0012408611080984603,0.00120259534022449,0.001727996482033744
2.3799791600132894,-0.0012513559999080613,0.0011754098864207993,0.001716822716415897
2.382466076585926,-0.0012613511713011594,0.0011482328082684787,0.0017057096351158142
2.3849529931585627,-0.0012708499153554235,0.0011210721766692763,0.0016946569955778297
2.3874399097311994,-0.0012798556387786928,0.0010939359577420424,0.0016836645555913493
2.389926826303836,-0.0012883718594384709,0.0010668320115357402,0.0016727320732951637
2.3924137428764727,-0.0012964022038840068,0.0010397680907929486,0.001661859307181725
2.3949006594491093,-0.0013039504048619453,0.0010127518397636199,0.001651046016101377
2.397387576021746,-0.001311020298826428,0.0009857907930689725,0.001640291959266548
2.3998744925943827,-0.0013176158234445808,0.000958892374615299,0.0016295968962559138
2.4023614091670193,-0.0013237410150982814,0.0009320638965574621,0.0016189605870185065
2.404848325739656,-0.0013294000063831244,0.0009053125583118488,0.0016083827918777906
2.4073352423122927,-0.001334597023605465,0.0008786454456185575,0.0015978632715357094
2.4098221588849293,-0.0013393363842783973,0.0008520695296525258,0.0015874017870766708
2.412309075457566,-0.0013436224946175685,0.0008255916661833594,0.0015769980999715103
2.4147959920302027,-0.0013474598470376803,0.0007992185947835437,0.0015666519720814163
2.4172829086028393,-0.001350853017650502,0.0007729569380847563,0.0015563631656618033
2.419769825175476,-0.0013538066637652617,0.0007468132010819645,0.001546131443366158
2.4222567417481127,-0.001356325521392235,0.0007207937704849571,0.0015359565682498445
2.4247436583207493,-0.0013584144027503403,0.0006949049141169962,0.0015258383037738677
2.427230574893386,-0.0013600781937795495,0.000669152780360217,0.001515776413808597
2.4297174914660227,-0.001361321851658916,0.0006435433976474246,0.0015057706626374584
2.4322044080386593,-0.0013621504023309957,0.0006180826739998845,0.0014958208149605824
2.434691324611296,-0.0013625689380334332,0.0005927763966107485,0.0014859266358984151
2.4371782411839327,-0.0013625826148384757,0.0005676302314736938,0.0014760878909952947
2.4396651577565693,-0.0013621966502011616,0.0005426497230563706,0.001466304346222987
2.442152074329206,-0.0013614163205169253,0.0005178402940181992,0.0014565757679841783
2.4446389909018427,-0.0013602469586893307,0.0004932072449721641,0.0014469019231159402
2.4471259074744793,-0.00135869395170866,0.000468755754290073,0.0014372825788931522
2.449612824047116,-0.0013567627382420494,0.00044449087795086416,0.0014277175030318826
2.4520997406197527,-0.0013544588062358622,0.00042041754943150287,0.00141820646369274
2.4545866571923893,-0.0013517876905309702,0.00039654057964000865,0.0014087492294841861
2.457073573765026,-0.0013487549704916163,0.0003728646568900332,0.0013993455694657998
2.4595604903376627,-0.001345366267648499,0.0003493943469166414,0.0013899952531515201
2.4620474069102993,-0.0013416272433567176,0.0003261340929326911,0.0013806980505128466
2.464534323482936,-0.001337543596469204,0.0003030882157253281,0.0013714537319819927
2.4670212400555727,-0.0013331210610262618,0.0002802609137920754,0.0013622620684550218
2.4695081566282093,-0.001328365403961792,0.00025765626351603336,0.001353122831294934
2.471995073200846,-0.001323282422826802,0.00023527821937957061,0.0013440357923347104
2.4744819897734827,-0.0013178779435307803,0.0002131306142160472,0.0013350007238803385
2.4769689063461193,-0.0013121578181014737,0.0001912171594989854,0.0013260173987137878
2.479455822918756,-0.0013061279224636337,0.00016954144566814263,0.0013170855900959556
2.4819427394913927,-0.001299794154237251,0.00014810694249191273,0.0013082050717695727
2.4844296560640293,-0.0012931624305558063,0.0001269169994654935,0.0012993756179620751
2.486916572636666,-0.0012862386859050447,0.00010597484624428671,0.0012905970033884459
2.4894034892093027,-0.0012790288699827512,8.528359311187192e-05,0.0012818690032540083
2.4918904057819393,-0.0012715389455800283,6.48462314820442e-05,0.0012731913932571934
2.494377322354576,-0.0012637748864845304,4.466563443429671e-05,0.0012645639495922718
2.4968642389272127,-0.0012557426754061054,2.474455728215995e-05,0.0012559864489520471
2.4993511554998493,-0.0012474483019252875,5.085638173786229e-06,0.0012474586685305119
2.501838072072486,-0.0012388977604650773,-1.4308601275802091e-05,0.0012389803860254826
2.5043249886451227,-0.0012300970482863878,-3.3435755321418605e-05,0.0012305513796411743
2.5068119052177593,-0.0012210521635076029,-5.22935333939777e-05,0.001222171428090767
2.509298821790396,-0.0012117691031485957,-7.087975937694273e-05,0.0012138403105989212
2.5117857383630326,-0.0012022538611995985,-8.919237085355405e-05,0.0012055578069042653
2.5142726549356693,-0.0011925124267152753,-0.00010722941832546913,0.0011973236972618448
2.516759571508306,-0.0011825507819343563,-0.00012498906440343313,0.0011891377624455473
2.5192464880809426,-0.0011723749004251337,-0.00014246958297062706,0.0011809997837504739
2.5217334046535793,-0.001161990745257189,-0.00015966935831925958,0.0011729095429952993
2.524220321226216,-0.0011514042671996088,-0.00017658688426109794,0.0011648668225245796
2.5267072377988526,-0.0011406214029460147,-0.00019322076321253467,0.0011568714052110412
2.5291941543714893,-0.0011296480733666687,-0.000209569705254821,0.001148923074457824
2.531681070944126,-0.0011184901817879393,-0.00022563252717008268,0.001141021614200702
2.5341679875167626,-0.0011071536122993528,-0.00024140815145382906,0.0011331668089102594
2.5366549040893993,-0.0010956442280885053,-0.00025689560530447455,0.001125358443594044
2.539141820662036,-0.0010839678698040403,-0.00027209401959058665,0.0011175963037986802
2.5416287372346726,-0.0010721303539469168,-0.0002870026277964759,0.0011098801756119548
2.5441156538073093,-0.0010601374712901615,-0.0003016207649467622,0.001102209845664866
