Time (s),Acceleration x (m/s^2),Acceleration y (m/s^2),Acceleration z (m/s^2),Absolute acceleration (m/s^2)
0.0,1.139639990234375,1.0295067138671874,-1.2018892333984375,1.9501797636623412
0.002486943546381497,1.1156979736328125,1.22583125,-3.6918589599609373,4.046883591368645
0.004973887092762994,1.0773907470703123,1.47482822265625,-5.027823486328125,5.34928949654894
0.007460830639144491,0.9002198242187499,1.8148048583984373,-5.0948611328124995,5.482838896833143
0.009947774185525988,0.5363011718749999,2.1356278808593747,-4.07971962890625,4.636015276392146
0.012434717731907486,0.1197100830078125,2.528276953125,-2.01112939453125,3.232824816971127
0.014921661278288981,-0.2537853759765625,2.925714428710937,0.8667010009765624,3.0619246497131027
0.01740860482467048,-0.7326257080078125,3.2225954345703123,4.256890551757812,5.3891538234301954
0.019895548371051976,-1.1109095703125,3.4572271972656248,7.9295958984374995,8.721526877757233
0.022382491917433474,-1.4317325927734375,3.706224169921875,11.597512841796874,12.259211227912106
0.02486943546381497,-1.6807295654296874,3.754108203125,14.853627099609374,15.412605824036696
0.027356379010196465,-1.8531120849609375,3.7205893798828122,17.559074975585936,18.04433217748369
0.029843322556577963,-1.89620771484375,3.6343981201171873,19.40739865722656,19.835613830528757
0.032330266102959464,-1.8195932617187498,3.418919970703125,20.48000100097656,20.842993412755423
0.03481720964934096,-1.714248388671875,3.189076611328125,20.65238352050781,20.967350863881848
0.03730415319572245,-1.4508862060546874,2.844311572265625,19.857508569335938,20.112578792494364
0.03979109674210395,-1.1540052001953125,2.5953145996093747,18.301277490234373,18.520371045083916
0.04227804028848545,-0.7948749511718749,2.2840683837890623,16.0507279296875,16.23190258850378
0.04476498383486695,-0.5123591552734374,2.039859814453125,13.450624926757811,13.61406812407415
0.04725192738124844,-0.19632453613281248,1.8243816650390623,10.649408984374999,10.806332564737465
0.04973887092762994,0.0383072265625,1.7190367919921874,7.886500268554687,8.071768171952343
0.05222581447401144,0.316034619140625,1.6903063720703124,5.386953735351562,5.654757648102614
0.05471275802039293,0.4070142822265625,1.70467158203125,3.27526787109375,3.714693184630504
0.05719970156677443,0.45010991210937495,1.8052280517578123,1.7956512451171873,2.5856934555208437
0.059686645113155926,0.4644751220703125,1.9201497314453124,1.0295067138671874,2.2276885339044488
0.062173588659537427,0.3064578125,2.1595698974609374,0.93852705078125,2.374550811818917
0.06466053220591893,0.1388636962890625,2.379836450195312,1.5466542724609373,2.8416622062354557
0.06714747575230041,-0.08140285644531249,2.5234885498046875,2.729389892578125,3.7180895728506123
0.06963441929868192,-0.33039982910156246,2.8012159423828122,4.4819455078125,5.295640691921103
0.07212136284506342,-0.6416460449218749,2.9735984619140625,6.49307490234375,7.170356974872859
0.0746083063914449,-0.8667010009765624,3.1459809814453124,8.738836059570312,9.328216476731003
0.0770952499378264,-1.0390835205078124,3.227383837890625,10.855310327148437,11.372487120166989
0.0795821934842079,-1.20667763671875,3.2704794677734372,12.794613671875,13.26100470856622
0.0820691370305894,-1.3551181396484375,3.2513258544921873,14.417882397460936,14.841927024868014
0.0845560805769709,-1.39821376953125,3.1699229980468746,15.509638354492187,15.891894016950541
0.0870430241233524,-1.350329736328125,3.0550013183593747,16.165649609375,16.507109097145857
0.0895299676697339,-1.2832920898437499,2.85388837890625,16.18480322265625,16.48451918689823
0.09201691121611538,-1.1348515869140625,2.7246014892578123,15.705962890624999,15.980882695310571
0.09450385476249688,-0.948103857421875,2.5474305664062498,14.686032983398437,14.935456745763952
0.09699079830887838,-0.8044517578125,2.3511060302734372,13.316549633789062,13.54641415081509
0.09947774185525989,-0.612915625,2.2649147705078123,11.726799731445311,11.959236448137457
0.10196468540164137,-0.27293898925781246,2.1930887207031247,10.09395419921875,10.333055947039975
0.10445162894802287,-0.19632453613281248,2.020706201171875,8.2743609375,8.51979141757403
0.10693857249440437,-0.047884033203124995,2.0781670410156248,6.737283471679687,7.050677960931681
0.10942551604078586,-0.01915361328125,2.0159177978515626,5.482721801757812,5.841620475866851
0.11191245958716736,0.086191259765625,2.1260510742187497,4.6351744140625,5.100231754756477
0.11439940313354886,0.0909796630859375,2.212242333984375,4.170699291992188,4.7219726839099785
0.11688634667993036,-0.0047884033203125,2.365471240234375,4.199429711914062,4.819822301961861
0.11937329022631185,-0.1005564697265625,2.446874096679687,4.6351744140625,5.242341680717268
0.12186023377269335,-0.19632453613281248,2.6384102294921874,5.439626171875,6.048907732171507
0.12434717731907485,-0.38307226562499996,2.7533319091796873,6.5505357421875,7.115974948836882
0.12683412086545634,-0.5698199951171875,2.849099975585937,7.843404638671874,8.36427294052858
0.12932106441183785,-0.70868369140625,2.96881005859375,9.289502441406249,9.778083725728946
0.13180800795821934,-0.8954314208984374,3.0071172851562498,10.678139404296875,11.129564813316616
0.13429495150460083,-0.9624690673828125,2.978386865234375,11.884817041015625,12.290077750896646
0.13678189505098234,-1.0917559570312498,2.9735984619140625,12.885593334960937,13.269240161983678
0.13926883859736383,-1.13006318359375,2.940079638671875,13.565546606445311,13.926419705447875
0.14175578214374532,-1.0965443603515623,2.887407202148437,13.895946435546874,14.23505733127989
0.14424272569012683,-1.0295067138671874,2.767697119140625,13.891158032226562,14.201559875361912
0.14672966923650832,-1.0007762939453124,2.6001030029296874,13.460201733398437,13.74551270488479
0.1492166127828898,-0.8906430175781249,2.4756045166015626,12.722787622070312,12.991966270880026
0.15170355632927132,-0.74699091796875,2.398990063476562,11.79862578125,12.063196884829669
0.1541904998756528,-0.5985504150390625,2.35589443359375,10.649408984374999,10.923296796208936
0.15667744342203432,-0.45010991210937495,2.2457611572265623,9.4618849609375,9.735158402527508
0.1591643869684158,-0.36391865234375,2.1787235107421874,8.374917407226562,8.661322907018935
0.1616513305147973,-0.239420166015625,2.269703173828125,7.297526660156249,7.64609507322997
0.1641382740611788,-0.16280571289062498,2.2744915771484373,6.5409589355468745,6.927045649566597
0.1666252176075603,-0.1484405029296875,2.3127988037109373,5.97592734375,6.409585049528221
0.1691121611539418,-0.12449848632812499,2.360682836914062,5.7125651611328125,6.182372040712769
0.1715991047003233,-0.17238251953125,2.480392919921875,5.856217260742187,6.3621808662795205
0.1740860482467048,-0.22505495605468748,2.5522189697265625,6.2009822998046875,6.709445050461918
0.17657299179308628,-0.2920926025390625,2.6575638427734374,6.885723974609375,7.386552532906342
0.1790599353394678,-0.411802685546875,2.7246014892578123,7.6997525390625,8.177971868983711
0.18154687888584928,-0.5315127685546874,2.844311572265625,8.686163623046875,9.155438418208252
0.18403382243223076,-0.679953271484375,2.85388837890625,9.639055883789062,10.075634653036353
0.18652076597861228,-0.74699091796875,2.920926025390625,10.687716210937499,11.104822469669124
0.18900770952499377,-0.842758984375,2.8730419921875,11.501744775390625,11.88506398269875
0.19149465307137528,-0.9193734375,2.834734765625,12.152967626953124,12.513016856489655
0.19398159661775677,-0.9911994873046874,2.7724855224609373,12.603077539062499,12.942438558923516
0.19646854016413826,-1.005564697265625,2.7246014892578123,12.7563064453125,13.082735484690273
0.19895548371051977,-0.9433154541015625,2.6240450195312497,12.694057202148437,12.99671283678647
0.20144242725690126,-0.8858546142578124,2.5761609863281247,12.301408129882812,12.599443868799444
0.20392937080328274,-0.8044517578125,2.461239306640625,11.755530151367187,12.037330713032
0.20641631434966426,-0.737414111328125,2.365471240234375,10.927136376953124,11.204532259781933
0.20890325789604575,-0.5793968017578125,2.327164013671875,10.13226142578125,10.41220988075016
0.21139020144242723,-0.45010991210937495,2.3032219970703123,9.212887988281249,9.507088701878436
0.21387714498880875,-0.39264907226562495,2.2936451904296873,8.379705810546875,8.696806944209198
0.21636408853519024,-0.3112462158203125,2.31758720703125,7.6087728759765625,7.95999430573
0.21885103208157172,-0.2442085693359375,2.370259643554687,7.034164477539062,7.4267919386686385
0.22133797562795324,-0.229843359375,2.403778466796875,6.641515405273437,7.066873832591715
0.22382491917433472,-0.19632453613281248,2.47081611328125,6.53138212890625,6.985873467429393
0.22631186272071624,-0.2442085693359375,2.4899697265625,6.675034228515624,7.1285109957402755
0.22879880626709773,-0.3112462158203125,2.6048914062499997,7.043741284179687,7.5164236657917884
0.2312857498134792,-0.3447650390625,2.6719290527343746,7.580042456054687,8.044570307393514
0.23377269335986073,-0.45010991210937495,2.748543505859375,8.312668164062499,8.766843351081338
0.23625963690624222,-0.51714755859375,2.7341782958984373,9.074024291992187,9.491105805056957
0.2387465804526237,-0.6512228515624999,2.829946362304687,9.854534033203125,10.273486683082691
0.24123352399900522,-0.737414111328125,2.825157958984375,10.644620581054687,11.03780976369006
0.2437204675453867,-0.8044517578125,2.7964275390625,11.281478222656249,11.650703862863478
0.2462074110917682,-0.8810662109374999,2.7724855224609373,11.803414184570311,12.156625356274942
0.2486943546381497,-0.8858546142578124,2.729389892578125,12.119448803710936,12.45453117901593
0.2511812981845312,-0.8906430175781249,2.6240450195312497,12.20085166015625,12.511580175278619
0.2536682417309127,-0.9145850341796874,2.5953145996093747,12.090718383789062,12.39990301138625
0.2561551852772942,-0.8475473876953125,2.5426421630859375,11.698069311523437,12.001174582560571
0.2586421288236757,-0.7661445312499999,2.4756045166015626,11.238382592773437,11.53329261169313
0.26112907237005717,-0.7134720947265625,2.408566870117187,10.577582934570312,10.871775270648888
0.2636160159164387,-0.6177040283203125,2.398990063476562,9.840168823242188,10.147198335558933
0.2661029594628202,-0.51714755859375,2.3223756103515623,9.102754711914063,9.408560645401025
0.26858990300920166,-0.43574470214843747,2.327164013671875,8.394071020507813,8.721582086371079
0.2710768465555832,-0.3687070556640625,2.3319524169921872,7.738059765625,8.090211116182111
0.2735637901019647,-0.2825157958984375,2.39420166015625,7.331045483398437,7.717269247867648
0.27605073364834615,-0.24899697265624998,2.437297290039062,7.019799267578125,7.43505207308692
0.27853767719472766,-0.27293898925781246,2.480392919921875,6.938396411132812,7.373478791389878
0.2810246207411092,-0.3112462158203125,2.6001030029296874,7.058106494140625,7.528232004616789
0.28351156428749064,-0.3399766357421875,2.6336218261718747,7.417236743164062,7.878257988939082
0.28599850783387215,-0.36391865234375,2.6910826660156246,7.881711865234375,8.336410776073224
0.28848545138025367,-0.43574470214843747,2.73896669921875,8.489839086914062,8.931359344835112
0.2909723949266351,-0.5315127685546874,2.767697119140625,9.198522778320312,9.62057557892009
0.29345933847301664,-0.603338818359375,2.8012159423828122,9.892841259765625,10.299472640699621
0.29594628201939815,-0.679953271484375,2.829946362304687,10.611101757812499,11.00301837586284
0.2984332255657796,-0.7517793212890624,2.7820623291015623,11.204863769531249,11.569529594788108
0.30092016911216113,-0.8379705810546875,2.7581203125,11.549628808593749,11.903921537427776
0.30340711265854264,-0.8188169677734375,2.73896669921875,11.880028637695311,12.219144005968817
0.30589405620492416,-0.86191259765625,2.6910826660156246,11.937489477539062,12.267374383611358
0.3083809997513056,-0.8379705810546875,2.5857377929687497,11.793837377929687,12.103009325194764
0.31086794329768713,-0.7852981445312499,2.4899697265625,11.554417211914062,11.845724947084408
0.31335488684406865,-0.74699091796875,2.4516625,11.042058056640624,11.335593966425233
0.3158418303904501,-0.689530078125,2.389413256835937,10.457872851562499,10.749504733708914
0.3183287739368316,-0.612915625,2.360682836914062,9.80665,10.105388327143581
0.32081571748321314,-0.565031591796875,2.3319524169921872,9.088389501953124,9.399791833549079
0.3233026610295946,-0.45489831542968745,2.365471240234375,8.437166650390624,8.77429015660073
0.3257896045759761,-0.38786066894531246,2.327164013671875,7.829039428710937,8.176795620617808
0.3282765481223576,-0.3399766357421875,2.379836450195312,7.4699091796875,7.847212804257852
0.3307634916687391,-0.33039982910156246,2.4133552734375,7.192181787109375,7.593479214544986
0.3332504352151206,-0.2920926025390625,2.4947581298828125,7.101202124023437,7.532344111981966
0.3357373787615021,-0.3112462158203125,2.5570073730468748,7.230489013671875,7.675619342405421
0.3382243223078836,-0.3112462158203125,2.6527754394531247,7.503428002929687,7.964642084499314
0.3407112658542651,-0.411802685546875,2.6431986328124997,7.958326318359375,8.395894130693703
0.3431982094006466,-0.411802685546875,2.767697119140625,8.59997236328125,9.043741119930635
0.34568515294702806,-0.51714755859375,2.7629087158203123,9.17458076171875,9.595521784802278
0.3481720964934096,-0.59376201171875,2.767697119140625,9.859322436523437,10.25762836025921
0.3506590400397911,-0.6416460449218749,2.786850732421875,10.520122094726561,10.901890457150916
0.35314598358617255,-0.7613561279296874,2.729389892578125,11.018116040039061,11.376647722901934
0.35563292713255407,-0.7805097412109374,2.7246014892578123,11.477802758789062,11.82254646432218
0.3581198706789356,-0.8044517578125,2.6815058593749996,11.789048974609374,12.116901090223045
0.36060681422531704,-0.8858546142578124,2.6671406494140624,11.7603185546875,12.09146269684052
0.36309375777169856,-0.8379705810546875,2.6288334228515624,11.750741748046874,12.070331043062005
0.36558070131808007,-0.8092401611328125,2.528276953125,11.434707128906249,11.738806630742014
0.36806764486446153,-0.7613561279296874,2.408566870117187,11.003750830078124,11.289968549637646
0.37055458841084304,-0.7422025146484375,2.375048046875,10.419565624999999,10.712565780960078
0.37304153195722456,-0.6081272216796875,2.379836450195312,9.840168823242188,10.142108396055212
0.3755284755036061,-0.5123591552734374,2.418143676757812,9.188945971679686,9.515600812133968
0.37801541904998753,-0.5027823486328125,2.3367408203125,8.532934716796875,8.861383787678358
0.38050236259636905,-0.4644751220703125,2.346317626953125,7.943961108398437,8.296231773360729
0.38298930614275056,-0.37828386230468747,2.360682836914062,7.551312036132812,7.9207471619806835
0.385476249689132,-0.2920926025390625,2.4516625,7.278373046874999,7.685745332226456
0.38796319323551354,-0.316034619140625,2.4899697265625,7.211335400390625,7.635652256135038
0.39045013678189505,-0.3399766357421875,2.528276953125,7.283161450195312,7.717007786322668
0.3929370803282765,-0.3399766357421875,2.6575638427734374,7.56567724609375,8.026063909746046
0.395424023874658,-0.38307226562499996,2.6623522460937497,7.963114721679687,8.40512105288218
0.39791096742103954,-0.411802685546875,2.710236279296875,8.480262280273436,8.912340348285012
0.400397910967421,-0.4836287353515625,2.73896669921875,9.112331518554686,9.527351207819105
0.4028848545138025,-0.5602431884765625,2.7724855224609373,9.80665,10.20641624788005
0.40537179806018403,-0.6177040283203125,2.7916391357421872,10.414777221679687,10.8001107359151
0.4078587416065655,-0.6560112548828124,2.839523168945312,10.941501586914061,11.322972205651354
0.410345685152947,-0.7517793212890624,2.7341782958984373,11.358092675781249,11.706714839497696
0.4128326286993285,-0.7948749511718749,2.6862942626953124,11.645396875,11.977615431714696
0.41531957224571,-0.7805097412109374,2.6815058593749996,11.769895361328125,12.096698142327968
0.4178065157920915,-0.7948749511718749,2.6288334228515624,11.674127294921874,11.992824498471654
0.420293459338473,-0.7996633544921875,2.5761609863281247,11.439495532226562,11.753217641983333
0.42278040288485447,-0.7517793212890624,2.5043349365234375,11.046846459960937,11.352078326551538
0.425267346431236,-0.6847416748046875,2.418143676757812,10.572794531249999,10.86739500536757
0.4277542899776175,-0.6847416748046875,2.370259643554687,9.916783276367187,10.219079825968395
0.43024123352399896,-0.55545478515625,2.384624853515625,9.313444458007812,9.629912428612931
0.43272817707038047,-0.5123591552734374,2.3511060302734372,8.657433203124999,8.985619685706256
0.435215120616762,-0.39743747558593745,2.384624853515625,8.14028564453125,8.491680788487406
0.43770206416314344,-0.4070142822265625,2.375048046875,7.6614453125,8.031454297157481
0.44018900770952496,-0.38786066894531246,2.43250888671875,7.3932947265625,7.792839167870544
0.4426759512559065,-0.32082302246093747,2.4564509033203126,7.259219433593749,7.670289775310272
0.445162894802288,-0.354341845703125,2.5761609863281247,7.287949853515625,7.73798272409895
0.44764983834866945,-0.3495534423828125,2.5665841796874997,7.498639599609374,7.933419048892707
0.45013678189505096,-0.3591302490234375,2.6527754394531247,7.881711865234375,8.323915784923924
0.4526237254414325,-0.4165910888671875,2.710236279296875,8.379705810546875,8.816938147466702
0.45511066898781394,-0.5027823486328125,2.729389892578125,8.997409838867187,9.415717874084185
0.45759761253419545,-0.55545478515625,2.7820623291015623,9.600748657226562,10.011132583309275
0.46008455608057697,-0.622492431640625,2.8203695556640622,10.218452685546874,10.618792612379558
0.4625714996269584,-0.6560112548828124,2.8012159423828122,10.826579907226561,11.202320920682215
0.46505844317333994,-0.7661445312499999,2.7964275390625,11.243170996093749,11.611024006150153
0.46754538671972146,-0.8044517578125,2.7246014892578123,11.592724438476562,11.935738595175634
0.4700323302661029,-0.7996633544921875,2.6479870361328124,11.702857714843748,12.025313946750954
0.47251927381248443,-0.8092401611328125,2.6575638427734374,11.717222924804688,12.042044190517467
0.47500621735886595,-0.7613561279296874,2.5617957763671875,11.506533178710937,11.812822124544349
0.4774931609052474,-0.7565677246093749,2.480392919921875,11.166556542968749,11.463713568754121
0.4799801044516289,-0.699106884765625,2.4899697265625,10.673351000976561,10.98221841276032
0.48246704799801043,-0.6943184814453125,2.403778466796875,10.098742602539062,10.404077624828176
0.4849539915443919,-0.612915625,2.422932080078125,9.481038574218749,9.80491498555009
0.4874409350907734,-0.5458779785156249,2.3415292236328122,8.863334545898438,9.183650752564116
0.4899278786371549,-0.45489831542968745,2.3415292236328122,8.288726147460936,8.62511870817497
0.4924148221835364,-0.40222587890625,2.384624853515625,7.79552060546875,8.162007281297546
0.4949017657299179,-0.3399766357421875,2.427720483398437,7.474697583007812,7.866416898168171
0.4973887092762994,-0.33039982910156246,2.4660277099609376,7.292738256835937,7.705484280438446
0.49987565282268087,-0.316034619140625,2.5617957763671875,7.331045483398437,7.7721878103893465
0.5023625963690624,-0.32082302246093747,2.6192566162109374,7.426813549804687,7.881687137717929
0.5048495399154439,-0.3687070556640625,2.6767174560546874,7.800309008789062,8.255033728885676
0.5073364834618254,-0.4261678955078125,2.70065947265625,8.264784130859374,8.705276411011566
0.5098234270082069,-0.43574470214843747,2.7533319091796873,8.834604125976561,9.263959202753409
0.5123103705545884,-0.488417138671875,2.7820623291015623,9.452308154296874,9.865320651055475
0.5147973141009698,-0.6081272216796875,2.77727392578125,10.046070166015625,10.440622345295392
0.5172842576473514,-0.63206923828125,2.844311572265625,10.702081420898438,11.091625966540935
0.5197712011937329,-0.699106884765625,2.7916391357421872,11.152191333007812,11.51752451825255
0.5222581447401143,-0.7661445312499999,2.73896669921875,11.487379565429686,11.834221786938297
0.5247450882864959,-0.7948749511718749,2.70065947265625,11.717222924804688,12.050672215474826
0.5272320318328774,-0.7996633544921875,2.6575638427734374,11.707646118164062,12.032085633301337
0.5297189753792588,-0.7709329345703124,2.5857377929687497,11.592724438476562,11.902589526235198
0.5322059189256404,-0.7948749511718749,2.518700146484375,11.2240173828125,11.530578598907258
0.5346928624720219,-0.7134720947265625,2.446874096679687,10.836156713867187,11.13186990592526
0.5371798060184033,-0.6751648681640625,2.384624853515625,10.266336718749999,10.561247696837807
0.5396667495647849,-0.6177040283203125,2.375048046875,9.639055883789062,9.946547633343764
0.5421536931111663,-0.5506663818359374,2.379836450195312,8.997409838867187,9.323102423673493
0.5446406366575478,-0.4836287353515625,2.360682836914062,8.418013037109375,8.75612149887733
0.5471275802039294,-0.45489831542968745,2.384624853515625,7.943961108398437,8.306617016639933
0.5496145237503108,-0.2059013427734375,2.0302830078125,7.75721337890625,8.021147290796385
0.5521014672966923,-0.3447650390625,2.4564509033203126,7.359775903320312,7.766551056915628
0.5545884108430739,-0.33039982910156246,2.4851813232421875,7.283161450195312,7.70257950079538
0.5570753543894553,-0.3064578125,2.6144682128906247,7.426813549804687,7.8795253620139
0.5595622979358368,-0.3447650390625,2.6336218261718747,7.685387329101562,8.131420863155682
0.5620492414822184,-0.38786066894531246,2.6671406494140624,8.14028564453125,8.574865918300596
0.5645361850285998,-0.44053310546874996,2.7629087158203123,8.695740429687499,9.134748798378174
0.5670231285749813,-0.507570751953125,2.7581203125,9.284714038085937,9.699008737777971
0.5695100721213628,-0.5458779785156249,2.825157958984375,9.950302099609374,10.35799266914839
0.5719970156677443,-0.63206923828125,2.77727392578125,10.491391674804687,10.871157309825248
0.5744839592141258,-0.6464344482421874,2.73896669921875,11.003750830078124,11.357920073928518
0.5769709027605073,-0.7278373046875,2.7198130859375,11.3772462890625,11.720446385975155
0.5794578463068888,-0.8283937744140625,2.6719290527343746,11.640608471679688,11.97201765364865
0.5819447898532703,-0.8379705810546875,2.6192566162109374,11.650185278320311,11.970359933413414
0.5844317333996518,-0.7613561279296874,2.6144682128906247,11.616666455078125,11.931556760049753
0.5869186769460333,-0.8044517578125,2.518700146484375,11.334150659179686,11.63846915292262
0.5894056204924147,-0.7565677246093749,2.422932080078125,10.93671318359375,11.227407975431625
0.5918925640387963,-0.74699091796875,2.384624853515625,10.405200415039062,10.701057274898647
0.5943795075851778,-0.622492431640625,2.3415292236328122,9.816226806640625,10.110814242779181
0.5968664511315592,-0.584185205078125,2.389413256835937,9.212887988281249,9.535610790630688
0.5993533946779408,-0.5363011718749999,2.3319524169921872,8.576030346679687,8.903590148318886
0.6018403382243223,-0.45010991210937495,2.3319524169921872,8.097190014648437,8.438310680546028
0.6043272817707037,-0.39743747558593745,2.370259643554687,7.6279264892578125,7.9975840008333225
0.6068142253170853,-0.36391865234375,2.4564509033203126,7.3932947265625,7.799191928640027
0.6093011688634667,-0.316034619140625,2.5043349365234375,7.287949853515625,7.712702796176294
0.6117881124098483,-0.3064578125,2.5905261962890624,7.37414111328125,7.821937069747301
0.6142750559562298,-0.373495458984375,2.5953145996093747,7.60398447265625,8.04336599871129
0.6167619995026112,-0.4070142822265625,2.6384102294921874,7.987056738281249,8.421398013723692
0.6192489430489928,-0.45489831542968745,2.6910826660156246,8.504204296874999,8.93142480882517
0.6217358865953743,-0.507570751953125,2.7246014892578123,9.035717065429687,9.451204379866166
0.6242228301417557,-0.603338818359375,2.767697119140625,9.667786303710937,10.074237295560364
0.6267097736881373,-0.6272808349609375,2.77727392578125,10.275913525390624,10.663073219576036
0.6291967172345188,-0.6751648681640625,2.81558115234375,10.8409451171875,11.220937387692164
0.6316836607809002,-0.718260498046875,2.81558115234375,11.262324609375,11.631137131657491
0.6341706043272818,-0.7852981445312499,2.7341782958984373,11.544840405273437,11.89015408280315
0.6366575478736632,-0.82360537109375,2.6288334228515624,11.678915698242188,11.999423438609195
0.6391444914200447,-0.7709329345703124,2.5905261962890624,11.621454858398437,11.931612489058539
0.6416314349664263,-0.7996633544921875,2.5522189697265625,11.444283935546874,11.752655782731239
0.6441183785128077,-0.7757213378906249,2.4756045166015626,11.137826123046874,11.43597534379566
0.6466053220591892,-0.7278373046875,2.384624853515625,10.611101757812499,10.900076300134357
0.6490922656055708,-0.6607996582031249,2.403778466796875,10.041281762695311,10.346117462292565
0.6515792091519522,-0.63206923828125,2.3032219970703123,9.447519750976562,9.744740762835216
0.6540661526983337,-0.55545478515625,2.3367408203125,8.796296899414061,9.11831820141791
0.6565530962447153,-0.488417138671875,2.365471240234375,8.2360537109375,8.582924106571824
0.6590400397910967,-0.4165910888671875,2.35589443359375,7.738059765625,8.099466380814603
0.6615269833374782,-0.39743747558593745,2.43250888671875,7.431601953125,7.829671999557652
0.6640139268838597,-0.36391865234375,2.4516625,7.311891870117187,7.720547164528934
0.6665008704302412,-0.28730419921875,2.5330653564453125,7.307103466796875,7.739039015109502
0.6689878139766227,-0.33518823242187495,2.5665841796874997,7.493851196289062,7.9282729049080585
0.6714747575230042,-0.3687070556640625,2.6192566162109374,7.819462622070312,8.254722636916151
0.6739617010693857,-0.44532150878906246,2.710236279296875,8.279149340820313,8.722843902272501
0.6764486446157671,-0.49799394531249996,2.7246014892578123,8.858546142578124,9.281448755718019
0.6789355881621487,-0.5458779785156249,2.7629087158203123,9.447519750976562,9.858360755443899
0.6814225317085302,-0.5985504150390625,2.7581203125,10.1131078125,10.49954474655054
0.6839094752549116,-0.6368576416015624,2.77727392578125,10.654197387695312,11.028633645672718
0.6863964188012932,-0.70868369140625,2.7724855224609373,11.142614526367186,11.504206492841204
0.6888833623476747,-0.7517793212890624,2.7054478759765623,11.468225952148437,11.806982122755791
0.6913703058940561,-0.7852981445312499,2.6479870361328124,11.693280908203125,12.015046688110678
0.6938572494404377,-0.8188169677734375,2.6144682128906247,11.654973681640625,11.972648695366653
0.6963441929868192,-0.8044517578125,2.5617957763671875,11.563994018554688,11.871642594503465
0.6988311365332006,-0.7661445312499999,2.50912333984375,11.238382592773437,11.540533812561096
0.7013180800795822,-0.7565677246093749,2.461239306640625,10.793061083984375,11.09595697581292
0.7038050236259636,-0.70868369140625,2.398990063476562,10.24718310546875,10.54808738568887
0.7062919671723451,-0.63206923828125,2.379836450195312,9.586383447265625,9.897569431414363
0.7087789107187267,-0.5698199951171875,2.384624853515625,9.016563452148437,9.343957780590552
0.7112658542651081,-0.5123591552734374,2.375048046875,8.422801440429687,8.76623917275029
0.7137527978114896,-0.430956298828125,2.3511060302734372,7.948749511718749,8.300363949679364
0.7162397413578712,-0.39743747558593745,2.379836450195312,7.551312036132812,7.927413925343032
0.7187266849042526,-0.33039982910156246,2.442085693359375,7.37414111328125,7.775017925340475
0.7212136284506341,-0.32561142578124996,2.480392919921875,7.302315063476562,7.718949224089672
0.7237005719970157,-0.3399766357421875,2.5665841796874997,7.3932947265625,7.833501476229491
0.7261875155433971,-0.3495534423828125,2.6336218261718747,7.68059892578125,8.127099814268472
0.7286744590897786,-0.38786066894531246,2.748543505859375,8.130708837890625,8.591469810729079
0.7311614026361601,-0.430956298828125,2.729389892578125,8.643067993164061,9.074024291992187
0.7336483461825416,-0.5219359619140624,2.748543505859375,9.236830004882812,9.65121428065113
0.7361352897289231,-0.584185205078125,2.85388837890625,9.888052856445311,10.308226837092041
0.7386222332753046,-0.6416460449218749,2.825157958984375,10.486603271484375,10.879433593422199
0.7411091768216861,-0.7134720947265625,2.7581203125,10.927136376953124,11.292412474255041
0.7435961203680675,-0.7517793212890624,2.7198130859375,11.3772462890625,11.721957536706109
0.7460830639144491,-0.7565677246093749,2.7246014892578123,11.621454858398437,11.960520934431708
0.7485700074608306,-0.82360537109375,2.6767174560546874,11.698069311523437,12.02863116751232
0.7510569510072121,-0.814028564453125,2.6001030029296874,11.621454858398437,11.936556922135555
0.7535438945535936,-0.7852981445312499,2.528276953125,11.391611499023437,11.695199445592634
0.7560308380999751,-0.7948749511718749,2.461239306640625,10.903194360351561,11.205765139969488
0.7585177816463566,-0.718260498046875,2.360682836914062,10.424354028320312,10.712417024524068
0.7610047251927381,-0.6560112548828124,2.398990063476562,9.86411083984375,10.172816067929036
0.7634916687391196,0.9002198242187499,0.8475473876953125,-1.01514150390625,1.599763913600575
0.7659786122855011,0.9576806640625,1.0007762939453124,-3.6822821533203123,3.9341971609851205
0.7684655558318826,0.9145850341796874,1.2641384765625,-5.291185668945312,5.51644429464519
0.770952499378264,0.74699091796875,1.6424223388671875,-5.66946953125,5.949658085681047
0.7734394429246456,0.469263525390625,2.0350714111328125,-4.841075756835937,5.272356056650269
0.7759263864710271,0.19153613281249998,2.442085693359375,-3.0071172851562498,3.8785593962924945
0.7784133300174085,-0.2059013427734375,2.829946362304687,-0.33039982910156246,2.8565986458632544
0.7809002735637901,-0.584185205078125,3.189076611328125,3.0262708984374997,4.435064547160724
0.7833872171101716,-0.9624690673828125,3.5242648437499997,6.68461103515625,7.617795881086186
0.785874160656553,-1.2785036865234374,3.7205893798828122,10.366893188476562,11.08827450018408
0.7883611042029346,-1.4796166259765624,3.912125512695312,13.881581225585936,14.498009818919554
0.790848047749316,-1.656787548828125,3.883395092773437,16.850391284179686,17.371280576240988
0.7933349912956975,-1.714248388671875,3.7301661865234372,19.115306054687498,19.551156305485346
0.7958219348420791,-1.7094599853515624,3.5577836669921874,20.566192260742188,20.941545839991047
0.7983088783884605,-1.5753846923828123,3.385401147460937,21.097705029296876,21.4255906654039
0.800795821934842,-1.407790576171875,3.0741549316406247,20.748151586914062,21.021848090109806
0.8032827654812236,-1.1827356201171875,2.729389892578125,19.503166723632813,19.728708649646073
0.805769709027605,-0.9528922607421875,2.379836450195312,17.616535815429685,17.80207738795047
0.8082566525739865,-0.6607996582031249,2.1164742675781247,15.246276171875,15.406656244061692
0.8107435961203681,-0.3591302490234375,1.85790048828125,12.46900224609375,12.611771714283854
0.8132305396667495,-0.17238251953125,1.7286135986328124,9.6151138671875,9.77078478861343
0.815717483213131,0.05746083984375,1.5562310791015623,6.804321118164062,6.980253777533493
0.8182044267595125,0.19153613281249998,1.5370774658203123,4.429273071289062,4.692307872055264
0.820691370305894,0.26815058593749996,1.5945383056640625,2.480392919921875,2.960879292062952
0.8231783138522755,0.2920926025390625,1.7381904052734374,1.216254443359375,2.141471186925965
0.825665257398657,0.2346317626953125,1.915361328125,0.5363011718749999,2.002818021762529
0.8281522009450385,0.1292868896484375,2.1499930908203124,0.6607996582031249,2.2529628444986427
0.83063914449142,-0.0143652099609375,2.398990063476562,1.369483349609375,2.7623982929284137
0.8331260880378015,-0.19153613281249998,2.5857377929687497,2.6623522460937497,3.7162945936026253
0.835613031584183,-0.4261678955078125,2.887407202148437,4.477157104492187,5.344499524229101
0.8380999751305644,-0.5698199951171875,3.0980969482421874,6.555324145507812,7.272906859036532
0.840586918676946,-0.7996633544921875,3.265691064453125,8.75320126953125,9.376712220916783
0.8430738622233275,-1.005564697265625,3.308786694335937,10.951078393554686,11.484134609572536
0.8455608057697089,-1.1109095703125,3.3710359375,12.943054174804686,13.420903648311368
0.8480477493160905,-1.1635820068359375,3.35188232421875,14.590264916992187,15.01548762278653
0.850534692862472,-1.2210428466796874,3.27526787109375,15.80173095703125,16.18372721282852
0.8530216364088534,-1.235408056640625,3.1411925781249996,16.49126103515625,16.83315224219584
0.855508579955235,-1.16837041015625,2.9496564453125,16.56787548828125,16.868908107992436
0.8579955235016165,-1.0342951171875,2.748543505859375,16.199168432617185,16.463210977854253
0.8604824670479979,-0.9050082275390624,2.5761609863281247,15.322890625,15.564273912557095
0.8629694105943795,-0.7565677246093749,2.360682836914062,14.015656518554687,14.233195207841622
0.8654563541407609,-0.59376201171875,2.1499930908203124,12.43069501953125,12.629220177260922
0.8679432976871424,-0.4644751220703125,2.0446482177734375,10.673351000976561,10.877350093819436
0.870430241233524,-0.2920926025390625,2.01112939453125,8.930372192382812,9.15868478682883
0.8729171847799054,-0.181959326171875,1.944091748046875,7.254431030273437,7.512614158480322
0.8754041283262869,-0.1197100830078125,1.89620771484375,5.7891796142578125,6.092990629234951
0.8778910718726685,-0.08140285644531249,1.9393033447265624,4.716577270507813,5.100355383360656
0.8803780154190499,-0.076614453125,2.0542250244140625,4.0222587890625,4.517109251672703
0.8828649589654315,-0.1005564697265625,2.1835119140624997,3.749319799804687,4.339957931093827
0.885351902511813,-0.13407529296874998,2.346317626953125,3.892971899414062,4.547352284611687
0.8878388460581944,-0.2346317626953125,2.5330653564453125,4.534617944335937,5.1994453613036855
0.890325789604576,-0.3447650390625,2.6767174560546874,5.482721801757812,6.110966996079923
0.8928127331509574,-0.4165910888671875,2.825157958984375,6.698976245117187,7.2822625852945375
0.8952996766973389,-0.59376201171875,2.978386865234375,8.054094384765625,8.60765810219447
0.8977866202437205,-0.74699091796875,2.987963671875,9.514557397460937,10.000636220038762
0.9002735637901019,-0.7661445312499999,3.0789433349609374,10.955866796875,11.40604606222212
0.9027605073364834,-0.8810662109374999,3.1268273681640624,12.16254443359375,12.588916321808556
0.905247450882865,-0.9528922607421875,3.0023288818359375,13.120225097656249,13.493045949245763
0.9077343944292464,-0.9433154541015625,2.9975404785156248,13.833697192382811,14.186129527705102
0.9102213379756279,-0.967257470703125,2.882618798828125,14.245499877929687,14.566377206638686
0.9127082815220094,-0.967257470703125,2.7964275390625,14.197615844726561,14.502685601994166
0.9151952250683909,-0.8954314208984374,2.6288334228515624,13.800178369140625,14.076842174817846
0.9176821686147724,-0.814028564453125,2.480392919921875,13.168109130859374,13.424384143161511
0.9201691121611539,-0.718260498046875,2.4133552734375,12.234370483398436,12.490796729750029
0.9226560557075354,-0.6272808349609375,2.269703173828125,11.1474029296875,11.393402732283285
0.9251429992539169,-0.5219359619140624,2.1404162841796874,9.94072529296875,10.1819358850952
0.9276299428002984,-0.44053310546874996,2.1308394775390624,8.71489404296875,8.98242308490449
0.9301168863466799,-0.3591302490234375,2.1021090576171875,7.599196069335937,7.892757308196586
0.9326038298930613,-0.24899697265624998,2.1116858642578125,6.737283471679687,7.064857058671926
0.9350907734394429,-0.22505495605468748,2.1691467041015624,6.009446166992187,6.39290938392971
0.9375777169858244,-0.2442085693359375,2.231395947265625,5.5545478515625,5.990973838543125
0.9400646605322058,-0.2537853759765625,2.365471240234375,5.463568188476562,5.959063563645598
0.9425516040785874,-0.26815058593749996,2.499546533203125,5.674257934570313,6.206193738228008
0.9450385476249689,-0.277727392578125,2.6048914062499997,6.133944653320312,6.669922694674968
0.9475254911713503,-0.3687070556640625,2.7246014892578123,6.919242797851562,7.44548984713451
0.9500124347177319,-0.4644751220703125,2.7916391357421872,7.742848168945312,8.243827022115966
0.9524993782641133,-0.5746083984375,2.8730419921875,8.724470849609375,9.203311181640625
0.9549863218104948,-0.6368576416015624,2.920926025390625,9.777919580078125,10.224730207489376
0.9574732653568764,-0.7134720947265625,3.0071172851562498,10.826579907226561,11.259068757415104
0.9599602089032578,-0.7709329345703124,2.9640216552734375,11.650185278320311,12.046019217223854
0.9624471524496393,-0.82360537109375,2.91134921875,12.358868969726561,12.723832845950184
0.9649340959960209,-0.86191259765625,2.825157958984375,12.789825268554686,13.12646339344194
0.9674210395424023,-0.9050082275390624,2.73896669921875,12.990938208007812,13.307345865935094
0.9699079830887838,-0.852335791015625,2.6623522460937497,12.919112158203124,13.218095730443112
0.9723949266351654,-0.8044517578125,2.5043349365234375,12.593500732421875,12.865267070778195
0.9748818701815468,-0.7805097412109374,2.47081611328125,12.057199560546874,12.332485109037316
0.9773688137279283,-0.689530078125,2.365471240234375,11.334150659179686,11.598873957501148
0.9798557572743098,-0.6464344482421874,2.3032219970703123,10.453084448242187,10.72332427681572
0.9823427008206913,-0.5698199951171875,2.231395947265625,9.533711010742186,9.80792885050945
0.9848296443670728,-0.507570751953125,2.2074539306640624,8.628702783203124,8.921042127750537
0.9873165879134543,-0.411802685546875,2.221819140625,7.848193041992187,8.167018781039125
0.9898035314598358,-0.373495458984375,2.2361843505859373,7.134720947265625,7.48627158891783
0.9922904750062173,-0.296881005859375,2.3127988037109373,6.732495068359374,7.124862558924916
0.9947774185525988,-0.3016694091796875,2.375048046875,6.421248852539062,6.853050013215561
0.9972643620989803,-0.296881005859375,2.4133552734375,6.402095239257812,6.848302377961724
0.9997513056453617,-0.33039982910156246,2.5234885498046875,6.5505357421875,7.027565511451433
1.0022382491917432,-0.33039982910156246,2.6671406494140624,7.0102224609374995,7.507730831793307
1.0047251927381249,-0.4070142822265625,2.7533319091796873,7.60398447265625,8.097350004071753
1.0072121362845063,-0.488417138671875,2.7581203125,8.37012900390625,8.82637176316555
1.0096990798308878,-0.5027823486328125,2.863465185546875,9.184157568359375,9.633326175282788
1.0121860233772693,-0.622492431640625,2.868253588867187,9.969455712890625,10.39251762994833
1.0146729669236507,-0.689530078125,2.901772412109375,10.778695874023438,11.18373907085676
1.0171599104700322,-0.7278373046875,2.825157958984375,11.405976708984374,11.773171591427754
1.0196468540164139,-0.8092401611328125,2.8203695556640622,12.004527124023436,12.357913478428362
1.0221337975627953,-0.852335791015625,2.8107927490234372,12.258312499999999,12.60528688790006
1.0246207411091768,-0.8379705810546875,2.7198130859375,12.368445776367187,12.691651935035301
1.0271076846555582,-0.814028564453125,2.6623522460937497,12.282254516601562,12.593829361898052
1.0295946282019397,-0.8092401611328125,2.5617957763671875,11.961431494140625,12.259425379161222
1.0320815717483212,-0.7422025146484375,2.442085693359375,11.439495532226562,11.720780909917755
1.0345685152947028,-0.679953271484375,2.398990063476562,10.807426293945312,11.09134585499533
1.0370554588410843,-0.6177040283203125,2.3415292236328122,10.036493359375,10.324510464158003
1.0395424023874658,-0.5698199951171875,2.2744915771484373,9.270348828125,9.56228916925613
1.0420293459338472,-0.49799394531249996,2.2649147705078123,8.513781103515624,8.823962010673668
1.0445162894802287,-0.40222587890625,2.31758720703125,7.881711865234375,8.225228145555182
1.0470032330266101,-0.4165910888671875,2.2936451904296873,7.297526660156249,7.66082578777223
1.0494901765729918,-0.3399766357421875,2.370259643554687,6.981492041015625,7.380714464703202
1.0519771201193733,-0.33518823242187495,2.461239306640625,6.828263134765624,7.266032446480417
1.0544640636657547,-0.32561142578124996,2.4899697265625,6.852205151367187,7.297854991449203
1.0569510072121362,-0.3112462158203125,2.5665841796874997,7.105990527343749,7.561701523664083
1.0594379507585177,-0.38786066894531246,2.6671406494140624,7.551312036132812,8.017879308727204
1.0619248943048991,-0.4070142822265625,2.7581203125,8.12113203125,8.586365572997474
1.0644118378512808,-0.47884033203125,2.7724855224609373,8.748412866210938,9.189705746840884
1.0668987813976623,-0.5506663818359374,2.7964275390625,9.514557397460937,9.932272797043488
1.0693857249440437,-0.6560112548828124,2.858676782226562,10.180145458984374,10.594231698327835
1.0718726684904252,-0.6655880615234374,2.8107927490234372,10.850521923828124,11.228418827469879
1.0743596120368066,-0.737414111328125,2.81558115234375,11.429918725585937,11.79467332614682
1.076846555583188,-0.8092401611328125,2.7724855224609373,11.832144604492187,12.17953987440656
1.0793334991295698,-0.814028564453125,2.710236279296875,12.038045947265624,12.366186696869853
1.0818204426759512,-0.842758984375,2.6527754394531247,12.018892333984374,12.336986389463954
1.0843073862223327,-0.8283937744140625,2.5522189697265625,11.865663427734374,12.165279548583877
1.0867943297687142,-0.7805097412109374,2.5522189697265625,11.5304751953125,11.835323204512589
1.0892812733150956,-0.737414111328125,2.437297290039062,10.965443603515624,11.257226615534544
1.0917682168614773,-0.6560112548828124,2.3415292236328122,10.347739575195313,10.629620133745263
1.0942551604078588,-0.6416460449218749,2.327164013671875,9.686939916992188,9.983196229109687
1.0967421039542402,-0.5458779785156249,2.288856787109375,8.997409838867187,9.300012471382445
1.0992290475006217,-0.488417138671875,2.327164013671875,8.317456567382813,8.650683637619474
1.1017159910470031,-0.4070142822265625,2.31758720703125,7.762001782226562,8.110828734193543
1.1042029345933846,-0.4261678955078125,2.389413256835937,7.316680273437499,7.708743413216859
1.1066898781397663,-0.3064578125,2.442085693359375,7.125144140624999,7.538260936664078
1.1091768216861477,-0.36391865234375,2.437297290039062,7.024587670898437,7.4443056635050775
1.1116637652325292,-0.3447650390625,2.518700146484375,7.153874560546875,7.592142950978987
1.1141507087789106,-0.354341845703125,2.6431986328124997,7.41244833984375,7.8775914813457115
1.116637652325292,-0.411802685546875,2.6384102294921874,7.924807495117187,8.362617044058526
1.1191245958716736,-0.45968671875,2.7150246826171873,8.532934716796875,8.966250375030416
1.1216115394180552,-0.5219359619140624,2.77727392578125,9.160215551757812,9.586199276138027
1.1240984829644367,-0.603338818359375,2.839523168945312,9.82580361328125,10.245649135290911
1.1265854265108182,-0.6464344482421874,2.834734765625,10.486603271484375,10.882207811874574
1.1290723700571996,-0.6703764648437499,2.8107927490234372,11.037269653320312,11.40926298595508
1.131559313603581,-0.7326257080078125,2.7629087158203123,11.506533178710937,11.856251970701592
1.1340462571499625,-0.8092401611328125,2.7054478759765623,11.79862578125,12.131854275995632
1.1365332006963442,-0.8092401611328125,2.70065947265625,11.927912670898436,12.256570968677075
1.1390201442427257,-0.7805097412109374,2.5905261962890624,11.832144604492187,12.13753135408509
1.1415070877891071,-0.7661445312499999,2.5713725830078125,11.592724438476562,11.899167799046296
1.1439940313354886,-0.7661445312499999,2.518700146484375,11.1474029296875,11.454056920911043
1.14648097488187,-0.70868369140625,2.379836450195312,10.582371337890624,10.869794719181794
1.1489679184282515,-0.6368576416015624,2.3415292236328122,9.988609326171874,10.279137270786908
1.1514548619746332,-0.55545478515625,2.308010400390625,9.313444458007812,9.611227273301818
1.1539418055210147,-0.5410895751953124,2.3367408203125,8.719682446289061,9.043561110194444
1.1564287490673961,-0.45010991210937495,2.3367408203125,8.034940771484374,8.379930178441569
1.1589156926137776,-0.4165910888671875,2.35589443359375,7.618349682617187,7.985176178657235
1.161402636160159,-0.3495534423828125,2.442085693359375,7.311891870117187,7.716847339625039
1.1638895797065405,-0.373495458984375,2.4564509033203126,7.1395093505859375,7.559513454277938
1.1663765232529222,-0.3399766357421875,2.4947581298828125,7.187393383789062,7.615643498273915
1.1688634667993036,-0.38786066894531246,2.5761609863281247,7.417236743164062,7.861452933786275
1.171350410345685,-0.39264907226562495,2.6671406494140624,7.800309008789062,8.253037814665804
1.1738373538920666,-0.411802685546875,2.7054478759765623,8.336610180664062,8.77428623682869
1.176324297438448,-0.4836287353515625,2.7724855224609373,8.882488159179687,9.317680431517308
1.1788112409848295,-0.5458779785156249,2.7820623291015623,9.543287817382812,9.955510832490791
1.1812981845312112,-0.6272808349609375,2.7724855224609373,10.194510668945313,10.583392886848934
1.1837851280775926,-0.6703764648437499,2.767697119140625,10.711658227539061,11.083734656311517
1.186272071623974,-0.718260498046875,2.7964275390625,11.200075366210937,11.566226408517464
1.1887590151703555,-0.7805097412109374,2.710236279296875,11.597512841796874,11.93553016256025
1.191245958716737,-0.7613561279296874,2.7437551025390623,11.812990991210937,12.151321383893851
1.1937329022631185,-0.7996633544921875,2.6479870361328124,11.81777939453125,12.137182813233578
1.1962198458095001,-0.7709329345703124,2.5665841796874997,11.611878051757811,11.917105513920825
1.1987067893558816,-0.8044517578125,2.5378537597656248,11.319785449218749,11.628645103921121
1.201193732902263,-0.737414111328125,2.4564509033203126,10.8409451171875,11.140198456305908
1.2036806764486445,-0.6416460449218749,2.408566870117187,10.275913525390624,10.573897237825605
1.206167619995026,-0.6272808349609375,2.35589443359375,9.591171850585937,9.89617589251623
1.2086545635414074,-0.55545478515625,2.360682836914062,8.978256225585938,9.300023565944672
1.2111415070877891,-0.5315127685546874,2.327164013671875,8.307879760742187,8.644018989371537
1.2136284506341706,-0.411802685546875,2.3319524169921872,7.8529814453124995,8.202249758899184
1.216115394180552,-0.38786066894531246,2.4133552734375,7.517793212890624,7.905184018486074
1.2186023377269335,-0.354341845703125,2.442085693359375,7.287949853515625,7.694384559188944
1.221089281273315,-0.32082302246093747,2.4899697265625,7.240065820312499,7.66299091304407
1.2235762248196966,-0.3495534423828125,2.5330653564453125,7.335833886718749,7.768723609618005
1.226063168366078,-0.354341845703125,2.6096798095703124,7.6470801025390625,8.087881116012035
1.2285501119124596,-0.373495458984375,2.70065947265625,8.10197841796875,8.54839837223098
1.231037055458841,-0.45010991210937495,2.729389892578125,8.643067993164061,9.074954129533866
1.2335239990052225,-0.47884033203125,2.7964275390625,9.294290844726563,9.717671395513173
1.236010942551604,-0.59376201171875,2.7820623291015623,9.892841259765625,10.29372295724377
1.2384978860979856,-0.6081272216796875,2.849099975585937,10.572794531249999,10.966821489778226
1.240984829644367,-0.6943184814453125,2.7581203125,11.022904443359375,11.383924111629234
1.2434717731907485,-0.737414111328125,2.77727392578125,11.444283935546874,11.799519686318867
1.24595871673713,-0.7613561279296874,2.710236279296875,11.6837041015625,12.018069120121643
1.2484456602835114,-0.7852981445312499,2.6431986328124997,11.789048974609374,12.107223790532842
1.250932603829893,-0.7996633544921875,2.5570073730468748,11.650185278320311,11.95426974789866
1.2534195473762746,-0.7900865478515624,2.4899697265625,11.372457885742186,11.66863249722406
1.255906490922656,-0.7709329345703124,2.4564509033203126,10.93671318359375,11.235665707479093
1.2583934344690375,-0.6847416748046875,2.4133552734375,10.496180078124999,10.791800177425035
1.260880378015419,-0.6416460449218749,2.346317626953125,9.8449572265625,10.14101074086602
1.2633673215618004,-0.5889736083984375,2.327164013671875,9.222464794921875,9.529765954707
1.2658542651081819,-0.51714755859375,2.3319524169921872,8.585607153320312,8.911682998380279
1.2683412086545636,-0.44053310546874996,2.35589443359375,8.092401611328125,8.43986207460039
1.270828152200945,-0.411802685546875,2.375048046875,7.656656909179687,8.02713085116204
1.2733150957473265,-0.3687070556640625,2.461239306640625,7.41244833984375,7.819081417167982
1.275802039293708,-0.3687070556640625,2.461239306640625,7.240065820312499,7.655860297831105
1.2782889828400894,-0.3064578125,2.5522189697265625,7.340622290039062,7.777690766885292
1.2807759263864709,-0.3687070556640625,2.5761609863281247,7.517793212890624,7.955486478661119
1.2832628699328525,-0.39264907226562495,2.6479870361328124,7.972691528320312,8.41010218982082
1.285749813479234,-0.45968671875,2.6862942626953124,8.441955053710936,8.870969162051038
1.2882367570256155,-0.49799394531249996,2.767697119140625,9.064447485351561,9.490645580125909
1.290723700571997,-0.5410895751953124,2.7724855224609373,9.6917283203125,10.095001324189505
1.2932106441183784,-0.6177040283203125,2.806004345703125,10.275913525390624,10.670033619254156
1.2956975876647598,-0.6655880615234374,2.806004345703125,10.845733520507812,11.222593437063205
1.2981845312111415,-0.7230489013671875,2.7437551025390623,11.281478222656249,11.632830380640158
1.300671474757523,-0.7661445312499999,2.6958710693359373,11.611878051757811,11.945309127609113
1.3031584183039044,-0.7517793212890624,2.6815058593749996,11.707646118164062,12.03431026066481
1.305645361850286,-0.814028564453125,2.5761609863281247,11.659762084960937,11.96867995265632
1.3081323053966674,-0.8379705810546875,2.499546533203125,11.458649145507811,11.758000161856089
1.3106192489430488,-0.7661445312499999,2.480392919921875,11.142614526367186,11.441030764890543
1.3131061924894305,-0.70868369140625,2.427720483398437,10.639832177734375,10.93627395826976
1.315593136035812,-0.6655880615234374,2.43250888671875,10.098742602539062,10.408876457329372
1.3180800795821934,-0.6607996582031249,2.327164013671875,9.409212524414063,9.715226650181725
1.3205670231285749,-0.5889736083984375,2.3511060302734372,8.820238916015624,9.147196511094231
1.3230539666749563,-0.4836287353515625,2.346317626953125,8.245630517578125,8.586589881473575
1.3255409102213378,-0.45010991210937495,2.370259643554687,7.809885815429687,8.17404711026875
1.3280278537677195,-0.3495534423828125,2.427720483398437,7.4699091796875,7.862287040510133
1.330514797314101,-0.354341845703125,2.4564509033203126,7.326257080078125,7.735227985485258
1.3330017408604824,-0.32082302246093747,2.5139117431640625,7.302315063476562,7.729585043871103
1.3354886844068639,-0.316034619140625,2.5426421630859375,7.48906279296875,7.915236482065876
1.3379756279532453,-0.3399766357421875,2.6431986328124997,7.829039428710937,8.270183885601512
1.3404625714996268,-0.44532150878906246,2.6767174560546874,8.250418920898436,8.685190841660127
1.3429495150460085,-0.45489831542968745,2.73896669921875,8.810662109374999,9.237783168184146
1.34543645859239,-0.5410895751953124,2.7629087158203123,9.404424121093749,9.81680373389174
1.3479234021387714,-0.5746083984375,2.844311572265625,10.031704956054687,10.442958750134524
1.3504103456851528,-0.612915625,2.786850732421875,10.587159741210938,10.964951160588319
1.3528972892315343,-0.7038952880859375,2.767697119140625,11.128249316406249,11.488844535808857
1.3553842327779158,-0.7613561279296874,2.73896669921875,11.482591162109374,11.829264623344836
1.3578711763242974,-0.7709329345703124,2.6527754394531247,11.659762084960937,11.982554276933758
1.360358119870679,-0.8044517578125,2.6479870361328124,11.702857714843748,12.025633316713632
1.3628450634170604,-0.7996633544921875,2.5809493896484375,11.511321582031249,11.824182246455047
1.3653320069634418,-0.8044517578125,2.437297290039062,11.247959399414063,11.537077245192846
1.3678189505098233,-0.7326257080078125,2.47081611328125,10.817003100585938,11.119767478314014
1.370305894056205,-0.679953271484375,2.379836450195312,10.242394702148436,10.537201109197778
1.3727928376025864,-0.622492431640625,2.389413256835937,9.658209497070311,9.968841619199912
1.3752797811489679,-0.55545478515625,2.389413256835937,9.030928662109375,9.358178146968827
1.3777667246953493,-0.49799394531249996,2.39420166015625,8.508992700195313,8.853426248127894
1.3802536682417308,-0.45489831542968745,2.360682836914062,7.958326318359375,8.31352595012326
1.3827406117881123,-0.3687070556640625,2.422932080078125,7.599196069335937,7.98463058993833
1.385227555334494,-0.354341845703125,2.446874096679687,7.345410693359375,7.750342524220241
1.3877144988808754,-0.3399766357421875,2.4947581298828125,7.302315063476562,7.72419623816897
1.3902014424272569,-0.36391865234375,2.5761609863281247,7.41244833984375,7.855789750486908
1.3926883859736383,-0.38307226562499996,2.6479870361328124,7.6614453125,8.115190939259946
1.3951753295200198,-0.40222587890625,2.6958710693359373,8.106766821289062,8.552729083450355
1.3976622730664012,-0.45010991210937495,2.767697119140625,8.657433203124999,9.100214060276253
1.400149216612783,-0.45968671875,2.806004345703125,9.251195214843749,9.678304870722345
1.4026361601591644,-0.5746083984375,2.7964275390625,9.859322436523437,10.264327581489033
1.4051231037055458,-0.6512228515624999,2.8012159423828122,10.409988818359375,10.799943016360041
1.4076100472519273,-0.7326257080078125,2.7581203125,10.931924780273437,11.298271880593752
1.4100969907983087,-0.7134720947265625,2.7724855224609373,11.410765112304686,11.764407288529192
1.4125839343446902,-0.7661445312499999,2.70065947265625,11.592724438476562,11.927774265824448
1.4150708778910719,-0.814028564453125,2.6958710693359373,11.731588134765625,12.064846600351025
1.4175578214374533,-0.7948749511718749,2.6096798095703124,11.621454858398437,11.937355985404476
1.4200447649838348,-0.7517793212890624,2.518700146484375,11.161768139648437,11.467087275288751
1.4225317085302163,-0.7422025146484375,2.4660277099609376,10.965443603515624,11.26379645860699
1.4250186520765977,-0.6607996582031249,2.461239306640625,10.500968481445312,10.805771335778953
1.4275055956229792,-0.6512228515624999,2.4133552734375,9.90241806640625,10.21304354441489
1.4299925391693609,-0.622492431640625,2.360682836914062,9.2320416015625,9.549393300986779
1.4324794827157423,-0.5123591552734374,2.346317626953125,8.667010009765624,8.993596656506282
1.4349664262621238,-0.469263525390625,2.384624853515625,8.14028564453125,8.495345450470394
1.4374533698085052,-0.4165910888671875,2.365471240234375,7.704540942382812,8.070251139620906
1.4399403133548867,-0.354341845703125,2.4516625,7.407659936523437,7.81086633432534
1.4424272569012682,-0.3687070556640625,2.47081611328125,7.283161450195312,7.699695959462153
1.4449142004476498,-0.32561142578124996,2.5139117431640625,7.340622290039062,7.765984204081012
1.4474011439940313,-0.33518823242187495,2.6048914062499997,7.613561279296874,8.053826776329242
1.4498880875404128,-0.36391865234375,2.6575638427734374,7.958326318359375,8.398216486459008
1.4523750310867942,-0.4213794921875,2.729389892578125,8.441955053710936,8.882214531918233
1.4548619746331757,-0.488417138671875,2.7629087158203123,9.074024291992187,9.497901490590886
1.4573489181795571,-0.5458779785156249,2.829946362304687,9.639055883789062,10.060714562681836
1.4598358617259388,-0.584185205078125,2.786850732421875,10.280701928710936,10.667738350073705
1.4623228052723203,-0.63206923828125,2.8012159423828122,10.82179150390625,11.19631607413164
1.4648097488187017,-0.6943184814453125,2.7246014892578123,11.257536206054686,11.603346623262384
1.4672966923650832,-0.7565677246093749,2.7533319091796873,11.559205615234374,11.90665636437424
1.4697836359114647,-0.7948749511718749,2.6767174560546874,11.717222924804688,12.045329202521485
1.4722705794578461,-0.86191259765625,2.6288334228515624,11.6837041015625,12.006773089551096
1.4747575230042278,-0.7996633544921875,2.5426421630859375,11.463437548828125,11.769234940551684
1.4772444665506093,-0.7517793212890624,2.4564509033203126,11.118672509765624,11.411581904703608
1.4797314100969907,-0.718260498046875,2.427720483398437,10.620678564453124,10.918266256965936
1.4822183536433722,-0.6655880615234374,2.403778466796875,10.13226142578125,10.434743886912297
1.4847052971897536,-0.6081272216796875,2.3367408203125,9.457096557617186,9.760473947465739
1.487192240736135,-0.5219359619140624,2.3511060302734372,8.863334545898438,9.184705547073566
1.4896791842825168,-0.45968671875,2.39420166015625,8.303091357421874,8.653602692438792
1.4921661278288982,-0.430956298828125,2.35589443359375,7.848193041992187,8.205491815736107
1.4946530713752797,-0.39264907226562495,2.39420166015625,7.498639599609374,7.881368582186462
1.4971400149216612,-0.296881005859375,2.4851813232421875,7.321468676757812,7.737452302003396
1.4996269584680426,-0.32082302246093747,2.499546533203125,7.311891870117187,7.733978471891072
1.5021139020144243,-0.3399766357421875,2.5378537597656248,7.465120776367187,7.892041182391037
1.5046008455608058,-0.373495458984375,2.6001030029296874,7.752424975585937,8.185360559304309
1.5070877891071872,-0.38786066894531246,2.6815058593749996,8.231265307617187,8.665716250648842
1.5095747326535687,-0.47884033203125,2.7533319091796873,8.805873706054687,9.23869776498139
1.5120616761999501,-0.5315127685546874,2.8012159423828122,9.490615380859374,9.909646657999508
1.5145486197463316,-0.59376201171875,2.8012159423828122,10.089165795898436,10.48764180068841
1.5170355632927133,-0.612915625,2.8012159423828122,10.639832177734375,11.019460290303721
1.5195225068390947,-0.7038952880859375,2.7341782958984373,11.089942089843749,11.443688875814459
1.5220094503854762,-0.74699091796875,2.7820623291015623,11.482591162109374,11.838402173886733
1.5244963939318577,-0.7900865478515624,2.6910826660156246,11.6837041015625,12.015619176775457
1.5269833374782391,-0.8092401611328125,2.6767174560546874,11.717222924804688,12.046285695080732
1.5294702810246206,-0.814028564453125,2.5330653564453125,11.568782421875,11.870795648500273
1.5319572245710023,-0.7996633544921875,2.4756045166015626,11.267113012695312,11.563559782523017
1.5344441681173837,-0.737414111328125,2.379836450195312,10.788272680664061,11.07222780354643
1.5369311116637652,-0.718260498046875,2.408566870117187,10.261548315429687,10.564869442675498
1.5394180552101466,-0.584185205078125,2.360682836914062,9.725247143554688,10.024695896312837
1.541904998756528,-0.5985504150390625,2.3223756103515623,9.088389501953124,9.39949545529498
1.5443919423029095,-0.5363011718749999,2.31758720703125,8.480262280273436,8.807592051825393
1.5468788858492912,-0.43574470214843747,2.346317626953125,7.967903124999999,8.317605428330086
1.5493658293956727,-0.39264907226562495,2.398990063476562,7.599196069335937,7.978540437875909
1.5518527729420541,-0.3064578125,2.4660277099609376,7.398083129882812,7.804283634888864
1.5543397164884356,-0.3112462158203125,2.5043349365234375,7.278373046874999,7.703459086061973
1.556826660034817,-0.33039982910156246,2.5953145996093747,7.4028715332031245,7.851581296473029
1.5593136035811985,-0.33518823242187495,2.6575638427734374,7.738059765625,8.188563101421106
1.5618005471275802,-0.39264907226562495,2.6862942626953124,8.092401611328125,8.535649594422608
1.5642874906739617,-0.4261678955078125,2.7198130859375,8.690952026367187,9.116559077975326
1.5667744342203431,-0.49320554199218747,2.844311572265625,9.270348828125,9.709414370696852
1.5692613777667246,-0.565031591796875,2.8107927490234372,9.854534033203125,10.263121240112577
1.571748321313106,-0.6464344482421874,2.7916391357421872,10.433930834960936,10.82026058969146
1.5742352648594875,-0.679953271484375,2.7533319091796873,10.927136376953124,11.289175455011833
1.5767222084058692,-0.7422025146484375,2.748543505859375,11.343727465820312,11.695533711428405
1.5792091519522506,-0.7565677246093749,2.7341782958984373,11.616666455078125,11.958054407144168
1.581696095498632,-0.8188169677734375,2.6623522460937497,11.707646118164062,12.034432198369649
1.5841830390450136,-0.8283937744140625,2.5617957763671875,11.621454858398437,11.929260114151816
1.586669982591395,-0.7517793212890624,2.5761609863281247,11.415553515625,11.726748894876842
1.5891569261377765,-0.7422025146484375,2.518700146484375,11.042058056640624,11.349967450476367
1.5916438696841582,-0.7278373046875,2.43250888671875,10.472238061523436,10.775649244629328
1.5941308132305396,-0.6607996582031249,2.370259643554687,9.883264453125,10.184974384678124
1.596617756776921,0.9528922607421875,0.9241618408203125,-1.8148048583984373,2.248465130411703
1.5991047003233025,0.93852705078125,1.0726023437499999,-4.189852905273438,4.425627207605088
1.601591643869684,0.82360537109375,1.43652099609375,-5.348646508789062,5.59910152216354
1.6040785874160655,0.622492431640625,1.8339584716796873,-5.257666845703125,5.6030314262639465
1.6065655309624471,0.33518823242187495,2.1883003173828124,-4.165910888671875,4.717607758447783
1.6090524745088286,-0.0047884033203125,2.6144682128906247,-2.068590234375,3.333846505580824
1.61153941805521,-0.32082302246093747,3.0023288818359375,0.852335791015625,3.137416521135412
1.6140263616015915,-0.7326257080078125,3.308786694335937,4.271255761718749,5.4523788935348305
1.616513305147973,-1.0390835205078124,3.6343981201171873,7.9295958984374995,8.784476954868689
1.6190002486943544,-1.3359645263671873,3.763685009765625,11.511321582031249,12.184442975917461
1.6214871922407361,-1.5466542724609373,3.840299462890625,14.791377856445312,15.359846948955592
1.6239741357871176,-1.62805712890625,3.892971899414062,17.539921362304685,18.040361460359996
1.626461079333499,-1.695094775390625,3.69664736328125,19.503166723632813,19.922651938831564
1.6289480228798805,-1.6232687255859375,3.5434184570312497,20.638018310546872,21.002823988777394
1.631434966426262,-1.5322890624999999,3.2513258544921873,20.891803686523435,21.19873795440145
1.6339219099726436,-1.3168109130859373,2.959233251953125,20.30761848144531,20.564299667341615
1.636408853519025,-1.0821791503906248,2.6336218261718747,18.923769921875,19.136774641848348
1.6388957970654066,-0.8283937744140625,2.3319524169921872,16.850391284179686,17.031145726302807
1.641382740611788,-0.59376201171875,2.04943662109375,14.312537524414061,14.470710907837288
1.6438696841581695,-0.32561142578124996,1.838746875,11.540052001953125,11.690158813237051
1.646356627704551,-0.062249243164062495,1.675941162109375,8.777143286132812,8.935932968215088
1.6488435712509326,0.06703764648437499,1.5658078857421873,6.177040283203125,6.372760394163013
1.651330514797314,0.2346317626953125,1.5705962890624998,3.912125512695312,4.222150020352659
1.6538174583436955,0.239420166015625,1.599326708984375,2.231395947265625,2.755774992890239
1.656304401890077,0.26336218261718747,1.8004396484374998,1.120486376953125,2.136921217040108
1.6587913454364585,0.201112939453125,2.0159177978515626,0.679953271484375,2.136985595064336
1.66127828898284,0.047884033203124995,2.2170307373046874,0.97683427734375,2.4231639185542626
1.6637652325292216,-0.0909796630859375,2.461239306640625,1.848323681640625,3.079330553182235
1.666252176075603,-0.26336218261718747,2.6623522460937497,3.284844677734375,4.236470662987432
1.6687391196219845,-0.5123591552734374,2.935291235351562,5.104437939453125,5.910476564377247
1.671226063168366,-0.6847416748046875,3.1172505615234374,7.173028173828125,7.851016202190934
1.6737130067147474,-0.8571241943359375,3.2800562744140622,9.375693701171874,9.969807592227296
1.676199950261129,-1.0486603271484374,3.31357509765625,11.468225952148437,11.983308178423586
1.6786868938075106,-1.1061211669921875,3.380612744140625,13.326126440429686,13.792668069240024
1.681173837353892,-1.1731588134765625,3.289633081054687,14.820108276367186,15.226082777026212
1.6836607809002735,-1.158793603515625,3.2561142578125,15.887922216796873,16.259494304635254
1.686147724446655,-1.197100830078125,3.0980969482421874,16.41943498535156,16.751987951770623
1.6886346679930364,-1.0917559570312498,2.9640216552734375,16.39549296875,16.696992098308417
1.6911216115394179,-1.01514150390625,2.7198130859375,15.849614990234373,16.11329236481645
1.6936085550857995,-0.8714894042968749,2.528276953125,14.9015111328125,15.139574372314422
1.696095498632181,-0.7230489013671875,2.3032219970703123,13.551181396484374,13.764525001683895
1.6985824421785625,-0.6081272216796875,2.1404162841796874,11.927912670898436,12.133684571139506
1.701069385724944,-0.4165910888671875,2.0542250244140625,10.24718310546875,10.45935706357024
1.7035563292713254,-0.32561142578124996,1.9536685546875,8.542511523437499,8.769113224849848
1.7060432728177068,-0.22026655273437498,1.9201497314453124,6.943184814453125,7.207170576105124
1.7085302163640885,-0.105344873046875,1.9680337646484374,5.65031591796875,5.984172826207862
1.71101715991047,-0.09576806640624999,2.001552587890625,4.659116430664063,5.071760069159294
1.7135041034568514,-0.12449848632812499,2.1260510742187497,4.07971962890625,4.602141381331917
1.715991047003233,-0.1197100830078125,2.2553379638671873,3.9264907226562498,4.529702995819917
1.7184779905496144,-0.1867477294921875,2.4133552734375,4.165910888671875,4.81808799449055
1.7209649340959958,-0.2920926025390625,2.5665841796874997,4.836287353515624,5.482914170918177
1.7234518776423775,-0.3399766357421875,2.7246014892578123,5.798756420898437,6.415965509338974
1.725938821188759,-0.5219359619140624,2.806004345703125,7.024587670898437,7.5822760093907355
1.7284257647351404,-0.6081272216796875,2.9640216552734375,8.379705810546875,8.909248709178053
1.7309127082815219,-0.7134720947265625,3.0741549316406247,9.787496386718749,10.283703442520912
1.7333996518279033,-0.8283937744140625,3.0693665283203124,11.113884106445312,11.559656874758815
1.7358865953742848,-0.8858546142578124,3.1124621582031247,12.282254516601562,12.70141468870408
1.7383735389206665,-0.9002198242187499,3.0693665283203124,13.192051147460937,13.574299985425213
1.740860482467048,-0.967257470703125,2.93050283203125,13.77144794921875,14.112980283455919
1.7433474260134294,-0.9624690673828125,2.858676782226562,14.111424584960936,14.430200395973365
1.7458343695598109,-0.9624690673828125,2.748543505859375,14.034810131835936,14.33376201651036
1.7483213131061923,-0.8906430175781249,2.6240450195312497,13.661314672851562,13.939525667681695
1.7508082566525738,-0.7948749511718749,2.4947581298828125,12.923900561523437,13.186464652770383
1.7532952001989555,-0.6703764648437499,2.389413256835937,12.014103930664062,12.267737915905988
1.755782143745337,-0.622492431640625,2.250549560546875,10.869675537109375,11.117657866383619
1.7582690872917184,-0.5123591552734374,2.2074539306640624,9.701305126953125,9.962463848177505
1.7607560308380998,-0.44532150878906246,2.1308394775390624,8.566453540039062,8.8387167834973
1.7632429743844813,-0.373495458984375,2.1308394775390624,7.517793212890624,7.822863320338994
1.765729917930863,-0.316034619140625,2.1021090576171875,6.622361791992187,6.955171893968513
1.7682168614772444,-0.277727392578125,2.2170307373046874,6.0525417968749995,6.451791998945786
1.770703805023626,-0.22026655273437498,2.288856787109375,5.722141967773437,6.166870474195497
1.7731907485700074,-0.2537853759765625,2.35589443359375,5.578489868164062,6.060874096077782
1.7756776921163888,-0.28730419921875,2.4899697265625,5.813121630859374,6.3304720232579506
1.7781646356627703,-0.354341845703125,2.6240450195312497,6.311115576171875,6.844074095445074
1.780651579209152,-0.4213794921875,2.7533319091796873,7.0102224609374995,7.543315996985402
1.7831385227555334,-0.488417138671875,2.7820623291015623,7.896077075195312,8.386087006571026
1.7856254663019149,-0.5698199951171875,2.877830395507812,8.858546142578124,9.331690220551138
1.7881124098482963,-0.5985504150390625,2.9448680419921875,9.90241806640625,10.348352233374126
1.7905993533946778,-0.737414111328125,2.940079638671875,10.845733520507812,11.26134021558649
1.7930862969410593,-0.7757213378906249,2.935291235351562,11.698069311523437,12.085632124452447
1.795573240487441,-0.8092401611328125,2.93050283203125,12.330138549804687,12.699410740042746
1.7980601840338224,-0.842758984375,2.877830395507812,12.770671655273437,13.118010711150445
1.8005471275802039,-0.8954314208984374,2.729389892578125,12.9095353515625,13.225258772836233
1.8030340711265853,-0.8667010009765624,2.6384102294921874,12.837709301757812,13.134654897659926
1.8055210146729668,-0.7996633544921875,2.5570073730468748,12.46900224609375,12.753578525238504
1.8080079582193482,-0.737414111328125,2.4947581298828125,11.966219897460936,12.245734617922775
1.81049490176573,-0.7326257080078125,2.39420166015625,11.209652172851563,11.485871488652686
1.8129818453121114,-0.6368576416015624,2.288856787109375,10.36210478515625,10.630976842516448
1.8154687888584928,-0.59376201171875,2.2361843505859373,9.452308154296874,9.731351561841393
1.8179557324048743,-0.47884033203125,2.212242333984375,8.59997236328125,8.89285268387224
1.8204426759512558,-0.40222587890625,2.2361843505859373,7.862558251953125,8.184261015682695
1.8229296194976372,-0.373495458984375,2.2457611572265623,7.168239770507812,7.521077279265214
1.825416563044019,-0.3112462158203125,2.2936451904296873,6.737283471679687,7.123810149366138
1.8279035065904004,-0.3447650390625,2.327164013671875,6.449979272460937,6.865623634737407
1.8303904501367818,-0.3112462158203125,2.4899697265625,6.4739212890625,6.943232698321212
1.8328773936831633,-0.3112462158203125,2.5522189697265625,6.751648681640624,7.2246422608039325
1.8353643372295447,-0.38786066894531246,2.6384102294921874,7.062894897460937,7.54957805245985
1.8378512807759262,-0.44532150878906246,2.70065947265625,7.728482958984374,8.198860998989431
1.8403382243223079,-0.49320554199218747,2.786850732421875,8.403647827148436,8.867417071176295
1.8428251678686893,-0.55545478515625,2.81558115234375,9.212887988281249,9.64952497941755
1.8453121114150708,-0.603338818359375,2.844311572265625,10.050858569335936,10.462976824530248
1.8477990549614522,-0.6512228515624999,2.93050283203125,10.754753857421875,11.16587070427878
1.8502859985078337,-0.74699091796875,2.901772412109375,11.473014355468749,11.857838629531052
1.8527729420542152,-0.7422025146484375,2.8107927490234372,11.937489477539062,12.286377638550308
1.8552598856005968,-0.8283937744140625,2.7629087158203123,12.243947290039062,12.579115472031358
1.8577468291469783,-0.8283937744140625,2.7150246826171873,12.320561743164061,12.643331718333835
1.8602337726933598,-0.7757213378906249,2.6192566162109374,12.243947290039062,12.544978838438846
1.8627207162397412,-0.7661445312499999,2.518700146484375,11.889605444335936,12.177583729650452
1.8652076597861227,-0.7422025146484375,2.427720483398437,11.382034692382812,11.661706781465082
1.8676946033325041,-0.689530078125,2.4133552734375,10.797849487304687,11.085724557057771
1.8701815468788858,-0.6272808349609375,2.3319524169921872,9.9981861328125,10.28567981551969
1.8726684904252673,-0.5602431884765625,2.308010400390625,9.270348828125,9.569751921218451
1.8751554339716487,-0.4836287353515625,2.29843359375,8.528146313476562,8.845675400024588
1.8776423775180302,-0.45489831542968745,2.250549560546875,7.886500268554687,8.21393890212069
1.8801293210644117,-0.3687070556640625,2.327164013671875,7.3932947265625,7.7596677862678325
1.8826162646107931,-0.373495458984375,2.370259643554687,7.0102224609374995,7.409510684760401
1.8851032081571748,-0.33518823242187495,2.437297290039062,6.847416748046874,7.27598002695298
1.8875901517035563,-0.316034619140625,2.5474305664062498,6.880935571289062,7.3441510542327055
1.8900770952499377,-0.33518823242187495,2.6431986328124997,7.163451367187499,7.642897726236851
1.8925640387963192,-0.3495534423828125,2.6384102294921874,7.637503295898437,8.087944902324086
1.8950509823427006,-0.40222587890625,2.7437551025390623,8.14028564453125,8.599664417576571
1.897537925889082,-0.47884033203125,2.729389892578125,8.786720092773438,9.21332226930307
1.9000248694354638,-0.55545478515625,2.786850732421875,9.4618849609375,9.87938935547985
1.9025118129818452,-0.622492431640625,2.849099975585937,10.228029492187499,10.635668986546682
1.9049987565282267,-0.6607996582031249,2.863465185546875,10.831368310546875,11.222950972709425
1.9074857000746082,-0.737414111328125,2.8203695556640622,11.382034692382812,11.749424570620828
1.9099726436209896,-0.7900865478515624,2.729389892578125,11.722011328125,12.061482310043589
1.9124595871673713,-0.8044517578125,2.7820623291015623,12.023680737304687,12.367534592888164
1.9149465307137528,-0.7948749511718749,2.6767174560546874,12.00931552734375,12.329651331763118
1.9174334742601342,-0.7852981445312499,2.5761609863281247,11.81777939453125,12.120775900126638
1.9199204178065157,-0.7900865478515624,2.5139117431640625,11.496956372070311,11.795083502324276
1.9224073613528971,-0.7661445312499999,2.4516625,10.965443603515624,11.262263532636423
1.9248943048992786,-0.689530078125,2.3511060302734372,10.40041201171875,10.685116813012895
1.9273812484456603,-0.612915625,2.3415292236328122,9.710881933593749,10.007979446256526
1.9298681919920417,-0.565031591796875,2.288856787109375,9.04050546875,9.342851022151848
1.9323551355384232,-0.469263525390625,2.370259643554687,8.374917407226562,8.716511952151073
1.9348420790848047,-0.4213794921875,2.2936451904296873,7.838616235351562,8.17815831475122
1.9373290226311861,-0.39743747558593745,2.379836450195312,7.41244833984375,7.795252944422696
1.9398159661775676,-0.33518823242187495,2.422932080078125,7.125144140624999,7.533301403800897
1.9423029097239493,-0.32561142578124996,2.5043349365234375,7.115567333984375,7.55043142869046
1.9447898532703307,-0.316034619140625,2.5857377929687497,7.1586629638671875,7.617898217010122
1.9472767968167122,-0.37828386230468747,2.6288334228515624,7.484274389648437,7.941550666282316
1.9497637403630936,-0.39743747558593745,2.6862942626953124,7.924807495117187,8.377153887058265
1.952250683909475,-0.44053310546874996,2.7150246826171873,8.513781103515624,8.947060809160416
1.9547376274558566,-0.5219359619140624,2.7820623291015623,9.141061938476563,9.569289488483983
1.9572245710022382,-0.5698199951171875,2.786850732421875,9.753977563476562,10.16028100696235
1.9597115145486197,-0.5985504150390625,2.834734765625,10.43871923828125,10.83332096480343
1.9621984580950012,-0.718260498046875,2.806004345703125,11.046846459960937,11.420261610011867
1.9646854016413826,-0.7230489013671875,2.7341782958984373,11.468225952148437,11.8118049914931
1.967172345187764,-0.74699091796875,2.729389892578125,11.765106958007811,12.100632477296351
1.9696592887341455,-0.7948749511718749,2.6192566162109374,11.884817041015625,12.195950455293783
1.9721462322805272,-0.814028564453125,2.5905261962890624,11.774683764648437,12.083734780062038
1.9746331758269087,-0.7996633544921875,2.518700146484375,11.573570825195311,11.87143013938212
1.9771201193732901,-0.7709329345703124,2.461239306640625,11.156979736328124,11.451210999322054
1.9796070629196716,-0.6560112548828124,2.43250888671875,10.658985791015624,10.95269046141502
1.982094006466053,-0.6655880615234374,2.370259643554687,10.022128149414062,10.320086767502696
1.9845809500124345,-0.612915625,2.3319524169921872,9.390058911132812,9.69468276907654
1.9870678935588162,-0.5315127685546874,2.308010400390625,8.724470849609375,9.040232819852136
1.9895548371051976,-0.45968671875,2.308010400390625,8.154650854492187,8.487435092321862
1.992041780651579,-0.4213794921875,2.346317626953125,7.71890615234375,8.078631027078618
1.9945287241979606,-0.37828386230468747,2.422932080078125,7.345410693359375,7.743949689872094
1.997015667744342,-0.3447650390625,2.442085693359375,7.206546997070312,7.616886836946801
1.9995026112907235,-0.296881005859375,2.5522189697265625,7.206546997070312,7.650900575883556
2.001989554837105,-0.296881005859375,2.6240450195312497,7.407659936523437,7.864297573931269
2.0044764983834864,-0.354341845703125,2.6623522460937497,7.747636572265624,8.1999725659178
2.006963441929868,-0.411802685546875,2.6958710693359373,8.259995727539062,8.698553425327091
2.0094503854762498,-0.4261678955078125,2.7724855224609373,8.853757739257812,9.287481959760926
2.011937329022631,-0.55545478515625,2.7820623291015623,9.476250170898437,9.891800550092569
2.0144242725690127,-0.6272808349609375,2.8012159423828122,10.151415039062499,10.549479574702877
2.016911216115394,-0.6847416748046875,2.7916391357421872,10.711658227539061,11.090615050980128
2.0193981596617756,-0.7038952880859375,2.8203695556640622,11.267113012695312,11.63605554507
2.021885103208157,-0.7661445312499999,2.7581203125,11.597512841796874,11.945564415992774
2.0243720467545385,-0.7900865478515624,2.6815058593749996,11.741164941406248,12.06936885708054
2.02685899030092,-0.8092401611328125,2.6048914062499997,11.765106958007811,12.077171465625101
2.0293459338473014,-0.7422025146484375,2.5857377929687497,11.645396875,11.952078182600594
2.031832877393683,-0.7661445312499999,2.499546533203125,11.291055029296874,11.589764190397588
2.0343198209400644,-0.6703764648437499,2.43250888671875,10.817003100585938,11.10738763916466
2.036806764486446,-0.6847416748046875,2.3415292236328122,10.237606298828124,10.524267812828887
2.0392937080328277,-0.6368576416015624,2.2936451904296873,9.643844287109374,9.933283875398892
2.041780651579209,-0.5985504150390625,2.3319524169921872,9.045293872070312,9.360213988289578
2.0442675951255906,-0.5027823486328125,2.3415292236328122,8.413224633789062,8.747450939206134
2.046754538671972,-0.44053310546874996,2.3415292236328122,7.900865478515625,8.25230294110319
2.0492414822183536,-0.39743747558593745,2.35589443359375,7.52737001953125,7.897435947203119
2.0517284257647352,-0.36391865234375,2.4133552734375,7.326257080078125,7.722095781894131
2.0542153693111165,-0.411802685546875,2.446874096679687,7.240065820312499,7.653451991048415
2.056702312857498,-0.316034619140625,2.5617957763671875,7.4028715332031245,7.839973368412504
2.0591892564038794,-0.3687070556640625,2.6144682128906247,7.671022119140624,8.11270419043223
2.061676199950261,-0.4261678955078125,2.6910826660156246,8.078036401367187,8.52515202751861
2.0641631434966423,-0.44053310546874996,2.7581203125,8.628702783203124,9.069498817249848
2.066650087043024,-0.5315127685546874,2.7964275390625,9.260772021484375,9.688364734993806
2.0691370305894057,-0.5698199951171875,2.8012159423828122,9.86411083984375,10.269965347722355
2.071623974135787,-0.6464344482421874,2.8107927490234372,10.481814868164061,10.871378767401222
2.0741109176821686,-0.6847416748046875,2.806004345703125,10.979808813476561,11.353357790971652
2.07659786122855,-0.7326257080078125,2.767697119140625,11.439495532226562,11.792325716463429
2.0790848047749315,-0.8379705810546875,2.6671406494140624,11.659762084960937,11.990241274318153
2.081571748321313,-0.7661445312499999,2.6431986328124997,11.808202587890625,12.124649471713935
2.0840586918676944,-0.7805097412109374,2.5953145996093747,11.678915698242188,11.98924206168674
2.086545635414076,-0.814028564453125,2.50912333984375,11.396399902343749,11.697703756397445
2.0890325789604574,-0.7517793212890624,2.4564509033203126,10.984597216796875,11.280988396572468
2.091519522506839,-0.7134720947265625,2.408566870117187,10.496180078124999,10.792591580811706
2.0940064660532203,-0.6272808349609375,2.4133552734375,9.9215716796875,10.230119721533805
2.096493409599602,-0.5985504150390625,2.370259643554687,9.265560424804686,9.582640730138756
2.0989803531459836,-0.5506663818359374,2.3415292236328122,8.63827958984375,8.9669318521734
2.101467296692365,-0.43574470214843747,2.3319524169921872,8.130708837890625,8.469728550970146
2.1039542402387466,-0.40222587890625,2.370259643554687,7.704540942382812,8.070927305358346
2.106441183785128,-0.38307226562499996,2.408566870117187,7.378929516601562,7.77152105700621
2.1089281273315095,-0.3447650390625,2.480392919921875,7.268796240234375,7.688082384535413
2.111415070877891,-0.36391865234375,2.5474305664062498,7.326257080078125,7.765042310224678
2.1139020144242724,-0.32561142578124996,2.6288334228515624,7.522581616210937,7.9753383713956305
2.116388957970654,-0.373495458984375,2.6719290527343746,7.939172705078125,8.385056169268365
2.1188759015170353,-0.44053310546874996,2.7198130859375,8.403647827148436,8.84379722982088
2.121362845063417,-0.507570751953125,2.767697119140625,9.05965908203125,9.486579894470339
2.1238497886097982,-0.5219359619140624,2.7629087158203123,9.677363110351562,10.077571061019032
2.12633673215618,-0.603338818359375,2.806004345703125,10.232817895507813,10.627710957702465
2.1288236757025616,-0.63206923828125,2.7629087158203123,10.807426293945312,11.17289752897599
2.131310619248943,-0.7278373046875,2.8012159423828122,11.252747802734374,11.61898838152004
2.1337975627953245,-0.74699091796875,2.81558115234375,11.635820068359374,11.994907307695042
2.1362845063417057,-0.7900865478515624,2.6623522460937497,11.698069311523437,12.023193496429426
2.1387714498880874,-0.814028564453125,2.6192566162109374,11.698069311523437,12.015322440222603
2.141258393434469,-0.7852981445312499,2.5474305664062498,11.544840405273437,11.848604797599556
2.1437453369808503,-0.7852981445312499,2.50912333984375,11.161768139648437,11.467234239938758
2.146232280527232,-0.737414111328125,2.43250888671875,10.678139404296875,10.976499450787996
2.1487192240736133,-0.699106884765625,2.375048046875,10.103531005859374,10.402448867822095
2.151206167619995,-0.6177040283203125,2.375048046875,9.509768994140625,9.82130937367754
2.153693111166376,-0.5410895751953124,2.3511060302734372,8.863334545898438,9.185813886993891
2.156180054712758,-0.5123591552734374,2.3511060302734372,8.312668164062499,8.653939188334919
2.1586669982591395,-0.430956298828125,2.327164013671875,7.857769848632812,8.206458595040369
2.161153941805521,-0.373495458984375,2.398990063476562,7.498639599609374,7.881893682825915
2.1636408853519025,-0.3447650390625,2.4660277099609376,7.287949853515625,7.701582218337565
2.1661278288982837,-0.3447650390625,2.5139117431640625,7.307103466796875,7.735139058805139
2.1686147724446654,-0.3447650390625,2.6096798095703124,7.484274389648437,7.933703723998407
2.171101715991047,-0.3399766357421875,2.6623522460937497,7.800309008789062,8.249152940013103
2.1735886595374283,-0.40222587890625,2.6384102294921874,8.240842114257813,8.662244105823623
2.17607560308381,-0.44532150878906246,2.7437551025390623,8.805873706054687,9.234171052990334
2.178562546630191,-0.51714755859375,2.7629087158203123,9.351751684570312,9.76505840940949
2.181049490176573,-0.5985504150390625,2.73896669921875,10.002974536132811,10.38844072752471
2.1835364337229546,-0.6703764648437499,2.7820623291015623,10.572794531249999,10.953230555760811
2.186023377269336,-0.7517793212890624,2.786850732421875,11.109095703125,11.477966566160948
2.1885103208157175,-0.7757213378906249,2.7150246826171873,11.415553515625,11.759590328297055
2.1909972643620987,-0.7805097412109374,2.6767174560546874,11.659762084960937,11.988497139907306
2.1934842079084804,-0.8044517578125,2.6623522460937497,11.707646118164062,12.033463331106722
2.1959711514548617,-0.814028564453125,2.5905261962890624,11.602301245117188,11.915824044515483
2.1984580950012433,-0.7757213378906249,2.5139117431640625,11.276689819335937,11.579517655239002
2.200945038547625,-0.7326257080078125,2.4851813232421875,10.864887133789061,11.169540682919813
2.2034319820940063,-0.689530078125,2.365471240234375,10.36210478515625,10.651015045317187
2.205918925640388,-0.6464344482421874,2.360682836914062,9.701305126953125,10.005299701589243
2.208405869186769,-0.6081272216796875,2.389413256835937,9.160215551757812,9.486235469582065
2.210892812733151,-0.49320554199218747,2.370259643554687,8.547299926757812,8.88356451670555
2.2133797562795325,-0.469263525390625,2.35589443359375,8.039729174804688,8.390929152525702
2.2158666998259138,-0.4070142822265625,2.379836450195312,7.584830859375,7.959832995794693
2.2183536433722955,-0.373495458984375,2.422932080078125,7.3932947265625,7.7891530756797
2.2208405869186767,-0.3399766357421875,2.47081611328125,7.297526660156249,7.711965490988147
2.2233275304650584,-0.3591302490234375,2.5905261962890624,7.3932947265625,7.842232298474738
2.2258144740114396,-0.3591302490234375,2.6096798095703124,7.6997525390625,8.137910813411633
2.2283014175578213,-0.38307226562499996,2.6910826660156246,8.073247998046874,8.518568161022642
2.230788361104203,-0.45489831542968745,2.710236279296875,8.614337573242187,9.042075259185241
2.233275304650584,-0.4740519287109375,2.729389892578125,9.212887988281249,9.62037418718415
2.235762248196966,-0.5985504150390625,2.7964275390625,9.811438403320311,10.219715902250865
2.238249191743347,-0.6272808349609375,2.7724855224609373,10.409988818359375,10.791108581444819
2.240736135289729,-0.7134720947265625,2.7964275390625,10.93671318359375,11.311089455546446
2.2432230788361105,-0.7517793212890624,2.7437551025390623,11.3389390625,11.690376524035287
2.2457100223824917,-0.7948749511718749,2.7150246826171873,11.611878051757811,11.951522794360384
2.2481969659288734,-0.8188169677734375,2.6288334228515624,11.707646118164062,12.027061321036705
2.2506839094752547,-0.833182177734375,2.5809493896484375,11.635820068359374,11.947711117885952
2.2531708530216363,-0.8188169677734375,2.5617957763671875,11.429918725585937,11.742073960762916
2.2556577965680176,-0.7709329345703124,2.4947581298828125,11.037269653320312,11.341934452126191
2.2581447401143993,-0.7134720947265625,2.398990063476562,10.539275708007812,10.83238331135011
2.260631683660781,-0.6943184814453125,2.379836450195312,9.90241806640625,10.208015637000349
2.263118627207162,-0.5793968017578125,2.379836450195312,9.34696328125,9.662558913900664
2.265605570753544,-0.5410895751953124,2.3032219970703123,8.681375219726561,8.997993398633719
2.268092514299925,-0.4644751220703125,2.403778466796875,8.169016064453125,8.52799575033617
2.2705794578463068,-0.4165910888671875,2.3319524169921872,7.71890615234375,8.074222092507082
2.2730664013926885,-0.3495534423828125,2.437297290039062,7.455543969726562,7.851607578938184
2.2755533449390697,-0.3447650390625,2.4947581298828125,7.335833886718749,7.756103394895356
2.2780402884854514,-0.33518823242187495,2.5761609863281247,7.350199096679687,7.795792669091712
2.2805272320318326,-0.36391865234375,2.6001030029296874,7.599196069335937,8.039947345074992
2.2830141755782143,-0.39264907226562495,2.6575638427734374,7.896077075195312,8.340554660800008
2.2855011191245955,-0.4261678955078125,2.7246014892578123,8.389282617187499,8.83091927159748
2.287988062670977,-0.45010991210937495,2.806004345703125,8.987833032226561,9.426420420088785
2.290475006217359,-0.5410895751953124,2.767697119140625,9.610325463867188,10.015551946504917
2.29296194976374,-0.59376201171875,2.839523168945312,10.242394702148436,10.645285077823697
2.295448893310122,-0.6607996582031249,2.7820623291015623,10.788272680664061,11.160795420741744
2.297935836856503,-0.7517793212890624,2.748543505859375,11.243170996093749,11.59864464491103
2.3004227804028847,-0.7565677246093749,2.7341782958984373,11.573570825195311,11.916193491274583
2.3029097239492664,-0.7900865478515624,2.7150246826171873,11.688492504882811,12.025658103281426
2.3053966674956476,-0.8092401611328125,2.5905261962890624,11.693280908203125,12.00410404862428
2.3078836110420293,-0.7900865478515624,2.5713725830078125,11.549628808593749,11.858757073573896
2.3103705545884106,-0.8283937744140625,2.4851813232421875,11.123460913085937,11.427762035491918
2.3128574981347922,-0.718260498046875,2.437297290039062,10.697293017578124,10.99492583544846
2.315344441681174,-0.7038952880859375,2.389413256835937,10.117896215820313,10.420009026994357
2.317831385227555,-0.6081272216796875,2.379836450195312,9.557653027343749,9.868240554350061
2.320318328773937,-0.6081272216796875,2.2840683837890623,8.877699755859375,9.186965769760887
2.322805272320318,-0.488417138671875,2.375048046875,8.394071020507813,8.73726689666982
2.3252922158666998,-0.4644751220703125,2.346317626953125,7.862558251953125,8.218318916355665
2.327779159413081,-0.39743747558593745,2.4133552734375,7.493851196289062,7.882895786127818
2.3302661029594627,-0.3687070556640625,2.480392919921875,7.3549875,7.7707229428960645
2.3327530465058444,-0.3112462158203125,2.480392919921875,7.292738256835937,7.709296629834624
2.3352399900522256,-0.373495458984375,2.5330653564453125,7.45075556640625,7.878431155264295
2.3377269335986073,-0.354341845703125,2.6192566162109374,7.762001782226562,8.199678959109887
2.3402138771449885,-0.411802685546875,2.73896669921875,8.2360537109375,8.689309567549094
2.34270082069137,-0.430956298828125,2.7820623291015623,8.781931689453124,9.222142827603932
2.345187764237752,-0.49799394531249996,2.7964275390625,9.3852705078125,9.805677307336303
2.347674707784133,-0.6177040283203125,2.8012159423828122,10.01733974609375,10.419955115600661
2.350161651330515,-0.6607996582031249,2.748543505859375,10.539275708007812,10.911804618910965
2.352648594876896,-0.7134720947265625,2.7533319091796873,11.051634863281249,11.411770773344255
2.3551355384232777,-0.7613561279296874,2.710236279296875,11.425130322265625,11.766845232427698
2.357622481969659,-0.8188169677734375,2.6767174560546874,11.674127294921874,12.005020852305984
2.3601094255160406,-0.852335791015625,2.6240450195312497,11.698069311523437,12.019023012806798
2.3625963690624223,-0.8044517578125,2.5761609863281247,11.559205615234374,11.870087721385744
2.3650833126088036,-0.814028564453125,2.5139117431640625,11.3389390625,11.642763152244065
2.3675702561551852,-0.74699091796875,2.4133552734375,10.903194360351561,11.19204746089644
2.3700571997015665,-0.679953271484375,2.422932080078125,10.36210478515625,10.663308674826592
2.372544143247948,-0.6272808349609375,2.384624853515625,9.787496386718749,10.093314740854279
2.37503108679433,-0.5602431884765625,2.39420166015625,9.131485131835937,9.456748634317723
2.377518030340711,-0.5410895751953124,2.31758720703125,8.494627490234375,8.82171664634642
2.3800049738870928,-0.44532150878906246,2.3319524169921872,8.0062103515625,8.350791430443728
2.382491917433474,-0.39743747558593745,2.389413256835937,7.68059892578125,8.053499370935317
2.3849788609798557,-0.373495458984375,2.4564509033203126,7.335833886718749,7.745199075029398
2.387465804526237,-0.3447650390625,2.5474305664062498,7.316680273437499,7.755132213349433
2.3899527480726186,-0.32082302246093747,2.5474305664062498,7.41244833984375,7.84453442170115
2.3924396916190003,-0.3687070556640625,2.6192566162109374,7.68059892578125,8.123302898031891
2.3949266351653815,-0.40222587890625,2.710236279296875,8.039729174804688,8.493786643864121
2.397413578711763,-0.44532150878906246,2.70065947265625,8.518569506835936,8.947507992521334
2.3999005222581444,-0.5219359619140624,2.7150246826171873,9.17458076171875,9.582103544048119
2.402387465804526,-0.5793968017578125,2.7629087158203123,9.816226806640625,10.214091929547777
2.404874409350908,-0.6272808349609375,2.849099975585937,10.395623608398436,10.797214553961776
2.407361352897289,-0.7038952880859375,2.767697119140625,10.9175595703125,11.284889139517984
2.4098482964436707,-0.7038952880859375,2.806004345703125,11.358092675781249,11.720725156590357
2.412335239990052,-0.7661445312499999,2.6767174560546874,11.583147631835937,11.913064376692448
2.4148221835364336,-0.814028564453125,2.6527754394531247,11.745953344726562,12.069270069577716
2.417309127082815,-0.7996633544921875,2.6001030029296874,11.650185278320311,11.963561933034534
2.4197960706291965,-0.8044517578125,2.5665841796874997,11.405976708984374,11.718822537608622
2.4222830141755782,-0.7757213378906249,2.5139117431640625,11.01332763671875,11.323201026220014
2.4247699577219595,-0.70868369140625,2.442085693359375,10.548852514648438,10.85100476840649
2.427256901268341,-0.6751648681640625,2.4133552734375,9.935936889648437,10.247095839803015
2.4297438448147224,0.9528922607421875,0.928950244140625,-1.7381904052734374,2.189122678530356
2.432230788361104,0.9145850341796874,1.0486603271484374,-4.070142822265625,4.301420330556049
2.4347177319074857,0.7948749511718749,1.37906015625,-5.286397265624999,5.520835910671883
2.437204675453867,0.6081272216796875,1.7525556152343749,-5.2816088623046875,5.597915869018827
2.4396916190002487,0.296881005859375,2.1452046874999997,-4.1563340820312495,4.6866997433552955
2.44217856254663,0.0143652099609375,2.5905261962890624,-2.0877438476562498,3.3271168759668814
2.4446655060930116,-0.39743747558593745,2.9927520751953125,0.842758984375,3.1344479954739644
2.4471524496393933,-0.7613561279296874,3.347093920898437,4.199429711914062,5.423828055364401
2.4496393931857745,-1.0534487304687499,3.6296097167968746,7.881711865234375,8.741006970056073
2.452126336732156,-1.3215993164062498,3.768473413085937,11.444283935546874,12.121041680304431
2.4546132802785374,-1.5610194824218748,3.854664672851562,14.695609790039061,15.272726301015233
2.457100223824919,-1.68551796875,3.821145849609375,17.439364892578123,17.93247262045735
2.4595871673713003,-1.68551796875,3.749319799804687,19.44570588378906,19.875458412399322
2.462074110917682,-1.675941162109375,3.4859576171874997,20.590134277343747,20.95028183215505
2.4645610544640637,-1.5131354492187499,3.2130186279296873,20.843919653320313,21.14431493582089
2.467047998010445,-1.3168109130859373,2.9975404785156248,20.298041674804686,20.560392402220092
2.4695349415568266,-1.1348515869140625,2.6431986328124997,18.890251098632813,19.1080081040966
2.472021885103208,-0.852335791015625,2.346317626953125,16.903063720703123,17.08640529348837
2.4745088286495895,-0.584185205078125,2.039859814453125,14.398728784179687,14.554232752598727
2.4769957721959712,-0.33039982910156246,1.8339584716796873,11.640608471679688,11.788822388765425
2.4794827157423525,-0.08140285644531249,1.7238251953125,8.8872765625,9.05328031309058
2.481969659288734,0.08140285644531249,1.5849614990234373,6.229712719726562,6.428689598102166
2.4844566028351154,0.1771709228515625,1.62805712890625,4.00310517578125,4.325137061325706
2.486943546381497,0.2442085693359375,1.6232687255859375,2.2170307373046874,2.7585982800973876
2.4894304899278783,0.229843359375,1.7812860351562498,1.139639990234375,2.1271077114788675
2.49191743347426,0.1580173095703125,1.9776105712890624,0.7709329345703124,2.1284385430176944
2.4944043770206417,0.01915361328125,2.1691467041015624,0.948103857421875,2.3673751729023937
2.496891320567023,-0.1484405029296875,2.384624853515625,1.8291700683593748,3.0090419428609287
2.4993782641134046,-0.28730419921875,2.7246014892578123,3.289633081054687,4.281084300282345
2.501865207659786,-0.4740519287109375,2.96881005859375,5.099649536132812,5.919880386165044
2.5043521512061675,-0.6655880615234374,3.0980969482421874,7.196970190429687,7.8636881989486085
2.506839094752549,-0.8571241943359375,3.2321722412109373,9.313444458007812,9.895546824393637
2.5093260382989304,-1.01514150390625,3.361459130859375,11.439495532226562,11.966285045628087
2.511812981845312,-1.1156979736328125,3.39018955078125,13.283030810546874,13.75416572070194
2.5142999253916933,-1.2018892333984375,3.342305517578125,14.800954663085937,15.221162992390482
2.516786868938075,-1.2114660400390624,3.1938650146484373,15.830461376953124,16.194811857665027
2.5192738124844563,-1.1875240234375,3.1076737548828124,16.366762548828124,16.701459990155097
2.521760756030838,-1.13006318359375,2.882618798828125,16.371550952148436,16.661759046303114
2.5242476995772196,-0.9576806640625,2.7198130859375,15.892710620117187,16.15217590083583
2.526734643123601,-0.9337386474609375,2.4947581298828125,14.853627099609374,15.09059057832491
2.5292215866699825,-0.7661445312499999,2.35589443359375,13.584700219726562,13.808739844201613
2.5317085302163638,-0.5793968017578125,2.1643583007812497,12.014103930664062,12.221245467007261
2.5341954737627455,-0.4740519287109375,2.020706201171875,10.295067138671874,10.5022086330605
2.536682417309127,-0.3112462158203125,1.9967641845703124,8.590395556640624,8.824898709628128
2.5391693608555084,-0.2154781494140625,1.9488801513671874,7.067683300781249,7.334624183788153
2.54165630440189,-0.17238251953125,1.9967641845703124,5.693411547851563,6.035869282467291
2.5441432479482713,-0.13407529296874998,1.9919757812499999,4.7117888671875,5.117313555589814
2.546630191494653,-0.1197100830078125,2.0925322509765625,4.11802685546875,4.620732291283776
2.549117135041034,-0.13407529296874998,2.250549560546875,3.9264907226562498,4.527723368732677
2.551604078587416,-0.22026655273437498,2.422932080078125,4.204218115234375,4.857423924199954
2.5540910221337976,-0.2537853759765625,2.5522189697265625,4.817133740234374,5.4573808880997206
2.556577965680179,-0.40222587890625,2.6862942626953124,5.7700260009765625,6.377394654198315
2.5590649092265605,-0.47884033203125,2.882618798828125,7.0102224609374995,7.594866565962151
2.5615518527729417,-0.6368576416015624,2.9927520751953125,8.341398583984375,8.884879457603727
2.5640387963193234,-0.7661445312499999,3.0645781249999997,9.730035546875,10.229966191070421
2.566525739865705,-0.7613561279296874,3.1028853515624997,11.089942089843749,11.540986795528585
2.5690126834120863,-0.9241618408203125,3.0885201416015624,12.243947290039062,12.661251005108532
2.571499626958468,-0.948103857421875,3.0358477050781247,13.1776859375,13.556056907532943
2.5739865705048492,-0.9720458740234375,2.9544448486328125,13.785813159179687,14.132312691298292
2.576473514051231,-0.967257470703125,2.89219560546875,14.15452021484375,14.47932405008411
2.5789604575976126,-0.948103857421875,2.7533319091796873,14.010868115234373,14.310281718717368
2.581447401143994,-0.9097966308593749,2.6767174560546874,13.608642236328125,13.899197450408591
2.5839343446903755,-0.814028564453125,2.4756045166015626,12.933477368164061,13.193411122949804
2.5864212882367568,-0.6751648681640625,2.375048046875,12.028469140624999,12.279282173284221
2.5889082317831384,-0.612915625,2.2553379638671873,10.93671318359375,11.183644761651857
2.5913951753295197,-0.5363011718749999,2.1930887207031247,9.763554370117188,10.021190100086127
2.5938821188759014,-0.44053310546874996,2.1116858642578125,8.633491186523438,8.898901992611115
2.596369062422283,-0.32561142578124996,2.1356278808593747,7.6279264892578125,7.927937422282306
2.5988560059686643,-0.28730419921875,2.1595698974609374,6.7085530517578125,7.053436743400853
2.601342949515046,-0.277727392578125,2.1739351074218747,6.105214233398437,6.486660711919536
2.603829893061427,-0.258573779296875,2.2601263671875,5.659892724609374,6.099952233344304
2.606316836607809,-0.26336218261718747,2.403778466796875,5.616797094726562,6.115220368882708
2.6088037801541906,-0.3064578125,2.4947581298828125,5.827486840820312,6.346442893258599
2.611290723700572,-0.38786066894531246,2.5665841796874997,6.306327172851562,6.8196446139797375
2.6137776672469535,-0.411802685546875,2.7150246826171873,7.019799267578125,7.537806195182691
2.6162646107933347,-0.4836287353515625,2.8107927490234372,7.896077075195312,8.39538479219657
2.6187515543397164,-0.5793968017578125,2.858676782226562,8.82981572265625,9.299106370786168
2.6212384978860976,-0.6607996582031249,2.91134921875,9.883264453125,10.32431725162501
2.6237254414324793,-0.7230489013671875,2.959233251953125,10.807426293945312,11.228549516847396
2.626212384978861,-0.82360537109375,2.916137622070312,11.631031665039062,12.019279597017855
2.6286993285252422,-0.718260498046875,3.2561142578125,11.975796704101562,12.43132675545753
2.631186272071624,-0.842758984375,2.834734765625,12.708422412109375,13.047986975077484
2.633673215618005,-0.8810662109374999,2.7629087158203123,12.914323754882812,13.23592461016389
2.636160159164387,-0.8379705810546875,2.6719290527343746,12.804190478515624,13.106818582999814
2.6386471027107685,-0.86191259765625,2.5665841796874997,12.492944262695312,12.782953650398348
2.6411340462571498,-0.7709329345703124,2.5234885498046875,11.985373510742187,12.272388123042763
2.6436209898035314,-0.679953271484375,2.408566870117187,11.257536206054686,11.532374094255724
2.6461079333499127,-0.6416460449218749,2.3415292236328122,10.419565624999999,10.698682936033387
2.6485948768962944,-0.5746083984375,2.24097275390625,9.586383447265625,9.86158614490151
2.6510818204426756,-0.5267243652343749,2.1835119140624997,8.604760766601562,8.89309117721335
2.6535687639890573,-0.4644751220703125,2.250549560546875,7.867346655273437,8.19608771657198
2.656055707535439,-0.39264907226562495,2.2744915771484373,7.192181787109375,7.5534736437812535
2.65854265108182,-0.3687070556640625,2.288856787109375,6.775590698242187,7.161245673407606
2.661029594628202,-0.33039982910156246,2.408566870117187,6.4834980957031245,6.924312671441295
2.663516538174583,-0.3064578125,2.446874096679687,6.512228515625,6.963492620486052
2.666003481720965,-0.33518823242187495,2.5426421630859375,6.617573388671874,7.0971584366642535
2.6684904252673465,-0.36391865234375,2.6479870361328124,7.067683300781249,7.556217265880678
2.6709773688137277,-0.411802685546875,2.7198130859375,7.632714892578124,8.113279318847859
2.6734643123601094,-0.5123591552734374,2.7629087158203123,8.384494213867187,8.842845678757529
2.6759512559064906,-0.584185205078125,2.8107927490234372,9.169792358398437,9.608689823692785
2.6784381994528723,-0.6272808349609375,2.877830395507812,9.969455712890625,10.395452671360948
2.6809251429992536,-0.699106884765625,2.85388837890625,10.759542260742187,11.153527647174231
2.6834120865456352,-0.7661445312499999,2.858676782226562,11.367669482421874,11.746613122495825
2.685899030092017,-0.7900865478515624,2.834734765625,11.899182250976562,12.257670911983837
2.688385973638398,-0.8188169677734375,2.77727392578125,12.172121240234373,12.511764350902029
2.69087291718478,-0.8092401611328125,2.7246014892578123,12.330138549804687,12.653483297931672
2.693359860731161,-0.8379705810546875,2.6240450195312497,12.215216870117187,12.521953926733456
2.6958468042775428,-0.8188169677734375,2.5713725830078125,11.927912670898436,12.229371156029956
2.6983337478239244,-0.7613561279296874,2.442085693359375,11.425130322265625,11.707990799791398
2.7008206913703057,-0.737414111328125,2.389413256835937,10.78348427734375,11.069625487939915
2.7033076349166874,-0.6560112548828124,2.3367408203125,10.103531005859374,10.390959879347498
2.7057945784630686,-0.5889736083984375,2.2601263671875,9.313444458007812,9.601838822821515
2.7082815220094503,-0.49799394531249996,2.327164013671875,8.585607153320312,8.90934007136568
2.7107684655558315,-0.47884033203125,2.308010400390625,7.939172705078125,8.281706545932945
2.713255409102213,-0.39264907226562495,2.375048046875,7.4028715332031245,7.784441756222792
2.715742352648595,-0.3447650390625,2.360682836914062,7.043741284179687,7.436798885751698
2.718229296194976,-0.3447650390625,2.446874096679687,6.885723974609375,7.31568523322813
2.720716239741358,-0.33518823242187495,2.4899697265625,6.9144543945312495,7.356764231943575
2.723203183287739,-0.3591302490234375,2.5953145996093747,7.115567333984375,7.582607130214166
2.7256901268341207,-0.39264907226562495,2.6527754394531247,7.570465649414062,8.031397199433922
2.7281770703805024,-0.45010991210937495,2.6862942626953124,8.087613208007811,8.533947691491392
2.7306640139268836,-0.49320554199218747,2.77727392578125,8.734047656249999,9.17824006153262
2.7331509574732653,-0.584185205078125,2.8203695556640622,9.4618849609375,9.890552249412774
2.7356379010196465,-0.6177040283203125,2.825157958984375,10.175357055664062,10.578325338637883
2.7381248445660282,-0.689530078125,2.829946362304687,10.788272680664061,11.174563775580822
2.74061178811241,-0.7517793212890624,2.8012159423828122,11.353304272460937,11.717913671249557
2.743098731658791,-0.7805097412109374,2.77727392578125,11.774683764648437,12.122937914236179
2.745585675205173,-0.7948749511718749,2.7629087158203123,11.9518546875,12.292775163935605
2.748072618751554,-0.8188169677734375,2.6958710693359373,12.014103930664062,12.340051673554443
2.7505595622979357,-0.82360537109375,2.6096798095703124,11.860875024414062,12.172473489827066
2.753046505844317,-0.7757213378906249,2.5234885498046875,11.540052001953125,11.838181374807387
2.7555334493906987,-0.7948749511718749,2.4133552734375,11.008539233398437,11.297966450521162
2.7580203929370803,-0.7038952880859375,2.375048046875,10.405200415039062,10.69600474376687
2.7605073364834616,-0.6272808349609375,2.346317626953125,9.758765966796874,10.056450708235642
2.7629942800298433,-0.5746083984375,2.3223756103515623,9.093177905273437,9.4026319562165
2.7654812235762245,-0.47884033203125,2.346317626953125,8.456320263671875,8.788847869426249
2.767968167122606,-0.45010991210937495,2.3415292236328122,7.824251025390624,8.179502561062733
2.770455110668988,-0.411802685546875,2.398990063476562,7.445967163085937,7.8337195360975835
2.772942054215369,-0.33039982910156246,2.4133552734375,7.196970190429687,7.598014717334553
2.775428997761751,-0.3591302490234375,2.4660277099609376,7.105990527343749,7.530296712398385
2.777915941308132,-0.3591302490234375,2.5713725830078125,7.240065820312499,7.691520303481309
2.7804028848545137,-0.37828386230468747,2.6767174560546874,7.4603323730468745,7.935015698557832
2.782889828400895,-0.411802685546875,2.6862942626953124,7.934384301757812,8.386907210980349
2.7853767719472766,-0.5219359619140624,2.7437551025390623,8.451531860351562,8.901067351592495
2.7878637154936583,-0.4836287353515625,2.806004345703125,9.088389501953124,9.523989756450515
2.7903506590400395,-0.5889736083984375,2.844311572265625,9.758765966796874,10.181871705449197
2.792837602586421,-0.6416460449218749,2.829946362304687,10.409988818359375,10.806857695873147
2.7953245461328025,-0.6847416748046875,2.81558115234375,10.970232006835937,11.34646899570326
2.797811489679184,-0.7661445312499999,2.7820623291015623,11.401188305664062,11.76069483606225
2.800298433225566,-0.8092401611328125,2.7198130859375,11.745953344726562,12.083860013974022
2.802785376771947,-0.842758984375,2.6527754394531247,11.884817041015625,12.206405545299807
2.8052723203183287,-0.7996633544921875,2.6479870361328124,11.81777939453125,12.137182813233578
2.80775926386471,-0.8188169677734375,2.5139117431640625,11.616666455078125,11.913737994755014
2.8102462074110917,-0.7852981445312499,2.480392919921875,11.233594189453123,11.53094448110465
2.812733150957473,-0.7517793212890624,2.408566870117187,10.649408984374999,10.94423493133398
2.8152200945038546,-0.6703764648437499,2.389413256835937,10.103531005859374,10.403847322165078
2.8177070380502363,-0.6512228515624999,2.375048046875,9.457096557617186,9.772493014960757
2.8201939815966175,-0.5315127685546874,2.3319524169921872,8.805873706054687,9.124906554329073
2.822680925142999,-0.488417138671875,2.389413256835937,8.21690009765625,8.57118977903039
2.8251678686893804,-0.430956298828125,2.35589443359375,7.71890615234375,8.08192267362339
2.827654812235762,-0.39743747558593745,2.403778466796875,7.3932947265625,7.784401992333986
2.8301417557821438,-0.37828386230468747,2.422932080078125,7.196970190429687,7.603293922181714
2.832628699328525,-0.33518823242187495,2.5617957763671875,7.259219433593749,7.705284909465193
2.8351156428749067,-0.36391865234375,2.5617957763671875,7.4220251464843745,7.860133056150058
2.837602586421288,-0.40222587890625,2.6431986328124997,7.781155395507812,8.227676704830113
2.8400895299676696,-0.43574470214843747,2.710236279296875,8.245630517578125,8.690551004826052
2.842576473514051,-0.488417138671875,2.7964275390625,8.853757739257812,9.297719311102222
2.8450634170604325,-0.45489831542968745,2.518700146484375,9.337386474609374,9.681816414366638
2.847550360606814,-0.6416460449218749,2.8203695556640622,10.141838232421874,10.546235196035342
2.8500373041531954,-0.6703764648437499,2.839523168945312,10.658985791015624,11.051075717986308
2.852524247699577,-0.7661445312499999,2.8012159423828122,11.171344946289063,11.542648574205232
2.8550111912459584,-0.7852981445312499,2.7246014892578123,11.559205615234374,11.90190660803285
2.85749813479234,-0.833182177734375,2.70065947265625,11.769895361328125,12.104469874602334
2.8599850783387217,-0.833182177734375,2.6144682128906247,11.808202587890625,12.122841454633338
2.862472021885103,-0.852335791015625,2.5857377929687497,11.635820068359374,11.950097275665495
2.8649589654314846,-0.7996633544921875,2.4851813232421875,11.358092675781249,11.654263465425224
2.867445908977866,-0.7757213378906249,2.446874096679687,10.89840595703125,11.196615061853072
2.8699328525242476,-0.699106884765625,2.384624853515625,10.333374365234375,10.627973085231918
2.8724197960706292,-0.6512228515624999,2.360682836914062,9.725247143554688,10.028825786806571
2.8749067396170105,-0.603338818359375,2.3367408203125,9.035717065429687,9.352462685172888
2.877393683163392,-0.5315127685546874,2.308010400390625,8.489839086914062,8.814010752951335
2.8798806267097734,-0.45968671875,2.3415292236328122,7.920019091796875,8.27168503987843
2.882367570256155,-0.44532150878906246,2.365471240234375,7.575254052734374,7.948474029525081
2.8848545138025363,-0.373495458984375,2.4564509033203126,7.326257080078125,7.736129051515362
2.887341457348918,-0.39264907226562495,2.437297290039062,7.196970190429687,7.6086116536406525
2.8898284008952997,-0.354341845703125,2.5617957763671875,7.340622290039062,7.782871664652282
2.892315344441681,-0.38307226562499996,2.5953145996093747,7.618349682617187,8.057397477986923
2.8948022879880626,-0.430956298828125,2.6575638427734374,8.0062103515625,8.446761101356122
2.897289231534444,-0.49320554199218747,2.70065947265625,8.566453540039062,8.995606680349441
2.8997761750808255,-0.5315127685546874,2.767697119140625,9.193734375,9.615997344243219
2.902263118627207,-0.59376201171875,2.7581203125,9.835380419921874,10.232032495519547
2.9047500621735884,-0.6655880615234374,2.786850732421875,10.457872851562499,10.843276675059565
2.90723700571997,-0.718260498046875,2.7724855224609373,10.946289990234375,11.314761980069015
2.9097239492663514,-0.7661445312499999,2.748543505859375,11.362881079101562,11.715653428817802
2.912210892812733,-0.82360537109375,2.7246014892578123,11.650185278320311,11.992856044402087
2.9146978363591143,-0.842758984375,2.6767174560546874,11.77947216796875,12.109129762342258
2.917184779905496,-0.842758984375,2.6240450195312497,11.659762084960937,11.981064512311256
2.9196717234518776,-0.8044517578125,2.5234885498046875,11.425130322265625,11.728117494823985
2.922158666998259,-0.7900865478515624,2.4756045166015626,11.027692846679686,11.329733624248382
2.9246456105446406,-0.7422025146484375,2.442085693359375,10.51533369140625,10.820669560987637
2.927132554091022,-0.6751648681640625,2.3367408203125,9.955090502929687,10.247928189738577
2.9296194976374035,-0.6464344482421874,2.3319524169921872,9.284714038085937,9.594883758546528
2.932106441183785,-0.5889736083984375,2.365471240234375,8.695740429687499,9.030960398554939
2.9345933847301664,-0.5267243652343749,2.3415292236328122,8.145074047851562,8.491314910368303
2.937080328276548,-0.43574470214843747,2.39420166015625,7.728482958984374,8.102562797180733
2.9395672718229293,-0.39743747558593745,2.442085693359375,7.431601953125,7.832652594772857
2.942054215369311,-0.354341845703125,2.4660277099609376,7.259219433593749,7.674836649400209
2.9445411589156922,-0.38786066894531246,2.4660277099609376,7.273584643554687,7.690043051359626
2.947028102462074,-0.373495458984375,2.6384102294921874,7.48906279296875,7.949010561950454
2.9495150460084556,-0.40222587890625,2.6575638427734374,7.867346655273437,8.313818294280958
2.952001989554837,-0.4644751220703125,2.6767174560546874,8.379705810546875,8.809087520843642
2.9544889331012185,-0.5315127685546874,2.729389892578125,8.930372192382812,9.353268011947936
2.9569758766475998,-0.5746083984375,2.7916391357421872,9.591171850585937,10.005698443548773
2.9594628201939814,-0.6272808349609375,2.8203695556640622,10.184933862304687,10.58682404954133
2.961949763740363,-0.6847416748046875,2.8012159423828122,10.78348427734375,11.162401850712676
2.9644367072867444,-0.74699091796875,2.7246014892578123,11.171344946289063,11.523037647069103
2.966923650833126,-0.7996633544921875,2.748543505859375,11.549628808593749,11.899070488925515
2.9694105943795073,-0.7900865478515624,2.6958710693359373,11.693280908203125,12.026004156565312
2.971897537925889,-0.842758984375,2.5857377929687497,11.693280908203125,12.005378004789327
2.97438448147227,-0.842758984375,2.5234885498046875,11.511321582031249,11.814768797216413
2.976871425018652,-0.814028564453125,2.47081611328125,11.152191333007812,11.451591430775482
2.9793583685650336,-0.7565677246093749,2.437297290039062,10.716446630859375,11.016126415124765
2.981845312111415,-0.718260498046875,2.389413256835937,10.175357055664062,10.476787917355695
2.9843322556577965,-0.6560112548828124,2.360682836914062,9.600748657226562,9.908458457412594
2.9868191992041777,-0.5793968017578125,2.3511060302734372,8.968679418945312,9.289812201508086
2.9893061427505594,-0.49320554199218747,2.3319524169921872,8.360552197265624,8.693680855941892
2.991793086296941,-0.45968671875,2.389413256835937,7.9104422851562495,8.276213188296111
2.9942800298433223,-0.4070142822265625,2.442085693359375,7.52737001953125,7.924060989832475
2.996766973389704,-0.39743747558593745,2.403778466796875,7.340622290039062,7.734393516589053
2.9992539169360852,-0.3447650390625,2.50912333984375,7.287949853515625,7.715489351562015
3.001740860482467,-0.373495458984375,2.518700146484375,7.4220251464843745,7.846643012195009
3.0042278040288486,-0.4213794921875,2.6001030029296874,7.714117749023437,8.15142373748774
3.00671474757523,-0.39264907226562495,2.6815058593749996,8.212111694335936,8.647741060419337
3.0092016911216115,-0.45010991210937495,2.748543505859375,8.748412866210938,9.181057565131914
3.0116886346679927,-0.5219359619140624,2.7150246826171873,9.318232861328125,9.719734555711645
3.0141755782143744,-0.6177040283203125,2.7820623291015623,9.916783276367187,10.318140317908314
3.0166625217607557,-0.6464344482421874,2.7581203125,10.51533369140625,10.890240942960016
3.0191494653071373,-0.70868369140625,2.7916391357421872,11.018116040039061,11.388343282077452
3.021636408853519,-0.7661445312499999,2.6958710693359373,11.405976708984374,11.745254486435822
3.0241233523999003,-0.8379705810546875,2.6910826660156246,11.635820068359374,11.972319293824302
3.026610295946282,-0.814028564453125,2.6910826660156246,11.741164941406248,12.073090847019357
3.029097239492663,-0.8379705810546875,2.5474305664062498,11.549628808593749,11.856876603965846
3.031584183039045,-0.7757213378906249,2.4947581298828125,11.358092675781249,11.6546913709592
3.0340711265854265,-0.7517793212890624,2.4947581298828125,10.874463940429687,11.18226078511138
3.036558070131808,-0.7278373046875,2.43250888671875,10.386046801757812,10.69190417065006
3.0390450136781895,-0.6847416748046875,2.370259643554687,9.753977563476562,10.061166942650464
3.0415319572245707,-0.6081272216796875,2.346317626953125,9.165003955078124,9.480101403513386
3.0440189007709524,-0.5458779785156249,2.360682836914062,8.547299926757812,8.884094903921447
3.0465058443173336,-0.45968671875,2.375048046875,8.073247998046874,8.427899995985225
3.0489927878637153,-0.411802685546875,2.403778466796875,7.666233715820312,8.044804022152439
3.051479731410097,-0.39264907226562495,2.408566870117187,7.37414111328125,7.767452917164158
3.0539666749564782,-0.36391865234375,2.4899697265625,7.297526660156249,7.719215075408422
3.05645361850286,-0.373495458984375,2.5665841796874997,7.331045483398437,7.776315392842598
3.058940562049241,-0.38307226562499996,2.6048914062499997,7.6279264892578125,8.069539399777858
3.061427505595623,-0.430956298828125,2.6767174560546874,8.020575561523437,8.466414353736445
3.0639144491420045,-0.488417138671875,2.7054478759765623,8.532934716796875,8.964874477207804
3.0664013926883857,-0.507570751953125,2.7820623291015623,9.13627353515625,9.563942334646354
3.0688883362347674,-0.565031591796875,2.7724855224609373,9.758765966796874,10.160681565067224
3.0713752797811487,-0.6177040283203125,2.81558115234375,10.347739575195313,10.741730298611103
3.0738622233275303,-0.7230489013671875,2.7533319091796873,10.922347973632812,11.287219390664653
3.0763491668739116,-0.7422025146484375,2.7437551025390623,11.305420239257812,11.657254540485926
3.0788361104202933,-0.7757213378906249,2.7246014892578123,11.592724438476562,11.933836632691786
3.081323053966675,-0.8571241943359375,2.6671406494140624,11.741164941406248,12.070760345130711
3.083809997513056,-0.8667010009765624,2.5713725830078125,11.650185278320311,11.96202092478229
3.086296941059438,-0.8475473876953125,2.5761609863281247,11.420341918945311,11.737936426284124
3.088783884605819,-0.7661445312499999,2.4516625,11.008539233398437,11.304227638805898
3.091270828152201,-0.7565677246093749,2.408566870117187,10.577582934570312,10.874688493352801
3.0937577716985825,-0.7326257080078125,2.384624853515625,9.97903251953125,10.28612007250064
3.0962447152449637,-0.584185205078125,2.379836450195312,9.380482104492186,9.695274023781305
3.0987316587913454,-0.59376201171875,2.3127988037109373,8.762778076171875,9.082283371776368
3.1012186023377266,-0.5027823486328125,2.375048046875,8.21690009765625,8.568027225092411
3.1037055458841083,-0.45968671875,2.346317626953125,7.762001782226562,8.121895711792563
3.1061924894304895,-0.354341845703125,2.422932080078125,7.455543969726562,7.847374968281693
3.108679432976871,-0.36391865234375,2.47081611328125,7.283161450195312,7.699468147916779
3.111166376523253,-0.36391865234375,2.4851813232421875,7.378929516601562,7.794688178874717
3.113653320069634,-0.3591302490234375,2.6001030029296874,7.5465236328125,7.989964274150742
3.116140263616016,-0.37828386230468747,2.6431986328124997,7.876923461914062,8.317182270326546
3.118627207162397,-0.411802685546875,2.7246014892578123,8.336610180664062,8.780210933197516
3.1211141507087787,-0.49320554199218747,2.767697119140625,8.94473740234375,9.376125332291497
3.1236010942551604,-0.5267243652343749,2.767697119140625,9.562441430664062,9.968845069270133
3.1260880378015417,-0.5698199951171875,2.806004345703125,10.184933862304687,10.57975580977467
3.1285749813479233,-0.718260498046875,2.8107927490234372,10.711658227539061,11.0975707253715
3.1310619248943046,-0.74699091796875,2.7964275390625,11.2240173828125,11.591228089483534
3.1335488684406863,-0.7900865478515624,2.7054478759765623,11.520898388671874,11.860640144816143
3.136035811987068,-0.7805097412109374,2.6671406494140624,11.674127294921874,12.000336778520925
3.138522755533449,-0.8092401611328125,2.6671406494140624,11.674127294921874,12.00223966517029
3.141009699079831,-0.7852981445312499,2.5953145996093747,11.6070896484375,11.91960071284331
3.143496642626212,-0.7852981445312499,2.5139117431640625,11.166556542968749,11.472943408539091
3.1459835861725938,-0.7517793212890624,2.442085693359375,10.759542260742187,11.05878403543199
3.148470529718975,-0.70868369140625,2.384624853515625,10.13226142578125,10.43318694679839
3.1509574732653567,-0.622492431640625,2.308010400390625,9.586383447265625,9.879937066285875
3.1534444168117384,-0.5363011718749999,2.3367408203125,8.939948999023438,9.255844894627902
3.1559313603581196,-0.4836287353515625,2.3415292236328122,8.365340600585936,8.700320639068178
3.1584183039045013,-0.430956298828125,2.389413256835937,7.900865478515625,8.265512346675365
3.1609052474508825,-0.4165910888671875,2.379836450195312,7.56567724609375,7.942080448916548
3.163392190997264,-0.40222587890625,2.39420166015625,7.335833886718749,7.727124048485825
3.165879134543646,-0.36391865234375,2.5139117431640625,7.292738256835937,7.722449114151567
3.168366078090027,-0.3447650390625,2.5857377929687497,7.455543969726562,7.898736528753998
3.170853021636409,-0.36391865234375,2.6575638427734374,7.71890615234375,8.171694717292771
3.17333996518279,-0.38307226562499996,2.7533319091796873,8.202534887695313,8.660782848372131
3.1758269087291717,-0.488417138671875,2.7150246826171873,8.757989672851561,9.182172588137494
3.178313852275553,-0.5458779785156249,2.7150246826171873,9.323021264648437,9.72563968568319
3.1808007958219346,-0.6177040283203125,2.7629087158203123,9.935936889648437,10.33141155475067
3.1832877393683163,-0.6560112548828124,2.7916391357421872,10.529698901367187,10.913210287728981
3.1857746829146976,-0.70868369140625,2.806004345703125,11.056423266601563,11.428927701793304
3.1882616264610792,-0.737414111328125,2.7581203125,11.420341918945311,11.77179751675293
3.1907485700074605,-0.7996633544921875,2.710236279296875,11.659762084960937,11.99728694530673
3.193235513553842,-0.8044517578125,2.6288334228515624,11.640608471679688,11.960839158967485
3.195722457100224,-0.82360537109375,2.5378537597656248,11.6070896484375,11.90980930242445
3.198209400646605,-0.8044517578125,2.50912333984375,11.281478222656249,11.585102220242318
3.2006963441929868,-0.7709329345703124,2.4947581298828125,10.89840595703125,11.206846484202226
3.203183287739368,-0.7422025146484375,2.408566870117187,10.381258398437499,10.682817272410198
3.2056702312857497,-0.6607996582031249,2.360682836914062,9.80665,10.108405604608572
3.208157174832131,-0.6081272216796875,2.27927998046875,9.179369165039063,9.477644971995069
3.2106441183785126,-0.5315127685546874,2.327164013671875,8.571241943359375,8.897437081613393
3.2131310619248943,-0.47884033203125,2.3319524169921872,8.058882788085937,8.403147144421741
3.2156180054712755,-0.373495458984375,2.35589443359375,7.675810522460937,8.03789802229675
3.218104949017657,-0.373495458984375,2.427720483398437,7.407659936523437,7.804277758932514
3.2205918925640384,-0.33039982910156246,2.5043349365234375,7.297526660156249,7.722354102024422
3.22307883611042,-0.4070142822265625,2.5426421630859375,7.364564306640625,7.801762443325472
3.225565779656802,-0.373495458984375,2.6192566162109374,7.6231380859375,8.069215473434674
3.228052723203183,-0.3016694091796875,2.365471240234375,8.14028564453125,8.482376376663106
3.2305396667495647,-0.4644751220703125,2.7150246826171873,8.566453540039062,8.998401103523367
3.233026610295946,-0.5123591552734374,2.748543505859375,9.0788126953125,9.499570688413328
3.2355135538423276,-0.5602431884765625,2.806004345703125,9.739612353515625,10.151235472349825
3.238000497388709,-0.6272808349609375,2.786850732421875,10.342951171874999,10.730175077532522
3.2404874409350906,-0.7134720947265625,2.7820623291015623,10.87925234375,11.251979594362469
3.2429743844814722,-0.7517793212890624,2.7724855224609373,11.291055029296874,11.650741255164137
3.2454613280278535,-0.7900865478515624,2.6910826660156246,11.587936035156249,11.922517528747797
3.247948271574235,-0.8044517578125,2.6623522460937497,11.712434521484374,12.03812213482597
3.2504352151206164,-0.7948749511718749,2.6096798095703124,11.635820068359374,11.951341496238578
3.252922158666998,-0.8283937744140625,2.518700146484375,11.415553515625,11.719426126798473
3.2554091022133798,-0.7661445312499999,2.43250888671875,11.008539233398437,11.300089069560586
3.257896045759761,-0.7517793212890624,2.437297290039062,10.59194814453125,10.894721461533038
3.2603829893061427,-0.6512228515624999,2.3223756103515623,10.022128149414062,10.308276884195084
3.262869932852524,0.8858546142578124,0.8762778076171874,-1.4700398193359374,1.9270750541059571
3.2653568763989056,0.8906430175781249,1.0678139404296874,-3.902548706054687,4.142868329945541
3.2678438199452873,0.7996633544921875,1.37906015625,-5.248090039062499,5.4848625737734755
3.2703307634916685,0.6512228515624999,1.7573440185546874,-5.358223315429687,5.676522377297692
3.27281770703805,0.33518823242187495,2.1021090576171875,-4.352658618164062,4.845291599847031
3.2753046505844314,0.0,2.499546533203125,-2.403778466796875,3.467835605833139
3.277791594130813,-0.3447650390625,2.935291235351562,0.4165910888671875,2.9846851934190672
3.2802785376771944,-0.70868369140625,3.2609026611328122,3.840299462890625,5.087594589246107
3.282765481223576,-1.0103531005859374,3.5482068603515624,7.484274389648437,8.344156545227145
3.2852524247699577,-1.3455413330078123,3.7158009765625,11.051634863281249,11.736962619329962
3.287739368316339,-1.5322890624999999,3.835511059570312,14.393940380859375,14.974797980169129
3.2902263118627206,-1.656787548828125,3.859453076171875,17.161637499999998,17.66811038879174
3.292713255409102,-1.695094775390625,3.7397429931640622,19.244592944335935,19.67773822230748
3.2952001989554836,-1.6232687255859375,3.5482068603515624,20.547038647460937,20.914243243769654
3.2976871425018652,-1.5514426757812498,3.299209887695312,20.93968771972656,21.25470023451211
3.3001740860482465,-1.388636962890625,2.9927520751953125,20.379444531249998,20.644772631360883
3.302661029594628,-1.1348515869140625,2.6719290527343746,19.067422021484372,19.28713756710815
3.3051479731410094,-0.8810662109374999,2.308010400390625,17.080234643554686,17.25797222025962
3.307634916687391,-0.6081272216796875,2.0781670410156248,14.642937353515624,14.802169141956682
3.3101218602337723,-0.36391865234375,1.867477294921875,11.918335864257811,12.069243472804184
3.312608803780154,-0.1484405029296875,1.6472107421875,9.107543115234375,9.25649390471041
3.3150957473265357,0.0383072265625,1.5801730957031248,6.478709692382812,6.6687400409796975
3.317582690872917,0.19153613281249998,1.5562310791015623,4.170699291992188,4.45570127431794
3.3200696344192986,0.258573779296875,1.6424223388671875,2.389413256835937,2.910963285665615
3.32255657796568,0.229843359375,1.7860744384765623,1.1923124267578125,2.159745075843271
3.3250435215120615,0.16759411621093748,1.9584569580078124,0.7134720947265625,2.091096333053848
3.327530465058443,0.06703764648437499,2.1835119140624997,0.9193734375,2.370119373044238
3.3300174086048244,-0.1005564697265625,2.408566870117187,1.656787548828125,2.9251069986210556
3.332504352151206,-0.3112462158203125,2.6862942626953124,3.0693665283203124,4.090728780770647
3.3349912956975873,-0.45010991210937495,2.89219560546875,4.84586416015625,5.661253731459022
3.337478239243969,-0.7038952880859375,3.0837317382812497,6.900089184570312,7.590527041338887
3.3399651827903503,-0.8667010009765624,3.2417490478515623,9.045293872070312,9.647665455769754
3.342452126336732,-1.0342951171875,3.347093920898437,11.219228979492186,11.753463446960238
3.3449390698831136,-1.1013327636718748,3.394977954101562,13.125013500976562,13.601646538783083
3.347426013429495,-1.177947216796875,3.347093920898437,14.700398193359375,15.122575984408156
3.3499129569758765,-1.197100830078125,3.246537451171875,15.773000537109374,16.14808353219935
3.352399900522258,-1.2018892333984375,3.1124621582031247,16.32366691894531,16.66115422461106
3.3548868440686395,-1.139639990234375,2.9496564453125,16.39549296875,16.697647802641114
3.357373787615021,-1.0821791503906248,2.6671406494140624,15.907075830078124,16.165389337134837
3.3598607311614024,-0.8714894042968749,2.5522189697265625,15.040374829101562,15.280254921011812
3.362347674707784,-0.7661445312499999,2.35589443359375,13.73314072265625,13.954797387754569
3.3648346182541653,-0.5889736083984375,2.1787235107421874,12.191274853515624,12.398423633737195
3.367321561800547,-0.45968671875,2.0638018310546875,10.453084448242187,10.664781496089946
3.369808505346928,-0.33518823242187495,1.9488801513671874,8.75320126953125,8.973796156614577
3.37229544889331,-0.239420166015625,1.93451494140625,7.1778165771484375,7.437790054149545
3.3747823924396916,-0.17238251953125,1.9823989746093749,5.8226984375,6.1533274349442175
3.377269335986073,-0.143652099609375,1.9632453613281249,4.774038110351563,5.163952764461319
3.3797562795324545,-0.11013327636718749,2.0254946044921875,4.13718046875,4.607713094626964
3.3822432230788357,-0.143652099609375,2.221819140625,3.9360675292968748,4.522139296235245
3.3847301666252174,-0.22505495605468748,2.437297290039062,4.132392065429687,4.802887880817411
3.387217110171599,-0.27293898925781246,2.528276953125,4.735730883789063,5.375297856606054
3.3897040537179803,-0.411802685546875,2.6288334228515624,5.61200869140625,6.210876602327916
3.392190997264362,-0.5027823486328125,2.81558115234375,6.842628344726562,7.4163232116450715
3.3946779408107433,-0.6368576416015624,2.93050283203125,8.183381274414062,8.715570181384589
3.397164884357125,-0.7038952880859375,3.0358477050781247,9.595960253906249,10.089315787483619
3.3996518279035066,-0.8571241943359375,3.0550013183593747,10.89840595703125,11.350900728309968
3.402138771449888,-0.9097966308593749,3.0645781249999997,12.071564770507813,12.487675724582093
3.4046257149962695,-0.9433154541015625,3.0454245117187497,13.0627642578125,13.44619888882014
3.4071126585426508,-0.9720458740234375,3.0262708984374997,13.776236352539062,14.138170913274264
3.4095996020890325,-0.9864110839843749,2.834734765625,14.058752148437499,14.3755779010531
3.4120865456354137,-0.93852705078125,2.7820623291015623,14.034810131835936,14.338640077243685
3.4145734891817954,-0.8810662109374999,2.6240450195312497,13.632584252929687,13.910759984479963
3.417060432728177,-0.8475473876953125,2.4899697265625,13.038822241210937,13.301472521923424
3.4195473762745583,-0.7230489013671875,2.384624853515625,12.114660400390624,12.368275224240664
3.42203431982094,-0.6368576416015624,2.2840683837890623,11.066000073242186,11.31719548556475
3.424521263367321,-0.5315127685546874,2.2026655273437497,9.935936889648437,10.191029541884463
3.427008206913703,-0.4644751220703125,2.1164742675781247,8.738836059570312,9.003469116978687
3.4294951504600846,-0.40222587890625,2.0973206542968748,7.666233715820312,7.958120316392702
3.431982094006466,-0.33518823242187495,2.1452046874999997,6.804321118164062,7.142341365513098
3.4344690375528475,-0.2920926025390625,2.1739351074218747,6.119579443359375,6.500812603307838
3.4369559810992287,-0.277727392578125,2.24097275390625,5.741295581054687,6.169405671324952
3.4394429246456104,-0.3016694091796875,2.375048046875,5.61200869140625,6.101352244365085
3.4419298681919916,-0.32561142578124996,2.4756045166015626,5.80354482421875,6.317893086301286
3.4444168117383733,-0.36391865234375,2.6096798095703124,6.215347509765625,6.7508081117116925
3.446903755284755,-0.38307226562499996,2.6575638427734374,6.928819604492187,7.430876869569503
3.4493906988311362,-0.4836287353515625,2.81558115234375,7.800309008789062,8.306997930160264
3.451877642377518,-0.5793968017578125,2.858676782226562,8.729259252929687,9.203678650625898
3.454364585923899,-0.6751648681640625,2.8730419921875,9.686939916992188,10.126550392087738
3.456851529470281,-0.70868369140625,3.0262708984374997,10.726023437499999,11.167279297438306
3.4593384730166625,-0.8092401611328125,2.920926025390625,11.578359228515625,11.968503703836477
3.4618254165630438,-0.8092401611328125,2.940079638671875,12.23915888671875,12.613324231719002
3.4643123601094254,-0.8379705810546875,2.81558115234375,12.689268798828124,13.024869848449905
3.4667993036558067,-0.9193734375,2.7916391357421872,12.847286108398437,13.179197886549675
3.4692862472021884,-0.8762778076171874,2.6240450195312497,12.789825268554686,13.085606805219584
3.4717731907485696,-0.8283937744140625,2.5809493896484375,12.536039892578124,12.825748796297422
3.4742601342949513,-0.7613561279296874,2.480392919921875,12.038045947265624,12.31448587717786
3.476747077841333,-0.74699091796875,2.403778466796875,11.310208642578125,11.586930822595475
3.479234021387714,-0.6560112548828124,2.3367408203125,10.548852514648438,10.824462933728045
3.481720964934096,-0.584185205078125,2.2649147705078123,9.605537060546874,9.88622544215112
3.484207908480477,-0.5123591552734374,2.221819140625,8.695740429687499,8.989710441284627
3.486694852026859,-0.44053310546874996,2.2601263671875,7.943961108398437,8.270958753640175
3.4891817955732405,-0.44053310546874996,2.2170307373046874,7.230489013671875,7.5755703471090134
3.4916687391196217,-0.354341845703125,2.2553379638671873,6.804321118164062,7.177108983007735
3.4941556826660034,-0.32082302246093747,2.389413256835937,6.512228515625,6.944158938518306
3.4966426262123846,-0.3112462158203125,2.437297290039062,6.421248852539062,6.87529847447574
3.4991295697587663,-0.33039982910156246,2.5426421630859375,6.68461103515625,7.159484472216236
3.5016165133051476,-0.40222587890625,2.6001030029296874,6.986280444335937,7.4652820261807
3.5041034568515292,-0.4165910888671875,2.6862942626953124,7.637503295898437,8.106860156433735
3.506590400397911,-0.49799394531249996,2.7341782958984373,8.312668164062499,8.76494044070741
3.509077343944292,-0.5746083984375,2.806004345703125,9.074024291992187,9.515342981276294
3.511564287490674,-0.612915625,2.882618798828125,9.897629663085937,10.327062973097679
3.514051231037055,-0.689530078125,2.91134921875,10.663774194335938,11.07553547553979
3.5165381745834368,-0.7134720947265625,2.85388837890625,11.3389390625,11.714318604694771
3.5190251181298184,-0.833182177734375,2.8012159423828122,11.846509814453125,12.201671937938999
3.5215120616761997,-0.8188169677734375,2.7533319091796873,12.176909643554687,12.511132094903159
3.5239990052225814,-0.8379705810546875,2.7246014892578123,12.306196533203124,12.632027591950534
3.5264859487689626,-0.82360537109375,2.6336218261718747,12.196063256835936,12.504329198134817
3.5289728923153443,-0.7948749511718749,2.5330653564453125,11.942277880859374,12.233815728205446
3.531459835861726,-0.7661445312499999,2.47081611328125,11.425130322265625,11.714329370013802
3.533946779408107,-0.737414111328125,2.408566870117187,10.869675537109375,11.157724688369306
3.536433722954489,-0.6560112548828124,2.2936451904296873,10.122684619140625,10.399995332917237
3.53892066650087,-0.6272808349609375,2.269703173828125,9.370905297851563,9.662240932852857
3.541407610047252,-0.5363011718749999,2.269703173828125,8.652644799804687,8.961441484260613
3.543894553593633,-0.45489831542968745,2.3319524169921872,7.982268334960937,8.328357720692388
3.5463814971400147,-0.411802685546875,2.3127988037109373,7.50821640625,7.867142642748511
3.5488684406863964,-0.373495458984375,2.3511060302734372,7.110778930664062,7.498691580819017
3.5513553842327776,-0.36391865234375,2.408566870117187,6.880935571289062,7.299377061748553
3.5538423277791593,-0.3591302490234375,2.5139117431640625,6.833051538085937,7.289672153829718
3.5563292713255406,-0.3399766357421875,2.6144682128906247,7.115567333984375,7.588301959828139
3.5588162148719222,-0.39743747558593745,2.6288334228515624,7.503428002929687,7.960537262474875
3.561303158418304,-0.44532150878906246,2.6623522460937497,7.987056738281249,8.430866270377827
3.563790101964685,-0.5027823486328125,2.7437551025390623,8.690952026367187,9.127629992359559
3.566277045511067,-0.565031591796875,2.825157958984375,9.375693701171874,9.808384707541565
3.568763989057448,-0.622492431640625,2.834734765625,10.022128149414062,10.433900069589061
3.5712509326038298,-0.6703764648437499,2.834734765625,10.759542260742187,11.146877385920979
3.573737876150211,-0.74699091796875,2.834734765625,11.343727465820312,11.716393192522045
3.5762248196965927,-0.7996633544921875,2.7581203125,11.7603185546875,12.105857328023896
3.5787117632429744,-0.814028564453125,2.767697119140625,12.028469140624999,12.369594161249303
3.5811987067893556,-0.8571241943359375,2.6575638427734374,11.961431494140625,12.283043224378556
3.5836856503357373,-0.833182177734375,2.6144682128906247,11.870451831054687,12.183483215029243
3.5861725938821185,-0.7757213378906249,2.499546533203125,11.587936035156249,11.87980378712457
3.5886595374285,-0.7565677246093749,2.47081611328125,11.056423266601563,11.354374594746258
3.591146480974882,-0.6943184814453125,2.3367408203125,10.419565624999999,10.70092442869647
3.593633424521263,-0.6464344482421874,2.346317626953125,9.82580361328125,10.122721993080518
3.596120368067645,-0.5889736083984375,2.3032219970703123,9.102754711914063,9.408074448283884
3.598607311614026,-0.51714755859375,2.27927998046875,8.489839086914062,8.805675814406234
3.6010942551604077,-0.5123591552734374,2.327164013671875,7.8912886718749995,8.243217888263333
3.603581198706789,-0.4165910888671875,2.360682836914062,7.474697583007812,7.849679964765889
3.6060681422531706,-0.3687070556640625,2.398990063476562,7.187393383789062,7.586153298667944
3.6085550857995523,-0.3687070556640625,2.4660277099609376,7.072471704101562,7.499139521605722
3.6110420293459335,-0.3112462158203125,2.5474305664062498,7.149086157226562,7.595769189553602
3.6135289728923152,-0.3399766357421875,2.6192566162109374,7.417236743164062,7.8734674850765956
3.6160159164386965,-0.40222587890625,2.6719290527343746,7.838616235351562,8.291254127430001
3.618502859985078,-0.44053310546874996,2.729389892578125,8.413224633789062,8.855844812400264
3.62098980353146,-0.5410895751953124,2.7964275390625,9.0021982421875,9.44205264236839
3.623476747077841,-0.59376201171875,2.7198130859375,9.662997900390625,10.056016356985046
3.6259636906242227,-0.6512228515624999,2.786850732421875,10.295067138671874,10.685459072822235
3.628450634170604,-0.689530078125,2.7964275390625,10.93671318359375,11.309604501045097
3.6309375777169857,-0.7278373046875,2.7916391357421872,11.401188305664062,11.760531067409886
3.633424521263367,-0.7996633544921875,2.7724855224609373,11.726799731445311,12.076587655219457
3.6359114648097486,-0.842758984375,2.7246014892578123,11.870451831054687,12.208248140269768
3.6383984083561303,-0.8092401611328125,2.6192566162109374,11.827356201171874,12.1409113978051
3.6408853519025115,-0.7852981445312499,2.5330653564453125,11.597512841796874,11.89686586422958
3.643372295448893,-0.7517793212890624,2.4899697265625,11.228805786132812,11.526109524458167
3.6458592389952744,-0.7230489013671875,2.427720483398437,10.726023437499999,11.021080039682133
3.648346182541656,-0.6847416748046875,2.375048046875,10.127473022460936,10.424751038123315
3.650833126088038,-0.6272808349609375,2.389413256835937,9.428366137695312,9.746633520569665
3.653320069634419,-0.55545478515625,2.370259643554687,8.825027319335938,9.154658266873898
3.6558070131808007,-0.51714755859375,2.31758720703125,8.2360537109375,8.571536197730355
3.658293956727182,-0.4165910888671875,2.365471240234375,7.723694555664062,8.088538799616046
3.6607809002735636,-0.39264907226562495,2.384624853515625,7.398083129882812,7.782817162352726
3.6632678438199453,-0.373495458984375,2.398990063476562,7.196970190429687,7.595461283192401
3.6657547873663265,-0.3447650390625,2.5474305664062498,7.216123803710937,7.660333424421175
3.668241730912708,-0.3591302490234375,2.5809493896484375,7.359775903320312,7.807469220866938
3.6707286744590895,-0.373495458984375,2.6431986328124997,7.675810522460937,8.126749968290268
3.673215618005471,-0.4165910888671875,2.6527754394531247,8.17859287109375,8.608144226172955
3.6757025615518524,-0.49799394531249996,2.748543505859375,8.724470849609375,9.160724915575916
3.678189505098234,-0.5698199951171875,2.748543505859375,9.423577734375,9.832751575538017
3.6806764486446157,-0.603338818359375,2.806004345703125,10.026916552734374,10.429608510070869
3.683163392190997,-0.6751648681640625,2.7581203125,10.620678564453124,10.993720408799842
3.6856503357373787,-0.7230489013671875,2.7581203125,11.137826123046874,11.497008224717367
3.68813727928376,-0.7517793212890624,2.73896669921875,11.511321582031249,11.856543986014032
3.6906242228301416,-0.8188169677734375,2.6623522460937497,11.769895361328125,12.094999691013118
3.6931111663765233,-0.7948749511718749,2.6336218261718747,11.784260571289062,12.101098599851477
3.6955981099229045,-0.82360537109375,2.5905261962890624,11.664550488281249,11.977098558274315
3.698085053469286,-0.8379705810546875,2.5043349365234375,11.314997045898437,11.619081130523849
3.7005719970156674,-0.7326257080078125,2.442085693359375,10.922347973632812,11.21598003826974
3.703058940562049,-0.74699091796875,2.346317626953125,10.371681591796875,10.659970960546605
3.7055458841084303,-0.7230489013671875,2.346317626953125,9.725247143554688,10.030375771801268
3.708032827654812,-0.5315127685546874,2.3319524169921872,9.054870678710937,9.365425292341584
3.7105197712011937,-0.5363011718749999,2.3032219970703123,8.494627490234375,8.817661068139817
3.713006714747575,-0.4740519287109375,2.3319524169921872,7.977479931640625,8.324837137503602
3.7154936582939566,-0.40222587890625,2.370259643554687,7.560888842773437,7.933911804923328
3.717980601840338,-0.36391865234375,2.43250888671875,7.3549875,7.755345085464968
3.7204675453867195,-0.354341845703125,2.499546533203125,7.220912207031249,7.64950090639363
3.722954488933101,-0.38307226562499996,2.5474305664062498,7.335833886718749,7.7749987565840195
3.7254414324794825,-0.4070142822265625,2.5953145996093747,7.575254052734374,8.017842132416336
3.727928376025864,-0.38307226562499996,2.6862942626953124,7.948749511718749,8.399139243192119
3.7304153195722454,-0.4836287353515625,2.7150246826171873,8.499415893554687,8.935621204621889
3.732902263118627,-0.49320554199218747,2.7724855224609373,9.1554271484375,9.578714629283708
3.7353892066650083,-0.6177040283203125,2.7629087158203123,9.730035546875,10.133548962826895
3.73787615021139,-0.622492431640625,2.8203695556640622,10.366893188476562,10.761712486367971
3.7403630937577717,-0.718260498046875,2.7916391357421872,10.941501586914061,11.314839998148663
3.742850037304153,-0.7661445312499999,2.73896669921875,11.334150659179686,11.685541801182213
3.7453369808505346,-0.7900865478515624,2.6815058593749996,11.654973681640625,11.985538033258834
3.747823924396916,-0.7757213378906249,2.6096798095703124,11.736376538085937,12.048016705925992
3.7503108679432975,-0.8571241943359375,2.5522189697265625,11.6837041015625,11.989888451808737
3.752797811489679,-0.7757213378906249,2.5474305664062498,11.473014355468749,11.777996624448136
3.7552847550360604,-0.7613561279296874,2.4756045166015626,11.118672509765624,11.416354902313257
3.757771698582442,-0.74699091796875,2.39420166015625,10.577582934570312,10.870853589242007
3.7602586421288233,-0.6512228515624999,2.3319524169921872,9.945513696289062,10.2359824130655
3.762745585675205,-0.6081272216796875,2.3511060302734372,9.356540087890625,9.666558886162143
3.7652325292215862,-0.5602431884765625,2.3127988037109373,8.757989672851561,9.07553270317813
3.767719472767968,-0.469263525390625,2.39420166015625,8.226476904296874,8.580637045271573
3.7702064163143496,-0.4070142822265625,2.346317626953125,7.728482958984374,8.087046177671995
3.772693359860731,-0.4070142822265625,2.422932080078125,7.4603323730468745,7.854477678810942
3.7751803034071125,-0.3399766357421875,2.422932080078125,7.278373046874999,7.678600014781259
3.7776672469534938,-0.354341845703125,2.5665841796874997,7.268796240234375,7.716755229828392
3.7801541904998754,-0.3687070556640625,2.5713725830078125,7.4603323730468745,7.899649420694057
3.782641134046257,-0.4261678955078125,2.6431986328124997,7.838616235351562,8.283237445152743
3.7851280775926384,-0.4261678955078125,2.748543505859375,8.33182177734375,8.783812646464114
3.78761502113902,-0.4213794921875,2.7581203125,8.916006982421875,9.342374903912651
3.7901019646854013,-0.5458779785156249,2.7198130859375,9.481038574218749,9.878535237356248
3.792588908231783,-0.6177040283203125,2.8107927490234372,10.137049829101562,10.537641737232002
3.795075851778164,-0.6655880615234374,2.748543505859375,10.726023437499999,11.092568577793132
3.797562795324546,-0.7230489013671875,2.806004345703125,11.228805786132812,11.596660704037298
3.8000497388709276,-0.7709329345703124,2.6958710693359373,11.549628808593749,11.885116071304745
3.802536682417309,-0.7996633544921875,2.6623522460937497,11.645396875,11.972587412044978
3.8050236259636905,-0.7709329345703124,2.6096798095703124,11.712434521484374,12.024387249175861
3.8075105695100717,-0.7805097412109374,2.5522189697265625,11.5304751953125,11.835323204512589
3.8099975130564534,-0.7852981445312499,2.4899697265625,11.204863769531249,11.505025619647963
3.812484456602835,-0.7709329345703124,2.4516625,10.78348427734375,11.085509449873348
3.8149714001492163,-0.679953271484375,2.389413256835937,10.151415039062499,10.450974091377795
3.817458343695598,-0.6464344482421874,2.360682836914062,9.610325463867188,9.917109280119327
3.8199452872419792,-0.5985504150390625,2.3223756103515623,8.987833032226561,9.302302601511204
3.822432230788361,-0.507570751953125,2.3415292236328122,8.398859423828124,8.733912456315968
3.8249191743347426,-0.49320554199218747,2.3319524169921872,7.900865478515625,8.252571059455802
3.827406117881124,-0.4165910888671875,2.370259643554687,7.556100439453124,7.930090337713136
3.8298930614275055,-0.37828386230468747,2.427720483398437,7.340622290039062,7.740908282043575
3.8323800049738868,-0.354341845703125,2.528276953125,7.283161450195312,7.717653996191486
3.8348669485202684,-0.3447650390625,2.5713725830078125,7.407659936523437,7.848837215026086
3.8373538920666497,-0.373495458984375,2.6192566162109374,7.71890615234375,8.159749767495136
3.8398408356130314,-0.40222587890625,2.6575638427734374,8.164227661132813,8.595291998465484
3.842327779159413,-0.469263525390625,2.7629087158203123,8.710105639648438,9.149853172704653
3.8448147227057943,-0.5315127685546874,2.7724855224609373,9.255983618164063,9.676901081188836
3.847301666252176,-0.6177040283203125,2.7629087158203123,9.873687646484374,10.27155930610816
3.849788609798557,-0.6368576416015624,2.786850732421875,10.500968481445312,10.883127478292925
3.852275553344939,-0.7038952880859375,2.786850732421875,11.022904443359375,11.39150683398916
3.8547624968913206,-0.7900865478515624,2.73896669921875,11.386823095703125,11.738224548259561
3.857249440437702,-0.8283937744140625,2.6575638427734374,11.621454858398437,11.95019225157894
3.8597363839840835,-0.842758984375,2.6096798095703124,11.6837041015625,12.001233809366939
3.8622233275304647,-0.8188169677734375,2.5617957763671875,11.621454858398437,11.928598905668641
3.8647102710768464,-0.7900865478515624,2.5139117431640625,11.362881079101562,11.664435495270162
3.8671972146232276,-0.8092401611328125,2.442085693359375,10.960655200195312,11.25853518845455
3.8696841581696093,-0.6847416748046875,2.39420166015625,10.409988818359375,10.703688147039621
3.872171101715991,-0.6368576416015624,2.346317626953125,9.835380419921874,10.131411652222992
3.8746580452623722,-0.622492431640625,2.346317626953125,9.222464794921875,9.536590592427368
3.877144988808754,-0.5267243652343749,2.3415292236328122,8.585607153320312,8.91475450324926
3.879631932355135,-0.49320554199218747,2.3223756103515623,8.015787158203125,8.359995451423508
3.882118875901517,-0.45968671875,2.3367408203125,7.64229169921875,8.004766827126053
3.8846058194478985,-0.38786066894531246,2.408566870117187,7.388506323242187,7.780851878485453
3.8870927629942797,-0.3495534423828125,2.437297290039062,7.244854223632812,7.651831049546483
3.8895797065406614,-0.32561142578124996,2.5809493896484375,7.369352709960937,7.815029233236082
3.8920666500870427,-0.39264907226562495,2.5713725830078125,7.613561279296874,8.04564761894305
3.8945535936334243,-0.39743747558593745,2.6192566162109374,7.977479931640625,8.405869843644608
3.8970405371798056,-0.4261678955078125,2.73896669921875,8.508992700195313,8.949106906645374
3.8995274807261873,-0.488417138671875,2.7437551025390623,9.054870678710937,9.474039601576333
3.902014424272569,-0.5746083984375,2.786850732421875,9.65342109375,10.064057364185317
3.90450136781895,-0.63206923828125,2.81558115234375,10.299855541992187,10.696449548019284
3.906988311365332,-0.6512228515624999,2.8012159423828122,10.850521923828124,11.225182759212947
3.909475254911713,-0.7613561279296874,2.7198130859375,11.295843432617186,11.643587300749445
3.911962198458095,-0.8092401611328125,2.7198130859375,11.559205615234374,11.902415188359589
3.9144491420044765,-0.8283937744140625,2.6815058593749996,11.693280908203125,12.025370194613476
3.9169360855508577,-0.814028564453125,2.5809493896484375,11.707646118164062,12.016360509065725
3.9194230290972394,-0.8475473876953125,2.5043349365234375,11.4538607421875,11.755039597981156
3.9219099726436206,-0.7517793212890624,2.518700146484375,11.094730493164063,11.401844907371908
3.9243969161900023,-0.7422025146484375,2.442085693359375,10.606313354492187,10.90910308321176
3.9268838597363835,-0.6416460449218749,2.360682836914062,10.002974536132811,10.297768334643479
3.9293708032827652,-0.5985504150390625,2.3367408203125,9.399635717773437,9.704214130340505
3.931857746829147,-0.5410895751953124,2.327164013671875,8.786720092773438,9.105763024791656
3.934344690375528,-0.4836287353515625,2.3415292236328122,8.259995727539062,8.59908049024707
3.93683163392191,-0.4261678955078125,2.35589443359375,7.805097412109374,8.164031067427171
3.939318577468291,-0.38786066894531246,2.437297290039062,7.426813549804687,7.826136561682844
3.9418055210146727,-0.3399766357421875,2.4947581298828125,7.369352709960937,7.787603071759344
3.9442924645610544,-0.3495534423828125,2.4756045166015626,7.326257080078125,7.741114140425432
3.9467794081074357,-0.3495534423828125,2.6192566162109374,7.52737001953125,7.977718485982338
3.9492663516538173,-0.3687070556640625,2.6527754394531247,7.809885815429687,8.25635990464999
3.9517532952001986,-0.43574470214843747,2.7054478759765623,8.303091357421874,8.743606106451178
3.9542402387465803,-0.4836287353515625,2.767697119140625,8.839392529296875,9.27517678451179
3.956727182292962,-0.5458779785156249,2.7964275390625,9.5001921875,9.918247897088047
3.959214125839343,-0.584185205078125,2.8203695556640622,10.079588989257813,10.483027758081928
3.961701069385725,-0.6272808349609375,2.806004345703125,10.658985791015624,11.039978248487952
3.964188012932106,-0.7038952880859375,2.7581203125,11.1474029296875,11.505098361666455
3.966674956478488,-0.7661445312499999,2.7341782958984373,11.468225952148437,11.814521356621151
3.969161900024869,-0.7996633544921875,2.6623522460937497,11.654973681640625,11.981902707105151
3.9716488435712507,-0.82360537109375,2.6144682128906247,11.674127294921874,11.991622823519338
3.9741357871176324,-0.8044517578125,2.5617957763671875,11.549628808593749,11.857650098006731
3.9766227306640136,-0.7900865478515624,2.5234885498046875,11.233594189453123,11.54061825152389
3.9791096742103953,-0.7757213378906249,2.43250888671875,10.788272680664061,11.08628298891865
3.9815966177567765,-0.699106884765625,2.346317626953125,10.20887587890625,10.498338132951877
3.984083561303158,-0.6416460449218749,2.365471240234375,9.624690673828125,9.93185956416088
3.98657050484954,-0.5746083984375,2.3319524169921872,9.035717065429687,9.349457726155451
3.989057448395921,-0.5123591552734374,2.375048046875,8.403647827148436,8.747837557459208
3.991544391942303,-0.43574470214843747,2.370259643554687,7.9295958984374995,8.287731615818121
3.994031335488684,-0.411802685546875,2.360682836914062,7.560888842773437,7.931547453120361
3.9965182790350657,-0.373495458984375,2.398990063476562,7.364564306640625,7.754447730766281
3.999005222581447,-0.38307226562499996,2.437297290039062,7.287949853515625,7.6942430107243975
4.001492166127829,-0.3495534423828125,2.5522189697265625,7.4028715332031245,7.838272527516696
4.00397910967421,-0.4261678955078125,2.6001030029296874,7.685387329101562,8.124489713164785
4.006466053220592,-0.39743747558593745,2.6671406494140624,8.154650854492187,8.588942097221704
4.008952996766973,-0.44532150878906246,2.7629087158203123,8.71489404296875,9.153215500484965
4.0114399403133545,-0.5123591552734374,2.767697119140625,9.270348828125,9.688241669281913
4.013926883859736,-0.5746083984375,2.806004345703125,9.916783276367187,10.322132810136463
4.016413827406118,-0.6464344482421874,2.767697119140625,10.462661254882812,10.841831273986857
4.0189007709524995,-0.7326257080078125,2.6958710693359373,10.941501586914061,11.292516027305844
4.02138771449888,-0.7661445312499999,2.7437551025390623,11.391611499023437,11.742401034292621
4.023874658045262,-0.8283937744140625,2.6575638427734374,11.635820068359374,11.964162757466125
4.026361601591644,-0.8188169677734375,2.6288334228515624,11.731588134765625,12.050368731104816
4.028848545138025,-0.82360537109375,2.5905261962890624,11.645396875,11.95844555773091
4.031335488684407,-0.8092401611328125,2.5378537597656248,11.386823095703125,11.694242667106959
4.033822432230788,-0.7661445312499999,2.4133552734375,10.970232006835937,11.258652290678512
4.0363093757771695,-0.7038952880859375,2.418143676757812,10.414777221679687,10.714964862063312
4.038796319323551,-0.63206923828125,2.346317626953125,9.830592016601562,10.126463218982368
4.041283262869933,-0.6081272216796875,2.3415292236328122,9.217676391601563,9.529854977026835
4.043770206416314,-0.5506663818359374,2.360682836914062,8.580818749999999,8.916642156155895
4.046257149962695,1.024718310546875,0.8283937744140625,-1.0295067138671874,1.6721746126991743
4.048744093509077,1.0582371337890624,0.967257470703125,-3.912125512695312,4.166554796596663
4.051231037055459,1.0486603271484374,1.2306196533203124,-5.702988354492187,5.927747412326775
4.05371798060184,0.8379705810546875,1.5753846923828123,-6.1818286865234375,6.434208384349337
4.056204924148221,0.5793968017578125,1.9728221679687499,-5.425260961914062,5.80182595957383
4.058691867694603,0.239420166015625,2.47081611328125,-3.5338416503906247,4.318598278559925
4.061178811240985,-0.1197100830078125,2.834734765625,-0.7565677246093749,2.9364002481503384
4.063665754787366,-0.5746083984375,3.2130186279296873,2.6671406494140624,4.215127846072399
4.066152698333748,-0.9959878906249999,3.4907460205078125,6.507440112304687,7.451447944741667
4.068639641880129,-1.3072341064453123,3.7301661865234372,10.390835205078124,11.117214446399226
4.07112658542651,-1.5705962890624998,3.816357446289062,14.053963745117187,14.647363374004591
4.073613528972892,-1.7908628417968748,3.892971899414062,17.1233302734375,17.651369906638337
4.076100472519274,-1.886630908203125,3.73495458984375,19.536685546875,19.979773375327778
4.0785874160656554,-1.838746875,3.6008792968749996,21.01630217285156,21.401688690418577
4.081074359612036,-1.7286135986328124,3.27526787109375,21.595698974609373,21.910949290314683
4.083561303158418,-1.5658078857421873,3.0119056884765625,21.174319482421875,21.44469947924196
4.0860482467048,-1.3168109130859373,2.6527754394531247,19.895815795898436,20.11503653233843
4.088535190251181,-0.97683427734375,2.3319524169921872,17.87510959472656,18.053026070551024
4.091022133797563,-0.689530078125,2.0877438476562498,15.279794995117186,15.437171411721572
4.093509077343944,-0.4261678955078125,1.8531120849609375,12.339715356445312,12.485360169121357
4.095996020890325,-0.1149216796875,1.6328455322265625,9.275137231445312,9.418469206124605
4.098482964436707,0.11013327636718749,1.5801730957031248,6.430825659179687,6.623035181071533
4.100969907983089,0.3064578125,1.5610194824218748,3.9312791259765625,4.240949632061431
4.1034568515294705,0.4070142822265625,1.608903515625,1.9201497314453124,2.537953139775515
4.105943795075851,0.411802685546875,1.6998831787109374,0.6177040283203125,1.854923863583398
4.108430738622233,0.32561142578124996,1.9105729248046874,0.0526724365234375,1.938836271366242
4.110917682168615,0.19153613281249998,2.1547814941406247,0.2346317626953125,2.17596448540163
4.113404625714996,0.028730419921875,2.389413256835937,1.139639990234375,2.6474328048722247
4.115891569261377,-0.229843359375,2.7150246826171873,2.6384102294921874,3.7928083969742477
4.118378512807759,-0.4165910888671875,2.920926025390625,4.611232397460937,5.474378613552515
4.1208654563541405,-0.6560112548828124,3.0789433349609374,6.87614716796875,7.562515633173788
4.123352399900522,-0.9002198242187499,3.299209887695312,9.260772021484375,9.872035253628846
4.125839343446904,-1.0917559570312498,3.284844677734375,11.554417211914062,12.061786465259987
4.128326286993285,-1.2401964599609374,3.399766357421875,13.627795849609374,14.100117668409286
4.130813230539666,-1.3359645263671873,3.303998291015625,15.2845833984375,15.694575355406622
4.133300174086048,-1.35990654296875,3.21780703125,16.41464658203125,16.782259988123215
4.13578711763243,-1.3215993164062498,3.1220389648437497,16.984466577148435,17.31952242301734
4.138274061178811,-1.2641384765625,2.877830395507812,16.95573615722656,17.2446206831787
4.140761004725192,-1.0965443603515623,2.748543505859375,16.32366691894531,16.589725815048602
4.143247948271574,-0.967257470703125,2.47081611328125,15.246276171875,15.475446888195657
4.1457348918179555,-0.7709329345703124,2.288856787109375,13.690045092773437,13.901458111423848
4.148221835364337,-0.59376201171875,2.1308394775390624,11.923124267578125,12.126579175749015
4.150708778910719,-0.40222587890625,1.9776105712890624,9.993397729492187,10.195132535144198
4.1531957224571,-0.3112462158203125,1.8818425048828125,8.10197841796875,8.323476419458247
4.155682666003481,-0.1292868896484375,1.886630908203125,6.41646044921875,6.689324030125226
4.158169609549863,-0.01915361328125,1.905784521484375,5.003881469726562,5.354550519539807
4.160656553096245,0.009576806640625,1.9584569580078124,4.04141240234375,4.490953081185833
4.163143496642626,0.01915361328125,2.0973206542968748,3.4332851806640625,4.023253399875462
4.165630440189007,-0.0047884033203125,2.269703173828125,3.375824340820312,4.067894468415659
4.168117383735389,-0.1005564697265625,2.427720483398437,3.821145849609375,4.528255067142658
4.1706043272817706,-0.2059013427734375,2.6336218261718747,4.65432802734375,5.351740714231431
4.173091270828152,-0.39264907226562495,2.7533319091796873,5.84185205078125,6.470103962014459
4.175578214374533,-0.55545478515625,2.901772412109375,7.302315063476562,7.87734843943752
4.178065157920915,-0.6512228515624999,3.0119056884765625,8.853757739257812,9.374683631149495
4.180552101467296,-0.814028564453125,3.0933085449218747,10.386046801757812,10.867436147782787
4.183039045013678,-0.9433154541015625,3.0933085449218747,11.722011328125,12.15993221102504
4.18552598856006,-1.024718310546875,3.0645781249999997,12.995726611328124,13.391437445494061
4.1880129321064405,-1.0869675537109373,3.0358477050781247,13.92467685546875,14.293162535998656
4.190499875652822,-1.0773907470703123,2.93050283203125,14.441824414062499,14.775483412634172
4.192986819199204,-1.1013327636718748,2.8107927490234372,14.53759248046875,14.847729956544919
4.195473762745586,-1.01514150390625,2.6671406494140624,14.293383911132812,14.575492278058407
4.197960706291967,-0.928950244140625,2.528276953125,13.670891479492187,13.93371475062713
4.200447649838348,-0.82360537109375,2.403778466796875,12.69884560546875,12.950565873206614
4.20293459338473,-0.7230489013671875,2.2457611572265623,11.540052001953125,11.77875388557118
4.205421536931111,-0.5506663818359374,2.2026655273437497,10.266336718749999,10.514401481405743
4.207908480477493,-0.45489831542968745,2.1308394775390624,9.011775048828124,9.271434564677726
4.210395424023875,-0.32082302246093747,2.1404162841796874,7.747636572265624,8.044263902758933
4.212882367570256,-0.24899697265624998,2.1356278808593747,6.698976245117187,7.035565980824872
4.215369311116637,-0.201112939453125,2.1739351074218747,5.84185205078125,6.236479427442531
4.217856254663019,-0.16759411621093748,2.24097275390625,5.358223315429687,5.8103875748140075
4.220343198209401,-0.181959326171875,2.3319524169921872,5.166687182617188,5.671487257723265
4.222830141755782,-0.201112939453125,2.437297290039062,5.363011718749999,5.894298871782551
4.225317085302163,-0.277727392578125,2.5474305664062498,5.84185205078125,6.379166903167388
4.227804028848545,-0.3399766357421875,2.710236279296875,6.598419775390624,7.141436013487316
4.2302909723949265,-0.49320554199218747,2.786850732421875,7.532158422851562,8.046315878610898
4.232777915941308,-0.5746083984375,2.89219560546875,8.628702783203124,9.118633776652345
4.23526485948769,-0.689530078125,2.896984008789062,9.744400756835937,10.189274468069028
4.237751803034071,-0.7757213378906249,2.959233251953125,10.888829150390624,11.310411367404834
4.240238746580452,-0.8667010009765624,2.916137622070312,11.784260571289062,12.170613233029208
4.242725690126834,-0.9002198242187499,2.93050283203125,12.593500732421875,12.961269354425513
4.245212633673216,-0.93852705078125,2.858676782226562,13.02445703125,13.367473468429512
4.2476995772195965,-0.928950244140625,2.8012159423828122,13.268665600585937,13.592911613488889
4.250186520765978,-0.9433154541015625,2.6910826660156246,13.129801904296874,13.435902202954383
4.25267346431236,-0.9337386474609375,2.5330653564453125,12.7563064453125,13.038851256476041
4.2551604078587415,-0.7852981445312499,2.442085693359375,12.157756030273436,12.425437915871008
4.257647351405123,-0.7326257080078125,2.35589443359375,11.372457885742186,11.637000359768475
4.260134294951504,-0.6512228515624999,2.2457611572265623,10.405200415039062,10.66469549752049
4.262621238497886,-0.5458779785156249,2.1547814941406247,9.394847314453125,9.654233377995702
4.265108182044267,-0.430956298828125,2.1978771240234374,8.437166650390624,8.729385331755548
4.267595125590649,-0.354341845703125,2.2026655273437497,7.584830859375,7.906133867718919
4.270082069137031,-0.2825157958984375,2.221819140625,6.89530078125,7.249928850167193
4.2725690126834115,-0.296881005859375,2.3032219970703123,6.37815322265625,6.7877690319507
4.275055956229793,-0.2537853759765625,2.365471240234375,6.205770703124999,6.646160637932254
4.277542899776175,-0.2537853759765625,2.4756045166015626,6.1818286865234375,6.66393507240292
4.2800298433225565,-0.3064578125,2.5426421630859375,6.497863305664062,6.984352017148055
4.282516786868938,-0.38307226562499996,2.6001030029296874,6.986280444335937,7.464274541671534
4.285003730415319,-0.4165910888671875,2.6958710693359373,7.714117749023437,8.182229623006462
4.287490673961701,-0.565031591796875,2.7820623291015623,8.542511523437499,9.001868396660605
4.289977617508082,-0.59376201171875,2.81558115234375,9.437942944335937,9.866854492315884
4.292464561054464,-0.6560112548828124,2.887407202148437,10.299855541992187,10.717018956009117
4.294951504600846,-0.7326257080078125,2.863465185546875,11.099518896484375,11.486317644497154
4.2974384481472265,-0.8188169677734375,2.901772412109375,11.736376538085937,12.117478227837951
4.299925391693608,-0.8906430175781249,2.767697119140625,12.234370483398436,12.575102920179654
4.30241233523999,-0.86191259765625,2.73896669921875,12.473790649414061,12.800011135574744
4.304899278786372,-0.8906430175781249,2.6575638427734374,12.540828295898438,12.850224313621311
4.307386222332752,-0.8810662109374999,2.5809493896484375,12.287042919921875,12.586063766562788
4.309873165879134,-0.8283937744140625,2.4947581298828125,11.841721411132811,12.129980228796155
4.312360109425516,-0.7948749511718749,2.389413256835937,11.257536206054686,11.53573765870982
4.314847052971897,-0.7230489013671875,2.3223756103515623,10.505756884765624,10.783652252883732
4.317333996518279,-0.59376201171875,2.288856787109375,9.686939916992188,9.971370200422486
4.31982094006466,-0.5315127685546874,2.2744915771484373,8.896853369140624,9.198359507523325
4.322307883611042,-0.43574470214843747,2.27927998046875,8.135497241210937,8.459982626256794
4.324794827157423,-0.3687070556640625,2.29843359375,7.45075556640625,7.805927259980631
4.327281770703805,-0.296881005859375,2.3415292236328122,7.005434057617187,7.392361177079307
4.329768714250187,-0.32082302246093747,2.384624853515625,6.766013891601562,7.181107650292586
4.332255657796567,-0.28730419921875,2.4660277099609376,6.6702458251953125,7.117303965527917
4.334742601342949,-0.296881005859375,2.5043349365234375,6.828263134765624,7.279080247086935
4.337229544889331,-0.33039982910156246,2.6336218261718747,7.230489013671875,7.702278841173494
4.3397164884357124,-0.39743747558593745,2.73896669921875,7.771578588867187,8.249686593402702
4.342203431982094,-0.4836287353515625,2.7533319091796873,8.384494213867187,8.838239450147137
4.344690375528475,-0.5410895751953124,2.7916391357421872,9.179369165039063,9.609726596561547
4.347177319074857,-0.6416460449218749,2.7916391357421872,9.926360083007811,10.331388251764722
4.349664262621238,-0.7134720947265625,2.834734765625,10.673351000976561,11.06639892699716
4.35215120616762,-0.74699091796875,2.839523168945312,11.276689819335937,11.652665812594979
4.354638149714002,-0.8092401611328125,2.786850732421875,11.726799731445311,12.08053138668231
4.357125093260382,-0.8571241943359375,2.7054478759765623,12.023680737304687,12.354068502593545
4.359612036806764,-0.8906430175781249,2.6240450195312497,12.12423720703125,12.436880038886295
4.362098980353146,-0.852335791015625,2.5713725830078125,12.057199560546874,12.35777061221571
4.3645859238995275,-0.82360537109375,2.5378537597656248,11.722011328125,12.021837508881152
4.367072867445909,-0.7757213378906249,2.375048046875,11.247959399414063,11.52211731713797
4.36955981099229,-0.7565677246093749,2.346317626953125,10.577582934570312,10.861070935510211
4.372046754538672,-0.6081272216796875,2.379836450195312,9.916783276367187,10.216458818879564
4.374533698085053,-0.565031591796875,2.288856787109375,9.169792358398437,9.468010244384377
4.377020641631435,-0.488417138671875,2.3032219970703123,8.44674345703125,8.768743233670216
4.379507585177816,-0.4070142822265625,2.27927998046875,7.867346655273437,8.200970750438277
4.3819945287241975,-0.3687070556640625,2.3032219970703123,7.350199096679687,7.711433279327256
4.384481472270579,-0.33039982910156246,2.422932080078125,7.067683300781249,7.4787640123140795
4.386968415816961,-0.3447650390625,2.422932080078125,6.947973217773437,7.366396312426344
4.3894553593633425,-0.296881005859375,2.528276953125,7.024587670898437,7.471623292797986
4.391942302909723,-0.3591302490234375,2.5953145996093747,7.268796240234375,7.726579527109948
4.394429246456105,-0.43574470214843747,2.6288334228515624,7.733271362304687,8.179494151449322
4.396916190002487,-0.44053310546874996,2.7198130859375,8.312668164062499,8.757391429259572
4.399403133548868,-0.49320554199218747,2.729389892578125,8.939948999023438,9.360315646253582
4.40189007709525,-0.5458779785156249,2.7724855224609373,9.672574707031249,10.076872540763054
4.404377020641631,-0.6560112548828124,2.7916391357421872,10.342951171874999,10.733137415244935
4.4068639641880125,-0.7278373046875,2.73896669921875,10.931924780273437,11.293301781280816
4.409350907734394,-0.7900865478515624,2.77727392578125,11.434707128906249,11.793642962875373
4.411837851280776,-0.833182177734375,2.6958710693359373,11.774683764648437,12.10805893284519
4.414324794827158,-0.852335791015625,2.6910826660156246,11.93270107421875,12.262045389845746
4.416811738373538,-0.8188169677734375,2.5953145996093747,11.927912670898436,12.234427644243876
4.41929868191992,-0.7948749511718749,2.6001030029296874,11.688492504882811,12.00055077279981
4.421785625466302,-0.7422025146484375,2.4947581298828125,11.3006318359375,11.59650648215966
4.424272569012683,-0.7278373046875,2.418143676757812,10.749965454101561,11.042595856406026
4.426759512559065,-0.699106884765625,2.3223756103515623,10.089165795898436,10.376581583980796
4.429246456105446,-0.622492431640625,2.327164013671875,9.442731347656249,9.745171341643472
4.4317333996518276,-0.5506663818359374,2.2744915771484373,8.734047656249999,9.042131046398827
4.434220343198209,-0.5123591552734374,2.27927998046875,8.135497241210937,8.464274599462668
4.436707286744591,-0.4740519287109375,2.35589443359375,7.666233715820312,8.03405894918208
4.439194230290972,-0.39264907226562495,2.346317626953125,7.302315063476562,7.680051105740033
4.441681173837353,-0.3447650390625,2.4564509033203126,7.115567333984375,7.535536640283056
4.444168117383735,-0.3447650390625,2.5234885498046875,7.110778930664062,7.553147317107689
4.446655060930117,-0.354341845703125,2.5665841796874997,7.316680273437499,7.7618762370156285
4.449142004476498,-0.40222587890625,2.6575638427734374,7.651868505859374,8.110211024815642
4.451628948022879,-0.44053310546874996,2.6815058593749996,8.207323291015625,8.64550164502465
4.454115891569261,-0.49320554199218747,2.7581203125,8.777143286132812,9.213507672443932
4.456602835115643,-0.51714755859375,2.825157958984375,9.447519750976562,9.874441175867345
4.459089778662024,-0.612915625,2.81558115234375,10.122684619140625,10.524823356588398
4.461576722208406,-0.6703764648437499,2.8203695556640622,10.692504614257812,11.078517227547092
4.464063665754787,-0.7565677246093749,2.786850732421875,11.180921752929686,11.547811176662753
4.466550609301168,-0.74699091796875,2.7724855224609373,11.6070896484375,11.956972924224937
4.46903755284755,-0.8283937744140625,2.6862942626953124,11.789048974609374,12.119574614524062
4.471524496393932,-0.8283937744140625,2.6001030029296874,11.808202587890625,12.119423263010447
4.4740114399403135,-0.8283937744140625,2.5474305664062498,11.650185278320311,11.954181517583718
4.476498383486694,-0.7852981445312499,2.4899697265625,11.3006318359375,11.598315494346846
4.478985327033076,-0.7852981445312499,2.442085693359375,10.86009873046875,11.158952466295558
4.481472270579458,-0.679953271484375,2.360682836914062,10.32379755859375,10.612066525362964
4.483959214125839,-0.612915625,2.370259643554687,9.658209497070311,9.963674373971296
4.486446157672221,-0.6081272216796875,2.288856787109375,9.006986645507812,9.313135483928093
4.488933101218602,-0.45968671875,2.3415292236328122,8.389282617187499,8.722048716647135
4.4914200447649835,-0.43574470214843747,2.3127988037109373,7.862558251953125,8.207236685831191
4.493906988311365,-0.4213794921875,2.31758720703125,7.493851196289062,7.855353390570924
4.496393931857747,-0.3399766357421875,2.4133552734375,7.259219433593749,7.657423494475431
4.4988808754041285,-0.3447650390625,2.4564509033203126,7.187393383789062,7.603396453290972
4.501367818950509,-0.3399766357421875,2.5426421630859375,7.321468676757812,7.757868061980605
4.503854762496891,-0.3447650390625,2.6001030029296874,7.580042456054687,8.021000074404396
4.506341706043273,-0.38786066894531246,2.6527754394531247,7.996633544921875,8.434085693330974
4.508828649589654,-0.45968671875,2.729389892578125,8.552088330078124,8.988831730017045
4.511315593136035,-0.5315127685546874,2.7629087158203123,9.193734375,9.614620229273186
4.513802536682417,-0.584185205078125,2.767697119140625,9.86411083984375,10.261681263704036
4.5162894802287985,-0.6272808349609375,2.7916391357421872,10.443507641601562,10.828369321846521
4.51877642377518,-0.7278373046875,2.7341782958984373,11.018116040039061,11.375603683656657
4.521263367321562,-0.7709329345703124,2.7150246826171873,11.401188305664062,11.74533062106115
4.523750310867943,-0.82360537109375,2.6527754394531247,11.650185278320311,11.976742476928003
4.526237254414324,-0.8283937744140625,2.6384102294921874,11.722011328125,12.043794848853405
4.528724197960706,-0.8379705810546875,2.528276953125,11.664550488281249,11.964786548036637
4.531211141507088,-0.8188169677734375,2.4899697265625,11.439495532226562,11.735947703434219
4.533698085053469,-0.7757213378906249,2.4660277099609376,11.018116040039061,11.31732818876081
4.53618502859985,-0.7422025146484375,2.370259643554687,10.462661254882812,10.753430889025159
4.538671972146232,-0.679953271484375,2.360682836914062,9.907206469726562,10.207247422380568
4.5411589156926135,-0.6272808349609375,2.3032219970703123,9.217676391601563,9.521757761778371
4.543645859238995,-0.5458779785156249,2.288856787109375,8.595183959960938,8.911455294445165
4.546132802785377,-0.488417138671875,2.3127988037109373,8.087613208007811,8.425976323853371
4.548619746331758,-0.39743747558593745,2.370259643554687,7.637503295898437,8.00671867369671
4.551106689878139,-0.40222587890625,2.370259643554687,7.340622290039062,7.7242897434355875
4.553593633424521,-0.4070142822265625,2.418143676757812,7.216123803710937,7.621385846279127
4.556080576970903,-0.373495458984375,2.5378537597656248,7.302315063476562,7.73976781629237
4.558567520517284,-0.36391865234375,2.5953145996093747,7.536946826171874,7.97957781571253
4.561054464063665,-0.4165910888671875,2.6048914062499997,7.881711865234375,8.311461321588098
4.563541407610047,-0.45489831542968745,2.7054478759765623,8.418013037109375,8.853774572460622
4.566028351156429,-0.5123591552734374,2.7150246826171873,8.968679418945312,9.38461940895987
4.56851529470281,-0.5602431884765625,2.8107927490234372,9.643844287109374,10.060723678851796
4.571002238249191,-0.6177040283203125,2.7820623291015623,10.319009155273436,10.705296773851071
4.573489181795573,-0.7134720947265625,2.7629087158203123,10.802637890625,11.173168413564538
4.575976125341954,-0.74699091796875,2.7437551025390623,11.219228979492186,11.573991808728492
4.578463068888336,-0.7948749511718749,2.70065947265625,11.592724438476562,11.929654130849736
4.580950012434718,-0.8188169677734375,2.6479870361328124,11.769895361328125,12.091845739458241
4.583436955981099,-0.8667010009765624,2.5330653564453125,11.693280908203125,11.995849662415116
4.58592389952748,-0.842758984375,2.5665841796874997,11.463437548828125,11.777435947312535
4.588410843073862,-0.7613561279296874,2.446874096679687,11.123460913085937,11.414825389969343
4.590897786620244,-0.7613561279296874,2.418143676757812,10.66856259765625,10.965642247268955
4.593384730166625,-0.7038952880859375,2.31758720703125,10.031704956054687,10.319970124187215
4.595871673713006,-0.622492431640625,2.360682836914062,9.5001921875,9.808872100470396
4.598358617259388,-0.5746083984375,2.3223756103515623,8.825027319335938,9.143561148378478
4.6008455608057695,-0.5315127685546874,2.3367408203125,8.312668164062499,8.651203123859109
4.603332504352151,-0.469263525390625,2.3367408203125,7.809885815429687,8.165468900658835
4.605819447898533,-0.38307226562499996,2.398990063476562,7.484274389648437,7.868688634384883
4.608306391444914,-0.4070142822265625,2.4660277099609376,7.316680273437499,7.731802087220095
4.610793334991295,-0.38307226562499996,2.4851813232421875,7.302315063476562,7.723126041724268
4.613280278537677,-0.3495534423828125,2.5761609863281247,7.4699091796875,7.909382794462559
4.615767222084059,-0.411802685546875,2.5857377929687497,7.771578588867187,8.20079600701965
4.61825416563044,-0.4165910888671875,2.6623522460937497,8.264784130859374,8.693004333790988
4.620741109176821,-0.4740519287109375,2.70065947265625,8.805873706054687,9.222889923735824
4.623228052723203,-0.565031591796875,2.7437551025390623,9.433154541015625,9.840317950001483
4.6257149962695845,-0.622492431640625,2.7581203125,10.026916552734374,10.417954695676764
4.628201939815966,-0.6703764648437499,2.7437551025390623,10.611101757812499,10.98057726997889
4.630688883362348,-0.7326257080078125,2.7629087158203123,11.109095703125,11.47093772719476
4.633175826908729,-0.7805097412109374,2.6958710693359373,11.477802758789062,11.81595838043929
4.63566277045511,-0.7805097412109374,2.6575638427734374,11.654973681640625,11.979576476415078
4.638149714001492,-0.8714894042968749,2.6001030029296874,11.678915698242188,11.996545389998468
4.640636657547874,-0.842758984375,2.518700146484375,11.568782421875,11.869743883434435
4.6431236010942545,-0.8044517578125,2.50912333984375,11.276689819335937,11.580439363284583
4.645610544640636,-0.7278373046875,2.427720483398437,10.807426293945312,11.100632278688796
4.648097488187018,-0.7326257080078125,2.384624853515625,10.271125122070313,10.569729769169232
4.6505844317333995,-0.6464344482421874,2.35589443359375,9.667786303710937,9.971670275953421
4.653071375279781,-0.5889736083984375,2.31758720703125,9.05965908203125,9.369926523522802
4.655558318826162,-0.5267243652343749,2.365471240234375,8.480262280273436,8.819735885361643
4.658045262372544,-0.44532150878906246,2.3511060302734372,7.948749511718749,8.301122189910672
4.660532205918925,-0.4070142822265625,2.375048046875,7.570465649414062,7.9447129589343515
4.663019149465307,-0.4261678955078125,2.4516625,7.3549875,7.764541790358531
4.665506093011689,-0.36391865234375,2.4851813232421875,7.273584643554687,7.69503713843345
4.6679930365580695,-0.39264907226562495,2.5522189697265625,7.41244833984375,7.849355728608274
4.670479980104451,-0.3447650390625,2.6192566162109374,7.68059892578125,8.122251412781843
4.672966923650833,-0.38786066894531246,2.7054478759765623,8.130708837890625,8.577780034175131
4.675453867197215,-0.47884033203125,2.7581203125,8.662221606445312,9.10332899993035
4.677940810743596,-0.5267243652343749,2.73896669921875,9.241618408203124,9.653335586169147
4.680427754289977,-0.55545478515625,2.806004345703125,9.859322436523437,10.265886679376129
4.682914697836359,-0.679953271484375,2.748543505859375,10.443507641601562,10.82052123121591
4.68540164138274,-0.7422025146484375,2.710236279296875,10.946289990234375,11.30121718279375
4.687888584929122,-0.7805097412109374,2.7820623291015623,11.319785449218749,11.682748344267102
4.690375528475504,-0.8092401611328125,2.7246014892578123,11.611878051757811,11.954665817267788
4.692862472021885,-0.8283937744140625,2.5953145996093747,11.664550488281249,11.978465352877883
4.695349415568266,-0.814028564453125,2.5905261962890624,11.602301245117188,11.915824044515483
4.697836359114648,-0.8044517578125,2.5474305664062498,11.358092675781249,11.668025297921846
4.70032330266103,-0.7900865478515624,2.480392919921875,10.970232006835937,11.274864791832414
4.70281024620741,-0.737414111328125,2.427720483398437,10.486603271484375,10.789182290174033
4.705297189753792,-0.6751648681640625,2.360682836914062,9.830592016601562,10.132581628221605
4.707784133300174,-0.5889736083984375,2.327164013671875,9.203311181640624,9.511231201270979
4.710271076846555,-0.5793968017578125,2.346317626953125,8.63827958984375,8.969993385323605
4.712758020392937,-0.5123591552734374,2.3223756103515623,8.087613208007811,8.430031303731361
4.715244963939318,-0.411802685546875,2.346317626953125,7.71890615234375,8.078137164412643
4.7177319074857,-0.373495458984375,2.422932080078125,7.407659936523437,7.802789530528686
4.720218851032081,-0.3687070556640625,2.518700146484375,7.287949853515625,7.719715563941154
4.722705794578463,-0.3447650390625,2.5234885498046875,7.335833886718749,7.765392212031936
4.725192738124845,-0.316034619140625,2.5665841796874997,7.56567724609375,7.995417714164671
4.727679681671225,-0.411802685546875,2.6527754394531247,7.967903124999999,8.407989010065016
4.730166625217607,-0.4165910888671875,2.6958710693359373,8.44674345703125,8.876302382563715
4.732653568763989,-0.49320554199218747,2.6958710693359373,8.992621435546875,9.400968716690393
4.7351405123103705,-0.5506663818359374,2.7533319091796873,9.581595043945311,9.984539731622519
4.737627455856752,-0.6416460449218749,2.806004345703125,10.24718310546875,10.643783708440946
4.740114399403133,-0.6847416748046875,2.8203695556640622,10.778695874023438,11.162600070611726
4.742601342949515,-0.7422025146484375,2.7198130859375,11.219228979492186,11.568031236535655
4.745088286495896,-0.7805097412109374,2.7150246826171873,11.535263598632811,11.876146714035192
4.747575230042278,-0.8044517578125,2.6384102294921874,11.659762084960937,11.981585998841274
4.75006217358866,-0.8571241943359375,2.5474305664062498,11.635820068359374,11.942209721756342
4.7525491171350405,-0.8092401611328125,2.4756045166015626,11.477802758789062,11.769598273971551
4.755036060681422,-0.7757213378906249,2.4899697265625,11.113884106445312,11.415783493249783
4.757523004227804,-0.74699091796875,2.422932080078125,10.587159741210938,10.886530516290172
4.7600099477741855,-0.7038952880859375,2.370259643554687,10.065223779296874,10.364474375566608
4.762496891320567,-0.603338818359375,2.346317626953125,9.490615380859374,9.794947904082735
4.764983834866948,-0.5506663818359374,2.370259643554687,8.872911352539061,9.200539120723569
4.76747077841333,-0.488417138671875,2.375048046875,8.29351455078125,8.640705302828785
4.769957721959711,-0.4213794921875,2.403778466796875,7.809885815429687,8.182299679425238
4.772444665506093,-0.373495458984375,2.384624853515625,7.498639599609374,7.877533268397932
4.774931609052474,-0.33518823242187495,2.4851813232421875,7.297526660156249,7.716370436690887
4.7774185525988555,-0.3591302490234375,2.442085693359375,7.287949853515625,7.694606561535982
4.779905496145237,-0.3495534423828125,2.5905261962890624,7.536946826171874,7.9773793342979396
4.782392439691619,-0.3591302490234375,2.6431986328124997,7.781155395507812,8.225682514983534
4.7848793832380005,-0.4070142822265625,2.70065947265625,8.250418920898436,8.690721177411184
4.787366326784381,-0.5123591552734374,2.7581203125,8.805873706054687,9.241923570837562
4.789853270330763,-0.55545478515625,2.7629087158203123,9.428366137695312,9.840542800920508
4.792340213877145,-0.622492431640625,2.767697119140625,9.988609326171874,10.383639075085233
4.794827157423526,-0.6751648681640625,2.7246014892578123,10.577582934570312,10.943699630937518
4.797314100969908,-0.718260498046875,2.73896669921875,11.099518896484375,11.455005737925124
4.799801044516289,-0.7757213378906249,2.6910826660156246,11.4538607421875,11.791293203496068
4.8022879880626705,-0.8188169677734375,2.6336218261718747,11.640608471679688,11.962867162220913
4.804774931609052,-0.8188169677734375,2.5522189697265625,11.664550488281249,11.968542976896066
4.807261875155434,-0.8571241943359375,2.518700146484375,11.535263598632811,11.838108742631132
4.809748818701816,-0.7757213378906249,2.50912333984375,11.233594189453123,11.53651082181794
4.812235762248196,-0.737414111328125,2.43250888671875,10.769119067382812,11.065026188085575
4.814722705794578,-0.6943184814453125,2.403778466796875,10.280701928710936,10.580787362862635
4.81720964934096,-0.6751648681640625,2.308010400390625,9.624690673828125,9.92055594079225
4.819696592887341,-0.5410895751953124,2.389413256835937,9.09796630859375,9.422052037249387
4.822183536433723,-0.5458779785156249,2.2936451904296873,8.441955053710936,8.765009763593259
4.824670479980104,-0.4070142822265625,2.365471240234375,7.939172705078125,8.29406884800035
4.827157423526486,-0.45010991210937495,2.3367408203125,7.575254052734374,7.940241215338638
4.829644367072867,-0.39264907226562495,2.422932080078125,7.297526660156249,7.699264154080829
4.832131310619249,-0.3687070556640625,2.4516625,7.297526660156249,7.707171287994963
4.83461825416563,-0.39264907226562495,2.518700146484375,7.398083129882812,7.824938192631819
4.837105197712011,-0.38786066894531246,2.6384102294921874,7.64229169921875,8.09421193529991
4.839592141258393,-0.39743747558593745,2.6719290527343746,8.078036401367187,8.5177364077353
4.842079084804775,-0.45968671875,2.6575638427734374,8.619125976562499,9.031239674466972
4.8445660283511565,-0.5410895751953124,2.7437551025390623,9.227253198242186,9.641741107059701
4.847052971897537,-0.5793968017578125,2.7341782958984373,9.854534033203125,10.243206168930113
4.849539915443919,-0.6464344482421874,2.81558115234375,10.43871923828125,10.83107723437381
4.852026858990301,-0.7278373046875,2.7629087158203123,10.931924780273437,11.299132316935095
4.854513802536682,-0.7757213378906249,2.7820623291015623,11.343727465820312,11.705629723166155
4.857000746083064,-0.7422025146484375,2.7246014892578123,11.626243261718749,11.964273911469803
4.859487689629445,-0.8092401611328125,2.6479870361328124,11.650185278320311,11.974703420173253
4.8619746331758265,-0.833182177734375,2.5617957763671875,11.592724438476562,11.901607036344238
4.864461576722208,-0.8044517578125,2.5570073730468748,11.362881079101562,11.674780330021974
4.86694852026859,-0.7852981445312499,2.4133552734375,10.927136376953124,11.217989403282795
4.8694354638149715,-0.7134720947265625,2.427720483398437,10.47702646484375,10.77826297324862
4.871922407361352,-0.63206923828125,2.384624853515625,9.897629663085937,10.200442155200161
4.874409350907734,-0.5698199951171875,2.403778466796875,9.236830004882812,9.561478666156981
4.876896294454116,-0.5746083984375,2.308010400390625,8.623914379882812,8.945892132784508
4.879383238000497,-0.5123591552734374,2.327164013671875,8.087613208007811,8.431351709712049
4.881870181546879,-0.411802685546875,2.3511060302734372,7.685387329101562,8.047512622899488
4.88435712509326,-0.36391865234375,2.418143676757812,7.426813549804687,7.819041829439844
4.8868440686396415,-0.3495534423828125,2.47081611328125,7.292738256835937,7.707862943608325
4.889331012186023,-0.33518823242187495,2.518700146484375,7.350199096679687,7.776993528342775
4.891817955732405,-0.39743747558593745,2.5570073730468748,7.503428002929687,7.937107473630781
4.8943048992787865,-0.39264907226562495,2.6336218261718747,7.958326318359375,8.391966098997983
4.896791842825167,-0.44532150878906246,2.710236279296875,8.44674345703125,8.882069970716701
4.899278786371549,-0.5123591552734374,2.7341782958984373,8.968679418945312,9.390178559408112
4.901765729917931,-0.6081272216796875,2.7820623291015623,9.610325463867188,10.023374932736376
4.904252673464312,-0.63206923828125,2.7916391357421872,10.290278735351562,10.680945512332574
4.906739617010693,0.842758984375,1.37906015625,-0.028730419921875,1.61643900513751
4.909226560557075,0.699106884765625,1.4700398193359374,-1.4030021728515625,2.148995719815686
4.9117135041034565,0.51714755859375,1.7525556152343749,-1.8818425048828125,2.6230181080260637
4.914200447649838,0.27293898925781246,2.020706201171875,-1.455674609375,2.505341855254609
4.91668739119622,-0.086191259765625,2.288856787109375,-0.19153613281249998,2.2984734967646254
4.919174334742601,-0.45968671875,2.5713725830078125,1.7669208251953124,3.153613489720688
4.921661278288982,-0.7613561279296874,2.882618798828125,4.1563340820312495,5.115101885040799
4.924148221835364,-1.0917559570312498,3.1124621582031247,6.83783994140625,7.591798655144267
4.926635165381746,-1.2928688964843749,3.337517114257812,9.595960253906249,10.241727572339004
4.929122108928127,-1.5322890624999999,3.366247534179687,12.109871997070313,12.66209034945872
4.931609052474508,-1.5801730957031248,3.4668040039062498,14.331691137695312,14.829465529147663
4.93409599602089,-1.599326708984375,3.399766357421875,15.91665263671875,16.35408476085086
4.936582939567272,-1.5610194824218748,3.294421484375,16.922217333984374,17.310442924426095
4.939069883113653,-1.388636962890625,3.1220389648437497,17.305289599609374,17.639401578258177
4.941556826660035,-1.197100830078125,2.9735984619140625,17.080234643554686,17.378427825581838
4.944043770206416,-0.9720458740234375,2.7198130859375,16.18959162597656,16.44521612565591
4.946530713752797,-0.6751648681640625,2.5378537597656248,14.9015111328125,15.13114613459583
4.949017657299179,-0.4740519287109375,2.375048046875,13.278242407226562,13.497307134430526
4.951504600845561,-0.2442085693359375,2.1595698974609374,11.458649145507811,11.66293360210901
4.9539915443919424,-0.033518823242187495,2.1068974609374997,9.605537060546874,9.833945426122513
4.956478487938323,0.076614453125,1.9919757812499999,7.8529814453124995,8.102046338298528
4.958965431484705,0.15322890625,1.9393033447265624,6.349422802734375,6.640748940327548
4.961452375031087,0.1388636962890625,1.9201497314453124,5.2433016357421875,5.585559073243543
4.963939318577468,0.0909796630859375,2.0254946044921875,4.5585599609375,4.989125635758705
4.966426262123849,-0.062249243164062495,2.1164742675781247,4.256890551757812,4.7544143133765475
4.968913205670231,-0.201112939453125,2.212242333984375,4.434061474609375,4.959371302826919
4.971400149216612,-0.3112462158203125,2.398990063476562,4.99909306640625,5.553643760461485
4.973887092762994,-0.5219359619140624,2.5330653564453125,5.904101293945312,6.445715579943727
4.976374036309376,-0.7805097412109374,2.6001030029296874,6.962338427734375,7.472876786370555
4.978860979855757,-0.8762778076171874,2.73896669921875,8.164227661132813,8.65588901721584
4.981347923402138,-0.97683427734375,2.85388837890625,9.394847314453125,9.867220487378242
4.98383486694852,-1.0917559570312498,2.935291235351562,10.568006127929687,11.022278313760923
4.986321810494902,-1.1061211669921875,2.916137622070312,11.477802758789062,11.894003482284166
4.988808754041283,-1.139639990234375,2.9544448486328125,12.229582080078124,12.632901548113258
4.991295697587664,-1.0678139404296874,2.858676782226562,12.665326782226561,13.027768882552477
4.993782641134046,-0.9337386474609375,2.85388837890625,12.804190478515624,13.151571790137043
4.9962695846804275,-0.852335791015625,2.7916391357421872,12.689268798828124,13.020647757072863
4.998756528226809,-0.737414111328125,2.7054478759765623,12.296619726562499,12.612298937184208
5.001243471773191,-0.622492431640625,2.5665841796874997,11.698069311523437,11.992484179521707
5.003730415319572,-0.4740519287109375,2.5139117431640625,11.003750830078124,11.29721247981013
5.006217358865953,-0.373495458984375,2.408566870117187,10.242394702148436,10.528406453984687
5.008704302412335,-0.2825157958984375,2.379836450195312,9.447519750976562,9.746746439181775
5.011191245958717,-0.21068974609375,2.346317626953125,8.772354882812499,9.083160615428106
5.013678189505098,-0.229843359375,2.3032219970703123,8.240842114257813,8.559739382116872
5.016165133051479,-0.22026655273437498,2.384624853515625,7.829039428710937,8.187112520453617
5.018652076597861,-0.277727392578125,2.327164013671875,7.594407666015624,7.94782062258293
5.0211390201442425,-0.354341845703125,2.4133552734375,7.5465236328125,7.930943245291979
5.023625963690624,-0.4644751220703125,2.389413256835937,7.6470801025390625,8.025139683869334
5.026112907237006,-0.5123591552734374,2.4851813232421875,7.967903124999999,8.362183824980713
5.028599850783387,-0.6177040283203125,2.50912333984375,8.360552197265624,8.750776608070558
5.031086794329768,-0.7709329345703124,2.5330653564453125,8.762778076171875,9.154072170453272
5.03357373787615,-0.833182177734375,2.6096798095703124,9.241618408203124,9.63909394355154
5.036060681422532,-0.8714894042968749,2.6096798095703124,9.686939916992188,10.070090736716192
5.0385476249689125,-0.8810662109374999,2.6240450195312497,10.046070166015625,10.420432606811088
5.041034568515294,-0.8475473876953125,2.6671406494140624,10.352527978515624,10.724122871549673
5.043521512061676,-0.8667010009765624,2.5905261962890624,10.443507641601562,10.794852868795566
5.0460084556080576,-0.7996633544921875,2.6336218261718747,10.486603271484375,10.84178368984151
5.048495399154439,-0.737414111328125,2.5665841796874997,10.453084448242187,10.788795502978573
5.05098234270082,-0.718260498046875,2.5426421630859375,10.271125122070313,10.605514536588066
5.053469286247202,-0.55545478515625,2.5474305664062498,10.070012182617187,10.402070845128504
5.055956229793583,-0.49799394531249996,2.5713725830078125,9.849745629882811,10.192028448920643
5.058443173339965,-0.45489831542968745,2.5665841796874997,9.528922607421874,9.879000601631656
5.060930116886347,-0.39264907226562495,2.5522189697265625,9.342174877929686,9.692482984932381
5.0634170604327275,-0.316034619140625,2.528276953125,9.112331518554686,9.461852246587005
5.065904003979109,-0.3447650390625,2.5426421630859375,8.98304462890625,9.342322136737927
5.068390947525491,-0.37828386230468747,2.5570073730468748,9.0021982421875,9.365946752888355
5.070877891071873,-0.411802685546875,2.5522189697265625,8.997409838867187,9.36145218060744
5.073364834618254,-0.45968671875,2.5234885498046875,9.088389501953124,9.443417288227936
5.075851778164635,-0.5027823486328125,2.5234885498046875,9.227253198242186,9.579299877108072
5.078338721711017,-0.5698199951171875,2.5474305664062498,9.414000927734374,9.769212393273056
5.080825665257398,-0.6464344482421874,2.5043349365234375,9.629479077148437,9.970779220673053
5.08331260880378,-0.6943184814453125,2.5713725830078125,9.787496386718749,10.14342745990493
5.085799552350162,-0.7517793212890624,2.5665841796874997,9.97903251953125,10.33119627754706
5.088286495896543,-0.7805097412109374,2.5665841796874997,10.05564697265625,10.407333272564982
5.090773439442924,-0.7852981445312499,2.5378537597656248,10.026916552734374,10.372870886946357
5.093260382989306,-0.8092401611328125,2.5713725830078125,10.041281762695311,10.396834423846135
5.095747326535688,-0.7230489013671875,2.5617957763671875,9.883264453125,10.235453754669855
5.098234270082068,-0.7565677246093749,2.5234885498046875,9.701305126953125,10.052646932483153
5.10072121362845,-0.6512228515624999,2.5426421630859375,9.514557397460937,9.86995049843099
5.103208157174832,-0.6272808349609375,2.480392919921875,9.236830004882812,9.584615736805063
5.1056951007212135,-0.5698199951171875,2.4947581298828125,9.006986645507812,9.363456700695945
5.108182044267595,-0.49320554199218747,2.5378537597656248,8.844180932617187,9.214308969286721
5.110668987813976,-0.4740519287109375,2.5426421630859375,8.67658681640625,9.05388939535113
5.113155931360358,-0.411802685546875,2.5617957763671875,8.63827958984375,9.01954839911331
5.115642874906739,-0.354341845703125,2.5953145996093747,8.643067993164061,9.031270140407655
5.118129818453121,-0.45489831542968745,2.5522189697265625,8.767566479492187,9.14281007782224
5.120616761999503,-0.4261678955078125,2.6096798095703124,8.935160595703124,9.31821563683983
5.1231037055458835,-0.4070142822265625,2.6575638427734374,9.13627353515625,9.523644276932522
5.125590649092265,-0.5027823486328125,2.5905261962890624,9.457096557617186,9.81836500461515
5.128077592638647,-0.5363011718749999,2.6048914062499997,9.787496386718749,10.142394377332314
5.1305645361850285,-0.622492431640625,2.6623522460937497,10.089165795898436,10.453080061247844
5.13305147973141,-0.6607996582031249,2.6240450195312497,10.299855541992187,10.6493799180382
5.135538423277791,-0.7278373046875,2.5474305664062498,10.505756884765624,10.83467015439584
5.138025366824173,-0.7996633544921875,2.5809493896484375,10.654197387695312,10.991482302602227
5.140512310370554,-0.7805097412109374,2.5426421630859375,10.63025537109375,10.957944783594002
5.142999253916936,-0.814028564453125,2.5426421630859375,10.615890161132812,10.946451278221833
5.145486197463318,-0.7948749511718749,2.4851813232421875,10.405200415039062,10.727355129505192
5.1479731410096985,-0.7422025146484375,2.4564509033203126,10.127473022460936,10.447522454335655
5.15046008455608,-0.7565677246093749,2.39420166015625,9.782707983398437,10.09980058218295
5.152947028102462,-0.6512228515624999,2.442085693359375,9.4618849609375,9.793627558270886
5.1554339716488435,-0.6368576416015624,2.422932080078125,9.093177905273437,9.431970734543818
5.157920915195225,-0.5506663818359374,2.442085693359375,8.729259252929687,9.0811333600302
5.160407858741606,-0.507570751953125,2.4516625,8.40843623046875,8.773259196216879
5.162894802287988,-0.4261678955078125,2.4899697265625,8.173804467773436,8.55527017643232
5.165381745834369,-0.39264907226562495,2.5378537597656248,8.10197841796875,8.499231099643014
5.167868689380751,-0.38786066894531246,2.5617957763671875,8.0828248046875,8.48794971248057
5.170355632927132,-0.40222587890625,2.5953145996093747,8.192958081054687,8.603604224191555
