Time_s,Real,Imaginary,Magnitude
-2.54414324794829,-8.54332278413521e-06,-0.0001272601466707059,0.00012754659264301615
-2.5416563044019083,-6.061832235252156e-06,-0.00012886535678146394,0.0001290078524294639
-2.5391693608555266,-3.519862856472749e-06,-0.00013043691626247534,0.00013048439967518102
-2.5366824173091453,-9.174736028515954e-07,-0.0001319731871773711,0.00013197637626319853
-2.5341954737627637,1.7452407136979556e-06,-0.00013347251558498525,0.00013348392518102274
-2.531708530216382,4.468148702509858e-06,-0.0001349332321599349,0.0001350071905268554
-2.5292215866700007,7.251081678799482e-06,-0.00013635365283562914,0.0001365463175158228
-2.526734643123619,1.009383295539201e-05,-0.0001377320794697831,0.00013810145248621396
-2.524247699577238,1.2996157142131758e-05,-0.0001390668005324998,0.0001396727429057261
-2.521760756030856,1.5957769453566594e-05,-0.0001403560918169703,0.00014126033737771896
-2.5192738124844745,1.8978345025495055e-05,-0.00014159821717283047,0.00014286438564747617
-2.5167868689380932,2.2057518240986494e-05,-0.00014279142926219574,0.0001444850386084736
-2.5142999253917115,2.5194882066482124e-05,-0.00014393397033838726,0.00014612244830865544
-2.51181298184533,2.838998739858998e-05,-0.00014502407304734248,0.00014777676795671581
-2.5093260382989486,3.1642342422204035e-05,-0.00014605996125169438,0.00014944815192838775
-2.506839094752567,3.4951411980564665e-05,-0.00014703985087748426,0.00015113675577273707
-2.5043521512061857,3.8316616957898625e-05,-0.00014796195078346276,0.0001528427362184614
-2.501865207659804,4.173733367528115e-05,-0.0001488244636529152,0.00015456625118019662
-2.4993782641134223,4.521289330035292e-05,-0.00014962558690793227,0.0001563074597648247
-2.496891320567041,4.8742581271547194e-05,-0.00015036351364603503,0.00015806652227778894
-2.4944043770206594,5.2325636737475806e-05,-0.0001510364335990412,0.0001598436002294113
-2.4919174334742777,5.596125201212667e-05,-0.00015164253411405077,0.00016163885634121457
-2.4894304899278965,5.964857204653895e-05,-0.0001521800011564041,0.0001634524545522468
-2.486943546381515,6.338669391760744e-05,-0.0001526470203344584,0.00016528456002540894
-2.4844566028351336,6.717466633468885e-05,-0.00015304177794600563,0.0001671353391537866
-2.481969659288752,7.101148916467193e-05,-0.00015336246204613558,0.00016900495956698045
-2.4794827157423702,7.489611297618296e-05,-0.0001536072635363397,0.000170893590137441
-2.476995772195989,7.882743860359602e-05,-0.0001537743772746248,0.00017280140098680435
-2.4745088286496073,8.280431673151686e-05,-0.0001538620032063933,0.00017472856349222797
-2.4720218851032256,8.682554750042006e-05,-0.0001538683475158228,0.00017667525029272695
-2.4695349415568444,9.088988013410376e-05,-0.00015379162379747086,0.0001786416352955115
-2.4670479980104627,9.499601258963671e-05,-0.0001536300542478,0.00018062789368232244
-2.4645610544640815,9.914259123047732e-05,-0.0001533818708763053,0.0001826342019157669
-2.4620741109177,0.00010332821052342374,-0.00015304531673591157,0.00018466073774565201
-2.459587167371318,0.00010755141276007436,-0.00015261864717228257,0.0001867076802153183
-2.457100223824937,0.0001118106878034628,-0.00015210013109166667,0.00018877520966796888
-2.454613280278555,0.0001161044728605315,-0.00015148805224689073,0.00019086350775299765
-2.4521263367321735,0.00012043115228111469,-0.00015078071054108231,0.00019297275743231397
-2.4496393931857923,0.00012478905738407957,-0.0001499764233486959,0.00019510314298666327
-2.4471524496394106,0.00012917646631128816,-0.00014907352685339032,0.00019725485002194457
-2.4446655060930294,0.00013359160391003476,-0.00014807037740228104,0.00019942806547552317
-2.4421785625466477,0.00013803264164459763,-0.0001469653528760866,0.00020162297762253828
-2.439691619000266,0.00014249769753755303,-0.00014575685407465231,0.00020383977608220491
-2.4372046754538848,0.0001469848361414875,-0.00014444330611732519,0.00020607865182411118
-2.434717731907503,0.00015149206854173344,-0.00014302315985763187,0.00020833979717450765
-2.4322307883611214,0.00015601735239076093,-0.00014149489331168475,0.00021062340582259114
-2.42974384481474,0.00016055859197483028,-0.00013985701309973547,0.0002129296728267801
-2.4272569012683585,0.0001651136383135195,-0.0001381080559002648,0.00021525879462098264
-2.4247699577219772,0.00016968028929273022,-0.0001362465899159741,0.00021761096902085664
-2.4222830141755956,0.00017425628983175364,-0.00013427121635104083,0.00021998639523005995
-2.419796070629214,0.0001788393320849852,-0.00013218057089896268,0.00022238527384649216
-2.4173091270828326,0.00018342705567885668,-0.0001299733252403041,0.0002248078068685255
-2.414822183536451,0.00018801704798454563,-0.00012764818854964287,0.00022725419770122646
-2.4123352399900693,0.00019260684442701608,-0.000125203909010978,0.00022972465116256468
-2.409848296443688,0.00019719392883092376,-0.0001226392753408672,0.0002322193734896132
-2.4073613528973064,0.00020177573380391088,-0.00011995311831851946,0.00023473857234473296
-2.404874409350925,0.00020634964115781197,-0.00011714431232205372,0.00023728245682174787
-2.4023874658045434,0.0002109129823682591,-0.00011421177687013052,0.000239851237452105
-2.3999005222581618,0.00021546303907317893,-0.00011115447816812341,0.00024244512621102133
-2.3974135787117805,0.00021999704361065183,-0.00010797143065799103,0.0002450643365236166
-2.394926635165399,0.00022451217959658544,-0.00010466169857099228,0.0002477090832710312
-2.392439691619017,0.0002290055825426493,-0.00010122439748235356,0.0002503795827965285
-2.389952748072636,0.00023347434051488697,-9.765869586700413e-05,0.0002530760529115811
-2.3874658045262542,0.0002379154948334159,-9.396381665545669e-05,0.00025579871290194056
-2.384978860979873,0.00024232604081360844,-9.013903878889207e-05,0.0002585477835336904
-2.3824919174334913,0.00024670292854911803,-8.618369877251062e-05,0.00026132348705928076
-2.3800049738871096,0.00025104306373710793,-8.209719222616926e-05,0.0002641260472235448
-2.3775180303407284,0.00025534330854601675,-7.787897543132213e-05,0.0002669556892696966
-2.3750310867943467,0.0002596004825261707,-7.352856687326556e-05,0.000269812639945309
-2.372544143247965,0.00026381136356354133,-6.904554877765465e-05,0.0002726971275082715
-2.370057199701584,0.00026797268887691705,-6.442956864027208e-05,0.0002756093817327279
-2.367570256155202,0.0002720811560587387,-5.9680340748989874e-05,0.00027854963391499055
-2.365083312608821,0.00027613342415983537,-5.47976476968484e-05,0.00028151811687943546
-2.362596369062439,0.000280126114818258,-4.978134188518761e-05,0.0002845150649843727
-2.3601094255160575,0.0002840558134323983,-4.463134701571966e-05,0.0002875407141278937
-2.3576224819696763,0.0002879190703785534,-3.934765957043654e-05,0.0002905953017536955
-2.3551355384232946,0.00029171240227306795,-3.393035027823223e-05,0.00029367906685687993
-2.352648594876913,0.0002954322932791677,-2.8379565567085955e-05,0.0002967922499897271
-2.3501616513305317,0.00029907519645856615,-2.2695529000674095e-05,0.0002999350932674441
-2.34767470778415,0.0003026375351679041,-1.687854269823798e-05,0.0003031078403738851
-2.3451877642377688,0.00030611570450005734,-1.0928988736522085e-05,0.0003063107365672471
-2.342700820691387,0.0003095060727703143,-4.847330532615185e-06,0.0003095440286857357
-2.3402138771450054,0.0003128049830474025,1.3658857935195594e-06,0.00031280796515320184
-2.337726933598624,0.0003160087547293174,7.71003007802882e-06,0.0003161027959847524
-2.3352399900522425,0.0003191136851638698,1.418438679488054e-05,0.0003194287727923273
-2.332753046505861,0.00032211605131384803,2.0788153761546726e-05,0.00032278614879024676
-2.3302661029594796,0.00032501211146665943,2.7520440869872887e-05,0.0003261751788007303
-2.327779159413098,0.00032779810698827915,3.438026884338776e-05,0.0003295961192593792
-2.3252922158667166,0.0003304702641213153,4.136656802231567e-05,0.0003330492282206292
-2.322805272320335,0.00033302479582695844,4.84781771775279e-05,0.0003365347653631689
-2.3203183287739533,0.0003354579036705591,5.57138423547143e-05,0.0003400529919953243
-2.317831385227572,0.00033776577975053987,6.307221575003929e-05,0.0003436041710604074
-2.3153444416811904,0.00033994460867032357,7.055185461855038e-05,0.0003471885671420309
-2.3128574981348087,0.00034199056955291695,7.815122021663553e-05,0.0003508064464693851
-2.3103705545884274,0.0003438998380977671,8.58686767797878e-05,0.00035445807692247906
-2.3078836110420458,0.00034566858867946665,9.370249053697175e-05,0.000358143728037342
-2.3053966674956645,0.0003472929964878522,0.00010165082876288898,0.0003618636710111883
-2.302909723949283,0.00034876923970901156,0.00010971175886940499,0.0003656181787075424
-2.300422780402901,0.0003500935017466722,0.00011788324753744342,0.0003694075256613234
-2.29793583685652,0.00035126197348341596,0.00012616315989062645,0.0003732319880838884
-2.2954488933101382,0.00035227085558113097,0.00013454925871194098,0.0003770918438680355
-2.2929619497637566,0.00035311636082006566,0.00014303920370473,0.00038098737259296413
-2.2904750062173753,0.00035379471647583064,0.00015163055079926515,0.00038491885552919067
-2.2879880626709936,0.0003543021667336508,0.00016032075150618756,0.00038888657564342384
-2.2855011191246124,0.00035463497513912157,0.0001691071523180957,0.000392890817603391
-2.2830141755782307,0.00035478942708471817,0.000177986994160524,0.00039693186778262207
-2.280527232031849,0.00035476183233123663,0.00018695741189358547,0.0004010100142651854
-2.278040288485468,0.00035454852756333535,0.00019601543386552574,0.00040512554685038
-2.275553344939086,0.00035414587897829156,0.00020515798151941872,0.00040927875705737394
-2.2730664013927044,0.00035355028490705953,0.0002143818690542601,0.0004134699381298003
-2.270579457846323,0.0003527581784666813,0.0002236838031416519,0.00041769938504029934
-2.2680925142999415,0.0003517660302430648,0.00023306038269930364,0.00042196739449501384
-2.2656055707535603,0.0003505703510030889,0.00024250809872255514,0.00042627426493802966
-2.2631186272071786,0.00034916769443499513,0.00025202333417508597,0.00043062029655576757
-2.260631683660797,0.0003475546599159526,0.00026160236393999787,0.00043500579128132136
-2.2581447401144157,0.0003457278953056631,0.0002712413548324192,0.000439431052798741
-2.255657796568034,0.0003436840997648444,0.00028093636567476696,0.0004438963865472639
-2.2531708530216523,0.0003414200265973632,0.00029068334743580194,0.0004484020997254889
-2.250683909475271,0.0003389324861147941,0.0003004781434345617,0.00045294850129549627
-2.2481969659288894,0.0003362183485221129,0.00031031648961026177,0.00045753590198690716
-2.245710022382508,0.00033327454682319897,0.00032019401485924436,0.0004621646143008902
-2.2432230788361265,0.0003300980797448088,0.0003301062414399899,0.00046683495251410536
-2.240736135289745,0.0003266860146776197,0.0003400485854472329,0.0004715472326825914
-2.2382491917433636,0.0003230354906329171,0.0003500163573561691,0.0004763017726455896
-2.235762248196982,0.0003191437212134776,0.0003600047626377235,0.00048109889202930985
-2.2332753046506,0.0003150079975971274,0.00037000890244584154,0.0004859389122506327
-2.230788361104219,0.0003106256915314708,0.0003800237743777008,0.0004908221565207484
-2.2283014175578373,0.00030599425833821223,0.0003900442733077488,0.0004957489498487338
-2.225814474011456,0.00030111123992545956,0.00040006519229643476,0.0005007196190450609
-2.2233275304650744,0.00029597426780639523,0.00041008122357446164,0.0005057344927250457
-2.2208405869186927,0.00029058106612264234,0.00042008695960335507,0.0005107939013122242
-2.2183536433723114,0.0002849294546706193,0.0004300768942131345,0.0005158981770416641
-2.2158666998259298,0.00027901735192914745,0.00044004542381782894,0.0005210476539632113
-2.213379756279548,0.0002728427780865614,0.00044998684870951487,0.0005262426679446588
-2.210892812733167,0.00026640385806552425,0.0004598953744315746,0.0005314835566748554
-2.208405869186785,0.00025969882454369764,0.00046976511323180005,0.0005367706596667372
-2.205918925640404,0.0002527260209684426,0.00047959008559592787,0.0005421043182602875
-2.2034319820940222,0.0002454839045636429,0.0004893642218621803,0.0005474848756254266
-2.2009450385476406,0.0002379710493267404,0.0004990813639173239,0.0005529126767648271
-2.1984580950012593,0.00023018614901404685,0.0005087352669747194,0.000558388068516651
-2.1959711514548776,0.0002221280201123363,0.0005183196014348219,0.0005639113995572169
-2.193484207908496,0.00021379560479475114,0.0005278279548285021,0.0005694830204035873
-2.1909972643621147,0.00020518797385898243,0.0005372538338435567,0.0005751032834160786
-2.188510320815733,0.00019630432964565646,0.0005465906664347219,0.000580772542800694
-2.186023377269352,0.00018714400893488916,0.0005558318040174374,0.0005864911546114747
-2.18353643372297,0.00017770648581888238,0.0005649705237455963,0.0005922594767527743
-2.1810494901765884,0.00016799137454844975,0.0005740000308734444,0.0005980778689814502
-2.178562546630207,0.00015799843235133875,0.0005829134612017477,0.0006039466929089702
-2.1760756030838255,0.0001477275622201579,0.0005917038836083211,0.0006098663120034425
-2.173588659537444,0.0001371788156677606,0.0006003643026629217,0.0006158370915915552
-2.1711017159910626,0.0001263523954478672,0.0006088876613264938,0.0006218593988604347
-2.168614772444681,0.00011524865823868565,0.0006172668437346932,0.0006279336028594166
-2.1661278288982997,0.00010386811728733248,0.0006254946780655481,0.0006340600745017294
-2.163640885351918,9.221144501277185e-05,0.0006335639394910882,0.0006402391865660916
-2.1611539418055363,8.027947556501339e-05,0.0006414673532127014,0.0006464713136982199
-2.158666998259155,6.807320733830098e-05,0.0006491975975799239,0.0006527568324122452
-2.1561800547127734,5.559380543596527e-05,0.0006567473072923271,0.000659096121092041
-2.1536931111663917,4.2842604084678656e-05,0.0006641090766840948,0.0006654895599924596
-2.1512061676200105,2.982110899577846e-05,0.0006712754630908245,0.000671937531240471
-2.148719224073629,1.6530999671315897e-05,0.0006782389902980574,0.0006784404188362169
-2.1462322805272476,2.974131652543977e-06,0.0006849921520709375,0.0006849986086539599
-2.143745336980866,-1.0847461291524938e-05,0.000691527415764388,0.0006916124884429458
-2.141258393434484,-2.493156503782123e-05,0.0006978372260130983,0.0006982824478281631
-2.138771449888103,-3.9275783047510276e-05,0.0007039140085005777,0.0007050088783110085
-2.1362845063417213,-5.387753437125716e-05,0.0007097501738064551,0.0007117921732698521
-2.1337975627953396,-6.873405172376264e-05,0.0007153381213311571,0.0007186327279605028
-2.1313106192489584,-8.384237962993656e-05,0.0007206702432970256,0.0007255309395165753
-2.1288236757025767,-9.919937264507391e-05,0.0007257389288248718,0.0007324872069497518
-2.1263367321561955,-0.00011480169365132373,0.0007305365680849158,0.0007395019311499457
-2.1238497886098138,-0.0001306458122328208,0.0007350555565209766,0.0007465755148853572
-2.121362845063432,-0.00014672800313179338,0.0007392882991467352,0.0007537083628024279
-2.118875901517051,-0.0001630443447879503,0.0007432272149128106,0.0007609008814256855
-2.116388957970669,-0.00017959071796349473,0.0007468647411433434,0.0007681534791574902
-2.1139020144242875,-0.00019636280445600761,0.0007501933380406946,0.0007754665662776625
-2.1114150708779063,-0.00021335608590150704,0.0007532054932568321,0.0007828405549430094
-2.1089281273315246,-0.00023056584266997564,0.0007558937265298801,0.0007902758591867431
-2.1064411837851433,-0.00024798715285555126,0.0007582505943842668,0.0007977728949177807
-2.1039542402387617,-0.0002656148913636578,0.000760268694892832,0.0008053320799199406
-2.10146729669238,-0.00028344372909726886,0.0007619406724991843,0.000812953833851022
-2.0989803531459987,-0.00030146813224448516,0.0007632592228985483,0.0008206385782417704
-2.096493409599617,-0.00031968236166963045,0.0007642170979752553,0.0008283867364947325
-2.0940064660532354,-0.00033808047240995495,0.0007648071107949883,0.0008361987338829901
-2.091519522506854,-0.0003566563132800882,0.0007650221406498204,0.000844074997548783
-2.0890325789604725,-0.0003754035265863468,0.0007648551381539938,0.0008520159565020076
-2.086545635414091,-0.0003943155479529062,0.0007642991303883794,0.0008600220416186049
-2.0840586918677095,-0.0004133856062618951,0.0007633472260914281,0.0008680936856388211
-2.081571748321328,-0.0004326067237093921,0.0007619926208944095,0.0008762313231653533
-2.0790848047749466,-0.0004519717159792619,0.0007602286025986461,0.0008844353906613692
-2.076597861228565,-0.00047147319253678955,0.0007580485564923795,0.0008927063264484087
-2.0741109176821833,-0.0004911035570439347,0.0007554459707048767,0.0009010445707041572
-2.071623974135802,-0.0005108550078980709,0.00075241444159529,0.0009094505654600971
-2.0691370305894203,-0.0005307195388960192,0.0007489476791737136,0.000917924754599033
-2.066650087043039,-0.00055068894002508,0.0007450395125518675,0.00092646758385249
-2.0641631434966574,-0.0005707547983827991,0.0007406838954207224,0.0009350795007979832
-2.0616761999502757,-0.0005909084992271101,0.0007358749115523488,0.0009437609548561609
-2.0591892564038945,-0.0006111412271584397,0.0007306067803232185,0.0009525123972878167
-2.056702312857513,-0.0006314439674353697,0.0007248738622560848,0.0009613342811907697
-2.054215369311131,-0.0006518075074252981,0.0007186706645775778,0.0009702270614966155
-2.05172842576475,-0.0006722224381915644,0.0007119918467885413,0.000979191194967341
-2.049241482218368,-0.0006926791562184531,0.0007048322262440745,0.0009882271401918114
-2.046754538671987,-0.0007131678652753351,0.0006971867837402447,0.000997335357582115
-2.0442675951256053,-0.0007336785784212658,0.000689050669104316,0.0010065163093697762
-2.0417806515792236,-0.000754201120151217,0.000680419206785325,0.001015770459601834
-2.0392937080328424,-0.0007747251286850676,0.0006712879014417777,0.0010250982741367776
-2.0368067644864607,-0.0007952400584004628,0.0006616524435231502,0.0010345002206403472
-2.034319820940079,-0.0008157351824104946,0.000651508714841902,0.001043976768581193
-2.031832877393698,-0.000836199595287156,0.0006408527941325976,0.0010535283892263941
-2.029345933847316,-0.0008566222159314545,0.000629680962594676,0.0010631555556368378
-2.026858990300935,-0.0008769917905909237,0.0006179897094154403,0.0010728587426624507
-2.024372046754553,-0.000897296896025281,0.0006057757372697035,0.0010826384269372932
-2.0218851032081715,-0.000917525942820857,0.0005930359677925304,0.001092495086874502
-2.0193981596617903,-0.0009376671788543446,0.000579767547021486,0.0011024292026610943
-2.0169112161154086,-0.0009577086929063744,0.0005659678508046834,0.0011124412562526205
-2.014424272569027,-0.000977638418425274,0.0005516344901710044,0.0011225317313676684
-2.0119373290226457,-0.0009974441374413507,0.000536765316658735,0.001132701113482225
-2.009450385476264,-0.0010171134846319332,0.0005213584275988129,0.0011429498898238805
-2.0069634419298827,-0.0010366339515372907,0.000505412171348961,0.0011532785493658891
-2.004476498383501,-0.0010559928909275082,0.0004889251524748125,0.0011636875828210742
-2.0019895548371194,-0.0010751775213202776,0.000471896236874188,0.0011741774826355834
-1.999502611290738,-0.0010941749316494727,0.0004543245568406472,0.001184748742982485
-1.9970156677443565,-0.0011129720860843248,0.0004362095160623407,0.0011954018597552184
-1.994528724197975,-0.0011315558289988557,0.00041755079455228853,0.001206137330560884
-1.9920417806515935,-0.0011499128900911814,0.00039834835350608235,0.0012169556547133753
-1.9895548371052119,-0.0011680298896522094,0.00037860244008298976,0.001227857333226359
-1.9870678935588304,-0.001185893343983103,0.0003583135921065246,0.0012388428688060915
-1.984580950012449,-0.0012034896709608508,0.0003374826426804006,0.0012499127658440823
-1.9820940064660675,-0.001220805195751132,0.0003161107247158595,0.0012610675304095915
-1.9796070629196858,-0.0012378261566676023,0.0002941992753663042,0.0012723076702419686
-1.9771201193733043,-0.0012545387111766045,0.0002717500403651816,0.001283633694742832
-1.9746331758269229,-0.0012709289420462103,0.00024876507826305773,0.0012950461149680828
-1.9721462322805414,-0.0012869828636383942,0.0002252467645597995,0.0013065454436197539
-1.9696592887341597,-0.0013026864283430546,0.00020119779572777953,0.0013181321950376985
-1.9671723451877783,-0.0013180255331524623,0.00017662119312203146,0.0013298068851911103
-1.9646854016413968,-0.0013329860263746344,0.00015152030677329054,0.001341570031669875
-1.9621984580950154,-0.001347553714484017,0.00012589881905984384,0.0013534221536757609
-1.9597115145486337,-0.0013617143691077632,9.976074825408667e-05,0.00136536377201344
-1.9572245710022522,-0.0013754537341457475,7.311045193980632e-05,0.0013773954090813294
-1.9547376274558708,-0.0013887575330224172,4.5952630296082996e-05,0.001389517588862278
-1.9522506839094893,-0.0014016114760684077,1.8292329243804343e-05,0.0014017308369140718
-1.9497637403631076,-0.0014140012680297761,-9.865056549220233e-06,0.0014140356803597758
-1.9472767968167262,-0.0014259126157025782,-3.851378080852424e-05,0.0014264326478778924
-1.9447898532703447,-0.0014373312356904307,-6.764774294260454e-05,0.001438922269692359
-1.9423029097239632,-0.001448242862282554,-9.726048548584975e-05,0.001451505077562358
-1.9398159661775816,-0.0014586332554497176,-0.0001273451916986805,0.0014641816047719677
-1.9373290226312,-0.0014684882089553678,-0.00015789468332877253,0.0014769523861196193
-1.9348420790848186,-0.0014777935585791318,-0.00018890141853722048,0.0014898179579073906
-1.9323551355384372,-0.0014865351904497692,-0.00022035748999346485,0.0015027788579301186
-1.9298681919920555,-0.0014946990494845275,-0.00025225462314274047,0.00151583562546433
-1.927381248445674,-0.0015022711479317624,-0.00028458417464976627,0.0015289888012569954
-1.9248943048992926,-0.0015092375740135653,-0.00031733713102236733,0.0015422389275141057
-1.9224073613529111,-0.001515584500665023,-0.0003505041074186738,0.0015555865478890617
-1.9199204178065294,-0.0015212981943666418,-0.0003840753466414688,0.0015690322074708885
-1.917433474260148,-0.0015263650240663464,-0.00041804071832320035,0.001582576452772262
-1.9149465307137665,-0.001530771470187364,-0.0004523897183051396,0.001596219831717357
-1.912459587167385,-0.001534504133718185,-0.00048711146821410267,0.0016099628936295071
-1.9099726436210034,-0.001537549745380696,-0.0005221947152400747,0.0016238061892186843
-1.907485700074622,-0.0015398951748724703,-0.0005576278321179982,0.0016377502705687867
-1.9049987565282405,-0.001541527440179099,-0.0005933988173169556,0.0016517956911247492
-1.902511812981859,-0.001542433716952323,-0.0006294952954398804,0.0016659430056794565
-1.9000248694354773,-0.0015426013479496509,-0.0006659045178368615,0.0016801927703604792
-1.8975379258890959,-0.0015420178525310231,-0.0007026133634350018,0.0016945455426166137
-1.8950509823427144,-0.0015406709362079964,-0.0007396083397877478,0.0017090018812042347
-1.892564038796333,-0.0015385485002408006,-0.000776875584346519,0.00172356234617346
-1.8900770952499513,-0.001535638651278544,-0.0008144008659573508,0.0017382274988541255
-1.8875901517035698,-0.001531929711037736,-0.0008521695865851815,0.0017529979018415626
-1.8851032081571883,-0.0015274102260142027,-0.0008901667832683414,0.0017678741189821928
-1.8826162646108069,-0.0015220689772233592,-0.0009283771303056982,0.0017828567153589225
-1.8801293210644252,-0.0015158949899637343,-0.0009667849416788012,0.0017979462572763494
-1.8776423775180437,-0.001508877543598541,-0.0010053741737112588,0.0018131433122457706
-1.8751554339716623,-0.001501006181349999,-0.001044128427967506,0.0018284484489700008
-1.8726684904252808,-0.0014922707201010098,-0.0010830309543929976,0.0018438622373279936
-1.8701815468788991,-0.001482661260198722,-0.0011220646546977507,0.001859385248359265
-1.8676946033325177,-0.0014721681952544429,-0.0011612120859850255,0.0018750180542481231
-1.8652076597861362,-0.0014607822219342532,-0.0012004554646268537,0.0018907612283077017
-1.8627207162397548,-0.0014484943497345977,-0.0012397766703880013,0.0019066153449637956
-1.860233772693373,-0.0014352959107370642,-0.0012791572507997915,0.0019225809797384918
-1.8577468291469916,-0.0014211785693365026,-0.0013185784257851297,0.0019386587092336132
-1.8552598856006102,-0.0014061343319365254,-0.00135802109253592,0.001954849111113958
-1.8527729420542287,-0.0013901555566063655,-0.0013974658306439563,0.001971152764090332
-1.850285998507847,-0.0013732349626930421,-0.0014368929074862293,0.001987570247902396
-1.8477990549614656,-0.0013553656403826736,-0.001476282283865424,0.0020041021433012955
-1.845312111415084,-0.0013365410602047482,-0.0015156136199062946,0.002020749032032106
-1.8428251678687027,-0.0013167550824730622,-0.0015548662812084478,0.002037511496816062
-1.840338224322321,-0.0012960019666570237,-0.001594019345255907,0.0020543901213325925
-1.8378512807759395,-0.001274276380676948,-0.001633051608083684,0.0020713854902011477
-1.835364337229558,-0.0012515734101169274,-0.0016719415912014731,0.0020884981889628318
-1.8328773936831766,-0.001227888567348775,-0.001710667548774394,0.0021057288040618196
-1.830390450136795,-0.0012032178005605505,-0.001749207475060594,0.0021230779228265805
-1.8279035065904135,-0.0011775575026831172,-0.0017875391121053169,0.002140546133450892
-1.825416563044032,-0.0011509045202081265,-0.0018256399576909393,0.0021581340249746477
-1.8229296194976505,-0.0011232561618907957,-0.0018634872735423106,0.0021758421872644616
-1.8204426759512689,-0.0010946102073308272,-0.0019010580937865505,0.0021936712109940698
-1.8179557324048874,-0.001064964915424798,-0.0019383292336662985,0.0022116216876245194
-1.815468788858506,-0.0010343190326833071,-0.001975277298505277,0.0022296942093841562
-1.8129818453121245,-0.0010026718014061312,-0.0020118786929248446,0.002247889369248406
-1.8104949017657428,-0.0009700229677086622,-0.002048109630310044,0.0022662077609193437
-1.8080079582193613,-0.0009363727893928874,-0.0020839461425234884,0.0022846499788050562
-1.8055210146729799,-0.0009017220436561388,-0.0021193640898652722,0.002303216617998806
-1.8030340711265984,-0.0008660720346308215,-0.0021543391712769084,0.002321908274257975
-1.8005471275802167,-0.0008294246007483762,-0.0021888469347871265,0.0023407255439828055
-1.7980601840338353,-0.0007917821219207256,-0.0022228627881971906,0.0023596690241949343
-1.7955732404874538,-0.0007531475265324355,-0.0022563620100032257,0.002378739312515712
-1.7930862969410724,-0.0007135242982368357,-0.0022893197605528817,0.0023979370071443226
-1.7905993533946907,-0.0006729164825493803,-0.0023217110934334495,0.0024172627068356836
-1.7881124098483092,-0.0006313286932315722,-0.0023535109670884077,0.00243671701087814
-1.7856254663019278,-0.0005887661184587455,-0.0023846942566591797,0.0024563005190709575
-1.7831385227555463,-0.0005452345267650439,-0.002415235766048704,0.002476013831701586
-1.7806515792091646,-0.0005007402727589937,-0.002445110240203271,0.0024958575495227387
-1.7781646356627832,-0.00045529030260310903,-0.0024742923776088356,0.002515832273729236
-1.7756776921164017,-0.0004088921592509784,-0.002502756842997912,0.0025359386059346555
-1.7731907485700202,-0.0003615539874353273,-0.002530478280262935,0.002556177148147766
-1.7707038050236386,-0.0003132845384006379,-0.002557431325571802,0.0025765485027487538
-1.768216861477257,-0.0002640931743739605,-0.002583590620681118,0.00259705327246523
-1.7657299179308756,-0.0002139898727675876,-0.0026089308264425214,0.002617692060348036
-1.7632429743844942,-0.00016298523010731326,-0.00263342663649726,0.002638465469746839
-1.7607560308381125,-0.00011109046568011568,-0.0026570527911540087,0.002659374104285505
-1.758269087291731,-5.8317424895174957e-05,-0.0026797840914447642,0.002680418567837278
-1.7557821437453496,-4.6785823521794066e-06,-0.002701595413353452,0.002701599464499731
-1.7532952001989681,4.981295538904094e-05,-0.00272246172221172,0.0027229173985695186
-1.7508082566525864,0.00010514344734338891,-0.002742358087256213,0.0027443729745169126
-1.748321313106205,0.0001612985159456232,-0.0027612596963414427,0.0027659667969601323
-1.7458343695598235,0.0002182631452114086,-0.0027791418708021974,0.002787699470639458
-1.743347426013442,0.00027602167921987126,-0.0027959800804592734,0.0028095716003911347
-1.7408604824670604,0.0003345578209230874,-0.0028117499587621162,0.002831583791121069
-1.738373538920679,0.0003938546312878239,-0.0028264273180618233,0.002853736647778316
-1.7358865953742975,0.0004538945287747642,-0.0028399881650077534,0.002876030775328347
-1.733399651827916,0.0005146592891603384,-0.002852408716060859,0.0028984667787261224
-1.7309127082815343,0.0005761300457061042,-0.002863665413116654,0.0029210452628889365
-1.7284257647351529,0.0006382872896804938,-0.002873734939230614,0.0029437668326690635
-1.7259388211887714,0.0007011108712376506,-0.0028825942344386187,0.002966632092826204
-1.72345187764239,0.0007645800006579224,-0.0028902205116648504,0.0029896416479996894
-1.7209649340960083,0.00082867324995442,-0.0028965912727095104,0.0030127961026805185
-1.7184779905496268,0.0008933685548498614,-0.0029016843243084324,0.003036096061183146
-1.7159910470032453,0.0009586432171278479,-0.002905477794256661,0.0030595421276171015
-1.7135041034568639,0.0010244739073625175,-0.002907950147587745,0.0030831349058583557
-1.7110171599104822,0.0010908366680303584,-0.0029090802028005507,0.003106874999520526
-1.7085302163641007,0.0011577069170077493,-0.002908847148125063,0.003130763011925831
-1.7060432728177193,0.001225059451457714,-0.002907230557818674,0.003154799546075876
-1.7035563292713378,0.0012928684521091394,-0.0029042104084841583,0.0031789852046221925
-1.7010693857249561,0.0013611074879315427,-0.0028997670954005682,0.003203320589836609
-1.6985824421785747,0.0014297495212082683,-0.00289388144885801,0.003227806303581398
-1.6960954986321932,0.001498766913010753,-0.0028865347504872362,0.0032524429472791977
-1.6936085550858118,0.0015681314290765412,-0.002877708749574801,0.0032772311218827706
-1.69112161153943,0.001637814246093163,-0.002867385679354455,0.0033021714278445215
-1.6886346679930486,0.0017077859583900798,-0.002855548273265325,0.0033272644650858317
-1.6861477244466672,0.0017780165850405918,-0.0028421797811672886,0.0033525108329661734
-1.6836607809002857,0.0018484755773753862,-0.0028272639855038907,0.00337791113025204
-1.681173837353904,0.0019191318269091604,-0.002810785217403031,0.003403465955085653
-1.6786868938075226,0.0019899536736816114,-0.0027927283727055495,0.0034291759049534815
-1.676199950261141,0.002060908915013828,-0.002773078927911736,0.003455041576654553
-1.6737130067147596,0.002131964814680877,-0.002751822956035717,0.0034810635662685645
-1.671226063168378,0.002203088112501139,-0.002728947142357613,0.0035072424691238004
-1.6687391196219965,0.002274245034342742,-0.0027044388000632275,0.003533578879764827
-1.666252176075615,0.002345401302547254,-0.0026782858857610004,0.0035600733919200237
-1.6637652325292336,0.0024165221467704373,-0.0026504770148658503,0.0035867265984688866
-1.661278288982852,0.0024875723152396998,-0.002621001476839535,0.0036135390914091444
-1.6587913454364704,0.002558516086427633,-0.002589849250277047,0.0036405114618236756
-1.656304401890089,0.0026293172811407946,-0.0025570110178284944,0.0036676442998472376
-1.6538174583437075,0.002699939275022577,-0.002522478180945918,0.0036949381946329856
-1.6513305147973258,0.0027703450114687964,-0.0024862428744444696,0.0037223937343188107
-1.6488435712509444,0.0028404970149543685,-0.002448297980867276,0.0037500115059934764
-1.646356627704563,0.0029103574047692183,-0.00240863714464331,0.003777792095662557
-1.6438696841581815,0.0029798879091612455,-0.002367254786027592,0.0038057360882141995
-1.6413827406117998,0.0030490498798839217,-0.0023241461148130397,0.0038338440673846797
-1.6388957970654183,0.0031178043071458635,-0.0022793071438032093,0.0038621166157237715
-1.6364088535190369,0.003186111834959448,-0.002232734702035209,0.0038905543145599337
-1.6339219099726554,0.003253932776885245,-0.0021844264477420675,0.003919157743965296
-1.6314349664262737,0.0033212271321687668,-0.0021343808810438624,0.003947927482720465
-1.6289480228798923,0.0033879546022658074,-0.0020825973563569134,0.0039768641082791436
-1.6264610793335108,0.0034540746077523447,-0.002029076094510315,0.004005968196732563
-1.6239741357871293,0.0035195463056147034,-0.0019738181945591973,0.0040352403227737295
-1.6214871922407477,0.003584328606915378,-0.0019168256452841235,0.004064681059661487
-1.6190002486943662,0.003648380194829692,-0.0018581013363660308,0.004094290979184402
-1.6165133051479847,0.003711659543048159,-0.0017976490692261575,0.004124070651624452
-1.6140263616016033,0.0037741249345391646,-0.0017354735675205284,0.0041540206457205625
-1.6115394180552216,0.0038357344806662233,-0.0016715804872786055,0.004184141528631932
-1.6090524745088401,0.0038964461406539056,-0.0016059764266757464,0.004214433865901198
-1.6065655309624587,0.003956217741396196,-0.0015386689354291853,0.004244898221417422
-1.6040785874160772,0.004015006997600745,-0.0014696665238073854,0.004275535157378902
-1.6015916438696955,0.004072771532262235,-0.001398978671242695,0.004306345234255802
-1.599104700323314,0.004129468897457775,-0.001326615834537303,0.004337329010752612
-1.5966177567769326,0.004185056595457013,-0.0012525894556525746,0.004368487043770446
-1.5941308132305512,0.004239492100139328,-0.0011769119690720135,0.004399819888369152
-1.5916438696841695,0.004292732878710192,-0.0010995968087282424,0.0044313280977292605
-1.589156926137788,0.004344736413708552,-0.0010206584144844275,0.00446301222311377
-1.5866699825914066,0.004395460225296813,-0.0009401122381607344,0.004494872813829763
-1.584183039045025,0.004444861893824671,-0.000857974749096581,0.004526910417189851
-1.5816960954986434,0.004492899082657847,-0.000774263439239618,0.004559125578473452
-1.579209151952262,0.004539529561262484,-0.0006889968277524516,0.004591518840887938
-1.5767222084058805,0.004584711228535662,-0.0006021944651282894,0.00462409074552956
-1.574235264859499,0.004628402136372327,-0.0005138769368069179,0.0046568418313442834
-1.5717483213131174,0.004670560513458542,-0.00042406586628260316,0.004689772635088414
-1.569261377766736,0.0047111447892807965,-0.0003327839176956238,0.004722883691289088
-1.5667744342203545,0.0047501136183408605,-0.0002400547978993343,0.004756175532204608
-1.564287490673973,0.00478742590456535,-0.00014590325799492053,0.004789648687784616
-1.5618005471275913,0.004823040825899,-5.035509432621832e-05,0.0048233036856301205
-1.5593136035812099,0.004856917859070354,4.656285107288946e-05,0.004857141050953388
-1.5568266600348284,0.004889016804518321,0.00014482269058576616,0.004891161306537645
-1.554339716488447,0.004919297811467901,0.0002443954916819752,0.004925364972696678
-1.5518527729420653,0.004947721403143018,0.00034525127815463364,0.004959752567234269
-1.5493658293956838,0.004974248502104294,0.0004473590319327304,0.004994324605403477
-1.5468788858493023,0.0049988404556992865,0.0005506866954747301,0.005029081599865797
-1.5443919423029209,0.005021459061612542,0.0006552011747494596,0.005064024060650166
-1.5419049987565392,0.005042066593502588,0.0007608683428100115,0.0050991524951118335
-1.5394180552101577,0.005060625826712761,0.0008676530439662029,0.005134467407891108
-1.5369311116637763,0.0050771000640425935,0.000975519098560857,0.00516996930087194
-1.5344441681173948,0.00509145316156625,0.001084429308354817,0.0052056586731403995
-1.5319572245710131,0.005103649554484356,0.0011943454625253298,0.005241536020943022
-1.5294702810246317,0.005113654282995301,0.0013052283442821899,0.005277601837644994
-1.5269833374782502,0.005121433018172004,0.0014170377381057678,0.005313856613688245
-1.5244963939318688,0.005126952087829883,0.0015297324376106478,0.005350300836549419
-1.522009450385487,0.005130178502371612,0.0016432702540382833,0.0053869349906976675
-1.5195225068391056,0.005131079980594171,0.0017576080253818738,0.005423759557552404
-1.5170355632927242,0.005129624975443345,0.0018727016261462827,0.0054607750154408545
-1.5145486197463427,0.005125782699700929,0.001988505977745481,0.00549798183955557
-1.512061676199961,0.005119523151589506,0.0021049750595396126,0.005535380501911746
-1.5095747326535796,0.005110817140279772,0.0022220619205135547,0.005572971471304505
-1.507087789107198,0.005099636311284986,0.0023397186915984657,0.005610755213265998
-1.5046008455608166,0.005085953171727244,0.002457896598637431,0.0056487321900224536
-1.502113902014435,0.005069741115460038,0.0025765459759959277,0.00568690286045109
-1.4996269584680535,0.005050974448031454,0.002695616280817555,0.005725267680036918
-1.497140014921672,0.00502962841147232,0.0028150561079251456,0.00576382710082947
-1.4946530713752906,0.005005679208893442,0.0029348132053668673,0.005802581571399391
-1.492166127828909,0.004979104028876119,0.0030548344906066315,0.005841531536794977
-1.4896791842825274,0.004949881069639903,0.0031750660673577386,0.005880677438498562
-1.487192240736146,0.004917989562971585,0.003295453243058451,0.005920019714382876
-1.4847052971897645,0.004883409797899332,0.0034159405469874568,0.005959558798667243
-1.4822183536433828,0.004846123144095884,0.0035364717490171493,0.005999295121873751
-1.4797314100970014,0.004806112074994508,0.003656989879002178,0.006039229110783295
-1.47724446655062,0.0047633601906017006,0.003777437246800073,0.006079361188391556
-1.4747575230042385,0.004717852239990196,0.0038977554629208255,0.006119691773864893
-1.4722705794578568,0.004669574143456262,0.004017885459801362,0.006160221282496148
-1.4697836359114753,0.004618513014324862,0.00413776751370101,0.006200950125660386
-1.4672966923650939,0.004564657180386628,0.004257341267213093,0.006241878710770563
-1.4648097488187124,0.004507996204950237,0.004376545752387925,0.0062830074412331014
-1.4623228052723307,0.004448520907494239,0.004495319414461554,0.006324336716403416
-1.4598358617259493,0.0043862233839019535,0.004613600136184702,0.006365866931541359
-1.4573489181795678,0.004321097026263576,0.004731325262745452,0.00640759847776663
-1.4548619746331863,0.004253136542229185,0.00484843162727926,0.00644953174201407
-1.4523750310868047,0.0041823379738969825,0.004964855576959075,0.006491667106988955
-1.4498880875404232,0.004108698716220535,0.0050805329996583045,0.00653400495112219
-1.4474011439940417,0.004032217534919545,0.005195399351178564,0.006576545648525471
-1.4449142004476603,0.00395289458387811,0.005309389683034166,0.006619289568946394
-1.4424272569012786,0.0038707314220151772,0.0054224386707844045,0.006662237077723501
-1.4399403133548971,0.0037857310296114067,0.005534480642904829,0.0067053885357413025
-1.4374533698085157,0.0036978978240773835,0.005645449610187698,0.006748744299385234
-1.4349664262621342,0.0036072376751476436,0.005755279295661998,0.0067923047204965885
-1.4324794827157525,0.003513757919485784,0.005863903165022396,0.0068360701463274
-1.429992539169371,0.0034174673746854003,0.005971254457556697,0.0068800409194953085
-1.4275055956229896,0.0033183763526524464,0.006077266217560384,0.0069242173779383645
-1.4250186520766082,0.0032164966723541386,0.006181871326226926,0.006968599854869836
-1.4225317085302265,0.0031118416719203646,0.006285002534001727,0.0070131886787329675
-1.420044764983845,0.003004426220083087,0.006386592493387532,0.007057984173155726
-1.4175578214374636,0.0028942667269401517,0.006486573792188364,0.007102986656905516
-1.415070877891082,0.002781381154029419,0.0065848789871790665,0.00714819644384389
-1.4125839343447004,0.0026657890237000645,0.006681440638186704,0.007193613842881233
-1.410096990798319,0.00254751142776747,0.0067761913425701086,0.007239239157931442
-1.4076100472519375,0.0024265710354390477,0.006869063770083082,0.007285072687866591
-1.405123103705556,0.0023029921004979192,0.006959990698106773,0.00733111472647159
-1.4026361601591744,0.0021768004677323663,0.007048905047235973,0.0073773655623988596
-1.400149216612793,0.002048023578598501,0.007135739917204088,0.007423825479122958
-1.3976622730664114,0.0019166904761046871,0.007220428623130867,0.007470494754895283
-1.39517532952003,0.0017828318089057403,0.007302904732076817,0.0075173736626987005
-1.3926883859736483,0.0016464798345960788,0.0073831020998877455,0.007564462470202253
-1.3902014424272668,0.0015076684221904861,0.007460954908312635,0.007611761439715825
-1.3877144988808854,0.001366433053782323,0.0075363977023775825,0.00765927082814487
-1.385227555334504,0.001222810825368537,0.00760936542799834,0.007706990886945101
-1.3827406117881222,0.0010768404468320138,0.007679793469813544,0.007754921862077278
-1.3802536682417408,0.0009285622410713276,0.007747617689220469,0.007803063993961943
-1.3777667246953593,0.0007780181422691946,0.007812774462594778,0.007851417517434232
-1.3752797811489779,0.0006252516932904351,0.0078752007196755,0.007899982661698701
-1.3727928376025962,0.0004703080422015368,0.007934833982096065,0.007948759650284182
-1.3703058940562147,0.000313233937903432,0.007991612402042039,0.007997748700998715
-1.3678189505098333,0.00015407772487031354,0.008045474801015804,0.008046950025884436
-1.3653320069634518,-7.110663012861827e-06,0.008096360708688296,0.008096363831172616
-1.3628450634170701,-0.0001702797095207172,0.008144210401817453,0.008145990317238663
-1.3603581198706887,-0.0003353763240720346,0.008188964943212982,0.008195829678557214
-1.3578711763243072,-0.0005023458506342991,0.00823056622072661,0.00824588210365728
-1.3553842327779257,-0.000671132077553494,0.008268956986246875,0.008296147775077435
-1.352897289231544,-0.0008416772483140834,0.008304080894677206,0.008346626869321076
-1.3504103456851626,-0.0010139220732336494,0.008335882542875853,0.008397319556811734
-1.3479234021387811,-0.0011878057420960624,0.008364307508536048,0.008448226001848488
-1.3454364585923997,-0.0013632659377265572,0.008389302388984448,0.008499346362561397
-1.342949515046018,-0.001540238850511735,0.008410814839875925,0.008550680790867052
-1.3404625714996365,-0.0017186591938669856,0.008428793613762359,0.008602229432424169
-1.337975627953255,-0.0018984602206532331,0.008443188598513155,0.008653992426589317
-1.3354886844068736,-0.002079573740544344,0.00845395085556479,0.00870596990637265
-1.333001740860492,-0.0022619301383461935,0.008461032657976847,0.008758161998393818
-1.3305147973141105,-0.0024454583932678083,0.00846438752827155,0.008810568822837884
-1.328027853767729,-0.002630086099144384,0.00846397027603393,0.00886319049341141
-1.3255409102213476,-0.0028157394856114307,0.008459737035249536,0.008916027117298596
-1.3230539666749659,-0.003002343440228869,0.008451645301356519,0.008969078795117538
-1.3205670231285844,-0.00318982153155335,0.0084396539679888,0.009022345620876561
-1.318080079582203,-0.003378096033156434,0.008423723363387071,0.009075827681930748
-1.3155931360358213,-0.0035670879485856267,0.008403815286454145,0.009129525058938454
-1.3131061924894398,-0.0037567170372649564,0.008379893042431336,0.009183437825818057
-1.3106192489430584,-0.003946901841331051,0.008351921478172276,0.00923756604970475
-1.308132305396677,-0.0041375597134001435,0.008319867016990754,0.009291909790907493
-1.3056453618502952,-0.0043286068452607395,0.008283697693059061,0.009346469102866073
-1.3031584183039138,-0.00451995829748631,0.008243383185333379,0.009401244032108326
-1.3006714747575323,-0.004711528029961736,0.008198894850982656,0.009456234618207451
-1.2981845312111508,-0.004903228933316561,0.008150205758297595,0.009511440893739493
-1.2956975876647692,-0.005094972861257544,0.008097290719056372,0.009566862884240964
-1.2932106441183877,-0.00528667066379249,0.008040126320323726,0.009622500608166594
-1.2907237005720062,-0.005478232221336789,0.00797869095566015,0.009678354076847246
-1.2882367570256248,-0.005669566479693391,0.007912964855718022,0.009734423294447979
-1.285749813479243,-0.005860581485896338,0.007842930118201669,0.009790708257926276
-1.2832628699328616,-0.006051184424907521,0.007768570737168385,0.009847208956990419
-1.2807759263864802,-0.00624128165715572,0.007689872631647539,0.009903925374058022
-1.2782889828400987,-0.006430778756906333,0.00760682367355518,0.009960857484214764
-1.275802039293717,-0.006619580551449547,0.007519413714881632,0.010018005255173261
-1.2733150957473356,-0.006807591161094304,0.0074276346141297885,0.010075368647232134
-1.2708281522009541,-0.006994714039954759,0.007331480261981848,0.010132947613235237
-1.2683412086545727,-0.0071808520175153,0.007230946606172666,0.010190742098531075
-1.265854265108191,-0.0073659073409595936,0.007126031675548074,0.010248752040932443
-1.2633673215618095,-0.007549781718248631,0.007016735603286594,0.010306977370676184
-1.260880378015428,-0.007732376361932222,0.006903060649263357,0.0103654180103832
-1.2583934344690466,-0.007913592033677681,0.0067850112215352715,0.010424073875018654
-1.255906490922665,-0.008093329089498858,0.00666259389692684,0.010482944871852336
-1.2534195473762835,-0.008271487525668286,0.006535817440696233,0.01054203090041929
-1.250932603829902,-0.00844796702529456,0.006404692825261427,0.010601331852480585
-1.2484456602835206,-0.008622667005546512,0.00626923324796681,0.010660847611984374
-1.2459587167371389,-0.00879548666550508,0.006129454147870845,0.010720578055027106
-1.2434717731907574,-0.008966325034623447,0.005985373221535738,0.010780523049814989
-1.240984829644376,-0.009135081021775463,0.005837010437800289,0.010840682456625679
-1.2384978860979945,-0.009301653464871546,0.0056843880515178675,0.010901056127770186
-1.2360109425516128,-0.009465941181021063,0.005527530616241525,0.01096164390755501
-1.2335239990052314,-0.009627843017219685,0.0053664649958385805,0.011022445632244535
-1.23103705545885,-0.009787257901539238,0.005201220375018015,0.011083461130023635
-1.2285501119124684,-0.009944084894797816,0.005031828268753563,0.011144690220960544
-1.2260631683660868,-0.01009822324268664,0.00485832253058687,0.011206132716969967
-1.2235762248197053,-0.010249572428330364,0.004680739359794452,0.01126778842177643
-1.2210892812733238,-0.010398032225256483,0.004499117307403836,0.011329657130877926
-1.2186023377269424,-0.010543502750749464,0.004313497281043559,0.011391738631509753
-1.2161153941805607,-0.010685884519564445,0.004123922548613396,0.011454032702608677
-1.2136284506341792,-0.010825078497975205,0.003930438740760557,0.011516539114777345
-1.2111415070877978,-0.01096098615813027,0.0037330938521492603,0.011579257630248927
-1.2086545635414163,-0.011093509532691151,0.0035319382415104983,0.011642188002852116
-1.2061676199950346,-0.011222551269725618,0.003327024630460515,0.011705329977976313
-1.2036806764486532,-0.011348014687829212,0.00311840810107594,0.011768683292537172
-1.2011937329022717,-0.011469803831447209,0.002906146092215271,0.01183224767494237
-1.1987067893558903,-0.011587823526369308,0.002690298394575784,0.011896022845057717
-1.1962198458095086,-0.011701979435368657,0.0024709271444768232,0.01196000851417353
-1.1937329022631271,-0.011812178113956651,0.002248096816359729,0.01202420438497131
-1.1912459587167457,-0.011918327066224522,0.002021874213996626,0.01208861015149072
-1.1887590151703642,-0.01202033480074246,0.001792328460399594,0.012153225499096882
-1.1862720716239825,-0.012118110886486594,0.0015595309864237423,0.012218050104447958
-1.183785128077601,-0.01221156600876405,0.0013235555180570115,0.012283083635463071
-1.1812981845312196,-0.012300612025105746,0.001084478062391556,0.012348325751290521
-1.1788112409848381,-0.012385162021096654,0.0008423768922708932,0.012413776102276331
-1.1763242974384565,-0.012465130366112662,0.0005973325296090418,0.012479434329933111
-1.173837353892075,-0.012540432768933222,0.00034942772737721014,0.012545300066909288
-1.1713504103456935,-0.012610986333198498,9.874745025568149e-05,0.012611372936958581
-1.168863466799312,-0.01267670961267975,-0.00015462114605212902,0.012677652554909906
-1.1663765232529304,-0.012737522666331344,-0.0004105887368443502,0.012744138526637578
-1.163889579706549,-0.012793347113092624,-0.0006690638517856465,0.012810830449031852
-1.1614026361601675,-0.012844106186407779,-0.000929952899611942,0.012877727909969805
-1.158915692613786,-0.012889724788431714,-0.0011931601941749918,0.012944830488286615
-1.1564287490674043,-0.012930129543889647,-0.001458587981824701,0.013012137753747129
-1.1539418055210229,-0.012965248853558315,-0.0017261364701278154,0.013079649267017848
-1.1514548619746414,-0.012995012947336298,-0.0019957038579193416,0.013147364579639227
-1.14896791842826,-0.013019353936871134,-0.0022671863666838005,0.013215283233998384
-1.1464809748818783,-0.013038205867710722,-0.0025404782732611256,0.013283404763302146
-1.1439940313354968,-0.013051504770946428,-0.002815471943872746,0.01335172869155047
-1.1415070877891154,-0.013059188714315549,-0.0030920578694611195,0.013420254533510274
-1.139020144242734,-0.013061197852730341,-0.003370124702336674,0.013488981794689605
-1.1365332006963522,-0.01305747447820143,-0.003649559294123851,0.013557909971312227
-1.1340462571499708,-0.01304796306912279,-0.003930246734998624,0.01362703855029256
-1.1315593136035893,-0.013032610338886272,-0.004212070394207602,0.013696367009211076
-1.1290723700572078,-0.013011365283792937,-0.004494911961859491,0.013765894816289991
-1.1265854265108262,-0.012984179230229391,-0.0047786514919774415,0.013835621430369456
-1.1240984829644447,-0.01295100588107662,-0.005063167446801449,0.013905546300884088
-1.1216115394180632,-0.012911801361319707,-0.00534833674232772,0.013975668867839925
-1.1191245958716818,-0.012866524262826293,-0.0056340347950726176,0.014045988561791818
-1.1166376523253,-0.01281513568826241,-0.005920135570046446,0.014116504803821164
-1.1141507087789186,-0.012757599294114038,-0.006206511629923127,0.014187217005514155
-1.1116637652325372,-0.012693881332783328,-0.006493034185389395,0.014258124568940347
-1.1091768216861557,-0.012623950693728275,-0.006779573146658103,0.014329226886631748
-1.106689878139774,-0.01254777894361544,-0.007065997176127414,0.014400523341562263
-1.1042029345933926,-0.012465340365454875,-0.007352173742168989,0.014472013307127581
-1.1017159910470111,-0.012376611996687333,-0.007637969174025884,0.014543696147125544
-1.0992290475006297,-0.012281573666193849,-0.007923248717800726,0.014615571215736903
-1.096742103954248,-0.012180208030198203,-0.008207876593513934,0.014687637857506517
-1.0942551604078665,-0.012072500607033007,-0.00849171605321111,0.014759895407325066
-1.091768216861485,-0.01195843981074066,-0.008774629440097593,0.0148323431904111
-1.0892812733151036,-0.011838016983480895,-0.009056478248677604,0.014904980522293637
-1.086794329768722,-0.011711226426716827,-0.009337123185874695,0.014977806708795161
-1.0843073862223405,-0.011578065431151944,-0.009616424233109527,0.015050821046015125
-1.081820442675959,-0.011438534305390958,-0.009894240709310057,0.015124022820313852
-1.0793334991295775,-0.011292636403297985,-0.01017043133482852,0.015197411308296974
-1.0768465555831959,-0.011140378150025875,-0.010444854296238976,0.015270985776800257
-1.0743596120368144,-0.010981769066691018,-0.010717367311988564,0.015344745482875
-1.071872668490433,-0.010816821793668554,-0.010987827698874636,0.015418689673773828
-1.0693857249440515,-0.010645552112483544,-0.011256092439319281,0.015492817586936972
-1.0668987813976698,-0.010467978966274149,-0.0115220182494123,0.01556712844997908
-1.0644118378512883,-0.0102841244788032,-0.0117854616476929,0.015641621480676465
-1.0619248943049069,-0.01009401397199561,-0.012046279024639587,0.015716295886954862
-1.0594379507585254,-0.009897675981979447,-0.012304326712837174,0.015791150866877667
-1.0569510072121437,-0.009695142273609151,-0.01255946105778919,0.015866185608634682
-1.0544640636657623,-0.009486447853449908,-0.012811538489343464,0.01594139929053135
-1.0519771201193808,-0.009271630981203123,-0.013060415593697859,0.01601679108097848
-1.0494901765729994,-0.009050733179553567,-0.013305949185952477,0.01609236013848252
-1.0470032330266177,-0.008823799242419345,-0.01354799638317429,0.016168105611636258
-1.0445162894802362,-0.008590877241586612,-0.013786414677939606,0.016244026639110128
-1.0420293459338548,-0.00835201853171167,-0.0140210620123189,0.01632012234964393
-1.0395424023874733,-0.008107277753674196,-0.014251796852268265,0.016396391862039165
-1.0370554588410916,-0.00785671283626558,-0.014478478262391134,0.01647283428515181
-1.0345685152947102,-0.007600384996197384,-0.014700965981033504,0.01654944871788564
-1.0320815717483287,-0.0073383587364158325,-0.014919120495675283,0.016626234249186102
-1.0295946282019472,-0.0070707018427090445,-0.015132803118579896,0.016703189958034676
-1.0271076846555656,-0.006797485378594462,-0.015341876062663875,0.016780314913443797
-1.024620741109184,-0.006518783678474657,-0.015546202517547887,0.016857608174452265
-1.0221337975628026,-0.0062346743390508065,-0.01574564672574998,0.016935068790121275
-1.0196468540164212,-0.005945238208984058,-0.015940074058981398,0.01701269579953088
-1.0171599104700395,-0.005650559376795613,-0.016129351094505254,0.017090488231777074
-1.014672966923658,-0.005350725156997266,-0.01631334569151776,0.017168445105969394
-1.0121860233772766,-0.005045826074445314,-0.01649192706751134,0.017246565431229065
-1.0096990798308951,-0.004735955846911615,-0.016664965874578712,0.01732484820668768
-1.0072121362845134,-0.004421211365866344,-0.01683233427561677,0.017403292421486485
-1.004725192738132,-0.004101692675467884,-0.016993906020388704,0.017481897054776128
-1.0022382491917505,-0.003777502949756523,-0.017149556521402702,0.017560661075717087
-0.999751305645369,-0.003448748468049541,-0.017299162929565053,0.017639583443480513
-0.9972643620989875,-0.00311553858853609,-0.017442604209565636,0.017718663107249778
-0.9947774185526059,-0.0027779857200711635,-0.01757976121495329,0.017797899006222487
-0.9922904750062245,-0.0024362052921692167,-0.01771051676285853,0.017877290069613073
-0.9898035314598429,-0.002090315723199124,-0.017834755708320896,0.01795683521665603
-0.9873165879134614,-0.0017404383867824869,-0.017952365018178106,0.018036533356609607
-0.9848296443670799,-0.0013866975763990616,-0.018063233844474107,0.018116383388760184
-0.9823427008206984,-0.001029220468203684,-0.018167253597342947,0.01819638420242713
-0.9798557572743168,-0.0006681370820602418,-0.018264318017325507,0.01827653467696831
-0.9773688137279354,-0.0003035802407990212,-0.018354323247076018,0.018356833681786155
-0.9748818701815538,6.431447229441905e-05,-0.01843716790241511,0.018437280076334266
-0.9723949266351724,0.00043540875775123646,-0.018512753142686633,0.01851787271012468
-0.9699079830887908,0.0008095616459413563,-0.018580982740374955,0.018598610422735654
-0.9674210395424093,0.0011866295448360248,-0.01864176314993999,0.0186794920438201
-0.9649340959960278,0.0015664662894980753,-0.018695003575827027,0.018760516393114535
-0.9624471524496463,0.0019489231932881895,-0.01874061603960869,0.01884168228044872
-0.9599602089032647,0.002333849100772282,-0.018778515446216462,0.01892298850575579
-0.9574732653568833,0.002721090442316203,-0.018808619649219312,0.01900443385908308
-0.9549863218105017,0.003110491290350804,-0.01883084951510739,0.01908601712060346
-0.9524993782641202,0.0035018934172914556,-0.0188451289865386,0.019167737060627337
-0.9500124347177387,0.0038951363550929863,-0.018851385144506592,0.019249592439615205
-0.9475254911713572,0.004290057456422063,-0.018849548269388488,0.019331582008190875
-0.9450385476249756,0.004686491957425877,-0.018839551900831437,0.019413704507155218
-0.9425516040785942,0.0050842730420771025,-0.018821332896436928,0.019495958667500573
-0.9400646605322126,0.005483231908071941,-0.01879483148920272,0.019578343210425758
-0.9375777169858311,0.00588319783425915,-0.018759991343682024,0.019660856847351697
-0.9350907734394496,0.00628399824957482,-0.018716759610820425,0.01974349827993758
-0.9326038298930681,0.0066854588034587934,-0.018665086981431288,0.0198262662000978
-0.9301168863466865,0.007087403437725462,-0.01860492773827086,0.019909159290019334
-0.9276299428003051,0.007489654459862817,-0.01853623980667466,0.019992176222179848
-0.9251429992539235,0.007892032617730527,-0.018458984803717604,0.020075315659366356
-0.922656055707542,0.008294357175628939,-0.018373128085860273,0.020158576254694544
-0.9201691121611605,0.008696445991707824,-0.01827863879504504,0.020241956651628732
-0.917682168614779,0.009098115596684811,-0.018175489903205395,0.02032545548400234
-0.9151952250683975,0.009499181273840467,-0.01806365825515359,0.02040907137603913
-0.912708281522016,0.009899457140258045,-0.01794312460981105,0.020492802942374988
-0.9102213379756344,0.01029875622927298,-0.01781387367974799,0.02057664878808032
-0.907734394429253,0.010696890574098342,-0.01767589416899804,0.020660607508683107
-0.9052474508828714,0.01109367129258951,-0.017529178809115666,0.020744677690192594
-0.9027605073364899,0.011488908673112457,-0.017373724393443715,0.020828857909123578
-0.9002735637901084,0.011882412261477175,-0.017209531809560218,0.020913146732521343
-0.8977866202437269,0.012273990948898911,-0.01703660606987335,0.020997542717987212
-0.8952996766973453,0.01266345306094702,-0.016854956340335365,0.021082044413704752
-0.8928127331509639,0.013050606447442421,-0.01666459596724587,0.02116665035846657
-0.8903257896045823,0.01343525857326189,-0.016465542502117035,0.021251359081701802
-0.8878388460582008,0.013817216610008544,-0.01625781772457271,0.021336169103504186
-0.8853519025118193,0.014196287528505125,-0.01604144766325587,0.02142107893466077
-0.8828649589654378,0.014572278192068017,-0.01581646261471813,0.021506087076681276
-0.8803780154190562,0.014944995450517083,-0.015582897160267624,0.021591192021828094
-0.8778910718726748,0.015314246234877728,-0.015340790180750833,0.021676392253146923
-0.8754041283262932,0.015679837652728967,-0.0150901848692465,0.021761686244497994
-0.8729171847799118,0.016041577084152468,-0.014831128741649317,0.021847072460587987
-0.8704302412335302,0.016399272278235098,-0.01456367364512348,0.021932549357002583
-0.8679432976871487,0.01675273145007855,-0.014287875764405744,0.02201811538023961
-0.8654563541407672,0.017101763378267423,-0.014003795625940245,0.022103768967742854
-0.8629694105943857,0.01744617750274813,-0.01371149809982676,0.022189508547936523
-0.8604824670480041,0.01778578402306883,-0.01341105239956688,0.022275332540260293
-0.8579955235016227,0.01812039399693168,-0.01310253207959189,0.022361239355205075
-0.8555085799552411,0.018449819439006577,-0.012786015030559077,0.02244722739434934
-0.8530216364088596,0.01877387341995663,-0.012461583472402435,0.022533295050396147
-0.8505346928624781,0.019092370165623564,-0.01212932394512688,0.02261944070721071
-0.8480477493160966,0.019405125156322606,-0.011789327297334104,0.022705662739858787
-0.845560805769715,0.019711955226193904,-0.011441688672471563,0.022791959514645452
-0.8430738622233336,0.020012678662559253,-0.011086507492795338,0.022878329389154742
-0.840586918676952,0.02030711530523098,-0.010723887441040102,0.02296477071228981
-0.8380999751305706,0.020595086645720247,-0.010353936439790075,0.023051281824313746
-0.835613031584189,0.020876415926291594,-0.009976766628546182,0.023137861056891022
-0.8331260880378075,0.021150928238810193,-0.0095924943384859,0.023224506733129608
-0.830639144491426,0.021418450623328138,-0.009201240064913435,0.023311217167623695
-0.8281522009450445,0.021678812166355792,-0.008803128437399233,0.023397990666497046
-0.8256652573986629,0.021931844098764135,-0.008398288187608998,0.02348482552744704
-0.8231783138522815,0.02217737989326371,-0.007986852114823707,0.023571720039789235
-0.8206913703058999,0.02241525536140592,-0.007568957049153369,0.023658672484502704
-0.8182044267595184,0.022645308750052058,-0.007144743812448564,0.0237456811342759
-0.8157174832131369,0.022867380837255542,-0.006714357176915099,0.023832744253553206
-0.8132305396667554,0.023081315027502738,-0.006277945821438383,0.023919860098582085
-0.8107435961203738,0.023286957446257778,-0.005835662285625434,0.02400702691746089
-0.8082566525739924,0.023484157033756784,-0.005387662921573788,0.024094242950187278
-0.8057697090276108,0.023672765637996952,-0.004934107843377762,0.024181506428707273
-0.8032827654812293,0.023852638106866074,-0.00447516087438396,0.024268815576964947
-0.8007958219348478,0.024023632379358187,-0.004010989492209167,0.02435616861095274
-0.7983088783884663,0.024185609575821117,-0.0035417647715350426,0.024443563738762334
-0.7958219348420847,0.024338434087182087,-0.003067661324695447,0.024530999160636308
-0.7933349912957033,0.024481973663097407,-0.002588857240073407,0.024618473069020257
-0.7908480477493217,0.024616099498972876,-0.002105534018326169,0.0247059836486156
-0.7883611042029403,0.02474068632180161,-0.0016178765064579926,0.02479352907643303
-0.7858741606565587,0.024855612474766347,-0.001126072829761695,0.024881107521846527
-0.7833872171101772,0.02496076000055363,-0.0006303143216512484,0.024968717146648056
-0.7809002735637957,0.025056014723327687,-0.00013079545140901033,0.025056356105102817
-0.7784133300174142,0.025141266329312163,0.00037228625012752394,0.025144022544005155
-0.7759263864710326,0.025216408445928293,0.0008787302669132836,0.02523171460273505
-0.7734394429246512,0.025281338719438752,0.0013883331760500552,0.025319430413315268
-0.7709524993782696,0.025335958891046576,0.0019008887281190775,0.02540716810046905
-0.7684655558318881,0.02538017487139946,0.0024161879294618224,0.025494925781678474
-0.7659786122855066,0.02541389681345007,0.002934019126377739,0.0255827015672434
-0.7634916687391251,0.025437039183623555,0.0034541680912065016,0.02567049356034101
-0.7610047251927435,0.025449520831244396,0.003976418110261051,0.02575829985708596
-0.7585177816463621,0.025451265056174947,0.00450055007357654,0.025846118546591128
-0.7560308380999805,0.025442199674619106,0.005026342566439029,0.025933947711028985
-0.753543894553599,0.025422257083044963,0.0055535719626566525,0.026021785425693528
-0.7510569510072175,0.02539137432018126,0.006082012519534734,0.026109629759062794
-0.748570007460836,0.02534949312704317,0.006611436474515218,0.026197478772862073
-0.7460830639144544,0.025296560004943645,0.007141614143439586,0.02628533052212756
-0.743596120368073,0.02523252627144757,0.007672314020393318,0.026373183055270668
-0.7411091768216914,0.0251573481142268,0.008203302879088981,0.026461034414143002
-0.73862223327531,0.025070986642774833,0.008734345875743421,0.026548882634101767
-0.7361352897289284,0.024973407937941203,0.009265206653404313,0.026636725744075836
-0.7336483461825469,0.024864583099246274,0.009795647447679459,0.026724561766632442
-0.7311614026361654,0.02474448828993822,0.010325429193821546,0.026812388718044353
-0.7286744590897839,0.024613104779755094,0.010854311635120134,0.026900204608357674
-0.7261875155434023,0.024470418985355704,0.011382053432551364,0.026988007441460203
-0.7237005719970209,0.02431642250838433,0.011908412275635237,0.027075795215150376
-0.7212136284506393,0.024151112171135133,0.01243314499444901,0.027163565921206737
-0.7187266849042578,0.023974490049783522,0.012956007672744662,0.027251317545458013
-0.7162397413578763,0.02378656350515259,0.013476755762117229,0.027339048067853738
-0.7137527978114948,0.02358734521098405,0.013995144197170021,0.02742675546253537
-0.7112658542651132,0.023376853179684395,0.014510927511621963,0.027514437697908123
-0.7087789107187318,0.023155110785517904,0.015023859955301219,0.02760209273671312
-0.7062919671723502,0.02292214678521966,0.015533695611968885,0.027689718536100315
-0.7038050236259688,0.022677995336002833,0.01604018851791519,0.0277773130477018
-0.7013180800795872,0.022422696010935855,0.016543092781270495,0.02786487421770575
-0.6988311365332057,0.022156293811666224,0.017042162701972216,0.027952399986930856
-0.6963441929868242,0.02187883917846933,0.017537152892328302,0.02803988829090129
-0.6938572494404427,0.021590387997601653,0.018027818398117283,0.028127337059922285
-0.6913703058940611,0.0212910016059393,0.018513914820164082,0.02821474421915607
-0.6888833623476797,0.020980746792884163,0.01899519843633044,0.028302107688698546
-0.6863964188012981,0.02065969579952129,0.019471426323857996,0.028389425383656283
-0.6839094752549166,0.020327926315012627,0.01994235648200174,0.028476695214224204
-0.6814225317085351,0.019985521470213367,0.02040774795489092,0.028563915085763614
-0.6789355881621536,0.019632569828499466,0.020867360954553868,0.028651082898880926
-0.676448644615772,0.019269165373794632,0.02132095698404349,0.0287381965495067
-0.6739617010693906,0.018895407495789027,0.021768298960598426,0.02882525392897538
-0.671474757523009,0.018511400972340542,0.022209151338776253,0.028912252924105333
-0.6689878139766275,0.018117255949053966,0.02264328023349288,0.028999191417279562
-0.666500870430246,0.017713087916031895,0.023070453542903907,0.029086067286526768
-0.6640139268838645,0.017299017681795738,0.02349044107106157,0.029172878405603002
-0.6615269833374829,0.01687517134437374,0.023903014650282522,0.02925962264407375
-0.6590400397911015,0.01644168025955731,0.02430794826315958,0.029346297867396485
-0.6565530962447199,0.015998681006325875,0.024705018164152534,0.029432901937003746
-0.6540661526983385,0.015546315349444407,0.025094003000690677,0.02951943271038662
-0.6515792091519569,0.015084730199237137,0.025474683933722042,0.02960588804117878
-0.6490922656055754,0.014614077568544628,0.025846844757641887,0.029692265779240883
-0.6466053220591939,0.014134514526870789,0.02621027201953531,0.029778563770745507
-0.6441183785128124,0.013646203151730393,0.026564755137666617,0.029864779858262493
-0.6416314349664308,0.013149310477206485,0.026910086519150344,0.02995091188084479
-0.6391444914200494,0.01264400843973166,0.02724606167673686,0.030036957674114642
-0.6366575478736678,0.012130473821105629,0.027572479344647488,0.03012291507035037
-0.6341706043272863,0.011608888188766217,0.027889141593392643,0.030208781898573456
-0.6316836607809048,0.011079437833329379,0.02819585394350808,0.030294555984636096
-0.6291967172345233,0.010542313703418559,0.02849242547814344,0.03038023515130922
-0.6267097736881417,0.009997711337802029,0.02877866895443861,0.030465817218370887
-0.6242228301417603,0.00944583079486179,0.0290544009136227,0.03055130000269512
-0.6217358865953787,0.008886876579415764,0.029319441789771958,0.03063668131834117
-0.6192489430489972,0.008321057566919768,0.02957361601716217,0.03072195897664313
-0.6167619995026157,0.007748586925074734,0.0298167521361525,0.030807130786300006
-0.6142750559562342,0.007169682032867802,0.03004868289753777,0.030892194553466194
-0.6117881124098526,0.006584564397076745,0.03026924536530657,0.03097714808184227
-0.6093011688634712,0.005993459566268873,0.030478281017743563,0.031061989172766244
-0.6068142253170896,0.005396597042327108,0.030675635846814667,0.031146715625305257
-0.6043272817707082,0.004794210189537356,0.030861160455774316,0.031231325236347432
-0.6018403382243266,0.004186536141272876,0.031034710154935162,0.031315815800694376
-0.5993533946779451,0.0035738157043127654,0.031196145055540636,0.031400185111153806
-0.5968664511315636,0.002956293260833166,0.0313453301616822,0.03148443095863273
-0.5943795075851821,0.0023342166681112565,0.031482135460203245,0.031568551132230865
-0.5918925640388005,0.0017078371559835271,0.031606436008533065,0.03165254341933447
-0.5894056204924191,0.0010774092221012388,0.031718112020394575,0.031736405605710415
-0.5869186769460375,0.0004431905250274004,0.03181704894933087,0.031820135475600836
-0.584431733399656,-0.00019455822477905795,0.03190313756999622,0.03190373081181782
-0.5819447898532745,-0.0008355733760448357,0.03197627405715832,0.031987189395838625
-0.579457846306893,-0.0014795884497811392,0.03203636006235951,0.03207050900790116
-0.5769709027605114,-0.002126334254350154,0.032083302788185865,0.032153687427099835
-0.57448395921413,-0.0027755390024480787,0.032117015060093575,0.03223672243148159
-0.5719970156677484,-0.0034269284299524158,0.03213741539574411,0.03231961179814242
-0.569510072121367,-0.004080225916579956,0.03214442807179969,0.03240235330332404
-0.5670231285749854,-0.004735152608300659,0.03213798318813262,0.03248494472251094
-0.5645361850286039,-0.00539142754145144,0.03211801672940278,0.032567383830527714
-0.5620492414822224,-0.006048767768492671,0.03208447062395878,0.03264966840163663
-0.5595622979358409,-0.006706888485349104,0.03203729280001986,0.03273179620963556
-0.5570753543894593,-0.0073655031602757135,0.031976437239096586,0.0328137650279561
-0.5545884108430779,-0.008024323664187913,0.03190186402660982,0.03289557262976202
-0.5521014672966963,-0.008683060402394732,0.03181353939966874,0.032977216788047936
-0.5496145237503148,-0.0093414224476718,0.03171143579197028,0.03305869527573827
-0.5471275802039333,-0.00999911767461111,0.03159553187578332,0.03314000586578644
-0.5446406366575518,-0.010655852895182527,0.03146581260098283,0.0332211463312743
-0.5421536931111702,-0.011311333995441552,0.031322269231100285,0.03330211444551176
-0.5396667495647888,-0.011965266073316919,0.031164899376358433,0.033382907982136834
-0.5371798060184072,-0.012617353577410647,0.030993707023659643,0.03346352471521562
-0.5346928624720257,-0.013267300446742302,0.030808702563498977,0.033543962419342724
-0.5322059189256442,-0.013914810251368565,0.03060990281377437,0.033624218869741845
-0.5297189753792627,-0.0145595863338082,0.030397331040468014,0.03370429184236653
-0.5272320318328811,-0.015201331951202044,0.03017101697517457,0.0337841791140011
-0.5247450882864997,-0.015839750418136744,0.02993099682945352,0.03386387846236193
-0.5222581447401181,-0.01647454525006032,0.029677313305984488,0.033943387666198685
-0.5197712011937367,-0.017105420307217192,0.029410015606506097,0.03402270450539596
-0.5172842576473551,-0.017732079939029487,0.02912915943652055,0.03410182676107493
-0.5147973141009736,-0.01835422912885102,0.028834807006747818,0.03418075221569526
-0.512310370554592,-0.018971573639019836,0.028527027031315034,0.034259478653157156
-0.5098234270082106,-0.019583820156134718,0.028205894722668323,0.03433800385890358
-0.507336483461829,-0.02019067643648059,0.02787149178319613,0.03441632562002257
-0.5048495399154476,-0.020791851451527406,0.027523906393554835,0.03449444172534977
-0.502362596369066,-0.021387055533426843,0.027163233197689037,0.034572349965571035
-0.4998756528226845,-0.02197600052043058,0.02678957328454096,0.034650048133325236
-0.49738870927630296,-0.022558399902153962,0.026403034166444853,0.034727534023307124
-0.49490176572992145,-0.02313396896460841,0.026003729754204313,0.034804805432370335
-0.49241482218353994,-0.02370242493492586,0.025591780328852124,0.034881860159630504
-0.4899278786371584,-0.02426348712569842,0.025167312510094013,0.034958696006568486
-0.4874409350907769,-0.024816877078856225,0.024730459221439512,0.03503531077713372
-0.4849539915443954,-0.025362318709006303,0.024281359652025124,0.03511170227784755
-0.4824670479980139,-0.02589953844615579,0.023820159215136357,0.035187868317906774
-0.47998010445163236,-0.026428265377742205,0.023347009503437554,0.03526380670928723
-0.47749316090525085,-0.026948231389893954,0.022862068240919783,0.03533951526684738
-0.47500621735886933,-0.027459171307844237,0.022365499231579267,0.03541499180843204
-0.4725192738124878,-0.027960823035421807,0.02185747230484034,0.03549023415497617
-0.4700323302661063,-0.028452927693542074,0.02133816325773897,0.03556524013060863
-0.4675453867197248,-0.028935229757622395,0.020807753793884453,0.035640007562756065
-0.46505844317334327,-0.02940747719384571,0.020266431459219057,0.03571453428224676
-0.46257149962696176,-0.029869421594196966,0.01971438957459679,0.03578881812341462
-0.46008455608058024,-0.030320818310197194,0.019151827165204624,0.03586285692420306
-0.4575976125341987,-0.030761426585260394,0.018578948886851035,0.035936648526268954
-0.4551106689878172,-0.031191009685599222,0.017995964949148725,0.036010190775086624
-0.4526237254414357,-0.03160933502960547,0.017403091035620048,0.036083481520051836
-0.4501367818950542,-0.03201617431563233,0.016800548220755364,0.03615651861458568
-0.44764983834867267,-0.0324113036481057,0.016188562884056613,0.03622929991623859
-0.44516289480229115,-0.03279450366189289,0.015567366621099723,0.03630182328679423
-0.44267595125590964,-0.03316555964485699,0.014937196151651544,0.03637408659237343
-0.4401890077095281,-0.033524261658526885,0.014298293224878597,0.036446087703538015
-0.4377020641631466,-0.033870404656812785,0.013650904521686604,0.036517824495394695
-0.4352151206167651,-0.03420378860269849,0.012995281554231462,0.03658929484769877
-0.4327281770703836,-0.034524218582842305,0.012331680562644165,0.0366604966449579
-0.43024123352400206,-0.034831504920019345,0.011660362409013499,0.03673142777653581
-0.42775428997762055,-0.035125463283338945,0.010981592468672372,0.036802086136755806
-0.42526734643123904,-0.03540591479617203,0.01029564051883492,0.03687246962500435
-0.4227804028848575,-0.035672686141724,0.009602780624633274,0.036942576145834495
-0.420293459338476,-0.03592560966619003,0.00890329102260464,0.037012403609069204
-0.4178065157920945,-0.03616452347943063,0.008197454001680366,0.03708194992990464
-0.415319572245713,-0.03638927155310648,0.007485555781730815,0.03715121302901331
-0.41283262869933146,-0.036599703816212706,0.006767886389720943,0.03722019083264707
-0.41034568515294995,-0.03679567624795404,0.006044739533533132,0.037288881272740104
-0.40785874160656843,-0.036977050967903394,0.005316412473515238,0.03735728228701164
-0.4053717980601869,-0.03714369632338796,0.004583205891813252,0.037425391819068725
-0.4028848545138054,-0.03729548697404777,0.0038454237595493307,0.03749320781850859
-0.4003979109674239,-0.03743230397351372,0.003103373201907379,0.03756072824102121
-0.39791096742104237,-0.03755403484815255,0.002357364361189629,0.03762795104849138
-0.39542402387466086,-0.03766057367282857,0.001607710257909018,0.03769487420910082
-0.39293708032827934,-0.037751821143632854,0.0008547266499834147,0.037761495697430154
-0.3904501367818978,-0.03782768464753202,9.873189009897421e-05,0.037827813494560485
-0.3879631932355163,-0.03788807832889091,-0.0006599532186888732,0.03789382558817506
-0.3854762496891348,-0.037932923152823976,-0.0014210055690471468,0.03795952997266051
-0.3829893061427533,-0.03796214696533293,-0.002184099897078956,0.03802492464920813
-0.38050236259637177,-0.03797568455018876,-0.0029489089315871656,0.0380900076259147
-0.37801541904999025,-0.03797347768251863,-0.0037151035448151322,0.03815477691788328
-0.37552847550360874,-0.037955475179059395,-0.004482352904590545,0.03821923054732375
-0.3730415319572272,-0.0379216329450413,-0.005250324627797403,0.0382833665436531
-0.3705545884108457,-0.03787191401766716,-0.006018684935100212,0.03834718294359543
-0.3680676448644642,-0.037806288606154086,-0.006787098806843715,0.03841067779128189
-0.3655807013180827,-0.03772473412830634,-0.007555230140050184,0.038473849138350114
-0.36309375777170116,-0.03762723524359016,-0.008322741906436167,0.038536695044043695
-0.36060681422531965,-0.03751378388268261,-0.00908929631136913,0.038599213575311174
-0.35811987067893813,-0.03738437927346884,-0.00985455495368407,0.03866140280690479
-0.3556329271325566,-0.03723902796346376,-0.010618178986279408,0.038723260821479144
-0.3531459835861751,-0.03707774383863594,-0.011379829277410724,0.03878478570968931
-0.3506590400397936,-0.03690054813861357,-0.012139166572600427,0.038845975570288835
-0.3481720964934121,-0.036707469468254185,-0.012895851657080775,0.038906828510227434
-0.34568515294703056,-0.036498543805561695,-0.013649545518687172,0.03896734264474829
-0.34319820940064905,-0.036273814505936246,-0.014399909511118225,0.03902751609748517
-0.34071126585426753,-0.0360333323027444,-0.015146605517478573,0.03908734700055908
-0.338224322307886,-0.035777155304198956,-0.015889296114020124,0.03914683349467472
-0.3357373787615045,-0.035505348986540064,-0.016627644733996992,0.03920597372921656
-0.333250435215123,-0.03521798618351053,-0.01736131583154923,0.039264765862344585
-0.33076349166874147,-0.03491514707212115,-0.018089975045529953,0.03932320806108965
-0.32827654812235996,-0.03459691915470302,-0.018813289363190606,0.03938129850144859
-0.32578960457597844,-0.03426339723724645,-0.01953092728363865,0.03943903536847889
-0.3233026610295969,-0.033914683404027555,-0.020242558980982078,0.03949641685639294
-0.3208157174832154,-0.03355088698852608,-0.020947856467074946,0.039553441168652094
-0.3183287739368339,-0.033172124540639766,-0.02164649375377822,0.03961010651806019
-0.3158418303904524,-0.03277851979020255,-0.02233814701465017,0.03966641112685674
-0.31335488684407087,-0.03237020360681606,-0.023022494745980775,0.03972235322680972
-0.31086794329768935,-0.03194731395600594,-0.023699217927084553,0.03977793105930797
-0.30838099975130784,-0.031509995851716065,-0.024368000179766643,0.03983314287545324
-0.3058940562049263,-0.031058401305156597,-0.02502852792687684,0.039887986936151684
-0.3034071126585448,-0.03059268927002278,-0.02568049054986715,0.03994246151220507
-0.3009201691121633,-0.030113025584104437,-0.026323580545268045,0.03999656488440155
-0.2984332255657818,-0.029619582907307127,-0.026957493679999577,0.040050295343605866
-0.29594628201940026,-0.02911254065610882,-0.027581929145433618,0.04010365119084931
-0.29345933847301875,-0.0285920849344773,-0.028196589710124,0.040156630737419124
-0.29097239492663723,-0.028058408461275584,-0.028801181871121975,0.040209232304947405
-0.2884854513802557,-0.027511710494184966,-0.029395416003794878,0.04026145422549969
-0.2859985078338742,-0.026952196750176828,-0.029979006510066464,0.04031329484166297
-0.2835115642874927,-0.02638007932256646,-0.03055167196499818,0.04036475250663324
-0.2810246207411112,-0.025795576594684063,-0.03111313526163121,0.040415825584302636
-0.27853767719472966,-0.025198913150200047,-0.03166312375400999,0.04046651244934602
-0.27605073364834815,-0.02459031968014355,-0.032201369398308595,0.0405168114873071
-0.27356379010196663,-0.02397003288665493,-0.03272760889198239,0.04056672109468405
-0.2710768465555851,-0.023338295383515128,-0.033241583810867954,0.04061623967901462
-0.2685899030092036,-0.022695355593496173,-0.03374304074415568,0.040665365658960805
-0.2661029594628221,-0.022041467642579308,-0.03423173142715991,0.04071409746439283
-0.26361601591644057,-0.021376891251088867,-0.03470741287181286,0.040762433536472784
-0.26112907237005906,-0.020701891621791712,-0.035169847494809614,0.04081037232773767
-0.25864212882367754,-0.02001673932501395,-0.03561880324333237,0.04085791230218187
-0.256155185277296,-0.019321710180828254,-0.03605405371828349,0.04090505193533915
-0.2536682417309145,-0.018617085138366855,-0.03647537829495802,0.04095178971436406
-0.251181298184533,-0.017903150152316843,-0.03688256224108763,0.040998124138112775
-0.24869435463815148,-0.01718019605665629,-0.037275396832189105,0.041044053717223423
-0.24620741109176997,-0.016448518435690975,-0.03765367946415193,0.04108957697419581
-0.24372046754538845,-0.015708417492453428,-0.03801721376300084,0.041134692443470594
-0.24123352399900694,-0.014960197914527136,-0.0383658096917707,0.04117939867150792
-0.23874658045262542,-0.014204168737360858,-0.03869928365443211,0.04122369421686533
-0.2362596369062439,-0.013440643205138757,-0.039017458596808365,0.04126757765027525
-0.2337726933598624,-0.012669938629274154,-0.03932016410442502,0.04131104755472182
-0.23128574981348088,-0.011892376244595661,-0.03960723649723562,0.04135410252551706
-0.22879880626709936,-0.011108281063296132,-0.03987851892116813,0.04139674117037653
-0.22631186272071785,-0.01031798172671602,-0.04013386143643873,0.04143896210949437
-0.22382491917433633,-0.009521810355034079,-0.04037312110258082,0.041480763975617556
-0.22133797562795482,-0.008720102394939694,-0.040596162060139086,0.04152214541411979
-0.2188510320815733,-0.0079131964653622,-0.04080285560898015,0.04156310508307462
-0.2163640885351918,-0.007101434201333875,-0.040993080283172716,0.041603641653327875
-0.21387714498881027,-0.006285160096064341,-0.041166721922392506,0.04164375380856956
-0.21139020144242876,-0.00546472134130526,-0.04132367373980849,0.041683440245405066
-0.20890325789604725,-0.004640467666085191,-0.041463836386409075,0.041722699673425775
-0.20641631434966573,-0.0038127511738956996,-0.04158711801172865,0.04176153081527889
-0.20392937080328422,-0.0029819261784104385,-0.041693434320936806,0.041799932406736746
-0.2014424272569027,-0.0021483490378201896,-0.0417827086282544,0.04183790319676534
-0.19895548371052119,-0.0013123779878675417,-0.04185487190666261,0.041875441947592316
-0.19646854016413967,-0.0004743729736657713,-0.04190986283387293,0.04191254743477409
-0.19398159661775816,0.0003653045196127047,-0.04194762783452832,0.04194921844726246
-0.19149465307137664,0.0012062916370922082,-0.041968121118607406,0.04198545378747048
-0.18900770952499513,0.002048224325507201,-0.04197130471600565,0.04202125227133763
-0.1865207659786136,0.0028907375053857562,-0.041957148507269726,0.042056612728394206
-0.1840338224322321,0.0037334652440150274,-0.041925630250463024,0.042091534001825213
-0.18154687888585058,0.004576040929100163,-0.04187673560414248,0.04212601494853334
-0.17905993533946907,0.005418097443027397,-0.04181045814642886,0.04216005443920133
-0.17657299179308755,0.006259267337641927,-0.04172679939015482,0.042193651358353616
-0.17408604824670604,0.007099183009450461,-0.041625768794077145,0.04222680460441729
-0.17159910470032452,0.007937476875158124,-0.04150738377014146,0.04225951308978219
-0.169112161153943,0.00877378154744908,-0.0413716696867902,0.04229177574086046
-0.1666252176075615,0.009607730010919947,-0.041218659868306425,0.04232359149814517
-0.16413827406117998,0.010438955798074882,-0.04104839559018829,0.04235495931626839
-0.16165133051479846,0.01126709316529107,-0.040860926070551216,0.04238587816405837
-0.15916438696841695,0.012091777268663225,-0.04065630845755675,0.04241634702459609
-0.15667744342203543,0.012912644339635652,-0.040434607812869415,0.042446364895270886
-0.15419049987565392,0.013729331860330455,-0.04019589709114493,0.042475930787835584
-0.1517035563292724,0.014541478738480494,-0.03994025711555531,0.04250504372846059
-0.1492166127828909,0.0153487254818757,-0.039667776549358436,0.0425337027577874
-0.14672966923650937,0.016150714372231756,-0.03937855186352212,0.04256190693098131
-0.14424272569012786,0.016947089638390072,-0.0390726873004143,0.042589655317783276
-0.14175578214374635,0.017737497628758387,-0.038750294833573694,0.04261694700256105
-0.13926883859736483,0.018521586982901624,-0.03841149412357705,0.042643781084359594
-0.13678189505098332,0.01929900880219289,-0.038056412470021284,0.04267015667695058
-0.1342949515046018,0.020069416819435103,-0.03768518475964094,0.04269607290888119
-0.13180800795822029,0.020832467567363875,-0.037297953410583666,0.04272152892352212
-0.12932106441183877,0.02158782054594315,-0.036894868312868166,0.04274652387911477
-0.12683412086545726,0.02233513838836538,-0.03647608676505146,0.04277105694881757
-0.12434717731907574,0.023074087025668683,-0.03604177340713428,0.04279512732075164
-0.12186023377269423,0.023804335849884183,-0.03559210014973538,0.04281873419804554
-0.11937329022631271,0.024525557875627386,-0.03512724609956778,0.04284187679887925
-0.1168863466799312,0.025237429900048,-0.03464739748125167,0.04286455435652727
-0.11439940313354968,0.025939632661053837,-0.034152747555501205,0.04288676611940104
-0.11191245958716817,0.02663185099372485,-0.03364349653372383,0.04290851135109036
-0.10942551604078665,0.02731377398483448,-0.0331198514890732,0.042929789330404186
-0.10693857249440514,0.027985095125396417,-0.032582026263998476,0.04295059935141037
-0.10445162894802362,0.028645512461155796,-0.03203024137433489,0.04297094072347482
-0.10196468540164211,0.029294728740944947,-0.03146472390998197,0.042990812771299604
-0.09947774185526059,0.029932451562824893,-0.030885707432218325,0.04301021483496036
-0.09699079830887908,0.030558393517934823,-0.03029343186770315,0.043029146269942815
-0.09450385476249756,0.03117227233197316,-0.02968814339921679,0.04304760644717844
-0.09201691121611605,0.031773811004234744,-0.029070094353194423,0.04306559475307934
-0.08952996766973453,0.03236273794413021,-0.02843954308410849,0.0430831105895722
-0.08704302412335302,0.03293878710511472,-0.0277967538557577,0.04310015337413142
-0.0845560805769715,0.03350169811595473,-0.02714199671952162,0.043116722539811476
-0.08206913703058999,0.03405121640926263,-0.02647554738964183,0.043132817535278256
-0.07958219348420847,0.03458709334723078,-0.02579768711559238,0.043148437824839694
-0.07709524993782696,0.03510908634449767,-0.02510870255160348,0.043163582888475466
-0.07460830639144544,0.03561695898808073,-0.024408885623404413,0.04317825222186585
-0.07212136284506393,0.03611048115431147,-0.023698533392252856,0.04319244533641974
-0.06963441929868242,0.036589429122710536,-0.02297794791631941,0.043206161759301705
-0.0671474757523009,0.03705358568674177,-0.022247436109497695,0.0432194010334583
-0.06466053220591939,0.037502740261385954,-0.021507309597711632,0.043232162717643415
-0.06217358865953787,0.03793668898747659,-0.020757884572793057,0.04324444638644282
-0.059686645113156356,0.03835523483274195,-0.019999481644004096,0.04325625163029776
-0.05719970156677484,0.03875818768949908,-0.019232425687279994,0.04326757805552774
-0.054712758020393326,0.03914536446894762,-0.018457045692269528,0.043278425284352384
-0.05222581447401181,0.039516589192012584,-0.017673674607251146,0.043288792954912475
-0.049738870927630296,0.03987169307668767,-0.01688264918200428,0.043298680721290034
-0.04725192738124878,0.040210514621831964,-0.016084309808716408,0.043308088253527575
-0.04476498383486727,0.040532899687375265,-0.0152790003610075,0.04331701523764644
-0.04227804028848575,0.040838701570888904,-0.014467068031154579,0.043325461375664294
-0.03979109674210424,0.041127781080480784,-0.0136488631656,0.04333342638561167
-0.03730415319572272,0.041400006603975824,-0.012824739098828267,0.04334091000154768
-0.03481720964934121,0.04165525417434424,-0.011995051985696779,0.04334791197357483
-0.03233026610295969,0.04189340753134281,-0.011160160632307061,0.04335443206785284
-0.029843322556578178,0.0421143581793358,-0.010320426325503656,0.04336047006661179
-0.027356379010196663,0.042318005441264586,-0.009476212661088659,0.04336602576816414
-0.024869435463815148,0.04250425650873686,-0.008627885370840723,0.04337109898691602
-0.022382491917433633,0.0426730264882085,-0.00777581214842779,0.04337568955337749
-0.01989554837105212,0.042824238443233326,-0.0069203624743036166,0.043379797314172096
-0.017408604824670604,0.0429578234327579,-0.006061907439678688,0.043383422132045275
-0.014921661278289089,0.04307372054544091,-0.005200819569656543,0.0433865638858721
-0.012434717731907574,0.0431718769299785,-0.004337472645627106,0.043389222470664
-0.00994777418552606,0.043252247821419294,-0.0034722415270089842,0.043391397797574525
-0.0074608306391445445,0.043314796563455125,-0.0026055019724330595,0.04339308979390447
-0.00497388709276303,0.04335949462667512,-0.001737630460459988,0.04339429840310576
-0.002486943546381515,0.04338632162277358,-0.0008690040099245631,0.043395023584784635
0.0,0.04339526531470401,0.0,0.04339526531470401
0.002486943546381515,0.04338632162277358,0.0008690040099245631,0.043395023584784635
0.00497388709276303,0.04335949462667512,0.001737630460459988,0.04339429840310576
0.0074608306391445445,0.043314796563455125,0.0026055019724330595,0.04339308979390447
0.00994777418552606,0.043252247821419294,0.0034722415270089842,0.043391397797574525
0.012434717731907574,0.0431718769299785,0.004337472645627106,0.043389222470664
0.014921661278289089,0.04307372054544091,0.005200819569656543,0.0433865638858721
0.017408604824670604,0.0429578234327579,0.006061907439678688,0.043383422132045275
0.01989554837105212,0.042824238443233326,0.0069203624743036166,0.043379797314172096
0.022382491917433633,0.0426730264882085,0.00777581214842779,0.04337568955337749
0.024869435463815148,0.04250425650873686,0.008627885370840723,0.04337109898691602
0.027356379010196663,0.042318005441264586,0.009476212661088659,0.04336602576816414
0.029843322556578178,0.0421143581793358,0.010320426325503656,0.04336047006661179
0.03233026610295969,0.04189340753134281,0.011160160632307061,0.04335443206785284
0.03481720964934121,0.04165525417434424,0.011995051985696779,0.04334791197357483
0.03730415319572272,0.041400006603975824,0.012824739098828267,0.04334091000154768
0.03979109674210424,0.041127781080480784,0.0136488631656,0.04333342638561167
0.04227804028848575,0.040838701570888904,0.014467068031154579,0.043325461375664294
0.04476498383486727,0.040532899687375265,0.0152790003610075,0.04331701523764644
0.04725192738124878,0.040210514621831964,0.016084309808716408,0.043308088253527575
0.049738870927630296,0.03987169307668767,0.01688264918200428,0.043298680721290034
0.05222581447401181,0.039516589192012584,0.017673674607251146,0.043288792954912475
0.054712758020393326,0.03914536446894762,0.018457045692269528,0.043278425284352384
0.05719970156677484,0.03875818768949908,0.019232425687279994,0.04326757805552774
0.059686645113156356,0.03835523483274195,0.019999481644004096,0.04325625163029776
0.06217358865953787,0.03793668898747659,0.020757884572793057,0.04324444638644282
0.06466053220591939,0.037502740261385954,0.021507309597711632,0.043232162717643415
0.0671474757523009,0.03705358568674177,0.022247436109497695,0.0432194010334583
0.06963441929868242,0.036589429122710536,0.02297794791631941,0.043206161759301705
0.07212136284506393,0.03611048115431147,0.023698533392252856,0.04319244533641974
0.07460830639144544,0.03561695898808073,0.024408885623404413,0.04317825222186585
0.07709524993782696,0.03510908634449767,0.02510870255160348,0.043163582888475466
0.07958219348420847,0.03458709334723078,0.02579768711559238,0.043148437824839694
0.08206913703058999,0.03405121640926263,0.02647554738964183,0.043132817535278256
0.0845560805769715,0.03350169811595473,0.02714199671952162,0.043116722539811476
0.08704302412335302,0.03293878710511472,0.0277967538557577,0.04310015337413142
0.08952996766973453,0.03236273794413021,0.02843954308410849,0.0430831105895722
0.09201691121611605,0.031773811004234744,0.029070094353194423,0.04306559475307934
0.09450385476249756,0.03117227233197316,0.02968814339921679,0.04304760644717844
0.09699079830887908,0.030558393517934823,0.03029343186770315,0.043029146269942815
0.09947774185526059,0.029932451562824893,0.030885707432218325,0.04301021483496036
0.10196468540164211,0.029294728740944947,0.03146472390998197,0.042990812771299604
0.10445162894802362,0.028645512461155796,0.03203024137433489,0.04297094072347482
0.10693857249440514,0.027985095125396417,0.032582026263998476,0.04295059935141037
0.10942551604078665,0.02731377398483448,0.0331198514890732,0.042929789330404186
0.11191245958716817,0.02663185099372485,0.03364349653372383,0.04290851135109036
0.11439940313354968,0.025939632661053837,0.034152747555501205,0.04288676611940104
0.1168863466799312,0.025237429900048,0.03464739748125167,0.04286455435652727
0.11937329022631271,0.024525557875627386,0.03512724609956778,0.04284187679887925
0.12186023377269423,0.023804335849884183,0.03559210014973538,0.04281873419804554
0.12434717731907574,0.023074087025668683,0.03604177340713428,0.04279512732075164
0.12683412086545726,0.02233513838836538,0.03647608676505146,0.04277105694881757
0.12932106441183877,0.02158782054594315,0.036894868312868166,0.04274652387911477
0.13180800795822029,0.020832467567363875,0.037297953410583666,0.04272152892352212
0.1342949515046018,0.020069416819435103,0.03768518475964094,0.04269607290888119
0.13678189505098332,0.01929900880219289,0.038056412470021284,0.04267015667695058
0.13926883859736483,0.018521586982901624,0.03841149412357705,0.042643781084359594
0.14175578214374635,0.017737497628758387,0.038750294833573694,0.04261694700256105
0.14424272569012786,0.016947089638390072,0.0390726873004143,0.042589655317783276
0.14672966923650937,0.016150714372231756,0.03937855186352212,0.04256190693098131
0.1492166127828909,0.0153487254818757,0.039667776549358436,0.0425337027577874
0.1517035563292724,0.014541478738480494,0.03994025711555531,0.04250504372846059
0.15419049987565392,0.013729331860330455,0.04019589709114493,0.042475930787835584
0.15667744342203543,0.012912644339635652,0.040434607812869415,0.042446364895270886
0.15916438696841695,0.012091777268663225,0.04065630845755675,0.04241634702459609
0.16165133051479846,0.01126709316529107,0.040860926070551216,0.04238587816405837
0.16413827406117998,0.010438955798074882,0.04104839559018829,0.04235495931626839
0.1666252176075615,0.009607730010919947,0.041218659868306425,0.04232359149814517
0.169112161153943,0.00877378154744908,0.0413716696867902,0.04229177574086046
0.17159910470032452,0.007937476875158124,0.04150738377014146,0.04225951308978219
0.17408604824670604,0.007099183009450461,0.041625768794077145,0.04222680460441729
0.17657299179308755,0.006259267337641927,0.04172679939015482,0.042193651358353616
0.17905993533946907,0.005418097443027397,0.04181045814642886,0.04216005443920133
0.18154687888585058,0.004576040929100163,0.04187673560414248,0.04212601494853334
0.1840338224322321,0.0037334652440150274,0.041925630250463024,0.042091534001825213
0.1865207659786136,0.0028907375053857562,0.041957148507269726,0.042056612728394206
0.18900770952499513,0.002048224325507201,0.04197130471600565,0.04202125227133763
0.19149465307137664,0.0012062916370922082,0.041968121118607406,0.04198545378747048
0.19398159661775816,0.0003653045196127047,0.04194762783452832,0.04194921844726246
0.19646854016413967,-0.0004743729736657713,0.04190986283387293,0.04191254743477409
0.19895548371052119,-0.0013123779878675417,0.04185487190666261,0.041875441947592316
0.2014424272569027,-0.0021483490378201896,0.0417827086282544,0.04183790319676534
0.20392937080328422,-0.0029819261784104385,0.041693434320936806,0.041799932406736746
0.20641631434966573,-0.0038127511738956996,0.04158711801172865,0.04176153081527889
0.20890325789604725,-0.004640467666085191,0.041463836386409075,0.041722699673425775
0.21139020144242876,-0.00546472134130526,0.04132367373980849,0.041683440245405066
0.21387714498881027,-0.006285160096064341,0.041166721922392506,0.04164375380856956
0.2163640885351918,-0.007101434201333875,0.040993080283172716,0.041603641653327875
0.2188510320815733,-0.0079131964653622,0.04080285560898015,0.04156310508307462
0.22133797562795482,-0.008720102394939694,0.040596162060139086,0.04152214541411979
0.22382491917433633,-0.009521810355034079,0.04037312110258082,0.041480763975617556
0.22631186272071785,-0.01031798172671602,0.04013386143643873,0.04143896210949437
0.22879880626709936,-0.011108281063296132,0.03987851892116813,0.04139674117037653
0.23128574981348088,-0.011892376244595661,0.03960723649723562,0.04135410252551706
0.2337726933598624,-0.012669938629274154,0.03932016410442502,0.04131104755472182
0.2362596369062439,-0.013440643205138757,0.039017458596808365,0.04126757765027525
0.23874658045262542,-0.014204168737360858,0.03869928365443211,0.04122369421686533
0.24123352399900694,-0.014960197914527136,0.0383658096917707,0.04117939867150792
0.24372046754538845,-0.015708417492453428,0.03801721376300084,0.041134692443470594
0.24620741109176997,-0.016448518435690975,0.03765367946415193,0.04108957697419581
0.24869435463815148,-0.01718019605665629,0.037275396832189105,0.041044053717223423
0.251181298184533,-0.017903150152316843,0.03688256224108763,0.040998124138112775
0.2536682417309145,-0.018617085138366855,0.03647537829495802,0.04095178971436406
0.256155185277296,-0.019321710180828254,0.03605405371828349,0.04090505193533915
0.25864212882367754,-0.02001673932501395,0.03561880324333237,0.04085791230218187
0.26112907237005906,-0.020701891621791712,0.035169847494809614,0.04081037232773767
0.26361601591644057,-0.021376891251088867,0.03470741287181286,0.040762433536472784
0.2661029594628221,-0.022041467642579308,0.03423173142715991,0.04071409746439283
0.2685899030092036,-0.022695355593496173,0.03374304074415568,0.040665365658960805
0.2710768465555851,-0.023338295383515128,0.033241583810867954,0.04061623967901462
0.27356379010196663,-0.02397003288665493,0.03272760889198239,0.04056672109468405
0.27605073364834815,-0.02459031968014355,0.032201369398308595,0.0405168114873071
0.27853767719472966,-0.025198913150200047,0.03166312375400999,0.04046651244934602
0.2810246207411112,-0.025795576594684063,0.03111313526163121,0.040415825584302636
0.2835115642874927,-0.02638007932256646,0.03055167196499818,0.04036475250663324
0.2859985078338742,-0.026952196750176828,0.029979006510066464,0.04031329484166297
0.2884854513802557,-0.027511710494184966,0.029395416003794878,0.04026145422549969
0.29097239492663723,-0.028058408461275584,0.028801181871121975,0.040209232304947405
0.29345933847301875,-0.0285920849344773,0.028196589710124,0.040156630737419124
0.29594628201940026,-0.02911254065610882,0.027581929145433618,0.04010365119084931
0.2984332255657818,-0.029619582907307127,0.026957493679999577,0.040050295343605866
0.3009201691121633,-0.030113025584104437,0.026323580545268045,0.03999656488440155
0.3034071126585448,-0.03059268927002278,0.02568049054986715,0.03994246151220507
0.3058940562049263,-0.031058401305156597,0.02502852792687684,0.039887986936151684
0.30838099975130784,-0.031509995851716065,0.024368000179766643,0.03983314287545324
0.31086794329768935,-0.03194731395600594,0.023699217927084553,0.03977793105930797
0.31335488684407087,-0.03237020360681606,0.023022494745980775,0.03972235322680972
0.3158418303904524,-0.03277851979020255,0.02233814701465017,0.03966641112685674
0.3183287739368339,-0.033172124540639766,0.02164649375377822,0.03961010651806019
0.3208157174832154,-0.03355088698852608,0.020947856467074946,0.039553441168652094
0.3233026610295969,-0.033914683404027555,0.020242558980982078,0.03949641685639294
0.32578960457597844,-0.03426339723724645,0.01953092728363865,0.03943903536847889
0.32827654812235996,-0.03459691915470302,0.018813289363190606,0.03938129850144859
0.33076349166874147,-0.03491514707212115,0.018089975045529953,0.03932320806108965
0.333250435215123,-0.03521798618351053,0.01736131583154923,0.039264765862344585
0.3357373787615045,-0.035505348986540064,0.016627644733996992,0.03920597372921656
0.338224322307886,-0.035777155304198956,0.015889296114020124,0.03914683349467472
0.34071126585426753,-0.0360333323027444,0.015146605517478573,0.03908734700055908
0.34319820940064905,-0.036273814505936246,0.014399909511118225,0.03902751609748517
0.34568515294703056,-0.036498543805561695,0.013649545518687172,0.03896734264474829
0.3481720964934121,-0.036707469468254185,0.012895851657080775,0.038906828510227434
0.3506590400397936,-0.03690054813861357,0.012139166572600427,0.038845975570288835
0.3531459835861751,-0.03707774383863594,0.011379829277410724,0.03878478570968931
0.3556329271325566,-0.03723902796346376,0.010618178986279408,0.038723260821479144
0.35811987067893813,-0.03738437927346884,0.00985455495368407,0.03866140280690479
0.36060681422531965,-0.03751378388268261,0.00908929631136913,0.038599213575311174
0.36309375777170116,-0.03762723524359016,0.008322741906436167,0.038536695044043695
0.3655807013180827,-0.03772473412830634,0.007555230140050184,0.038473849138350114
0.3680676448644642,-0.037806288606154086,0.006787098806843715,0.03841067779128189
0.3705545884108457,-0.03787191401766716,0.006018684935100212,0.03834718294359543
0.3730415319572272,-0.0379216329450413,0.005250324627797403,0.0382833665436531
0.37552847550360874,-0.037955475179059395,0.004482352904590545,0.03821923054732375
0.37801541904999025,-0.03797347768251863,0.0037151035448151322,0.03815477691788328
0.38050236259637177,-0.03797568455018876,0.0029489089315871656,0.0380900076259147
0.3829893061427533,-0.03796214696533293,0.002184099897078956,0.03802492464920813
0.3854762496891348,-0.037932923152823976,0.0014210055690471468,0.03795952997266051
0.3879631932355163,-0.03788807832889091,0.0006599532186888732,0.03789382558817506
0.3904501367818978,-0.03782768464753202,-9.873189009897421e-05,0.037827813494560485
0.39293708032827934,-0.037751821143632854,-0.0008547266499834147,0.037761495697430154
0.39542402387466086,-0.03766057367282857,-0.001607710257909018,0.03769487420910082
0.39791096742104237,-0.03755403484815255,-0.002357364361189629,0.03762795104849138
0.4003979109674239,-0.03743230397351372,-0.003103373201907379,0.03756072824102121
0.4028848545138054,-0.03729548697404777,-0.0038454237595493307,0.03749320781850859
0.4053717980601869,-0.03714369632338796,-0.004583205891813252,0.037425391819068725
0.40785874160656843,-0.036977050967903394,-0.005316412473515238,0.03735728228701164
0.41034568515294995,-0.03679567624795404,-0.006044739533533132,0.037288881272740104
0.41283262869933146,-0.036599703816212706,-0.006767886389720943,0.03722019083264707
0.415319572245713,-0.03638927155310648,-0.007485555781730815,0.03715121302901331
0.4178065157920945,-0.03616452347943063,-0.008197454001680366,0.03708194992990464
0.420293459338476,-0.03592560966619003,-0.00890329102260464,0.037012403609069204
0.4227804028848575,-0.035672686141724,-0.009602780624633274,0.036942576145834495
0.42526734643123904,-0.03540591479617203,-0.01029564051883492,0.03687246962500435
0.42775428997762055,-0.035125463283338945,-0.010981592468672372,0.036802086136755806
0.43024123352400206,-0.034831504920019345,-0.011660362409013499,0.03673142777653581
0.4327281770703836,-0.034524218582842305,-0.012331680562644165,0.0366604966449579
0.4352151206167651,-0.03420378860269849,-0.012995281554231462,0.03658929484769877
0.4377020641631466,-0.033870404656812785,-0.013650904521686604,0.036517824495394695
0.4401890077095281,-0.033524261658526885,-0.014298293224878597,0.036446087703538015
0.44267595125590964,-0.03316555964485699,-0.014937196151651544,0.03637408659237343
0.44516289480229115,-0.03279450366189289,-0.015567366621099723,0.03630182328679423
0.44764983834867267,-0.0324113036481057,-0.016188562884056613,0.03622929991623859
0.4501367818950542,-0.03201617431563233,-0.016800548220755364,0.03615651861458568
0.4526237254414357,-0.03160933502960547,-0.017403091035620048,0.036083481520051836
0.4551106689878172,-0.031191009685599222,-0.017995964949148725,0.036010190775086624
0.4575976125341987,-0.030761426585260394,-0.018578948886851035,0.035936648526268954
0.46008455608058024,-0.030320818310197194,-0.019151827165204624,0.03586285692420306
0.46257149962696176,-0.029869421594196966,-0.01971438957459679,0.03578881812341462
0.46505844317334327,-0.02940747719384571,-0.020266431459219057,0.03571453428224676
0.4675453867197248,-0.028935229757622395,-0.020807753793884453,0.035640007562756065
0.4700323302661063,-0.028452927693542074,-0.02133816325773897,0.03556524013060863
0.4725192738124878,-0.027960823035421807,-0.02185747230484034,0.03549023415497617
0.47500621735886933,-0.027459171307844237,-0.022365499231579267,0.03541499180843204
0.47749316090525085,-0.026948231389893954,-0.022862068240919783,0.03533951526684738
0.47998010445163236,-0.026428265377742205,-0.023347009503437554,0.03526380670928723
0.4824670479980139,-0.02589953844615579,-0.023820159215136357,0.035187868317906774
0.4849539915443954,-0.025362318709006303,-0.024281359652025124,0.03511170227784755
0.4874409350907769,-0.024816877078856225,-0.024730459221439512,0.03503531077713372
0.4899278786371584,-0.02426348712569842,-0.025167312510094013,0.034958696006568486
0.49241482218353994,-0.02370242493492586,-0.025591780328852124,0.034881860159630504
0.49490176572992145,-0.02313396896460841,-0.026003729754204313,0.034804805432370335
0.49738870927630296,-0.022558399902153962,-0.026403034166444853,0.034727534023307124
0.4998756528226845,-0.02197600052043058,-0.02678957328454096,0.034650048133325236
0.502362596369066,-0.021387055533426843,-0.027163233197689037,0.034572349965571035
0.5048495399154476,-0.020791851451527406,-0.027523906393554835,0.03449444172534977
0.507336483461829,-0.02019067643648059,-0.02787149178319613,0.03441632562002257
0.5098234270082106,-0.019583820156134718,-0.028205894722668323,0.03433800385890358
0.512310370554592,-0.018971573639019836,-0.028527027031315034,0.034259478653157156
0.5147973141009736,-0.01835422912885102,-0.028834807006747818,0.03418075221569526
0.5172842576473551,-0.017732079939029487,-0.02912915943652055,0.03410182676107493
0.5197712011937367,-0.017105420307217192,-0.029410015606506097,0.03402270450539596
0.5222581447401181,-0.01647454525006032,-0.029677313305984488,0.033943387666198685
0.5247450882864997,-0.015839750418136744,-0.02993099682945352,0.03386387846236193
0.5272320318328811,-0.015201331951202044,-0.03017101697517457,0.0337841791140011
0.5297189753792627,-0.0145595863338082,-0.030397331040468014,0.03370429184236653
0.5322059189256442,-0.013914810251368565,-0.03060990281377437,0.033624218869741845
0.5346928624720257,-0.013267300446742302,-0.030808702563498977,0.033543962419342724
0.5371798060184072,-0.012617353577410647,-0.030993707023659643,0.03346352471521562
0.5396667495647888,-0.011965266073316919,-0.031164899376358433,0.033382907982136834
0.5421536931111702,-0.011311333995441552,-0.031322269231100285,0.03330211444551176
0.5446406366575518,-0.010655852895182527,-0.03146581260098283,0.0332211463312743
0.5471275802039333,-0.00999911767461111,-0.03159553187578332,0.03314000586578644
0.5496145237503148,-0.0093414224476718,-0.03171143579197028,0.03305869527573827
0.5521014672966963,-0.008683060402394732,-0.03181353939966874,0.032977216788047936
0.5545884108430779,-0.008024323664187913,-0.03190186402660982,0.03289557262976202
0.5570753543894593,-0.0073655031602757135,-0.031976437239096586,0.0328137650279561
0.5595622979358409,-0.006706888485349104,-0.03203729280001986,0.03273179620963556
0.5620492414822224,-0.006048767768492671,-0.03208447062395878,0.03264966840163663
0.5645361850286039,-0.00539142754145144,-0.03211801672940278,0.032567383830527714
0.5670231285749854,-0.004735152608300659,-0.03213798318813262,0.03248494472251094
0.569510072121367,-0.004080225916579956,-0.03214442807179969,0.03240235330332404
0.5719970156677484,-0.0034269284299524158,-0.03213741539574411,0.03231961179814242
0.57448395921413,-0.0027755390024480787,-0.032117015060093575,0.03223672243148159
0.5769709027605114,-0.002126334254350154,-0.032083302788185865,0.032153687427099835
0.579457846306893,-0.0014795884497811392,-0.03203636006235951,0.03207050900790116
0.5819447898532745,-0.0008355733760448357,-0.03197627405715832,0.031987189395838625
0.584431733399656,-0.00019455822477905795,-0.03190313756999622,0.03190373081181782
0.5869186769460375,0.0004431905250274004,-0.03181704894933087,0.031820135475600836
0.5894056204924191,0.0010774092221012388,-0.031718112020394575,0.031736405605710415
0.5918925640388005,0.0017078371559835271,-0.031606436008533065,0.03165254341933447
0.5943795075851821,0.0023342166681112565,-0.031482135460203245,0.031568551132230865
0.5968664511315636,0.002956293260833166,-0.0313453301616822,0.03148443095863273
0.5993533946779451,0.0035738157043127654,-0.031196145055540636,0.031400185111153806
0.6018403382243266,0.004186536141272876,-0.031034710154935162,0.031315815800694376
0.6043272817707082,0.004794210189537356,-0.030861160455774316,0.031231325236347432
0.6068142253170896,0.005396597042327108,-0.030675635846814667,0.031146715625305257
0.6093011688634712,0.005993459566268873,-0.030478281017743563,0.031061989172766244
0.6117881124098526,0.006584564397076745,-0.03026924536530657,0.03097714808184227
0.6142750559562342,0.007169682032867802,-0.03004868289753777,0.030892194553466194
0.6167619995026157,0.007748586925074734,-0.0298167521361525,0.030807130786300006
0.6192489430489972,0.008321057566919768,-0.02957361601716217,0.03072195897664313
0.6217358865953787,0.008886876579415764,-0.029319441789771958,0.03063668131834117
0.6242228301417603,0.00944583079486179,-0.0290544009136227,0.03055130000269512
0.6267097736881417,0.009997711337802029,-0.02877866895443861,0.030465817218370887
0.6291967172345233,0.010542313703418559,-0.02849242547814344,0.03038023515130922
0.6316836607809048,0.011079437833329379,-0.02819585394350808,0.030294555984636096
0.6341706043272863,0.011608888188766217,-0.027889141593392643,0.030208781898573456
0.6366575478736678,0.012130473821105629,-0.027572479344647488,0.03012291507035037
0.6391444914200494,0.01264400843973166,-0.02724606167673686,0.030036957674114642
0.6416314349664308,0.013149310477206485,-0.026910086519150344,0.02995091188084479
0.6441183785128124,0.013646203151730393,-0.026564755137666617,0.029864779858262493
0.6466053220591939,0.014134514526870789,-0.02621027201953531,0.029778563770745507
0.6490922656055754,0.014614077568544628,-0.025846844757641887,0.029692265779240883
0.6515792091519569,0.015084730199237137,-0.025474683933722042,0.02960588804117878
0.6540661526983385,0.015546315349444407,-0.025094003000690677,0.02951943271038662
0.6565530962447199,0.015998681006325875,-0.024705018164152534,0.029432901937003746
0.6590400397911015,0.01644168025955731,-0.02430794826315958,0.029346297867396485
0.6615269833374829,0.01687517134437374,-0.023903014650282522,0.02925962264407375
0.6640139268838645,0.017299017681795738,-0.02349044107106157,0.029172878405603002
0.666500870430246,0.017713087916031895,-0.023070453542903907,0.029086067286526768
0.6689878139766275,0.018117255949053966,-0.02264328023349288,0.028999191417279562
0.671474757523009,0.018511400972340542,-0.022209151338776253,0.028912252924105333
0.6739617010693906,0.018895407495789027,-0.021768298960598426,0.02882525392897538
0.676448644615772,0.019269165373794632,-0.02132095698404349,0.0287381965495067
0.6789355881621536,0.019632569828499466,-0.020867360954553868,0.028651082898880926
0.6814225317085351,0.019985521470213367,-0.02040774795489092,0.028563915085763614
0.6839094752549166,0.020327926315012627,-0.01994235648200174,0.028476695214224204
0.6863964188012981,0.02065969579952129,-0.019471426323857996,0.028389425383656283
0.6888833623476797,0.020980746792884163,-0.01899519843633044,0.028302107688698546
0.6913703058940611,0.0212910016059393,-0.018513914820164082,0.02821474421915607
0.6938572494404427,0.021590387997601653,-0.018027818398117283,0.028127337059922285
0.6963441929868242,0.02187883917846933,-0.017537152892328302,0.02803988829090129
0.6988311365332057,0.022156293811666224,-0.017042162701972216,0.027952399986930856
0.7013180800795872,0.022422696010935855,-0.016543092781270495,0.02786487421770575
0.7038050236259688,0.022677995336002833,-0.01604018851791519,0.0277773130477018
0.7062919671723502,0.02292214678521966,-0.015533695611968885,0.027689718536100315
0.7087789107187318,0.023155110785517904,-0.015023859955301219,0.02760209273671312
0.7112658542651132,0.023376853179684395,-0.014510927511621963,0.027514437697908123
0.7137527978114948,0.02358734521098405,-0.013995144197170021,0.02742675546253537
0.7162397413578763,0.02378656350515259,-0.013476755762117229,0.027339048067853738
0.7187266849042578,0.023974490049783522,-0.012956007672744662,0.027251317545458013
0.7212136284506393,0.024151112171135133,-0.01243314499444901,0.027163565921206737
0.7237005719970209,0.02431642250838433,-0.011908412275635237,0.027075795215150376
0.7261875155434023,0.024470418985355704,-0.011382053432551364,0.026988007441460203
0.7286744590897839,0.024613104779755094,-0.010854311635120134,0.026900204608357674
0.7311614026361654,0.02474448828993822,-0.010325429193821546,0.026812388718044353
0.7336483461825469,0.024864583099246274,-0.009795647447679459,0.026724561766632442
0.7361352897289284,0.024973407937941203,-0.009265206653404313,0.026636725744075836
0.73862223327531,0.025070986642774833,-0.008734345875743421,0.026548882634101767
0.7411091768216914,0.0251573481142268,-0.008203302879088981,0.026461034414143002
0.743596120368073,0.02523252627144757,-0.007672314020393318,0.026373183055270668
0.7460830639144544,0.025296560004943645,-0.007141614143439586,0.02628533052212756
0.748570007460836,0.02534949312704317,-0.006611436474515218,0.026197478772862073
0.7510569510072175,0.02539137432018126,-0.006082012519534734,0.026109629759062794
0.753543894553599,0.025422257083044963,-0.0055535719626566525,0.026021785425693528
0.7560308380999805,0.025442199674619106,-0.005026342566439029,0.025933947711028985
0.7585177816463621,0.025451265056174947,-0.00450055007357654,0.025846118546591128
0.7610047251927435,0.025449520831244396,-0.003976418110261051,0.02575829985708596
0.7634916687391251,0.025437039183623555,-0.0034541680912065016,0.02567049356034101
0.7659786122855066,0.02541389681345007,-0.002934019126377739,0.0255827015672434
0.7684655558318881,0.02538017487139946,-0.0024161879294618224,0.025494925781678474
0.7709524993782696,0.025335958891046576,-0.0019008887281190775,0.02540716810046905
0.7734394429246512,0.025281338719438752,-0.0013883331760500552,0.025319430413315268
0.7759263864710326,0.025216408445928293,-0.0008787302669132836,0.02523171460273505
0.7784133300174142,0.025141266329312163,-0.00037228625012752394,0.025144022544005155
0.7809002735637957,0.025056014723327687,0.00013079545140901033,0.025056356105102817
0.7833872171101772,0.02496076000055363,0.0006303143216512484,0.024968717146648056
0.7858741606565587,0.024855612474766347,0.001126072829761695,0.024881107521846527
0.7883611042029403,0.02474068632180161,0.0016178765064579926,0.02479352907643303
0.7908480477493217,0.024616099498972876,0.002105534018326169,0.0247059836486156
0.7933349912957033,0.024481973663097407,0.002588857240073407,0.024618473069020257
0.7958219348420847,0.024338434087182087,0.003067661324695447,0.024530999160636308
0.7983088783884663,0.024185609575821117,0.0035417647715350426,0.024443563738762334
0.8007958219348478,0.024023632379358187,0.004010989492209167,0.02435616861095274
0.8032827654812293,0.023852638106866074,0.00447516087438396,0.024268815576964947
0.8057697090276108,0.023672765637996952,0.004934107843377762,0.024181506428707273
0.8082566525739924,0.023484157033756784,0.005387662921573788,0.024094242950187278
0.8107435961203738,0.023286957446257778,0.005835662285625434,0.02400702691746089
0.8132305396667554,0.023081315027502738,0.006277945821438383,0.023919860098582085
0.8157174832131369,0.022867380837255542,0.006714357176915099,0.023832744253553206
0.8182044267595184,0.022645308750052058,0.007144743812448564,0.0237456811342759
0.8206913703058999,0.02241525536140592,0.007568957049153369,0.023658672484502704
0.8231783138522815,0.02217737989326371,0.007986852114823707,0.023571720039789235
0.8256652573986629,0.021931844098764135,0.008398288187608998,0.02348482552744704
0.8281522009450445,0.021678812166355792,0.008803128437399233,0.023397990666497046
0.830639144491426,0.021418450623328138,0.009201240064913435,0.023311217167623695
0.8331260880378075,0.021150928238810193,0.0095924943384859,0.023224506733129608
0.835613031584189,0.020876415926291594,0.009976766628546182,0.023137861056891022
0.8380999751305706,0.020595086645720247,0.010353936439790075,0.023051281824313746
0.840586918676952,0.02030711530523098,0.010723887441040102,0.02296477071228981
0.8430738622233336,0.020012678662559253,0.011086507492795338,0.022878329389154742
0.845560805769715,0.019711955226193904,0.011441688672471563,0.022791959514645452
0.8480477493160966,0.019405125156322606,0.011789327297334104,0.022705662739858787
0.8505346928624781,0.019092370165623564,0.01212932394512688,0.02261944070721071
0.8530216364088596,0.01877387341995663,0.012461583472402435,0.022533295050396147
0.8555085799552411,0.018449819439006577,0.012786015030559077,0.02244722739434934
0.8579955235016227,0.01812039399693168,0.01310253207959189,0.022361239355205075
0.8604824670480041,0.01778578402306883,0.01341105239956688,0.022275332540260293
0.8629694105943857,0.01744617750274813,0.01371149809982676,0.022189508547936523
0.8654563541407672,0.017101763378267423,0.014003795625940245,0.022103768967742854
0.8679432976871487,0.01675273145007855,0.014287875764405744,0.02201811538023961
0.8704302412335302,0.016399272278235098,0.01456367364512348,0.021932549357002583
0.8729171847799118,0.016041577084152468,0.014831128741649317,0.021847072460587987
0.8754041283262932,0.015679837652728967,0.0150901848692465,0.021761686244497994
0.8778910718726748,0.015314246234877728,0.015340790180750833,0.021676392253146923
0.8803780154190562,0.014944995450517083,0.015582897160267624,0.021591192021828094
0.8828649589654378,0.014572278192068017,0.01581646261471813,0.021506087076681276
0.8853519025118193,0.014196287528505125,0.01604144766325587,0.02142107893466077
0.8878388460582008,0.013817216610008544,0.01625781772457271,0.021336169103504186
0.8903257896045823,0.01343525857326189,0.016465542502117035,0.021251359081701802
0.8928127331509639,0.013050606447442421,0.01666459596724587,0.02116665035846657
0.8952996766973453,0.01266345306094702,0.016854956340335365,0.021082044413704752
0.8977866202437269,0.012273990948898911,0.01703660606987335,0.020997542717987212
0.9002735637901084,0.011882412261477175,0.017209531809560218,0.020913146732521343
0.9027605073364899,0.011488908673112457,0.017373724393443715,0.020828857909123578
0.9052474508828714,0.01109367129258951,0.017529178809115666,0.020744677690192594
0.907734394429253,0.010696890574098342,0.01767589416899804,0.020660607508683107
0.9102213379756344,0.01029875622927298,0.01781387367974799,0.02057664878808032
0.912708281522016,0.009899457140258045,0.01794312460981105,0.020492802942374988
0.9151952250683975,0.009499181273840467,0.01806365825515359,0.02040907137603913
0.917682168614779,0.009098115596684811,0.018175489903205395,0.02032545548400234
0.9201691121611605,0.008696445991707824,0.01827863879504504,0.020241956651628732
0.922656055707542,0.008294357175628939,0.018373128085860273,0.020158576254694544
0.9251429992539235,0.007892032617730527,0.018458984803717604,0.020075315659366356
0.9276299428003051,0.007489654459862817,0.01853623980667466,0.019992176222179848
0.9301168863466865,0.007087403437725462,0.01860492773827086,0.019909159290019334
0.9326038298930681,0.0066854588034587934,0.018665086981431288,0.0198262662000978
0.9350907734394496,0.00628399824957482,0.018716759610820425,0.01974349827993758
0.9375777169858311,0.00588319783425915,0.018759991343682024,0.019660856847351697
0.9400646605322126,0.005483231908071941,0.01879483148920272,0.019578343210425758
0.9425516040785942,0.0050842730420771025,0.018821332896436928,0.019495958667500573
0.9450385476249756,0.004686491957425877,0.018839551900831437,0.019413704507155218
0.9475254911713572,0.004290057456422063,0.018849548269388488,0.019331582008190875
0.9500124347177387,0.0038951363550929863,0.018851385144506592,0.019249592439615205
0.9524993782641202,0.0035018934172914556,0.0188451289865386,0.019167737060627337
0.9549863218105017,0.003110491290350804,0.01883084951510739,0.01908601712060346
0.9574732653568833,0.002721090442316203,0.018808619649219312,0.01900443385908308
0.9599602089032647,0.002333849100772282,0.018778515446216462,0.01892298850575579
0.9624471524496463,0.0019489231932881895,0.01874061603960869,0.01884168228044872
0.9649340959960278,0.0015664662894980753,0.018695003575827027,0.018760516393114535
0.9674210395424093,0.0011866295448360248,0.01864176314993999,0.0186794920438201
0.9699079830887908,0.0008095616459413563,0.018580982740374955,0.018598610422735654
0.9723949266351724,0.00043540875775123646,0.018512753142686633,0.01851787271012468
0.9748818701815538,6.431447229441905e-05,0.01843716790241511,0.018437280076334266
0.9773688137279354,-0.0003035802407990212,0.018354323247076018,0.018356833681786155
0.9798557572743168,-0.0006681370820602418,0.018264318017325507,0.01827653467696831
0.9823427008206984,-0.001029220468203684,0.018167253597342947,0.01819638420242713
0.9848296443670799,-0.0013866975763990616,0.018063233844474107,0.018116383388760184
0.9873165879134614,-0.0017404383867824869,0.017952365018178106,0.018036533356609607
0.9898035314598429,-0.002090315723199124,0.017834755708320896,0.01795683521665603
0.9922904750062245,-0.0024362052921692167,0.01771051676285853,0.017877290069613073
0.9947774185526059,-0.0027779857200711635,0.01757976121495329,0.017797899006222487
0.9972643620989875,-0.00311553858853609,0.017442604209565636,0.017718663107249778
0.999751305645369,-0.003448748468049541,0.017299162929565053,0.017639583443480513
1.0022382491917505,-0.003777502949756523,0.017149556521402702,0.017560661075717087
1.004725192738132,-0.004101692675467884,0.016993906020388704,0.017481897054776128
1.0072121362845134,-0.004421211365866344,0.01683233427561677,0.017403292421486485
1.0096990798308951,-0.004735955846911615,0.016664965874578712,0.01732484820668768
1.0121860233772766,-0.005045826074445314,0.01649192706751134,0.017246565431229065
1.014672966923658,-0.005350725156997266,0.01631334569151776,0.017168445105969394
1.0171599104700395,-0.005650559376795613,0.016129351094505254,0.017090488231777074
1.0196468540164212,-0.005945238208984058,0.015940074058981398,0.01701269579953088
1.0221337975628026,-0.0062346743390508065,0.01574564672574998,0.016935068790121275
1.024620741109184,-0.006518783678474657,0.015546202517547887,0.016857608174452265
1.0271076846555656,-0.006797485378594462,0.015341876062663875,0.016780314913443797
1.0295946282019472,-0.0070707018427090445,0.015132803118579896,0.016703189958034676
1.0320815717483287,-0.0073383587364158325,0.014919120495675283,0.016626234249186102
1.0345685152947102,-0.007600384996197384,0.014700965981033504,0.01654944871788564
1.0370554588410916,-0.00785671283626558,0.014478478262391134,0.01647283428515181
1.0395424023874733,-0.008107277753674196,0.014251796852268265,0.016396391862039165
1.0420293459338548,-0.00835201853171167,0.0140210620123189,0.01632012234964393
1.0445162894802362,-0.008590877241586612,0.013786414677939606,0.016244026639110128
1.0470032330266177,-0.008823799242419345,0.01354799638317429,0.016168105611636258
1.0494901765729994,-0.009050733179553567,0.013305949185952477,0.01609236013848252
1.0519771201193808,-0.009271630981203123,0.013060415593697859,0.01601679108097848
1.0544640636657623,-0.009486447853449908,0.012811538489343464,0.01594139929053135
1.0569510072121437,-0.009695142273609151,0.01255946105778919,0.015866185608634682
1.0594379507585254,-0.009897675981979447,0.012304326712837174,0.015791150866877667
1.0619248943049069,-0.01009401397199561,0.012046279024639587,0.015716295886954862
1.0644118378512883,-0.0102841244788032,0.0117854616476929,0.015641621480676465
1.0668987813976698,-0.010467978966274149,0.0115220182494123,0.01556712844997908
1.0693857249440515,-0.010645552112483544,0.011256092439319281,0.015492817586936972
1.071872668490433,-0.010816821793668554,0.010987827698874636,0.015418689673773828
1.0743596120368144,-0.010981769066691018,0.010717367311988564,0.015344745482875
1.0768465555831959,-0.011140378150025875,0.010444854296238976,0.015270985776800257
1.0793334991295775,-0.011292636403297985,0.01017043133482852,0.015197411308296974
1.081820442675959,-0.011438534305390958,0.009894240709310057,0.015124022820313852
1.0843073862223405,-0.011578065431151944,0.009616424233109527,0.015050821046015125
1.086794329768722,-0.011711226426716827,0.009337123185874695,0.014977806708795161
1.0892812733151036,-0.011838016983480895,0.009056478248677604,0.014904980522293637
1.091768216861485,-0.01195843981074066,0.008774629440097593,0.0148323431904111
1.0942551604078665,-0.012072500607033007,0.00849171605321111,0.014759895407325066
1.096742103954248,-0.012180208030198203,0.008207876593513934,0.014687637857506517
1.0992290475006297,-0.012281573666193849,0.007923248717800726,0.014615571215736903
1.1017159910470111,-0.012376611996687333,0.007637969174025884,0.014543696147125544
1.1042029345933926,-0.012465340365454875,0.007352173742168989,0.014472013307127581
1.106689878139774,-0.01254777894361544,0.007065997176127414,0.014400523341562263
1.1091768216861557,-0.012623950693728275,0.006779573146658103,0.014329226886631748
1.1116637652325372,-0.012693881332783328,0.006493034185389395,0.014258124568940347
1.1141507087789186,-0.012757599294114038,0.006206511629923127,0.014187217005514155
1.1166376523253,-0.01281513568826241,0.005920135570046446,0.014116504803821164
1.1191245958716818,-0.012866524262826293,0.0056340347950726176,0.014045988561791818
1.1216115394180632,-0.012911801361319707,0.00534833674232772,0.013975668867839925
1.1240984829644447,-0.01295100588107662,0.005063167446801449,0.013905546300884088
1.1265854265108262,-0.012984179230229391,0.0047786514919774415,0.013835621430369456
1.1290723700572078,-0.013011365283792937,0.004494911961859491,0.013765894816289991
1.1315593136035893,-0.013032610338886272,0.004212070394207602,0.013696367009211076
1.1340462571499708,-0.01304796306912279,0.003930246734998624,0.01362703855029256
1.1365332006963522,-0.01305747447820143,0.003649559294123851,0.013557909971312227
1.139020144242734,-0.013061197852730341,0.003370124702336674,0.013488981794689605
1.1415070877891154,-0.013059188714315549,0.0030920578694611195,0.013420254533510274
1.1439940313354968,-0.013051504770946428,0.002815471943872746,0.01335172869155047
1.1464809748818783,-0.013038205867710722,0.0025404782732611256,0.013283404763302146
1.14896791842826,-0.013019353936871134,0.0022671863666838005,0.013215283233998384
1.1514548619746414,-0.012995012947336298,0.0019957038579193416,0.013147364579639227
1.1539418055210229,-0.012965248853558315,0.0017261364701278154,0.013079649267017848
1.1564287490674043,-0.012930129543889647,0.001458587981824701,0.013012137753747129
1.158915692613786,-0.012889724788431714,0.0011931601941749918,0.012944830488286615
1.1614026361601675,-0.012844106186407779,0.000929952899611942,0.012877727909969805
1.163889579706549,-0.012793347113092624,0.0006690638517856465,0.012810830449031852
1.1663765232529304,-0.012737522666331344,0.0004105887368443502,0.012744138526637578
1.168863466799312,-0.01267670961267975,0.00015462114605212902,0.012677652554909906
1.1713504103456935,-0.012610986333198498,-9.874745025568149e-05,0.012611372936958581
1.173837353892075,-0.012540432768933222,-0.00034942772737721014,0.012545300066909288
1.1763242974384565,-0.012465130366112662,-0.0005973325296090418,0.012479434329933111
1.1788112409848381,-0.012385162021096654,-0.0008423768922708932,0.012413776102276331
1.1812981845312196,-0.012300612025105746,-0.001084478062391556,0.012348325751290521
1.183785128077601,-0.01221156600876405,-0.0013235555180570115,0.012283083635463071
1.1862720716239825,-0.012118110886486594,-0.0015595309864237423,0.012218050104447958
1.1887590151703642,-0.01202033480074246,-0.001792328460399594,0.012153225499096882
1.1912459587167457,-0.011918327066224522,-0.002021874213996626,0.01208861015149072
1.1937329022631271,-0.011812178113956651,-0.002248096816359729,0.01202420438497131
1.1962198458095086,-0.011701979435368657,-0.0024709271444768232,0.01196000851417353
1.1987067893558903,-0.011587823526369308,-0.002690298394575784,0.011896022845057717
1.2011937329022717,-0.011469803831447209,-0.002906146092215271,0.01183224767494237
1.2036806764486532,-0.011348014687829212,-0.00311840810107594,0.011768683292537172
1.2061676199950346,-0.011222551269725618,-0.003327024630460515,0.011705329977976313
1.2086545635414163,-0.011093509532691151,-0.0035319382415104983,0.011642188002852116
1.2111415070877978,-0.01096098615813027,-0.0037330938521492603,0.011579257630248927
1.2136284506341792,-0.010825078497975205,-0.003930438740760557,0.011516539114777345
1.2161153941805607,-0.010685884519564445,-0.004123922548613396,0.011454032702608677
1.2186023377269424,-0.010543502750749464,-0.004313497281043559,0.011391738631509753
1.2210892812733238,-0.010398032225256483,-0.004499117307403836,0.011329657130877926
1.2235762248197053,-0.010249572428330364,-0.004680739359794452,0.01126778842177643
1.2260631683660868,-0.01009822324268664,-0.00485832253058687,0.011206132716969967
1.2285501119124684,-0.009944084894797816,-0.005031828268753563,0.011144690220960544
1.23103705545885,-0.009787257901539238,-0.005201220375018015,0.011083461130023635
1.2335239990052314,-0.009627843017219685,-0.0053664649958385805,0.011022445632244535
1.2360109425516128,-0.009465941181021063,-0.005527530616241525,0.01096164390755501
1.2384978860979945,-0.009301653464871546,-0.0056843880515178675,0.010901056127770186
1.240984829644376,-0.009135081021775463,-0.005837010437800289,0.010840682456625679
1.2434717731907574,-0.008966325034623447,-0.005985373221535738,0.010780523049814989
1.2459587167371389,-0.00879548666550508,-0.006129454147870845,0.010720578055027106
1.2484456602835206,-0.008622667005546512,-0.00626923324796681,0.010660847611984374
1.250932603829902,-0.00844796702529456,-0.006404692825261427,0.010601331852480585
1.2534195473762835,-0.008271487525668286,-0.006535817440696233,0.01054203090041929
1.255906490922665,-0.008093329089498858,-0.00666259389692684,0.010482944871852336
1.2583934344690466,-0.007913592033677681,-0.0067850112215352715,0.010424073875018654
1.260880378015428,-0.007732376361932222,-0.006903060649263357,0.0103654180103832
1.2633673215618095,-0.007549781718248631,-0.007016735603286594,0.010306977370676184
1.265854265108191,-0.0073659073409595936,-0.007126031675548074,0.010248752040932443
1.2683412086545727,-0.0071808520175153,-0.007230946606172666,0.010190742098531075
1.2708281522009541,-0.006994714039954759,-0.007331480261981848,0.010132947613235237
1.2733150957473356,-0.006807591161094304,-0.0074276346141297885,0.010075368647232134
1.275802039293717,-0.006619580551449547,-0.007519413714881632,0.010018005255173261
1.2782889828400987,-0.006430778756906333,-0.00760682367355518,0.009960857484214764
1.2807759263864802,-0.00624128165715572,-0.007689872631647539,0.009903925374058022
1.2832628699328616,-0.006051184424907521,-0.007768570737168385,0.009847208956990419
1.285749813479243,-0.005860581485896338,-0.007842930118201669,0.009790708257926276
1.2882367570256248,-0.005669566479693391,-0.007912964855718022,0.009734423294447979
1.2907237005720062,-0.005478232221336789,-0.00797869095566015,0.009678354076847246
1.2932106441183877,-0.00528667066379249,-0.008040126320323726,0.009622500608166594
1.2956975876647692,-0.005094972861257544,-0.008097290719056372,0.009566862884240964
1.2981845312111508,-0.004903228933316561,-0.008150205758297595,0.009511440893739493
1.3006714747575323,-0.004711528029961736,-0.008198894850982656,0.009456234618207451
1.3031584183039138,-0.00451995829748631,-0.008243383185333379,0.009401244032108326
1.3056453618502952,-0.0043286068452607395,-0.008283697693059061,0.009346469102866073
1.308132305396677,-0.0041375597134001435,-0.008319867016990754,0.009291909790907493
1.3106192489430584,-0.003946901841331051,-0.008351921478172276,0.00923756604970475
1.3131061924894398,-0.0037567170372649564,-0.008379893042431336,0.009183437825818057
1.3155931360358213,-0.0035670879485856267,-0.008403815286454145,0.009129525058938454
1.318080079582203,-0.003378096033156434,-0.008423723363387071,0.009075827681930748
1.3205670231285844,-0.00318982153155335,-0.0084396539679888,0.009022345620876561
1.3230539666749659,-0.003002343440228869,-0.008451645301356519,0.008969078795117538
1.3255409102213476,-0.0028157394856114307,-0.008459737035249536,0.008916027117298596
1.328027853767729,-0.002630086099144384,-0.00846397027603393,0.00886319049341141
1.3305147973141105,-0.0024454583932678083,-0.00846438752827155,0.008810568822837884
1.333001740860492,-0.0022619301383461935,-0.008461032657976847,0.008758161998393818
1.3354886844068736,-0.002079573740544344,-0.00845395085556479,0.00870596990637265
1.337975627953255,-0.0018984602206532331,-0.008443188598513155,0.008653992426589317
1.3404625714996365,-0.0017186591938669856,-0.008428793613762359,0.008602229432424169
1.342949515046018,-0.001540238850511735,-0.008410814839875925,0.008550680790867052
1.3454364585923997,-0.0013632659377265572,-0.008389302388984448,0.008499346362561397
1.3479234021387811,-0.0011878057420960624,-0.008364307508536048,0.008448226001848488
1.3504103456851626,-0.0010139220732336494,-0.008335882542875853,0.008397319556811734
1.352897289231544,-0.0008416772483140834,-0.008304080894677206,0.008346626869321076
1.3553842327779257,-0.000671132077553494,-0.008268956986246875,0.008296147775077435
1.3578711763243072,-0.0005023458506342991,-0.00823056622072661,0.00824588210365728
1.3603581198706887,-0.0003353763240720346,-0.008188964943212982,0.008195829678557214
1.3628450634170701,-0.0001702797095207172,-0.008144210401817453,0.008145990317238663
1.3653320069634518,-7.110663012861827e-06,-0.008096360708688296,0.008096363831172616
1.3678189505098333,0.00015407772487031354,-0.008045474801015804,0.008046950025884436
1.3703058940562147,0.000313233937903432,-0.007991612402042039,0.007997748700998715
1.3727928376025962,0.0004703080422015368,-0.007934833982096065,0.007948759650284182
1.3752797811489779,0.0006252516932904351,-0.0078752007196755,0.007899982661698701
1.3777667246953593,0.0007780181422691946,-0.007812774462594778,0.007851417517434232
1.3802536682417408,0.0009285622410713276,-0.007747617689220469,0.007803063993961943
1.3827406117881222,0.0010768404468320138,-0.007679793469813544,0.007754921862077278
1.385227555334504,0.001222810825368537,-0.00760936542799834,0.007706990886945101
1.3877144988808854,0.001366433053782323,-0.0075363977023775825,0.00765927082814487
1.3902014424272668,0.0015076684221904861,-0.007460954908312635,0.007611761439715825
1.3926883859736483,0.0016464798345960788,-0.0073831020998877455,0.007564462470202253
1.39517532952003,0.0017828318089057403,-0.007302904732076817,0.0075173736626987005
1.3976622730664114,0.0019166904761046871,-0.007220428623130867,0.007470494754895283
1.400149216612793,0.002048023578598501,-0.007135739917204088,0.007423825479122958
1.4026361601591744,0.0021768004677323663,-0.007048905047235973,0.0073773655623988596
1.405123103705556,0.0023029921004979192,-0.006959990698106773,0.00733111472647159
1.4076100472519375,0.0024265710354390477,-0.006869063770083082,0.007285072687866591
1.410096990798319,0.00254751142776747,-0.0067761913425701086,0.007239239157931442
1.4125839343447004,0.0026657890237000645,-0.006681440638186704,0.007193613842881233
1.415070877891082,0.002781381154029419,-0.0065848789871790665,0.00714819644384389
1.4175578214374636,0.0028942667269401517,-0.006486573792188364,0.007102986656905516
1.420044764983845,0.003004426220083087,-0.006386592493387532,0.007057984173155726
1.4225317085302265,0.0031118416719203646,-0.006285002534001727,0.0070131886787329675
1.4250186520766082,0.0032164966723541386,-0.006181871326226926,0.006968599854869836
1.4275055956229896,0.0033183763526524464,-0.006077266217560384,0.0069242173779383645
1.429992539169371,0.0034174673746854003,-0.005971254457556697,0.0068800409194953085
1.4324794827157525,0.003513757919485784,-0.005863903165022396,0.0068360701463274
1.4349664262621342,0.0036072376751476436,-0.005755279295661998,0.0067923047204965885
1.4374533698085157,0.0036978978240773835,-0.005645449610187698,0.006748744299385234
1.4399403133548971,0.0037857310296114067,-0.005534480642904829,0.0067053885357413025
1.4424272569012786,0.0038707314220151772,-0.0054224386707844045,0.006662237077723501
1.4449142004476603,0.00395289458387811,-0.005309389683034166,0.006619289568946394
1.4474011439940417,0.004032217534919545,-0.005195399351178564,0.006576545648525471
1.4498880875404232,0.004108698716220535,-0.0050805329996583045,0.00653400495112219
1.4523750310868047,0.0041823379738969825,-0.004964855576959075,0.006491667106988955
1.4548619746331863,0.004253136542229185,-0.00484843162727926,0.00644953174201407
1.4573489181795678,0.004321097026263576,-0.004731325262745452,0.00640759847776663
1.4598358617259493,0.0043862233839019535,-0.004613600136184702,0.006365866931541359
1.4623228052723307,0.004448520907494239,-0.004495319414461554,0.006324336716403416
1.4648097488187124,0.004507996204950237,-0.004376545752387925,0.0062830074412331014
1.4672966923650939,0.004564657180386628,-0.004257341267213093,0.006241878710770563
1.4697836359114753,0.004618513014324862,-0.00413776751370101,0.006200950125660386
1.4722705794578568,0.004669574143456262,-0.004017885459801362,0.006160221282496148
1.4747575230042385,0.004717852239990196,-0.0038977554629208255,0.006119691773864893
1.47724446655062,0.0047633601906017006,-0.003777437246800073,0.006079361188391556
1.4797314100970014,0.004806112074994508,-0.003656989879002178,0.006039229110783295
1.4822183536433828,0.004846123144095884,-0.0035364717490171493,0.005999295121873751
1.4847052971897645,0.004883409797899332,-0.0034159405469874568,0.005959558798667243
1.487192240736146,0.004917989562971585,-0.003295453243058451,0.005920019714382876
1.4896791842825274,0.004949881069639903,-0.0031750660673577386,0.005880677438498562
1.492166127828909,0.004979104028876119,-0.0030548344906066315,0.005841531536794977
1.4946530713752906,0.005005679208893442,-0.0029348132053668673,0.005802581571399391
1.497140014921672,0.00502962841147232,-0.0028150561079251456,0.00576382710082947
1.4996269584680535,0.005050974448031454,-0.002695616280817555,0.005725267680036918
1.502113902014435,0.005069741115460038,-0.0025765459759959277,0.00568690286045109
1.5046008455608166,0.005085953171727244,-0.002457896598637431,0.0056487321900224536
1.507087789107198,0.005099636311284986,-0.0023397186915984657,0.005610755213265998
1.5095747326535796,0.005110817140279772,-0.0022220619205135547,0.005572971471304505
1.512061676199961,0.005119523151589506,-0.0021049750595396126,0.005535380501911746
1.5145486197463427,0.005125782699700929,-0.001988505977745481,0.00549798183955557
1.5170355632927242,0.005129624975443345,-0.0018727016261462827,0.0054607750154408545
1.5195225068391056,0.005131079980594171,-0.0017576080253818738,0.005423759557552404
1.522009450385487,0.005130178502371612,-0.0016432702540382833,0.0053869349906976675
1.5244963939318688,0.005126952087829883,-0.0015297324376106478,0.005350300836549419
1.5269833374782502,0.005121433018172004,-0.0014170377381057678,0.005313856613688245
1.5294702810246317,0.005113654282995301,-0.0013052283442821899,0.005277601837644994
1.5319572245710131,0.005103649554484356,-0.0011943454625253298,0.005241536020943022
1.5344441681173948,0.00509145316156625,-0.001084429308354817,0.0052056586731403995
1.5369311116637763,0.0050771000640425935,-0.000975519098560857,0.00516996930087194
1.5394180552101577,0.005060625826712761,-0.0008676530439662029,0.005134467407891108
1.5419049987565392,0.005042066593502588,-0.0007608683428100115,0.0050991524951118335
1.5443919423029209,0.005021459061612542,-0.0006552011747494596,0.005064024060650166
1.5468788858493023,0.0049988404556992865,-0.0005506866954747301,0.005029081599865797
1.5493658293956838,0.004974248502104294,-0.0004473590319327304,0.004994324605403477
1.5518527729420653,0.004947721403143018,-0.00034525127815463364,0.004959752567234269
1.554339716488447,0.004919297811467901,-0.0002443954916819752,0.004925364972696678
1.5568266600348284,0.004889016804518321,-0.00014482269058576616,0.004891161306537645
1.5593136035812099,0.004856917859070354,-4.656285107288946e-05,0.004857141050953388
1.5618005471275913,0.004823040825899,5.035509432621832e-05,0.0048233036856301205
1.564287490673973,0.00478742590456535,0.00014590325799492053,0.004789648687784616
1.5667744342203545,0.0047501136183408605,0.0002400547978993343,0.004756175532204608
1.569261377766736,0.0047111447892807965,0.0003327839176956238,0.004722883691289088
1.5717483213131174,0.004670560513458542,0.00042406586628260316,0.004689772635088414
1.574235264859499,0.004628402136372327,0.0005138769368069179,0.0046568418313442834
1.5767222084058805,0.004584711228535662,0.0006021944651282894,0.00462409074552956
1.579209151952262,0.004539529561262484,0.0006889968277524516,0.004591518840887938
1.5816960954986434,0.004492899082657847,0.000774263439239618,0.004559125578473452
1.584183039045025,0.004444861893824671,0.000857974749096581,0.004526910417189851
1.5866699825914066,0.004395460225296813,0.0009401122381607344,0.004494872813829763
1.589156926137788,0.004344736413708552,0.0010206584144844275,0.00446301222311377
1.5916438696841695,0.004292732878710192,0.0010995968087282424,0.0044313280977292605
1.5941308132305512,0.004239492100139328,0.0011769119690720135,0.004399819888369152
1.5966177567769326,0.004185056595457013,0.0012525894556525746,0.004368487043770446
1.599104700323314,0.004129468897457775,0.001326615834537303,0.004337329010752612
1.6015916438696955,0.004072771532262235,0.001398978671242695,0.004306345234255802
1.6040785874160772,0.004015006997600745,0.0014696665238073854,0.004275535157378902
1.6065655309624587,0.003956217741396196,0.0015386689354291853,0.004244898221417422
1.6090524745088401,0.0038964461406539056,0.0016059764266757464,0.004214433865901198
1.6115394180552216,0.0038357344806662233,0.0016715804872786055,0.004184141528631932
1.6140263616016033,0.0037741249345391646,0.0017354735675205284,0.0041540206457205625
1.6165133051479847,0.003711659543048159,0.0017976490692261575,0.004124070651624452
1.6190002486943662,0.003648380194829692,0.0018581013363660308,0.004094290979184402
1.6214871922407477,0.003584328606915378,0.0019168256452841235,0.004064681059661487
1.6239741357871293,0.0035195463056147034,0.0019738181945591973,0.0040352403227737295
1.6264610793335108,0.0034540746077523447,0.002029076094510315,0.004005968196732563
1.6289480228798923,0.0033879546022658074,0.0020825973563569134,0.0039768641082791436
1.6314349664262737,0.0033212271321687668,0.0021343808810438624,0.003947927482720465
1.6339219099726554,0.003253932776885245,0.0021844264477420675,0.003919157743965296
1.6364088535190369,0.003186111834959448,0.002232734702035209,0.0038905543145599337
1.6388957970654183,0.0031178043071458635,0.0022793071438032093,0.0038621166157237715
1.6413827406117998,0.0030490498798839217,0.0023241461148130397,0.0038338440673846797
1.6438696841581815,0.0029798879091612455,0.002367254786027592,0.0038057360882141995
1.646356627704563,0.0029103574047692183,0.00240863714464331,0.003777792095662557
1.6488435712509444,0.0028404970149543685,0.002448297980867276,0.0037500115059934764
1.6513305147973258,0.0027703450114687964,0.0024862428744444696,0.0037223937343188107
1.6538174583437075,0.002699939275022577,0.002522478180945918,0.0036949381946329856
1.656304401890089,0.0026293172811407946,0.0025570110178284944,0.0036676442998472376
1.6587913454364704,0.002558516086427633,0.002589849250277047,0.0036405114618236756
1.661278288982852,0.0024875723152396998,0.002621001476839535,0.0036135390914091444
1.6637652325292336,0.0024165221467704373,0.0026504770148658503,0.0035867265984688866
1.666252176075615,0.002345401302547254,0.0026782858857610004,0.0035600733919200237
1.6687391196219965,0.002274245034342742,0.0027044388000632275,0.003533578879764827
1.671226063168378,0.002203088112501139,0.002728947142357613,0.0035072424691238004
1.6737130067147596,0.002131964814680877,0.002751822956035717,0.0034810635662685645
1.676199950261141,0.002060908915013828,0.002773078927911736,0.003455041576654553
1.6786868938075226,0.0019899536736816114,0.0027927283727055495,0.0034291759049534815
1.681173837353904,0.0019191318269091604,0.002810785217403031,0.003403465955085653
1.6836607809002857,0.0018484755773753862,0.0028272639855038907,0.00337791113025204
1.6861477244466672,0.0017780165850405918,0.0028421797811672886,0.0033525108329661734
1.6886346679930486,0.0017077859583900798,0.002855548273265325,0.0033272644650858317
1.69112161153943,0.001637814246093163,0.002867385679354455,0.0033021714278445215
1.6936085550858118,0.0015681314290765412,0.002877708749574801,0.0032772311218827706
1.6960954986321932,0.001498766913010753,0.0028865347504872362,0.0032524429472791977
1.6985824421785747,0.0014297495212082683,0.00289388144885801,0.003227806303581398
1.7010693857249561,0.0013611074879315427,0.0028997670954005682,0.003203320589836609
1.7035563292713378,0.0012928684521091394,0.0029042104084841583,0.0031789852046221925
1.7060432728177193,0.001225059451457714,0.002907230557818674,0.003154799546075876
1.7085302163641007,0.0011577069170077493,0.002908847148125063,0.003130763011925831
1.7110171599104822,0.0010908366680303584,0.0029090802028005507,0.003106874999520526
1.7135041034568639,0.0010244739073625175,0.002907950147587745,0.0030831349058583557
1.7159910470032453,0.0009586432171278479,0.002905477794256661,0.0030595421276171015
1.7184779905496268,0.0008933685548498614,0.0029016843243084324,0.003036096061183146
1.7209649340960083,0.00082867324995442,0.0028965912727095104,0.0030127961026805185
1.72345187764239,0.0007645800006579224,0.0028902205116648504,0.0029896416479996894
1.7259388211887714,0.0007011108712376506,0.0028825942344386187,0.002966632092826204
1.7284257647351529,0.0006382872896804938,0.002873734939230614,0.0029437668326690635
1.7309127082815343,0.0005761300457061042,0.002863665413116654,0.0029210452628889365
1.733399651827916,0.0005146592891603384,0.002852408716060859,0.0028984667787261224
1.7358865953742975,0.0004538945287747642,0.0028399881650077534,0.002876030775328347
1.738373538920679,0.0003938546312878239,0.0028264273180618233,0.002853736647778316
1.7408604824670604,0.0003345578209230874,0.0028117499587621162,0.002831583791121069
1.743347426013442,0.00027602167921987126,0.0027959800804592734,0.0028095716003911347
1.7458343695598235,0.0002182631452114086,0.0027791418708021974,0.002787699470639458
1.748321313106205,0.0001612985159456232,0.0027612596963414427,0.0027659667969601323
1.7508082566525864,0.00010514344734338891,0.002742358087256213,0.0027443729745169126
1.7532952001989681,4.981295538904094e-05,0.00272246172221172,0.0027229173985695186
1.7557821437453496,-4.6785823521794066e-06,0.002701595413353452,0.002701599464499731
1.758269087291731,-5.8317424895174957e-05,0.0026797840914447642,0.002680418567837278
1.7607560308381125,-0.00011109046568011568,0.0026570527911540087,0.002659374104285505
1.7632429743844942,-0.00016298523010731326,0.00263342663649726,0.002638465469746839
1.7657299179308756,-0.0002139898727675876,0.0026089308264425214,0.002617692060348036
1.768216861477257,-0.0002640931743739605,0.002583590620681118,0.00259705327246523
1.7707038050236386,-0.0003132845384006379,0.002557431325571802,0.0025765485027487538
1.7731907485700202,-0.0003615539874353273,0.002530478280262935,0.002556177148147766
1.7756776921164017,-0.0004088921592509784,0.002502756842997912,0.0025359386059346555
1.7781646356627832,-0.00045529030260310903,0.0024742923776088356,0.002515832273729236
1.7806515792091646,-0.0005007402727589937,0.002445110240203271,0.0024958575495227387
1.7831385227555463,-0.0005452345267650439,0.002415235766048704,0.002476013831701586
1.7856254663019278,-0.0005887661184587455,0.0023846942566591797,0.0024563005190709575
1.7881124098483092,-0.0006313286932315722,0.0023535109670884077,0.00243671701087814
1.7905993533946907,-0.0006729164825493803,0.0023217110934334495,0.0024172627068356836
1.7930862969410724,-0.0007135242982368357,0.0022893197605528817,0.0023979370071443226
1.7955732404874538,-0.0007531475265324355,0.0022563620100032257,0.002378739312515712
1.7980601840338353,-0.0007917821219207256,0.0022228627881971906,0.0023596690241949343
1.8005471275802167,-0.0008294246007483762,0.0021888469347871265,0.0023407255439828055
1.8030340711265984,-0.0008660720346308215,0.0021543391712769084,0.002321908274257975
1.8055210146729799,-0.0009017220436561388,0.0021193640898652722,0.002303216617998806
1.8080079582193613,-0.0009363727893928874,0.0020839461425234884,0.0022846499788050562
1.8104949017657428,-0.0009700229677086622,0.002048109630310044,0.0022662077609193437
1.8129818453121245,-0.0010026718014061312,0.0020118786929248446,0.002247889369248406
1.815468788858506,-0.0010343190326833071,0.001975277298505277,0.0022296942093841562
1.8179557324048874,-0.001064964915424798,0.0019383292336662985,0.0022116216876245194
1.8204426759512689,-0.0010946102073308272,0.0019010580937865505,0.0021936712109940698
1.8229296194976505,-0.0011232561618907957,0.0018634872735423106,0.0021758421872644616
1.825416563044032,-0.0011509045202081265,0.0018256399576909393,0.0021581340249746477
1.8279035065904135,-0.0011775575026831172,0.0017875391121053169,0.002140546133450892
1.830390450136795,-0.0012032178005605505,0.001749207475060594,0.0021230779228265805
1.8328773936831766,-0.001227888567348775,0.001710667548774394,0.0021057288040618196
1.835364337229558,-0.0012515734101169274,0.0016719415912014731,0.0020884981889628318
1.8378512807759395,-0.001274276380676948,0.001633051608083684,0.0020713854902011477
1.840338224322321,-0.0012960019666570237,0.001594019345255907,0.0020543901213325925
1.8428251678687027,-0.0013167550824730622,0.0015548662812084478,0.002037511496816062
1.845312111415084,-0.0013365410602047482,0.0015156136199062946,0.002020749032032106
1.8477990549614656,-0.0013553656403826736,0.001476282283865424,0.0020041021433012955
1.850285998507847,-0.0013732349626930421,0.0014368929074862293,0.001987570247902396
1.8527729420542287,-0.0013901555566063655,0.0013974658306439563,0.001971152764090332
1.8552598856006102,-0.0014061343319365254,0.00135802109253592,0.001954849111113958
1.8577468291469916,-0.0014211785693365026,0.0013185784257851297,0.0019386587092336132
1.860233772693373,-0.0014352959107370642,0.0012791572507997915,0.0019225809797384918
1.8627207162397548,-0.0014484943497345977,0.0012397766703880013,0.0019066153449637956
1.8652076597861362,-0.0014607822219342532,0.0012004554646268537,0.0018907612283077017
1.8676946033325177,-0.0014721681952544429,0.0011612120859850255,0.0018750180542481231
1.8701815468788991,-0.001482661260198722,0.0011220646546977507,0.001859385248359265
1.8726684904252808,-0.0014922707201010098,0.0010830309543929976,0.0018438622373279936
1.8751554339716623,-0.001501006181349999,0.001044128427967506,0.0018284484489700008
1.8776423775180437,-0.001508877543598541,0.0010053741737112588,0.0018131433122457706
1.8801293210644252,-0.0015158949899637343,0.0009667849416788012,0.0017979462572763494
1.8826162646108069,-0.0015220689772233592,0.0009283771303056982,0.0017828567153589225
1.8851032081571883,-0.0015274102260142027,0.0008901667832683414,0.0017678741189821928
1.8875901517035698,-0.001531929711037736,0.0008521695865851815,0.0017529979018415626
1.8900770952499513,-0.001535638651278544,0.0008144008659573508,0.0017382274988541255
1.892564038796333,-0.0015385485002408006,0.000776875584346519,0.00172356234617346
1.8950509823427144,-0.0015406709362079964,0.0007396083397877478,0.0017090018812042347
1.8975379258890959,-0.0015420178525310231,0.0007026133634350018,0.0016945455426166137
1.9000248694354773,-0.0015426013479496509,0.0006659045178368615,0.0016801927703604792
1.902511812981859,-0.001542433716952323,0.0006294952954398804,0.0016659430056794565
1.9049987565282405,-0.001541527440179099,0.0005933988173169556,0.0016517956911247492
1.907485700074622,-0.0015398951748724703,0.0005576278321179982,0.0016377502705687867
1.9099726436210034,-0.001537549745380696,0.0005221947152400747,0.0016238061892186843
1.912459587167385,-0.001534504133718185,0.00048711146821410267,0.0016099628936295071
1.9149465307137665,-0.001530771470187364,0.0004523897183051396,0.001596219831717357
1.917433474260148,-0.0015263650240663464,0.00041804071832320035,0.001582576452772262
1.9199204178065294,-0.0015212981943666418,0.0003840753466414688,0.0015690322074708885
1.9224073613529111,-0.001515584500665023,0.0003505041074186738,0.0015555865478890617
1.9248943048992926,-0.0015092375740135653,0.00031733713102236733,0.0015422389275141057
1.927381248445674,-0.0015022711479317624,0.00028458417464976627,0.0015289888012569954
1.9298681919920555,-0.0014946990494845275,0.00025225462314274047,0.00151583562546433
1.9323551355384372,-0.0014865351904497692,0.00022035748999346485,0.0015027788579301186
1.9348420790848186,-0.0014777935585791318,0.00018890141853722048,0.0014898179579073906
1.9373290226312,-0.0014684882089553678,0.00015789468332877253,0.0014769523861196193
1.9398159661775816,-0.0014586332554497176,0.0001273451916986805,0.0014641816047719677
1.9423029097239632,-0.001448242862282554,9.726048548584975e-05,0.001451505077562358
1.9447898532703447,-0.0014373312356904307,6.764774294260454e-05,0.001438922269692359
1.9472767968167262,-0.0014259126157025782,3.851378080852424e-05,0.0014264326478778924
1.9497637403631076,-0.0014140012680297761,9.865056549220233e-06,0.0014140356803597758
1.9522506839094893,-0.0014016114760684077,-1.8292329243804343e-05,0.0014017308369140718
1.9547376274558708,-0.0013887575330224172,-4.5952630296082996e-05,0.001389517588862278
1.9572245710022522,-0.0013754537341457475,-7.311045193980632e-05,0.0013773954090813294
1.9597115145486337,-0.0013617143691077632,-9.976074825408667e-05,0.00136536377201344
1.9621984580950154,-0.001347553714484017,-0.00012589881905984384,0.0013534221536757609
1.9646854016413968,-0.0013329860263746344,-0.00015152030677329054,0.001341570031669875
1.9671723451877783,-0.0013180255331524623,-0.00017662119312203146,0.0013298068851911103
1.9696592887341597,-0.0013026864283430546,-0.00020119779572777953,0.0013181321950376985
1.9721462322805414,-0.0012869828636383942,-0.0002252467645597995,0.0013065454436197539
1.9746331758269229,-0.0012709289420462103,-0.00024876507826305773,0.0012950461149680828
1.9771201193733043,-0.0012545387111766045,-0.0002717500403651816,0.001283633694742832
1.9796070629196858,-0.0012378261566676023,-0.0002941992753663042,0.0012723076702419686
1.9820940064660675,-0.001220805195751132,-0.0003161107247158595,0.0012610675304095915
1.984580950012449,-0.0012034896709608508,-0.0003374826426804006,0.0012499127658440823
1.9870678935588304,-0.001185893343983103,-0.0003583135921065246,0.0012388428688060915
1.9895548371052119,-0.0011680298896522094,-0.00037860244008298976,0.001227857333226359
1.9920417806515935,-0.0011499128900911814,-0.00039834835350608235,0.0012169556547133753
1.994528724197975,-0.0011315558289988557,-0.00041755079455228853,0.001206137330560884
1.9970156677443565,-0.0011129720860843248,-0.0004362095160623407,0.0011954018597552184
1.999502611290738,-0.0010941749316494727,-0.0004543245568406472,0.001184748742982485
2.0019895548371194,-0.0010751775213202776,-0.000471896236874188,0.0011741774826355834
2.004476498383501,-0.0010559928909275082,-0.0004889251524748125,0.0011636875828210742
2.0069634419298827,-0.0010366339515372907,-0.000505412171348961,0.0011532785493658891
2.009450385476264,-0.0010171134846319332,-0.0005213584275988129,0.0011429498898238805
2.0119373290226457,-0.0009974441374413507,-0.000536765316658735,0.001132701113482225
2.014424272569027,-0.000977638418425274,-0.0005516344901710044,0.0011225317313676684
2.0169112161154086,-0.0009577086929063744,-0.0005659678508046834,0.0011124412562526205
2.0193981596617903,-0.0009376671788543446,-0.000579767547021486,0.0011024292026610943
2.0218851032081715,-0.000917525942820857,-0.0005930359677925304,0.001092495086874502
2.024372046754553,-0.000897296896025281,-0.0006057757372697035,0.0010826384269372932
2.026858990300935,-0.0008769917905909237,-0.0006179897094154403,0.0010728587426624507
2.029345933847316,-0.0008566222159314545,-0.000629680962594676,0.0010631555556368378
2.031832877393698,-0.000836199595287156,-0.0006408527941325976,0.0010535283892263941
2.034319820940079,-0.0008157351824104946,-0.000651508714841902,0.001043976768581193
2.0368067644864607,-0.0007952400584004628,-0.0006616524435231502,0.0010345002206403472
2.0392937080328424,-0.0007747251286850676,-0.0006712879014417777,0.0010250982741367776
2.0417806515792236,-0.000754201120151217,-0.000680419206785325,0.001015770459601834
2.0442675951256053,-0.0007336785784212658,-0.000689050669104316,0.0010065163093697762
2.046754538671987,-0.0007131678652753351,-0.0006971867837402447,0.000997335357582115
2.049241482218368,-0.0006926791562184531,-0.0007048322262440745,0.0009882271401918114
2.05172842576475,-0.0006722224381915644,-0.0007119918467885413,0.000979191194967341
2.054215369311131,-0.0006518075074252981,-0.0007186706645775778,0.0009702270614966155
2.056702312857513,-0.0006314439674353697,-0.0007248738622560848,0.0009613342811907697
2.0591892564038945,-0.0006111412271584397,-0.0007306067803232185,0.0009525123972878167
2.0616761999502757,-0.0005909084992271101,-0.0007358749115523488,0.0009437609548561609
2.0641631434966574,-0.0005707547983827991,-0.0007406838954207224,0.0009350795007979832
2.066650087043039,-0.00055068894002508,-0.0007450395125518675,0.00092646758385249
2.0691370305894203,-0.0005307195388960192,-0.0007489476791737136,0.000917924754599033
2.071623974135802,-0.0005108550078980709,-0.00075241444159529,0.0009094505654600971
2.0741109176821833,-0.0004911035570439347,-0.0007554459707048767,0.0009010445707041572
2.076597861228565,-0.00047147319253678955,-0.0007580485564923795,0.0008927063264484087
2.0790848047749466,-0.0004519717159792619,-0.0007602286025986461,0.0008844353906613692
2.081571748321328,-0.0004326067237093921,-0.0007619926208944095,0.0008762313231653533
2.0840586918677095,-0.0004133856062618951,-0.0007633472260914281,0.0008680936856388211
2.086545635414091,-0.0003943155479529062,-0.0007642991303883794,0.0008600220416186049
2.0890325789604725,-0.0003754035265863468,-0.0007648551381539938,0.0008520159565020076
2.091519522506854,-0.0003566563132800882,-0.0007650221406498204,0.000844074997548783
2.0940064660532354,-0.00033808047240995495,-0.0007648071107949883,0.0008361987338829901
2.096493409599617,-0.00031968236166963045,-0.0007642170979752553,0.0008283867364947325
2.0989803531459987,-0.00030146813224448516,-0.0007632592228985483,0.0008206385782417704
2.10146729669238,-0.00028344372909726886,-0.0007619406724991843,0.000812953833851022
2.1039542402387617,-0.0002656148913636578,-0.000760268694892832,0.0008053320799199406
2.1064411837851433,-0.00024798715285555126,-0.0007582505943842668,0.0007977728949177807
2.1089281273315246,-0.00023056584266997564,-0.0007558937265298801,0.0007902758591867431
2.1114150708779063,-0.00021335608590150704,-0.0007532054932568321,0.0007828405549430094
2.1139020144242875,-0.00019636280445600761,-0.0007501933380406946,0.0007754665662776625
2.116388957970669,-0.00017959071796349473,-0.0007468647411433434,0.0007681534791574902
2.118875901517051,-0.0001630443447879503,-0.0007432272149128106,0.0007609008814256855
2.121362845063432,-0.00014672800313179338,-0.0007392882991467352,0.0007537083628024279
2.1238497886098138,-0.0001306458122328208,-0.0007350555565209766,0.0007465755148853572
2.1263367321561955,-0.00011480169365132373,-0.0007305365680849158,0.0007395019311499457
2.1288236757025767,-9.919937264507391e-05,-0.0007257389288248718,0.0007324872069497518
2.1313106192489584,-8.384237962993656e-05,-0.0007206702432970256,0.0007255309395165753
2.1337975627953396,-6.873405172376264e-05,-0.0007153381213311571,0.0007186327279605028
2.1362845063417213,-5.387753437125716e-05,-0.0007097501738064551,0.0007117921732698521
2.138771449888103,-3.9275783047510276e-05,-0.0007039140085005777,0.0007050088783110085
2.141258393434484,-2.493156503782123e-05,-0.0006978372260130983,0.0006982824478281631
2.143745336980866,-1.0847461291524938e-05,-0.000691527415764388,0.0006916124884429458
2.1462322805272476,2.974131652543977e-06,-0.0006849921520709375,0.0006849986086539599
2.148719224073629,1.6530999671315897e-05,-0.0006782389902980574,0.0006784404188362169
2.1512061676200105,2.982110899577846e-05,-0.0006712754630908245,0.000671937531240471
2.1536931111663917,4.2842604084678656e-05,-0.0006641090766840948,0.0006654895599924596
2.1561800547127734,5.559380543596527e-05,-0.0006567473072923271,0.000659096121092041
2.158666998259155,6.807320733830098e-05,-0.0006491975975799239,0.0006527568324122452
2.1611539418055363,8.027947556501339e-05,-0.0006414673532127014,0.0006464713136982199
2.163640885351918,9.221144501277185e-05,-0.0006335639394910882,0.0006402391865660916
2.1661278288982997,0.00010386811728733248,-0.0006254946780655481,0.0006340600745017294
2.168614772444681,0.00011524865823868565,-0.0006172668437346932,0.0006279336028594166
2.1711017159910626,0.0001263523954478672,-0.0006088876613264938,0.0006218593988604347
2.173588659537444,0.0001371788156677606,-0.0006003643026629217,0.0006158370915915552
2.1760756030838255,0.0001477275622201579,-0.0005917038836083211,0.0006098663120034425
2.178562546630207,0.00015799843235133875,-0.0005829134612017477,0.0006039466929089702
2.1810494901765884,0.00016799137454844975,-0.0005740000308734444,0.0005980778689814502
2.18353643372297,0.00017770648581888238,-0.0005649705237455963,0.0005922594767527743
2.186023377269352,0.00018714400893488916,-0.0005558318040174374,0.0005864911546114747
2.188510320815733,0.00019630432964565646,-0.0005465906664347219,0.000580772542800694
2.1909972643621147,0.00020518797385898243,-0.0005372538338435567,0.0005751032834160786
2.193484207908496,0.00021379560479475114,-0.0005278279548285021,0.0005694830204035873
2.1959711514548776,0.0002221280201123363,-0.0005183196014348219,0.0005639113995572169
2.1984580950012593,0.00023018614901404685,-0.0005087352669747194,0.000558388068516651
2.2009450385476406,0.0002379710493267404,-0.0004990813639173239,0.0005529126767648271
2.2034319820940222,0.0002454839045636429,-0.0004893642218621803,0.0005474848756254266
2.205918925640404,0.0002527260209684426,-0.00047959008559592787,0.0005421043182602875
2.208405869186785,0.00025969882454369764,-0.00046976511323180005,0.0005367706596667372
2.210892812733167,0.00026640385806552425,-0.0004598953744315746,0.0005314835566748554
2.213379756279548,0.0002728427780865614,-0.00044998684870951487,0.0005262426679446588
2.2158666998259298,0.00027901735192914745,-0.00044004542381782894,0.0005210476539632113
2.2183536433723114,0.0002849294546706193,-0.0004300768942131345,0.0005158981770416641
2.2208405869186927,0.00029058106612264234,-0.00042008695960335507,0.0005107939013122242
2.2233275304650744,0.00029597426780639523,-0.00041008122357446164,0.0005057344927250457
2.225814474011456,0.00030111123992545956,-0.00040006519229643476,0.0005007196190450609
2.2283014175578373,0.00030599425833821223,-0.0003900442733077488,0.0004957489498487338
2.230788361104219,0.0003106256915314708,-0.0003800237743777008,0.0004908221565207484
2.2332753046506,0.0003150079975971274,-0.00037000890244584154,0.0004859389122506327
2.235762248196982,0.0003191437212134776,-0.0003600047626377235,0.00048109889202930985
2.2382491917433636,0.0003230354906329171,-0.0003500163573561691,0.0004763017726455896
2.240736135289745,0.0003266860146776197,-0.0003400485854472329,0.0004715472326825914
2.2432230788361265,0.0003300980797448088,-0.0003301062414399899,0.00046683495251410536
2.245710022382508,0.00033327454682319897,-0.00032019401485924436,0.0004621646143008902
2.2481969659288894,0.0003362183485221129,-0.00031031648961026177,0.00045753590198690716
2.250683909475271,0.0003389324861147941,-0.0003004781434345617,0.00045294850129549627
2.2531708530216523,0.0003414200265973632,-0.00029068334743580194,0.0004484020997254889
2.255657796568034,0.0003436840997648444,-0.00028093636567476696,0.0004438963865472639
2.2581447401144157,0.0003457278953056631,-0.0002712413548324192,0.000439431052798741
2.260631683660797,0.0003475546599159526,-0.00026160236393999787,0.00043500579128132136
2.2631186272071786,0.00034916769443499513,-0.00025202333417508597,0.00043062029655576757
2.2656055707535603,0.0003505703510030889,-0.00024250809872255514,0.00042627426493802966
2.2680925142999415,0.0003517660302430648,-0.00023306038269930364,0.00042196739449501384
2.270579457846323,0.0003527581784666813,-0.0002236838031416519,0.00041769938504029934
2.2730664013927044,0.00035355028490705953,-0.0002143818690542601,0.0004134699381298003
2.275553344939086,0.00035414587897829156,-0.00020515798151941872,0.00040927875705737394
2.278040288485468,0.00035454852756333535,-0.00019601543386552574,0.00040512554685038
2.280527232031849,0.00035476183233123663,-0.00018695741189358547,0.0004010100142651854
2.2830141755782307,0.00035478942708471817,-0.000177986994160524,0.00039693186778262207
2.2855011191246124,0.00035463497513912157,-0.0001691071523180957,0.000392890817603391
2.2879880626709936,0.0003543021667336508,-0.00016032075150618756,0.00038888657564342384
2.2904750062173753,0.00035379471647583064,-0.00015163055079926515,0.00038491885552919067
2.2929619497637566,0.00035311636082006566,-0.00014303920370473,0.00038098737259296413
2.2954488933101382,0.00035227085558113097,-0.00013454925871194098,0.0003770918438680355
2.29793583685652,0.00035126197348341596,-0.00012616315989062645,0.0003732319880838884
2.300422780402901,0.0003500935017466722,-0.00011788324753744342,0.0003694075256613234
2.302909723949283,0.00034876923970901156,-0.00010971175886940499,0.0003656181787075424
2.3053966674956645,0.0003472929964878522,-0.00010165082876288898,0.0003618636710111883
2.3078836110420458,0.00034566858867946665,-9.370249053697175e-05,0.000358143728037342
2.3103705545884274,0.0003438998380977671,-8.58686767797878e-05,0.00035445807692247906
2.3128574981348087,0.00034199056955291695,-7.815122021663553e-05,0.0003508064464693851
2.3153444416811904,0.00033994460867032357,-7.055185461855038e-05,0.0003471885671420309
2.317831385227572,0.00033776577975053987,-6.307221575003929e-05,0.0003436041710604074
2.3203183287739533,0.0003354579036705591,-5.57138423547143e-05,0.0003400529919953243
2.322805272320335,0.00033302479582695844,-4.84781771775279e-05,0.0003365347653631689
2.3252922158667166,0.0003304702641213153,-4.136656802231567e-05,0.0003330492282206292
2.327779159413098,0.00032779810698827915,-3.438026884338776e-05,0.0003295961192593792
2.3302661029594796,0.00032501211146665943,-2.7520440869872887e-05,0.0003261751788007303
2.332753046505861,0.00032211605131384803,-2.0788153761546726e-05,0.00032278614879024676
2.3352399900522425,0.0003191136851638698,-1.418438679488054e-05,0.0003194287727923273
2.337726933598624,0.0003160087547293174,-7.71003007802882e-06,0.0003161027959847524
2.3402138771450054,0.0003128049830474025,-1.3658857935195594e-06,0.00031280796515320184
2.342700820691387,0.0003095060727703143,4.847330532615185e-06,0.0003095440286857357
2.3451877642377688,0.00030611570450005734,1.0928988736522085e-05,0.0003063107365672471
2.34767470778415,0.0003026375351679041,1.687854269823798e-05,0.0003031078403738851
2.3501616513305317,0.00029907519645856615,2.2695529000674095e-05,0.0002999350932674441
2.352648594876913,0.0002954322932791677,2.8379565567085955e-05,0.0002967922499897271
2.3551355384232946,0.00029171240227306795,3.393035027823223e-05,0.00029367906685687993
2.3576224819696763,0.0002879190703785534,3.934765957043654e-05,0.0002905953017536955
2.3601094255160575,0.0002840558134323983,4.463134701571966e-05,0.0002875407141278937
2.362596369062439,0.000280126114818258,4.978134188518761e-05,0.0002845150649843727
2.365083312608821,0.00027613342415983537,5.47976476968484e-05,0.00028151811687943546
2.367570256155202,0.0002720811560587387,5.9680340748989874e-05,0.00027854963391499055
2.370057199701584,0.00026797268887691705,6.442956864027208e-05,0.0002756093817327279
2.372544143247965,0.00026381136356354133,6.904554877765465e-05,0.0002726971275082715
2.3750310867943467,0.0002596004825261707,7.352856687326556e-05,0.000269812639945309
2.3775180303407284,0.00025534330854601675,7.787897543132213e-05,0.0002669556892696966
2.3800049738871096,0.00025104306373710793,8.209719222616926e-05,0.0002641260472235448
2.3824919174334913,0.00024670292854911803,8.618369877251062e-05,0.00026132348705928076
2.384978860979873,0.00024232604081360844,9.013903878889207e-05,0.0002585477835336904
2.3874658045262542,0.0002379154948334159,9.396381665545669e-05,0.00025579871290194056
2.389952748072636,0.00023347434051488697,9.765869586700413e-05,0.0002530760529115811
2.392439691619017,0.0002290055825426493,0.00010122439748235356,0.0002503795827965285
2.394926635165399,0.00022451217959658544,0.00010466169857099228,0.0002477090832710312
2.3974135787117805,0.00021999704361065183,0.00010797143065799103,0.0002450643365236166
2.3999005222581618,0.00021546303907317893,0.00011115447816812341,0.00024244512621102133
2.4023874658045434,0.0002109129823682591,0.00011421177687013052,0.000239851237452105
2.404874409350925,0.00020634964115781197,0.00011714431232205372,0.00023728245682174787
2.4073613528973064,0.00020177573380391088,0.00011995311831851946,0.00023473857234473296
2.409848296443688,0.00019719392883092376,0.0001226392753408672,0.0002322193734896132
2.4123352399900693,0.00019260684442701608,0.000125203909010978,0.00022972465116256468
2.414822183536451,0.00018801704798454563,0.00012764818854964287,0.00022725419770122646
2.4173091270828326,0.00018342705567885668,0.0001299733252403041,0.0002248078068685255
2.419796070629214,0.0001788393320849852,0.00013218057089896268,0.00022238527384649216
2.4222830141755956,0.00017425628983175364,0.00013427121635104083,0.00021998639523005995
2.4247699577219772,0.00016968028929273022,0.0001362465899159741,0.00021761096902085664
2.4272569012683585,0.0001651136383135195,0.0001381080559002648,0.00021525879462098264
2.42974384481474,0.00016055859197483028,0.00013985701309973547,0.0002129296728267801
2.4322307883611214,0.00015601735239076093,0.00014149489331168475,0.00021062340582259114
2.434717731907503,0.00015149206854173344,0.00014302315985763187,0.00020833979717450765
2.4372046754538848,0.0001469848361414875,0.00014444330611732519,0.00020607865182411118
2.439691619000266,0.00014249769753755303,0.00014575685407465231,0.00020383977608220491
2.4421785625466477,0.00013803264164459763,0.0001469653528760866,0.00020162297762253828
2.4446655060930294,0.00013359160391003476,0.00014807037740228104,0.00019942806547552317
2.4471524496394106,0.00012917646631128816,0.00014907352685339032,0.00019725485002194457
2.4496393931857923,0.00012478905738407957,0.0001499764233486959,0.00019510314298666327
2.4521263367321735,0.00012043115228111469,0.00015078071054108231,0.00019297275743231397
2.454613280278555,0.0001161044728605315,0.00015148805224689073,0.00019086350775299765
2.457100223824937,0.0001118106878034628,0.00015210013109166667,0.00018877520966796888
2.459587167371318,0.00010755141276007436,0.00015261864717228257,0.0001867076802153183
2.4620741109177,0.00010332821052342374,0.00015304531673591157,0.00018466073774565201
2.4645610544640815,9.914259123047732e-05,0.0001533818708763053,0.0001826342019157669
2.4670479980104627,9.499601258963671e-05,0.0001536300542478,0.00018062789368232244
2.4695349415568444,9.088988013410376e-05,0.00015379162379747086,0.0001786416352955115
2.4720218851032256,8.682554750042006e-05,0.0001538683475158228,0.00017667525029272695
2.4745088286496073,8.280431673151686e-05,0.0001538620032063933,0.00017472856349222797
2.476995772195989,7.882743860359602e-05,0.0001537743772746248,0.00017280140098680435
2.4794827157423702,7.489611297618296e-05,0.0001536072635363397,0.000170893590137441
2.481969659288752,7.101148916467193e-05,0.00015336246204613558,0.00016900495956698045
2.4844566028351336,6.717466633468885e-05,0.00015304177794600563,0.0001671353391537866
2.486943546381515,6.338669391760744e-05,0.0001526470203344584,0.00016528456002540894
2.4894304899278965,5.964857204653895e-05,0.0001521800011564041,0.0001634524545522468
2.4919174334742777,5.596125201212667e-05,0.00015164253411405077,0.00016163885634121457
2.4944043770206594,5.2325636737475806e-05,0.0001510364335990412,0.0001598436002294113
2.496891320567041,4.8742581271547194e-05,0.00015036351364603503,0.00015806652227778894
2.4993782641134223,4.521289330035292e-05,0.00014962558690793227,0.0001563074597648247
2.501865207659804,4.173733367528115e-05,0.0001488244636529152,0.00015456625118019662
2.5043521512061857,3.8316616957898625e-05,0.00014796195078346276,0.0001528427362184614
2.506839094752567,3.4951411980564665e-05,0.00014703985087748426,0.00015113675577273707
2.5093260382989486,3.1642342422204035e-05,0.00014605996125169438,0.00014944815192838775
2.51181298184533,2.838998739858998e-05,0.00014502407304734248,0.00014777676795671581
2.5142999253917115,2.5194882066482124e-05,0.00014393397033838726,0.00014612244830865544
2.5167868689380932,2.2057518240986494e-05,0.00014279142926219574,0.0001444850386084736
2.5192738124844745,1.8978345025495055e-05,0.00014159821717283047,0.00014286438564747617
2.521760756030856,1.5957769453566594e-05,0.0001403560918169703,0.00014126033737771896
2.524247699577238,1.2996157142131758e-05,0.0001390668005324998,0.0001396727429057261
2.526734643123619,1.009383295539201e-05,0.0001377320794697831,0.00013810145248621396
2.5292215866700007,7.251081678799482e-06,0.00013635365283562914,0.0001365463175158228
2.531708530216382,4.468148702509858e-06,0.0001349332321599349,0.0001350071905268554
2.5341954737627637,1.7452407136979556e-06,0.00013347251558498525,0.00013348392518102274
2.5366824173091453,-9.174736028515954e-07,0.0001319731871773711,0.00013197637626319853
2.5391693608555266,-3.519862856472749e-06,0.00013043691626247534,0.00013048439967518102
2.5416563044019083,-6.061832235252156e-06,0.00012886535678146394,0.0001290078524294639
2.54414324794829,-8.54332278413521e-06,0.0001272601466707059,0.00012754659264301615
