Time_s,Real,Imaginary,Magnitude
-2.54414324794829,5.148520704309546e-05,0.0006044315722405903,0.0006066203524985808
-2.5416563044019083,4.155772291595141e-05,0.000610190969575099,0.0006116044993988831
-2.5391693608555266,3.1451307397688055e-05,0.0006158220440098899,0.0006166246626802586
-2.5366824173091453,2.1166876791705006e-05,0.0006213206099304734,0.0006216810572934411
-2.5341954737627637,1.0705430672858544e-05,0.000626682466900999,0.0006267738990792559
-2.531708530216382,6.805277856455349e-08,0.0006319034011045036,0.0006319034047689724
-2.5292215866700007,-1.074408812098788e-05,0.0006369791868105319,0.0006370697919846443
-2.526734643123619,-2.1729737374133088e-05,0.0006419055878698812,0.0006422732792393956
-2.524247699577238,-3.2887553621250553e-05,0.000646678359236281,0.0006475140859376876
-2.521760756030856,-4.421610799116312e-05,0.0006512932485147476,0.0006527924323755437
-2.5192738124844745,-5.5713883321129424e-05,0.0006557459975363802,0.0006581085397407503
-2.5167868689380932,-6.737927340104767e-05,0.0006600323439593068,0.0006634626301130079
-2.5142999253917115,-7.921058224262186e-05,0.0006641480228955257,0.0006688549264640657
-2.51181298184533,-9.120602337409024e-05,0.0006680887685633154,0.0006742856526578051
-2.5093260382989486,-0.00010336371916126993,0.0006718503159649278,0.0006797550334503034
-2.506839094752567,-0.00011568170015551186,0.0006754284025892044,0.0006852632944898436
-2.5043521512061857,-0.00012815790446931785,0.0006788187701388073,0.0006908106623169114
-2.501865207659804,-0.00014079017718022122,0.000682017166281665,0.0006963973643641325
-2.4993782641134223,-0.0001535762697636465,0.0006850193464262947,0.0007020236289561942
-2.496891320567041,-0.00016651383955537815,0.0006878210755205816,0.0007076896853097153
-2.4944043770206594,-0.00017960044924434631,0.0006904181298736203,0.0007133957635330884
-2.4919174334742777,-0.00019283356639632156,0.0006928062990001954,0.0007191420946262793
-2.4894304899278965,-0.00020621056300924973,0.0006949813874874587,0.0007249289104805966
-2.486943546381515,-0.0002197287151008089,0.0006969392168833431,0.0007307564438784102
-2.4844566028351336,-0.00023338520232888432,0.0006986756276062602,0.0007366249284928495
-2.481969659288752,-0.00024717710764556364,0.0007001864808755695,0.0007425345988874462
-2.4794827157423702,-0.0002611014169853397,0.0007014676606623366,0.0007484856905157528
-2.476995772195989,-0.00027515501898808255,0.0007025150756598511,0.0007544784397209098
-2.4745088286496073,-0.0002893347047574689,0.0007033246612733735,0.000760513083735183
-2.4720218851032256,-0.00030363716765546345,0.0007038923816285557,0.0007665898606794589
-2.4695349415568444,-0.0003180590031334351,0.0007042142315979767,0.0007727090095626963
-2.4670479980104627,-0.0003325967086005785,0.0007042862388451996,0.000778870770281345
-2.4645610544640815,-0.00034724668333016866,0.0007041044658857582,0.0007850753836187143
-2.4620741109177,-0.00036200522840429265,0.0007036650121644632,0.0007913230912443149
-2.459587167371318,-0.0003768685466975955,0.0007029640161483852,0.0007976141357131436
-2.457100223824937,-0.00039183274290067186,0.000701997657434875,0.0008039487604649416
-2.454613280278555,-0.00040689382358358856,0.0007007621588739665,0.0008103272098233988
-2.4521263367321735,-0.00042204769730018303,0.0006992537887044708,0.0008167497289953292
-2.4496393931857923,-0.0004372901747336033,0.0006974688627030768,0.0008232165640697888
-2.4471524496394106,-0.000452616968883684,0.0006954037463457542,0.0008297279620171686
-2.4446655060930294,-0.0004680236952966384,0.0006930548569807257,0.0008362841706882264
-2.4421785625466477,-0.00048350587233764023,0.0006904186660122698,0.0008428854388130956
-2.439691619000266,-0.0004990589215067176,0.0006874917010946135,0.0008495320160002292
-2.4372046754538848,-0.0005146781677985446,0.0006842705483351245,0.0008562241527353212
-2.434717731907503,-0.0005303588401065194,0.0006807518545060433,0.0008629621003801672
-2.4322307883611214,-0.0005460960716716864,0.0006769323292639292,0.0008697461111714937
-2.42974384481474,-0.0005618849005768701,0.0006728087473760364,0.0008765764382197312
-2.4272569012683585,-0.0005777202702865507,0.0006683779509527629,0.0008834533355077557
-2.4247699577219772,-0.0005935970302328349,0.0006636368516853518,0.0008903770578895699
-2.4222830141755956,-0.0006095099364479962,0.0006585824330879826,0.0008973478610889578
-2.419796070629214,-0.0006254536522439358,0.0006532117527433808,0.0009043660016980724
-2.4173091270828326,-0.0006414227489390164,0.0006475219445510494,0.0009114317371759976
-2.414822183536451,-0.0006574117066325586,0.0006415102209772606,0.000918545325847248
-2.4123352399900693,-0.0006734149150274463,0.0006351738753058496,0.0009257070269002356
-2.409848296443688,-0.0006894266743011042,0.0006285102838889243,0.0009329171003856758
-2.4073613528973064,-0.0007054411960252351,0.0006215169083965393,0.0009401758072149626
-2.404874409350925,-0.0007214526041345726,0.0006141912980643873,0.0009474834091584788
-2.4023874658045434,-0.0007374549359450103,0.0006065310919385273,0.000954840168843876
-2.3999005222581618,-0.0007534421432212972,0.0005985340211162218,0.00096224634975429
-2.3974135787117805,-0.0007694080932946535,0.0005901979109818348,0.0009697022162265259
-2.394926635165399,-0.0007853465702304513,0.0005815206834368578,0.0009772080334491747
-2.392439691619017,-0.0008012512760462801,0.0005725003591229896,0.000984764067460701
-2.389952748072636,-0.0008171158319805089,0.0005631350596373176,0.0009923705851474663
-2.3874658045262542,-0.0008329337798116151,0.0005534230097384995,0.0010000278542417124
-2.384978860979873,-0.0008486985832283811,0.0005433625395429621,0.0010077361433194895
-2.3824919174334913,-0.000864403629251139,0.0005329520867100455,0.0010154957217985373
-2.3800049738871096,-0.0008800422297042033,0.000522190198615001,0.001023306859936119
-2.3775180303407284,-0.0008956076227395495,0.000511075534508837,0.0010311698288267945
-2.3750310867943467,-0.0009110929744118954,0.0004996068676638582,0.001039084900400158
-2.372544143247965,-0.0009264913803051803,0.0004877830875038694,0.001047052347418507
-2.370057199701584,-0.0009417958672105518,0.00047560320171791516,0.0010550724434744787
-2.367570256155202,-0.0009569993948558254,0.0004630663383564661,0.0010631454629886172
-2.365083312608821,-0.0009720948576864871,0.00045017174790890345,0.001071271681206905
-2.362596369062439,-0.0009870750866981385,0.0004369188053612481,0.0010794513741982257
-2.3601094255160575,-0.0010019328513204333,0.00042330701223292105,0.0010876848188517921
-2.3576224819696763,-0.001016660861352351,0.0004093359985914945,0.0010959722928745052
-2.3551355384232946,-0.0010312517689488078,0.00039500552504419375,0.0011043140747882753
-2.352648594876913,-0.0010456981706584096,0.00038031548470510683,0.001112710443927271
-2.3501616513305317,-0.0010599926095123042,0.0003652659051368531,0.0011211616804351408
-2.34767470778415,-0.0010741275771638894,0.0003498569502656309,0.0011296680652621526
-2.3451877642377688,-0.001088095516079265,0.0003340889222684394,0.0011382298801623023
-2.342700820691387,-0.001101888821778176,0.0003179622634313414,0.0011468474076903512
-2.3402138771450054,-0.0011154998451252671,0.0003014775579775424,0.001155520931198824
-2.337726933598624,-0.0011289208946713327,0.00028463553386420993,0.0011642507348349352
-2.3352399900522425,-0.0011421442390443582,0.00026743706454674505,0.001173037103537478
-2.332753046505861,-0.0011551621093899775,0.0002498831707094384,0.0011818803230336415
-2.3302661029594796,-0.0011679667018610843,0.00023197502196124558,0.001190780679835787
-2.327779159413098,-0.001180550180156187,0.00021371393849557157,0.0011997384612381545
-2.3252922158667166,-0.0011929046781061809,0.00019510139271282272,0.0012087539553135263
-2.322805272320335,-0.0012050223023090819,0.00017613901080461885,0.00121782745090982
-2.3203183287739533,-0.0012168951348123483,0.00015682857429839307,0.0012269592376466423
-2.317831385227572,-0.001228515235842273,0.0001371720215613165,0.0012361496059117658
-2.3153444416811904,-0.0012398746465800265,0.00011717144926224566,0.0012453988468575682
-2.3128574981348087,-0.0012509653919837843,9.682911379063673e-05,0.0012547072523973963
-2.3103705545884274,-0.001261779483656454,7.614743263115523e-05,0.001264075115201887
-2.3078836110420458,-0.0012723089227584027,5.512898569289169e-05,0.0012735027286952213
-2.3053966674956645,-0.0012825457029646222,3.377651659194457e-05,0.0012829903870513228
-2.302909723949283,-0.0012924818134656998,1.2092933886292626e-05,0.001292538385189996
-2.300422780402901,-0.0013021092420119748,-9.918687738307027e-06,0.0013021470187730146
-2.29793583685652,-0.001311419978000177,-3.2255106332415904e-05,0.0013118165842001313
-2.2954488933101382,-0.001320406015601904,-5.491291159829289e-05,0.0013215473786050568
-2.2929619497637566,-0.0013290593569331534,-7.788852385756275e-05,0.0013313396998513478
-2.2904750062173753,-0.0013373720152642164,-0.00010117819307240149,0.001341193846528259
-2.2879880626709936,-0.0013453360182691285,-0.00012477799792132903,0.0013511101179465308
-2.2855011191246124,-0.0013529434113138648,-0.0001486838449306876,0.0013610888141340999
-2.2830141755782307,-0.001360186260782486,-0.0001728914676630152,0.00137113023583178
-2.280527232031849,-0.0013670566574403302,-0.00019739642596326967,0.0013812346844888457
-2.278040288485468,-0.0013735467198334177,-0.0002221941052641491,0.0013914024622585935
-2.275553344939086,-0.0013796485977231009,-0.0002472797159514356,0.0014016338719938033
-2.2730664013927044,-0.0013853544755550807,-0.0002726482927905574,0.0014119292172421738
-2.270579457846323,-0.001390656575961768,-0.0002982946944153177,0.001422288802241667
-2.2680925142999415,-0.0013955471632970443,-0.00032421360287993115,0.0014327129319158158
-2.2656055707535603,-0.001400018547202369,-0.00035039952327528735,0.0014432019118689459
-2.2631186272071786,-0.0014040630862032074,-0.00037684678341059043,0.0014537560483813589
-2.260631683660797,-0.0014076731913346982,-0.00040354953356121963,0.0014643756484044289
-2.2581447401144157,-0.001410841329795468,-0.0004305017462839631,0.001475061019555661
-2.255657796568034,-0.0014135600286284606,-0.00045769721630043884,0.001485812470113663
-2.2531708530216523,-0.001415821878427639,-0.00048512956044979155,0.0014966303090130763
-2.250683909475271,-0.0014176195370693716,-0.0005127922177114915,0.0015075148458394195
-2.2481969659288894,-0.0014189457334673168,-0.0005406784492992619,0.0015184663908238982
-2.245710022382508,-0.0014197932713495558,-0.0005687813388269175,0.0015294852548381152
-2.2432230788361265,-0.0014201550330567392,-0.0005970937925471452,0.0015405717493887526
-2.240736135289745,-0.001420023983359959,-0.0006256085396639221,0.0015517261866121585
-2.2382491917433636,-0.0014193931732970413,-0.0006543181327195914,0.0015629488792688957
-2.235762248196982,-0.0014182557440259366,-0.0006832149480572558,0.0015742401407382045
-2.2332753046506,-0.0014166049306938485,-0.0007122911863594344,0.0015856002850124155
-2.230788361104219,-0.0014144340663207302,-0.0007415388732636438,0.0015970296266912866
-2.2283014175578373,-0.0014117365856957359,-0.0007709498600557749,0.0016085284809762843
-2.225814474011456,-0.0014085060292852245,-0.0008005158244418785,0.0016200971636647877
-2.2233275304650744,-0.0014047360471508357,-0.0008302282713992248,0.0016317359911442474
-2.2208405869186927,-0.0014004204028762025,-0.0008600785341071412,0.0016434452803862482
-2.2183536433723114,-0.0013955529775007724,-0.0008900577749584904,0.0016552253489405392
-2.2158666998259298,-0.00139012777345925,-0.0009201569866522394,0.0016670765149289642
-2.213379756279548,-0.0013841389185251128,-0.0009503669933678938,0.0016789990970393636
-2.210892812733167,-0.0013775806697566278,-0.000980678452022244,0.001690993414519366
-2.208405869186785,-0.0013704474174438144,-0.0010110818536091155,0.0017030597871701585
-2.205918925640404,-0.0013627336890547354,-0.0010415675246225069,0.0017151985353401468
-2.2034319820940222,-0.0013544341531794876,-0.0010721256285637902,0.0017274099799185884
-2.2009450385476406,-0.001345543623470286,-0.0011027461675332591,0.001739694442329123
-2.1984580950012593,-0.0013360570625759328,-0.0011334189839066384,0.0017520522445232582
-2.1959711514548776,-0.0013259695860690353,-0.0011641337620968684,0.0017644837089737886
-2.193484207908496,-0.0013152764663642525,-0.001194880030401549,0.0017769891586681226
-2.1909972643621147,-0.0013039731366258562,-0.0012256471629364775,0.0017895689171015768
-2.188510320815733,-0.001292055194662895,-0.001256424381655473,0.0018022233082705676
-2.186023377269352,-0.0012795184068101653,-0.0012872007584569304,0.0018149526566657655
-2.18353643372297,-0.0012663587117932942,-0.0013179652173771852,0.0018277572872651506
-2.1810494901765884,-0.0012525722245760728,-0.001348706536871094,0.0018406375255270307
-2.178562546630207,-0.0012381552401883227,-0.001379413352179847,0.0018535936973829634
-2.1760756030838255,-0.0012231042375324148,-0.0014100741577863132,0.0018666261292306313
-2.173588659537444,-0.001207415883166672,-0.0014406773099579142,0.001879735147926624
-2.1711017159910626,-0.0011910870350637758,-0.0014712110293772318,0.001892921080779183
-2.168614772444681,-0.001174114746342371,-0.001501663403860264,0.0019061842555408446
-2.1661278288982997,-0.001156496268969932,-0.0015320223911624903,0.0019195250004010386
-2.163640885351918,-0.0011382290574351306,-0.0015622758218725638,0.001932943643978598
-2.1611539418055363,-0.0011193107723876845,-0.0015924114023937307,0.001946440515314219
-2.158666998259155,-0.0010997392842439218,-0.001622416718012718,0.001960015943862828
-2.1561800547127734,-0.0010795126767560565,-0.0016522792360561022,0.0019736702594859057
-2.1536931111663917,-0.0010586292505433345,-0.0016819863091338486,0.0019874037924437118
-2.1512061676200105,-0.0010370875265830648,-0.0017115251784699322,0.002001216873387468
-2.148719224073629,-0.0010148862496596968,-0.0017408829773196605,0.0020151098333514453
-2.1462322805272476,-0.0009920243917698785,-0.0017700467344735442,0.0020290830037450057
-2.143745336980866,-0.000968501155481726,-0.0017990033778472313,0.0020431367163445493
-2.141258393434484,-0.0009443159772461745,-0.001827739738157283,0.0020572713032854105
-2.138771449888103,-0.0009194685306586349,-0.0018562425526822426,0.0020714870970536692
-2.1362845063417213,-0.0008939587296688643,-0.001884498469108655,0.002085784430477904
-2.1337975627953396,-0.000867786731737205,-0.0019124940494614478,0.002100163636720859
-2.1313106192489584,-0.000840952940935138,-0.001940215774118229,0.0021146250492710657
-2.1288236757025767,-0.000813458010988304,-0.001967650045906812,0.0021291690019343526
-2.1263367321561955,-0.0007853028482598953,-0.0019947831942854805,0.0021437958288253313
-2.1238497886098138,-0.0007564886146726326,-0.0020216014796051885,0.0021585058643587714
-2.121362845063432,-0.0007270167305671909,-0.0020480910974531286,0.0021732994432409375
-2.118875901517051,-0.0006968888774952872,-0.0020742381830767807,0.0021881769004608166
-2.116388957970669,-0.0006661070009453524,-0.0021000288158877947,0.002203138571281322
-2.1139020144242875,-0.0006346733129989399,-0.002125449024044731,0.0022181847912303766
-2.1114150708779063,-0.0006025902949158421,-0.002150484789113909,0.0022333158960919646
-2.1089281273315246,-0.0005698606996460867,-0.0021751220508073343,0.0022485322218970824
-2.1064411837851433,-0.000536487554266781,-0.0021993467117968255,0.002263834104914638
-2.1039542402387617,-0.0005024741623419311,-0.002223144642603295,0.0022792218816422762
-2.10146729669238,-0.0004678241062033782,-0.002246501686560097,0.002294695888797108
-2.0989803531459987,-0.00043254124915084274,-0.002269403664849444,0.0023102564633064137
-2.096493409599617,-0.0003966297375692998,-0.002291836381610633,0.002325903942298222
-2.0940064660532354,-0.0003600940029616987,-0.002313785629119016,0.0023416386630918658
-2.091519522506854,-0.0003229387638952938,-0.0023352371930343767,0.0023574609631884244
-2.0890325789604725,-0.0002851690278595572,-0.002356176857717552,0.002373371180261133
-2.086545635414091,-0.0002467900930340582,-0.0023765904116138685,0.002389369652145673
-2.0840586918677095,-0.00020780754996424687,-0.0023964636527021655,0.002405456716830454
-2.081571748321328,-0.00016822728314356308,-0.002415782394007859,0.0024216327124467504
-2.0790848047749466,-0.00012805547249989424,-0.0024345324691787407,0.0024378979772588325
-2.076597861228565,-8.729859478476365e-05,-0.002452699738121906,0.0024542528496539757
-2.0741109176821833,-4.596342486335991e-05,-0.0024702700927003683,0.0024706976681324357
-2.071623974135802,-4.0570369038366585e-06,-0.0024872294624877105,0.0024872327712973192
-2.0691370305894203,3.84131945360314e-05,-0.0025035638205792177,0.0025038584978444114
-2.066650087043039,8.143959352627146e-05,-0.0025192591894577765,0.002520575186551907
-2.0641631434966574,0.00012501418188814973,-0.002534301646912877,0.0025373831762700886
-2.0616761999502757,0.00016912867842500503,-0.002548677332010933,0.0025542828059109193
-2.0591892564038945,0.00021377449826230808,-0.0025623724511151763,0.0025712744144375755
-2.056702312857513,0.00025894275229836045,-0.0025753732839532335,0.002588358340853892
-2.054215369311131,0.0003046242467673532,-0.0025876661897305865,0.0026055349241937615
-2.05172842576475,0.00035080948291613676,-0.002599237613287916,0.002622804503510422
-2.049241482218368,0.00039748865679643385,-0.0026100740913004563,0.0026401674178657187
-2.046754538671987,0.0004446516591736928,-0.0026201622585173023,0.0026576240063192554
-2.0442675951256053,0.0004922880755543197,-0.002629488854038668,0.0026751746079175026
-2.0417806515792236,0.000540387186332418,-0.0026380407276289995,0.0026928195616828117
-2.0392937080328424,0.0005889379670576492,-0.002645804846063841,0.002710559206602376
-2.0368067644864607,0.0006379290888253665,-0.0026527682995082834,0.002728393881617101
-2.034319820940079,0.0006873489187905025,-0.0026589183079248286,0.0027463239256104344
-2.031832877393698,0.0007371855208062858,-0.0026642422275083917,0.002764349677397075
-2.029345933847316,0.0007874266561892717,-0.0026687275571462277,0.0027824714757116718
-2.026858990300935,0.0008380597846115801,-0.0026723619449004273,0.0028006896591973914
-2.024372046754553,0.0008890720651218235,-0.0026751331945106733,0.002819004566394468
-2.0218851032081715,0.0009404503572955382,-0.002677029271914854,0.002837416535728633
-2.0193981596617903,0.0009921812225164508,-0.0026780383117851452,0.0028559259054995226
-2.0169112161154086,0.0010442509253894177,-0.0026781486240770765,0.002874533013868965
-2.014424272569027,0.0010966454352861527,-0.002677348700589154,0.002893238198849238
-2.0119373290226457,0.0011493504280247007,-0.0026756272215304427,0.0029120417982912406
-2.009450385476264,0.0012023512876833946,-0.0026729730620936613,0.0029309441498725766
-2.0069634419298827,0.0012556331085504303,-0.0026693752990311053,0.0029499455910856082
-2.004476498383501,0.0013091806972095753,-0.0026648232172308667,0.0029690464592253885
-2.0019895548371194,0.0013629785747630435,-0.0026593063162906705,0.0029882470913775777
-1.999502611290738,0.001417010979192026,-0.0026528143170866532,0.003007547824406234
-1.9970156677443565,0.0014712618678557605,-0.0026453371683344057,0.003026948994941592
-1.994528724197975,0.0015257149201295286,-0.0026368650531395335,0.003046450939367711
-1.9920417806515935,0.0015803535401824275,-0.0026273883955349763,0.00306605399381012
-1.9895548371052119,0.001635160859895103,-0.0026168978670023245,0.0030857584941233183
-1.9870678935588304,0.0016901197419182707,-0.0026053843929742995,0.0031055647758782847
-1.984580950012449,0.0017452127828720874,-0.0025928391593155863,0.003125473174349844
-1.9820940064660675,0.0018004223166870374,-0.002579253618779158,0.0031454840245040347
-1.9796070629196858,0.0018557304180863822,-0.002564619497435198,0.003165597660985335
-1.9771201193733043,0.0019111189062106584,-0.0025489288010697446,0.0031858144181038965
-1.9746331758269229,0.001966569348384165,-0.0025321738215501313,0.0032061346298226335
-1.9721462322805414,0.002022063064023874,-0.0025143471431542438,0.003226558629744317
-1.9696592887341597,0.0020775811286904994,-0.002495441648860719,0.0032470867510985286
-1.9671723451877783,0.0021331043782821164,-0.002475450526597007,0.003267719326728618
-1.9646854016413968,0.0021886134133699314,-0.0024543672754423936,0.003288456689078526
-1.9621984580950154,0.00224408860367643,-0.0024321857117829116,0.0033092991701795986
-1.9597115145486337,0.002299510092695468,-0.002408899975415162,0.0033302471016372773
-1.9572245710022522,0.0023548578024543423,-0.0023845045355959686,0.0033513008146177866
-1.9547376274558708,0.002410111438417306,-0.0023589941970348755,0.003372460639834682
-1.9522506839094893,0.002465250494530469,-0.0023323641058263338,0.0033937269075354007
-1.9497637403631076,0.0025202542584073792,-0.0023046097553186527,0.003415099947487691
-1.9472767968167262,0.002575101816655124,-0.002275726991916461,0.003436580088966015
-1.9447898532703447,0.0026297720603401385,-0.0022457120208137725,0.0034581676607378506
-1.9423029097239632,0.002684243690593383,-0.002214561411654425,0.003479862991049967
-1.9398159661775816,0.0027384952243540094,-0.002182272104116894,0.003501666407614593
-1.9373290226312,0.0027925050002510082,-0.0021488414134203052,0.0035235782375955637
-1.9348420790848186,0.0028462511846218145,-0.0021142670357486427,0.0035455988075943443
-1.9323551355384372,0.002899711777667316,-0.002078547053589911,0.003567728443636069
-1.9298681919920555,0.0029528646197419938,-0.0020416799409873326,0.0035899674711554236
-1.927381248445674,0.0030056873977785856,-0.0020036645686992804,0.003612316214982553
-1.9248943048992926,0.003058157651845879,-0.0019645002092650394,0.0036347749993288284
-1.9224073613529111,0.0031102527818387777,-0.0019241865419731697,0.0036573441477726044
-1.9199204178065294,0.003161950054299337,-0.0018827236577294215,0.0036800239832448962
-1.917433474260148,0.0032132266093674654,-0.0018401120638212106,0.0037028148280149648
-1.9149465307137665,0.0032640594678601895,-0.0017963526885753874,0.003725717003675906
-1.912459587167385,0.0033144255384777786,-0.0017514468859065047,0.0037487308311300914
-1.9099726436210034,0.003364301625135627,-0.001705396439752249,0.0037718566305746386
-1.907485700074622,0.003413664434420038,-0.001658203568393264,0.003795094721486729
-1.9049987565282405,0.0034624905831666187,-0.001609870928654134,0.003818445422608949
-1.902511812981859,0.003510756606159362,-0.0015604016199826808,0.0038419090519344907
-1.9000248694354773,0.0035584389639489503,-0.0015097991884044381,0.003865485926692371
-1.8975379258890959,0.003605514050788215,-0.0014580676303495145,0.00388917636333251
-1.8950509823427144,0.003651958202683184,-0.001405211396348647,0.003912980677510829
-1.892564038796333,0.0036977477055574848,-0.0013512353945958253,0.0039368991840742105
-1.8900770952499513,0.003742858803528397,-0.001296144994374246,0.003960932197045468
-1.8875901517035698,0.0037872677072922365,-0.0012399460293430334,0.003985080029608208
-1.8851032081571883,0.003830950602617144,-0.001182644800681602,0.004009342994091661
-1.8826162646108069,0.003873883658940908,-0.0011242480800890508,0.004033721401955435
-1.8801293210644252,0.003916043038071722,-0.001064763112635591,0.004058215563774235
-1.8776423775180437,0.003957404902989353,-0.001004197619463468,0.004082825789222491
-1.8751554339716623,0.003997945426744539,-0.0009425598003343394,0.004107552387058975
-1.8726684904252808,0.004037640801453916,-0.0008798583360207785,0.004132395665111301
-1.8701815468788991,0.004076467247388164,-0.0008161023905388311,0.004157355930260438
-1.8676946033325177,0.004114401022150573,-0.0007513016132193752,0.0041824334884250965
-1.8652076597861362,0.004151418429943552,-0.0006854661406153705,0.0042076286445461315
-1.8627207162397548,0.004187495830920156,-0.0006186065982426956,0.004232941702570812
-1.860233772693373,0.004222609650618058,-0.0005507341021518336,0.004258372965437122
-1.8577468291469916,0.00425673638947287,-0.0004818602603281924,0.004283922735057915
-1.8552598856006102,0.004289852632408132,-0.0004119971739182939,0.004309591312305105
-1.8527729420542287,0.004321935058498758,-0.0003411574382798716,0.004335378996993728
-1.850285998507847,0.0043529604507051055,-0.00026935414385308333,0.004361286087866012
-1.8477990549614656,0.004382905705674361,-0.00019660087685098332,0.00438731288257533
-1.845312111415084,0.004411747843606272,-0.00012291171976666163,0.004413459677670182
-1.8428251678687027,0.0044394640181797925,-4.83012516951456e-05,0.004439726768578038
-1.840338224322321,0.004466031526537557,2.7215451532322426e-05,0.004466114449589205
-1.8378512807759395,0.00449142781932466,0.00010362281740343538,0.0044926230138405895
-1.835364337229558,0.004515630510778459,0.00018090477697168433,0.004519252753299433
-1.8328773936831766,0.004538617388865895,0.000259044765296786,0.0045460039587470165
-1.830390450136795,0.004560366425464777,0.00033802572208045765,0.004572876919762263
-1.8279035065904135,0.004580855786585545,0.0004178300924996607,0.004599871924705355
-1.825416563044032,0.004600063842629787,0.0004984398282388074,0.004626989260701245
-1.8229296194976505,0.004617969178681913,0.0005798363887229305,0.0046542292136231705
-1.8204426759512689,0.004634550604830187,0.0006620007425531595,0.004681592068076071
-1.8179557324048874,0.004649787166513381,0.0007449133691464977,0.004709078107380012
-1.815468788858506,0.004663658154889188,0.0008285542605809394,0.004736687613553511
-1.8129818453121245,0.00467614311722052,0.0009129029236479039,0.004764420867296857
-1.8104949017657428,0.00468722186727576,0.0009979383821128883,0.00479227814797536
-1.8080079582193613,0.00469687449573899,0.0010836391791860629,0.004820259733602582
-1.8055210146729799,0.0047050813806261615,0.0011699833802037225,0.004848365900823484
-1.8030340711265984,0.0047118231977031555,0.0012569485755220718,0.004876596924897582
-1.8005471275802167,0.004717080930901601,0.0013445118836240921,0.004904953079681998
-1.7980601840338353,0.0047208358827283215,0.0014326499544409536,0.004933434637614545
-1.7955732404874538,0.0047230696846641855,0.0015213389728883802,0.00496204186969668
-1.7930862969410724,0.004723764307548161,0.0016105546626194087,0.00499077504547651
-1.7905993533946907,0.004722902071942257,0.0017002722899937793,0.005019634433031668
-1.7881124098483092,0.004720465658473126,0.0017904666682651326,0.0050486202989522356
-1.7856254663019278,0.0047164381181458576,0.0018811121619862492,0.005077732908323538
-1.7831385227555463,0.004710802882625727,0.0019721826916332197,0.005106972524708989
-1.7806515792091646,0.004703543774483384,0.002063651738448632,0.00513633941013281
-1.7781646356627832,0.004694645017399093,0.0021554923495045912,0.0051658338250628
-1.7756776921164017,0.004684091246321559,0.002247677142985332,0.00519545602839298
-1.7731907485700202,0.004671867517576803,0.0023401783136901854,0.005225206277426287
-1.7707038050236386,0.0046579593189226285,0.002432967638756478,0.005255084827857152
-1.768216861477257,0.004642352579544081,0.002526016483602835,0.005285091933754115
-1.7657299179308756,0.004625033679985355,0.0026192958080924434,0.005315227847542335
-1.7632429743844942,0.004605989462013575,0.0027127761729164777,0.00534549281998615
-1.7607560308381125,0.0045852072384098205,0.0028064277461970297,0.0053758871001715015
-1.758269087291731,0.004562674802682761,0.0029002203103096922,0.005406410935488442
-1.7557821437453496,0.004538380438700327,0.0029941232689247917,0.005437064571613495
-1.7532952001989681,0.004512312930234649,0.0030881056542673246,0.005467848252492073
-1.7508082566525864,0.004484461570415762,0.0031821361345944657,0.005498762220320826
-1.748321313106205,0.0044548161710892265,0.0032761830218902706,0.00552980671552995
-1.7458343695598235,0.004423367072073098,0.0033702142797766314,0.00556098197676551
-1.743347426013442,0.004390105150309548,0.003464197531639509,0.005592288240871681
-1.7408604824670604,0.004355021828906383,0.0035581000689695807,0.005623725742872996
-1.738373538920679,0.004318109086063823,0.0036518888599160896,0.00565529471595656
-1.7358865953742975,0.00427935946388184,0.0037455305580527086,0.005686995391454235
-1.733399651827916,0.004238766077043294,0.003838991511354174,0.005718827998824795
-1.7309127082815343,0.004196322621368325,0.003932237771382168,0.005750792765636067
-1.7284257647351529,0.004152023382235137,0.004025235102679083,0.005782889917547039
-1.7259388211887714,0.004105863242862607,0.004117948992368007,0.005815119678289942
-1.72345187764239,0.004057837692450074,0.004210344659957162,0.005847482269652327
-1.7209649340960083,0.0040079428341695455,0.00430238706734713,0.005879977911459095
-1.7184779905496268,0.00395617539300578,0.004394040929038851,0.0059126068215545205
-1.7159910470032453,0.0039025327234395763,0.004485270722540444,0.0059453692157842635
-1.7135041034568639,0.003847012816969634,0.0045760406989707484,0.005978265307977334
-1.7110171599104822,0.0037896143094685118,0.0046663148938573176,0.006011295309928064
-1.7085302163641007,0.0037303364883679714,0.004756057138126663,0.006044459431378051
-1.7060432728177193,0.003669179299669223,0.004845231069284272,0.006077757879998078
-1.7035563292713378,0.0036061433547736584,0.004933800142781867,0.006111190861370032
-1.7010693857249561,0.0035412299371294057,0.005021727643569389,0.006144758578968787
-1.6985824421785747,0.0034744410086893925,0.00510897669782891,0.0061784612341440935
-1.6960954986321932,0.0034057792161764303,0.005195510284887701,0.006212299026102432
-1.6936085550858118,0.0033352478971509663,0.00528129124930755,0.006246272151888872
-1.69112161153943,0.003262851085877135,0.00536628231314728,0.006280380806368903
-1.6886346679930486,0.0031885935189827643,0.005450446088395446,0.006314625182210271
-1.6861477244466672,0.0031124806409092032,0.005533745089569844,0.006349005469864783
-1.6836607809002857,0.0030345186091465556,0.005616141746480694,0.006383521857550107
-1.681173837353904,0.002954714299250302,0.005697598417153985,0.006418174531231586
-1.6786868938075226,0.0028730753096351,0.005778077400911487,0.006452963674604008
-1.676199950261141,0.002789609966141673,0.005857540951603872,0.006487889469073386
-1.6737130067147596,0.0027043273263728873,0.0059359512909931645,0.006522952093738736
-1.671226063168378,0.0026172371837948657,0.006013270622280802,0.006558151725373836
-1.6687391196219965,0.002528350071599308,0.0060894611437773815,0.0065934885384089925
-1.666252176075615,0.002437677266323267,0.006164485062710054,0.006628962704912788
-1.6637652325292336,0.002345230791222385,0.006238304609163587,0.0066645743945738375
-1.661278288982852,0.0022510234193940173,0.006310882050150813,0.006700323774682539
-1.6587913454364704,0.0021550686766465318,0.006382179703808259,0.006736211010112815
-1.656304401890089,0.0020573808441111284,0.00645215995371259,0.006772236263303863
-1.6538174583437075,0.00195797496059283,0.006520785263313361,0.0068083996942419
-1.6513305147973258,0.0018568668246569686,0.006588018190477615,0.006844701460441909
-1.6488435712509444,0.0017540729964478994,0.006653821402141647,0.0068811417169293895
-1.646356627704563,0.0016496107992367336,0.006718157689065199,0.0069177206162221025
-1.6438696841581815,0.0015434983206946654,0.006780989980683342,0.006954438308311832
-1.6413827406117998,0.0014357544138889032,0.0068422813600511,0.006991294940646131
-1.6388957970654183,0.0013263986979981095,0.006901995078875871,0.0070282906581101085
-1.6364088535190369,0.0012154515587442954,0.006960094572632577,0.007065425603008172
-1.6339219099726554,0.0011029341485384791,0.007016543475756394,0.007102699915045821
-1.6314349664262737,0.0009888683863370688,0.007071305636907872,0.007140113731311422
-1.6289480228798923,0.0008732769572063785,0.00712434513430515,0.007177667186258018
-1.6264610793335108,0.000756183311592765,0.007175626291117819,0.007215360411685106
-1.6239741357871293,0.0006376116642956422,0.007225113690917104,0.007253193536720473
-1.6214871922407477,0.0005175869931411262,0.007272772193176747,0.007291166687802014
-1.6190002486943662,0.00039613503735392886,0.007318566948819017,0.0073292799886595615
-1.6165133051479847,0.0002732822956252118,0.007362463415800232,0.007367533560296758
-1.6140263616016033,0.00014905602387447025,0.007404427374729959,0.0074059275209728895
-1.6115394180552216,2.348423270318794e-05,0.007444424944518215,0.007444461986184811
-1.6090524745088401,-0.00010340431546153705,0.007482422598044667,0.007483137068648788
-1.6065655309624587,-0.0002315801095350894,0.0075183871778440395,0.007521952878282471
-1.6040785874160772,-0.0003610128932570214,0.007552285911801595,0.007560909522186776
-1.6015916438696955,-0.0004916716689878983,0.007584086428852774,0.007600007104627874
-1.599104700323314,-0.0006235247018226653,0.007613756774680766,0.007639245727019147
-1.5966177567769326,-0.0007565395240218762,0.00764126542740593,0.007678625487903181
-1.5941308132305512,-0.0008906829397621989,0.007666581313260807,0.007718146482933789
-1.5916438696841695,-0.0010259210302072106,0.007689673822244447,0.007757808804858041
-1.589156926137788,-0.001162219158899361,0.007710512823749783,0.007797612543498336
-1.5866699825914066,-0.0012995419774742448,0.007729068682157603,0.007837557785734478
-1.584183039045025,-0.0014378534316977362,0.007745312272390807,0.007877644615485813
-1.5816960954986434,-0.0015771167678266845,0.00775921499542239,0.007917873113693335
-1.579209151952262,-0.0017172945392937605,0.0077707487937307505,0.007958243358301887
-1.5767222084058805,-0.0018583486137166163,0.00777988616669575,0.007998755424242346
-1.574235264859499,-0.002000240180231884,0.007786600185928939,0.00803940938341385
-1.5717483213131174,-0.00214292975715402,0.007790864510531381,0.008080205304666062
-1.569261377766736,-0.002286377199958856,0.007792653402272451,0.008121143253781458
-1.5667744342203545,-0.002430541709591986,0.007791941740682889,0.008162223293457649
-1.564287490673973,-0.002575381841101532,0.007788705038055524,0.008203445483289752
-1.5618005471275913,-0.0027208555125949286,0.007782919454346848,0.008244809879752768
-1.5593136035812099,-0.0028669200145192827,0.00777456181197278,0.00828631653618402
-1.5568266600348284,-0.0030135320192644205,0.007763609610491911,0.008327965502765622
-1.554339716488447,-0.0031606475910880743,0.007750041041169357,0.008369756826506983
-1.5518527729420653,-0.0033082221963621514,0.007733835001414517,0.008411690551227351
-1.5493658293956838,-0.003456210714138869,0.007714971109085991,0.008453766717538393
-1.5468788858493023,-0.003604567447035786,0.0076934297166567816,0.00849598536282683
-1.5443919423029209,-0.0037532461324381937,0.0076691919252330236,0.008538346521237099
-1.5419049987565392,-0.0039021999540174023,0.007642239598419478,0.008580850223654072
-1.5394180552101577,-0.004051381553563361,0.0076125553760249196,0.008623496497685807
-1.5369311116637763,-0.004200743043129624,0.007580122687600727,0.008666285367646347
-1.5344441681173948,-0.004350236017489003,0.007544925765805813,0.008709216854538588
-1.5319572245710131,-0.004499811566897687,0.007506949659591106,0.008752290976037145
-1.5294702810246317,-0.004649420290165539,0.007466180247196953,0.008795507746471318
-1.5269833374782502,-0.0047990123080304346,0.0074226042489565465,0.008838867176808088
-1.5244963939318688,-0.0049485372768339675,0.007376209239898723,0.008882369274635154
-1.522009450385487,-0.005097944402495927,0.007326983662143436,0.008926014044144026
-1.5195225068391056,-0.005247182454784866,0.007274916837083183,0.008969801486113198
-1.5170355632927242,-0.005396199781881575,0.007219998977343816,0.009013731597891324
-1.5145486197463427,-0.005544944325232719,0.007162221198517992,0.009057804373380508
-1.512061676199961,-0.005693363634691163,0.0071015755306647775,0.009102019803019574
-1.5095747326535796,-0.005841404883939779,0.0070380549295688405,0.009146377873767503
-1.507087789107198,-0.005989014886195121,0.006971653287752661,0.009190878569086812
-1.5046008455608166,-0.0061361401101873965,0.00690236544523538,0.009235521868927062
-1.502113902014435,-0.00628272669641299,0.006830187200031759,0.00928030774970842
-1.4996269584680535,-0.0064287204736554,0.006755115318385028,0.009325236184305263
-1.497140014921672,-0.0065740669757707775,0.00667714754472713,0.009370307142029842
-1.4946530713752906,-0.0067187114587337225,0.006596282611360191,0.009415520588616047
-1.492166127828909,-0.006862598917938909,0.006512520247853064,0.009460876486203189
-1.4896791842825274,-0.007005674105754197,0.006425861190146648,0.009506374793319889
-1.487192240736146,-0.007147881549320495,0.006336307189362027,0.009552015464867992
-1.4847052971897645,-0.007289165568593614,0.006243861020305396,0.009597798452106598
-1.4822183536433828,-0.0074294702946232595,0.006148526489663713,0.009643723702636125
-1.4797314100970014,-0.007568739688063934,0.0060503084438854595,0.009689791160382448
-1.47724446655062,-0.0077069175579128095,0.005949212776740432,0.00973600076558113
-1.4747575230042385,-0.007843947580469095,0.005845246436552973,0.009782352454761696
-1.4722705794578568,-0.007979773318509386,0.005738417433103151,0.009828846160732015
-1.4697836359114753,-0.008114338240673577,0.005628734844190059,0.00987548181256271
-1.4672966923650939,-0.008247585741055498,0.005516208821852009,0.009922259335571707
-1.4648097488187124,-0.008379459158992388,0.005400850598238164,0.00996917865130879
-1.4623228052723307,-0.008509901799047401,0.005282672491126284,0.0100162396775403
-1.4598358617259493,-0.008638856951178749,0.005161687909081625,0.010063442328233856
-1.4573489181795678,-0.008766267911089523,0.005037911356251634,0.0101107865135432
-1.4548619746331863,-0.008892078000751707,0.004911358436791633,0.010158272139793107
-1.4523750310868047,-0.009016230589097816,0.004782045858916719,0.010205899109464373
-1.4498880875404232,-0.009138669112873707,0.004649991438574898,0.010253667321178885
-1.4474011439940417,-0.009259337097645754,0.004515214102736985,0.010301576669684783
-1.4449142004476603,-0.009378178178955523,0.004377733892298729,0.010349627045841725
-1.4424272569012786,-0.00949513612361505,0.0042375719645906225,0.010397818336606187
-1.4399403133548971,-0.009610154851135538,0.004094750595491385,0.01044615042501691
-1.4374533698085157,-0.009723178455282424,0.003949293181140654,0.010494623190180406
-1.4349664262621342,-0.009834151225749403,0.003801224239246966,0.010543236507256543
-1.4324794827157525,-0.009943017669944041,0.0036505694099873047,0.010591990247444269
-1.429992539169371,-0.010049722534877455,0.0034973554564940988,0.010640884277967352
-1.4275055956229896,-0.010154210829150488,0.0033416102649263075,0.010689918462060312
-1.4250186520766082,-0.010256427845028547,0.003183362844120976,0.010739092658954336
-1.4225317085302265,-0.010356319180597472,0.003022643324821824,0.0107884067238634
-1.420044764983845,-0.010453830761992237,0.002859482958482012,0.010837860507970391
-1.4175578214374636,-0.010548908865690858,0.0026939141156372914,0.010887453858413408
-1.415070877891082,-0.010641500140864988,0.0025259702838475004,0.010937186618272095
-1.4125839343447004,-0.010731551631779367,0.0023556860652028853,0.010987058626554127
-1.410096990798319,-0.01081901080023161,0.002183097173393019,0.01103706971818176
-1.4076100472519375,-0.010903825548024096,0.0020082404303357407,0.011087219723978506
-1.405123103705556,-0.010985944239459493,0.0018311537623636872,0.011137508470655899
-1.4026361601591744,-0.011065315723851365,0.0016518761959665605,0.01118793578080037
-1.400149216612793,-0.011141889358041328,0.0014704478530867561,0.01123850147286025
-1.3976622730664114,-0.011215615028914019,0.0012869099459666949,0.011289205361132822
-1.39517532952003,-0.011286443175901214,0.00110130477154636,0.011340047255751532
-1.3926883859736483,-0.01135432481346626,0.0009136757054091694,0.01139102696267332
-1.3902014424272668,-0.011419211553559941,0.0007240671952751304,0.011442144283665998
-1.3877144988808854,-0.01148105562803891,0.00053252475404003,0.011493399016295803
-1.385227555334504,-0.01153980991103764,0.0003390949523595503,0.011544790953915026
-1.3827406117881222,-0.01159542794128491,0.00014382541077780884,0.011596319885649766
-1.3802536682417408,-0.011647863944355762,-5.323520860071131e-05,0.011647985596387805
-1.3777667246953593,-0.011697072854849716,-0.00025203721089612325,0.011699787866766575
-1.3752797811489779,-0.011743010338486171,-0.0004525298776950866,0.011751726473161288
-1.3727928376025962,-0.01178563281410772,-0.0006546614767502434,0.011803801187673124
-1.3703058940562147,-0.011824897475582142,-0.0008583792721367539,0.011856011778117586
-1.3678189505098333,-0.011860762313593828,-0.0010636295348657695,0.01190835800801296
-1.3653320069634518,-0.011893186137315263,-0.001270357553954509,0.011960839636568884
-1.3628450634170701,-0.011922128595949303,-0.001478507647951981,0.012013456418675043
-1.3603581198706887,-0.011947550200132865,-0.0016880231769199432,0.012066208104890027
-1.3578711763243072,-0.011969412343192612,-0.001898846554867889,0.012119094441430238
-1.3553842327779257,-0.011987677322243345,-0.0021109192626406863,0.012172115170159002
-1.352897289231544,-0.012002308359119586,-0.0023241818612578682,0.012225270028575727
-1.3504103456851626,-0.012013269621131074,-0.0025385740057026923,0.012278558749805294
-1.3479234021387811,-0.01202052624163263,-0.002754034459159292,0.012331981062587451
-1.3454364585923997,-0.012024044340399106,-0.0029705011076960677,0.012385536691266442
-1.342949515046018,-0.012023791043795954,-0.003187910975392836,0.012439225355780717
-1.3404625714996365,-0.012019734504736037,-0.0034062002399097933,0.012493046771652765
-1.337975627953255,-0.012011843922413272,-0.0036253042484955546,0.012547000649979125
-1.3354886844068736,-0.012000089561803836,-0.003845157534431329,0.01260108669742048
-1.333001740860492,-0.011984442772925472,-0.004065693833908704,0.012655304616191932
-1.3305147973141105,-0.011964876009845664,-0.0042868461033375846,0.01270965410405338
-1.328027853767729,-0.011941362849429328,-0.004508546537081076,0.012764134854300021
-1.3255409102213476,-0.011913878009816883,-0.004730726585613796,0.01281874655575308
-1.3230539666749659,-0.011882397368623315,-0.004953316974099823,0.012873488892750548
-1.3205670231285844,-0.01184689798084916,-0.005176247721386532,0.012928361545138161
-1.318080079582203,-0.011807358096494318,-0.005399448159409871,0.012983364188260474
-1.3155931360358213,-0.011763757177865488,-0.005622846953007197,0.013038496492952098
-1.3131061924894398,-0.011716075916568307,-0.005846372120132845,0.01309375812552907
-1.3106192489430584,-0.01166429625017514,-0.006069951052471835,0.01314914874778036
-1.308132305396677,-0.01160840137855965,-0.006293510536446941,0.01320466801695954
-1.3056453618502952,-0.011548375779889363,-0.006516976774613715,0.0132603155857766
-1.3031584183039138,-0.011484205226267342,-0.006740275407438567,0.013316091102389896
-1.3006714747575323,-0.011415876799014265,-0.006963331535454271,0.01337199421039824
-1.2981845312111508,-0.011343378903582479,-0.007186069741787008,0.013428024548833191
-1.2956975876647692,-0.011266701284093236,-0.00740841411504954,0.013484181752151422
-1.2932106441183877,-0.011185835037488821,-0.0076302882725940826,0.013540465450227305
-1.2907237005720062,-0.01110077262729116,-0.00785161538411882,0.01359687526834559
-1.2882367570256248,-0.011011507896958596,-0.008072318195621705,0.013653410827194307
-1.285749813479243,-0.010918036082832818,-0.008292319053694644,0.013710071742857753
-1.2832628699328616,-0.010820353826667664,-0.008511539930151638,0.013766857626809662
-1.2807759263864802,-0.01071845918773195,-0.008729902446983772,0.01382376808590656
-1.2782889828400987,-0.010612351654478562,-0.008947327901633656,0.013880802722381225
-1.275802039293717,-0.010502032155771905,-0.009163737292582429,0.013937961133836363
-1.2733150957473356,-0.010387503071666174,-0.009379051345241408,0.013995242913238372
-1.2708281522009541,-0.01026876824372702,-0.009593190538140934,0.014052647648911334
-1.2683412086545727,-0.010145832984889074,-0.009806075129408516,0.01411017492453114
-1.265854265108191,-0.010018704088842393,-0.010017625183528006,0.014167824319119778
-1.2633673215618095,-0.009887389838940365,-0.01022776059837195,0.014225595407039767
-1.260880378015428,-0.009751900016622314,-0.010436401132498567,0.014283487757988792
-1.2583934344690466,-0.009612245909344126,-0.010643466432704652,0.014341500936994482
-1.255906490922665,-0.009468440318009886,-0.010848876061825994,0.014399634504409346
-1.2534195473762835,-0.009320497563898278,-0.011052549526776258,0.014457888015905914
-1.250932603829902,-0.009168433495077285,-0.011254406306815287,0.014516261022471964
-1.2484456602835206,-0.00901226549230092,-0.011454365882037824,0.014574753070406033
-1.2459587167371389,-0.008852012474382177,-0.011652347762072988,0.014633363701313004
-1.2434717731907574,-0.008687694903035992,-0.011848271514985355,0.014692092452099901
-1.240984829644376,-0.008519334787186668,-0.01204205679636787,0.01475093885497186
-1.2384978860979945,-0.008346955686734365,-0.012233623378616646,0.014809902437428241
-1.2360109425516128,-0.008170582715775072,-0.012422891180377982,0.014868982722258955
-1.2335239990052314,-0.00799024254526884,-0.012609780296157457,0.014928179227540953
-1.23103705545885,-0.007805963405151479,-0.012794211026080828,0.014987491466634847
-1.2285501119124684,-0.007617775085884903,-0.01297610390579634,0.015046918948181776
-1.2260631683660868,-0.00742570893944125,-0.013155379736508222,0.015106461176100405
-1.2235762248197053,-0.0072297978797164625,-0.013331959615130628,0.015166117649584109
-1.2210892812733238,-0.007030076382369324,-0.01350576496455117,0.015225887863098324
-1.2186023377269424,-0.0068265804840814855,-0.013676717563993572,0.015285771306378116
-1.2161153941805607,-0.0066193477812349685,-0.01384473957946814,0.015345767464425883
-1.2136284506341792,-0.0064084174280034,-0.0140097535942992,0.015405875817509275
-1.2111415070877978,-0.006193830133853431,-0.014171682639718294,0.015466095841159258
-1.2086545635414163,-0.005975628160453498,-0.014330450225511793,0.015526427006168415
-1.2061676199950346,-0.0057538553179864345,-0.014485980370711651,0.015586868778589369
-1.2036806764486532,-0.005528556960863389,-0.014638197634317817,0.015647420619733426
-1.2011937329022717,-0.005299779982836702,-0.014787027146040644,0.0157080819861694
-1.1987067893558903,-0.005067572811508889,-0.014932394637051821,0.015768852329722607
-1.1962198458095086,-0.004831985402236038,-0.015074226470731953,0.015829731097474084
-1.1937329022631271,-0.004593069231423543,-0.015212449673403024,0.01589071773175993
-1.1912459587167457,-0.004350877289212387,-0.01534699196503394,0.015951811670170898
-1.1887590151703642,-0.004105464071554968,-0.015477781789907007,0.016013012345552153
-1.1862720716239825,-0.003856885571678692,-0.015604748347233521,0.016074319186003203
-1.183785128077601,-0.003605199270936642,-0.015727821621706294,0.01613573161487802
-1.1812981845312196,-0.003350464129044835,-0.015846932413976937,0.016197249050785418
-1.1788112409848381,-0.0030927405737050237,-0.015962012371045803,0.01625887090758951
-1.1763242974384565,-0.00283209048961322,-0.016072994016552256,0.016320596594410458
-1.173837353892075,-0.002568577206853774,-0.016179810780953024,0.016382425515625347
-1.1713504103456935,-0.0023022654886791076,-0.01628239703157636,0.016444357070869314
-1.168863466799312,-0.0020332215186759945,-0.016380688102539485,0.016506390655036788
-1.1663765232529304,-0.0017615128873185533,-0.01647462032451716,0.016568525658283033
-1.163889579706549,-0.0014872085779092752,-0.016564131054348768,0.016630761466025785
-1.1614026361601675,-0.001210378951909274,-0.016649158704471607,0.016693097458947148
-1.158915692613786,-0.0009310957336591685,-0.016729642772167878,0.016755533012995653
-1.1564287490674043,-0.0006494319944922677,-0.016805523868612948,0.01681806749938856
-1.1539418055210229,-0.0003654621362420871,-0.016876743747712412,0.01688070028461428
-1.1514548619746414,-7.926187414647775e-05,-0.01694324533471551,0.01694343073043509
-1.14896791842826,0.00020909178084920708,-0.017004972754592437,0.017006258193889973
-1.1464809748818783,0.0004995205403872521,-0.017061871360163097,0.01706918202729769
-1.1439940313354968,0.0007919448575879012,-0.017113887759964887,0.01713220157826004
-1.1415070877891154,0.0010862839465316928,-0.017160969845847154,0.017195316189665362
-1.139020144242734,0.0013824558023302744,-0.01720306682027983,0.017258525199692162
-1.1365332006963522,0.0016803772217820203,-0.017240129223364035,0.01732182794181303
-1.1340462571499708,0.001979963824608298,-0.017272108959532233,0.017385223744798662
-1.1315593136035893,0.0022811300752661953,-0.01729895932392576,0.017448711932722197
-1.1290723700572078,0.0025837893053332357,-0.017320635028437465,0.017512291824963666
-1.1265854265108262,0.0028878537364592518,-0.01733709222740728,0.017575962736214694
-1.1240984829644447,0.0031932345038803035,-0.017348288542958674,0.017639723976483387
-1.1216115394180632,0.0034998416804894244,-0.017354183089963893,0.017703574851099416
-1.1191245958716818,0.0038075843014587023,-0.01735473650062607,0.017767514660719366
-1.1166376523253,0.004116370389406829,-0.017349910948666232,0.017831542701332203
-1.1141507087789186,0.004426106980106017,-0.017339670173103443,0.017895658264265004
-1.1116637652325372,0.004736700148722017,-0.01732397950161638,0.017959860636188905
-1.1091768216861557,0.0050480550365807645,-0.0173028058734746,0.018024149099125197
-1.106689878139774,0.005360075878454765,-0.017276117862028036,0.018088522930451698
-1.1042029345933926,0.0056726660303621085,-0.017243885696743254,0.018152981402909298
-1.1017159910470111,0.005985727997870863,-0.01720608128477514,0.01821752378460872
-1.0992290475006297,0.006299163464901376,-0.017162678232062734,0.018282149339037473
-1.096742103954248,0.006612873323018596,-0.017113651863938217,0.018346857325067065
-1.0942551604078665,0.006926757701206338,-0.017058979245237908,0.018411646996960348
-1.091768216861485,0.007240715996115261,-0.01699863919990462,0.01847651760437917
-1.0892812733151036,0.007554646902776106,-0.01693261233007041,0.018541468392392152
-1.086794329768722,0.007868448445769375,-0.01686088103460932,0.018606498601482727
-1.0843073862223405,0.008182018010842377,-0.016783429527149556,0.018671607467557385
-1.081820442675959,0.008495252376964515,-0.016700243853534923,0.01873679422195409
-1.0793334991295775,0.008808047748811393,-0.016611311908725217,0.018802058091450993
-1.0768465555831959,0.009120299789667973,-0.016516623453125694,0.01886739829827524
-1.0743596120368144,0.00943190365474088,-0.016416170128335822,0.018932814060112137
-1.071872668490433,0.009742754024869708,-0.016309945472307578,0.018998304590114385
-1.0693857249440515,0.010052745140627078,-0.01619794493390385,0.01906386909691164
-1.0668987813976698,0.010361770836796787,-0.016080165886847627,0.019129506784620207
-1.0644118378512883,0.010669724577219259,-0.01595660764305297,0.019195216852853036
-1.0619248943049069,0.01097649948999325,-0.01582727146532863,0.019260998496729808
-1.0594379507585254,0.01128198840302281,-0.0156921605794458,0.01932685090688739
-1.0569510072121437,0.011586083879897891,-0.01555128018556126,0.019392773269490366
-1.0544640636657623,0.011888678256097051,-0.015404637468987742,0.01945876476624187
-1.0519771201193808,0.012189663675500279,-0.015252241610303429,0.019524824574394577
-1.0494901765729994,0.012488932127200534,-0.015094103794792308,0.019590951866761994
-1.0470032330266177,0.012786375482600932,-0.014930237221208193,0.01965714581172986
-1.0445162894802362,0.013081885532785836,-0.01476065710985462,0.019723405573267846
-1.0420293459338548,0.013375354026153098,-0.014585380709973388,0.019789730310941424
-1.0395424023874733,0.013666672706294715,-0.014404427306434785,0.01985611917992398
-1.0370554588410916,0.013955733350112914,-0.014217818225722717,0.019922571331009126
-1.0345685152947102,0.014242427806158671,-0.014025576841208188,0.019989085910623254
-1.0320815717483287,0.014526648033179396,-0.01382772857770473,0.020055662060838253
-1.0295946282019472,0.01480828613886239,-0.013624300915299793,0.020122298919384503
-1.0271076846555656,0.015087234418760436,-0.013415323392456335,0.020188995619664085
-1.024620741109184,0.015363385395385768,-0.013200827608378964,0.020255751290764137
-1.0221337975628026,0.01563663185745878,-0.012980847224639321,0.020322565057470505
-1.0196468540164212,0.015906866899297215,-0.012755417966055695,0.02038943604028159
-1.0171599104700395,0.01617398396033176,-0.012524577620822134,0.020456363355422384
-1.014672966923658,0.016437876864733796,-0.012288366039882495,0.020523346114858756
-1.0121860233772766,0.016698439861140873,-0.012046825135545175,0.02059038342631194
-1.0096990798308951,0.01695556766246544,-0.011799998879334543,0.020657474393273256
-1.0072121362845134,0.017209155485772048,-0.011547933299075509,0.020724618115019036
-1.004725192738132,0.01745909909220828,-0.011290676475207727,0.020791813686625735
-1.0022382491917505,0.01770529482697479,-0.011028278536326291,0.02085906019898537
-0.999751305645369,0.017947639659319073,-0.010760791653946096,0.020926356738820994
-0.9972643620989875,0.018186031222538302,-0.010488270036487425,0.020993702388702615
-0.9947774185526059,0.018420367853975675,-0.01021076992248045,0.021061096227063106
-0.9922904750062245,0.018650548634995455,-0.009928349572986574,0.021128537328214504
-0.9898035314598429,0.018876473430921078,-0.009641069263235102,0.02119602476236443
-0.9873165879134614,0.019098042930921013,-0.00934899127347383,0.021263557595632764
-0.9848296443670799,0.019315158687826954,-0.009052179879032585,0.021331134890068545
-0.9823427008206984,0.019527723157868854,-0.008750701339598736,0.02139875570366704
-0.9798557572743168,0.019735639740311124,-0.008444623887704391,0.02146641909038709
-0.9773688137279354,0.019938812816974464,-0.008134017716425199,0.02153412410016865
-0.9748818701815538,0.020137147791627563,-0.007818954966290818,0.021601869778950497
-0.9723949266351724,0.020330551129233126,-0.0074995097114075,0.021669655168688257
-0.9699079830887908,0.0205189303950323,-0.007175757944793652,0.021737479307372548
-0.9674210395424093,0.020702194293451926,-0.006847777562929526,0.021805341229047405
-0.9649340959960278,0.020880252706818626,-0.006515648349522413,0.021873239963828877
-0.9624471524496463,0.021053016733864182,-0.006179451958489007,0.021941174537923876
-0.9599602089032647,0.021220398728006223,-0.005839271896157111,0.022009143973649184
-0.9574732653568833,0.021382312335388547,-0.005495193502689042,0.02207714728945081
-0.9549863218105017,0.021538672532665185,-0.005147303932729392,0.022145183499923345
-0.9524993782641202,0.021689395664512535,-0.004795692135280122,0.022213251615829745
-0.9500124347177387,0.02183439948085378,-0.004440448832806493,0.022281350644121203
-0.9475254911713572,0.021973603173779825,-0.004081666499577364,0.022349479587957275
-0.9450385476249756,0.02210692741415112,-0.0037194393392437973,0.0224176374467262
-0.9425516040785942,0.022234294387864756,-0.003353863261660328,0.02248582321606547
-0.9400646605322126,0.022355627831771058,-0.0029850358589536027,0.022554035887882583
-0.9375777169858311,0.022470853069224344,-0.0026130563808432613,0.022622274450376
-0.9350907734394496,0.022579897045252227,-0.0022380257092202366,0.022690537888056358
-0.9326038298930681,0.022682688361328064,-0.0018600463319881403,0.02275882518176784
-0.9301168863466865,0.022779157309731193,-0.001479222316173719,0.022827135308709817
-0.9276299428003051,0.022869235907479753,-0.0010956592803125274,0.02289546724245863
-0.9251429992539235,0.022952857929820786,-0.0007094643661162785,0.022963819952989652
-0.922656055707542,0.023029958943262655,-0.0003207462094288071,0.023032192406699507
-0.9201691121611605,0.0231004763381347,7.038508952209086e-05,0.023100583566428537
-0.917682168614779,0.023164349360659295,0.0004638179965695371,0.02316899239148346
-0.9151952250683975,0.0232215191445215,0.000859439574741444,0.02323741783766024
-0.912708281522016,0.02327192874192167,0.0012571355160751862,0.02330585885726715
-0.9102213379756344,0.023315523154096535,0.001656790174104561,0.02337431439914808
-0.907734394429253,0.023352249361294288,0.0020582865970103855,0.023442783408706015
-0.9052474508828714,0.023382056352189463,0.0024615065614257718,0.023511264827926755
-0.9027605073364899,0.023404895152723506,0.0028663306068866497,0.02357975759540279
-0.9002735637901084,0.023420718854357092,0.0032726380709178176,0.023648260646357448
-0.8977866202437269,0.023429482641720314,0.003680307124744639,0.023716772912669205
-0.8952996766973453,0.0234311438196472,0.0040892148096202344,0.02378529332289616
-0.8928127331509639,0.023425661839581113,0.004499237073757556,0.02385382080230086
-0.8903257896045823,0.023412998325337588,0.004910248809855399,0.023922354272875132
-0.8878388460582008,0.02339311709821176,0.00532212389320736,0.023990892653365282
-0.8853519025118193,0.023365984201417233,0.0057347352203823655,0.024059434859297377
-0.8828649589654378,0.02333156792384386,0.006147954748465053,0.024127979803002852
-0.8803780154190562,0.0232898388231218,0.006561653534843909,0.024196526393644214
-0.8778910718726748,0.023240769747979634,0.00697570177753504,0.024265073537240944
-0.8754041283262932,0.023184335859884404,0.007389968856029127,0.024333620136695697
-0.8729171847799118,0.023120514653951766,0.007804323372648612,0.024402165091820593
-0.8704302412335302,0.02304928597911456,0.008218633194402275,0.02447070729936382
-0.8679432976871487,0.02297063205753841,0.00863276549532352,0.024539245653036272
-0.8654563541407672,0.022884537503273242,0.009046586799279391,0.02460777904353856
-0.8629694105943857,0.02279098934012974,0.009459963023235827,0.024676306358588123
-0.8604824670480041,0.022689977018770013,0.009872759520965727,0.024744826482946507
-0.8579955235016227,0.02258149243300226,0.010284841127184936,0.024813338298446928
-0.8555085799552411,0.02246552993526904,0.010696072202102157,0.02488184068402199
-0.8530216364088596,0.022342086351319405,0.011106316676367448,0.024950332515731536
-0.8505346928624781,0.022211160994055207,0.011515438096404868,0.025018812666790808
-0.8480477493160966,0.022072755676542353,0.011923299670113479,0.02508728000759869
-0.845560805769715,0.021926874724177734,0.012329764312921666,0.02515573340576619
-0.8430738622233336,0.021773524986003278,0.012734694694179021,0.02522417172614515
-0.840586918676952,0.021612715845158552,0.013137953283869604,0.02529259383085704
-0.8380999751305706,0.021444459228463723,0.013539402399630982,0.025360998579322072
-0.835613031584189,0.02126876961512492,0.013938904254062471,0.025429384828288354
-0.8331260880378075,0.021085664044554673,0.014336321002306135,0.025497751431861393
-0.830639144491426,0.02089516212329988,0.01473151478988388,0.02556609724153363
-0.8281522009450445,0.02069728603107052,0.015124347800773976,0.02563442110621427
-0.8256652573986629,0.020492060525862367,0.015514682305709846,0.025702721872259228
-0.8231783138522815,0.02027951294816754,0.01590238071068393,0.02577099838350131
-0.8206913703058999,0.02005967322426683,0.01628730560563925,0.025839249481280517
-0.8182044267595184,0.01983257386859813,0.016669319813331477,0.02590747400447459
-0.8157174832131369,0.019598249985195618,0.017048286438343475,0.025975670789529694
-0.8132305396667554,0.019356739268194922,0.01742406891623475,0.026043838670491287
-0.8107435961203738,0.019108082001399445,0.017796531062807756,0.026111976479035185
-0.8082566525739924,0.01885232105690358,0.018165537123473175,0.026180083044498773
-0.8057697090276108,0.018589501892768943,0.018530951822695926,0.026248157193912446
-0.8032827654812293,0.018319672549750008,0.018892640413503456,0.026316197752031124
-0.8007958219348478,0.018042883647066094,0.019250468727038034,0.026384203541366082
-0.7983088783884663,0.01775918837721631,0.01960430322213478,0.0264521733822168
-0.7958219348420847,0.01746864249983572,0.019954011034906304,0.02652010609270312
-0.7933349912957033,0.01717130433458984,0.0202994600283158,0.026588000488797472
-0.7908480477493217,0.01686723475310635,0.020640518841719403,0.026655855384357344
-0.7883611042029403,0.01655649716994193,0.020977056940359343,0.02672366959115782
-0.7858741606565587,0.016239157532583957,0.021308944664788627,0.026791441918924443
-0.7833872171101772,0.01591528431048558,0.021636053280208636,0.026859171175366067
-0.7809002735637957,0.015584948483134712,0.021958255025700268,0.026926856166208
-0.7784133300174142,0.015248223527156213,0.02227542316332993,0.02699449569522527
-0.7759263864710326,0.014905185402448517,0.02258743202711088,0.027062088564276013
-0.7734394429246512,0.01455591253735485,0.022894157071801247,0.027129633573335105
-0.7709524993782696,0.01420048581287088,0.02319547492151908,0.027197129520527854
-0.7684655558318881,0.013838988545889844,0.023491263418155807,0.027264575202163993
-0.7659786122855066,0.013471506471487715,0.023781401669568342,0.027331969412771617
-0.7634916687391251,0.013098127724250246,0.024065770097531282,0.027399310945131518
-0.7610047251927435,0.012718942818645166,0.024344250485429517,0.027466598590311482
-0.7585177816463621,0.012334044628442172,0.024616726025672483,0.02753383113770084
-0.7560308380999805,0.011943528365184808,0.024883081366810725,0.02760100737504516
-0.753543894553599,0.011547491555717618,0.02514320266033576,0.027668126088481036
-0.7510569510072175,0.0111460340187733,0.025396977607144256,0.027735186062571103
-0.748570007460836,0.010739257840624267,0.0256442955036475,0.027802186080339176
-0.7460830639144544,0.01032726734980391,0.025885047287507085,0.027869124923305427
-0.743596120368073,0.009910169090903026,0.026119125582978207,0.02793600137152195
-0.7411091768216914,0.009488071797447014,0.026346424745841562,0.028002814203608214
-0.73862223327531,0.00906108636386032,0.026566840907905242,0.028069562196786805
-0.7361352897289284,0.00862932581652475,0.02678027202105793,0.028136244126919265
-0.7336483461825469,0.008192905283938626,0.026986617900854916,0.028202858768542106
-0.7311614026361654,0.007751941965984007,0.027185780269618452,0.028269404894902896
-0.7286744590897839,0.007306555102309941,0.027377662799034266,0.028335881277996567
-0.7261875155434023,0.006856865939839859,0.027562171152225808,0.02840228668860176
-0.7237005719970209,0.0064029976994116715,0.027739213025288374,0.02846861989631741
-0.7212136284506393,0.005945075541559247,0.027908698188265083,0.028534879669599392
-0.7187266849042578,0.005483226531444722,0.028070538525546935,0.028601064775797314
-0.7162397413578763,0.005017579602951343,0.028224648075679305,0.028667173981191462
-0.7137527978114948,0.004548265521946751,0.028370943070557382,0.028733206051029834
-0.7112658542651132,0.0040754168487269725,0.028509341973993307,0.028799159749565335
-0.7087789107187318,0.0035991678996520793,0.028639765519637806,0.028865033840093115
-0.7062919671723502,0.003119654707984352,0.028762136748239384,0.02893082708498793
-0.7038050236259688,0.0026370149839408273,0.02887638104422435,0.028996538245741818
-0.7013180800795872,0.0021513880739713583,0.028982426171581015,0.02906216608300163
-0.6988311365332057,0.0016629149192751603,0.029080202309031834,0.029127709356606954
-0.6963441929868242,0.0011717380135674972,0.029169642084477244,0.029193166825627958
-0.6938572494404427,0.0006780013601101952,0.02925068060869527,0.02925853724840346
-0.6913703058940611,0.00018185042801832798,0.029323255508281264,0.029323819382579035
-0.6888833623476797,-0.00031656789214256476,0.02938730695781224,0.029389011985145326
-0.6863964188012981,-0.0008171053334557203,0.029442777711220603,0.029454113812476354
-0.6839094752549166,-0.0013196122984338394,0.029489613132362313,0.029519123620368095
-0.6814225317085351,-0.0018239379054675552,0.02952776122476468,0.02958404016407695
-0.6789355881621536,-0.0023299300359260317,0.029557172660539498,0.029648862198358536
-0.676448644615772,-0.002837435381895399,0.02957780080844707,0.02971358847750645
-0.6739617010693906,-0.003346299494538756,0.029589601761097505,0.029778217755391186
-0.671474757523009,-0.0038563668330628235,0.029592534361275378,0.029842748785499147
-0.6689878139766275,-0.0043674808142744,0.029586560227374603,0.029907180320971744
-0.666500870430246,-0.004879483862711091,0.02957164377793035,0.0299715111146446
-0.6640139268838645,-0.005392217461328925,0.029547752255235385,0.03003573991908687
-0.6615269833374829,-0.005905522202730573,0.029514855748028257,0.030099865486640637
-0.6590400397911015,-0.006419237840916766,0.029472927213241233,0.030163886569460396
-0.6565530962447199,-0.006933203343543229,0.029421942496796385,0.03022780191955267
-0.6540661526983385,-0.007447256944665868,0.02936188035343798,0.030291610288815635
-0.6515792091519569,-0.007961236197956028,0.029292722465590375,0.030355310429078936
-0.6490922656055754,-0.008474978030367506,0.02921445346123041,0.030418901092143503
-0.6466053220591939,-0.00898831879623694,0.02912706093076395,0.030482381029821506
-0.6441183785128124,-0.009501094331799055,0.02903053544289642,0.030545748993976385
-0.6416314349664308,-0.01001314001009765,0.028924870559487458,0.030609003736562918
-0.6391444914200494,-0.010524290796273116,0.028810062849380574,0.030672144009667432
-0.6366575478736678,-0.011034381303207216,0.028686111901198526,0.030735168565548046
-0.6341706043272863,-0.011543245847505658,0.028553020335095877,0.03079807615667503
-0.6316836607809048,-0.012050718505798504,0.02841079381346033,0.0308608655357712
-0.6291967172345233,-0.01255663317133847,0.028259441050555147,0.03092353545585238
-0.6267097736881417,-0.013060823610876892,0.028098973821094927,0.030986084670267998
-0.6242228301417603,-0.01356312352179723,0.02792940696774769,0.03104851193274168
-0.6217358865953787,-0.01406336658948544,0.027750758407556524,0.03111081599741197
-0.6192489430489972,-0.014561386544916418,0.027563049137274427,0.031172995618873035
-0.6167619995026157,-0.015057017222435663,0.02736630323760659,0.031235049552215555
-0.6142750559562342,-0.015550092617715746,0.027160547876354055,0.031296976553067526
-0.6117881124098526,-0.016040446945865355,0.02694581331045444,0.031358775377635276
-0.6093011688634712,-0.01652791469967079,0.026722132886914145,0.03142044478274444
-0.6068142253170896,-0.01701233070794753,0.026489543042628474,0.031481983525880976
-0.6043272817707082,-0.017493530193981185,0.02624808330308519,0.03154339036523232
-0.6018403382243266,-0.01797134883403548,0.025997796279948596,0.031604664059728546
-0.5993533946779451,-0.018445622815906185,0.02573872766752053,0.03166580336908359
-0.5968664511315636,-0.018916188897498503,0.02547092623807626,0.031726807053836466
-0.5943795075851821,-0.019382884465406758,0.025194443836072507,0.03178767387539262
-0.5918925640388005,-0.019845547593473605,0.024909335371226405,0.03184840259606527
-0.5894056204924191,-0.02030401710130748,0.024615658810463594,0.031908991979116806
-0.5869186769460375,-0.020758132612735448,0.024313475168734996,0.031969440788800235
-0.584431733399656,-0.021207734614169974,0.024002848498701386,0.032029747790400645
-0.5819447898532745,-0.0216526645128668,0.02368384587928631,0.03208991175027673
-0.579457846306893,-0.02209276469505227,0.023356537403097104,0.03214993143590235
-0.5769709027605114,-0.022527878583897227,0.02302099616271568,0.0322098056159081
-0.57448395921413,-0.02295785069731591,0.022677298235859577,0.03226953306012296
-0.5719970156677484,-0.023382526705566856,0.02232552266941586,0.03232911253961588
-0.569510072121367,-0.02380175348863411,0.021965751462349366,0.032388542826737504
-0.5670231285749854,-0.024215379193366197,0.02159806954748847,0.03244782269516186
-0.5645361850286039,-0.024623253290350644,0.021222564772191203,0.032506950919928106
-0.5620492414822224,-0.025025226630501853,0.02083932787789536,0.032565926277482206
-0.5595622979358409,-0.025421151501340243,0.020448452478556634,0.032624747545718764
-0.5570753543894593,-0.025810881682940396,0.02005003503797912,0.032683413504022776
-0.5545884108430779,-0.026194272503526256,0.019644174846043177,0.03274192293331146
-0.5521014672966963,-0.026571180894691317,0.01923097399383589,0.03280027461607602
-0.5496145237503148,-0.02694146544622191,0.01881053734769004,0.032858467336423516
-0.5471275802039333,-0.027304986460501758,0.018382972522137643,0.03291649988011867
-0.5446406366575518,-0.027661606006476006,0.01794838985178485,0.03297437103462571
-0.5421536931111702,-0.028011187973153166,0.017506902362115266,0.03303207958915027
-0.5396667495647888,-0.028353598122623364,0.017058625739229206,0.03308962433468117
-0.5371798060184072,-0.028688704142571554,0.016603678298526922,0.033147004064032336
-0.5346928624720257,-0.02901637569826433,0.0161421809523442,0.03320421757188458
-0.5322059189256442,-0.02933648448398938,0.015674257176549123,0.03326126365482754
-0.5297189753792627,-0.029648904273926347,0.015200032976109414,0.03331814111140148
-0.5272320318328811,-0.029953510972428418,0.014719636849639872,0.03337484874213913
-0.5247450882864997,-0.030250182663693965,0.014233199752940384,0.03343138534960753
-0.5222581447401181,-0.030538799660807782,0.013740855061534434,0.033487749738449875
-0.5197712011937367,-0.030819244554131382,0.013242738532220041,0.033543940715427316
-0.5172842576473551,-0.031091402259022603,0.012738988263643468,0.03359995708946072
-0.5147973141009736,-0.03135516006286422,0.012229744655908504,0.03365579767167253
-0.512310370554592,-0.03161040767138223,0.011715150369232633,0.03371146127542845
-0.5098234270082106,-0.031857037254233944,0.011195350281663609,0.03376694671637924
-0.507336483461829,-0.032094943489847025,0.010670491445868594,0.03382225281250243
-0.5048495399154476,-0.03232402360949002,0.010140723045010156,0.03387737838414402
-0.502362596369066,-0.03254417744055599,0.00960619634772209,0.0339323222540601
-0.4998756528226845,-0.032755307449040406,0.009067064662200164,0.0339870832474586
-0.49738870927630296,-0.03295731878119526,0.008523483289421483,0.034041660192040774
-0.49490176572992145,-0.03315011930434121,0.007975609475508386,0.03409605191804287
-0.49241482218353994,-0.033333619646820176,0.007423602363251295,0.03415025725827766
-0.4899278786371584,-0.033507733237070805,0.006867622942807188,0.034204275048175935
-0.4874409350907769,-0.03367237634180978,0.0063078340015888575,0.034258104125827964
-0.4849539915443954,-0.033827468103301984,0.005744400073362331,0.03431174333202494
-0.4824670479980139,-0.033972930575703164,0.00517748738656835,0.034365191510300375
-0.47998010445163236,-0.03410868876045857,0.004607263811885957,0.034418447506971414
-0.47749316090525085,-0.03423467064074198,0.0040338988090549465,0.034471510171180136
-0.47500621735886933,-0.0343508072149193,0.00345756337297542,0.03452437835493484
-0.4725192738124878,-0.03445703252902161,0.0028784299791025716,0.03457705091315119
-0.4700323302661063,-0.03455328370821261,0.002296672528155092,0.03462952670369338
-0.4675453867197248,-0.03463950098723616,0.0017124662901560608,0.03468180458741523
-0.46505844317334327,-0.034715627739829426,0.0011259878478254279,0.03473388342820113
-0.46257149962696176,-0.03478161050708812,0.0005374150393435257,0.03478576209300718
-0.46008455608058024,-0.03483739902476997,-5.307309949469472e-05,0.03483743945190194
-0.4575976125341987,-0.034882946249523775,-0.0006452963937146779,0.03488891437810735
-0.4551106689878172,-0.03491820838403098,-0.0012390735881662477,0.0349401857480395
-0.4526237254414357,-0.034943144901047676,-0.0018342224070759918,0.03499125244134931
-0.4501367818950542,-0.034957718566335054,-0.0024305596141272192,0.03504211334096322
-0.44764983834867267,-0.03496189546046671,-0.0030279010730464005,0.03509276733312377
-0.44516289480229115,-0.03495564499950182,-0.003626061808674739,0.03514321330743002
-0.44267595125590964,-0.034938939954513366,-0.0042248560685033045,0.035193450156878046
-0.4401890077095281,-0.034911756469961204,-0.004824097384649895,0.03524347677790124
-0.4377020641631466,-0.0348740740809002,-0.005423598636255594,0.03529329207041062
-0.4352151206167651,-0.03482587572901375,-0.006023172112278672,0.03534289493783497
-0.4327281770703836,-0.03476714777746387,-0.00662262957466358,0.035392284287160944
-0.43024123352400206,-0.034697880024549356,-0.007221782321862045,0.035441459028973124
-0.42775428997762055,-0.03461806571616369,-0.007820441252683623,0.03549041807749387
-0.42526734643123904,-0.034527701557045154,-0.008418416930452581,0.03553916035062321
-0.4227804028848575,-0.03442678772081194,-0.009015519647447841,0.03558768476997859
-0.420293459338476,-0.034315327858775356,-0.009611559489602673,0.035635990260934454
-0.4178065157920945,-0.034193329107525,-0.010206346401440384,0.03568407575266188
-0.415319572245713,-0.03406080209527984,-0.010799690251222724,0.03573194017816798
-0.41283262869933146,-0.03391776094700008,-0.011391400896286425,0.03577958247433526
-0.41034568515294995,-0.03376422328825455,-0.011981288248544867,0.035827001581960914
-0.40785874160656843,-0.03360021024783953,-0.012569162340129706,0.035874196445795904
-0.4053717980601869,-0.0334257464591448,-0.013154833389149329,0.03592116601458406
-0.4028848545138054,-0.033240860060263486,-0.013738111865538772,0.03596790924110098
-0.4003979109674239,-0.03304558269284269,-0.014318808556977706,0.03601442508219286
-0.39791096742104237,-0.03283994949967244,-0.014896734634851071,0.03606071249881521
-0.39542402387466086,-0.03262399912101075,-0.015471701720228563,0.03610677045607145
-0.39293708032827934,-0.032397773689643396,-0.016043521949837863,0.036152597923251366
-0.3904501367818978,-0.03216131882467721,-0.01661200804200712,0.03619819387386953
-0.3879631932355163,-0.03191468362406636,-0.01717697336255196,0.03624355728570347
-0.3854762496891348,-0.03165792065587157,-0.017738231990582203,0.03628868714083184
-0.3829893061427533,-0.03139108594825251,-0.01829559878420359,0.03633358242567237
-0.38050236259637177,-0.03111423897819444,-0.018848889446089614,0.03637824213101978
-0.37801541904999025,-0.030827442658970392,-0.01939792058889882,0.03642266525208352
-0.37552847550360874,-0.030530763326340703,-0.019942509800512542,0.036466850788525317
-0.3730415319572272,-0.030224270723492434,-0.0204824757090686,0.036510797744496726
-0.3705545884108457,-0.029908037984721348,-0.02101763804776589,0.036554505128676425
-0.3680676448644642,-0.02958214161785998,-0.0215478177194154,0.036597971954307466
-0.3655807013180827,-0.02924666148545552,-0.02207283686071282,0.03664119723923428
-0.36309375777170116,-0.0289016807847019,-0.022592518906208257,0.03668418000593968
-0.36060681422531965,-0.028547286026130964,-0.023106688651948343,0.0367269192815816
-0.35811987067893813,-0.028183567011067927,-0.023615172318766427,0.036769414098029744
-0.3556329271325566,-0.02781061680785714,-0.024117797615196387,0.036811663491902104
-0.3531459835861751,-0.027428531726864224,-0.024614393799985694,0.0368536665046013
-0.3506590400397936,-0.02703741129426159,-0.025104791744183733,0.03689542218235076
-0.3481720964934121,-0.026637358224604484,-0.025588823992781076,0.036936929576230786
-0.34568515294703056,-0.02622847839220539,-0.026066324825875953,0.03697818774221449
-0.34319820940064905,-0.025810880801314988,-0.026537130319343964,0.03701919574120345
-0.34071126585426753,-0.0253846775551185,-0.027001078404987482,0.03705995263906335
-0.338224322307886,-0.024949983823556433,-0.027458008930141144,0.037100457506659384
-0.3357373787615045,-0.02450691780997963,-0.02790776371671014,0.03714070941989154
-0.333250435215123,-0.024055600716648595,-0.02835018661961811,0.03718070745972968
-0.33076349166874147,-0.023596156709087775,-0.0287851235846416,0.03722045071224848
-0.32827654812235996,-0.02312871287930588,-0.029212422705608407,0.03725993826866216
-0.32578960457597844,-0.022653399207893898,-0.029631934280937095,0.0372991692253592
-0.3233026610295969,-0.022170348525012405,-0.03004351086949543,0.03733814268393662
-0.3208157174832154,-0.0216796964702813,-0.030447007345755322,0.037376857751234324
-0.3183287739368339,-0.021181581451584018,-0.030842280954222832,0.03741531353936921
-0.3158418303904524,-0.020676144602800532,-0.031229191363120863,0.03745350916576897
-0.31335488684407087,-0.020163529740481873,-0.031607600717303855,0.03749144375320593
-0.31086794329768935,-0.01964388331948144,-0.03197737369038264,0.03752911642983055
-0.30838099975130784,-0.019117354387556806,-0.03233837753603911,0.037566526329204784
-0.3058940562049263,-0.018584094538957957,-0.032690482138509495,0.03760367259033531
-0.3034071126585448,-0.018044257867016626,-0.033033560062216485,0.03764055435770647
-0.3009201691121633,-0.017498000915753407,-0.033367486600529704,0.03767717078131314
-0.2984332255657818,-0.016945482630518358,-0.03369213982363497,0.03771352101669332
-0.29594628201940026,-0.016386864307682228,-0.03400740062549291,0.037749604224960626
-0.29345933847301875,-0.015822309543395183,-0.03431315276986768,0.03778541957283646
-0.29097239492663723,-0.01525198418143069,-0.03460928293540719,0.03782096623268209
-0.2884854513802557,-0.01467605626013232,-0.0348956807597562,0.03785624338253055
-0.2859985078338742,-0.014094695958481899,-0.035172238882684316,0.037891250206118256
-0.2835115642874927,-0.013508075541307566,-0.035438852988210895,0.037925985892916424
-0.2810246207411112,-0.012916369303650659,-0.035695421845709854,0.037960449638162475
-0.27853767719472966,-0.012319753514310984,-0.03594184734997689,0.03799464064289092
-0.27605073364834815,-0.01171840635859008,-0.036178034560242725,0.038028558113964314
-0.27356379010196663,-0.011112507880252495,-0.03640389173811613,0.03806220126410391
-0.2710768465555851,-0.010502239922725577,-0.03661933038444059,0.03809556931192005
-0.2685899030092036,-0.009887786069558403,-0.03682426527504939,0.03812866148194244
-0.2661029594628221,-0.009269331584160951,-0.03701861449540378,0.038161477004650154
-0.26361601591644057,-0.00864706334884481,-0.03720229947409979,0.03819401511650144
-0.26112907237005906,-0.008021169803187235,-0.037375245015229173,0.03822627505996335
-0.25864212882367754,-0.00739184088174017,-0.03753737932958083,0.038258256083541074
-0.256155185277296,-0.006759267951106905,-0.03768863406466918,0.03828995744180716
-0.2536682417309145,-0.006123643746408555,-0.037828944333576524,0.03832137839543041
-0.251181298184533,-0.005485162307163298,-0.03795824874259688,0.038352518211204625
-0.24869435463815148,-0.004844018912601377,-0.03807648941766919,0.03838337616207717
-0.24620741109176997,-0.004200410016439176,-0.03818361202958818,0.03841395152717712
-0.24372046754538845,-0.0035545331811359265,-0.03827956581798182,0.03844424359184348
-0.24123352399900694,-0.002906587011656793,-0.03836430361404453,0.038474251647652905
-0.23874658045262542,-0.002256771088766358,-0.03843778186201588,0.03850397499244732
-0.2362596369062439,-0.0016052859018767613,-0.03849996063939514,0.03853341293036135
-0.2337726933598624,-0.0009523327814748037,-0.038550803675882164,0.03856256477184941
-0.23128574981348088,-0.0002981138311527875,-0.0385902783710359,0.03859142983371264
-0.22879880626709936,0.000357168140732207,-0.03861835581064219,0.03862000743912559
-0.22631186272071785,0.0010133096897455838,-0.03863501078178287,0.03864829691766263
-0.22382491917433633,0.0016701068043838837,-0.03864022178659898,0.03867629760532422
-0.22133797562795482,0.0023273549753795157,-0.0386339710547411,0.038704008844562814
-0.2188510320815733,0.002984849265276124,-0.03861624455450041,0.03873142998430864
-0.2163640885351918,0.0036423843782489324,-0.03858703200261478,0.03875856037999514
-0.21387714498881027,0.00429975473014448,-0.03854632687274428,0.038785399393584274
-0.21139020144242876,0.004956754518713735,-0.038494126402611475,0.03881194639359148
-0.20890325789604725,0.005613177794012765,-0.03843043159980207,0.03883820075511047
-0.20641631434966573,0.006268818528944868,-0.038355247246221996,0.03886416185983769
-0.20392937080328422,0.00692347068991804,-0.03826858190120783,0.038889829096096645
-0.2014424272569027,0.007576928307591578,-0.0381704479032875,0.03891520185886189
-0.19895548371052119,0.008228985547685549,-0.038060861370589234,0.03894027954978276
-0.19646854016413967,0.00887943678182674,-0.03793984219989682,0.03896506157720695
-0.19398159661775816,0.009528076658404862,-0.03780741406435005,0.03898954735620373
-0.19149465307137664,0.010174700173412404,-0.037663604409789574,0.039013736308586996
-0.18900770952499513,0.01081910274124188,-0.03750844444974599,0.03903762786293794
-0.1865207659786136,0.011461080265413865,-0.03734196915907359,0.03906122145462764
-0.1840338224322321,0.012100429209209585,-0.037164217266229455,0.03908451652583923
-0.18154687888585058,0.012736946666181383,-0.03697523124419947,0.03910751252558994
-0.17905993533946907,0.013370430430514824,-0.03677505730007305,0.039130208909752745
-0.17657299179308755,0.014000679067215945,-0.03656374536326904,0.03915260514107787
-0.17408604824670604,0.014627491982097337,-0.03634134907241583,0.039174700689213963
-0.17159910470032452,0.015250669491536832,-0.036107925760889045,0.039196495030729056
-0.169112161153943,0.015870012891982355,-0.035863536441010896,0.03921798764913114
-0.1666252176075615,0.016485324529177035,-0.03560824578691579,0.03923917803488871
-0.16413827406117998,0.01709640786707829,-0.03534212211608707,0.03926006568545075
-0.16165133051479846,0.01770306755644493,-0.03506523736957068,0.0392806501052667
-0.15916438696841695,0.018305109503066557,-0.03477766709087159,0.039300930805805996
-0.15667744342203543,0.018902340935609222,-0.03447949040353991,0.03932090730557738
-0.15419049987565392,0.019494570473051902,-0.03417078998745351,0.039340579130148046
-0.1517035563292724,0.020081608191688187,-0.03385165205380489,0.039359945812162275
-0.1492166127828909,0.020663265691667824,-0.033522166318800554,0.039379006891360056
-0.14672966923650937,0.021239356163052912,-0.03318242597608138,0.03939776191459528
-0.14424272569012786,0.02180969445136374,-0.032832527667873077,0.03941621043585364
-0.14175578214374635,0.022374097122589247,-0.03247257145487672,0.03943435201627042
-0.13926883859736483,0.02293238252763763,-0.03210266078490903,0.039452186224147784
-0.13678189505098332,0.023484370866202475,-0.03172290246030344,0.03946971263497196
-0.1342949515046018,0.02402988425002014,-0.03133340660408277,0.03948693083143008
-0.13180800795822029,0.024568746765494337,-0.030934286624915396,0.03950384040342671
-0.12932106441183877,0.025100784535664077,-0.030525659180866752,0.0395204409481001
-0.12683412086545726,0.02562582578149142,-0.03010764414195888,0.039536732069838314
-0.12434717731907574,0.026143700882445543,-0.029680364551551004,0.03955271338029477
-0.12186023377269423,0.02665424243636013,-0.02924394658655466,0.039568384498403816
-0.11937329022631271,0.0271572853185412,-0.02879851951649729,0.03958374505039573
-0.1168863466799312,0.027652666740102822,-0.028344215661448846,0.03959879466981175
-0.11439940313354968,0.02814022630550841,-0.027881170348826034,0.03961353299751846
-0.11191245958716817,0.028619806069295633,-0.02740952186908979,0.03962795968172223
-0.10942551604078665,0.02909125059196316,-0.026929411430351533,0.0396420743779831
-0.10693857249440514,0.029554406994998048,-0.026440983111904504,0.039655876749228595
-0.10445162894802362,0.030009125015022453,-0.025944383816696653,0.03966936646576697
-0.10196468540164211,0.03045525705703919,-0.02543976322276233,0.03968254320530057
-0.09947774185526059,0.030892658246755467,-0.024927273733629955,0.0396954066529384
-0.09699079830887908,0.03132118648196505,-0.024407070427723818,0.03970795650120893
-0.09450385476249756,0.03174070248296883,-0.023879311006777884,0.03972019245007213
-0.09201691121611605,0.03215106984201467,-0.023344155743280706,0.03973211420693153
-0.08952996766973453,0.03255215507173756,-0.022801767426969995,0.0397437214866459
-0.08704302412335302,0.03294382765258124,-0.02225231131039665,0.039755014011540524
-0.0845560805769715,0.03332596007918343,-0.021695955053577826,0.03976599151141835
-0.08206913703058999,0.033698427905706534,-0.021132868667759125,0.03977665372357077
-0.07958219348420847,0.034061109790096585,-0.02056322445830664,0.03978700039278801
-0.07709524993782696,0.034413887537253315,-0.019987196966749426,0.03979703127136944
-0.07460830639144544,0.0347566461410948,-0.01940496291199379,0.039806746119133304
-0.07212136284506393,0.03508927382550045,-0.018816701130730775,0.039816144703426475
-0.06963441929868242,0.03541166208411663,-0.018222592517058732,0.03982522679913359
-0.0671474757523009,0.03572370571900952,-0.017622819961343145,0.039833992188686135
-0.06466053220591939,0.03602530287815044,-0.017017568288336046,0.03984244066207108
-0.06217358865953787,0.036316355091719064,-0.016407024194577968,0.03985057201683931
-0.059686645113156356,0.03659676730721061,-0.01579137618510522,0.03985838605811364
-0.05719970156677484,0.03686644792333351,-0.015170814509486047,0.039865882598596684
-0.054712758020393326,0.03712530882268436,-0.014545531097209023,0.039873061458578274
-0.05222581447401181,0.03737326540318774,-0.013915719492447706,0.03987992246594267
-0.049738870927630296,0.03761023660828854,-0.01328157478822549,0.03988646545617541
-0.04725192738124878,0.03783614495588541,-0.012643293560005103,0.03989269027236994
-0.04476498383486727,0.038050916565993916,-0.012001073798727216,0.03989859676523382
-0.04227804028848575,0.0382544811871289,-0.011355114843322982,0.03990418479309474
-0.03979109674210424,0.03844677222139582,-0.010705617312725514,0.039909454221906136
-0.03730415319572272,0.03862772674828125,-0.010052783037405427,0.039914404925252604
-0.03481720964934121,0.038797285547133645,-0.009396814990455875,0.03991903678435492
-0.03233026610295969,0.038955393118325306,-0.008737917218252638,0.03992334968807481
-0.029843322556578178,0.03910199770308773,-0.00807629477071496,0.03992734353291934
-0.027356379010196663,0.03923705130201244,-0.007412153631193047,0.03993101822304516
-0.024869435463815148,0.039360509692210235,-0.006745700646008265,0.03993437367026222
-0.022382491917433633,0.03947233244312225,-0.006077143453672202,0.03993740979403737
-0.01989554837105212,0.03957248293097668,-0.005406690413810927,0.039940126521497595
-0.017408604824670604,0.03966092835188553,-0.00473455053582083,0.03994252378743285
-0.014921661278289089,0.03973763973357648,-0.0040609334072826166,0.03994460153429873
-0.012434717731907574,0.03980259194575518,-0.0033860491221600585,0.039946359712218785
-0.00994777418552606,0.039855763709093994,-0.0027101082088102236,0.03994779827898647
-0.0074608306391445445,0.0398971376028438,-0.0020333215578319823,0.03994891720006685
-0.00497388709276303,0.039926700071065836,-0.001355900349779637,0.039949716448597995
-0.002486943546381515,0.03994444142748117,-0.0006780559827685906,0.03995019600539204
0.0,0.039950355858935964,0.0,0.039950355858935964
0.002486943546381515,0.03994444142748117,0.0006780559827685906,0.03995019600539204
0.00497388709276303,0.039926700071065836,0.001355900349779637,0.039949716448597995
0.0074608306391445445,0.0398971376028438,0.0020333215578319823,0.03994891720006685
0.00994777418552606,0.039855763709093994,0.0027101082088102236,0.03994779827898647
0.012434717731907574,0.03980259194575518,0.0033860491221600585,0.039946359712218785
0.014921661278289089,0.03973763973357648,0.0040609334072826166,0.03994460153429873
0.017408604824670604,0.03966092835188553,0.00473455053582083,0.03994252378743285
0.01989554837105212,0.03957248293097668,0.005406690413810927,0.039940126521497595
0.022382491917433633,0.03947233244312225,0.006077143453672202,0.03993740979403737
0.024869435463815148,0.039360509692210235,0.006745700646008265,0.03993437367026222
0.027356379010196663,0.03923705130201244,0.007412153631193047,0.03993101822304516
0.029843322556578178,0.03910199770308773,0.00807629477071496,0.03992734353291934
0.03233026610295969,0.038955393118325306,0.008737917218252638,0.03992334968807481
0.03481720964934121,0.038797285547133645,0.009396814990455875,0.03991903678435492
0.03730415319572272,0.03862772674828125,0.010052783037405427,0.039914404925252604
0.03979109674210424,0.03844677222139582,0.010705617312725514,0.039909454221906136
0.04227804028848575,0.0382544811871289,0.011355114843322982,0.03990418479309474
0.04476498383486727,0.038050916565993916,0.012001073798727216,0.03989859676523382
0.04725192738124878,0.03783614495588541,0.012643293560005103,0.03989269027236994
0.049738870927630296,0.03761023660828854,0.01328157478822549,0.03988646545617541
0.05222581447401181,0.03737326540318774,0.013915719492447706,0.03987992246594267
0.054712758020393326,0.03712530882268436,0.014545531097209023,0.039873061458578274
0.05719970156677484,0.03686644792333351,0.015170814509486047,0.039865882598596684
0.059686645113156356,0.03659676730721061,0.01579137618510522,0.03985838605811364
0.06217358865953787,0.036316355091719064,0.016407024194577968,0.03985057201683931
0.06466053220591939,0.03602530287815044,0.017017568288336046,0.03984244066207108
0.0671474757523009,0.03572370571900952,0.017622819961343145,0.039833992188686135
0.06963441929868242,0.03541166208411663,0.018222592517058732,0.03982522679913359
0.07212136284506393,0.03508927382550045,0.018816701130730775,0.039816144703426475
0.07460830639144544,0.0347566461410948,0.01940496291199379,0.039806746119133304
0.07709524993782696,0.034413887537253315,0.019987196966749426,0.03979703127136944
0.07958219348420847,0.034061109790096585,0.02056322445830664,0.03978700039278801
0.08206913703058999,0.033698427905706534,0.021132868667759125,0.03977665372357077
0.0845560805769715,0.03332596007918343,0.021695955053577826,0.03976599151141835
0.08704302412335302,0.03294382765258124,0.02225231131039665,0.039755014011540524
0.08952996766973453,0.03255215507173756,0.022801767426969995,0.0397437214866459
0.09201691121611605,0.03215106984201467,0.023344155743280706,0.03973211420693153
0.09450385476249756,0.03174070248296883,0.023879311006777884,0.03972019245007213
0.09699079830887908,0.03132118648196505,0.024407070427723818,0.03970795650120893
0.09947774185526059,0.030892658246755467,0.024927273733629955,0.0396954066529384
0.10196468540164211,0.03045525705703919,0.02543976322276233,0.03968254320530057
0.10445162894802362,0.030009125015022453,0.025944383816696653,0.03966936646576697
0.10693857249440514,0.029554406994998048,0.026440983111904504,0.039655876749228595
0.10942551604078665,0.02909125059196316,0.026929411430351533,0.0396420743779831
0.11191245958716817,0.028619806069295633,0.02740952186908979,0.03962795968172223
0.11439940313354968,0.02814022630550841,0.027881170348826034,0.03961353299751846
0.1168863466799312,0.027652666740102822,0.028344215661448846,0.03959879466981175
0.11937329022631271,0.0271572853185412,0.02879851951649729,0.03958374505039573
0.12186023377269423,0.02665424243636013,0.02924394658655466,0.039568384498403816
0.12434717731907574,0.026143700882445543,0.029680364551551004,0.03955271338029477
0.12683412086545726,0.02562582578149142,0.03010764414195888,0.039536732069838314
0.12932106441183877,0.025100784535664077,0.030525659180866752,0.0395204409481001
0.13180800795822029,0.024568746765494337,0.030934286624915396,0.03950384040342671
0.1342949515046018,0.02402988425002014,0.03133340660408277,0.03948693083143008
0.13678189505098332,0.023484370866202475,0.03172290246030344,0.03946971263497196
0.13926883859736483,0.02293238252763763,0.03210266078490903,0.039452186224147784
0.14175578214374635,0.022374097122589247,0.03247257145487672,0.03943435201627042
0.14424272569012786,0.02180969445136374,0.032832527667873077,0.03941621043585364
0.14672966923650937,0.021239356163052912,0.03318242597608138,0.03939776191459528
0.1492166127828909,0.020663265691667824,0.033522166318800554,0.039379006891360056
0.1517035563292724,0.020081608191688187,0.03385165205380489,0.039359945812162275
0.15419049987565392,0.019494570473051902,0.03417078998745351,0.039340579130148046
0.15667744342203543,0.018902340935609222,0.03447949040353991,0.03932090730557738
0.15916438696841695,0.018305109503066557,0.03477766709087159,0.039300930805805996
0.16165133051479846,0.01770306755644493,0.03506523736957068,0.0392806501052667
0.16413827406117998,0.01709640786707829,0.03534212211608707,0.03926006568545075
0.1666252176075615,0.016485324529177035,0.03560824578691579,0.03923917803488871
0.169112161153943,0.015870012891982355,0.035863536441010896,0.03921798764913114
0.17159910470032452,0.015250669491536832,0.036107925760889045,0.039196495030729056
0.17408604824670604,0.014627491982097337,0.03634134907241583,0.039174700689213963
0.17657299179308755,0.014000679067215945,0.03656374536326904,0.03915260514107787
0.17905993533946907,0.013370430430514824,0.03677505730007305,0.039130208909752745
0.18154687888585058,0.012736946666181383,0.03697523124419947,0.03910751252558994
0.1840338224322321,0.012100429209209585,0.037164217266229455,0.03908451652583923
0.1865207659786136,0.011461080265413865,0.03734196915907359,0.03906122145462764
0.18900770952499513,0.01081910274124188,0.03750844444974599,0.03903762786293794
0.19149465307137664,0.010174700173412404,0.037663604409789574,0.039013736308586996
0.19398159661775816,0.009528076658404862,0.03780741406435005,0.03898954735620373
0.19646854016413967,0.00887943678182674,0.03793984219989682,0.03896506157720695
0.19895548371052119,0.008228985547685549,0.038060861370589234,0.03894027954978276
0.2014424272569027,0.007576928307591578,0.0381704479032875,0.03891520185886189
0.20392937080328422,0.00692347068991804,0.03826858190120783,0.038889829096096645
0.20641631434966573,0.006268818528944868,0.038355247246221996,0.03886416185983769
0.20890325789604725,0.005613177794012765,0.03843043159980207,0.03883820075511047
0.21139020144242876,0.004956754518713735,0.038494126402611475,0.03881194639359148
0.21387714498881027,0.00429975473014448,0.03854632687274428,0.038785399393584274
0.2163640885351918,0.0036423843782489324,0.03858703200261478,0.03875856037999514
0.2188510320815733,0.002984849265276124,0.03861624455450041,0.03873142998430864
0.22133797562795482,0.0023273549753795157,0.0386339710547411,0.038704008844562814
0.22382491917433633,0.0016701068043838837,0.03864022178659898,0.03867629760532422
0.22631186272071785,0.0010133096897455838,0.03863501078178287,0.03864829691766263
0.22879880626709936,0.000357168140732207,0.03861835581064219,0.03862000743912559
0.23128574981348088,-0.0002981138311527875,0.0385902783710359,0.03859142983371264
0.2337726933598624,-0.0009523327814748037,0.038550803675882164,0.03856256477184941
0.2362596369062439,-0.0016052859018767613,0.03849996063939514,0.03853341293036135
0.23874658045262542,-0.002256771088766358,0.03843778186201588,0.03850397499244732
0.24123352399900694,-0.002906587011656793,0.03836430361404453,0.038474251647652905
0.24372046754538845,-0.0035545331811359265,0.03827956581798182,0.03844424359184348
0.24620741109176997,-0.004200410016439176,0.03818361202958818,0.03841395152717712
0.24869435463815148,-0.004844018912601377,0.03807648941766919,0.03838337616207717
0.251181298184533,-0.005485162307163298,0.03795824874259688,0.038352518211204625
0.2536682417309145,-0.006123643746408555,0.037828944333576524,0.03832137839543041
0.256155185277296,-0.006759267951106905,0.03768863406466918,0.03828995744180716
0.25864212882367754,-0.00739184088174017,0.03753737932958083,0.038258256083541074
0.26112907237005906,-0.008021169803187235,0.037375245015229173,0.03822627505996335
0.26361601591644057,-0.00864706334884481,0.03720229947409979,0.03819401511650144
0.2661029594628221,-0.009269331584160951,0.03701861449540378,0.038161477004650154
0.2685899030092036,-0.009887786069558403,0.03682426527504939,0.03812866148194244
0.2710768465555851,-0.010502239922725577,0.03661933038444059,0.03809556931192005
0.27356379010196663,-0.011112507880252495,0.03640389173811613,0.03806220126410391
0.27605073364834815,-0.01171840635859008,0.036178034560242725,0.038028558113964314
0.27853767719472966,-0.012319753514310984,0.03594184734997689,0.03799464064289092
0.2810246207411112,-0.012916369303650659,0.035695421845709854,0.037960449638162475
0.2835115642874927,-0.013508075541307566,0.035438852988210895,0.037925985892916424
0.2859985078338742,-0.014094695958481899,0.035172238882684316,0.037891250206118256
0.2884854513802557,-0.01467605626013232,0.0348956807597562,0.03785624338253055
0.29097239492663723,-0.01525198418143069,0.03460928293540719,0.03782096623268209
0.29345933847301875,-0.015822309543395183,0.03431315276986768,0.03778541957283646
0.29594628201940026,-0.016386864307682228,0.03400740062549291,0.037749604224960626
0.2984332255657818,-0.016945482630518358,0.03369213982363497,0.03771352101669332
0.3009201691121633,-0.017498000915753407,0.033367486600529704,0.03767717078131314
0.3034071126585448,-0.018044257867016626,0.033033560062216485,0.03764055435770647
0.3058940562049263,-0.018584094538957957,0.032690482138509495,0.03760367259033531
0.30838099975130784,-0.019117354387556806,0.03233837753603911,0.037566526329204784
0.31086794329768935,-0.01964388331948144,0.03197737369038264,0.03752911642983055
0.31335488684407087,-0.020163529740481873,0.031607600717303855,0.03749144375320593
0.3158418303904524,-0.020676144602800532,0.031229191363120863,0.03745350916576897
0.3183287739368339,-0.021181581451584018,0.030842280954222832,0.03741531353936921
0.3208157174832154,-0.0216796964702813,0.030447007345755322,0.037376857751234324
0.3233026610295969,-0.022170348525012405,0.03004351086949543,0.03733814268393662
0.32578960457597844,-0.022653399207893898,0.029631934280937095,0.0372991692253592
0.32827654812235996,-0.02312871287930588,0.029212422705608407,0.03725993826866216
0.33076349166874147,-0.023596156709087775,0.0287851235846416,0.03722045071224848
0.333250435215123,-0.024055600716648595,0.02835018661961811,0.03718070745972968
0.3357373787615045,-0.02450691780997963,0.02790776371671014,0.03714070941989154
0.338224322307886,-0.024949983823556433,0.027458008930141144,0.037100457506659384
0.34071126585426753,-0.0253846775551185,0.027001078404987482,0.03705995263906335
0.34319820940064905,-0.025810880801314988,0.026537130319343964,0.03701919574120345
0.34568515294703056,-0.02622847839220539,0.026066324825875953,0.03697818774221449
0.3481720964934121,-0.026637358224604484,0.025588823992781076,0.036936929576230786
0.3506590400397936,-0.02703741129426159,0.025104791744183733,0.03689542218235076
0.3531459835861751,-0.027428531726864224,0.024614393799985694,0.0368536665046013
0.3556329271325566,-0.02781061680785714,0.024117797615196387,0.036811663491902104
0.35811987067893813,-0.028183567011067927,0.023615172318766427,0.036769414098029744
0.36060681422531965,-0.028547286026130964,0.023106688651948343,0.0367269192815816
0.36309375777170116,-0.0289016807847019,0.022592518906208257,0.03668418000593968
0.3655807013180827,-0.02924666148545552,0.02207283686071282,0.03664119723923428
0.3680676448644642,-0.02958214161785998,0.0215478177194154,0.036597971954307466
0.3705545884108457,-0.029908037984721348,0.02101763804776589,0.036554505128676425
0.3730415319572272,-0.030224270723492434,0.0204824757090686,0.036510797744496726
0.37552847550360874,-0.030530763326340703,0.019942509800512542,0.036466850788525317
0.37801541904999025,-0.030827442658970392,0.01939792058889882,0.03642266525208352
0.38050236259637177,-0.03111423897819444,0.018848889446089614,0.03637824213101978
0.3829893061427533,-0.03139108594825251,0.01829559878420359,0.03633358242567237
0.3854762496891348,-0.03165792065587157,0.017738231990582203,0.03628868714083184
0.3879631932355163,-0.03191468362406636,0.01717697336255196,0.03624355728570347
0.3904501367818978,-0.03216131882467721,0.01661200804200712,0.03619819387386953
0.39293708032827934,-0.032397773689643396,0.016043521949837863,0.036152597923251366
0.39542402387466086,-0.03262399912101075,0.015471701720228563,0.03610677045607145
0.39791096742104237,-0.03283994949967244,0.014896734634851071,0.03606071249881521
0.4003979109674239,-0.03304558269284269,0.014318808556977706,0.03601442508219286
0.4028848545138054,-0.033240860060263486,0.013738111865538772,0.03596790924110098
0.4053717980601869,-0.0334257464591448,0.013154833389149329,0.03592116601458406
0.40785874160656843,-0.03360021024783953,0.012569162340129706,0.035874196445795904
0.41034568515294995,-0.03376422328825455,0.011981288248544867,0.035827001581960914
0.41283262869933146,-0.03391776094700008,0.011391400896286425,0.03577958247433526
0.415319572245713,-0.03406080209527984,0.010799690251222724,0.03573194017816798
0.4178065157920945,-0.034193329107525,0.010206346401440384,0.03568407575266188
0.420293459338476,-0.034315327858775356,0.009611559489602673,0.035635990260934454
0.4227804028848575,-0.03442678772081194,0.009015519647447841,0.03558768476997859
0.42526734643123904,-0.034527701557045154,0.008418416930452581,0.03553916035062321
0.42775428997762055,-0.03461806571616369,0.007820441252683623,0.03549041807749387
0.43024123352400206,-0.034697880024549356,0.007221782321862045,0.035441459028973124
0.4327281770703836,-0.03476714777746387,0.00662262957466358,0.035392284287160944
0.4352151206167651,-0.03482587572901375,0.006023172112278672,0.03534289493783497
0.4377020641631466,-0.0348740740809002,0.005423598636255594,0.03529329207041062
0.4401890077095281,-0.034911756469961204,0.004824097384649895,0.03524347677790124
0.44267595125590964,-0.034938939954513366,0.0042248560685033045,0.035193450156878046
0.44516289480229115,-0.03495564499950182,0.003626061808674739,0.03514321330743002
0.44764983834867267,-0.03496189546046671,0.0030279010730464005,0.03509276733312377
0.4501367818950542,-0.034957718566335054,0.0024305596141272192,0.03504211334096322
0.4526237254414357,-0.034943144901047676,0.0018342224070759918,0.03499125244134931
0.4551106689878172,-0.03491820838403098,0.0012390735881662477,0.0349401857480395
0.4575976125341987,-0.034882946249523775,0.0006452963937146779,0.03488891437810735
0.46008455608058024,-0.03483739902476997,5.307309949469472e-05,0.03483743945190194
0.46257149962696176,-0.03478161050708812,-0.0005374150393435257,0.03478576209300718
0.46505844317334327,-0.034715627739829426,-0.0011259878478254279,0.03473388342820113
0.4675453867197248,-0.03463950098723616,-0.0017124662901560608,0.03468180458741523
0.4700323302661063,-0.03455328370821261,-0.002296672528155092,0.03462952670369338
0.4725192738124878,-0.03445703252902161,-0.0028784299791025716,0.03457705091315119
0.47500621735886933,-0.0343508072149193,-0.00345756337297542,0.03452437835493484
0.47749316090525085,-0.03423467064074198,-0.0040338988090549465,0.034471510171180136
0.47998010445163236,-0.03410868876045857,-0.004607263811885957,0.034418447506971414
0.4824670479980139,-0.033972930575703164,-0.00517748738656835,0.034365191510300375
0.4849539915443954,-0.033827468103301984,-0.005744400073362331,0.03431174333202494
0.4874409350907769,-0.03367237634180978,-0.0063078340015888575,0.034258104125827964
0.4899278786371584,-0.033507733237070805,-0.006867622942807188,0.034204275048175935
0.49241482218353994,-0.033333619646820176,-0.007423602363251295,0.03415025725827766
0.49490176572992145,-0.03315011930434121,-0.007975609475508386,0.03409605191804287
0.49738870927630296,-0.03295731878119526,-0.008523483289421483,0.034041660192040774
0.4998756528226845,-0.032755307449040406,-0.009067064662200164,0.0339870832474586
0.502362596369066,-0.03254417744055599,-0.00960619634772209,0.0339323222540601
0.5048495399154476,-0.03232402360949002,-0.010140723045010156,0.03387737838414402
0.507336483461829,-0.032094943489847025,-0.010670491445868594,0.03382225281250243
0.5098234270082106,-0.031857037254233944,-0.011195350281663609,0.03376694671637924
0.512310370554592,-0.03161040767138223,-0.011715150369232633,0.03371146127542845
0.5147973141009736,-0.03135516006286422,-0.012229744655908504,0.03365579767167253
0.5172842576473551,-0.031091402259022603,-0.012738988263643468,0.03359995708946072
0.5197712011937367,-0.030819244554131382,-0.013242738532220041,0.033543940715427316
0.5222581447401181,-0.030538799660807782,-0.013740855061534434,0.033487749738449875
0.5247450882864997,-0.030250182663693965,-0.014233199752940384,0.03343138534960753
0.5272320318328811,-0.029953510972428418,-0.014719636849639872,0.03337484874213913
0.5297189753792627,-0.029648904273926347,-0.015200032976109414,0.03331814111140148
0.5322059189256442,-0.02933648448398938,-0.015674257176549123,0.03326126365482754
0.5346928624720257,-0.02901637569826433,-0.0161421809523442,0.03320421757188458
0.5371798060184072,-0.028688704142571554,-0.016603678298526922,0.033147004064032336
0.5396667495647888,-0.028353598122623364,-0.017058625739229206,0.03308962433468117
0.5421536931111702,-0.028011187973153166,-0.017506902362115266,0.03303207958915027
0.5446406366575518,-0.027661606006476006,-0.01794838985178485,0.03297437103462571
0.5471275802039333,-0.027304986460501758,-0.018382972522137643,0.03291649988011867
0.5496145237503148,-0.02694146544622191,-0.01881053734769004,0.032858467336423516
0.5521014672966963,-0.026571180894691317,-0.01923097399383589,0.03280027461607602
0.5545884108430779,-0.026194272503526256,-0.019644174846043177,0.03274192293331146
0.5570753543894593,-0.025810881682940396,-0.02005003503797912,0.032683413504022776
0.5595622979358409,-0.025421151501340243,-0.020448452478556634,0.032624747545718764
0.5620492414822224,-0.025025226630501853,-0.02083932787789536,0.032565926277482206
0.5645361850286039,-0.024623253290350644,-0.021222564772191203,0.032506950919928106
0.5670231285749854,-0.024215379193366197,-0.02159806954748847,0.03244782269516186
0.569510072121367,-0.02380175348863411,-0.021965751462349366,0.032388542826737504
0.5719970156677484,-0.023382526705566856,-0.02232552266941586,0.03232911253961588
0.57448395921413,-0.02295785069731591,-0.022677298235859577,0.03226953306012296
0.5769709027605114,-0.022527878583897227,-0.02302099616271568,0.0322098056159081
0.579457846306893,-0.02209276469505227,-0.023356537403097104,0.03214993143590235
0.5819447898532745,-0.0216526645128668,-0.02368384587928631,0.03208991175027673
0.584431733399656,-0.021207734614169974,-0.024002848498701386,0.032029747790400645
0.5869186769460375,-0.020758132612735448,-0.024313475168734996,0.031969440788800235
0.5894056204924191,-0.02030401710130748,-0.024615658810463594,0.031908991979116806
0.5918925640388005,-0.019845547593473605,-0.024909335371226405,0.03184840259606527
0.5943795075851821,-0.019382884465406758,-0.025194443836072507,0.03178767387539262
0.5968664511315636,-0.018916188897498503,-0.02547092623807626,0.031726807053836466
0.5993533946779451,-0.018445622815906185,-0.02573872766752053,0.03166580336908359
0.6018403382243266,-0.01797134883403548,-0.025997796279948596,0.031604664059728546
0.6043272817707082,-0.017493530193981185,-0.02624808330308519,0.03154339036523232
0.6068142253170896,-0.01701233070794753,-0.026489543042628474,0.031481983525880976
0.6093011688634712,-0.01652791469967079,-0.026722132886914145,0.03142044478274444
0.6117881124098526,-0.016040446945865355,-0.02694581331045444,0.031358775377635276
0.6142750559562342,-0.015550092617715746,-0.027160547876354055,0.031296976553067526
0.6167619995026157,-0.015057017222435663,-0.02736630323760659,0.031235049552215555
0.6192489430489972,-0.014561386544916418,-0.027563049137274427,0.031172995618873035
0.6217358865953787,-0.01406336658948544,-0.027750758407556524,0.03111081599741197
0.6242228301417603,-0.01356312352179723,-0.02792940696774769,0.03104851193274168
0.6267097736881417,-0.013060823610876892,-0.028098973821094927,0.030986084670267998
0.6291967172345233,-0.01255663317133847,-0.028259441050555147,0.03092353545585238
0.6316836607809048,-0.012050718505798504,-0.02841079381346033,0.0308608655357712
0.6341706043272863,-0.011543245847505658,-0.028553020335095877,0.03079807615667503
0.6366575478736678,-0.011034381303207216,-0.028686111901198526,0.030735168565548046
0.6391444914200494,-0.010524290796273116,-0.028810062849380574,0.030672144009667432
0.6416314349664308,-0.01001314001009765,-0.028924870559487458,0.030609003736562918
0.6441183785128124,-0.009501094331799055,-0.02903053544289642,0.030545748993976385
0.6466053220591939,-0.00898831879623694,-0.02912706093076395,0.030482381029821506
0.6490922656055754,-0.008474978030367506,-0.02921445346123041,0.030418901092143503
0.6515792091519569,-0.007961236197956028,-0.029292722465590375,0.030355310429078936
0.6540661526983385,-0.007447256944665868,-0.02936188035343798,0.030291610288815635
0.6565530962447199,-0.006933203343543229,-0.029421942496796385,0.03022780191955267
0.6590400397911015,-0.006419237840916766,-0.029472927213241233,0.030163886569460396
0.6615269833374829,-0.005905522202730573,-0.029514855748028257,0.030099865486640637
0.6640139268838645,-0.005392217461328925,-0.029547752255235385,0.03003573991908687
0.666500870430246,-0.004879483862711091,-0.02957164377793035,0.0299715111146446
0.6689878139766275,-0.0043674808142744,-0.029586560227374603,0.029907180320971744
0.671474757523009,-0.0038563668330628235,-0.029592534361275378,0.029842748785499147
0.6739617010693906,-0.003346299494538756,-0.029589601761097505,0.029778217755391186
0.676448644615772,-0.002837435381895399,-0.02957780080844707,0.02971358847750645
0.6789355881621536,-0.0023299300359260317,-0.029557172660539498,0.029648862198358536
0.6814225317085351,-0.0018239379054675552,-0.02952776122476468,0.02958404016407695
0.6839094752549166,-0.0013196122984338394,-0.029489613132362313,0.029519123620368095
0.6863964188012981,-0.0008171053334557203,-0.029442777711220603,0.029454113812476354
0.6888833623476797,-0.00031656789214256476,-0.02938730695781224,0.029389011985145326
0.6913703058940611,0.00018185042801832798,-0.029323255508281264,0.029323819382579035
0.6938572494404427,0.0006780013601101952,-0.02925068060869527,0.02925853724840346
0.6963441929868242,0.0011717380135674972,-0.029169642084477244,0.029193166825627958
0.6988311365332057,0.0016629149192751603,-0.029080202309031834,0.029127709356606954
0.7013180800795872,0.0021513880739713583,-0.028982426171581015,0.02906216608300163
0.7038050236259688,0.0026370149839408273,-0.02887638104422435,0.028996538245741818
0.7062919671723502,0.003119654707984352,-0.028762136748239384,0.02893082708498793
0.7087789107187318,0.0035991678996520793,-0.028639765519637806,0.028865033840093115
0.7112658542651132,0.0040754168487269725,-0.028509341973993307,0.028799159749565335
0.7137527978114948,0.004548265521946751,-0.028370943070557382,0.028733206051029834
0.7162397413578763,0.005017579602951343,-0.028224648075679305,0.028667173981191462
0.7187266849042578,0.005483226531444722,-0.028070538525546935,0.028601064775797314
0.7212136284506393,0.005945075541559247,-0.027908698188265083,0.028534879669599392
0.7237005719970209,0.0064029976994116715,-0.027739213025288374,0.02846861989631741
0.7261875155434023,0.006856865939839859,-0.027562171152225808,0.02840228668860176
0.7286744590897839,0.007306555102309941,-0.027377662799034266,0.028335881277996567
0.7311614026361654,0.007751941965984007,-0.027185780269618452,0.028269404894902896
0.7336483461825469,0.008192905283938626,-0.026986617900854916,0.028202858768542106
0.7361352897289284,0.00862932581652475,-0.02678027202105793,0.028136244126919265
0.73862223327531,0.00906108636386032,-0.026566840907905242,0.028069562196786805
0.7411091768216914,0.009488071797447014,-0.026346424745841562,0.028002814203608214
0.743596120368073,0.009910169090903026,-0.026119125582978207,0.02793600137152195
0.7460830639144544,0.01032726734980391,-0.025885047287507085,0.027869124923305427
0.748570007460836,0.010739257840624267,-0.0256442955036475,0.027802186080339176
0.7510569510072175,0.0111460340187733,-0.025396977607144256,0.027735186062571103
0.753543894553599,0.011547491555717618,-0.02514320266033576,0.027668126088481036
0.7560308380999805,0.011943528365184808,-0.024883081366810725,0.02760100737504516
0.7585177816463621,0.012334044628442172,-0.024616726025672483,0.02753383113770084
0.7610047251927435,0.012718942818645166,-0.024344250485429517,0.027466598590311482
0.7634916687391251,0.013098127724250246,-0.024065770097531282,0.027399310945131518
0.7659786122855066,0.013471506471487715,-0.023781401669568342,0.027331969412771617
0.7684655558318881,0.013838988545889844,-0.023491263418155807,0.027264575202163993
0.7709524993782696,0.01420048581287088,-0.02319547492151908,0.027197129520527854
0.7734394429246512,0.01455591253735485,-0.022894157071801247,0.027129633573335105
0.7759263864710326,0.014905185402448517,-0.02258743202711088,0.027062088564276013
0.7784133300174142,0.015248223527156213,-0.02227542316332993,0.02699449569522527
0.7809002735637957,0.015584948483134712,-0.021958255025700268,0.026926856166208
0.7833872171101772,0.01591528431048558,-0.021636053280208636,0.026859171175366067
0.7858741606565587,0.016239157532583957,-0.021308944664788627,0.026791441918924443
0.7883611042029403,0.01655649716994193,-0.020977056940359343,0.02672366959115782
0.7908480477493217,0.01686723475310635,-0.020640518841719403,0.026655855384357344
0.7933349912957033,0.01717130433458984,-0.0202994600283158,0.026588000488797472
0.7958219348420847,0.01746864249983572,-0.019954011034906304,0.02652010609270312
0.7983088783884663,0.01775918837721631,-0.01960430322213478,0.0264521733822168
0.8007958219348478,0.018042883647066094,-0.019250468727038034,0.026384203541366082
0.8032827654812293,0.018319672549750008,-0.018892640413503456,0.026316197752031124
0.8057697090276108,0.018589501892768943,-0.018530951822695926,0.026248157193912446
0.8082566525739924,0.01885232105690358,-0.018165537123473175,0.026180083044498773
0.8107435961203738,0.019108082001399445,-0.017796531062807756,0.026111976479035185
0.8132305396667554,0.019356739268194922,-0.01742406891623475,0.026043838670491287
0.8157174832131369,0.019598249985195618,-0.017048286438343475,0.025975670789529694
0.8182044267595184,0.01983257386859813,-0.016669319813331477,0.02590747400447459
0.8206913703058999,0.02005967322426683,-0.01628730560563925,0.025839249481280517
0.8231783138522815,0.02027951294816754,-0.01590238071068393,0.02577099838350131
0.8256652573986629,0.020492060525862367,-0.015514682305709846,0.025702721872259228
0.8281522009450445,0.02069728603107052,-0.015124347800773976,0.02563442110621427
0.830639144491426,0.02089516212329988,-0.01473151478988388,0.02556609724153363
0.8331260880378075,0.021085664044554673,-0.014336321002306135,0.025497751431861393
0.835613031584189,0.02126876961512492,-0.013938904254062471,0.025429384828288354
0.8380999751305706,0.021444459228463723,-0.013539402399630982,0.025360998579322072
0.840586918676952,0.021612715845158552,-0.013137953283869604,0.02529259383085704
0.8430738622233336,0.021773524986003278,-0.012734694694179021,0.02522417172614515
0.845560805769715,0.021926874724177734,-0.012329764312921666,0.02515573340576619
0.8480477493160966,0.022072755676542353,-0.011923299670113479,0.02508728000759869
0.8505346928624781,0.022211160994055207,-0.011515438096404868,0.025018812666790808
0.8530216364088596,0.022342086351319405,-0.011106316676367448,0.024950332515731536
0.8555085799552411,0.02246552993526904,-0.010696072202102157,0.02488184068402199
0.8579955235016227,0.02258149243300226,-0.010284841127184936,0.024813338298446928
0.8604824670480041,0.022689977018770013,-0.009872759520965727,0.024744826482946507
0.8629694105943857,0.02279098934012974,-0.009459963023235827,0.024676306358588123
0.8654563541407672,0.022884537503273242,-0.009046586799279391,0.02460777904353856
0.8679432976871487,0.02297063205753841,-0.00863276549532352,0.024539245653036272
0.8704302412335302,0.02304928597911456,-0.008218633194402275,0.02447070729936382
0.8729171847799118,0.023120514653951766,-0.007804323372648612,0.024402165091820593
0.8754041283262932,0.023184335859884404,-0.007389968856029127,0.024333620136695697
0.8778910718726748,0.023240769747979634,-0.00697570177753504,0.024265073537240944
0.8803780154190562,0.0232898388231218,-0.006561653534843909,0.024196526393644214
0.8828649589654378,0.02333156792384386,-0.006147954748465053,0.024127979803002852
0.8853519025118193,0.023365984201417233,-0.0057347352203823655,0.024059434859297377
0.8878388460582008,0.02339311709821176,-0.00532212389320736,0.023990892653365282
0.8903257896045823,0.023412998325337588,-0.004910248809855399,0.023922354272875132
0.8928127331509639,0.023425661839581113,-0.004499237073757556,0.02385382080230086
0.8952996766973453,0.0234311438196472,-0.0040892148096202344,0.02378529332289616
0.8977866202437269,0.023429482641720314,-0.003680307124744639,0.023716772912669205
0.9002735637901084,0.023420718854357092,-0.0032726380709178176,0.023648260646357448
0.9027605073364899,0.023404895152723506,-0.0028663306068866497,0.02357975759540279
0.9052474508828714,0.023382056352189463,-0.0024615065614257718,0.023511264827926755
0.907734394429253,0.023352249361294288,-0.0020582865970103855,0.023442783408706015
0.9102213379756344,0.023315523154096535,-0.001656790174104561,0.02337431439914808
0.912708281522016,0.02327192874192167,-0.0012571355160751862,0.02330585885726715
0.9151952250683975,0.0232215191445215,-0.000859439574741444,0.02323741783766024
0.917682168614779,0.023164349360659295,-0.0004638179965695371,0.02316899239148346
0.9201691121611605,0.0231004763381347,-7.038508952209086e-05,0.023100583566428537
0.922656055707542,0.023029958943262655,0.0003207462094288071,0.023032192406699507
0.9251429992539235,0.022952857929820786,0.0007094643661162785,0.022963819952989652
0.9276299428003051,0.022869235907479753,0.0010956592803125274,0.02289546724245863
0.9301168863466865,0.022779157309731193,0.001479222316173719,0.022827135308709817
0.9326038298930681,0.022682688361328064,0.0018600463319881403,0.02275882518176784
0.9350907734394496,0.022579897045252227,0.0022380257092202366,0.022690537888056358
0.9375777169858311,0.022470853069224344,0.0026130563808432613,0.022622274450376
0.9400646605322126,0.022355627831771058,0.0029850358589536027,0.022554035887882583
0.9425516040785942,0.022234294387864756,0.003353863261660328,0.02248582321606547
0.9450385476249756,0.02210692741415112,0.0037194393392437973,0.0224176374467262
0.9475254911713572,0.021973603173779825,0.004081666499577364,0.022349479587957275
0.9500124347177387,0.02183439948085378,0.004440448832806493,0.022281350644121203
0.9524993782641202,0.021689395664512535,0.004795692135280122,0.022213251615829745
0.9549863218105017,0.021538672532665185,0.005147303932729392,0.022145183499923345
0.9574732653568833,0.021382312335388547,0.005495193502689042,0.02207714728945081
0.9599602089032647,0.021220398728006223,0.005839271896157111,0.022009143973649184
0.9624471524496463,0.021053016733864182,0.006179451958489007,0.021941174537923876
0.9649340959960278,0.020880252706818626,0.006515648349522413,0.021873239963828877
0.9674210395424093,0.020702194293451926,0.006847777562929526,0.021805341229047405
0.9699079830887908,0.0205189303950323,0.007175757944793652,0.021737479307372548
0.9723949266351724,0.020330551129233126,0.0074995097114075,0.021669655168688257
0.9748818701815538,0.020137147791627563,0.007818954966290818,0.021601869778950497
0.9773688137279354,0.019938812816974464,0.008134017716425199,0.02153412410016865
0.9798557572743168,0.019735639740311124,0.008444623887704391,0.02146641909038709
0.9823427008206984,0.019527723157868854,0.008750701339598736,0.02139875570366704
0.9848296443670799,0.019315158687826954,0.009052179879032585,0.021331134890068545
0.9873165879134614,0.019098042930921013,0.00934899127347383,0.021263557595632764
0.9898035314598429,0.018876473430921078,0.009641069263235102,0.02119602476236443
0.9922904750062245,0.018650548634995455,0.009928349572986574,0.021128537328214504
0.9947774185526059,0.018420367853975675,0.01021076992248045,0.021061096227063106
0.9972643620989875,0.018186031222538302,0.010488270036487425,0.020993702388702615
0.999751305645369,0.017947639659319073,0.010760791653946096,0.020926356738820994
1.0022382491917505,0.01770529482697479,0.011028278536326291,0.02085906019898537
1.004725192738132,0.01745909909220828,0.011290676475207727,0.020791813686625735
1.0072121362845134,0.017209155485772048,0.011547933299075509,0.020724618115019036
1.0096990798308951,0.01695556766246544,0.011799998879334543,0.020657474393273256
1.0121860233772766,0.016698439861140873,0.012046825135545175,0.02059038342631194
1.014672966923658,0.016437876864733796,0.012288366039882495,0.020523346114858756
1.0171599104700395,0.01617398396033176,0.012524577620822134,0.020456363355422384
1.0196468540164212,0.015906866899297215,0.012755417966055695,0.02038943604028159
1.0221337975628026,0.01563663185745878,0.012980847224639321,0.020322565057470505
1.024620741109184,0.015363385395385768,0.013200827608378964,0.020255751290764137
1.0271076846555656,0.015087234418760436,0.013415323392456335,0.020188995619664085
1.0295946282019472,0.01480828613886239,0.013624300915299793,0.020122298919384503
1.0320815717483287,0.014526648033179396,0.01382772857770473,0.020055662060838253
1.0345685152947102,0.014242427806158671,0.014025576841208188,0.019989085910623254
1.0370554588410916,0.013955733350112914,0.014217818225722717,0.019922571331009126
1.0395424023874733,0.013666672706294715,0.014404427306434785,0.01985611917992398
1.0420293459338548,0.013375354026153098,0.014585380709973388,0.019789730310941424
1.0445162894802362,0.013081885532785836,0.01476065710985462,0.019723405573267846
1.0470032330266177,0.012786375482600932,0.014930237221208193,0.01965714581172986
1.0494901765729994,0.012488932127200534,0.015094103794792308,0.019590951866761994
1.0519771201193808,0.012189663675500279,0.015252241610303429,0.019524824574394577
1.0544640636657623,0.011888678256097051,0.015404637468987742,0.01945876476624187
1.0569510072121437,0.011586083879897891,0.01555128018556126,0.019392773269490366
1.0594379507585254,0.01128198840302281,0.0156921605794458,0.01932685090688739
1.0619248943049069,0.01097649948999325,0.01582727146532863,0.019260998496729808
1.0644118378512883,0.010669724577219259,0.01595660764305297,0.019195216852853036
1.0668987813976698,0.010361770836796787,0.016080165886847627,0.019129506784620207
1.0693857249440515,0.010052745140627078,0.01619794493390385,0.01906386909691164
1.071872668490433,0.009742754024869708,0.016309945472307578,0.018998304590114385
1.0743596120368144,0.00943190365474088,0.016416170128335822,0.018932814060112137
1.0768465555831959,0.009120299789667973,0.016516623453125694,0.01886739829827524
1.0793334991295775,0.008808047748811393,0.016611311908725217,0.018802058091450993
1.081820442675959,0.008495252376964515,0.016700243853534923,0.01873679422195409
1.0843073862223405,0.008182018010842377,0.016783429527149556,0.018671607467557385
1.086794329768722,0.007868448445769375,0.01686088103460932,0.018606498601482727
1.0892812733151036,0.007554646902776106,0.01693261233007041,0.018541468392392152
1.091768216861485,0.007240715996115261,0.01699863919990462,0.01847651760437917
1.0942551604078665,0.006926757701206338,0.017058979245237908,0.018411646996960348
1.096742103954248,0.006612873323018596,0.017113651863938217,0.018346857325067065
1.0992290475006297,0.006299163464901376,0.017162678232062734,0.018282149339037473
1.1017159910470111,0.005985727997870863,0.01720608128477514,0.01821752378460872
1.1042029345933926,0.0056726660303621085,0.017243885696743254,0.018152981402909298
1.106689878139774,0.005360075878454765,0.017276117862028036,0.018088522930451698
1.1091768216861557,0.0050480550365807645,0.0173028058734746,0.018024149099125197
1.1116637652325372,0.004736700148722017,0.01732397950161638,0.017959860636188905
1.1141507087789186,0.004426106980106017,0.017339670173103443,0.017895658264265004
1.1166376523253,0.004116370389406829,0.017349910948666232,0.017831542701332203
1.1191245958716818,0.0038075843014587023,0.01735473650062607,0.017767514660719366
1.1216115394180632,0.0034998416804894244,0.017354183089963893,0.017703574851099416
1.1240984829644447,0.0031932345038803035,0.017348288542958674,0.017639723976483387
1.1265854265108262,0.0028878537364592518,0.01733709222740728,0.017575962736214694
1.1290723700572078,0.0025837893053332357,0.017320635028437465,0.017512291824963666
1.1315593136035893,0.0022811300752661953,0.01729895932392576,0.017448711932722197
1.1340462571499708,0.001979963824608298,0.017272108959532233,0.017385223744798662
1.1365332006963522,0.0016803772217820203,0.017240129223364035,0.01732182794181303
1.139020144242734,0.0013824558023302744,0.01720306682027983,0.017258525199692162
1.1415070877891154,0.0010862839465316928,0.017160969845847154,0.017195316189665362
1.1439940313354968,0.0007919448575879012,0.017113887759964887,0.01713220157826004
1.1464809748818783,0.0004995205403872521,0.017061871360163097,0.01706918202729769
1.14896791842826,0.00020909178084920708,0.017004972754592437,0.017006258193889973
1.1514548619746414,-7.926187414647775e-05,0.01694324533471551,0.01694343073043509
1.1539418055210229,-0.0003654621362420871,0.016876743747712412,0.01688070028461428
1.1564287490674043,-0.0006494319944922677,0.016805523868612948,0.01681806749938856
1.158915692613786,-0.0009310957336591685,0.016729642772167878,0.016755533012995653
1.1614026361601675,-0.001210378951909274,0.016649158704471607,0.016693097458947148
1.163889579706549,-0.0014872085779092752,0.016564131054348768,0.016630761466025785
1.1663765232529304,-0.0017615128873185533,0.01647462032451716,0.016568525658283033
1.168863466799312,-0.0020332215186759945,0.016380688102539485,0.016506390655036788
1.1713504103456935,-0.0023022654886791076,0.01628239703157636,0.016444357070869314
1.173837353892075,-0.002568577206853774,0.016179810780953024,0.016382425515625347
1.1763242974384565,-0.00283209048961322,0.016072994016552256,0.016320596594410458
1.1788112409848381,-0.0030927405737050237,0.015962012371045803,0.01625887090758951
1.1812981845312196,-0.003350464129044835,0.015846932413976937,0.016197249050785418
1.183785128077601,-0.003605199270936642,0.015727821621706294,0.01613573161487802
1.1862720716239825,-0.003856885571678692,0.015604748347233521,0.016074319186003203
1.1887590151703642,-0.004105464071554968,0.015477781789907007,0.016013012345552153
1.1912459587167457,-0.004350877289212387,0.01534699196503394,0.015951811670170898
1.1937329022631271,-0.004593069231423543,0.015212449673403024,0.01589071773175993
1.1962198458095086,-0.004831985402236038,0.015074226470731953,0.015829731097474084
1.1987067893558903,-0.005067572811508889,0.014932394637051821,0.015768852329722607
1.2011937329022717,-0.005299779982836702,0.014787027146040644,0.0157080819861694
1.2036806764486532,-0.005528556960863389,0.014638197634317817,0.015647420619733426
1.2061676199950346,-0.0057538553179864345,0.014485980370711651,0.015586868778589369
1.2086545635414163,-0.005975628160453498,0.014330450225511793,0.015526427006168415
1.2111415070877978,-0.006193830133853431,0.014171682639718294,0.015466095841159258
1.2136284506341792,-0.0064084174280034,0.0140097535942992,0.015405875817509275
1.2161153941805607,-0.0066193477812349685,0.01384473957946814,0.015345767464425883
1.2186023377269424,-0.0068265804840814855,0.013676717563993572,0.015285771306378116
1.2210892812733238,-0.007030076382369324,0.01350576496455117,0.015225887863098324
1.2235762248197053,-0.0072297978797164625,0.013331959615130628,0.015166117649584109
1.2260631683660868,-0.00742570893944125,0.013155379736508222,0.015106461176100405
1.2285501119124684,-0.007617775085884903,0.01297610390579634,0.015046918948181776
1.23103705545885,-0.007805963405151479,0.012794211026080828,0.014987491466634847
1.2335239990052314,-0.00799024254526884,0.012609780296157457,0.014928179227540953
1.2360109425516128,-0.008170582715775072,0.012422891180377982,0.014868982722258955
1.2384978860979945,-0.008346955686734365,0.012233623378616646,0.014809902437428241
1.240984829644376,-0.008519334787186668,0.01204205679636787,0.01475093885497186
1.2434717731907574,-0.008687694903035992,0.011848271514985355,0.014692092452099901
1.2459587167371389,-0.008852012474382177,0.011652347762072988,0.014633363701313004
1.2484456602835206,-0.00901226549230092,0.011454365882037824,0.014574753070406033
1.250932603829902,-0.009168433495077285,0.011254406306815287,0.014516261022471964
1.2534195473762835,-0.009320497563898278,0.011052549526776258,0.014457888015905914
1.255906490922665,-0.009468440318009886,0.010848876061825994,0.014399634504409346
1.2583934344690466,-0.009612245909344126,0.010643466432704652,0.014341500936994482
1.260880378015428,-0.009751900016622314,0.010436401132498567,0.014283487757988792
1.2633673215618095,-0.009887389838940365,0.01022776059837195,0.014225595407039767
1.265854265108191,-0.010018704088842393,0.010017625183528006,0.014167824319119778
1.2683412086545727,-0.010145832984889074,0.009806075129408516,0.01411017492453114
1.2708281522009541,-0.01026876824372702,0.009593190538140934,0.014052647648911334
1.2733150957473356,-0.010387503071666174,0.009379051345241408,0.013995242913238372
1.275802039293717,-0.010502032155771905,0.009163737292582429,0.013937961133836363
1.2782889828400987,-0.010612351654478562,0.008947327901633656,0.013880802722381225
1.2807759263864802,-0.01071845918773195,0.008729902446983772,0.01382376808590656
1.2832628699328616,-0.010820353826667664,0.008511539930151638,0.013766857626809662
1.285749813479243,-0.010918036082832818,0.008292319053694644,0.013710071742857753
1.2882367570256248,-0.011011507896958596,0.008072318195621705,0.013653410827194307
1.2907237005720062,-0.01110077262729116,0.00785161538411882,0.01359687526834559
1.2932106441183877,-0.011185835037488821,0.0076302882725940826,0.013540465450227305
1.2956975876647692,-0.011266701284093236,0.00740841411504954,0.013484181752151422
1.2981845312111508,-0.011343378903582479,0.007186069741787008,0.013428024548833191
1.3006714747575323,-0.011415876799014265,0.006963331535454271,0.01337199421039824
1.3031584183039138,-0.011484205226267342,0.006740275407438567,0.013316091102389896
1.3056453618502952,-0.011548375779889363,0.006516976774613715,0.0132603155857766
1.308132305396677,-0.01160840137855965,0.006293510536446941,0.01320466801695954
1.3106192489430584,-0.01166429625017514,0.006069951052471835,0.01314914874778036
1.3131061924894398,-0.011716075916568307,0.005846372120132845,0.01309375812552907
1.3155931360358213,-0.011763757177865488,0.005622846953007197,0.013038496492952098
1.318080079582203,-0.011807358096494318,0.005399448159409871,0.012983364188260474
1.3205670231285844,-0.01184689798084916,0.005176247721386532,0.012928361545138161
1.3230539666749659,-0.011882397368623315,0.004953316974099823,0.012873488892750548
1.3255409102213476,-0.011913878009816883,0.004730726585613796,0.01281874655575308
1.328027853767729,-0.011941362849429328,0.004508546537081076,0.012764134854300021
1.3305147973141105,-0.011964876009845664,0.0042868461033375846,0.01270965410405338
1.333001740860492,-0.011984442772925472,0.004065693833908704,0.012655304616191932
1.3354886844068736,-0.012000089561803836,0.003845157534431329,0.01260108669742048
1.337975627953255,-0.012011843922413272,0.0036253042484955546,0.012547000649979125
1.3404625714996365,-0.012019734504736037,0.0034062002399097933,0.012493046771652765
1.342949515046018,-0.012023791043795954,0.003187910975392836,0.012439225355780717
1.3454364585923997,-0.012024044340399106,0.0029705011076960677,0.012385536691266442
1.3479234021387811,-0.01202052624163263,0.002754034459159292,0.012331981062587451
1.3504103456851626,-0.012013269621131074,0.0025385740057026923,0.012278558749805294
1.352897289231544,-0.012002308359119586,0.0023241818612578682,0.012225270028575727
1.3553842327779257,-0.011987677322243345,0.0021109192626406863,0.012172115170159002
1.3578711763243072,-0.011969412343192612,0.001898846554867889,0.012119094441430238
1.3603581198706887,-0.011947550200132865,0.0016880231769199432,0.012066208104890027
1.3628450634170701,-0.011922128595949303,0.001478507647951981,0.012013456418675043
1.3653320069634518,-0.011893186137315263,0.001270357553954509,0.011960839636568884
1.3678189505098333,-0.011860762313593828,0.0010636295348657695,0.01190835800801296
1.3703058940562147,-0.011824897475582142,0.0008583792721367539,0.011856011778117586
1.3727928376025962,-0.01178563281410772,0.0006546614767502434,0.011803801187673124
1.3752797811489779,-0.011743010338486171,0.0004525298776950866,0.011751726473161288
1.3777667246953593,-0.011697072854849716,0.00025203721089612325,0.011699787866766575
1.3802536682417408,-0.011647863944355762,5.323520860071131e-05,0.011647985596387805
1.3827406117881222,-0.01159542794128491,-0.00014382541077780884,0.011596319885649766
1.385227555334504,-0.01153980991103764,-0.0003390949523595503,0.011544790953915026
1.3877144988808854,-0.01148105562803891,-0.00053252475404003,0.011493399016295803
1.3902014424272668,-0.011419211553559941,-0.0007240671952751304,0.011442144283665998
1.3926883859736483,-0.01135432481346626,-0.0009136757054091694,0.01139102696267332
1.39517532952003,-0.011286443175901214,-0.00110130477154636,0.011340047255751532
1.3976622730664114,-0.011215615028914019,-0.0012869099459666949,0.011289205361132822
1.400149216612793,-0.011141889358041328,-0.0014704478530867561,0.01123850147286025
1.4026361601591744,-0.011065315723851365,-0.0016518761959665605,0.01118793578080037
1.405123103705556,-0.010985944239459493,-0.0018311537623636872,0.011137508470655899
1.4076100472519375,-0.010903825548024096,-0.0020082404303357407,0.011087219723978506
1.410096990798319,-0.01081901080023161,-0.002183097173393019,0.01103706971818176
1.4125839343447004,-0.010731551631779367,-0.0023556860652028853,0.010987058626554127
1.415070877891082,-0.010641500140864988,-0.0025259702838475004,0.010937186618272095
1.4175578214374636,-0.010548908865690858,-0.0026939141156372914,0.010887453858413408
1.420044764983845,-0.010453830761992237,-0.002859482958482012,0.010837860507970391
1.4225317085302265,-0.010356319180597472,-0.003022643324821824,0.0107884067238634
1.4250186520766082,-0.010256427845028547,-0.003183362844120976,0.010739092658954336
1.4275055956229896,-0.010154210829150488,-0.0033416102649263075,0.010689918462060312
1.429992539169371,-0.010049722534877455,-0.0034973554564940988,0.010640884277967352
1.4324794827157525,-0.009943017669944041,-0.0036505694099873047,0.010591990247444269
1.4349664262621342,-0.009834151225749403,-0.003801224239246966,0.010543236507256543
1.4374533698085157,-0.009723178455282424,-0.003949293181140654,0.010494623190180406
1.4399403133548971,-0.009610154851135538,-0.004094750595491385,0.01044615042501691
1.4424272569012786,-0.00949513612361505,-0.0042375719645906225,0.010397818336606187
1.4449142004476603,-0.009378178178955523,-0.004377733892298729,0.010349627045841725
1.4474011439940417,-0.009259337097645754,-0.004515214102736985,0.010301576669684783
1.4498880875404232,-0.009138669112873707,-0.004649991438574898,0.010253667321178885
1.4523750310868047,-0.009016230589097816,-0.004782045858916719,0.010205899109464373
1.4548619746331863,-0.008892078000751707,-0.004911358436791633,0.010158272139793107
1.4573489181795678,-0.008766267911089523,-0.005037911356251634,0.0101107865135432
1.4598358617259493,-0.008638856951178749,-0.005161687909081625,0.010063442328233856
1.4623228052723307,-0.008509901799047401,-0.005282672491126284,0.0100162396775403
1.4648097488187124,-0.008379459158992388,-0.005400850598238164,0.00996917865130879
1.4672966923650939,-0.008247585741055498,-0.005516208821852009,0.009922259335571707
1.4697836359114753,-0.008114338240673577,-0.005628734844190059,0.00987548181256271
1.4722705794578568,-0.007979773318509386,-0.005738417433103151,0.009828846160732015
1.4747575230042385,-0.007843947580469095,-0.005845246436552973,0.009782352454761696
1.47724446655062,-0.0077069175579128095,-0.005949212776740432,0.00973600076558113
1.4797314100970014,-0.007568739688063934,-0.0060503084438854595,0.009689791160382448
1.4822183536433828,-0.0074294702946232595,-0.006148526489663713,0.009643723702636125
1.4847052971897645,-0.007289165568593614,-0.006243861020305396,0.009597798452106598
1.487192240736146,-0.007147881549320495,-0.006336307189362027,0.009552015464867992
1.4896791842825274,-0.007005674105754197,-0.006425861190146648,0.009506374793319889
1.492166127828909,-0.006862598917938909,-0.006512520247853064,0.009460876486203189
1.4946530713752906,-0.0067187114587337225,-0.006596282611360191,0.009415520588616047
1.497140014921672,-0.0065740669757707775,-0.00667714754472713,0.009370307142029842
1.4996269584680535,-0.0064287204736554,-0.006755115318385028,0.009325236184305263
1.502113902014435,-0.00628272669641299,-0.006830187200031759,0.00928030774970842
1.5046008455608166,-0.0061361401101873965,-0.00690236544523538,0.009235521868927062
1.507087789107198,-0.005989014886195121,-0.006971653287752661,0.009190878569086812
1.5095747326535796,-0.005841404883939779,-0.0070380549295688405,0.009146377873767503
1.512061676199961,-0.005693363634691163,-0.0071015755306647775,0.009102019803019574
1.5145486197463427,-0.005544944325232719,-0.007162221198517992,0.009057804373380508
1.5170355632927242,-0.005396199781881575,-0.007219998977343816,0.009013731597891324
1.5195225068391056,-0.005247182454784866,-0.007274916837083183,0.008969801486113198
1.522009450385487,-0.005097944402495927,-0.007326983662143436,0.008926014044144026
1.5244963939318688,-0.0049485372768339675,-0.007376209239898723,0.008882369274635154
1.5269833374782502,-0.0047990123080304346,-0.0074226042489565465,0.008838867176808088
1.5294702810246317,-0.004649420290165539,-0.007466180247196953,0.008795507746471318
1.5319572245710131,-0.004499811566897687,-0.007506949659591106,0.008752290976037145
1.5344441681173948,-0.004350236017489003,-0.007544925765805813,0.008709216854538588
1.5369311116637763,-0.004200743043129624,-0.007580122687600727,0.008666285367646347
1.5394180552101577,-0.004051381553563361,-0.0076125553760249196,0.008623496497685807
1.5419049987565392,-0.0039021999540174023,-0.007642239598419478,0.008580850223654072
1.5443919423029209,-0.0037532461324381937,-0.0076691919252330236,0.008538346521237099
1.5468788858493023,-0.003604567447035786,-0.0076934297166567816,0.00849598536282683
1.5493658293956838,-0.003456210714138869,-0.007714971109085991,0.008453766717538393
1.5518527729420653,-0.0033082221963621514,-0.007733835001414517,0.008411690551227351
1.554339716488447,-0.0031606475910880743,-0.007750041041169357,0.008369756826506983
1.5568266600348284,-0.0030135320192644205,-0.007763609610491911,0.008327965502765622
1.5593136035812099,-0.0028669200145192827,-0.00777456181197278,0.00828631653618402
1.5618005471275913,-0.0027208555125949286,-0.007782919454346848,0.008244809879752768
1.564287490673973,-0.002575381841101532,-0.007788705038055524,0.008203445483289752
1.5667744342203545,-0.002430541709591986,-0.007791941740682889,0.008162223293457649
1.569261377766736,-0.002286377199958856,-0.007792653402272451,0.008121143253781458
1.5717483213131174,-0.00214292975715402,-0.007790864510531381,0.008080205304666062
1.574235264859499,-0.002000240180231884,-0.007786600185928939,0.00803940938341385
1.5767222084058805,-0.0018583486137166163,-0.00777988616669575,0.007998755424242346
1.579209151952262,-0.0017172945392937605,-0.0077707487937307505,0.007958243358301887
1.5816960954986434,-0.0015771167678266845,-0.00775921499542239,0.007917873113693335
1.584183039045025,-0.0014378534316977362,-0.007745312272390807,0.007877644615485813
1.5866699825914066,-0.0012995419774742448,-0.007729068682157603,0.007837557785734478
1.589156926137788,-0.001162219158899361,-0.007710512823749783,0.007797612543498336
1.5916438696841695,-0.0010259210302072106,-0.007689673822244447,0.007757808804858041
1.5941308132305512,-0.0008906829397621989,-0.007666581313260807,0.007718146482933789
1.5966177567769326,-0.0007565395240218762,-0.00764126542740593,0.007678625487903181
1.599104700323314,-0.0006235247018226653,-0.007613756774680766,0.007639245727019147
1.6015916438696955,-0.0004916716689878983,-0.007584086428852774,0.007600007104627874
1.6040785874160772,-0.0003610128932570214,-0.007552285911801595,0.007560909522186776
1.6065655309624587,-0.0002315801095350894,-0.0075183871778440395,0.007521952878282471
1.6090524745088401,-0.00010340431546153705,-0.007482422598044667,0.007483137068648788
1.6115394180552216,2.348423270318794e-05,-0.007444424944518215,0.007444461986184811
1.6140263616016033,0.00014905602387447025,-0.007404427374729959,0.0074059275209728895
1.6165133051479847,0.0002732822956252118,-0.007362463415800232,0.007367533560296758
1.6190002486943662,0.00039613503735392886,-0.007318566948819017,0.0073292799886595615
1.6214871922407477,0.0005175869931411262,-0.007272772193176747,0.007291166687802014
1.6239741357871293,0.0006376116642956422,-0.007225113690917104,0.007253193536720473
1.6264610793335108,0.000756183311592765,-0.007175626291117819,0.007215360411685106
1.6289480228798923,0.0008732769572063785,-0.00712434513430515,0.007177667186258018
1.6314349664262737,0.0009888683863370688,-0.007071305636907872,0.007140113731311422
1.6339219099726554,0.0011029341485384791,-0.007016543475756394,0.007102699915045821
1.6364088535190369,0.0012154515587442954,-0.006960094572632577,0.007065425603008172
1.6388957970654183,0.0013263986979981095,-0.006901995078875871,0.0070282906581101085
1.6413827406117998,0.0014357544138889032,-0.0068422813600511,0.006991294940646131
1.6438696841581815,0.0015434983206946654,-0.006780989980683342,0.006954438308311832
1.646356627704563,0.0016496107992367336,-0.006718157689065199,0.0069177206162221025
1.6488435712509444,0.0017540729964478994,-0.006653821402141647,0.0068811417169293895
1.6513305147973258,0.0018568668246569686,-0.006588018190477615,0.006844701460441909
1.6538174583437075,0.00195797496059283,-0.006520785263313361,0.0068083996942419
1.656304401890089,0.0020573808441111284,-0.00645215995371259,0.006772236263303863
1.6587913454364704,0.0021550686766465318,-0.006382179703808259,0.006736211010112815
1.661278288982852,0.0022510234193940173,-0.006310882050150813,0.006700323774682539
1.6637652325292336,0.002345230791222385,-0.006238304609163587,0.0066645743945738375
1.666252176075615,0.002437677266323267,-0.006164485062710054,0.006628962704912788
1.6687391196219965,0.002528350071599308,-0.0060894611437773815,0.0065934885384089925
1.671226063168378,0.0026172371837948657,-0.006013270622280802,0.006558151725373836
1.6737130067147596,0.0027043273263728873,-0.0059359512909931645,0.006522952093738736
1.676199950261141,0.002789609966141673,-0.005857540951603872,0.006487889469073386
1.6786868938075226,0.0028730753096351,-0.005778077400911487,0.006452963674604008
1.681173837353904,0.002954714299250302,-0.005697598417153985,0.006418174531231586
1.6836607809002857,0.0030345186091465556,-0.005616141746480694,0.006383521857550107
1.6861477244466672,0.0031124806409092032,-0.005533745089569844,0.006349005469864783
1.6886346679930486,0.0031885935189827643,-0.005450446088395446,0.006314625182210271
1.69112161153943,0.003262851085877135,-0.00536628231314728,0.006280380806368903
1.6936085550858118,0.0033352478971509663,-0.00528129124930755,0.006246272151888872
1.6960954986321932,0.0034057792161764303,-0.005195510284887701,0.006212299026102432
1.6985824421785747,0.0034744410086893925,-0.00510897669782891,0.0061784612341440935
1.7010693857249561,0.0035412299371294057,-0.005021727643569389,0.006144758578968787
1.7035563292713378,0.0036061433547736584,-0.004933800142781867,0.006111190861370032
1.7060432728177193,0.003669179299669223,-0.004845231069284272,0.006077757879998078
1.7085302163641007,0.0037303364883679714,-0.004756057138126663,0.006044459431378051
1.7110171599104822,0.0037896143094685118,-0.0046663148938573176,0.006011295309928064
1.7135041034568639,0.003847012816969634,-0.0045760406989707484,0.005978265307977334
1.7159910470032453,0.0039025327234395763,-0.004485270722540444,0.0059453692157842635
1.7184779905496268,0.00395617539300578,-0.004394040929038851,0.0059126068215545205
1.7209649340960083,0.0040079428341695455,-0.00430238706734713,0.005879977911459095
1.72345187764239,0.004057837692450074,-0.004210344659957162,0.005847482269652327
1.7259388211887714,0.004105863242862607,-0.004117948992368007,0.005815119678289942
1.7284257647351529,0.004152023382235137,-0.004025235102679083,0.005782889917547039
1.7309127082815343,0.004196322621368325,-0.003932237771382168,0.005750792765636067
1.733399651827916,0.004238766077043294,-0.003838991511354174,0.005718827998824795
1.7358865953742975,0.00427935946388184,-0.0037455305580527086,0.005686995391454235
1.738373538920679,0.004318109086063823,-0.0036518888599160896,0.00565529471595656
1.7408604824670604,0.004355021828906383,-0.0035581000689695807,0.005623725742872996
1.743347426013442,0.004390105150309548,-0.003464197531639509,0.005592288240871681
1.7458343695598235,0.004423367072073098,-0.0033702142797766314,0.00556098197676551
1.748321313106205,0.0044548161710892265,-0.0032761830218902706,0.00552980671552995
1.7508082566525864,0.004484461570415762,-0.0031821361345944657,0.005498762220320826
1.7532952001989681,0.004512312930234649,-0.0030881056542673246,0.005467848252492073
1.7557821437453496,0.004538380438700327,-0.0029941232689247917,0.005437064571613495
1.758269087291731,0.004562674802682761,-0.0029002203103096922,0.005406410935488442
1.7607560308381125,0.0045852072384098205,-0.0028064277461970297,0.0053758871001715015
1.7632429743844942,0.004605989462013575,-0.0027127761729164777,0.00534549281998615
1.7657299179308756,0.004625033679985355,-0.0026192958080924434,0.005315227847542335
1.768216861477257,0.004642352579544081,-0.002526016483602835,0.005285091933754115
1.7707038050236386,0.0046579593189226285,-0.002432967638756478,0.005255084827857152
1.7731907485700202,0.004671867517576803,-0.0023401783136901854,0.005225206277426287
1.7756776921164017,0.004684091246321559,-0.002247677142985332,0.00519545602839298
1.7781646356627832,0.004694645017399093,-0.0021554923495045912,0.0051658338250628
1.7806515792091646,0.004703543774483384,-0.002063651738448632,0.00513633941013281
1.7831385227555463,0.004710802882625727,-0.0019721826916332197,0.005106972524708989
1.7856254663019278,0.0047164381181458576,-0.0018811121619862492,0.005077732908323538
1.7881124098483092,0.004720465658473126,-0.0017904666682651326,0.0050486202989522356
1.7905993533946907,0.004722902071942257,-0.0017002722899937793,0.005019634433031668
1.7930862969410724,0.004723764307548161,-0.0016105546626194087,0.00499077504547651
1.7955732404874538,0.0047230696846641855,-0.0015213389728883802,0.00496204186969668
1.7980601840338353,0.0047208358827283215,-0.0014326499544409536,0.004933434637614545
1.8005471275802167,0.004717080930901601,-0.0013445118836240921,0.004904953079681998
1.8030340711265984,0.0047118231977031555,-0.0012569485755220718,0.004876596924897582
1.8055210146729799,0.0047050813806261615,-0.0011699833802037225,0.004848365900823484
1.8080079582193613,0.00469687449573899,-0.0010836391791860629,0.004820259733602582
1.8104949017657428,0.00468722186727576,-0.0009979383821128883,0.00479227814797536
1.8129818453121245,0.00467614311722052,-0.0009129029236479039,0.004764420867296857
1.815468788858506,0.004663658154889188,-0.0008285542605809394,0.004736687613553511
1.8179557324048874,0.004649787166513381,-0.0007449133691464977,0.004709078107380012
1.8204426759512689,0.004634550604830187,-0.0006620007425531595,0.004681592068076071
1.8229296194976505,0.004617969178681913,-0.0005798363887229305,0.0046542292136231705
1.825416563044032,0.004600063842629787,-0.0004984398282388074,0.004626989260701245
1.8279035065904135,0.004580855786585545,-0.0004178300924996607,0.004599871924705355
1.830390450136795,0.004560366425464777,-0.00033802572208045765,0.004572876919762263
1.8328773936831766,0.004538617388865895,-0.000259044765296786,0.0045460039587470165
1.835364337229558,0.004515630510778459,-0.00018090477697168433,0.004519252753299433
1.8378512807759395,0.00449142781932466,-0.00010362281740343538,0.0044926230138405895
1.840338224322321,0.004466031526537557,-2.7215451532322426e-05,0.004466114449589205
1.8428251678687027,0.0044394640181797925,4.83012516951456e-05,0.004439726768578038
1.845312111415084,0.004411747843606272,0.00012291171976666163,0.004413459677670182
1.8477990549614656,0.004382905705674361,0.00019660087685098332,0.00438731288257533
1.850285998507847,0.0043529604507051055,0.00026935414385308333,0.004361286087866012
1.8527729420542287,0.004321935058498758,0.0003411574382798716,0.004335378996993728
1.8552598856006102,0.004289852632408132,0.0004119971739182939,0.004309591312305105
1.8577468291469916,0.00425673638947287,0.0004818602603281924,0.004283922735057915
1.860233772693373,0.004222609650618058,0.0005507341021518336,0.004258372965437122
1.8627207162397548,0.004187495830920156,0.0006186065982426956,0.004232941702570812
1.8652076597861362,0.004151418429943552,0.0006854661406153705,0.0042076286445461315
1.8676946033325177,0.004114401022150573,0.0007513016132193752,0.0041824334884250965
1.8701815468788991,0.004076467247388164,0.0008161023905388311,0.004157355930260438
1.8726684904252808,0.004037640801453916,0.0008798583360207785,0.004132395665111301
1.8751554339716623,0.003997945426744539,0.0009425598003343394,0.004107552387058975
1.8776423775180437,0.003957404902989353,0.001004197619463468,0.004082825789222491
1.8801293210644252,0.003916043038071722,0.001064763112635591,0.004058215563774235
1.8826162646108069,0.003873883658940908,0.0011242480800890508,0.004033721401955435
1.8851032081571883,0.003830950602617144,0.001182644800681602,0.004009342994091661
1.8875901517035698,0.0037872677072922365,0.0012399460293430334,0.003985080029608208
1.8900770952499513,0.003742858803528397,0.001296144994374246,0.003960932197045468
1.892564038796333,0.0036977477055574848,0.0013512353945958253,0.0039368991840742105
1.8950509823427144,0.003651958202683184,0.001405211396348647,0.003912980677510829
1.8975379258890959,0.003605514050788215,0.0014580676303495145,0.00388917636333251
1.9000248694354773,0.0035584389639489503,0.0015097991884044381,0.003865485926692371
1.902511812981859,0.003510756606159362,0.0015604016199826808,0.0038419090519344907
1.9049987565282405,0.0034624905831666187,0.001609870928654134,0.003818445422608949
1.907485700074622,0.003413664434420038,0.001658203568393264,0.003795094721486729
1.9099726436210034,0.003364301625135627,0.001705396439752249,0.0037718566305746386
1.912459587167385,0.0033144255384777786,0.0017514468859065047,0.0037487308311300914
1.9149465307137665,0.0032640594678601895,0.0017963526885753874,0.003725717003675906
1.917433474260148,0.0032132266093674654,0.0018401120638212106,0.0037028148280149648
1.9199204178065294,0.003161950054299337,0.0018827236577294215,0.0036800239832448962
1.9224073613529111,0.0031102527818387777,0.0019241865419731697,0.0036573441477726044
1.9248943048992926,0.003058157651845879,0.0019645002092650394,0.0036347749993288284
1.927381248445674,0.0030056873977785856,0.0020036645686992804,0.003612316214982553
1.9298681919920555,0.0029528646197419938,0.0020416799409873326,0.0035899674711554236
1.9323551355384372,0.002899711777667316,0.002078547053589911,0.003567728443636069
1.9348420790848186,0.0028462511846218145,0.0021142670357486427,0.0035455988075943443
1.9373290226312,0.0027925050002510082,0.0021488414134203052,0.0035235782375955637
1.9398159661775816,0.0027384952243540094,0.002182272104116894,0.003501666407614593
1.9423029097239632,0.002684243690593383,0.002214561411654425,0.003479862991049967
1.9447898532703447,0.0026297720603401385,0.0022457120208137725,0.0034581676607378506
1.9472767968167262,0.002575101816655124,0.002275726991916461,0.003436580088966015
1.9497637403631076,0.0025202542584073792,0.0023046097553186527,0.003415099947487691
1.9522506839094893,0.002465250494530469,0.0023323641058263338,0.0033937269075354007
1.9547376274558708,0.002410111438417306,0.0023589941970348755,0.003372460639834682
1.9572245710022522,0.0023548578024543423,0.0023845045355959686,0.0033513008146177866
1.9597115145486337,0.002299510092695468,0.002408899975415162,0.0033302471016372773
1.9621984580950154,0.00224408860367643,0.0024321857117829116,0.0033092991701795986
1.9646854016413968,0.0021886134133699314,0.0024543672754423936,0.003288456689078526
1.9671723451877783,0.0021331043782821164,0.002475450526597007,0.003267719326728618
1.9696592887341597,0.0020775811286904994,0.002495441648860719,0.0032470867510985286
1.9721462322805414,0.002022063064023874,0.0025143471431542438,0.003226558629744317
1.9746331758269229,0.001966569348384165,0.0025321738215501313,0.0032061346298226335
1.9771201193733043,0.0019111189062106584,0.0025489288010697446,0.0031858144181038965
1.9796070629196858,0.0018557304180863822,0.002564619497435198,0.003165597660985335
1.9820940064660675,0.0018004223166870374,0.002579253618779158,0.0031454840245040347
1.984580950012449,0.0017452127828720874,0.0025928391593155863,0.003125473174349844
1.9870678935588304,0.0016901197419182707,0.0026053843929742995,0.0031055647758782847
1.9895548371052119,0.001635160859895103,0.0026168978670023245,0.0030857584941233183
1.9920417806515935,0.0015803535401824275,0.0026273883955349763,0.00306605399381012
1.994528724197975,0.0015257149201295286,0.0026368650531395335,0.003046450939367711
1.9970156677443565,0.0014712618678557605,0.0026453371683344057,0.003026948994941592
1.999502611290738,0.001417010979192026,0.0026528143170866532,0.003007547824406234
2.0019895548371194,0.0013629785747630435,0.0026593063162906705,0.0029882470913775777
2.004476498383501,0.0013091806972095753,0.0026648232172308667,0.0029690464592253885
2.0069634419298827,0.0012556331085504303,0.0026693752990311053,0.0029499455910856082
2.009450385476264,0.0012023512876833946,0.0026729730620936613,0.0029309441498725766
2.0119373290226457,0.0011493504280247007,0.0026756272215304427,0.0029120417982912406
2.014424272569027,0.0010966454352861527,0.002677348700589154,0.002893238198849238
2.0169112161154086,0.0010442509253894177,0.0026781486240770765,0.002874533013868965
2.0193981596617903,0.0009921812225164508,0.0026780383117851452,0.0028559259054995226
2.0218851032081715,0.0009404503572955382,0.002677029271914854,0.002837416535728633
2.024372046754553,0.0008890720651218235,0.0026751331945106733,0.002819004566394468
2.026858990300935,0.0008380597846115801,0.0026723619449004273,0.0028006896591973914
2.029345933847316,0.0007874266561892717,0.0026687275571462277,0.0027824714757116718
2.031832877393698,0.0007371855208062858,0.0026642422275083917,0.002764349677397075
2.034319820940079,0.0006873489187905025,0.0026589183079248286,0.0027463239256104344
2.0368067644864607,0.0006379290888253665,0.0026527682995082834,0.002728393881617101
2.0392937080328424,0.0005889379670576492,0.002645804846063841,0.002710559206602376
2.0417806515792236,0.000540387186332418,0.0026380407276289995,0.0026928195616828117
2.0442675951256053,0.0004922880755543197,0.002629488854038668,0.0026751746079175026
2.046754538671987,0.0004446516591736928,0.0026201622585173023,0.0026576240063192554
2.049241482218368,0.00039748865679643385,0.0026100740913004563,0.0026401674178657187
2.05172842576475,0.00035080948291613676,0.002599237613287916,0.002622804503510422
2.054215369311131,0.0003046242467673532,0.0025876661897305865,0.0026055349241937615
2.056702312857513,0.00025894275229836045,0.0025753732839532335,0.002588358340853892
2.0591892564038945,0.00021377449826230808,0.0025623724511151763,0.0025712744144375755
2.0616761999502757,0.00016912867842500503,0.002548677332010933,0.0025542828059109193
2.0641631434966574,0.00012501418188814973,0.002534301646912877,0.0025373831762700886
2.066650087043039,8.143959352627146e-05,0.0025192591894577765,0.002520575186551907
2.0691370305894203,3.84131945360314e-05,0.0025035638205792177,0.0025038584978444114
2.071623974135802,-4.0570369038366585e-06,0.0024872294624877105,0.0024872327712973192
2.0741109176821833,-4.596342486335991e-05,0.0024702700927003683,0.0024706976681324357
2.076597861228565,-8.729859478476365e-05,0.002452699738121906,0.0024542528496539757
2.0790848047749466,-0.00012805547249989424,0.0024345324691787407,0.0024378979772588325
2.081571748321328,-0.00016822728314356308,0.002415782394007859,0.0024216327124467504
2.0840586918677095,-0.00020780754996424687,0.0023964636527021655,0.002405456716830454
2.086545635414091,-0.0002467900930340582,0.0023765904116138685,0.002389369652145673
2.0890325789604725,-0.0002851690278595572,0.002356176857717552,0.002373371180261133
2.091519522506854,-0.0003229387638952938,0.0023352371930343767,0.0023574609631884244
2.0940064660532354,-0.0003600940029616987,0.002313785629119016,0.0023416386630918658
2.096493409599617,-0.0003966297375692998,0.002291836381610633,0.002325903942298222
2.0989803531459987,-0.00043254124915084274,0.002269403664849444,0.0023102564633064137
2.10146729669238,-0.0004678241062033782,0.002246501686560097,0.002294695888797108
2.1039542402387617,-0.0005024741623419311,0.002223144642603295,0.0022792218816422762
2.1064411837851433,-0.000536487554266781,0.0021993467117968255,0.002263834104914638
2.1089281273315246,-0.0005698606996460867,0.0021751220508073343,0.0022485322218970824
2.1114150708779063,-0.0006025902949158421,0.002150484789113909,0.0022333158960919646
2.1139020144242875,-0.0006346733129989399,0.002125449024044731,0.0022181847912303766
2.116388957970669,-0.0006661070009453524,0.0021000288158877947,0.002203138571281322
2.118875901517051,-0.0006968888774952872,0.0020742381830767807,0.0021881769004608166
2.121362845063432,-0.0007270167305671909,0.0020480910974531286,0.0021732994432409375
2.1238497886098138,-0.0007564886146726326,0.0020216014796051885,0.0021585058643587714
2.1263367321561955,-0.0007853028482598953,0.0019947831942854805,0.0021437958288253313
2.1288236757025767,-0.000813458010988304,0.001967650045906812,0.0021291690019343526
2.1313106192489584,-0.000840952940935138,0.001940215774118229,0.0021146250492710657
2.1337975627953396,-0.000867786731737205,0.0019124940494614478,0.002100163636720859
2.1362845063417213,-0.0008939587296688643,0.001884498469108655,0.002085784430477904
2.138771449888103,-0.0009194685306586349,0.0018562425526822426,0.0020714870970536692
2.141258393434484,-0.0009443159772461745,0.001827739738157283,0.0020572713032854105
2.143745336980866,-0.000968501155481726,0.0017990033778472313,0.0020431367163445493
2.1462322805272476,-0.0009920243917698785,0.0017700467344735442,0.0020290830037450057
2.148719224073629,-0.0010148862496596968,0.0017408829773196605,0.0020151098333514453
2.1512061676200105,-0.0010370875265830648,0.0017115251784699322,0.002001216873387468
2.1536931111663917,-0.0010586292505433345,0.0016819863091338486,0.0019874037924437118
2.1561800547127734,-0.0010795126767560565,0.0016522792360561022,0.0019736702594859057
2.158666998259155,-0.0010997392842439218,0.001622416718012718,0.001960015943862828
2.1611539418055363,-0.0011193107723876845,0.0015924114023937307,0.001946440515314219
2.163640885351918,-0.0011382290574351306,0.0015622758218725638,0.001932943643978598
2.1661278288982997,-0.001156496268969932,0.0015320223911624903,0.0019195250004010386
2.168614772444681,-0.001174114746342371,0.001501663403860264,0.0019061842555408446
2.1711017159910626,-0.0011910870350637758,0.0014712110293772318,0.001892921080779183
2.173588659537444,-0.001207415883166672,0.0014406773099579142,0.001879735147926624
2.1760756030838255,-0.0012231042375324148,0.0014100741577863132,0.0018666261292306313
2.178562546630207,-0.0012381552401883227,0.001379413352179847,0.0018535936973829634
2.1810494901765884,-0.0012525722245760728,0.001348706536871094,0.0018406375255270307
2.18353643372297,-0.0012663587117932942,0.0013179652173771852,0.0018277572872651506
2.186023377269352,-0.0012795184068101653,0.0012872007584569304,0.0018149526566657655
2.188510320815733,-0.001292055194662895,0.001256424381655473,0.0018022233082705676
2.1909972643621147,-0.0013039731366258562,0.0012256471629364775,0.0017895689171015768
2.193484207908496,-0.0013152764663642525,0.001194880030401549,0.0017769891586681226
2.1959711514548776,-0.0013259695860690353,0.0011641337620968684,0.0017644837089737886
2.1984580950012593,-0.0013360570625759328,0.0011334189839066384,0.0017520522445232582
2.2009450385476406,-0.001345543623470286,0.0011027461675332591,0.001739694442329123
2.2034319820940222,-0.0013544341531794876,0.0010721256285637902,0.0017274099799185884
2.205918925640404,-0.0013627336890547354,0.0010415675246225069,0.0017151985353401468
2.208405869186785,-0.0013704474174438144,0.0010110818536091155,0.0017030597871701585
2.210892812733167,-0.0013775806697566278,0.000980678452022244,0.001690993414519366
2.213379756279548,-0.0013841389185251128,0.0009503669933678938,0.0016789990970393636
2.2158666998259298,-0.00139012777345925,0.0009201569866522394,0.0016670765149289642
2.2183536433723114,-0.0013955529775007724,0.0008900577749584904,0.0016552253489405392
2.2208405869186927,-0.0014004204028762025,0.0008600785341071412,0.0016434452803862482
2.2233275304650744,-0.0014047360471508357,0.0008302282713992248,0.0016317359911442474
2.225814474011456,-0.0014085060292852245,0.0008005158244418785,0.0016200971636647877
2.2283014175578373,-0.0014117365856957359,0.0007709498600557749,0.0016085284809762843
2.230788361104219,-0.0014144340663207302,0.0007415388732636438,0.0015970296266912866
2.2332753046506,-0.0014166049306938485,0.0007122911863594344,0.0015856002850124155
2.235762248196982,-0.0014182557440259366,0.0006832149480572558,0.0015742401407382045
2.2382491917433636,-0.0014193931732970413,0.0006543181327195914,0.0015629488792688957
2.240736135289745,-0.001420023983359959,0.0006256085396639221,0.0015517261866121585
2.2432230788361265,-0.0014201550330567392,0.0005970937925471452,0.0015405717493887526
2.245710022382508,-0.0014197932713495558,0.0005687813388269175,0.0015294852548381152
2.2481969659288894,-0.0014189457334673168,0.0005406784492992619,0.0015184663908238982
2.250683909475271,-0.0014176195370693716,0.0005127922177114915,0.0015075148458394195
2.2531708530216523,-0.001415821878427639,0.00048512956044979155,0.0014966303090130763
2.255657796568034,-0.0014135600286284606,0.00045769721630043884,0.001485812470113663
2.2581447401144157,-0.001410841329795468,0.0004305017462839631,0.001475061019555661
2.260631683660797,-0.0014076731913346982,0.00040354953356121963,0.0014643756484044289
2.2631186272071786,-0.0014040630862032074,0.00037684678341059043,0.0014537560483813589
2.2656055707535603,-0.001400018547202369,0.00035039952327528735,0.0014432019118689459
2.2680925142999415,-0.0013955471632970443,0.00032421360287993115,0.0014327129319158158
2.270579457846323,-0.001390656575961768,0.0002982946944153177,0.001422288802241667
2.2730664013927044,-0.0013853544755550807,0.0002726482927905574,0.0014119292172421738
2.275553344939086,-0.0013796485977231009,0.0002472797159514356,0.0014016338719938033
2.278040288485468,-0.0013735467198334177,0.0002221941052641491,0.0013914024622585935
2.280527232031849,-0.0013670566574403302,0.00019739642596326967,0.0013812346844888457
2.2830141755782307,-0.001360186260782486,0.0001728914676630152,0.00137113023583178
2.2855011191246124,-0.0013529434113138648,0.0001486838449306876,0.0013610888141340999
2.2879880626709936,-0.0013453360182691285,0.00012477799792132903,0.0013511101179465308
2.2904750062173753,-0.0013373720152642164,0.00010117819307240149,0.001341193846528259
2.2929619497637566,-0.0013290593569331534,7.788852385756275e-05,0.0013313396998513478
2.2954488933101382,-0.001320406015601904,5.491291159829289e-05,0.0013215473786050568
2.29793583685652,-0.001311419978000177,3.2255106332415904e-05,0.0013118165842001313
2.300422780402901,-0.0013021092420119748,9.918687738307027e-06,0.0013021470187730146
2.302909723949283,-0.0012924818134656998,-1.2092933886292626e-05,0.001292538385189996
2.3053966674956645,-0.0012825457029646222,-3.377651659194457e-05,0.0012829903870513228
2.3078836110420458,-0.0012723089227584027,-5.512898569289169e-05,0.0012735027286952213
2.3103705545884274,-0.001261779483656454,-7.614743263115523e-05,0.001264075115201887
2.3128574981348087,-0.0012509653919837843,-9.682911379063673e-05,0.0012547072523973963
2.3153444416811904,-0.0012398746465800265,-0.00011717144926224566,0.0012453988468575682
2.317831385227572,-0.001228515235842273,-0.0001371720215613165,0.0012361496059117658
2.3203183287739533,-0.0012168951348123483,-0.00015682857429839307,0.0012269592376466423
2.322805272320335,-0.0012050223023090819,-0.00017613901080461885,0.00121782745090982
2.3252922158667166,-0.0011929046781061809,-0.00019510139271282272,0.0012087539553135263
2.327779159413098,-0.001180550180156187,-0.00021371393849557157,0.0011997384612381545
2.3302661029594796,-0.0011679667018610843,-0.00023197502196124558,0.001190780679835787
2.332753046505861,-0.0011551621093899775,-0.0002498831707094384,0.0011818803230336415
2.3352399900522425,-0.0011421442390443582,-0.00026743706454674505,0.001173037103537478
2.337726933598624,-0.0011289208946713327,-0.00028463553386420993,0.0011642507348349352
2.3402138771450054,-0.0011154998451252671,-0.0003014775579775424,0.001155520931198824
2.342700820691387,-0.001101888821778176,-0.0003179622634313414,0.0011468474076903512
2.3451877642377688,-0.001088095516079265,-0.0003340889222684394,0.0011382298801623023
2.34767470778415,-0.0010741275771638894,-0.0003498569502656309,0.0011296680652621526
2.3501616513305317,-0.0010599926095123042,-0.0003652659051368531,0.0011211616804351408
2.352648594876913,-0.0010456981706584096,-0.00038031548470510683,0.001112710443927271
2.3551355384232946,-0.0010312517689488078,-0.00039500552504419375,0.0011043140747882753
2.3576224819696763,-0.001016660861352351,-0.0004093359985914945,0.0010959722928745052
2.3601094255160575,-0.0010019328513204333,-0.00042330701223292105,0.0010876848188517921
2.362596369062439,-0.0009870750866981385,-0.0004369188053612481,0.0010794513741982257
2.365083312608821,-0.0009720948576864871,-0.00045017174790890345,0.001071271681206905
2.367570256155202,-0.0009569993948558254,-0.0004630663383564661,0.0010631454629886172
2.370057199701584,-0.0009417958672105518,-0.00047560320171791516,0.0010550724434744787
2.372544143247965,-0.0009264913803051803,-0.0004877830875038694,0.001047052347418507
2.3750310867943467,-0.0009110929744118954,-0.0004996068676638582,0.001039084900400158
2.3775180303407284,-0.0008956076227395495,-0.000511075534508837,0.0010311698288267945
2.3800049738871096,-0.0008800422297042033,-0.000522190198615001,0.001023306859936119
2.3824919174334913,-0.000864403629251139,-0.0005329520867100455,0.0010154957217985373
2.384978860979873,-0.0008486985832283811,-0.0005433625395429621,0.0010077361433194895
2.3874658045262542,-0.0008329337798116151,-0.0005534230097384995,0.0010000278542417124
2.389952748072636,-0.0008171158319805089,-0.0005631350596373176,0.0009923705851474663
2.392439691619017,-0.0008012512760462801,-0.0005725003591229896,0.000984764067460701
2.394926635165399,-0.0007853465702304513,-0.0005815206834368578,0.0009772080334491747
2.3974135787117805,-0.0007694080932946535,-0.0005901979109818348,0.0009697022162265259
2.3999005222581618,-0.0007534421432212972,-0.0005985340211162218,0.00096224634975429
2.4023874658045434,-0.0007374549359450103,-0.0006065310919385273,0.000954840168843876
2.404874409350925,-0.0007214526041345726,-0.0006141912980643873,0.0009474834091584788
2.4073613528973064,-0.0007054411960252351,-0.0006215169083965393,0.0009401758072149626
2.409848296443688,-0.0006894266743011042,-0.0006285102838889243,0.0009329171003856758
2.4123352399900693,-0.0006734149150274463,-0.0006351738753058496,0.0009257070269002356
2.414822183536451,-0.0006574117066325586,-0.0006415102209772606,0.000918545325847248
2.4173091270828326,-0.0006414227489390164,-0.0006475219445510494,0.0009114317371759976
2.419796070629214,-0.0006254536522439358,-0.0006532117527433808,0.0009043660016980724
2.4222830141755956,-0.0006095099364479962,-0.0006585824330879826,0.0008973478610889578
2.4247699577219772,-0.0005935970302328349,-0.0006636368516853518,0.0008903770578895699
2.4272569012683585,-0.0005777202702865507,-0.0006683779509527629,0.0008834533355077557
2.42974384481474,-0.0005618849005768701,-0.0006728087473760364,0.0008765764382197312
2.4322307883611214,-0.0005460960716716864,-0.0006769323292639292,0.0008697461111714937
2.434717731907503,-0.0005303588401065194,-0.0006807518545060433,0.0008629621003801672
2.4372046754538848,-0.0005146781677985446,-0.0006842705483351245,0.0008562241527353212
2.439691619000266,-0.0004990589215067176,-0.0006874917010946135,0.0008495320160002292
2.4421785625466477,-0.00048350587233764023,-0.0006904186660122698,0.0008428854388130956
2.4446655060930294,-0.0004680236952966384,-0.0006930548569807257,0.0008362841706882264
2.4471524496394106,-0.000452616968883684,-0.0006954037463457542,0.0008297279620171686
2.4496393931857923,-0.0004372901747336033,-0.0006974688627030768,0.0008232165640697888
2.4521263367321735,-0.00042204769730018303,-0.0006992537887044708,0.0008167497289953292
2.454613280278555,-0.00040689382358358856,-0.0007007621588739665,0.0008103272098233988
2.457100223824937,-0.00039183274290067186,-0.000701997657434875,0.0008039487604649416
2.459587167371318,-0.0003768685466975955,-0.0007029640161483852,0.0007976141357131436
2.4620741109177,-0.00036200522840429265,-0.0007036650121644632,0.0007913230912443149
2.4645610544640815,-0.00034724668333016866,-0.0007041044658857582,0.0007850753836187143
2.4670479980104627,-0.0003325967086005785,-0.0007042862388451996,0.000778870770281345
2.4695349415568444,-0.0003180590031334351,-0.0007042142315979767,0.0007727090095626963
2.4720218851032256,-0.00030363716765546345,-0.0007038923816285557,0.0007665898606794589
2.4745088286496073,-0.0002893347047574689,-0.0007033246612733735,0.000760513083735183
2.476995772195989,-0.00027515501898808255,-0.0007025150756598511,0.0007544784397209098
2.4794827157423702,-0.0002611014169853397,-0.0007014676606623366,0.0007484856905157528
2.481969659288752,-0.00024717710764556364,-0.0007001864808755695,0.0007425345988874462
2.4844566028351336,-0.00023338520232888432,-0.0006986756276062602,0.0007366249284928495
2.486943546381515,-0.0002197287151008089,-0.0006969392168833431,0.0007307564438784102
2.4894304899278965,-0.00020621056300924973,-0.0006949813874874587,0.0007249289104805966
2.4919174334742777,-0.00019283356639632156,-0.0006928062990001954,0.0007191420946262793
2.4944043770206594,-0.00017960044924434631,-0.0006904181298736203,0.0007133957635330884
2.496891320567041,-0.00016651383955537815,-0.0006878210755205816,0.0007076896853097153
2.4993782641134223,-0.0001535762697636465,-0.0006850193464262947,0.0007020236289561942
2.501865207659804,-0.00014079017718022122,-0.000682017166281665,0.0006963973643641325
2.5043521512061857,-0.00012815790446931785,-0.0006788187701388073,0.0006908106623169114
2.506839094752567,-0.00011568170015551186,-0.0006754284025892044,0.0006852632944898436
2.5093260382989486,-0.00010336371916126993,-0.0006718503159649278,0.0006797550334503034
2.51181298184533,-9.120602337409024e-05,-0.0006680887685633154,0.0006742856526578051
2.5142999253917115,-7.921058224262186e-05,-0.0006641480228955257,0.0006688549264640657
2.5167868689380932,-6.737927340104767e-05,-0.0006600323439593068,0.0006634626301130079
2.5192738124844745,-5.5713883321129424e-05,-0.0006557459975363802,0.0006581085397407503
2.521760756030856,-4.421610799116312e-05,-0.0006512932485147476,0.0006527924323755437
2.524247699577238,-3.2887553621250553e-05,-0.000646678359236281,0.0006475140859376876
2.526734643123619,-2.1729737374133088e-05,-0.0006419055878698812,0.0006422732792393956
2.5292215866700007,-1.074408812098788e-05,-0.0006369791868105319,0.0006370697919846443
2.531708530216382,6.805277856455349e-08,-0.0006319034011045036,0.0006319034047689724
2.5341954737627637,1.0705430672858544e-05,-0.000626682466900999,0.0006267738990792559
2.5366824173091453,2.1166876791705006e-05,-0.0006213206099304734,0.0006216810572934411
2.5391693608555266,3.1451307397688055e-05,-0.0006158220440098899,0.0006166246626802586
2.5416563044019083,4.155772291595141e-05,-0.000610190969575099,0.0006116044993988831
2.54414324794829,5.148520704309546e-05,-0.0006044315722405903,0.0006066203524985808
