Time_s,Real,Imaginary,Magnitude
-2.54414324794829,-6.323769049933774e-05,-4.695711930077741e-05,7.876532582753323e-05
-2.5416563044019083,-6.301886122536801e-05,-4.88676703401442e-05,7.974600977237168e-05
-2.5391693608555266,-6.275622487967996e-05,-5.079634901582673e-05,8.073792686517684e-05
-2.5366824173091453,-6.24488700741635e-05,-5.2742404248888356e-05,8.174119267231737e-05
-2.5341954737627637,-6.209589180161332e-05,-5.4705055912894654e-05,8.275592378235288e-05
-2.531708530216382,-6.169639217106652e-05,-5.668349465265446e-05,8.378223781305646e-05
-2.5292215866700007,-6.12494811554903e-05,-5.86768817180635e-05,8.482025341846353e-05
-2.526734643123619,-6.075427735159486e-05,-6.068434881350407e-05,8.587009029594382e-05
-2.524247699577238,-6.0209908751536064e-05,-6.270499796325854e-05,8.693186919329732e-05
-2.521760756030856,-5.9615513526255364e-05,-6.473790139339488e-05,8.800571191587541e-05
-2.5192738124844745,-5.897024082019607e-05,-6.678210143057253e-05,8.909174133372407e-05
-2.5167868689380932,-5.827325155711704e-05,-6.883661041822664e-05,9.019008138875224e-05
-2.5142999253917115,-5.7523719256711364e-05,-7.090041065057809e-05,9.130085710192185e-05
-2.51181298184533,-5.6720830861727705e-05,-7.297245432491895e-05,9.242419458046201e-05
-2.5093260382989486,-5.586378757527005e-05,-7.505166351262096e-05,9.356022102510541e-05
-2.506839094752567,-5.4951805707947296e-05,-7.713693014930697e-05,9.470906473734735e-05
-2.5043521512061857,-5.398411753452287e-05,-7.922711604462648e-05,9.587085512672708e-05
-2.501865207659804,-5.2959972159699515e-05,-8.132105291207315e-05,9.70457227181309e-05
-2.4993782641134223,-5.187863639266825e-05,-8.341754241927259e-05,9.823379915911746e-05
-2.496891320567041,-5.073939563002627e-05,-8.551535625917023e-05,9.943521722726378e-05
-2.4944043770206594,-4.954155474666049e-05,-8.761323624254185e-05,0.00010065011083753364
-2.4919174334742777,-4.828443899417758e-05,-8.970989441224093e-05,0.00010187861504966521
-2.4894304899278965,-4.696739490644275e-05,-9.18040131796005e-05,0.00010312086607558145
-2.486943546381515,-4.558979121178499e-05,-9.38942454833856e-05,0.0001043770012868181
-2.4844566028351336,-4.4151019751397943e-05,-9.597921497170619e-05,0.00010564715922197493
-2.481969659288752,-4.265049640346687e-05,-9.805751620727107e-05,0.0001069314795941839
-2.4794827157423702,-4.1087662012521037e-05,-0.00010012771489637688,0.00010823010329859846
-2.476995772195989,-3.9461983323512934e-05,-0.00010218834814200226,0.00010954317241990152
-2.4745088286496073,-3.7772953920098094e-05,-0.00010423792472137823,0.00011087083023983165
-2.4720218851032256,-3.602009516658216e-05,-0.0001062749253883945,0.0001122132212447288
-2.4695349415568444,-3.4202957152987425e-05,-0.00010829780320119114,0.00011357049113309769
-2.4670479980104627,-3.232111964266942e-05,-0.00011030498387527744,0.00011494278682318855
-2.4645610544640815,-3.03741930219131e-05,-0.00011229486616250837,0.00011633025646059627
-2.4620741109177,-2.8361819250913465e-05,-0.0001142658222562387,0.00011773304942587627
-2.459587167371318,-2.6283672815531095e-05,-0.00011621619822296533,0.00011915131634217667
-2.457100223824937,-2.4139461679211e-05,-0.00011814431446075493,0.00012058520908288811
-2.454613280278555,-2.192892823442546e-05,-0.00012004846618474304,0.00012203488077930823
-2.4521263367321735,-1.9651850252996538e-05,-0.00012192692393997991,0.00012350048582832318
-2.4496393931857923,-1.7308041834640394e-05,-0.00012377793414188233,0.00012498217990010346
-2.4471524496394106,-1.489735435305405e-05,-0.00012559971964454158,0.00012648011994581562
-2.4446655060930294,-1.2419677398866801e-05,-0.00012739048033711965,0.00012799446420534754
-2.4421785625466477,-9.87493971875351e-06,-0.0001291483937685561,0.0001295253722150492
-2.439691619000266,-7.263110149996904e-06,-0.0001308716158007885,0.00013107300481548508
-2.4372046754538848,-4.584198549777569e-06,-0.00013255828129068157,0.00013263752415920333
-2.434717731907503,-1.838256718457936e-06,-0.0001342065048008347,0.00013421909371851468
-2.4322307883611214,9.74620683890794e-07,-0.00013581438133943054,0.00013581787829328556
-2.42974384481474,3.854295228475979e-06,-0.00013737998712926705,0.00013743404401874316
-2.4272569012683585,6.80058381705274e-06,-0.0001389013804060984,0.00013906775837329232
-2.4247699577219772,9.813257790263316e-06,-0.000140376602246393,0.00014071919018634305
-2.4222830141755956,1.289204204582901e-05,-0.00014180367742460098,0.00014238850964614987
-2.419796070629214,1.6036614167400975e-05,-0.00014318061530000338,0.00014407588830766114
-2.4173091270828326,1.9246603564886206e-05,-0.00014450541073319576,0.00014578149910037796
-2.414822183536451,2.252159062706087e-05,-0.00014577604503224453,0.0001475055163362235
-2.4123352399900693,2.586110588730905e-05,-0.00014699048692852845,0.0001492481157174204
-2.409848296443688,2.92646292033241e-05,-0.00014814669358226388,0.0001510094743443776
-2.4073613528973064,3.2731588951617844e-05,-0.00014924261161768757,0.00015278977072358477
-2.404874409350925,3.626136123770172e-05,-0.00015027617818785244,0.00015458918477551486
-2.4023874658045434,3.9853269122793304e-05,-0.00015124532206896998,0.00015640789784253302
-2.3999005222581618,4.350658186792376e-05,-0.00015214796478421204,0.00015824609269681254
-2.3974135787117805,4.7220514196328954e-05,-0.0001529820217568619,0.00016010395354825775
-2.394926635165399,5.09942255749978e-05,-0.00015374540349268243,0.00016198166605243164
-2.392439691619017,5.48268195162721e-05,-0.0001544360167913471,0.00016387941731848792
-2.389952748072636,5.871734290039856e-05,-0.00015505176598675652,0.00016579739591710989
-2.3874658045262542,6.266478531992124e-05,-0.00015559055421603875,0.0001677357918884515
-2.384978860979873,6.666807844682418e-05,-0.00015605028471701052,0.0001696947967500829
-2.3824919174334913,7.072609542333578e-05,-0.0001564288621538461,0.00017167460350493832
-2.3800049738871096,7.483765027729619e-05,-0.00015672419397068672,0.00017367540664926722
-2.3775180303407284,7.900149736300501e-05,-0.00015693419177288887,0.00017569740218058644
-2.3750310867943467,8.321633082847041e-05,-0.000157056772735588,0.00017774078760563535
-2.372544143247965,8.74807841099637e-05,-0.0001570898610392318,0.00017980576194832922
-2.370057199701584,9.179342945480731e-05,-0.0001570313893317082,0.00018189252575771553
-2.367570256155202,9.61527774733083e-05,-0.00015687930021666735,0.00018400128111592808
-2.365083312608821,0.00010055727672075341,-0.00015663154776761478,0.0001861322316461412
-2.362596369062439,0.00010500531331038804,-0.00015628609906731747,0.00018828558252052154
-2.3601094255160575,0.0001094952105582841,-0.0001558409357720514,0.00019046154046817857
-2.3576224819696763,0.000114025228661012,-0.0001552940557001816,0.000192660313783112
-2.3551355384232946,0.0001185935644070307,-0.00015464347444453814,0.00019488211233215598
-2.352648594876913,0.0001231983509226893,-0.00015388722700803594,0.00019712714756291912
-2.3501616513305317,0.00012783765745374875,-0.00015302336946194405,0.00019939563251171938
-2.34767470778415,0.0001325094891833165,-0.00015204998062619515,0.00020168778181151628
-2.3451877642377688,0.00013721178708707706,-0.00015096516377108784,0.00020400381169983256
-2.342700820691387,0.0001419424278267117,-0.00014976704833971605,0.00020634394002667515
-2.3402138771450054,0.00014669922368237175,-0.00014845379169042117,0.00020870838626244395
-2.337726933598624,0.00015147992252507515,-0.00014702358085854833,0.00021109737150583582
-2.3352399900522425,0.0001562822078298823,-0.00014547463433674858,0.00021351111849173858
-2.332753046505861,0.00016110369873070527,-0.0001438052038730402,0.00021594985159911664
-2.3302661029594796,0.00016594195011757645,-0.00014201357628582827,0.00021841379685888664
-2.327779159413098,0.00017079445277721103,-0.0001400980752950356,0.0002209031819617826
-2.3252922158667166,0.00017565863357767232,-0.00013805706336848052,0.000223418236266209
-2.322805272320335,0.00018053185569794078,-0.000135888943582611,0.0002259591908060837
-2.3203183287739533,0.00018541141890317768,-0.00013359216149666045,0.00022852627829866623
-2.317831385227572,0.00019029455986644864,-0.0001311652070392881,0.00023111973315237435
-2.3153444416811904,0.00019517845253766688,-0.00012860661640671763,0.0002337397914745859
-2.3128574981348087,0.00020006020856050042,-0.00012591497397136198,0.0002363866910794254
-2.3103705545884274,0.0002049368777379592,-0.0001230889141999121,0.00023906067149553597
-2.3078836110420458,0.00020980544854737294,-0.00012012712357981778,0.00024176197397383478
-2.3053966674956645,0.00021466284870544377,-0.0001170283425530733,0.00024449084149525053
-2.302909723949283,0.0002195059457840411,-0.00011379136745619623,0.00024724751877844487
-2.300422780402901,0.00022433154787738488,-0.00011041505246524632,0.00025003225228751295
-2.29793583685652,0.00022913640432124593,-0.00010689831154472159,0.00025284529023966777
-2.2954488933101382,0.0002339172064647578,-0.00010324012039913372,0.0002556868826129017
-2.2929619497637566,0.00023867058849542605,-9.943951842604098e-05,0.0002585572811536274
-2.2904750062173753,0.0002433931283178932,-9.549561066928095e-05,0.0002614567393842991
-2.2879880626709936,0.0002480813484869826,-9.140756977114377e-05,0.0002643855126110094
-2.2855011191246124,0.00025273171719553193,-8.71746379221751e-05,0.00026734385793106345
-2.2830141755782307,0.00025734064931749403,-8.27961288072884e-05,0.000270332034240529
-2.280527232031849,0.0002619045075067551,-7.827142954684382e-05,0.0002733503022417617
-2.278040288485468,0.0002664196033520962,-7.360000263130697e-05,0.00027639892445090425
-2.275553344939086,0.00027088219858868923,-6.878138784811009e-05,0.00027947816520535953
-2.2730664013927044,0.0002752885063664917,-6.381520419928934e-05,0.00028258829067123595
-2.270579457846323,0.0002796346925758769,-5.8701151808448115e-05,0.00028572956885076426
-2.2680925142999415,0.000283916877230797,-5.3439013815603034e-05,0.00028890226958968614
-2.2656055707535603,0.0002881311359097508,-4.802865825841381e-05,0.0002921066645846116
-2.2631186272071786,0.00029227350125479094,-4.2470039938297324e-05,0.00029534302739034633
-2.260631683660797,0.0002963399645287733,-3.6763202269907624e-05,0.00029861163342718717
-2.2581447401144157,0.00030032647723101616,-3.090827911242149e-05,0.000301912759988185
-2.255657796568034,0.0003042289527714972,-2.4905496581087248e-05,0.00030524668624637424
-2.2531708530216523,0.00030804326820368493,-1.8755174837446267e-05,0.00030861369326196553
-2.250683909475271,0.00031176526601606647,-1.2457729856626172e-05,0.0003120140639895089
-2.2481969659288894,0.00031539075598238116,-6.013675170095009e-06,0.0003154480832850143
-2.245710022382508,0.0003189155170705494,5.763764177470998e-07,0.0003189160379130388
-2.2432230788361265,0.00032233529941023183,7.31171114079408e-06,0.00032241821655373354
-2.240736135289745,0.0003256458263189261,1.419151261193224e-05,0.00032595490980985516
-2.2382491917433636,0.00032884279638645,2.1214860194877148e-05,0.00032952641021373143
-2.235762248196982,0.0003319218856176423,2.8380727408851008e-05,0.0003331330122341926
-2.2332753046506,0.00033487874963304416,3.568798036777439e-05,0.0003367750122834557
-2.230788361104219,0.0003377090259273029,4.3135376255689046e-05,0.0003404527087239689
-2.2283014175578373,0.0003404083361849794,5.072156184013854e-05,0.0003441664018752106
-2.225814474011456,0.0003429722886534094,5.844507202520866e-05,0.0003479163940204448
-2.2233275304650744,0.000345396480572214,6.630432844597754e-05,0.00035170298941343087
-2.2208405869186927,0.00034767650065901175,7.429763810610754e-05,0.00035552649428508405
-2.2183536433723114,0.0003498079316508465,8.242319206031757e-05,0.0003593872168500924
-2.2158666998259298,0.00035178635290078177,9.06790641435016e-05,0.0003632854673134815
-2.213379756279548,0.0003536073430290818,9.906320974822191e-05,0.0003672215578771308
-2.210892812733167,0.00035526648262834546,0.00010757346465234206,0.00037119580274623954
-2.208405869186785,0.0003567593570219021,0.00011620754389856561,0.0003752085181357402
-2.205918925640404,0.0003580815590747484,0.00012496304072760438,0.00037926002227665846
-2.2034319820940222,0.00035922869205623747,0.00013383742556676752,0.0003833506354224226
-2.2009450385476406,0.0003601963725536923,0.0001428280450756864,0.00038748067985511307
-2.1984580950012593,0.0003609802334360648,0.0001519321212509455,0.0003916504798916604
-2.1959711514548776,0.0003615759268667095,0.00016114675059134416,0.0003958603618899838
-2.193484207908496,0.0003619791273642843,0.00017046890332554428,0.00040011065425507293
-2.1909972643621147,0.00036218553491075453,0.00017989542270380613,0.00040440168744500867
-2.188510320815733,0.0003621908781054145,0.00018942302435554255,0.0004087337939769254
-2.186023377269352,0.0003619909173637851,0.0001990482957144104,0.0004131073084329132
-2.18353643372297,0.00036158144816020814,0.00020876769551260893,0.00041752256746585407
-2.1810494901765884,0.00036095830431289447,0.00021857755334608794,0.00042197990980519684
-2.178562546630207,0.0003601173613101376,0.0002284740693123287,0.00042647967626266897
-2.1760756030838255,0.000359054539676349,0.00023845331372233906,0.00043102220973791956
-2.173588659537444,0.0003577658083765135,0.00024851122688851956,0.00043560785522409653
-2.1711017159910626,0.00035624718825763227,0.0002586436189899928,0.0004402369598133595
-2.168614772444681,0.00035449475552563924,0.00026884617001699744,0.00044490987270231596
-2.1661278288982997,0.0003525046452562434,0.00027911442979593995,0.00044962694519739665
-2.163640885351918,0.0003502730549380969,0.0002894438180966234,0.00045438853072015176
-2.1611539418055363,0.00034779624804663156,0.00029982962482319545,0.0004591949848124784
-2.158666998259155,0.00034507055764684596,0.00031026701029032553,0.00046404666514177447
-2.1561800547127734,0.0003420923900232991,0.00032075100558605834,0.00046894393150601765
-2.1536931111663917,0.00033885822833549243,0.00033127651302279854,0.0004738871458387673
-2.1512061676200105,0.0003353646362967656,0.0003418383066778485,0.00047887667221408966
-2.148719224073629,0.00033160826187481464,0.00035243103302485775,0.00048391287685140596
-2.1462322805272476,0.0003275858410118574,0.00036304921165753845,0.0004889961281202603
-2.143745336980866,0.0003232942013624204,0.0003736872361069693,0.0004941267965450074
-2.141258393434484,0.00031873026604670597,0.00038433937475373535,0.0004993052548094164
-2.138771449888103,0.0003138910574174084,0.00039499977183615916,0.0005045318777611941
-2.1362845063417213,0.00030877370083782504,0.0004056624485558114,0.0005098070424164254
-2.1337975627953396,0.00030337542846905265,0.00041632130428144427,0.0005151311279639236
-2.1313106192489584,0.00029769358306399603,0.000426970117852477,0.0005205045157694969
-2.1288236757025767,0.0002917256217659072,0.0004376025489830782,0.0005259275893801281
-2.1263367321561955,0.0002854691199090931,0.00044821213976787037,0.0005314007345280633
-2.1238497886098138,0.00027892177481937783,0.00045879231629023925,0.0005369243391348121
-2.121362845063432,0.00027208140961190865,0.0004693363903341456,0.0005424987933150531
-2.118875901517051,0.00026494597698379675,0.0004798375612003309,0.0005481244893804508
-2.116388957970669,0.0002575135629990702,0.0004902889176277247,0.0005538018218433756
-2.1139020144242875,0.0002497823908633736,0.0005006834398208148,0.0005595311874205286
-2.1114150708779063,0.0002417508246857924,0.0005110140015837011,0.0005653129850364731
-2.1089281273315246,0.00023341737322514733,0.0005212733725614722,0.0005711476158270635
-2.1064411837851433,0.00022478069361808362,0.0005314542205895014,0.0005770354831427797
-2.1039542402387617,0.0002158395950862154,0.0005415491141511952,0.000582976992551958
-2.10146729669238,0.0002065930426195386,0.0005515505249446714,0.0005889725518439218
-2.0989803531459987,0.00019704016063334815,0.0005614508305587649,0.0005950225710320093
-2.096493409599617,0.00018718023659579128,0.0005712423172587157,0.0006011274623564986
-2.0940064660532354,0.00017701272462319594,0.0005809171828818106,0.0006072876402874229
-2.091519522506854,0.00016653724904028432,0.0005904675398431948,0.0006135035215272856
-2.0890325789604725,0.00015575360790230484,0.000599885418251998,0.0006197755250136613
-2.086545635414091,0.00014466177647616036,0.0006091627691378421,0.0006261040719216914
-2.0840586918677095,0.00013326191067752622,0.0006182914677877371,0.0006324895856664672
-2.081571748321328,0.00012155435046092041,0.0006272633171933012,0.0006389324919053031
-2.0790848047749466,0.00010953962315972639,0.0006360700516081471,0.0006454332185398934
-2.076597861228565,9.721844677307444e-05,0.0006447033402152318,0.0006519921957183583
-2.0741109176821833,8.459173319650547e-05,0.0006531547909038642,0.0006586098558371711
-2.071623974135802,7.166059139332534e-05,0.0006614159541560037,0.00066528663354297
-2.0691370305894203,5.84263305034908e-05,0.000669478327041404,0.0006720229657342523
-2.066650087043039,4.489046288694715e-05,0.0006773333573210561,0.0006788192915629446
-2.0641631434966574,3.1054707098194976e-05,0.000684972447658345,0.0006856760524358561
-2.0616761999502757,1.69209907889938e-05,0.0006923869599372074,0.0006925936920160113
-2.0591892564038945,2.491453535954359e-06,0.0006995682196865231,0.0006995726562238502
-2.056702312857513,-1.223155041010269e-05,0.0007065075206098854,0.0007066133932383127
-2.054215369311131,-2.7245449456251335e-05,0.000713196129219806,0.0007137163534977935
-2.05172842576475,-4.254745208421143e-05,0.00071962528957532,0.0007208819897009645
-2.049241482218368,-5.813454435493192e-05,0.00072578622812189,0.0007281107568074762
-2.046754538671987,-7.400348750424258e-05,0.000731670158632395,0.0007354031120385232
-2.0442675951256053,-9.015081563272271e-05,0.0007372682872479221,0.0007427595148772781
-2.0417806515792236,-0.00010657283349300216,0.0007425718176169854,0.0007501804270691956
-2.0392937080328424,-0.00012326561437770489,0.0007475719561316966,0.0007576663126221757
-2.0368067644864607,-0.00014022499811116508,0.0007522599172593474,0.0007652176378066023
-2.034319820940079,-0.00015744658914811945,0.0007566269289677311,0.0007728348711552273
-2.031832877393698,-0.0001749257547825225,0.000760664238242503,0.0007805184834629367
-2.029345933847316,-0.00019265762346960482,0.0007643631166947124,0.0007882689477863571
-2.026858990300935,-0.0002106370832643415,0.0007677148662566157,0.0007960867394433363
-2.024372046754553,-0.00022885878037937798,0.0007707108249637416,0.0008039723360122708
-2.0218851032081715,-0.00024731711786552,0.0007733423728211165,0.0008119262173312932
-2.0193981596617903,-0.0002660062544178519,0.0007756009377514459,0.000819948865497317
-2.0169112161154086,-0.00028492010331049674,0.0007774780016229617,0.00082804076486493
-2.014424272569027,-0.0003040523314630011,0.0007789651063545622,0.0008362024020451393
-2.0119373290226457,-0.00032339635864133646,0.0007800538600957654,0.0008444342659039718
-2.009450385476264,-0.000342945356796432,0.0007807359434789077,0.000852736847560918
-2.0069634419298827,-0.0003626922495431182,0.0007810031159409367,0.0008611106403872268
-2.004476498383501,-0.0003826297117823742,0.0007808472221120297,0.0008695561400040462
-2.0019895548371194,-0.0004027501694696334,0.0007802601982682146,0.0008780738442804068
-1.999502611290738,-0.00042304579953193815,0.0007792340788450528,0.0008866642533310537
-1.9970156677443565,-0.00044350852993667935,0.0007777610030093352,0.0008953278695141136
-1.994528724197975,-0.0004641300399145373,0.00077583322128571,0.00090406519742861
-1.9920417806515935,-0.00048490176033927113,0.0007734431022350037,0.000912876743911811
-1.9895548371052119,-0.0005058148742669025,0.0007705831391809514,0.0009217630180364212
-1.9870678935588304,-0.0005268603176367743,0.0007672459569819525,0.000930724531107607
-1.984580950012449,-0.0005480287801369557,0.0007634243188443496,0.0009397617966598553
-1.9820940064660675,-0.0005693107062363217,0.0007591111331737041,0.0009488753304536715
-1.9796070629196858,-0.0005906962963856258,0.000754299460460397,0.0009580656504721069
-1.9771201193733043,-0.000612175508389833,0.0007489825201958015,0.0009673332769171153
-1.9746331758269229,-0.000633738058953804,0.0007431536978152503,0.000976678732205742
-1.9721462322805414,-0.0006553734254035049,0.0007368065516638409,0.0009861025409661427
-1.9696592887341597,-0.000677070847584674,0.0007299348199811313,0.0009956052300334282
-1.9671723451877783,-0.0006988193299409252,0.0007225324279006261,0.0010051873284453287
-1.9646854016413968,-0.0007206076437731061,0.0007145934944599353,0.0010148493674376948
-1.9621984580950154,-0.0007424243296817042,0.0007061123396173276,0.0010245918804398092
-1.9597115145486337,-0.0007642577001939384,0.0006970834912704267,0.0010344154030695284
-1.9572245710022522,-0.0007860958425771289,0.0006875016922726429,0.0010443204731282415
-1.9547376274558708,-0.0008079266218398637,0.00067736190744286,0.0010543076305956456
-1.9522506839094893,-0.0008297376839223072,0.0006666593305639016,0.0010643774176243425
-1.9497637403631076,-0.0008515164590769814,0.0006553893913651352,0.0010745303785342519
-1.9472767968167262,-0.0008732501654412,0.0006435477624845597,0.0010847670598068354
-1.9447898532703447,-0.000894925812802236,0.0006311303664056575,0.0010950880100791362
-1.9423029097239632,-0.0009165302065562423,0.0006181333823641671,0.0011054937801376332
-1.9398159661775816,-0.0009380499518617514,0.0006045532532199673,0.0011159849229119003
-1.9373290226312,-0.0009594714579885525,0.0005903866922891328,0.0011265619934680835
-1.9348420790848186,-0.0009807809428625997,0.0005756306901311367,0.0011372255490021753
-1.9323551355384372,-0.001001964437807464,0.0005602825212862382,0.0011479761488331069
-1.9298681919920555,-0.00102300779248277,0.0005443397509579037,0.0011588143543956393
-1.927381248445674,-0.0010438966800198877,0.0005278002416351614,0.0011697407292330546
-1.9248943048992926,-0.0010646166023551128,0.0005106621596496478,0.0011807558389896648
-1.9224073613529111,-0.0010851528957603023,0.0004929239816621895,0.0011918602514031065
-1.9199204178065294,-0.0011054907365709724,0.0004745845010735421,0.0012030545362964448
-1.917433474260148,-0.0011256151471115972,0.0004556428343540557,0.0012143392655700714
-1.9149465307137665,-0.0011455110018178,0.00043609842728687396,0.0012257150131934032
-1.912459587167385,-0.0011651630335549753,0.00041595106111923794,0.0012371823551963763
-1.9099726436210034,-0.0011845558401327204,0.0003952008586165488,0.0012487418696607367
-1.907485700074622,-0.0012036738910143475,0.0003738482900136735,0.001260394136711119
-1.9049987565282405,-0.0012225015342206113,0.00035189417885804264,0.0012721397385059255
-1.902511812981859,-0.0012410230034266138,0.0003293397077390579,0.0012839792592279913
-1.9000248694354773,-0.0012592224252507543,0.00030618642389822665,0.0012959132850750377
-1.8975379258890959,-0.0012770838267344067,0.00028243624471457744,0.001307942404249923
-1.8950509823427144,-0.0012945911430108786,0.0002580914630597529,0.0013200672069506678
-1.892564038796333,-0.0013117282251620813,0.0002331547525172339,0.0013322882853602806
-1.8900770952499513,-0.0013284788482611448,0.00020762917246014081,0.001344606233636354
-1.8875901517035698,-0.0013448267195991174,0.00018151817298206024,0.0013570216479004556
-1.8851032081571883,-0.0013607554870936952,0.00015482559967532942,0.0013695351262272995
-1.8826162646108069,-0.0013762487478778036,0.00012755569825121003,0.0013821472686336921
-1.8801293210644252,-0.0013912900570656828,9.971311899644587e-05,0.0013948586770672613
-1.8776423775180437,-0.0014058629366940126,7.13029210606156e-05,0.0014076699553949744
-1.8751554339716623,-0.001419950884835385,4.23305765688366e-05,0.0014205817093914178
-1.8726684904252808,-0.0014335373848813676,1.2801974554283639e-05,0.0014335945467268624
-1.8701815468788991,-0.0014466059149921798,-1.7276575294942095e-05,0.0014467090769551022
-1.8676946033325177,-0.00145913995770988,-4.789833908002298e-05,0.001459925911501065
-1.8652076597861362,-0.0014711230097317954,-7.905615533210786e-05,0.0014732456636482017
-1.8627207162397548,-0.0014825385918407691,-0.00011074243185484448,0.0014866689485256413
-1.860233772693373,-0.0014933702589886467,-0.00014294914277409717,0.0015001963830951156
-1.8577468291469916,-0.0015036016105292708,-0.0001756678258001194,0.0015138285861376636
-1.8552598856006102,-0.0015132163005970752,-0.0002088895797074001,0.001527566178240089
-1.8527729420542287,-0.0015221980486272498,-0.00024260506203736885,0.0015414097817811987
-1.850285998507847,-0.0015305306500132483,-0.00027680448702908857,0.0015553600209177983
-1.8477990549614656,-0.0015381979868972857,-0.00031147762378297883,0.0015694175215704561
-1.845312111415084,-0.001545184039089305,-0.0003466137946625459,0.0015835829114090327
-1.8428251678687027,-0.0015514728951097356,-0.0003822018739390457,0.0015978568198379676
-1.840338224322321,-0.0015570487633512153,-0.00041823028668393127,0.0016122398779813358
-1.8378512807759395,-0.001561895983354278,-0.00045468700791383653,0.001626732718667656
-1.835364337229558,-0.001565999037191894,-0.0004915595619927256,0.0016413359764144634
-1.8328773936831766,-0.0015693425609575474,-0.0005288350222959074,0.0016560502874126456
-1.830390450136795,-0.0015719113563514144,-0.0005665000111402586,0.001670876289510524
-1.8279035065904135,-0.0015736904023590601,-0.0006045406999851728,0.0016858146221977025
-1.825416563044032,-0.0015746648670168953,-0.0006429428099084726,0.001700865926588671
-1.8229296194976505,-0.0015748201192585071,-0.0006816916123614621,0.0017160308454061508
-1.8204426759512689,-0.001574141740835846,-0.000720771930207212,0.0017313100229642113
-1.8179557324048874,-0.0015726155383090593,-0.0007601681390460401,0.0017467041051511304
-1.815468788858506,-0.0015702275550986587,-0.0007998641688320126,0.0017622137394120037
-1.8129818453121245,-0.0015669640835935708,-0.0008398435057841734,0.0017778395747311086
-1.8104949017657428,-0.0015628116773084547,-0.0008800891945960912,0.0017935822616140197
-1.8080079582193613,-0.0015577571630835446,-0.0009205838409471876,0.0018094424520694683
-1.8055210146729799,-0.0015517876533201454,-0.0009613096143191502,0.001825420799590954
-1.8030340711265984,-0.0015448905582447863,-0.0010022482511205814,0.0018415179591380994
-1.8005471275802167,-0.0015370535981948884,-0.001043381058122934,0.0018577345871177578
-1.7980601840338353,-0.0015282648159186763,-0.0010846889162105969,0.0018740713413648545
-1.7955732404874538,-0.001518512588881959,-0.0011261522844478594,0.001890528881122984
-1.7930862969410724,-0.0015077856415742752,-0.001167751204465287,0.0019071078670247464
-1.7905993533946907,-0.001496073057806776,-0.0012094653051679296,0.001923808961071829
-1.7881124098483092,-0.0014833642929940887,-0.0012512738077675707,0.0019406328266148155
-1.7856254663019278,-0.0014696491864123402,-0.0012931555311411198,0.001957580128332765
-1.7831385227555463,-0.0014549179734253473,-0.001335088897516966,0.0019746515322125032
-1.7806515792091646,-0.0014391612976709484,-0.0013770519384910347,0.0019918477055276703
-1.7781646356627832,-0.001422370223199281,-0.001419022301374056,0.0020091693168174988
-1.7756776921164017,-0.0014045362465547548,-0.0014609772558713827,0.0020266170358653347
-1.7731907485700202,-0.0013856513087933575,-0.0015028937010965057,0.002044191533676895
-1.7707038050236386,-0.0013657078074268674,-0.0015447481729191812,0.0020618934824582595
-1.768216861477257,-0.00134469860828544,-0.001586516851648953,0.0020797235555936044
-1.7657299179308756,-0.0013226170572899314,-0.0016281755700546013,0.0020976824276226617
-1.7632429743844942,-0.0012994569921253019,-0.0016696998217198733,0.002115770774217924
-1.7607560308381125,-0.0012752127538063424,-0.001711064769735599,0.0021339892721615765
-1.758269087291731,-0.0012498791981268907,-0.0017522452557281413,0.0021523385993221645
-1.7557821437453496,-0.0012234517069836409,-0.001793215809223883,0.0021708194346309988
-1.7532952001989681,-0.0011959261995656064,-0.001833950657349231,0.0021894324580582773
-1.7508082566525864,-0.0011672991434002668,-0.001874423734865413,0.002208178350588965
-1.748321313106205,-0.0011375675652473213,-0.0019146086945370877,0.0022270577941983748
-1.7458343695598235,-0.0011067290618309682,-0.001954478917833632,0.0022460714718275064
-1.743347426013442,-0.0010747818104015832,-0.0019940075259616548,0.0022652200673580975
-1.7408604824670604,-0.0010417245791176969,-0.002033167391227077,0.0022845042655874077
-1.738373538920679,-0.0010075567372389656,-0.0020719311487249837,0.002303924752202741
-1.7358865953742975,-0.0009722782651210933,-0.0021102712083550163,0.0023234822137556863
-1.733399651827916,-0.0009358897640033583,-0.0021481597671600483,0.002343177337636094
-1.7309127082815343,-0.0008983924655795716,-0.0021855688219854985,0.0023630108120457727
-1.7284257647351529,-0.0008597882413432559,-0.002222470182456464,0.002382983325971921
-1.7259388211887714,-0.0008200796116977984,-0.0022588354842695735,0.00240309556916028
-1.72345187764239,-0.0007792697548223476,-0.002294636202796265,0.0024233482320880225
-1.7209649340960083,-0.0007373625152842705,-0.0023298436669938805,0.0024437420059363548
-1.7184779905496268,-0.0006943624123890026,-0.0023644290736207674,0.0024642775825628564
-1.7159910470032453,-0.0006502746482581278,-0.0023983635017513077,0.0024849556544735414
-1.7135041034568639,-0.0006051051156265515,-0.0024316179275865584,0.0025057769147946453
-1.7110171599104822,-0.0005588604053497044,-0.002464163239555912,0.0025267420572441346
-1.7085302163641007,-0.0005115478136117677,-0.0024959702537049534,0.0025478517761029482
-1.7060432728177193,-0.00046317534882592346,-0.0025270097293644254,0.0025691067661859604
-1.7035563292713378,-0.00041375173821769657,-0.002557252385094963,0.002590507722812662
-1.7010693857249561,-0.00036328643408255873,-0.0025866689149020134,0.0026120553417775783
-1.6985824421785747,-0.00031178961970902946,-0.002615230004715085,0.002633750319320411
-1.6960954986321932,-0.000259272214958588,-0.0026429063491252005,0.002655593352095879
-1.6936085550858118,-0.00020574588149370324,-0.002669668668374267,0.0026775851371433276
-1.69112161153943,-0.0001512230276455968,-0.0026954877255896716,0.0026997263718560225
-1.6886346679930486,-9.571681291321846e-05,-0.0027203343442572954,0.0027220177539501894
-1.6861477244466672,-3.924115208520049e-05,-0.0027441794259258005,0.002744459981433767
-1.6836607809002857,1.8189281023423073e-05,-0.002766993968134856,0.002767053752574898
-1.681173837353904,7.655905022782117e-05,-0.0027887490825596346,0.002789799765870122
-1.6786868938075226,0.00013585195403121192,-0.0028094160133637796,0.0028126987200123178
-1.676199950261141,0.00019605102309173272,-0.0028289661557526708,0.0028357513138583504
-1.6737130067147596,0.000257138518106011,-0.0028473710747186614,0.002858958246396449
-1.671226063168378,0.0003190959281169649,-0.00286460252396968,0.0028823202167133142
-1.6687391196219965,0.000381903969253165,-0.0028806324650323496,0.0029058379239609478
-1.666252176075615,0.0004455425839069223,-0.002895433086520528,0.0029295120673231995
-1.6637652325292336,0.0005099909403581375,-0.002908976823559968,0.0029533433459820444
-1.661278288982852,0.0005752274328507707,-0.0029212363773595353,0.002977332459083592
-1.6587913454364704,0.0006412296821285578,-0.0029321847349191776,0.0030014801057038076
-1.656304401890089,0.0007079745364364173,-0.0029417951888646566,0.0030257869848139677
-1.6538174583437075,0.0007754380729938237,-0.0029500413573987907,0.0030502537952458437
-1.6513305147973258,0.0008435955999462313,-0.002956897204358726,0.0030748812356566056
-1.6488435712509444,0.0009124216588003053,-0.0029623370593685823,0.003099670004493446
-1.646356627704563,0.0009818900273487145,-0.0029663356380765526,0.0031246207999579543
-1.6438696841581815,0.0010519737230897156,-0.0029688680624653696,0.0031497343199701966
-1.6413827406117998,0.0011226450071467973,-0.002969909881224809,0.0031750112621325285
-1.6388957970654183,0.0011938753886932872,-0.002969437090174713,0.003200452323693139
-1.6364088535190369,0.001265635629886592,-0.0029674261527268316,0.0032260582015093274
-1.6339219099726554,0.0013378957513164487,-0.0029638540203735676,0.0032518295920104983
-1.6314349664262737,0.001410625037971385,-0.002958698153191534,0.0032777671911608922
-1.6289480228798923,0.0014837920457272964,-0.0029519365403476473,0.003303871694422051
-1.6264610793335108,0.0015573646083617354,-0.002943547720595293,0.0033301437967150076
-1.6239741357871293,0.0016313098450972422,-0.002933510802747952,0.0033565841923822084
-1.6214871922407477,0.001705594168676791,-0.0029218054861175026,0.0033831935751491684
-1.6190002486943662,0.0017801832939741396,-0.002908412080904225,0.0034099726380858635
-1.6165133051479847,0.0018550422471415313,-0.0028933115285254014,0.003436922073567845
-1.6140263616016033,0.0019301353752969046,-0.002876485421869306,0.003464042573237107
-1.6115394180552216,0.002005426356752474,-0.002857916025461138,0.0034913348279626646
-1.6090524745088401,0.0020808782117862725,-0.0028375862955274025,0.0035187995278008893
-1.6065655309624587,0.002156453313957841,-0.0028154798999450534,0.003546437361955567
-1.6040785874160772,0.0022321134019689767,-0.0027915812380616793,0.0035742490187377117
-1.6015916438696955,0.0023078195920700683,-0.0027658754603727925,0.003602235185525074
-1.599104700323314,0.0023835323910124215,-0.002738348488042247,0.003630396548721455
-1.5966177567769326,0.0024592117095462583,-0.0027089870322517026,0.0036587337937157055
-1.5941308132305512,0.002534816876464119,-0.0026777786133649283,0.0036872476048404874
-1.5916438696841695,0.0026103066531887775,-0.0026447115798927242,0.003715938665330776
-1.589156926137788,0.0026856392489045806,-0.0026097751272440906,0.0037448076572821026
-1.5866699825914066,0.0027607723362306977,-0.0025729593162492448,0.003773855261608543
-1.584183039045025,0.0028356630674344495,-0.0025342550914400196,0.003803082158000457
-1.5816960954986434,0.0029102680911824237,-0.002493654299073161,0.0038324890248819556
-1.579209151952262,0.002984543569826866,-0.0024511497048819585,0.0038620765393681425
-1.5767222084058805,0.003058445197224346,-0.0024067350115416063,0.0038918453772220766
-1.574235264859499,0.003131928217083396,-0.0023604048758336963,0.003921796212811505
-1.5717483213131174,0.003204947441837357,-0.0023121549254952628,0.003951929719065336
-1.569261377766736,0.0032774572720383932,-0.002261981775737731,0.003982246567429868
-1.5667744342203545,0.0033494117162681876,-0.0022098830454211197,0.004012747427824773
-1.564287490673973,0.003420764411560465,-0.002155857372868928,0.004043432968598828
-1.5618005471275913,0.0034914686443300764,-0.002099904431309147,0.004074303856485411
-1.5593136035812099,0.003561477371803043,-0.002042024943926828,0.004105360756557757
-1.5568266600348284,0.003630743243941527,-0.001982220698513672,0.004136604332183956
-1.554339716488447,0.0036992186258572885,-0.0019204945617002829,0.004168035244981723
-1.5518527729420653,0.0037668556207069194,-0.001856850492756565,0.004199654154772939
-1.5493658293956838,0.0038336060930615084,-0.0017912935569461197,0.004231461719537943
-1.5468788858493023,0.0038994216927432483,-0.0017238299384203016,0.004263458595369581
-1.5443919423029209,0.00396425387912099,-0.0016544669526378224,0.004295645436427045
-1.5419049987565392,0.004028053945856329,-0.0015832130582958777,0.0043280228948894585
-1.5394180552101577,0.004090773046091457,-0.0015100778687589236,0.004360591620909239
-1.5369311116637763,0.004152362218069615,-0.001435072162971292,0.00439335226256524
-1.5344441681173948,0.004212772411178595,-0.0013582078958399647,0.004426305465815654
-1.5319572245710131,0.004271954512407309,-0.001279498208074023,0.004459451874450694
-1.5294702810246317,0.004329859373205097,-0.0011989574354674662,0.004492792130045053
-1.5269833374782502,0.004386437836733019,-0.0011166011176121946,0.004526326871910142
-1.5244963939318688,0.004441640765496034,-0.001032446006028116,0.004560056737046108
-1.522009450385487,0.0044954190693445315,-0.0009465100716976085,0.004593982360093633
-1.5195225068391056,0.0045477237338333275,-0.0008588125119917511,0.004628104373285516
-1.5170355632927242,0.0045985058489258265,-0.000769373756975901,0.004662423406398034
-1.5145486197463427,0.004647716638030772,-0.0006782154750824074,0.0046969400867021205
-1.512061676199961,0.004695307487358446,-0.0005853605781385248,0.004731655038914285
-1.5095747326535796,0.004741229975582985,-0.0004908332257379726,0.004766568885147362
-1.507087789107198,0.004785435903797074,-0.0003946588289443642,0.00480168224486105
-1.5046008455608166,0.004827877325744789,-0.00029686405331572747,0.0048369957348122295
-1.502113902014435,0.004868506578318175,-0.00019747682123888246,0.004872509969005088
-1.4996269584680535,0.004907276312302697,-9.652631356319393e-05,0.004908225558641051
-1.497140014921672,0.004944139523356336,5.957029476612342e-06,0.004944143112068501
-1.4946530713752906,0.004979049583206842,0.00010994150805862175,0.004980263234732321
-1.492166127828909,0.00501196027105121,0.00021539416330263107,0.005016586529123221
-1.4896791842825274,0.005042825805141195,0.0003222807785391185,0.005053113594726891
-1.487192240736146,0.005071600874538335,0.00043056588132728735,0.0050898450279729685
-1.4847052971897645,0.005098240671021573,0.0005402127462309058,0.005126781422183789
-1.4822183536433828,0.00512270092113037,0.0006511833983603184,0.0051639233675229955
-1.4797314100970014,0.005144937918325769,0.0007634386176885565,0.005201271450943943
-1.47724446655062,0.005164908555251633,0.0008769379441490957,0.00523882625613791
-1.4747575230042385,0.005182570356078036,0.0009916396835225093,0.00527658836348217
-1.4722705794578568,0.005197881508908368,0.0011075009141188466,0.005314558349987853
-1.4697836359114753,0.005210800898231571,0.001224477494262108,0.0053527367892476614
-1.4672966923650939,0.00522128813740059,0.001342524070582761,0.005391124251383401
-1.4648097488187124,0.005229303601117869,0.0014615940871239008,0.005429721302993355
-1.4623228052723307,0.005234808457908463,0.00158163979526617,0.005468528507099473
-1.4598358617259493,0.005237764702561174,0.0017026122644761858,0.0055075464230944495
-1.4573489181795678,0.0052381351885177115,0.001824461393882587,0.005546775606688581
-1.4548619746331863,0.005235883660189892,0.0019471359246835465,0.005586216609856508
-1.4523750310868047,0.005230974785184474,0.0020705834533890316,0.0056258699807837905
-1.4498880875404232,0.005223374186415155,0.002194750445900707,0.0056657362638133394
-1.4474011439940417,0.005213048474080956,0.0023195822524317736,0.005705815999391696
-1.4449142004476603,0.005199965277490183,0.002445023123268576,0.0057461097240151604
-1.4424272569012786,0.00518409327670886,0.002571016225375389,0.005786617970175802
-1.4399403133548971,0.005165402234012398,0.0026975036598432447,0.0058273412663073015
-1.4374533698085157,0.005143863025119165,0.002824426480183138,0.0058682801367306745
-1.4349664262621342,0.005119447670184448,0.002951724711463389,0.005909435101599864
-1.4324794827157525,0.00509212936453323,0.0030793373702905,0.005950806676847198
-1.429992539169371,0.005061882509109941,0.0032072024856323084,0.005992395374128714
-1.4275055956229896,0.005028682740623472,0.003335257120481672,0.00603420170076938
-1.4250186520766082,0.0049925069613654905,0.0034634373943582333,0.006076226159708164
-1.4225317085302265,0.004953333368680086,0.0035916785066456482,0.006118469249443028
-1.420044764983845,0.004911141484062656,0.0037199147607607118,0.0061609314639757655
-1.4175578214374636,0.004865912181866063,0.003848079589150393,0.0062036132927567635
-1.415070877891082,0.0048176277175917765,0.003976105579112437,0.006246515220629627
-1.4125839343447004,0.004766271755744061,0.0041039244994341886,0.006289637727775721
-1.410096990798319,0.004711829397224866,0.0042314673278442795,0.006332981289658611
-1.4076100472519375,0.004654287206247485,0.00435866427927062,0.006376546376968389
-1.405123103705556,0.00459363323674672,0.004485444834898186,0.006420333455565915
-1.4026361601591744,0.004529857058263557,0.004611737772019077,0.006464342986426977
-1.400149216612793,0.004462949781282391,0.004737471194666834,0.00650857542558635
-1.3976622730664114,0.004392904081998745,0.004862572565026616,0.00655303122408178
-1.39517532952003,0.0043197142264956735,0.004986968735612035,0.006597710827897887
-1.3926883859736483,0.004243376094307121,0.005110585982198896,0.006642614677909974
-1.3902014424272668,0.004163887201346575,0.0052333500375056075,0.006687743209827793
-1.3877144988808854,0.004081246722179408,0.005355186125609394,0.006733096854139224
-1.385227555334504,0.003995455511617621,0.0054760189970868,0.00677867603605388
-1.3827406117881222,0.003906516125615738,0.005595772964866448,0.006824481175446675
-1.3802536682417408,0.0038144328414468753,0.00571437194078134,0.006870512686801297
-1.3777667246953593,0.0037192116771378758,0.005831739472807725,0.006916770979153672
-1.3752797811489779,0.0036208604101432558,0.005947798782976354,0.006963256456035336
-1.3727928376025962,0.003519388595237124,0.006062472805942094,0.007009969515416777
-1.3703058940562147,0.0034148075816032336,0.006175684228196664,0.007056910549650743
-1.3678189505098333,0.003307130529102883,0.006287355527909182,0.007104079945415484
-1.3653320069634518,0.003196372423701341,0.006397409015378186,0.007151478083657984
-1.3628450634170701,0.0030825500920330364,0.0065057668740786815,0.007199105339537154
-1.3603581198706887,0.0029656822150867746,0.0066123512022867375,0.007246962082366988
-1.3578711763243072,0.0028457893409918993,0.006717084055264014,0.007295048675559688
-1.3553842327779257,0.0027228938968871528,0.006819887487983761,0.007343365476568816
-1.352897289231544,0.002597020199853979,0.006920683598379386,0.007391912836832362
-1.3504103456851626,0.0024681944668966697,0.007019394571096153,0.007440691101715854
-1.3479234021387811,0.0023364448239519093,0.007115942721725967,0.00748970061045543
-1.3454364585923997,0.0022018013139106984,0.007210250541504795,0.007538941696100924
-1.342949515046018,0.002064295903636134,0.00730224074245158,0.007588414685458928
-1.3404625714996365,0.0019239624899609533,0.007391836302927134,0.007638119899035903
-1.337975627953255,0.0017808369046490818,0.007478960513590844,0.0076880576509812375
-1.3354886844068736,0.0016349569183058636,0.007563537023732721,0.007738228249030384
-1.333001740860492,0.0014863622432223123,0.0076454898879575635,0.007788631994447948
-1.3305147973141105,0.0013350945351389399,0.0077247436131977956,0.007839269181970854
-1.328027853767729,0.0011811973939155767,0.007801223206030821,0.00789014009975151
-1.3255409102213476,0.0010247163630935307,0.00787485422027647,0.007941245029300993
-1.3230539666749659,0.0008656989283377405,0.007945562804849477,0.007992584245432298
-1.3205670231285844,0.0007041945147462535,0.00801327575184168,0.008044158016203593
-1.318080079582203,0.0005402544830157864,0.008077920544807979,0.008095966602861543
-1.3155931360358213,0.00037393212445181414,0.008139425407229874,0.00814801025978467
-1.3131061924894398,0.00020528265481309477,0.008197719351129824,0.008200289234426766
-1.3106192489430584,3.436320698033846e-05,0.008252732225809366,0.008252803767260336
-1.308132305396677,-0.00013876717756016713,0.008304394766683595,0.008305554091720185
-1.3056453618502952,-0.0003140475584265514,0.008352638644184,0.008358540434146959
-1.3031584183039138,-0.0004914151072533133,0.008397396512701612,0.00841176301373083
-1.3006714747575323,-0.000670805119812519,0.008438602059541823,0.008465222042455247
-1.2981845312111508,-0.0008521510293509742,0.008476190053862003,0.008518917725040728
-1.2956975876647692,-0.0010353844211495385,0.008510096395562761,0.008572850258888782
-1.2932106441183877,-0.001220435048310061,0.008540258164103262,0.008627019834025886
-1.2907237005720062,-0.0014072308487746473,0.008566613667210914,0.008681426633047579
-1.2882367570256248,-0.0015956979635811152,0.008589102489455248,0.008736070831062627
-1.285749813479243,-0.0017857607563582633,0.008607665540655797,0.008790952595637317
-1.2832628699328616,-0.001977341834063395,0.008622245104093281,0.008846072086739841
-1.2807759263864802,-0.0021703620689638293,0.008632784884493457,0.00890142945668479
-1.2782889828400987,-0.0023647406218639047,0.008639230055752511,0.008957024850077776
-1.275802039293717,-0.002560394966577382,0.008641527308372964,0.00901285840376018
-1.2733150957473356,-0.0027572409156453623,0.008639624896578574,0.00906893024675398
-1.2708281522009541,-0.002955192647298081,0.00863347268507694,0.009125240500206789
-1.2683412086545727,-0.0031541627336591563,0.008623022195437953,0.00918178927733695
-1.265854265108191,-0.003354062170189112,0.008608226652056575,0.009238576683378824
-1.2633673215618095,-0.0035548004063650886,0.008589041027667874,0.00929560281552818
-1.260880378015428,-0.003756285377592213,0.008565422088382603,0.00935286776288779
-1.2583934344690466,-0.003958423538341694,0.008537328438211159,0.009410371606413136
-1.255906490922665,-0.0041611198965096205,0.008504720563044027,0.009468114418858285
-1.2534195473762835,-0.004364278048989825,0.008467560874056613,0.009526096264721914
-1.250932603829902,-0.0045678002184534,0.00842581375050644,0.009584317200193572
-1.2484456602835206,-0.0047715872913263995,0.008379445581890632,0.009642777273100008
-1.2459587167371389,-0.004975538856956615,0.008328424809431818,0.009701476522851794
-1.2434717731907574,-0.005179553247959396,0.008272721966860455,0.009760414980390037
-1.240984829644376,-0.005383527581731857,0.008212309720461726,0.009819592668133328
-1.2384978860979945,-0.0055873578031236685,0.00814716290835535,0.00987900959992489
-1.2360109425516128,-0.005790938728252095,0.008077258578976596,0.00993866578097991
-1.2335239990052314,-0.005994164089447745,0.008002576028727216,0.009998561207833073
-1.23103705545885,-0.006196926581317279,0.007923096838764711,0.010058695868286309
-1.2285501119124684,-0.006399117907907652,0.00783880491089922,0.010119069741356769
-1.2260631683660868,-0.006600628830956518,0.007749686502566674,0.010179682797224995
-1.2235762248197053,-0.006801349219211761,0.0076557302608480475,0.010240534997183347
-1.2210892812733238,-0.007001168098803089,0.007556927255503803,0.010301626293584634
-1.2186023377269424,-0.007199973704646898,0.007453271010993887,0.01036295662979097
-1.2161153941805607,-0.007397653532865938,0.007344757537452945,0.010424525940122924
-1.2136284506341792,-0.007594094394203177,0.007231385360591652,0.010486334149808854
-1.2111415070877978,-0.007789182468409494,0.007113155550494819,0.010548381174934526
-1.2086545635414163,-0.00798280335958359,0.006990071749287387,0.01061066692239299
-1.2061676199950346,-0.008174842152441648,0.006862140197639958,0.010673191289834684
-1.2036806764486532,-0.00836518346949358,0.006729369760085912,0.010735954165617855
-1.2011937329022717,-0.00855371152910188,0.00659177194912245,0.01079895542875921
-1.1987067893558903,-0.008740310204398376,0.006449360948068354,0.010862194948884848
-1.1962198458095086,-0.008924863083033311,0.0063021536326518844,0.010925672586181512
-1.1937329022631271,-0.009107253527730279,0.006150169591302718,0.010989388191348063
-1.1912459587167457,-0.009287364737620176,0.00599343114412208,0.01105334160554731
-1.1887590151703642,-0.009465079810326191,0.00583196336050602,0.011117532660358104
-1.1862720716239825,-0.009640281804771115,0.00566579407539747,0.011181961177727729
-1.183785128077601,-0.009812853804677968,0.005494953904142679,0.011246626969924615
-1.1812981845312196,-0.009982678982733525,0.005319476255929171,0.011311529839491378
-1.1788112409848381,-0.010149640665384275,0.0051393973457819035,0.011376669579198133
-1.1763242974384565,-0.010313622398233127,0.004954756205096085,0.011442045971996186
-1.173837353892075,-0.010474508012004858,0.004765594690684622,0.011507658790972012
-1.1713504103456935,-0.010632181689047341,0.004571957492319958,0.011573507799301564
-1.168863466799312,-0.010786528030335203,0.004373892138749826,0.011639592750204989
-1.1663765232529304,-0.01093743212294162,0.004171449002167792,0.011705913386901592
-1.163889579706549,-0.011084779607943612,0.003964681301119846,0.011772469442565221
-1.1614026361601675,-0.01122845674872531,0.0037536451018293573,0.01183926064027997
-1.158915692613786,-0.01136835049964331,0.0035383993179232435,0.011906286692996267
-1.1564287490674043,-0.011504348575017491,0.0033190057085429885,0.011973547303487299
-1.1539418055210229,-0.011636339518410184,0.003095528874825172,0.012041042164305835
-1.1514548619746414,-0.01176421277215593,0.0028680362547369156,0.012108770957741422
-1.14896791842826,-0.011887858747103616,0.0026365981162525687,0.012176733355777918
-1.1464809748818783,-0.012007168892532411,0.0024012875488582048,0.012244929020051504
-1.1439940313354968,-0.012122035766201942,0.002162180453372824,0.012313357601808964
-1.1415070877891154,-0.012232353104497384,0.0019193555300742275,0.012382018741866504
-1.139020144242734,-0.012338015892628942,0.0016728942651201412,0.012450912070568814
-1.1365332006963522,-0.012438920434845457,0.001422880915254652,0.0125200372077487
-1.1340462571499708,-0.012534964424620858,0.0011694024907923238,0.012589393762686979
-1.1315593136035893,-0.012626047014772298,0.0009125487368719484,0.012658981334072937
-1.1290723700572078,-0.012712068887467972,0.000652412112974266,0.01272879950996506
-1.1265854265108262,-0.012792932324082773,0.0003890877706975424,0.012798847867752325
-1.1240984829644447,-0.012868541274859095,0.00012267352978747171,0.012869125974115828
-1.1216115394180632,-0.012938801428330293,-0.00014673014758299094,0.012939633384990925
-1.1191245958716818,-0.013003620280463576,-0.0004190201842851924,0.013010369645529754
-1.1166376523253,-0.013062907203479284,-0.0006940909174596182,0.013081334290064256
-1.1141507087789186,-0.013116573514302874,-0.0009718341294941881,0.013152526842069601
-1.1116637652325372,-0.013164532542606106,-0.001252139080755132,0.01322394681412813
-1.1091768216861557,-0.01320669969839345,-0.0015348925440684682,0.013295593707893702
-1.106689878139774,-0.013242992539089777,-0.0018199788409492194,0.013367467014056566
-1.1042029345933926,-0.013273330836085173,-0.0021072798795744355,0.013439566212308669
-1.1017159910470111,-0.013297636640692632,-0.002396675194494647,0.013511890771309439
-1.0992290475006297,-0.013315834349474387,-0.002688041988077769,0.013584440148652099
-1.096742103954248,-0.013327850768892514,-0.002981255173677702,0.01365721379083043
-1.0942551604078665,-0.013333615179239375,-0.003276187420519772,0.013730211133206025
-1.091768216861485,-0.013333059397803725,-0.0035727092002926955,0.013803431599976084
-1.0892812733151036,-0.013326117841227962,-0.003870688835437124,0.013876874604141661
-1.086794329768722,-0.013312727587012513,-0.004169992549118158,0.013950539547476468
-1.0843073862223405,-0.013292828434122972,-0.004470484516869638,0.014024425820496157
-1.081820442675959,-0.013266362962656222,-0.004772026919895361,0.01409853280242816
-1.0793334991295775,-0.013233276592521447,-0.005074480000012578,0.014172859861181995
-1.0768465555831959,-0.013193517641092471,-0.00537770211622118,0.01424740635332017
-1.0743596120368144,-0.013147037379788019,-0.005681549802880832,0.014322171624029599
-1.071872668490433,-0.013093790089536471,-0.005985877829477824,0.014397155007093506
-1.0693857249440515,-0.013033733115082291,-0.006290539261961653,0.01447235582486396
-1.0668987813976698,-0.01296682691809145,-0.006595385525630327,0.014547773388234883
-1.0644118378512883,-0.012893035129013514,-0.0069002664695424305,0.014623406996615669
-1.0619248943049069,-0.012812324597658312,-0.007205030432432908,0.01469925593790531
-1.0594379507585254,-0.012724665442445719,-0.007509524310108142,0.01477531948846716
-1.0569510072121437,-0.012630031098287284,-0.007813593624294842,0.014851596913104158
-1.0544640636657623,-0.012528398363059202,-0.008117082592916177,0.014928087465034738
-1.0519771201193808,-0.012419747442625806,-0.008419834201768102,0.015004790385869243
-1.0494901765729994,-0.012304061994374657,-0.008721690277566084,0.015081704905586954
-1.0470032330266177,-0.012181329169223197,-0.00902249156233353,0.01515883024251369
-1.0445162894802362,-0.012051539652058978,-0.009322077789100039,0.015236165603300001
-1.0420293459338548,-0.011914687700574848,-0.009620287758878378,0.015313710182899988
-1.0395424023874733,-0.011770771182462187,-0.00991695941888632,0.015391463164550676
-1.0370554588410916,-0.011619791610924853,-0.010211929941979976,0.01546942371975203
-1.0345685152947102,-0.011461754178478296,-0.010505035807262891,0.015547591008247555
-1.0320815717483287,-0.011296667788997947,-0.010796112881835214,0.01562596417800553
-1.0295946282019472,-0.011124545087982544,-0.01108499650364547,0.015704542365200868
-1.0271076846555656,-0.010945402490998284,-0.011371521565406948,0.015783324694197565
-1.024620741109184,-0.010759260210270882,-0.011655522599539395,0.015862310277531825
-1.0221337975628026,-0.010566142279393145,-0.01193683386409598,0.01594149821589577
-1.0196468540164212,-0.01036607657611657,-0.012215289429634492,0.016020887598121796
-1.0171599104700395,-0.010159094843196463,-0.01249072326699076,0.016100477501167637
-1.014672966923658,-0.00994523270726096,-0.012762969335911215,0.016180266990101957
-1.0121860233772766,-0.009724529695675214,-0.01303186167450092,0.016260255118090705
-1.0096990798308951,-0.00949702925137277,-0.013297234489442387,0.01634044092638403
-1.0072121362845134,-0.009262778745627613,-0.013558922246939518,0.016420823444303945
-1.004725192738132,-0.009021829488740758,-0.013816759764340372,0.016501401689232566
-1.0022382491917505,-0.008774236738617113,-0.01407058230239135,0.01658217466660109
-0.999751305645369,-0.00852005970720818,-0.014320225658075138,0.016663141369879387
-0.9972643620989875,-0.00825936156479876,-0.014565526257983208,0.016744300780566303
-0.9947774185526059,-0.007992209442115325,-0.014806321252173798,0.016825651868180646
-0.9922904750062245,-0.00771867443023643,-0.015042448608464641,0.016907193590252802
-0.9898035314598429,-0.007438831578285075,-0.015273747207110003,0.016988924892317108
-0.9873165879134614,-0.007152759888885749,-0.015500056935809971,0.01707084470790487
-0.9848296443670799,-0.006860542311368536,-0.015721218784999998,0.01715295195853806
-0.9823427008206984,-0.0065622657327049,-0.015937074943367838,0.017235245553723796
-0.9798557572743168,-0.006258020966160847,-0.01614746889354415,0.01731772439094943
-0.9773688137279354,-0.005947902737653833,-0.01635224550791302,0.01740038735567836
-0.9748818701815538,-0.0056320096698016225,-0.016551251144487713,0.01748323332134662
-0.9723949266351724,-0.0053104442636526285,-0.01674433374279658,0.01756626114936008
-0.9699079830887908,-0.004983312878088164,-0.016931342919723577,0.017649469689092447
-0.9674210395424093,-0.004650725706888466,-0.017112130065247456,0.017732857777883946
-0.9649340959960278,-0.004312796753455869,-0.01728654843802326,0.017816424241040733
-0.9624471524496463,-0.003969643803190039,-0.017454453260749122,0.017900167891835003
-0.9599602089032647,-0.003621388393510778,-0.01761570181526164,0.017984087531505925
-0.9574732653568833,-0.0032681557815259824,-0.017770153537301995,0.0180681819492612
-0.9549863218105017,-0.00291007490934388,-0.017917670110895224,0.018152449922279386
-0.9524993782641202,-0.0025472783670289546,-0.018058115562284902,0.01823689021571304
-0.9500124347177387,-0.0021799023532040854,-0.018191356353364586,0.018321501582692475
-0.9475254911713572,-0.0018080866333009414,-0.01831726147454811,0.01840628276433039
-0.9450385476249756,-0.0014319744954640902,-0.01843570253701988,0.01849123248972715
-0.9425516040785942,-0.001051712704113707,-0.01854655386430677,0.018576349475976882
-0.9400646605322126,-0.0006674514511752276,-0.01864969258311276,0.018661632428174306
-0.9375777169858311,-0.0002793443049839453,-0.01874499871335765,0.018747080039422322
-0.9350907734394496,0.00011245184312473447,-0.018832355257361127,0.018832690990840353
-0.9326038298930681,0.0005077768345276545,-0.018911648288113397,0.018918463951573483
-0.9301168863466865,0.0009064673013157813,-0.018982767036573808,0.01900439757880233
-0.9276299428003051,0.001308356726570801,-0.019045603977938873,0.019090490517753703
-0.9251429992539235,0.0017132755069002564,-0.019100054916821374,0.019176741401712043
-0.922656055707542,0.0021210510172135436,-0.019146019071282258,0.019263148852031606
-0.9201691121611605,0.002531507677719599,-0.019183399155657373,0.01934971147814947
-0.917682168614779,0.0029444670231256473,-0.01921210146212134,0.019436427877599305
-0.9151952250683975,0.0033597477740147782,-0.01923203594093101,0.01952329663602588
-0.912708281522016,0.003777165910378872,-0.019243116279291574,0.01961031632720045
-0.9102213379756344,0.004196534747281816,-0.019245259978788374,0.019697485513036867
-0.907734394429253,0.004617665012625956,-0.019238388431328326,0.019784802743608478
-0.9052474508828714,0.0050403649269946255,-0.019222426993534773,0.019872266557165837
-0.9027605073364899,0.005464440285540159,-0.019197305059540735,0.019959875480155244
-0.9002735637901084,0.005889694541887556,-0.01916295613212529,0.020047628027237994
-0.8977866202437269,0.006315928894020205,-0.019119317892139148,0.020135522701310523
-0.8952996766973453,0.006742942372115016,-0.019066332266165324,0.0202235579935253
-0.8928127331509639,0.007170531928290384,-0.019003945492362215,0.020311732383312506
-0.8903257896045823,0.0075984925282315905,-0.018932108184436316,0.0204000443384026
-0.8878388460582008,0.008026617244654392,-0.018850775393693155,0.020488492314849584
-0.8853519025118193,0.00845469735256796,-0.01875990666911536,0.020577074757055207
-0.8828649589654378,0.008882522426295999,-0.018659466115417717,0.020665790097793825
-0.8803780154190562,0.009309880438213854,-0.01854942244902994,0.020754636758238215
-0.8778910718726748,0.009736557859157953,-0.01842974905195861,0.02084361314798612
-0.8754041283262932,0.010162339760462642,-0.018300424023480776,0.02093271766508764
-0.8729171847799118,0.010587009917578159,-0.018161430229622508,0.021021948696073458
-0.8704302412335302,0.011010350915222133,-0.018012755350376764,0.02111130461598382
-0.8679432976871487,0.011432144254015742,-0.017854391924615954,0.021200783788398403
-0.8654563541407672,0.011852170458554544,-0.01768633739265546,0.021290384565467006
-0.8629694105943857,0.012270209186862585,-0.017508594136425568,0.021380105287941
-0.8604824670480041,0.012686039341176923,-0.01732116951721063,0.021469944285205662
-0.8579955235016227,0.013099439180009526,-0.0171240759109146,0.021559899875313298
-0.8555085799552411,0.01351018643143071,-0.016917330740814578,0.02164997036501723
-0.8530216364088596,0.013918058407519026,-0.016700956507763594,0.021740154049806597
-0.8505346928624781,0.014322832119919452,-0.016474980817806784,0.021830449213941932
-0.8480477493160966,0.014724284396452651,-0.016239436407174793,0.021920854130491656
-0.845560805769715,0.015122191998714861,-0.015994361164621107,0.02201136706136935
-0.8430738622233336,0.01551633174060926,-0.015739798151069666,0.022101986257371857
-0.840586918676952,0.015906480607746444,-0.015475795616542155,0.02219270995821824
-0.8380999751305706,0.016292415877652264,-0.015202407014334516,0.022283536392589547
-0.835613031584189,0.01667391524071966,-0.014919691012414204,0.022374463778169446
-0.8331260880378075,0.01705075692184019,-0.014627711502011125,0.02246549032168561
-0.830639144491426,0.017422719802650467,-0.014326537603376524,0.02255661421895206
-0.8281522009450445,0.017789583544327366,-0.01401624366868573,0.022647833654912245
-0.8256652573986629,0.018151128710865553,-0.013696909282062084,0.022739146803682986
-0.8231783138522815,0.018507136892769623,-0.013368619256701195,0.02283055182859925
-0.8206913703058999,0.018857390831093186,-0.013031463629075483,0.022922046882259763
-0.8182044267595184,0.019201674541755226,-0.012685537650202102,0.023013630106573493
-0.8157174832131369,0.0195397734400651,-0.012330941773956789,0.023105299632806886
-0.8132305396667554,0.019871474465385185,-0.01196778164242025,0.023197053581632012
-0.8107435961203738,0.020196566205861237,-0.011596168068242959,0.023288890063175482
-0.8082566525739924,0.02051483902314846,-0.011216217014018285,0.02338080717706829
-0.8057697090276108,0.02082608517706215,-0.01082804956865323,0.02347280301249638
-0.8032827654812293,0.02113009895008009,-0.010431791920730111,0.023564875648252118
-0.8007958219348478,0.021426676771624704,-0.010027575328851924,0.023657023152786602
-0.7983088783884663,0.021715617342051127,-0.009615536088968289,0.023749243584262704
-0.7958219348420847,0.021996721756268805,-0.009195815498678168,0.02384153499060912
-0.7933349912957033,0.02226979362692204,-0.008768559818509606,0.023933895409575072
-0.7908480477493217,0.0225346392070562,-0.008333920230176916,0.02402632286878595
-0.7883611042029403,0.022791067512195274,-0.007892052791818377,0.02411881538579976
-0.7858741606565587,0.02303889044175645,-0.007443118390218963,0.024211370968164364
-0.7833872171101772,0.023277922899727504,-0.006987282690024704,0.02430398761347563
-0.7809002735637957,0.023507982914532388,-0.006524716079956864,0.024396663309436278
-0.7784133300174142,0.023728891758010698,-0.006055593616036142,0.024489396033915697
-0.7759263864710326,0.02394047406343637,-0.00558009496182912,0.024582183755010464
-0.7734394429246512,0.024142557942501548,-0.0050984043257300505,0.024675024431105787
-0.7709524993782696,0.024334975101190946,-0.004610710395295019,0.024767916010937717
-0.7684655558318881,0.024517560954472946,-0.0041172062686445085,0.02486085643365614
-0.7659786122855066,0.0246901547397333,-0.0036180893829553078,0.024953843628888688
-0.7634916687391251,0.024852599628877987,-0.003113561440061641,0.025046875516805383
-0.7610047251927435,0.025004742839031664,-0.002603828329190103,0.025139950008184146
-0.7585177816463621,0.02514643574175887,-0.0020891000468519962,0.025233065004477064
-0.7560308380999805,0.025277533970735396,-0.0015695906139213387,0.025326218397877562
-0.753543894553599,0.02539789752779744,-0.0010455179899261445,0.025419408071388257
-0.7510569510072175,0.02550739088729727,-0.0005171039845841606,0.025512631898889786
-0.748570007460836,0.0256058830986938,1.5425833384570855e-05,0.025605887745210245
-0.7460830639144544,0.02569324788730793,0.0005518422301342332,0.02569917346619562
-0.743596120368073,0.02576936375317251,0.0010919124032226608,0.025792486908780873
-0.7411091768216914,0.025834114067907733,0.0016354000807557983,0.025885825911061915
-0.73862223327531,0.02588738716955355,0.002182065623107505,0.025979188302368367
-0.7361352897289284,0.025929076455291168,0.0027316661271732192,0.026072571903337047
-0.7336483461825469,0.02595908047198698,0.0032839555331142514,0.026165974525986367
-0.7311614026361654,0.025977303004492587,0.0038386847335477167,0.0262593939737914
-0.7286744590897839,0.025983653161636068,0.0043956016851350735,0.026352828041759813
-0.7261875155434023,0.025978045459839998,0.004954451522521658,0.026446274516508574
-0.7237005719970209,0.025960399904303374,0.005514976674575578,0.026539731176341393
-0.7212136284506393,0.025930642067684997,0.006076916982875783,0.026633195791327013
-0.7187266849042578,0.02588870316622757,0.006640009822394214,0.026726666123378224
-0.7162397413578763,0.025834520133262307,0.007203990224318308,0.026820139926331654
-0.7137527978114948,0.025768035690035676,0.007768591000955701,0.026913614946028383
-0.7112658542651132,0.025689198413800417,0.008333542872663996,0.02700708892039523
-0.7087789107187318,0.025597962803114955,0.008898574596744757,0.027100559579526916
-0.7062919671723502,0.025494289340296017,0.009463413098240706,0.027194024645768873
-0.7038050236259688,0.02537814455097108,0.010027783602573023,0.027287481833800923
-0.7013180800795872,0.025249501060678373,0.010591409769954195,0.027380928850721617
-0.6988311365332057,0.02510833764846367,0.011154013831510774,0.027474363396133343
-0.6963441929868242,0.024954639297424794,0.011715316727048345,0.027567783162228274
-0.6938572494404427,0.024788397242155806,0.012275038244390222,0.02766118583387488
-0.6913703058940611,0.02460960901304492,0.012832897160219826,0.027754569088705373
-0.6888833623476797,0.024418278477381414,0.013388611382355102,0.02784793059720375
-0.6863964188012981,0.02421441587722848,0.013941898093382777,0.027941268022794615
-0.6839094752549166,0.023998037864020914,0.014492473895578006,0.02803457902193274
-0.6814225317085351,0.02376916752984776,0.015040054957034716,0.02812786124419334
-0.6789355881621536,0.023527834435382144,0.015584357158930175,0.028221112332363022
-0.676448644615772,0.023274074634422232,0.016125096243846355,0.028314329922531526
-0.6739617010693906,0.023007930695008668,0.01666198796506998,0.02840751164418416
-0.671474757523009,0.02272945171708651,0.017194748236790895,0.028500655120294874
-0.6689878139766275,0.0224386933466803,0.017723093285119423,0.02859375796742009
-0.666500870430246,0.02213571778655436,0.018246739799839904,0.028686817795793254
-0.6640139268838645,0.021820593803330547,0.01876540508681926,0.028779832209420014
-0.6615269833374829,0.021493396731039383,0.019278807220986363,0.02887279880617413
-0.6590400397911015,0.021154208471081078,0.01978666519979871,0.028965715177894088
-0.6565530962447199,0.020803117488575745,0.02028869909711127,0.029058578910480286
-0.6540661526983385,0.020440218805083944,0.020784630217361984,0.029151387583993053
-0.6515792091519569,0.020065613987680433,0.021274181249987832,0.029244138772751206
-0.6490922656055754,0.01967941113436658,0.02175707642398425,0.029336830045431334
-0.6466053220591939,0.01928172485580859,0.022233041662520738,0.029429458965167705
-0.6441183785128124,0.01887267625339095,0.022701804737524492,0.02952202308965285
-0.6416314349664308,0.01845239289357664,0.023163095424143663,0.029614519971238817
-0.6391444914200494,0.018021008778567632,0.02361664565500139,0.029706947157039
-0.6366575478736678,0.01757866431326162,0.024062189674151246,0.029799302189030676
-0.6341706043272863,0.017125506268502944,0.02449946419064455,0.02989158260415812
-0.6316836607809048,0.01666168774062776,0.024928208531619766,0.029983785934436395
-0.6291967172345233,0.01618736810730598,0.025348164794823713,0.030075909707055697
-0.6267097736881417,0.015702712979684195,0.025759078000474854,0.030167951444486415
-0.6242228301417603,0.015207894150837026,0.02616069624237749,0.030259908664584674
-0.6217358865953787,0.014703089540534925,0.026552770838197556,0.03035177888069861
-0.6192489430489972,0.014188483136340796,0.02693505647880855,0.030443559601775114
-0.6167619995026157,0.013664264931047795,0.02730731137661825,0.030535248332467305
-0.6142750559562342,0.013130630856474815,0.027669297412785312,0.030626842573242455
-0.6117881124098526,0.01258778271363722,0.028020780283236152,0.030718339820490628
-0.6093011688634712,0.012035928099313031,0.028361529643392076,0.030809737566633705
-0.6068142253170896,0.011475280329027233,0.028691319251517314,0.030901033300235244
-0.6043272817707082,0.010906058356478352,0.029009927110598743,0.03099222450611061
-0.6018403382243266,0.010328486689434832,0.02931713560866842,0.031083308665437886
-0.5993533946779451,0.009742795302129847,0.029612731657480768,0.031174283255869205
-0.5968664511315636,0.009149219544186123,0.02989650682945656,0.03126514575164267
-0.5943795075851821,0.008548000046104372,0.03016825749280633,0.03135589362369482
-0.5918925640388005,0.007939382621350787,0.030427784944746898,0.03144652433977359
-0.5894056204924191,0.00732361816508208,0.03067489554272465,0.03153703536455176
-0.5869186769460375,0.006700962549547785,0.030909400833560884,0.03162742415974112
-0.584431733399656,0.0060716765162123305,0.031131117680434275,0.0317176881842068
-0.5819447898532745,0.005436025564641483,0.0313398683876173,0.03180782489408243
-0.579457846306893,0.004794279838199229,0.031535480822883884,0.03189783174288561
-0.5769709027605114,0.004146714006604933,0.031717788537506286,0.031987706181633886
-0.57448395921413,0.0034936071454000866,0.03188663088376107,0.03207744565896131
-0.5719970156677484,0.002835242612379282,0.03204185312986393,0.03216704762123534
-0.569510072121367,0.002171907921038796,0.03218330657225534,0.03225650951267426
-0.5670231285749854,0.0015038946111009927,0.03231084864515955,0.032345828775465116
-0.5645361850286039,0.0008314981161729592,0.032424343027340666,0.032435002849882016
-0.5620492414822224,0.00015501762860055374,0.03252365974598129,0.032524029174404896
-0.5595622979358409,-0.0005252440384190088,0.032608675277610015,0.032612905185838766
-0.5570753543894593,-0.0012089805914015641,0.03267927264600576,0.03270162831943336
-0.5545884108430779,-0.0018958823997500258,0.03273534151700827,0.03279019600900317
-0.5521014672966963,-0.00258563664146982,0.032776778290165585,0.032878605687047945
-0.5496145237503148,-0.003277927451354889,0.03280348618715088,0.032966854784873614
-0.5471275802039333,-0.003972436071572427,0.03281537533688247,0.03305494073271353
-0.5446406366575518,-0.0046688410045717076,0.03281236285728274,0.03314286095985013
-0.5421536931111702,-0.005366818168241645,0.03279437293361315,0.0332306128947371
-0.5396667495647888,-0.00606604105323947,0.032761336893324194,0.033318193965121694
-0.5371798060184072,-0.006766180882411401,0.03271319327736117,0.03340560159816759
-0.5346928624720257,-0.007466906772224459,0.032649887907868366,0.03349283322057811
-0.5322059189256442,-0.008167885896127687,0.03257137395223579,0.033579886258719605
-0.5297189753792627,-0.008868783649757805,0.03247761198343519,0.03366675813874547
-0.5272320318328811,-0.009569263817905623,0.03236857003659307,0.03375344628672024
-0.5247450882864997,-0.010268988743154704,0.03224422366175152,0.03383994812874415
-0.5222581447401181,-0.010967619496105824,0.03210455597276853,0.03392626109107793
-0.5197712011937367,-0.011664816047096531,0.0319495576923127,0.034012382600268065
-0.5172842576473551,-0.012360237439325773,0.031779227192908106,0.034098310083272174
-0.5147973141009736,-0.013053541963291209,0.03159357053398852,0.03418404096758474
-0.512310370554592,-0.013744387332446487,0.03139260149492108,0.03426957268136323
-0.5098234270082106,-0.014432430859983669,0.03117634160396284,0.034354902653554314
-0.507336483461829,-0.01511732963664575,0.03094482016311502,0.034440028314020564
-0.5048495399154476,-0.015798740709472774,0.030698074268842416,0.03452494709366717
-0.502362596369066,-0.016476321261384007,0.03043614882862788,0.03460965642456916
-0.4998756528226845,-0.017149728791498182,0.03015909657333352,0.03469415374009862
-0.49738870927630296,-0.017818621296092213,0.029866978065343407,0.034778436475052396
-0.49490176572992145,-0.01848265745009866,0.02955986170246424,0.03486250206577978
-0.49241482218353994,-0.019141496789041118,0.029237823717563283,0.0349463479503106
-0.4899278786371584,-0.019794799891306097,0.02890094817392507,0.03502997156848339
-0.4874409350907769,-0.02044222856064919,0.02854932695631102,0.03511337036207388
-0.4849539915443954,-0.02108344600883339,0.028183059757708132,0.035196541774923575
-0.4824670479980139,-0.02171811703829537,0.027802254061756362,0.035279483253068546
-0.47998010445163236,-0.022345908224737372,0.027407025120845308,0.035362192244868404
-0.47749316090525085,-0.022966488099539745,0.026997495929874965,0.03544466620113548
-0.47500621735886933,-0.023579527331890147,0.02657379719567658,0.035526902575264044
-0.4725192738124878,-0.0241846989105249,0.026136067302092905,0.03560889882335978
-0.4700323302661063,-0.024781678324977484,0.02568445227071934,0.035690652404369395
-0.4675453867197248,-0.025370143746229295,0.025219105717310272,0.0357721607802102
-0.46505844317334327,-0.025949776206657803,0.024740188803857175,0.03585342141590009
-0.46257149962696176,-0.026520259779176755,0.024247870186347973,0.03593443177968734
-0.46008455608058024,-0.02708128175546367,0.023742325958219554,0.03601518934318068
-0.4575976125341987,-0.027632532823169707,0.023223739589517824,0.03609569158147949
-0.4551106689878172,-0.028173707242007042,0.02269230186178249,0.03617593597330381
-0.4526237254414357,-0.02870450301860965,0.022148210798676158,0.03625592000112486
-0.4501367818950542,-0.02922462208006294,0.021591671592380058,0.036335641151295166
-0.44764983834867267,-0.029733770445998734,0.021022896525781255,0.03641509691417906
-0.44516289480229115,-0.03023165839915212,0.020442104890478697,0.03649428478428311
-0.44267595125590964,-0.03071800065427747,0.019849522900638045,0.03657320226038657
-0.4401890077095281,-0.03119251652532121,0.019245383602727935,0.036651846845671854
-0.4377020641631466,-0.03165493009074979,0.018629926781172694,0.03673021604785509
-0.4352151206167651,-0.03210497035693194,0.018003398859959135,0.03680830737931665
-0.4327281770703836,-0.03254237141947486,0.017366052800237668,0.03688611835723159
-0.43024123352400206,-0.03296687262241528,0.01671814799396019,0.036963646503700216
-0.42775428997762055,-0.033378218715166635,0.01605995015360019,0.037040889345878604
-0.42526734643123904,-0.03377616000712495,0.015391731198002509,0.03711784441610896
-0.4227804028848575,-0.034160452519837,0.01471376913441286,0.037194509252050076
-0.420293459338476,-0.034530858136635124,0.014026347936739843,0.0372708813968077
-0.4178065157920945,-0.03488714474964473,0.013329757420103935,0.03734695839906484
-0.415319572245713,-0.03522908640407095,0.012624293111731336,0.037422737813211954
-0.41283262869933146,-0.03555646343967306,0.011910256118251935,0.03749821719947716
-0.41034568515294995,-0.0358690626293358,0.01118795298946371,0.03757339412405624
-0.40785874160656843,-0.03616667731464879,0.010457695578627456,0.03764826615924265
-0.4053717980601869,-0.036449107538406085,0.009719800899358972,0.037722830883557386
-0.4028848545138054,-0.0367161601739398,0.008974590979187142,0.03779708588187865
-0.4003979109674239,-0.036967649051203255,0.008222392709849057,0.037871028745571564
-0.39791096742104237,-0.03720339507952042,0.0074635376943954735,0.03794465707261757
-0.39542402387466086,-0.03742322636692057,0.0066983620911816935,0.03801796846774376
-0.39293708032827934,-0.037626978335978355,0.005927206454821608,0.038090960542552135
-0.3904501367818978,-0.03781449383608145,0.005150415574184154,0.03816363091564849
-0.3879631932355163,-0.037985623252049926,0.004368338307513749,0.03823597721277132
-0.3854762496891348,-0.03814022460903302,0.0035813274147582464,0.038307997066920466
-0.3829893061427533,-0.03827816367361137,0.0027897393871895567,0.03837968811848551
-0.38050236259637177,-0.03839931405103431,0.0019939342744045192,0.03845104801537413
-0.37801541904999025,-0.03850355727852407,0.001194275508794854,0.03852207441313994
-0.37552847550360874,-0.038590782914581095,0.0003911297275773637,0.03859276497511054
-0.3730415319572272,-0.038660888624226175,-0.0004151334075235148,0.03866311737251489
-0.3705545884108457,-0.03871378026011785,-0.0012241413928458361,0.03873312928461073
-0.3680676448644642,-0.03874937193948556,-0.0020355190675175254,0.03880279839881163
-0.3655807013180827,-0.03876758611682114,-0.0028488888002433277,0.038872122410813836
-0.36309375777170116,-0.03876835365227383,-0.0036638706780521323,0.038941099024722765
-0.36060681422531965,-0.0387516138756961,-0.004480082696904674,0.03900972595317926
-0.35811987067893813,-0.03871731464629021,-0.0052971409540590155,0.03907800091748564
-0.3556329271325566,-0.03866541240780746,-0.00611465984209106,0.039145921647731216
-0.3531459835861751,-0.03859587223925507,-0.006932252244465307,0.03921348588291781
-0.3506590400397936,-0.038508667901067745,-0.007749529732550142,0.039280691371084656
-0.3481720964934121,-0.038403781876703555,-0.008566102763970514,0.03934753586943314
-0.34568515294703056,-0.03828120540962647,-0.00938158088219028,0.039414017144451204
-0.34319820940064905,-0.03814093853564052,-0.01019557291721451,0.039480132972037285
-0.34071126585426753,-0.03798299011054277,-0.011007687187302266,0.039545881137624035
-0.338224322307886,-0.03780737783306557,-0.011817531701578262,0.039611259436301505
-0.3357373787615045,-0.037614128263080755,-0.012624714363431797,0.03967626567294018
-0.333250435215123,-0.03740327683504116,-0.013428843174590187,0.03974089766231337
-0.33076349166874147,-0.0371748678666381,-0.014229526439753146,0.03980515322921941
-0.32827654812235996,-0.03692895456265526,-0.015026372971674333,0.03986903020860329
-0.32578960457597844,-0.036665599014003306,-0.015818992296574907,0.039932526445678046
-0.3233026610295969,-0.036384872191921304,-0.016606994859774387,0.03999563979604553
-0.3208157174832154,-0.03608685393733457,-0.01738999223142275,0.040058368125816896
-0.3183287739368339,-0.03577163294536103,-0.018167597312217895,0.04012070931173258
-0.3158418303904524,-0.0354393067449609,-0.01893942453899219,0.0401826612412818
-0.31335488684407087,-0.03508998167372784,-0.0197050900900512,0.04024422181282165
-0.31086794329768935,-0.034723772847821875,-0.020464212090148138,0.040305388935695644
-0.30838099975130784,-0.034340804127047944,-0.021216410814976876,0.04036616053035191
-0.3058940562049263,-0.03394120807508616,-0.021961308895066693,0.040426534528460754
-0.3034071126585448,-0.033525125914883165,-0.022698531518961913,0.04048650887303174
-0.3009201691121633,-0.033092707479216735,-0.023427706635569374,0.040546081518530355
-0.2984332255657818,-0.032644111156448455,-0.024148465155557654,0.040605250430994076
-0.29594628201940026,-0.03217950383148241,-0.024860441151690896,0.040664013588147904
-0.29345933847301875,-0.03169906082195055,-0.025563272057982044,0.040722368979519426
-0.29097239492663723,-0.03120296580964824,-0.026256598867549098,0.040780314606553215
-0.2884854513802557,-0.03069141076724648,-0.02694006632905969,0.04083784848272481
-0.2859985078338742,-0.03016459588030994,-0.027613323141649118,0.04089496863365402
-0.2835115642874927,-0.02962272946465296,-0.02827602214819772,0.04095167309721773
-0.2810246207411112,-0.02906602787906818,-0.028927820526854494,0.04100795992366205
-0.27853767719472966,-0.028494715433465937,-0.029568379980693938,0.041063827175713954
-0.27605073364834815,-0.027909024292464255,-0.030197366925394705,0.04111927292869223
-0.27356379010196663,-0.02730919437447329,-0.0308144526748288,0.0411742952706179
-0.2710768465555851,-0.026695473246319757,-0.03141931362445165,0.04122889230232395
-0.2685899030092036,-0.026068116013460266,-0.032011631432383884,0.0412830621375645
-0.2661029594628221,-0.025427385205835044,-0.032591093198077056,0.04133680290312331
-0.26361601591644057,-0.024773550659415746,-0.033157391638456706,0.04139011273892156
-0.26112907237005906,-0.024106889393504673,-0.033710225261437174,0.04144298979812515
-0.25864212882367754,-0.023427685483844246,-0.03424929853670413,0.04149543224725114
-0.256155185277296,-0.02273622993159905,-0.03477432206366193,0.04154743826627372
-0.2536682417309145,-0.0220328205282747,-0.035285012736444514,0.04159900604872927
-0.251181298184533,-0.02131776171664076,-0.03578109390588995,0.04165013380182097
-0.24869435463815148,-0.02059136444772727,-0.03626229553838029,0.04170081974652251
-0.24620741109176997,-0.019853946033966615,-0.03672835437145014,0.04175106211768126
-0.24372046754538845,-0.019105829998555555,-0.03717901406606875,0.04180085916412058
-0.24123352399900694,-0.018347345921113808,-0.037614025355502664,0.041850209148741525
-0.23874658045262542,-0.017578829279718655,-0.03803314619066709,0.04189911034862373
-0.2362596369062439,-0.01680062128939669,-0.03843614188187682,0.041947561055125655
-0.2337726933598624,-0.01601306873715654,-0.0388227852369087,0.041995559573983966
-0.23128574981348088,-0.015216523813648583,-0.039192856695290074,0.042043104225412256
-0.22879880626709936,-0.014411343941539178,-0.039546144458729636,0.04209019334419896
-0.22631186272071785,-0.013597891600690224,-0.039882444617609,0.042136825279804495
-0.22382491917433633,-0.012776534150235563,-0.04020156127345571,0.042182998396457665
-0.22133797562795482,-0.011947643647648963,-0.040503306657320236,0.0422287110732512
-0.2188510320815733,-0.011111596664899403,-0.0407875012439823,0.04227396170423659
-0.2163640885351918,-0.010268774101791946,-0.04105397386191367,0.04231874869851806
-0.21387714498881027,-0.009419560996593997,-0.04130256179892702,0.04236307048034574
-0.21139020144242876,-0.008564346334048461,-0.04153311090344323,0.04240692548920806
-0.20890325789604725,-0.007703522850877502,-0.04174547568131122,0.042450312179923226
-0.20641631434966573,-0.006837486838881423,-0.041939519388117755,0.042493229022729985
-0.20392937080328422,-0.005966637945739969,-0.04211511411692635,0.04253567450337743
-0.2014424272569027,-0.005091378973623523,-0.04227214088138769,0.04257764712321413
-0.19895548371052119,-0.0042121156757244415,-0.04241048969416594,0.04261914539927612
-0.19646854016413967,-0.003329256550819283,-0.04253005964062859,0.04266016786437435
-0.19398159661775816,-0.002443212635974348,-0.04263075894774969,0.04270071306718103
-0.19149465307137664,-0.0015543972975084453,-0.04271250504817923,0.042740779572315216
-0.18900770952499513,-0.0006632260203275055,-0.042775224639434256,0.04278036596042749
-0.1865207659786136,0.00022988380425254494,-0.04281885373816984,0.042819470828283704
-0.1840338224322321,0.0011245130920779212,-0.04284333772949115,0.042858092788847876
-0.18154687888585058,0.002020241281005573,-0.042848631411270495,0.04289623047136422
-0.17905993533946907,0.0029166465469093036,-0.042834699033436084,0.0429338825214381
-0.17657299179308755,0.0038133060207236323,-0.04280151433220226,0.0429710476011163
-0.17408604824670604,0.004709796006404278,-0.04274906055921384,0.043007724388966155
-0.17159910470032452,0.005605692199684005,-0.042677330505579994,0.0430439115801539
-0.169112161153943,0.006500569907501692,-0.04258632652077627,0.04307960788652201
-0.1666252176075615,0.007394004267981835,-0.04247606052639617,0.043114812036665597
-0.16413827406117998,0.008285570470841195,-0.04234655402473677,0.043149522776007906
-0.16165133051479846,0.009174843978099097,-0.0421978381022058,0.0431837388668748
-0.15916438696841695,0.010061400744967263,-0.042029953427540734,0.04321745908856826
-0.15667744342203543,0.0109448174407948,-0.04184295024483335,0.043250682237439046
-0.15419049987565392,0.011824671669943991,-0.041636888361356234,0.04328340712695823
-0.1517035563292724,0.012700542192472195,-0.04141183713019095,0.04331563258778784
-0.1492166127828909,0.013572009144495028,-0.041167875427660296,0.043347357467850484
-0.14672966923650937,0.014438654258106328,-0.04090509162557056,0.043378580632397995
-0.14424272569012786,0.015300061080730249,-0.040623583558272135,0.04340930096407905
-0.14175578214374635,0.016155815193780988,-0.04032345848455068,0.04343951736300585
-0.13926883859736483,0.017005504430506045,-0.04000483304436321,0.043469228746819695
-0.13678189505098332,0.017848719092889227,-0.03966783321043725,0.04349843405075563
-0.1342949515046018,0.01868505216748979,-0.03931259423475374,0.043527132227706065
-0.13180800795822029,0.019514099540094833,-0.03893926058993759,0.04355532224828323
-0.12932106441183877,0.020335460209062562,-0.03854798590558298,0.04358300310088086
-0.12683412086545726,0.02114873649723441,-0.03813893289954292,0.04361017379173457
-0.12434717731907574,0.02195353426229516,-0.03771227330421638,0.043636833344981384
-0.12186023377269423,0.0227494631054605,-0.037268187787868404,0.04366298080271813
-0.11937329022631271,0.02353613657837262,-0.036806865871022346,0.0436886152250588
-0.1168863466799312,0.02431317238808534,-0.03632850583796571,0.04371373569019083
-0.11439940313354968,0.025080192600020902,-0.03583331464341433,0.04373834129443039
-0.11191245958716817,0.02583682383878233,-0.035321507814382355,0.04376243115227655
-0.10942551604078665,0.02658269748670549,-0.03479330934730836,0.04378600439646433
-0.10693857249440514,0.027317449880037106,-0.03424895160049084,0.04380906017801686
-0.10445162894802362,0.028040722502625435,-0.03368867518188894,0.04383159766629622
-0.10196468540164211,0.028752162177012364,-0.03311272883234743,0.04385361604905339
-0.09947774185526059,0.029451421252816565,-0.032521369304306914,0.04387511453247696
-0.09699079830887908,0.030138157792299208,-0.03191486123606409,0.043896092341240936
-0.09450385476249756,0.030812035753004917,-0.03129347702164831,0.04391654871855123
-0.09201691121611605,0.03147272516737273,-0.030657496676384354,0.04393648292619124
-0.08952996766973453,0.03211990231921307,-0.0300072076982131,0.04395589424456621
-0.08704302412335302,0.03275324991694873,-0.029342904924845002,0.043974781972746554
-0.0845560805769715,0.03337245726351956,-0.028664890386823218,0.04399314542850999
-0.08206913703058999,0.03397722042285266,-0.027973473156576056,0.04401098394838267
-0.07958219348420847,0.03456724238280138,-0.027268969193540715,0.04402829688767909
-0.07709524993782696,0.03514223321445882,-0.026551701185442495,0.04404508362054091
-0.07460830639144544,0.03570191022775358,-0.02582199838581627,0.04406134353997474
-0.07212136284506393,0.03624599812323698,-0.025080196447858964,0.044077076057888596
-0.06963441929868242,0.036774229139974315,-0.02432663725470421,0.04409228060512746
-0.0671474757523009,0.037286343199453655,-0.023561668746212433,0.04410695663150755
-0.06466053220591939,0.037782088045428854,-0.02278564474237163,0.044121103605849504
-0.06217358865953787,0.038261219379615435,-0.021998924763406286,0.044134721016010396
-0.059686645113156356,0.03872350099316042,-0.02120187384669383,0.04414780836891471
-0.05719970156677484,0.039168704893809574,-0.02039486236058984,0.044160365190584035
-0.054712758020393326,0.039596611428698,-0.019578265815265252,0.044172391026165665
-0.05222581447401181,0.04000700940269284,-0.0187524646706604,0.044183885439960116
-0.049738870927630296,0.040399696192218754,-0.017917844141662777,0.04419484801544739
-0.04725192738124878,0.0407744778545002,-0.017074794000616764,0.044205278355312114
-0.04476498383486727,0.04113116923215671,-0.016223708377275315,0.04421517608146764
-0.04227804028848575,0.04146959405309004,-0.01536498555630521,0.044224540835078756
-0.03979109674210424,0.0417895850256052,-0.014499027772458881,0.04423337227658344
-0.03730415319572272,0.042090983928709746,-0.013626241003527157,0.04424167008571339
-0.03481720964934121,0.0423736416975385,-0.012747034761188835,0.04424943396151334
-0.03233026610295969,0.042637418503854135,-0.01186182187987395,0.04425666362235928
-0.029843322556578178,0.04288218383157635,-0.010971018303759178,0.044263358805975477
-0.027356379010196663,0.04310781654729571,-0.010075042872014573,0.04426951926945032
-0.024869435463815148,0.043314204965730886,-0.009174317102422197,0.044275144789251035
-0.022382491917433633,0.04350124691009107,-0.00826926497348801,0.044280235161237164
-0.01989554837105212,0.043668849767308296,-0.007360312705169325,0.04428479020067295
-0.017408604824670604,0.043816930538107396,-0.0064478885383410685,0.044288809742238484
-0.014921661278289089,0.04394541588188438,-0.005532422513124729,0.04429229364003975
-0.012434717731907574,0.04405424215636686,-0.004614346246204631,0.04429524176761736
-0.00994777418552606,0.044143355452033496,-0.0036940927072567783,0.04429765401795431
-0.0074608306391445445,0.044212711621272306,-0.0027720959946160263,0.044299530303482375
-0.00497388709276303,0.04426227630226064,-0.0018487911103078466,0.04430087055608747
-0.002486943546381515,0.044292024937553104,-0.0009246137345712762,0.04430167472711369
0.0,0.04430194278736636,0.0,0.04430194278736636
0.002486943546381515,0.044292024937553104,0.0009246137345712762,0.04430167472711369
0.00497388709276303,0.04426227630226064,0.0018487911103078466,0.04430087055608747
0.0074608306391445445,0.044212711621272306,0.0027720959946160263,0.044299530303482375
0.00994777418552606,0.044143355452033496,0.0036940927072567783,0.04429765401795431
0.012434717731907574,0.04405424215636686,0.004614346246204631,0.04429524176761736
0.014921661278289089,0.04394541588188438,0.005532422513124729,0.04429229364003975
0.017408604824670604,0.043816930538107396,0.0064478885383410685,0.044288809742238484
0.01989554837105212,0.043668849767308296,0.007360312705169325,0.04428479020067295
0.022382491917433633,0.04350124691009107,0.00826926497348801,0.044280235161237164
0.024869435463815148,0.043314204965730886,0.009174317102422197,0.044275144789251035
0.027356379010196663,0.04310781654729571,0.010075042872014573,0.04426951926945032
0.029843322556578178,0.04288218383157635,0.010971018303759178,0.044263358805975477
0.03233026610295969,0.042637418503854135,0.01186182187987395,0.04425666362235928
0.03481720964934121,0.0423736416975385,0.012747034761188835,0.04424943396151334
0.03730415319572272,0.042090983928709746,0.013626241003527157,0.04424167008571339
0.03979109674210424,0.0417895850256052,0.014499027772458881,0.04423337227658344
0.04227804028848575,0.04146959405309004,0.01536498555630521,0.044224540835078756
0.04476498383486727,0.04113116923215671,0.016223708377275315,0.04421517608146764
0.04725192738124878,0.0407744778545002,0.017074794000616764,0.044205278355312114
0.049738870927630296,0.040399696192218754,0.017917844141662777,0.04419484801544739
0.05222581447401181,0.04000700940269284,0.0187524646706604,0.044183885439960116
0.054712758020393326,0.039596611428698,0.019578265815265252,0.044172391026165665
0.05719970156677484,0.039168704893809574,0.02039486236058984,0.044160365190584035
0.059686645113156356,0.03872350099316042,0.02120187384669383,0.04414780836891471
0.06217358865953787,0.038261219379615435,0.021998924763406286,0.044134721016010396
0.06466053220591939,0.037782088045428854,0.02278564474237163,0.044121103605849504
0.0671474757523009,0.037286343199453655,0.023561668746212433,0.04410695663150755
0.06963441929868242,0.036774229139974315,0.02432663725470421,0.04409228060512746
0.07212136284506393,0.03624599812323698,0.025080196447858964,0.044077076057888596
0.07460830639144544,0.03570191022775358,0.02582199838581627,0.04406134353997474
0.07709524993782696,0.03514223321445882,0.026551701185442495,0.04404508362054091
0.07958219348420847,0.03456724238280138,0.027268969193540715,0.04402829688767909
0.08206913703058999,0.03397722042285266,0.027973473156576056,0.04401098394838267
0.0845560805769715,0.03337245726351956,0.028664890386823218,0.04399314542850999
0.08704302412335302,0.03275324991694873,0.029342904924845002,0.043974781972746554
0.08952996766973453,0.03211990231921307,0.0300072076982131,0.04395589424456621
0.09201691121611605,0.03147272516737273,0.030657496676384354,0.04393648292619124
0.09450385476249756,0.030812035753004917,0.03129347702164831,0.04391654871855123
0.09699079830887908,0.030138157792299208,0.03191486123606409,0.043896092341240936
0.09947774185526059,0.029451421252816565,0.032521369304306914,0.04387511453247696
0.10196468540164211,0.028752162177012364,0.03311272883234743,0.04385361604905339
0.10445162894802362,0.028040722502625435,0.03368867518188894,0.04383159766629622
0.10693857249440514,0.027317449880037106,0.03424895160049084,0.04380906017801686
0.10942551604078665,0.02658269748670549,0.03479330934730836,0.04378600439646433
0.11191245958716817,0.02583682383878233,0.035321507814382355,0.04376243115227655
0.11439940313354968,0.025080192600020902,0.03583331464341433,0.04373834129443039
0.1168863466799312,0.02431317238808534,0.03632850583796571,0.04371373569019083
0.11937329022631271,0.02353613657837262,0.036806865871022346,0.0436886152250588
0.12186023377269423,0.0227494631054605,0.037268187787868404,0.04366298080271813
0.12434717731907574,0.02195353426229516,0.03771227330421638,0.043636833344981384
0.12683412086545726,0.02114873649723441,0.03813893289954292,0.04361017379173457
0.12932106441183877,0.020335460209062562,0.03854798590558298,0.04358300310088086
0.13180800795822029,0.019514099540094833,0.03893926058993759,0.04355532224828323
0.1342949515046018,0.01868505216748979,0.03931259423475374,0.043527132227706065
0.13678189505098332,0.017848719092889227,0.03966783321043725,0.04349843405075563
0.13926883859736483,0.017005504430506045,0.04000483304436321,0.043469228746819695
0.14175578214374635,0.016155815193780988,0.04032345848455068,0.04343951736300585
0.14424272569012786,0.015300061080730249,0.040623583558272135,0.04340930096407905
0.14672966923650937,0.014438654258106328,0.04090509162557056,0.043378580632397995
0.1492166127828909,0.013572009144495028,0.041167875427660296,0.043347357467850484
0.1517035563292724,0.012700542192472195,0.04141183713019095,0.04331563258778784
0.15419049987565392,0.011824671669943991,0.041636888361356234,0.04328340712695823
0.15667744342203543,0.0109448174407948,0.04184295024483335,0.043250682237439046
0.15916438696841695,0.010061400744967263,0.042029953427540734,0.04321745908856826
0.16165133051479846,0.009174843978099097,0.0421978381022058,0.0431837388668748
0.16413827406117998,0.008285570470841195,0.04234655402473677,0.043149522776007906
0.1666252176075615,0.007394004267981835,0.04247606052639617,0.043114812036665597
0.169112161153943,0.006500569907501692,0.04258632652077627,0.04307960788652201
0.17159910470032452,0.005605692199684005,0.042677330505579994,0.0430439115801539
0.17408604824670604,0.004709796006404278,0.04274906055921384,0.043007724388966155
0.17657299179308755,0.0038133060207236323,0.04280151433220226,0.0429710476011163
0.17905993533946907,0.0029166465469093036,0.042834699033436084,0.0429338825214381
0.18154687888585058,0.002020241281005573,0.042848631411270495,0.04289623047136422
0.1840338224322321,0.0011245130920779212,0.04284333772949115,0.042858092788847876
0.1865207659786136,0.00022988380425254494,0.04281885373816984,0.042819470828283704
0.18900770952499513,-0.0006632260203275055,0.042775224639434256,0.04278036596042749
0.19149465307137664,-0.0015543972975084453,0.04271250504817923,0.042740779572315216
0.19398159661775816,-0.002443212635974348,0.04263075894774969,0.04270071306718103
0.19646854016413967,-0.003329256550819283,0.04253005964062859,0.04266016786437435
0.19895548371052119,-0.0042121156757244415,0.04241048969416594,0.04261914539927612
0.2014424272569027,-0.005091378973623523,0.04227214088138769,0.04257764712321413
0.20392937080328422,-0.005966637945739969,0.04211511411692635,0.04253567450337743
0.20641631434966573,-0.006837486838881423,0.041939519388117755,0.042493229022729985
0.20890325789604725,-0.007703522850877502,0.04174547568131122,0.042450312179923226
0.21139020144242876,-0.008564346334048461,0.04153311090344323,0.04240692548920806
0.21387714498881027,-0.009419560996593997,0.04130256179892702,0.04236307048034574
0.2163640885351918,-0.010268774101791946,0.04105397386191367,0.04231874869851806
0.2188510320815733,-0.011111596664899403,0.0407875012439823,0.04227396170423659
0.22133797562795482,-0.011947643647648963,0.040503306657320236,0.0422287110732512
0.22382491917433633,-0.012776534150235563,0.04020156127345571,0.042182998396457665
0.22631186272071785,-0.013597891600690224,0.039882444617609,0.042136825279804495
0.22879880626709936,-0.014411343941539178,0.039546144458729636,0.04209019334419896
0.23128574981348088,-0.015216523813648583,0.039192856695290074,0.042043104225412256
0.2337726933598624,-0.01601306873715654,0.0388227852369087,0.041995559573983966
0.2362596369062439,-0.01680062128939669,0.03843614188187682,0.041947561055125655
0.23874658045262542,-0.017578829279718655,0.03803314619066709,0.04189911034862373
0.24123352399900694,-0.018347345921113808,0.037614025355502664,0.041850209148741525
0.24372046754538845,-0.019105829998555555,0.03717901406606875,0.04180085916412058
0.24620741109176997,-0.019853946033966615,0.03672835437145014,0.04175106211768126
0.24869435463815148,-0.02059136444772727,0.03626229553838029,0.04170081974652251
0.251181298184533,-0.02131776171664076,0.03578109390588995,0.04165013380182097
0.2536682417309145,-0.0220328205282747,0.035285012736444514,0.04159900604872927
0.256155185277296,-0.02273622993159905,0.03477432206366193,0.04154743826627372
0.25864212882367754,-0.023427685483844246,0.03424929853670413,0.04149543224725114
0.26112907237005906,-0.024106889393504673,0.033710225261437174,0.04144298979812515
0.26361601591644057,-0.024773550659415746,0.033157391638456706,0.04139011273892156
0.2661029594628221,-0.025427385205835044,0.032591093198077056,0.04133680290312331
0.2685899030092036,-0.026068116013460266,0.032011631432383884,0.0412830621375645
0.2710768465555851,-0.026695473246319757,0.03141931362445165,0.04122889230232395
0.27356379010196663,-0.02730919437447329,0.0308144526748288,0.0411742952706179
0.27605073364834815,-0.027909024292464255,0.030197366925394705,0.04111927292869223
0.27853767719472966,-0.028494715433465937,0.029568379980693938,0.041063827175713954
0.2810246207411112,-0.02906602787906818,0.028927820526854494,0.04100795992366205
0.2835115642874927,-0.02962272946465296,0.02827602214819772,0.04095167309721773
0.2859985078338742,-0.03016459588030994,0.027613323141649118,0.04089496863365402
0.2884854513802557,-0.03069141076724648,0.02694006632905969,0.04083784848272481
0.29097239492663723,-0.03120296580964824,0.026256598867549098,0.040780314606553215
0.29345933847301875,-0.03169906082195055,0.025563272057982044,0.040722368979519426
0.29594628201940026,-0.03217950383148241,0.024860441151690896,0.040664013588147904
0.2984332255657818,-0.032644111156448455,0.024148465155557654,0.040605250430994076
0.3009201691121633,-0.033092707479216735,0.023427706635569374,0.040546081518530355
0.3034071126585448,-0.033525125914883165,0.022698531518961913,0.04048650887303174
0.3058940562049263,-0.03394120807508616,0.021961308895066693,0.040426534528460754
0.30838099975130784,-0.034340804127047944,0.021216410814976876,0.04036616053035191
0.31086794329768935,-0.034723772847821875,0.020464212090148138,0.040305388935695644
0.31335488684407087,-0.03508998167372784,0.0197050900900512,0.04024422181282165
0.3158418303904524,-0.0354393067449609,0.01893942453899219,0.0401826612412818
0.3183287739368339,-0.03577163294536103,0.018167597312217895,0.04012070931173258
0.3208157174832154,-0.03608685393733457,0.01738999223142275,0.040058368125816896
0.3233026610295969,-0.036384872191921304,0.016606994859774387,0.03999563979604553
0.32578960457597844,-0.036665599014003306,0.015818992296574907,0.039932526445678046
0.32827654812235996,-0.03692895456265526,0.015026372971674333,0.03986903020860329
0.33076349166874147,-0.0371748678666381,0.014229526439753146,0.03980515322921941
0.333250435215123,-0.03740327683504116,0.013428843174590187,0.03974089766231337
0.3357373787615045,-0.037614128263080755,0.012624714363431797,0.03967626567294018
0.338224322307886,-0.03780737783306557,0.011817531701578262,0.039611259436301505
0.34071126585426753,-0.03798299011054277,0.011007687187302266,0.039545881137624035
0.34319820940064905,-0.03814093853564052,0.01019557291721451,0.039480132972037285
0.34568515294703056,-0.03828120540962647,0.00938158088219028,0.039414017144451204
0.3481720964934121,-0.038403781876703555,0.008566102763970514,0.03934753586943314
0.3506590400397936,-0.038508667901067745,0.007749529732550142,0.039280691371084656
0.3531459835861751,-0.03859587223925507,0.006932252244465307,0.03921348588291781
0.3556329271325566,-0.03866541240780746,0.00611465984209106,0.039145921647731216
0.35811987067893813,-0.03871731464629021,0.0052971409540590155,0.03907800091748564
0.36060681422531965,-0.0387516138756961,0.004480082696904674,0.03900972595317926
0.36309375777170116,-0.03876835365227383,0.0036638706780521323,0.038941099024722765
0.3655807013180827,-0.03876758611682114,0.0028488888002433277,0.038872122410813836
0.3680676448644642,-0.03874937193948556,0.0020355190675175254,0.03880279839881163
0.3705545884108457,-0.03871378026011785,0.0012241413928458361,0.03873312928461073
0.3730415319572272,-0.038660888624226175,0.0004151334075235148,0.03866311737251489
0.37552847550360874,-0.038590782914581095,-0.0003911297275773637,0.03859276497511054
0.37801541904999025,-0.03850355727852407,-0.001194275508794854,0.03852207441313994
0.38050236259637177,-0.03839931405103431,-0.0019939342744045192,0.03845104801537413
0.3829893061427533,-0.03827816367361137,-0.0027897393871895567,0.03837968811848551
0.3854762496891348,-0.03814022460903302,-0.0035813274147582464,0.038307997066920466
0.3879631932355163,-0.037985623252049926,-0.004368338307513749,0.03823597721277132
0.3904501367818978,-0.03781449383608145,-0.005150415574184154,0.03816363091564849
0.39293708032827934,-0.037626978335978355,-0.005927206454821608,0.038090960542552135
0.39542402387466086,-0.03742322636692057,-0.0066983620911816935,0.03801796846774376
0.39791096742104237,-0.03720339507952042,-0.0074635376943954735,0.03794465707261757
0.4003979109674239,-0.036967649051203255,-0.008222392709849057,0.037871028745571564
0.4028848545138054,-0.0367161601739398,-0.008974590979187142,0.03779708588187865
0.4053717980601869,-0.036449107538406085,-0.009719800899358972,0.037722830883557386
0.40785874160656843,-0.03616667731464879,-0.010457695578627456,0.03764826615924265
0.41034568515294995,-0.0358690626293358,-0.01118795298946371,0.03757339412405624
0.41283262869933146,-0.03555646343967306,-0.011910256118251935,0.03749821719947716
0.415319572245713,-0.03522908640407095,-0.012624293111731336,0.037422737813211954
0.4178065157920945,-0.03488714474964473,-0.013329757420103935,0.03734695839906484
0.420293459338476,-0.034530858136635124,-0.014026347936739843,0.0372708813968077
0.4227804028848575,-0.034160452519837,-0.01471376913441286,0.037194509252050076
0.42526734643123904,-0.03377616000712495,-0.015391731198002509,0.03711784441610896
0.42775428997762055,-0.033378218715166635,-0.01605995015360019,0.037040889345878604
0.43024123352400206,-0.03296687262241528,-0.01671814799396019,0.036963646503700216
0.4327281770703836,-0.03254237141947486,-0.017366052800237668,0.03688611835723159
0.4352151206167651,-0.03210497035693194,-0.018003398859959135,0.03680830737931665
0.4377020641631466,-0.03165493009074979,-0.018629926781172694,0.03673021604785509
0.4401890077095281,-0.03119251652532121,-0.019245383602727935,0.036651846845671854
0.44267595125590964,-0.03071800065427747,-0.019849522900638045,0.03657320226038657
0.44516289480229115,-0.03023165839915212,-0.020442104890478697,0.03649428478428311
0.44764983834867267,-0.029733770445998734,-0.021022896525781255,0.03641509691417906
0.4501367818950542,-0.02922462208006294,-0.021591671592380058,0.036335641151295166
0.4526237254414357,-0.02870450301860965,-0.022148210798676158,0.03625592000112486
0.4551106689878172,-0.028173707242007042,-0.02269230186178249,0.03617593597330381
0.4575976125341987,-0.027632532823169707,-0.023223739589517824,0.03609569158147949
0.46008455608058024,-0.02708128175546367,-0.023742325958219554,0.03601518934318068
0.46257149962696176,-0.026520259779176755,-0.024247870186347973,0.03593443177968734
0.46505844317334327,-0.025949776206657803,-0.024740188803857175,0.03585342141590009
0.4675453867197248,-0.025370143746229295,-0.025219105717310272,0.0357721607802102
0.4700323302661063,-0.024781678324977484,-0.02568445227071934,0.035690652404369395
0.4725192738124878,-0.0241846989105249,-0.026136067302092905,0.03560889882335978
0.47500621735886933,-0.023579527331890147,-0.02657379719567658,0.035526902575264044
0.47749316090525085,-0.022966488099539745,-0.026997495929874965,0.03544466620113548
0.47998010445163236,-0.022345908224737372,-0.027407025120845308,0.035362192244868404
0.4824670479980139,-0.02171811703829537,-0.027802254061756362,0.035279483253068546
0.4849539915443954,-0.02108344600883339,-0.028183059757708132,0.035196541774923575
0.4874409350907769,-0.02044222856064919,-0.02854932695631102,0.03511337036207388
0.4899278786371584,-0.019794799891306097,-0.02890094817392507,0.03502997156848339
0.49241482218353994,-0.019141496789041118,-0.029237823717563283,0.0349463479503106
0.49490176572992145,-0.01848265745009866,-0.02955986170246424,0.03486250206577978
0.49738870927630296,-0.017818621296092213,-0.029866978065343407,0.034778436475052396
0.4998756528226845,-0.017149728791498182,-0.03015909657333352,0.03469415374009862
0.502362596369066,-0.016476321261384007,-0.03043614882862788,0.03460965642456916
0.5048495399154476,-0.015798740709472774,-0.030698074268842416,0.03452494709366717
0.507336483461829,-0.01511732963664575,-0.03094482016311502,0.034440028314020564
0.5098234270082106,-0.014432430859983669,-0.03117634160396284,0.034354902653554314
0.512310370554592,-0.013744387332446487,-0.03139260149492108,0.03426957268136323
0.5147973141009736,-0.013053541963291209,-0.03159357053398852,0.03418404096758474
0.5172842576473551,-0.012360237439325773,-0.031779227192908106,0.034098310083272174
0.5197712011937367,-0.011664816047096531,-0.0319495576923127,0.034012382600268065
0.5222581447401181,-0.010967619496105824,-0.03210455597276853,0.03392626109107793
0.5247450882864997,-0.010268988743154704,-0.03224422366175152,0.03383994812874415
0.5272320318328811,-0.009569263817905623,-0.03236857003659307,0.03375344628672024
0.5297189753792627,-0.008868783649757805,-0.03247761198343519,0.03366675813874547
0.5322059189256442,-0.008167885896127687,-0.03257137395223579,0.033579886258719605
0.5346928624720257,-0.007466906772224459,-0.032649887907868366,0.03349283322057811
0.5371798060184072,-0.006766180882411401,-0.03271319327736117,0.03340560159816759
0.5396667495647888,-0.00606604105323947,-0.032761336893324194,0.033318193965121694
0.5421536931111702,-0.005366818168241645,-0.03279437293361315,0.0332306128947371
0.5446406366575518,-0.0046688410045717076,-0.03281236285728274,0.03314286095985013
0.5471275802039333,-0.003972436071572427,-0.03281537533688247,0.03305494073271353
0.5496145237503148,-0.003277927451354889,-0.03280348618715088,0.032966854784873614
0.5521014672966963,-0.00258563664146982,-0.032776778290165585,0.032878605687047945
0.5545884108430779,-0.0018958823997500258,-0.03273534151700827,0.03279019600900317
0.5570753543894593,-0.0012089805914015641,-0.03267927264600576,0.03270162831943336
0.5595622979358409,-0.0005252440384190088,-0.032608675277610015,0.032612905185838766
0.5620492414822224,0.00015501762860055374,-0.03252365974598129,0.032524029174404896
0.5645361850286039,0.0008314981161729592,-0.032424343027340666,0.032435002849882016
0.5670231285749854,0.0015038946111009927,-0.03231084864515955,0.032345828775465116
0.569510072121367,0.002171907921038796,-0.03218330657225534,0.03225650951267426
0.5719970156677484,0.002835242612379282,-0.03204185312986393,0.03216704762123534
0.57448395921413,0.0034936071454000866,-0.03188663088376107,0.03207744565896131
0.5769709027605114,0.004146714006604933,-0.031717788537506286,0.031987706181633886
0.579457846306893,0.004794279838199229,-0.031535480822883884,0.03189783174288561
0.5819447898532745,0.005436025564641483,-0.0313398683876173,0.03180782489408243
0.584431733399656,0.0060716765162123305,-0.031131117680434275,0.0317176881842068
0.5869186769460375,0.006700962549547785,-0.030909400833560884,0.03162742415974112
0.5894056204924191,0.00732361816508208,-0.03067489554272465,0.03153703536455176
0.5918925640388005,0.007939382621350787,-0.030427784944746898,0.03144652433977359
0.5943795075851821,0.008548000046104372,-0.03016825749280633,0.03135589362369482
0.5968664511315636,0.009149219544186123,-0.02989650682945656,0.03126514575164267
0.5993533946779451,0.009742795302129847,-0.029612731657480768,0.031174283255869205
0.6018403382243266,0.010328486689434832,-0.02931713560866842,0.031083308665437886
0.6043272817707082,0.010906058356478352,-0.029009927110598743,0.03099222450611061
0.6068142253170896,0.011475280329027233,-0.028691319251517314,0.030901033300235244
0.6093011688634712,0.012035928099313031,-0.028361529643392076,0.030809737566633705
0.6117881124098526,0.01258778271363722,-0.028020780283236152,0.030718339820490628
0.6142750559562342,0.013130630856474815,-0.027669297412785312,0.030626842573242455
0.6167619995026157,0.013664264931047795,-0.02730731137661825,0.030535248332467305
0.6192489430489972,0.014188483136340796,-0.02693505647880855,0.030443559601775114
0.6217358865953787,0.014703089540534925,-0.026552770838197556,0.03035177888069861
0.6242228301417603,0.015207894150837026,-0.02616069624237749,0.030259908664584674
0.6267097736881417,0.015702712979684195,-0.025759078000474854,0.030167951444486415
0.6291967172345233,0.01618736810730598,-0.025348164794823713,0.030075909707055697
0.6316836607809048,0.01666168774062776,-0.024928208531619766,0.029983785934436395
0.6341706043272863,0.017125506268502944,-0.02449946419064455,0.02989158260415812
0.6366575478736678,0.01757866431326162,-0.024062189674151246,0.029799302189030676
0.6391444914200494,0.018021008778567632,-0.02361664565500139,0.029706947157039
0.6416314349664308,0.01845239289357664,-0.023163095424143663,0.029614519971238817
0.6441183785128124,0.01887267625339095,-0.022701804737524492,0.02952202308965285
0.6466053220591939,0.01928172485580859,-0.022233041662520738,0.029429458965167705
0.6490922656055754,0.01967941113436658,-0.02175707642398425,0.029336830045431334
0.6515792091519569,0.020065613987680433,-0.021274181249987832,0.029244138772751206
0.6540661526983385,0.020440218805083944,-0.020784630217361984,0.029151387583993053
0.6565530962447199,0.020803117488575745,-0.02028869909711127,0.029058578910480286
0.6590400397911015,0.021154208471081078,-0.01978666519979871,0.028965715177894088
0.6615269833374829,0.021493396731039383,-0.019278807220986363,0.02887279880617413
0.6640139268838645,0.021820593803330547,-0.01876540508681926,0.028779832209420014
0.666500870430246,0.02213571778655436,-0.018246739799839904,0.028686817795793254
0.6689878139766275,0.0224386933466803,-0.017723093285119423,0.02859375796742009
0.671474757523009,0.02272945171708651,-0.017194748236790895,0.028500655120294874
0.6739617010693906,0.023007930695008668,-0.01666198796506998,0.02840751164418416
0.676448644615772,0.023274074634422232,-0.016125096243846355,0.028314329922531526
0.6789355881621536,0.023527834435382144,-0.015584357158930175,0.028221112332363022
0.6814225317085351,0.02376916752984776,-0.015040054957034716,0.02812786124419334
0.6839094752549166,0.023998037864020914,-0.014492473895578006,0.02803457902193274
0.6863964188012981,0.02421441587722848,-0.013941898093382777,0.027941268022794615
0.6888833623476797,0.024418278477381414,-0.013388611382355102,0.02784793059720375
0.6913703058940611,0.02460960901304492,-0.012832897160219826,0.027754569088705373
0.6938572494404427,0.024788397242155806,-0.012275038244390222,0.02766118583387488
0.6963441929868242,0.024954639297424794,-0.011715316727048345,0.027567783162228274
0.6988311365332057,0.02510833764846367,-0.011154013831510774,0.027474363396133343
0.7013180800795872,0.025249501060678373,-0.010591409769954195,0.027380928850721617
0.7038050236259688,0.02537814455097108,-0.010027783602573023,0.027287481833800923
0.7062919671723502,0.025494289340296017,-0.009463413098240706,0.027194024645768873
0.7087789107187318,0.025597962803114955,-0.008898574596744757,0.027100559579526916
0.7112658542651132,0.025689198413800417,-0.008333542872663996,0.02700708892039523
0.7137527978114948,0.025768035690035676,-0.007768591000955701,0.026913614946028383
0.7162397413578763,0.025834520133262307,-0.007203990224318308,0.026820139926331654
0.7187266849042578,0.02588870316622757,-0.006640009822394214,0.026726666123378224
0.7212136284506393,0.025930642067684997,-0.006076916982875783,0.026633195791327013
0.7237005719970209,0.025960399904303374,-0.005514976674575578,0.026539731176341393
0.7261875155434023,0.025978045459839998,-0.004954451522521658,0.026446274516508574
0.7286744590897839,0.025983653161636068,-0.0043956016851350735,0.026352828041759813
0.7311614026361654,0.025977303004492587,-0.0038386847335477167,0.0262593939737914
0.7336483461825469,0.02595908047198698,-0.0032839555331142514,0.026165974525986367
0.7361352897289284,0.025929076455291168,-0.0027316661271732192,0.026072571903337047
0.73862223327531,0.02588738716955355,-0.002182065623107505,0.025979188302368367
0.7411091768216914,0.025834114067907733,-0.0016354000807557983,0.025885825911061915
0.743596120368073,0.02576936375317251,-0.0010919124032226608,0.025792486908780873
0.7460830639144544,0.02569324788730793,-0.0005518422301342332,0.02569917346619562
0.748570007460836,0.0256058830986938,-1.5425833384570855e-05,0.025605887745210245
0.7510569510072175,0.02550739088729727,0.0005171039845841606,0.025512631898889786
0.753543894553599,0.02539789752779744,0.0010455179899261445,0.025419408071388257
0.7560308380999805,0.025277533970735396,0.0015695906139213387,0.025326218397877562
0.7585177816463621,0.02514643574175887,0.0020891000468519962,0.025233065004477064
0.7610047251927435,0.025004742839031664,0.002603828329190103,0.025139950008184146
0.7634916687391251,0.024852599628877987,0.003113561440061641,0.025046875516805383
0.7659786122855066,0.0246901547397333,0.0036180893829553078,0.024953843628888688
0.7684655558318881,0.024517560954472946,0.0041172062686445085,0.02486085643365614
0.7709524993782696,0.024334975101190946,0.004610710395295019,0.024767916010937717
0.7734394429246512,0.024142557942501548,0.0050984043257300505,0.024675024431105787
0.7759263864710326,0.02394047406343637,0.00558009496182912,0.024582183755010464
0.7784133300174142,0.023728891758010698,0.006055593616036142,0.024489396033915697
0.7809002735637957,0.023507982914532388,0.006524716079956864,0.024396663309436278
0.7833872171101772,0.023277922899727504,0.006987282690024704,0.02430398761347563
0.7858741606565587,0.02303889044175645,0.007443118390218963,0.024211370968164364
0.7883611042029403,0.022791067512195274,0.007892052791818377,0.02411881538579976
0.7908480477493217,0.0225346392070562,0.008333920230176916,0.02402632286878595
0.7933349912957033,0.02226979362692204,0.008768559818509606,0.023933895409575072
0.7958219348420847,0.021996721756268805,0.009195815498678168,0.02384153499060912
0.7983088783884663,0.021715617342051127,0.009615536088968289,0.023749243584262704
0.8007958219348478,0.021426676771624704,0.010027575328851924,0.023657023152786602
0.8032827654812293,0.02113009895008009,0.010431791920730111,0.023564875648252118
0.8057697090276108,0.02082608517706215,0.01082804956865323,0.02347280301249638
0.8082566525739924,0.02051483902314846,0.011216217014018285,0.02338080717706829
0.8107435961203738,0.020196566205861237,0.011596168068242959,0.023288890063175482
0.8132305396667554,0.019871474465385185,0.01196778164242025,0.023197053581632012
0.8157174832131369,0.0195397734400651,0.012330941773956789,0.023105299632806886
0.8182044267595184,0.019201674541755226,0.012685537650202102,0.023013630106573493
0.8206913703058999,0.018857390831093186,0.013031463629075483,0.022922046882259763
0.8231783138522815,0.018507136892769623,0.013368619256701195,0.02283055182859925
0.8256652573986629,0.018151128710865553,0.013696909282062084,0.022739146803682986
0.8281522009450445,0.017789583544327366,0.01401624366868573,0.022647833654912245
0.830639144491426,0.017422719802650467,0.014326537603376524,0.02255661421895206
0.8331260880378075,0.01705075692184019,0.014627711502011125,0.02246549032168561
0.835613031584189,0.01667391524071966,0.014919691012414204,0.022374463778169446
0.8380999751305706,0.016292415877652264,0.015202407014334516,0.022283536392589547
0.840586918676952,0.015906480607746444,0.015475795616542155,0.02219270995821824
0.8430738622233336,0.01551633174060926,0.015739798151069666,0.022101986257371857
0.845560805769715,0.015122191998714861,0.015994361164621107,0.02201136706136935
0.8480477493160966,0.014724284396452651,0.016239436407174793,0.021920854130491656
0.8505346928624781,0.014322832119919452,0.016474980817806784,0.021830449213941932
0.8530216364088596,0.013918058407519026,0.016700956507763594,0.021740154049806597
0.8555085799552411,0.01351018643143071,0.016917330740814578,0.02164997036501723
0.8579955235016227,0.013099439180009526,0.0171240759109146,0.021559899875313298
0.8604824670480041,0.012686039341176923,0.01732116951721063,0.021469944285205662
0.8629694105943857,0.012270209186862585,0.017508594136425568,0.021380105287941
0.8654563541407672,0.011852170458554544,0.01768633739265546,0.021290384565467006
0.8679432976871487,0.011432144254015742,0.017854391924615954,0.021200783788398403
0.8704302412335302,0.011010350915222133,0.018012755350376764,0.02111130461598382
0.8729171847799118,0.010587009917578159,0.018161430229622508,0.021021948696073458
0.8754041283262932,0.010162339760462642,0.018300424023480776,0.02093271766508764
0.8778910718726748,0.009736557859157953,0.01842974905195861,0.02084361314798612
0.8803780154190562,0.009309880438213854,0.01854942244902994,0.020754636758238215
0.8828649589654378,0.008882522426295999,0.018659466115417717,0.020665790097793825
0.8853519025118193,0.00845469735256796,0.01875990666911536,0.020577074757055207
0.8878388460582008,0.008026617244654392,0.018850775393693155,0.020488492314849584
0.8903257896045823,0.0075984925282315905,0.018932108184436316,0.0204000443384026
0.8928127331509639,0.007170531928290384,0.019003945492362215,0.020311732383312506
0.8952996766973453,0.006742942372115016,0.019066332266165324,0.0202235579935253
0.8977866202437269,0.006315928894020205,0.019119317892139148,0.020135522701310523
0.9002735637901084,0.005889694541887556,0.01916295613212529,0.020047628027237994
0.9027605073364899,0.005464440285540159,0.019197305059540735,0.019959875480155244
0.9052474508828714,0.0050403649269946255,0.019222426993534773,0.019872266557165837
0.907734394429253,0.004617665012625956,0.019238388431328326,0.019784802743608478
0.9102213379756344,0.004196534747281816,0.019245259978788374,0.019697485513036867
0.912708281522016,0.003777165910378872,0.019243116279291574,0.01961031632720045
0.9151952250683975,0.0033597477740147782,0.01923203594093101,0.01952329663602588
0.917682168614779,0.0029444670231256473,0.01921210146212134,0.019436427877599305
0.9201691121611605,0.002531507677719599,0.019183399155657373,0.01934971147814947
0.922656055707542,0.0021210510172135436,0.019146019071282258,0.019263148852031606
0.9251429992539235,0.0017132755069002564,0.019100054916821374,0.019176741401712043
0.9276299428003051,0.001308356726570801,0.019045603977938873,0.019090490517753703
0.9301168863466865,0.0009064673013157813,0.018982767036573808,0.01900439757880233
0.9326038298930681,0.0005077768345276545,0.018911648288113397,0.018918463951573483
0.9350907734394496,0.00011245184312473447,0.018832355257361127,0.018832690990840353
0.9375777169858311,-0.0002793443049839453,0.01874499871335765,0.018747080039422322
0.9400646605322126,-0.0006674514511752276,0.01864969258311276,0.018661632428174306
0.9425516040785942,-0.001051712704113707,0.01854655386430677,0.018576349475976882
0.9450385476249756,-0.0014319744954640902,0.01843570253701988,0.01849123248972715
0.9475254911713572,-0.0018080866333009414,0.01831726147454811,0.01840628276433039
0.9500124347177387,-0.0021799023532040854,0.018191356353364586,0.018321501582692475
0.9524993782641202,-0.0025472783670289546,0.018058115562284902,0.01823689021571304
0.9549863218105017,-0.00291007490934388,0.017917670110895224,0.018152449922279386
0.9574732653568833,-0.0032681557815259824,0.017770153537301995,0.0180681819492612
0.9599602089032647,-0.003621388393510778,0.01761570181526164,0.017984087531505925
0.9624471524496463,-0.003969643803190039,0.017454453260749122,0.017900167891835003
0.9649340959960278,-0.004312796753455869,0.01728654843802326,0.017816424241040733
0.9674210395424093,-0.004650725706888466,0.017112130065247456,0.017732857777883946
0.9699079830887908,-0.004983312878088164,0.016931342919723577,0.017649469689092447
0.9723949266351724,-0.0053104442636526285,0.01674433374279658,0.01756626114936008
0.9748818701815538,-0.0056320096698016225,0.016551251144487713,0.01748323332134662
0.9773688137279354,-0.005947902737653833,0.01635224550791302,0.01740038735567836
0.9798557572743168,-0.006258020966160847,0.01614746889354415,0.01731772439094943
0.9823427008206984,-0.0065622657327049,0.015937074943367838,0.017235245553723796
0.9848296443670799,-0.006860542311368536,0.015721218784999998,0.01715295195853806
0.9873165879134614,-0.007152759888885749,0.015500056935809971,0.01707084470790487
0.9898035314598429,-0.007438831578285075,0.015273747207110003,0.016988924892317108
0.9922904750062245,-0.00771867443023643,0.015042448608464641,0.016907193590252802
0.9947774185526059,-0.007992209442115325,0.014806321252173798,0.016825651868180646
0.9972643620989875,-0.00825936156479876,0.014565526257983208,0.016744300780566303
0.999751305645369,-0.00852005970720818,0.014320225658075138,0.016663141369879387
1.0022382491917505,-0.008774236738617113,0.01407058230239135,0.01658217466660109
1.004725192738132,-0.009021829488740758,0.013816759764340372,0.016501401689232566
1.0072121362845134,-0.009262778745627613,0.013558922246939518,0.016420823444303945
1.0096990798308951,-0.00949702925137277,0.013297234489442387,0.01634044092638403
1.0121860233772766,-0.009724529695675214,0.01303186167450092,0.016260255118090705
1.014672966923658,-0.00994523270726096,0.012762969335911215,0.016180266990101957
1.0171599104700395,-0.010159094843196463,0.01249072326699076,0.016100477501167637
1.0196468540164212,-0.01036607657611657,0.012215289429634492,0.016020887598121796
1.0221337975628026,-0.010566142279393145,0.01193683386409598,0.01594149821589577
1.024620741109184,-0.010759260210270882,0.011655522599539395,0.015862310277531825
1.0271076846555656,-0.010945402490998284,0.011371521565406948,0.015783324694197565
1.0295946282019472,-0.011124545087982544,0.01108499650364547,0.015704542365200868
1.0320815717483287,-0.011296667788997947,0.010796112881835214,0.01562596417800553
1.0345685152947102,-0.011461754178478296,0.010505035807262891,0.015547591008247555
1.0370554588410916,-0.011619791610924853,0.010211929941979976,0.01546942371975203
1.0395424023874733,-0.011770771182462187,0.00991695941888632,0.015391463164550676
1.0420293459338548,-0.011914687700574848,0.009620287758878378,0.015313710182899988
1.0445162894802362,-0.012051539652058978,0.009322077789100039,0.015236165603300001
1.0470032330266177,-0.012181329169223197,0.00902249156233353,0.01515883024251369
1.0494901765729994,-0.012304061994374657,0.008721690277566084,0.015081704905586954
1.0519771201193808,-0.012419747442625806,0.008419834201768102,0.015004790385869243
1.0544640636657623,-0.012528398363059202,0.008117082592916177,0.014928087465034738
1.0569510072121437,-0.012630031098287284,0.007813593624294842,0.014851596913104158
1.0594379507585254,-0.012724665442445719,0.007509524310108142,0.01477531948846716
1.0619248943049069,-0.012812324597658312,0.007205030432432908,0.01469925593790531
1.0644118378512883,-0.012893035129013514,0.0069002664695424305,0.014623406996615669
1.0668987813976698,-0.01296682691809145,0.006595385525630327,0.014547773388234883
1.0693857249440515,-0.013033733115082291,0.006290539261961653,0.01447235582486396
1.071872668490433,-0.013093790089536471,0.005985877829477824,0.014397155007093506
1.0743596120368144,-0.013147037379788019,0.005681549802880832,0.014322171624029599
1.0768465555831959,-0.013193517641092471,0.00537770211622118,0.01424740635332017
1.0793334991295775,-0.013233276592521447,0.005074480000012578,0.014172859861181995
1.081820442675959,-0.013266362962656222,0.004772026919895361,0.01409853280242816
1.0843073862223405,-0.013292828434122972,0.004470484516869638,0.014024425820496157
1.086794329768722,-0.013312727587012513,0.004169992549118158,0.013950539547476468
1.0892812733151036,-0.013326117841227962,0.003870688835437124,0.013876874604141661
1.091768216861485,-0.013333059397803725,0.0035727092002926955,0.013803431599976084
1.0942551604078665,-0.013333615179239375,0.003276187420519772,0.013730211133206025
1.096742103954248,-0.013327850768892514,0.002981255173677702,0.01365721379083043
1.0992290475006297,-0.013315834349474387,0.002688041988077769,0.013584440148652099
1.1017159910470111,-0.013297636640692632,0.002396675194494647,0.013511890771309439
1.1042029345933926,-0.013273330836085173,0.0021072798795744355,0.013439566212308669
1.106689878139774,-0.013242992539089777,0.0018199788409492194,0.013367467014056566
1.1091768216861557,-0.01320669969839345,0.0015348925440684682,0.013295593707893702
1.1116637652325372,-0.013164532542606106,0.001252139080755132,0.01322394681412813
1.1141507087789186,-0.013116573514302874,0.0009718341294941881,0.013152526842069601
1.1166376523253,-0.013062907203479284,0.0006940909174596182,0.013081334290064256
1.1191245958716818,-0.013003620280463576,0.0004190201842851924,0.013010369645529754
1.1216115394180632,-0.012938801428330293,0.00014673014758299094,0.012939633384990925
1.1240984829644447,-0.012868541274859095,-0.00012267352978747171,0.012869125974115828
1.1265854265108262,-0.012792932324082773,-0.0003890877706975424,0.012798847867752325
1.1290723700572078,-0.012712068887467972,-0.000652412112974266,0.01272879950996506
1.1315593136035893,-0.012626047014772298,-0.0009125487368719484,0.012658981334072937
1.1340462571499708,-0.012534964424620858,-0.0011694024907923238,0.012589393762686979
1.1365332006963522,-0.012438920434845457,-0.001422880915254652,0.0125200372077487
1.139020144242734,-0.012338015892628942,-0.0016728942651201412,0.012450912070568814
1.1415070877891154,-0.012232353104497384,-0.0019193555300742275,0.012382018741866504
1.1439940313354968,-0.012122035766201942,-0.002162180453372824,0.012313357601808964
1.1464809748818783,-0.012007168892532411,-0.0024012875488582048,0.012244929020051504
1.14896791842826,-0.011887858747103616,-0.0026365981162525687,0.012176733355777918
1.1514548619746414,-0.01176421277215593,-0.0028680362547369156,0.012108770957741422
1.1539418055210229,-0.011636339518410184,-0.003095528874825172,0.012041042164305835
1.1564287490674043,-0.011504348575017491,-0.0033190057085429885,0.011973547303487299
1.158915692613786,-0.01136835049964331,-0.0035383993179232435,0.011906286692996267
1.1614026361601675,-0.01122845674872531,-0.0037536451018293573,0.01183926064027997
1.163889579706549,-0.011084779607943612,-0.003964681301119846,0.011772469442565221
1.1663765232529304,-0.01093743212294162,-0.004171449002167792,0.011705913386901592
1.168863466799312,-0.010786528030335203,-0.004373892138749826,0.011639592750204989
1.1713504103456935,-0.010632181689047341,-0.004571957492319958,0.011573507799301564
1.173837353892075,-0.010474508012004858,-0.004765594690684622,0.011507658790972012
1.1763242974384565,-0.010313622398233127,-0.004954756205096085,0.011442045971996186
1.1788112409848381,-0.010149640665384275,-0.0051393973457819035,0.011376669579198133
1.1812981845312196,-0.009982678982733525,-0.005319476255929171,0.011311529839491378
1.183785128077601,-0.009812853804677968,-0.005494953904142679,0.011246626969924615
1.1862720716239825,-0.009640281804771115,-0.00566579407539747,0.011181961177727729
1.1887590151703642,-0.009465079810326191,-0.00583196336050602,0.011117532660358104
1.1912459587167457,-0.009287364737620176,-0.00599343114412208,0.01105334160554731
1.1937329022631271,-0.009107253527730279,-0.006150169591302718,0.010989388191348063
1.1962198458095086,-0.008924863083033311,-0.0063021536326518844,0.010925672586181512
1.1987067893558903,-0.008740310204398376,-0.006449360948068354,0.010862194948884848
1.2011937329022717,-0.00855371152910188,-0.00659177194912245,0.01079895542875921
1.2036806764486532,-0.00836518346949358,-0.006729369760085912,0.010735954165617855
1.2061676199950346,-0.008174842152441648,-0.006862140197639958,0.010673191289834684
1.2086545635414163,-0.00798280335958359,-0.006990071749287387,0.01061066692239299
1.2111415070877978,-0.007789182468409494,-0.007113155550494819,0.010548381174934526
1.2136284506341792,-0.007594094394203177,-0.007231385360591652,0.010486334149808854
1.2161153941805607,-0.007397653532865938,-0.007344757537452945,0.010424525940122924
1.2186023377269424,-0.007199973704646898,-0.007453271010993887,0.01036295662979097
1.2210892812733238,-0.007001168098803089,-0.007556927255503803,0.010301626293584634
1.2235762248197053,-0.006801349219211761,-0.0076557302608480475,0.010240534997183347
1.2260631683660868,-0.006600628830956518,-0.007749686502566674,0.010179682797224995
1.2285501119124684,-0.006399117907907652,-0.00783880491089922,0.010119069741356769
1.23103705545885,-0.006196926581317279,-0.007923096838764711,0.010058695868286309
1.2335239990052314,-0.005994164089447745,-0.008002576028727216,0.009998561207833073
1.2360109425516128,-0.005790938728252095,-0.008077258578976596,0.00993866578097991
1.2384978860979945,-0.0055873578031236685,-0.00814716290835535,0.00987900959992489
1.240984829644376,-0.005383527581731857,-0.008212309720461726,0.009819592668133328
1.2434717731907574,-0.005179553247959396,-0.008272721966860455,0.009760414980390037
1.2459587167371389,-0.004975538856956615,-0.008328424809431818,0.009701476522851794
1.2484456602835206,-0.0047715872913263995,-0.008379445581890632,0.009642777273100008
1.250932603829902,-0.0045678002184534,-0.00842581375050644,0.009584317200193572
1.2534195473762835,-0.004364278048989825,-0.008467560874056613,0.009526096264721914
1.255906490922665,-0.0041611198965096205,-0.008504720563044027,0.009468114418858285
1.2583934344690466,-0.003958423538341694,-0.008537328438211159,0.009410371606413136
1.260880378015428,-0.003756285377592213,-0.008565422088382603,0.00935286776288779
1.2633673215618095,-0.0035548004063650886,-0.008589041027667874,0.00929560281552818
1.265854265108191,-0.003354062170189112,-0.008608226652056575,0.009238576683378824
1.2683412086545727,-0.0031541627336591563,-0.008623022195437953,0.00918178927733695
1.2708281522009541,-0.002955192647298081,-0.00863347268507694,0.009125240500206789
1.2733150957473356,-0.0027572409156453623,-0.008639624896578574,0.00906893024675398
1.275802039293717,-0.002560394966577382,-0.008641527308372964,0.00901285840376018
1.2782889828400987,-0.0023647406218639047,-0.008639230055752511,0.008957024850077776
1.2807759263864802,-0.0021703620689638293,-0.008632784884493457,0.00890142945668479
1.2832628699328616,-0.001977341834063395,-0.008622245104093281,0.008846072086739841
1.285749813479243,-0.0017857607563582633,-0.008607665540655797,0.008790952595637317
1.2882367570256248,-0.0015956979635811152,-0.008589102489455248,0.008736070831062627
1.2907237005720062,-0.0014072308487746473,-0.008566613667210914,0.008681426633047579
1.2932106441183877,-0.001220435048310061,-0.008540258164103262,0.008627019834025886
1.2956975876647692,-0.0010353844211495385,-0.008510096395562761,0.008572850258888782
1.2981845312111508,-0.0008521510293509742,-0.008476190053862003,0.008518917725040728
1.3006714747575323,-0.000670805119812519,-0.008438602059541823,0.008465222042455247
1.3031584183039138,-0.0004914151072533133,-0.008397396512701612,0.00841176301373083
1.3056453618502952,-0.0003140475584265514,-0.008352638644184,0.008358540434146959
1.308132305396677,-0.00013876717756016713,-0.008304394766683595,0.008305554091720185
1.3106192489430584,3.436320698033846e-05,-0.008252732225809366,0.008252803767260336
1.3131061924894398,0.00020528265481309477,-0.008197719351129824,0.008200289234426766
1.3155931360358213,0.00037393212445181414,-0.008139425407229874,0.00814801025978467
1.318080079582203,0.0005402544830157864,-0.008077920544807979,0.008095966602861543
1.3205670231285844,0.0007041945147462535,-0.00801327575184168,0.008044158016203593
1.3230539666749659,0.0008656989283377405,-0.007945562804849477,0.007992584245432298
1.3255409102213476,0.0010247163630935307,-0.00787485422027647,0.007941245029300993
1.328027853767729,0.0011811973939155767,-0.007801223206030821,0.00789014009975151
1.3305147973141105,0.0013350945351389399,-0.0077247436131977956,0.007839269181970854
1.333001740860492,0.0014863622432223123,-0.0076454898879575635,0.007788631994447948
1.3354886844068736,0.0016349569183058636,-0.007563537023732721,0.007738228249030384
1.337975627953255,0.0017808369046490818,-0.007478960513590844,0.0076880576509812375
1.3404625714996365,0.0019239624899609533,-0.007391836302927134,0.007638119899035903
1.342949515046018,0.002064295903636134,-0.00730224074245158,0.007588414685458928
1.3454364585923997,0.0022018013139106984,-0.007210250541504795,0.007538941696100924
1.3479234021387811,0.0023364448239519093,-0.007115942721725967,0.00748970061045543
1.3504103456851626,0.0024681944668966697,-0.007019394571096153,0.007440691101715854
1.352897289231544,0.002597020199853979,-0.006920683598379386,0.007391912836832362
1.3553842327779257,0.0027228938968871528,-0.006819887487983761,0.007343365476568816
1.3578711763243072,0.0028457893409918993,-0.006717084055264014,0.007295048675559688
1.3603581198706887,0.0029656822150867746,-0.0066123512022867375,0.007246962082366988
1.3628450634170701,0.0030825500920330364,-0.0065057668740786815,0.007199105339537154
1.3653320069634518,0.003196372423701341,-0.006397409015378186,0.007151478083657984
1.3678189505098333,0.003307130529102883,-0.006287355527909182,0.007104079945415484
1.3703058940562147,0.0034148075816032336,-0.006175684228196664,0.007056910549650743
1.3727928376025962,0.003519388595237124,-0.006062472805942094,0.007009969515416777
1.3752797811489779,0.0036208604101432558,-0.005947798782976354,0.006963256456035336
1.3777667246953593,0.0037192116771378758,-0.005831739472807725,0.006916770979153672
1.3802536682417408,0.0038144328414468753,-0.00571437194078134,0.006870512686801297
1.3827406117881222,0.003906516125615738,-0.005595772964866448,0.006824481175446675
1.385227555334504,0.003995455511617621,-0.0054760189970868,0.00677867603605388
1.3877144988808854,0.004081246722179408,-0.005355186125609394,0.006733096854139224
1.3902014424272668,0.004163887201346575,-0.0052333500375056075,0.006687743209827793
1.3926883859736483,0.004243376094307121,-0.005110585982198896,0.006642614677909974
1.39517532952003,0.0043197142264956735,-0.004986968735612035,0.006597710827897887
1.3976622730664114,0.004392904081998745,-0.004862572565026616,0.00655303122408178
1.400149216612793,0.004462949781282391,-0.004737471194666834,0.00650857542558635
1.4026361601591744,0.004529857058263557,-0.004611737772019077,0.006464342986426977
1.405123103705556,0.00459363323674672,-0.004485444834898186,0.006420333455565915
1.4076100472519375,0.004654287206247485,-0.00435866427927062,0.006376546376968389
1.410096990798319,0.004711829397224866,-0.0042314673278442795,0.006332981289658611
1.4125839343447004,0.004766271755744061,-0.0041039244994341886,0.006289637727775721
1.415070877891082,0.0048176277175917765,-0.003976105579112437,0.006246515220629627
1.4175578214374636,0.004865912181866063,-0.003848079589150393,0.0062036132927567635
1.420044764983845,0.004911141484062656,-0.0037199147607607118,0.0061609314639757655
1.4225317085302265,0.004953333368680086,-0.0035916785066456482,0.006118469249443028
1.4250186520766082,0.0049925069613654905,-0.0034634373943582333,0.006076226159708164
1.4275055956229896,0.005028682740623472,-0.003335257120481672,0.00603420170076938
1.429992539169371,0.005061882509109941,-0.0032072024856323084,0.005992395374128714
1.4324794827157525,0.00509212936453323,-0.0030793373702905,0.005950806676847198
1.4349664262621342,0.005119447670184448,-0.002951724711463389,0.005909435101599864
1.4374533698085157,0.005143863025119165,-0.002824426480183138,0.0058682801367306745
1.4399403133548971,0.005165402234012398,-0.0026975036598432447,0.0058273412663073015
1.4424272569012786,0.00518409327670886,-0.002571016225375389,0.005786617970175802
1.4449142004476603,0.005199965277490183,-0.002445023123268576,0.0057461097240151604
1.4474011439940417,0.005213048474080956,-0.0023195822524317736,0.005705815999391696
1.4498880875404232,0.005223374186415155,-0.002194750445900707,0.0056657362638133394
1.4523750310868047,0.005230974785184474,-0.0020705834533890316,0.0056258699807837905
1.4548619746331863,0.005235883660189892,-0.0019471359246835465,0.005586216609856508
1.4573489181795678,0.0052381351885177115,-0.001824461393882587,0.005546775606688581
1.4598358617259493,0.005237764702561174,-0.0017026122644761858,0.0055075464230944495
1.4623228052723307,0.005234808457908463,-0.00158163979526617,0.005468528507099473
1.4648097488187124,0.005229303601117869,-0.0014615940871239008,0.005429721302993355
1.4672966923650939,0.00522128813740059,-0.001342524070582761,0.005391124251383401
1.4697836359114753,0.005210800898231571,-0.001224477494262108,0.0053527367892476614
1.4722705794578568,0.005197881508908368,-0.0011075009141188466,0.005314558349987853
1.4747575230042385,0.005182570356078036,-0.0009916396835225093,0.00527658836348217
1.47724446655062,0.005164908555251633,-0.0008769379441490957,0.00523882625613791
1.4797314100970014,0.005144937918325769,-0.0007634386176885565,0.005201271450943943
1.4822183536433828,0.00512270092113037,-0.0006511833983603184,0.0051639233675229955
1.4847052971897645,0.005098240671021573,-0.0005402127462309058,0.005126781422183789
1.487192240736146,0.005071600874538335,-0.00043056588132728735,0.0050898450279729685
1.4896791842825274,0.005042825805141195,-0.0003222807785391185,0.005053113594726891
1.492166127828909,0.00501196027105121,-0.00021539416330263107,0.005016586529123221
1.4946530713752906,0.004979049583206842,-0.00010994150805862175,0.004980263234732321
1.497140014921672,0.004944139523356336,-5.957029476612342e-06,0.004944143112068501
1.4996269584680535,0.004907276312302697,9.652631356319393e-05,0.004908225558641051
1.502113902014435,0.004868506578318175,0.00019747682123888246,0.004872509969005088
1.5046008455608166,0.004827877325744789,0.00029686405331572747,0.0048369957348122295
1.507087789107198,0.004785435903797074,0.0003946588289443642,0.00480168224486105
1.5095747326535796,0.004741229975582985,0.0004908332257379726,0.004766568885147362
1.512061676199961,0.004695307487358446,0.0005853605781385248,0.004731655038914285
1.5145486197463427,0.004647716638030772,0.0006782154750824074,0.0046969400867021205
1.5170355632927242,0.0045985058489258265,0.000769373756975901,0.004662423406398034
1.5195225068391056,0.0045477237338333275,0.0008588125119917511,0.004628104373285516
1.522009450385487,0.0044954190693445315,0.0009465100716976085,0.004593982360093633
1.5244963939318688,0.004441640765496034,0.001032446006028116,0.004560056737046108
1.5269833374782502,0.004386437836733019,0.0011166011176121946,0.004526326871910142
1.5294702810246317,0.004329859373205097,0.0011989574354674662,0.004492792130045053
1.5319572245710131,0.004271954512407309,0.001279498208074023,0.004459451874450694
1.5344441681173948,0.004212772411178595,0.0013582078958399647,0.004426305465815654
1.5369311116637763,0.004152362218069615,0.001435072162971292,0.00439335226256524
1.5394180552101577,0.004090773046091457,0.0015100778687589236,0.004360591620909239
1.5419049987565392,0.004028053945856329,0.0015832130582958777,0.0043280228948894585
1.5443919423029209,0.00396425387912099,0.0016544669526378224,0.004295645436427045
1.5468788858493023,0.0038994216927432483,0.0017238299384203016,0.004263458595369581
1.5493658293956838,0.0038336060930615084,0.0017912935569461197,0.004231461719537943
1.5518527729420653,0.0037668556207069194,0.001856850492756565,0.004199654154772939
1.554339716488447,0.0036992186258572885,0.0019204945617002829,0.004168035244981723
1.5568266600348284,0.003630743243941527,0.001982220698513672,0.004136604332183956
1.5593136035812099,0.003561477371803043,0.002042024943926828,0.004105360756557757
1.5618005471275913,0.0034914686443300764,0.002099904431309147,0.004074303856485411
1.564287490673973,0.003420764411560465,0.002155857372868928,0.004043432968598828
1.5667744342203545,0.0033494117162681876,0.0022098830454211197,0.004012747427824773
1.569261377766736,0.0032774572720383932,0.002261981775737731,0.003982246567429868
1.5717483213131174,0.003204947441837357,0.0023121549254952628,0.003951929719065336
1.574235264859499,0.003131928217083396,0.0023604048758336963,0.003921796212811505
1.5767222084058805,0.003058445197224346,0.0024067350115416063,0.0038918453772220766
1.579209151952262,0.002984543569826866,0.0024511497048819585,0.0038620765393681425
1.5816960954986434,0.0029102680911824237,0.002493654299073161,0.0038324890248819556
1.584183039045025,0.0028356630674344495,0.0025342550914400196,0.003803082158000457
1.5866699825914066,0.0027607723362306977,0.0025729593162492448,0.003773855261608543
1.589156926137788,0.0026856392489045806,0.0026097751272440906,0.0037448076572821026
1.5916438696841695,0.0026103066531887775,0.0026447115798927242,0.003715938665330776
1.5941308132305512,0.002534816876464119,0.0026777786133649283,0.0036872476048404874
1.5966177567769326,0.0024592117095462583,0.0027089870322517026,0.0036587337937157055
1.599104700323314,0.0023835323910124215,0.002738348488042247,0.003630396548721455
1.6015916438696955,0.0023078195920700683,0.0027658754603727925,0.003602235185525074
1.6040785874160772,0.0022321134019689767,0.0027915812380616793,0.0035742490187377117
1.6065655309624587,0.002156453313957841,0.0028154798999450534,0.003546437361955567
1.6090524745088401,0.0020808782117862725,0.0028375862955274025,0.0035187995278008893
1.6115394180552216,0.002005426356752474,0.002857916025461138,0.0034913348279626646
1.6140263616016033,0.0019301353752969046,0.002876485421869306,0.003464042573237107
1.6165133051479847,0.0018550422471415313,0.0028933115285254014,0.003436922073567845
1.6190002486943662,0.0017801832939741396,0.002908412080904225,0.0034099726380858635
1.6214871922407477,0.001705594168676791,0.0029218054861175026,0.0033831935751491684
1.6239741357871293,0.0016313098450972422,0.002933510802747952,0.0033565841923822084
1.6264610793335108,0.0015573646083617354,0.002943547720595293,0.0033301437967150076
1.6289480228798923,0.0014837920457272964,0.0029519365403476473,0.003303871694422051
1.6314349664262737,0.001410625037971385,0.002958698153191534,0.0032777671911608922
1.6339219099726554,0.0013378957513164487,0.0029638540203735676,0.0032518295920104983
1.6364088535190369,0.001265635629886592,0.0029674261527268316,0.0032260582015093274
1.6388957970654183,0.0011938753886932872,0.002969437090174713,0.003200452323693139
1.6413827406117998,0.0011226450071467973,0.002969909881224809,0.0031750112621325285
1.6438696841581815,0.0010519737230897156,0.0029688680624653696,0.0031497343199701966
1.646356627704563,0.0009818900273487145,0.0029663356380765526,0.0031246207999579543
1.6488435712509444,0.0009124216588003053,0.0029623370593685823,0.003099670004493446
1.6513305147973258,0.0008435955999462313,0.002956897204358726,0.0030748812356566056
1.6538174583437075,0.0007754380729938237,0.0029500413573987907,0.0030502537952458437
1.656304401890089,0.0007079745364364173,0.0029417951888646566,0.0030257869848139677
1.6587913454364704,0.0006412296821285578,0.0029321847349191776,0.0030014801057038076
1.661278288982852,0.0005752274328507707,0.0029212363773595353,0.002977332459083592
1.6637652325292336,0.0005099909403581375,0.002908976823559968,0.0029533433459820444
1.666252176075615,0.0004455425839069223,0.002895433086520528,0.0029295120673231995
1.6687391196219965,0.000381903969253165,0.0028806324650323496,0.0029058379239609478
1.671226063168378,0.0003190959281169649,0.00286460252396968,0.0028823202167133142
1.6737130067147596,0.000257138518106011,0.0028473710747186614,0.002858958246396449
1.676199950261141,0.00019605102309173272,0.0028289661557526708,0.0028357513138583504
1.6786868938075226,0.00013585195403121192,0.0028094160133637796,0.0028126987200123178
1.681173837353904,7.655905022782117e-05,0.0027887490825596346,0.002789799765870122
1.6836607809002857,1.8189281023423073e-05,0.002766993968134856,0.002767053752574898
1.6861477244466672,-3.924115208520049e-05,0.0027441794259258005,0.002744459981433767
1.6886346679930486,-9.571681291321846e-05,0.0027203343442572954,0.0027220177539501894
1.69112161153943,-0.0001512230276455968,0.0026954877255896716,0.0026997263718560225
1.6936085550858118,-0.00020574588149370324,0.002669668668374267,0.0026775851371433276
1.6960954986321932,-0.000259272214958588,0.0026429063491252005,0.002655593352095879
1.6985824421785747,-0.00031178961970902946,0.002615230004715085,0.002633750319320411
1.7010693857249561,-0.00036328643408255873,0.0025866689149020134,0.0026120553417775783
1.7035563292713378,-0.00041375173821769657,0.002557252385094963,0.002590507722812662
1.7060432728177193,-0.00046317534882592346,0.0025270097293644254,0.0025691067661859604
1.7085302163641007,-0.0005115478136117677,0.0024959702537049534,0.0025478517761029482
1.7110171599104822,-0.0005588604053497044,0.002464163239555912,0.0025267420572441346
1.7135041034568639,-0.0006051051156265515,0.0024316179275865584,0.0025057769147946453
1.7159910470032453,-0.0006502746482581278,0.0023983635017513077,0.0024849556544735414
1.7184779905496268,-0.0006943624123890026,0.0023644290736207674,0.0024642775825628564
1.7209649340960083,-0.0007373625152842705,0.0023298436669938805,0.0024437420059363548
1.72345187764239,-0.0007792697548223476,0.002294636202796265,0.0024233482320880225
1.7259388211887714,-0.0008200796116977984,0.0022588354842695735,0.00240309556916028
1.7284257647351529,-0.0008597882413432559,0.002222470182456464,0.002382983325971921
1.7309127082815343,-0.0008983924655795716,0.0021855688219854985,0.0023630108120457727
1.733399651827916,-0.0009358897640033583,0.0021481597671600483,0.002343177337636094
1.7358865953742975,-0.0009722782651210933,0.0021102712083550163,0.0023234822137556863
1.738373538920679,-0.0010075567372389656,0.0020719311487249837,0.002303924752202741
1.7408604824670604,-0.0010417245791176969,0.002033167391227077,0.0022845042655874077
1.743347426013442,-0.0010747818104015832,0.0019940075259616548,0.0022652200673580975
1.7458343695598235,-0.0011067290618309682,0.001954478917833632,0.0022460714718275064
1.748321313106205,-0.0011375675652473213,0.0019146086945370877,0.0022270577941983748
1.7508082566525864,-0.0011672991434002668,0.001874423734865413,0.002208178350588965
1.7532952001989681,-0.0011959261995656064,0.001833950657349231,0.0021894324580582773
1.7557821437453496,-0.0012234517069836409,0.001793215809223883,0.0021708194346309988
1.758269087291731,-0.0012498791981268907,0.0017522452557281413,0.0021523385993221645
1.7607560308381125,-0.0012752127538063424,0.001711064769735599,0.0021339892721615765
1.7632429743844942,-0.0012994569921253019,0.0016696998217198733,0.002115770774217924
1.7657299179308756,-0.0013226170572899314,0.0016281755700546013,0.0020976824276226617
1.768216861477257,-0.00134469860828544,0.001586516851648953,0.0020797235555936044
1.7707038050236386,-0.0013657078074268674,0.0015447481729191812,0.0020618934824582595
1.7731907485700202,-0.0013856513087933575,0.0015028937010965057,0.002044191533676895
1.7756776921164017,-0.0014045362465547548,0.0014609772558713827,0.0020266170358653347
1.7781646356627832,-0.001422370223199281,0.001419022301374056,0.0020091693168174988
1.7806515792091646,-0.0014391612976709484,0.0013770519384910347,0.0019918477055276703
1.7831385227555463,-0.0014549179734253473,0.001335088897516966,0.0019746515322125032
1.7856254663019278,-0.0014696491864123402,0.0012931555311411198,0.001957580128332765
1.7881124098483092,-0.0014833642929940887,0.0012512738077675707,0.0019406328266148155
1.7905993533946907,-0.001496073057806776,0.0012094653051679296,0.001923808961071829
1.7930862969410724,-0.0015077856415742752,0.001167751204465287,0.0019071078670247464
1.7955732404874538,-0.001518512588881959,0.0011261522844478594,0.001890528881122984
1.7980601840338353,-0.0015282648159186763,0.0010846889162105969,0.0018740713413648545
1.8005471275802167,-0.0015370535981948884,0.001043381058122934,0.0018577345871177578
1.8030340711265984,-0.0015448905582447863,0.0010022482511205814,0.0018415179591380994
1.8055210146729799,-0.0015517876533201454,0.0009613096143191502,0.001825420799590954
1.8080079582193613,-0.0015577571630835446,0.0009205838409471876,0.0018094424520694683
1.8104949017657428,-0.0015628116773084547,0.0008800891945960912,0.0017935822616140197
1.8129818453121245,-0.0015669640835935708,0.0008398435057841734,0.0017778395747311086
1.815468788858506,-0.0015702275550986587,0.0007998641688320126,0.0017622137394120037
1.8179557324048874,-0.0015726155383090593,0.0007601681390460401,0.0017467041051511304
1.8204426759512689,-0.001574141740835846,0.000720771930207212,0.0017313100229642113
1.8229296194976505,-0.0015748201192585071,0.0006816916123614621,0.0017160308454061508
1.825416563044032,-0.0015746648670168953,0.0006429428099084726,0.001700865926588671
1.8279035065904135,-0.0015736904023590601,0.0006045406999851728,0.0016858146221977025
1.830390450136795,-0.0015719113563514144,0.0005665000111402586,0.001670876289510524
1.8328773936831766,-0.0015693425609575474,0.0005288350222959074,0.0016560502874126456
1.835364337229558,-0.001565999037191894,0.0004915595619927256,0.0016413359764144634
1.8378512807759395,-0.001561895983354278,0.00045468700791383653,0.001626732718667656
1.840338224322321,-0.0015570487633512153,0.00041823028668393127,0.0016122398779813358
1.8428251678687027,-0.0015514728951097356,0.0003822018739390457,0.0015978568198379676
1.845312111415084,-0.001545184039089305,0.0003466137946625459,0.0015835829114090327
1.8477990549614656,-0.0015381979868972857,0.00031147762378297883,0.0015694175215704561
1.850285998507847,-0.0015305306500132483,0.00027680448702908857,0.0015553600209177983
1.8527729420542287,-0.0015221980486272498,0.00024260506203736885,0.0015414097817811987
1.8552598856006102,-0.0015132163005970752,0.0002088895797074001,0.001527566178240089
1.8577468291469916,-0.0015036016105292708,0.0001756678258001194,0.0015138285861376636
1.860233772693373,-0.0014933702589886467,0.00014294914277409717,0.0015001963830951156
1.8627207162397548,-0.0014825385918407691,0.00011074243185484448,0.0014866689485256413
1.8652076597861362,-0.0014711230097317954,7.905615533210786e-05,0.0014732456636482017
1.8676946033325177,-0.00145913995770988,4.789833908002298e-05,0.001459925911501065
1.8701815468788991,-0.0014466059149921798,1.7276575294942095e-05,0.0014467090769551022
1.8726684904252808,-0.0014335373848813676,-1.2801974554283639e-05,0.0014335945467268624
1.8751554339716623,-0.001419950884835385,-4.23305765688366e-05,0.0014205817093914178
1.8776423775180437,-0.0014058629366940126,-7.13029210606156e-05,0.0014076699553949744
1.8801293210644252,-0.0013912900570656828,-9.971311899644587e-05,0.0013948586770672613
1.8826162646108069,-0.0013762487478778036,-0.00012755569825121003,0.0013821472686336921
1.8851032081571883,-0.0013607554870936952,-0.00015482559967532942,0.0013695351262272995
1.8875901517035698,-0.0013448267195991174,-0.00018151817298206024,0.0013570216479004556
1.8900770952499513,-0.0013284788482611448,-0.00020762917246014081,0.001344606233636354
1.892564038796333,-0.0013117282251620813,-0.0002331547525172339,0.0013322882853602806
1.8950509823427144,-0.0012945911430108786,-0.0002580914630597529,0.0013200672069506678
1.8975379258890959,-0.0012770838267344067,-0.00028243624471457744,0.001307942404249923
1.9000248694354773,-0.0012592224252507543,-0.00030618642389822665,0.0012959132850750377
1.902511812981859,-0.0012410230034266138,-0.0003293397077390579,0.0012839792592279913
1.9049987565282405,-0.0012225015342206113,-0.00035189417885804264,0.0012721397385059255
1.907485700074622,-0.0012036738910143475,-0.0003738482900136735,0.001260394136711119
1.9099726436210034,-0.0011845558401327204,-0.0003952008586165488,0.0012487418696607367
1.912459587167385,-0.0011651630335549753,-0.00041595106111923794,0.0012371823551963763
1.9149465307137665,-0.0011455110018178,-0.00043609842728687396,0.0012257150131934032
1.917433474260148,-0.0011256151471115972,-0.0004556428343540557,0.0012143392655700714
1.9199204178065294,-0.0011054907365709724,-0.0004745845010735421,0.0012030545362964448
1.9224073613529111,-0.0010851528957603023,-0.0004929239816621895,0.0011918602514031065
1.9248943048992926,-0.0010646166023551128,-0.0005106621596496478,0.0011807558389896648
1.927381248445674,-0.0010438966800198877,-0.0005278002416351614,0.0011697407292330546
1.9298681919920555,-0.00102300779248277,-0.0005443397509579037,0.0011588143543956393
1.9323551355384372,-0.001001964437807464,-0.0005602825212862382,0.0011479761488331069
1.9348420790848186,-0.0009807809428625997,-0.0005756306901311367,0.0011372255490021753
1.9373290226312,-0.0009594714579885525,-0.0005903866922891328,0.0011265619934680835
1.9398159661775816,-0.0009380499518617514,-0.0006045532532199673,0.0011159849229119003
1.9423029097239632,-0.0009165302065562423,-0.0006181333823641671,0.0011054937801376332
1.9447898532703447,-0.000894925812802236,-0.0006311303664056575,0.0010950880100791362
1.9472767968167262,-0.0008732501654412,-0.0006435477624845597,0.0010847670598068354
1.9497637403631076,-0.0008515164590769814,-0.0006553893913651352,0.0010745303785342519
1.9522506839094893,-0.0008297376839223072,-0.0006666593305639016,0.0010643774176243425
1.9547376274558708,-0.0008079266218398637,-0.00067736190744286,0.0010543076305956456
1.9572245710022522,-0.0007860958425771289,-0.0006875016922726429,0.0010443204731282415
1.9597115145486337,-0.0007642577001939384,-0.0006970834912704267,0.0010344154030695284
1.9621984580950154,-0.0007424243296817042,-0.0007061123396173276,0.0010245918804398092
1.9646854016413968,-0.0007206076437731061,-0.0007145934944599353,0.0010148493674376948
1.9671723451877783,-0.0006988193299409252,-0.0007225324279006261,0.0010051873284453287
1.9696592887341597,-0.000677070847584674,-0.0007299348199811313,0.0009956052300334282
1.9721462322805414,-0.0006553734254035049,-0.0007368065516638409,0.0009861025409661427
1.9746331758269229,-0.000633738058953804,-0.0007431536978152503,0.000976678732205742
1.9771201193733043,-0.000612175508389833,-0.0007489825201958015,0.0009673332769171153
1.9796070629196858,-0.0005906962963856258,-0.000754299460460397,0.0009580656504721069
1.9820940064660675,-0.0005693107062363217,-0.0007591111331737041,0.0009488753304536715
1.984580950012449,-0.0005480287801369557,-0.0007634243188443496,0.0009397617966598553
1.9870678935588304,-0.0005268603176367743,-0.0007672459569819525,0.000930724531107607
1.9895548371052119,-0.0005058148742669025,-0.0007705831391809514,0.0009217630180364212
1.9920417806515935,-0.00048490176033927113,-0.0007734431022350037,0.000912876743911811
1.994528724197975,-0.0004641300399145373,-0.00077583322128571,0.00090406519742861
1.9970156677443565,-0.00044350852993667935,-0.0007777610030093352,0.0008953278695141136
1.999502611290738,-0.00042304579953193815,-0.0007792340788450528,0.0008866642533310537
2.0019895548371194,-0.0004027501694696334,-0.0007802601982682146,0.0008780738442804068
2.004476498383501,-0.0003826297117823742,-0.0007808472221120297,0.0008695561400040462
2.0069634419298827,-0.0003626922495431182,-0.0007810031159409367,0.0008611106403872268
2.009450385476264,-0.000342945356796432,-0.0007807359434789077,0.000852736847560918
2.0119373290226457,-0.00032339635864133646,-0.0007800538600957654,0.0008444342659039718
2.014424272569027,-0.0003040523314630011,-0.0007789651063545622,0.0008362024020451393
2.0169112161154086,-0.00028492010331049674,-0.0007774780016229617,0.00082804076486493
2.0193981596617903,-0.0002660062544178519,-0.0007756009377514459,0.000819948865497317
2.0218851032081715,-0.00024731711786552,-0.0007733423728211165,0.0008119262173312932
2.024372046754553,-0.00022885878037937798,-0.0007707108249637416,0.0008039723360122708
2.026858990300935,-0.0002106370832643415,-0.0007677148662566157,0.0007960867394433363
2.029345933847316,-0.00019265762346960482,-0.0007643631166947124,0.0007882689477863571
2.031832877393698,-0.0001749257547825225,-0.000760664238242503,0.0007805184834629367
2.034319820940079,-0.00015744658914811945,-0.0007566269289677311,0.0007728348711552273
2.0368067644864607,-0.00014022499811116508,-0.0007522599172593474,0.0007652176378066023
2.0392937080328424,-0.00012326561437770489,-0.0007475719561316966,0.0007576663126221757
2.0417806515792236,-0.00010657283349300216,-0.0007425718176169854,0.0007501804270691956
2.0442675951256053,-9.015081563272271e-05,-0.0007372682872479221,0.0007427595148772781
2.046754538671987,-7.400348750424258e-05,-0.000731670158632395,0.0007354031120385232
2.049241482218368,-5.813454435493192e-05,-0.00072578622812189,0.0007281107568074762
2.05172842576475,-4.254745208421143e-05,-0.00071962528957532,0.0007208819897009645
2.054215369311131,-2.7245449456251335e-05,-0.000713196129219806,0.0007137163534977935
2.056702312857513,-1.223155041010269e-05,-0.0007065075206098854,0.0007066133932383127
2.0591892564038945,2.491453535954359e-06,-0.0006995682196865231,0.0006995726562238502
2.0616761999502757,1.69209907889938e-05,-0.0006923869599372074,0.0006925936920160113
2.0641631434966574,3.1054707098194976e-05,-0.000684972447658345,0.0006856760524358561
2.066650087043039,4.489046288694715e-05,-0.0006773333573210561,0.0006788192915629446
2.0691370305894203,5.84263305034908e-05,-0.000669478327041404,0.0006720229657342523
2.071623974135802,7.166059139332534e-05,-0.0006614159541560037,0.00066528663354297
2.0741109176821833,8.459173319650547e-05,-0.0006531547909038642,0.0006586098558371711
2.076597861228565,9.721844677307444e-05,-0.0006447033402152318,0.0006519921957183583
2.0790848047749466,0.00010953962315972639,-0.0006360700516081471,0.0006454332185398934
2.081571748321328,0.00012155435046092041,-0.0006272633171933012,0.0006389324919053031
2.0840586918677095,0.00013326191067752622,-0.0006182914677877371,0.0006324895856664672
2.086545635414091,0.00014466177647616036,-0.0006091627691378421,0.0006261040719216914
2.0890325789604725,0.00015575360790230484,-0.000599885418251998,0.0006197755250136613
2.091519522506854,0.00016653724904028432,-0.0005904675398431948,0.0006135035215272856
2.0940064660532354,0.00017701272462319594,-0.0005809171828818106,0.0006072876402874229
2.096493409599617,0.00018718023659579128,-0.0005712423172587157,0.0006011274623564986
2.0989803531459987,0.00019704016063334815,-0.0005614508305587649,0.0005950225710320093
2.10146729669238,0.0002065930426195386,-0.0005515505249446714,0.0005889725518439218
2.1039542402387617,0.0002158395950862154,-0.0005415491141511952,0.000582976992551958
2.1064411837851433,0.00022478069361808362,-0.0005314542205895014,0.0005770354831427797
2.1089281273315246,0.00023341737322514733,-0.0005212733725614722,0.0005711476158270635
2.1114150708779063,0.0002417508246857924,-0.0005110140015837011,0.0005653129850364731
2.1139020144242875,0.0002497823908633736,-0.0005006834398208148,0.0005595311874205286
2.116388957970669,0.0002575135629990702,-0.0004902889176277247,0.0005538018218433756
2.118875901517051,0.00026494597698379675,-0.0004798375612003309,0.0005481244893804508
2.121362845063432,0.00027208140961190865,-0.0004693363903341456,0.0005424987933150531
2.1238497886098138,0.00027892177481937783,-0.00045879231629023925,0.0005369243391348121
2.1263367321561955,0.0002854691199090931,-0.00044821213976787037,0.0005314007345280633
2.1288236757025767,0.0002917256217659072,-0.0004376025489830782,0.0005259275893801281
2.1313106192489584,0.00029769358306399603,-0.000426970117852477,0.0005205045157694969
2.1337975627953396,0.00030337542846905265,-0.00041632130428144427,0.0005151311279639236
2.1362845063417213,0.00030877370083782504,-0.0004056624485558114,0.0005098070424164254
2.138771449888103,0.0003138910574174084,-0.00039499977183615916,0.0005045318777611941
2.141258393434484,0.00031873026604670597,-0.00038433937475373535,0.0004993052548094164
2.143745336980866,0.0003232942013624204,-0.0003736872361069693,0.0004941267965450074
2.1462322805272476,0.0003275858410118574,-0.00036304921165753845,0.0004889961281202603
2.148719224073629,0.00033160826187481464,-0.00035243103302485775,0.00048391287685140596
2.1512061676200105,0.0003353646362967656,-0.0003418383066778485,0.00047887667221408966
2.1536931111663917,0.00033885822833549243,-0.00033127651302279854,0.0004738871458387673
2.1561800547127734,0.0003420923900232991,-0.00032075100558605834,0.00046894393150601765
2.158666998259155,0.00034507055764684596,-0.00031026701029032553,0.00046404666514177447
2.1611539418055363,0.00034779624804663156,-0.00029982962482319545,0.0004591949848124784
2.163640885351918,0.0003502730549380969,-0.0002894438180966234,0.00045438853072015176
2.1661278288982997,0.0003525046452562434,-0.00027911442979593995,0.00044962694519739665
2.168614772444681,0.00035449475552563924,-0.00026884617001699744,0.00044490987270231596
2.1711017159910626,0.00035624718825763227,-0.0002586436189899928,0.0004402369598133595
2.173588659537444,0.0003577658083765135,-0.00024851122688851956,0.00043560785522409653
2.1760756030838255,0.000359054539676349,-0.00023845331372233906,0.00043102220973791956
2.178562546630207,0.0003601173613101376,-0.0002284740693123287,0.00042647967626266897
2.1810494901765884,0.00036095830431289447,-0.00021857755334608794,0.00042197990980519684
2.18353643372297,0.00036158144816020814,-0.00020876769551260893,0.00041752256746585407
2.186023377269352,0.0003619909173637851,-0.0001990482957144104,0.0004131073084329132
2.188510320815733,0.0003621908781054145,-0.00018942302435554255,0.0004087337939769254
2.1909972643621147,0.00036218553491075453,-0.00017989542270380613,0.00040440168744500867
2.193484207908496,0.0003619791273642843,-0.00017046890332554428,0.00040011065425507293
2.1959711514548776,0.0003615759268667095,-0.00016114675059134416,0.0003958603618899838
2.1984580950012593,0.0003609802334360648,-0.0001519321212509455,0.0003916504798916604
2.2009450385476406,0.0003601963725536923,-0.0001428280450756864,0.00038748067985511307
2.2034319820940222,0.00035922869205623747,-0.00013383742556676752,0.0003833506354224226
2.205918925640404,0.0003580815590747484,-0.00012496304072760438,0.00037926002227665846
2.208405869186785,0.0003567593570219021,-0.00011620754389856561,0.0003752085181357402
2.210892812733167,0.00035526648262834546,-0.00010757346465234206,0.00037119580274623954
2.213379756279548,0.0003536073430290818,-9.906320974822191e-05,0.0003672215578771308
2.2158666998259298,0.00035178635290078177,-9.06790641435016e-05,0.0003632854673134815
2.2183536433723114,0.0003498079316508465,-8.242319206031757e-05,0.0003593872168500924
2.2208405869186927,0.00034767650065901175,-7.429763810610754e-05,0.00035552649428508405
2.2233275304650744,0.000345396480572214,-6.630432844597754e-05,0.00035170298941343087
2.225814474011456,0.0003429722886534094,-5.844507202520866e-05,0.0003479163940204448
2.2283014175578373,0.0003404083361849794,-5.072156184013854e-05,0.0003441664018752106
2.230788361104219,0.0003377090259273029,-4.3135376255689046e-05,0.0003404527087239689
2.2332753046506,0.00033487874963304416,-3.568798036777439e-05,0.0003367750122834557
2.235762248196982,0.0003319218856176423,-2.8380727408851008e-05,0.0003331330122341926
2.2382491917433636,0.00032884279638645,-2.1214860194877148e-05,0.00032952641021373143
2.240736135289745,0.0003256458263189261,-1.419151261193224e-05,0.00032595490980985516
2.2432230788361265,0.00032233529941023183,-7.31171114079408e-06,0.00032241821655373354
2.245710022382508,0.0003189155170705494,-5.763764177470998e-07,0.0003189160379130388
2.2481969659288894,0.00031539075598238116,6.013675170095009e-06,0.0003154480832850143
2.250683909475271,0.00031176526601606647,1.2457729856626172e-05,0.0003120140639895089
2.2531708530216523,0.00030804326820368493,1.8755174837446267e-05,0.00030861369326196553
2.255657796568034,0.0003042289527714972,2.4905496581087248e-05,0.00030524668624637424
2.2581447401144157,0.00030032647723101616,3.090827911242149e-05,0.000301912759988185
2.260631683660797,0.0002963399645287733,3.6763202269907624e-05,0.00029861163342718717
2.2631186272071786,0.00029227350125479094,4.2470039938297324e-05,0.00029534302739034633
2.2656055707535603,0.0002881311359097508,4.802865825841381e-05,0.0002921066645846116
2.2680925142999415,0.000283916877230797,5.3439013815603034e-05,0.00028890226958968614
2.270579457846323,0.0002796346925758769,5.8701151808448115e-05,0.00028572956885076426
2.2730664013927044,0.0002752885063664917,6.381520419928934e-05,0.00028258829067123595
2.275553344939086,0.00027088219858868923,6.878138784811009e-05,0.00027947816520535953
2.278040288485468,0.0002664196033520962,7.360000263130697e-05,0.00027639892445090425
2.280527232031849,0.0002619045075067551,7.827142954684382e-05,0.0002733503022417617
2.2830141755782307,0.00025734064931749403,8.27961288072884e-05,0.000270332034240529
2.2855011191246124,0.00025273171719553193,8.71746379221751e-05,0.00026734385793106345
2.2879880626709936,0.0002480813484869826,9.140756977114377e-05,0.0002643855126110094
2.2904750062173753,0.0002433931283178932,9.549561066928095e-05,0.0002614567393842991
2.2929619497637566,0.00023867058849542605,9.943951842604098e-05,0.0002585572811536274
2.2954488933101382,0.0002339172064647578,0.00010324012039913372,0.0002556868826129017
2.29793583685652,0.00022913640432124593,0.00010689831154472159,0.00025284529023966777
2.300422780402901,0.00022433154787738488,0.00011041505246524632,0.00025003225228751295
2.302909723949283,0.0002195059457840411,0.00011379136745619623,0.00024724751877844487
2.3053966674956645,0.00021466284870544377,0.0001170283425530733,0.00024449084149525053
2.3078836110420458,0.00020980544854737294,0.00012012712357981778,0.00024176197397383478
2.3103705545884274,0.0002049368777379592,0.0001230889141999121,0.00023906067149553597
2.3128574981348087,0.00020006020856050042,0.00012591497397136198,0.0002363866910794254
2.3153444416811904,0.00019517845253766688,0.00012860661640671763,0.0002337397914745859
2.317831385227572,0.00019029455986644864,0.0001311652070392881,0.00023111973315237435
2.3203183287739533,0.00018541141890317768,0.00013359216149666045,0.00022852627829866623
2.322805272320335,0.00018053185569794078,0.000135888943582611,0.0002259591908060837
2.3252922158667166,0.00017565863357767232,0.00013805706336848052,0.000223418236266209
2.327779159413098,0.00017079445277721103,0.0001400980752950356,0.0002209031819617826
2.3302661029594796,0.00016594195011757645,0.00014201357628582827,0.00021841379685888664
2.332753046505861,0.00016110369873070527,0.0001438052038730402,0.00021594985159911664
2.3352399900522425,0.0001562822078298823,0.00014547463433674858,0.00021351111849173858
2.337726933598624,0.00015147992252507515,0.00014702358085854833,0.00021109737150583582
2.3402138771450054,0.00014669922368237175,0.00014845379169042117,0.00020870838626244395
2.342700820691387,0.0001419424278267117,0.00014976704833971605,0.00020634394002667515
2.3451877642377688,0.00013721178708707706,0.00015096516377108784,0.00020400381169983256
2.34767470778415,0.0001325094891833165,0.00015204998062619515,0.00020168778181151628
2.3501616513305317,0.00012783765745374875,0.00015302336946194405,0.00019939563251171938
2.352648594876913,0.0001231983509226893,0.00015388722700803594,0.00019712714756291912
2.3551355384232946,0.0001185935644070307,0.00015464347444453814,0.00019488211233215598
2.3576224819696763,0.000114025228661012,0.0001552940557001816,0.000192660313783112
2.3601094255160575,0.0001094952105582841,0.0001558409357720514,0.00019046154046817857
2.362596369062439,0.00010500531331038804,0.00015628609906731747,0.00018828558252052154
2.365083312608821,0.00010055727672075341,0.00015663154776761478,0.0001861322316461412
2.367570256155202,9.61527774733083e-05,0.00015687930021666735,0.00018400128111592808
2.370057199701584,9.179342945480731e-05,0.0001570313893317082,0.00018189252575771553
2.372544143247965,8.74807841099637e-05,0.0001570898610392318,0.00017980576194832922
2.3750310867943467,8.321633082847041e-05,0.000157056772735588,0.00017774078760563535
2.3775180303407284,7.900149736300501e-05,0.00015693419177288887,0.00017569740218058644
2.3800049738871096,7.483765027729619e-05,0.00015672419397068672,0.00017367540664926722
2.3824919174334913,7.072609542333578e-05,0.0001564288621538461,0.00017167460350493832
2.384978860979873,6.666807844682418e-05,0.00015605028471701052,0.0001696947967500829
2.3874658045262542,6.266478531992124e-05,0.00015559055421603875,0.0001677357918884515
2.389952748072636,5.871734290039856e-05,0.00015505176598675652,0.00016579739591710989
2.392439691619017,5.48268195162721e-05,0.0001544360167913471,0.00016387941731848792
2.394926635165399,5.09942255749978e-05,0.00015374540349268243,0.00016198166605243164
2.3974135787117805,4.7220514196328954e-05,0.0001529820217568619,0.00016010395354825775
2.3999005222581618,4.350658186792376e-05,0.00015214796478421204,0.00015824609269681254
2.4023874658045434,3.9853269122793304e-05,0.00015124532206896998,0.00015640789784253302
2.404874409350925,3.626136123770172e-05,0.00015027617818785244,0.00015458918477551486
2.4073613528973064,3.2731588951617844e-05,0.00014924261161768757,0.00015278977072358477
2.409848296443688,2.92646292033241e-05,0.00014814669358226388,0.0001510094743443776
2.4123352399900693,2.586110588730905e-05,0.00014699048692852845,0.0001492481157174204
2.414822183536451,2.252159062706087e-05,0.00014577604503224453,0.0001475055163362235
2.4173091270828326,1.9246603564886206e-05,0.00014450541073319576,0.00014578149910037796
2.419796070629214,1.6036614167400975e-05,0.00014318061530000338,0.00014407588830766114
2.4222830141755956,1.289204204582901e-05,0.00014180367742460098,0.00014238850964614987
2.4247699577219772,9.813257790263316e-06,0.000140376602246393,0.00014071919018634305
2.4272569012683585,6.80058381705274e-06,0.0001389013804060984,0.00013906775837329232
2.42974384481474,3.854295228475979e-06,0.00013737998712926705,0.00013743404401874316
2.4322307883611214,9.74620683890794e-07,0.00013581438133943054,0.00013581787829328556
2.434717731907503,-1.838256718457936e-06,0.0001342065048008347,0.00013421909371851468
2.4372046754538848,-4.584198549777569e-06,0.00013255828129068157,0.00013263752415920333
2.439691619000266,-7.263110149996904e-06,0.0001308716158007885,0.00013107300481548508
2.4421785625466477,-9.87493971875351e-06,0.0001291483937685561,0.0001295253722150492
2.4446655060930294,-1.2419677398866801e-05,0.00012739048033711965,0.00012799446420534754
2.4471524496394106,-1.489735435305405e-05,0.00012559971964454158,0.00012648011994581562
2.4496393931857923,-1.7308041834640394e-05,0.00012377793414188233,0.00012498217990010346
2.4521263367321735,-1.9651850252996538e-05,0.00012192692393997991,0.00012350048582832318
2.454613280278555,-2.192892823442546e-05,0.00012004846618474304,0.00012203488077930823
2.457100223824937,-2.4139461679211e-05,0.00011814431446075493,0.00012058520908288811
2.459587167371318,-2.6283672815531095e-05,0.00011621619822296533,0.00011915131634217667
2.4620741109177,-2.8361819250913465e-05,0.0001142658222562387,0.00011773304942587627
2.4645610544640815,-3.03741930219131e-05,0.00011229486616250837,0.00011633025646059627
2.4670479980104627,-3.232111964266942e-05,0.00011030498387527744,0.00011494278682318855
2.4695349415568444,-3.4202957152987425e-05,0.00010829780320119114,0.00011357049113309769
2.4720218851032256,-3.602009516658216e-05,0.0001062749253883945,0.0001122132212447288
2.4745088286496073,-3.7772953920098094e-05,0.00010423792472137823,0.00011087083023983165
2.476995772195989,-3.9461983323512934e-05,0.00010218834814200226,0.00010954317241990152
2.4794827157423702,-4.1087662012521037e-05,0.00010012771489637688,0.00010823010329859846
2.481969659288752,-4.265049640346687e-05,9.805751620727107e-05,0.0001069314795941839
2.4844566028351336,-4.4151019751397943e-05,9.597921497170619e-05,0.00010564715922197493
2.486943546381515,-4.558979121178499e-05,9.38942454833856e-05,0.0001043770012868181
2.4894304899278965,-4.696739490644275e-05,9.18040131796005e-05,0.00010312086607558145
2.4919174334742777,-4.828443899417758e-05,8.970989441224093e-05,0.00010187861504966521
2.4944043770206594,-4.954155474666049e-05,8.761323624254185e-05,0.00010065011083753364
2.496891320567041,-5.073939563002627e-05,8.551535625917023e-05,9.943521722726378e-05
2.4993782641134223,-5.187863639266825e-05,8.341754241927259e-05,9.823379915911746e-05
2.501865207659804,-5.2959972159699515e-05,8.132105291207315e-05,9.70457227181309e-05
2.5043521512061857,-5.398411753452287e-05,7.922711604462648e-05,9.587085512672708e-05
2.506839094752567,-5.4951805707947296e-05,7.713693014930697e-05,9.470906473734735e-05
2.5093260382989486,-5.586378757527005e-05,7.505166351262096e-05,9.356022102510541e-05
2.51181298184533,-5.6720830861727705e-05,7.297245432491895e-05,9.242419458046201e-05
2.5142999253917115,-5.7523719256711364e-05,7.090041065057809e-05,9.130085710192185e-05
2.5167868689380932,-5.827325155711704e-05,6.883661041822664e-05,9.019008138875224e-05
2.5192738124844745,-5.897024082019607e-05,6.678210143057253e-05,8.909174133372407e-05
2.521760756030856,-5.9615513526255364e-05,6.473790139339488e-05,8.800571191587541e-05
2.524247699577238,-6.0209908751536064e-05,6.270499796325854e-05,8.693186919329732e-05
2.526734643123619,-6.075427735159486e-05,6.068434881350407e-05,8.587009029594382e-05
2.5292215866700007,-6.12494811554903e-05,5.86768817180635e-05,8.482025341846353e-05
2.531708530216382,-6.169639217106652e-05,5.668349465265446e-05,8.378223781305646e-05
2.5341954737627637,-6.209589180161332e-05,5.4705055912894654e-05,8.275592378235288e-05
2.5366824173091453,-6.24488700741635e-05,5.2742404248888356e-05,8.174119267231737e-05
2.5391693608555266,-6.275622487967996e-05,5.079634901582673e-05,8.073792686517684e-05
2.5416563044019083,-6.301886122536801e-05,4.88676703401442e-05,7.974600977237168e-05
2.54414324794829,-6.323769049933774e-05,4.695711930077741e-05,7.876532582753323e-05
