Time (s),Acceleration x (m/s^2),Acceleration y (m/s^2),Acceleration z (m/s^2),Absolute acceleration (m/s^2)
0.0,-0.5506663818359374,2.4516625,9.433154541015625,9.762084156197089
0.002486943546381497,-0.55545478515625,2.4756045166015626,9.433154541015625,9.768395586566646
0.004973887092762994,-0.5410895751953124,2.4899697265625,9.409212524414063,9.748128409965332
0.007460830639144491,-0.5315127685546874,2.499546533203125,9.399635717773437,9.740810557732175
0.009947774185525988,-0.5363011718749999,2.5139117431640625,9.414000927734374,9.758626166974341
0.012434717731907486,-0.5315127685546874,2.5378537597656248,9.409212524414063,9.759943025381022
0.014921661278288981,-0.5267243652343749,2.5474305664062498,9.414000927734374,9.766793461263328
0.01740860482467048,-0.5267243652343749,2.5617957763671875,9.423577734375,9.77977778237075
0.019895548371051976,-0.5267243652343749,2.5761609863281247,9.423577734375,9.783550546719677
0.022382491917433474,-0.5219359619140624,2.5809493896484375,9.433154541015625,9.793779734859749
0.02486943546381497,-0.5219359619140624,2.5857377929687497,9.457096557617186,9.818102280095726
0.027356379010196465,-2.9448680419921875,10.036493359375,8.954314208984375,13.768921152027302
0.029843322556577963,-1.66636435546875,9.02135185546875,9.088389501953124,12.91357360317267
0.032330266102959464,-0.4644751220703125,7.900865478515625,9.236830004882812,12.163816875788848
0.03481720964934096,0.6464344482421874,6.737283471679687,9.375693701171874,11.563412059242568
0.03730415319572245,1.637633935546875,5.5832782714843745,9.5001921875,11.14039912943519
0.03979109674210395,2.4756045166015626,4.4819455078125,9.605537060546874,10.884980270039915
0.04227804028848545,3.1507693847656246,3.4428619873046875,9.696516723632811,10.761184086860272
0.04476498383486695,3.6583401367187496,2.518700146484375,9.763554370117188,10.726336603056152
0.04725192738124844,4.007893579101562,1.7094599853515624,9.830592016601562,10.752953258514243
0.04973887092762994,4.189852905273438,1.0342951171875,9.90241806640625,10.80196821505947
0.05222581447401144,4.204218115234375,0.5123591552734374,9.935936889648437,10.800963093147484
0.05471275802039293,4.084508032226562,0.12449848632812499,9.94072529296875,10.747870723482393
0.05719970156677443,3.83072265625,-0.13407529296874998,9.931148486328125,10.645192460016357
0.059686645113155926,3.4572271972656248,-0.2537853759765625,9.907206469726562,10.496169155666488
0.062173588659537427,2.9975404785156248,-0.26815058593749996,9.873687646484374,10.322153912697507
0.06466053220591893,2.461239306640625,-0.181959326171875,9.835380419921874,10.140291717969276
0.06714747575230041,1.8722656982421875,-0.0047884033203125,9.797073193359374,9.974369400100514
0.06963441929868192,1.2689268798828124,0.2442085693359375,9.753977563476562,9.83920177456639
0.07212136284506342,0.6560112548828124,0.5219359619140624,9.710881933593749,9.746999325077926
0.0746083063914449,0.05746083984375,0.842758984375,9.648632690429688,9.685538562655603
0.0770952499378264,-0.507570751953125,1.197100830078125,9.581595043945311,9.66941787553777
0.0795821934842079,-1.0390835205078124,1.5418658691406248,9.524134204101562,9.703925868366317
0.0820691370305894,-1.5131354492187499,1.8626888916015625,9.4618849609375,9.761478156949055
0.0845560805769709,-1.9201497314453124,2.1787235107421874,9.399635717773437,9.838036529423563
0.0870430241233524,-2.2457611572265623,2.4660277099609376,9.34696328125,9.92423591127491
0.0895299676697339,-2.4947581298828125,2.710236279296875,9.289502441406249,9.993200409534776
0.09201691121611538,-2.6671406494140624,2.916137622070312,9.241618408203124,10.051119772316396
0.09450385476249688,-2.748543505859375,3.0789433349609374,9.212887988281249,10.09513192326475
0.09699079830887838,-2.7629087158203123,3.1938650146484373,9.179369165039063,10.104219740871685
0.09947774185525989,-2.7150246826171873,3.2800562744140622,9.169792358398437,10.110154305780204
0.10196468540164137,-2.6001030029296874,3.327940307617187,9.17458076171875,10.099933389394554
0.10445162894802287,-2.427720483398437,3.323151904296875,9.188945971679686,10.068460328917855
0.10693857249440437,-2.2026655273437497,3.299209887695312,9.212887988281249,10.030644365793853
0.10942551604078586,-1.9584569580078124,3.2561142578125,9.246406811523437,9.996693085240043
0.11191245958716736,-5.2433016357421875,8.192958081054687,8.59997236328125,12.983693573498154
0.11439940313354886,-3.3710359375,7.632714892578124,8.834604125976561,12.152055381128843
0.11688634667993036,-1.5753846923828123,6.995857250976562,9.05965908203125,11.554275325076286
0.11937329022631185,0.1005564697265625,6.277596752929687,9.265560424804686,11.19236090294197
0.12186023377269335,1.6041151123046875,5.5258174316406246,9.4618849609375,11.074073803048401
0.12434717731907485,2.920926025390625,4.76924970703125,9.624690673828125,11.131586687471648
0.12683412086545634,4.055777612304687,4.0222587890625,9.7683427734375,11.315848105468323
0.12932106441183785,4.96078583984375,3.299209887695312,9.883264453125,11.540064916726637
0.13180800795821934,5.635950708007812,2.6096798095703124,9.955090502929687,11.733635242885878
0.13429495150460083,6.100425830078125,1.9776105712890624,10.002974536132811,11.882156304748731
0.13678189505098234,6.354211206054687,1.4173673828125,10.026916552734374,11.955082011617916
0.13926883859736383,6.392518432617187,0.93852705078125,10.036493359375,11.936344661963188
0.14175578214374532,6.253654736328125,0.5458779785156249,10.036493359375,11.837963476941713
0.14424272569012683,5.951985327148437,0.22505495605468748,10.01733974609375,11.654350031490589
0.14672966923650832,5.501875415039062,-0.0047884033203125,9.974244116210937,11.391057971109886
0.1492166127828898,4.927267016601562,-0.143652099609375,9.911994873046874,11.07006045791618
0.15170355632927132,4.256890551757812,-0.2059013427734375,9.8449572265625,10.727846723618212
0.1541904998756528,3.5146880371093747,-0.19153613281249998,9.777919580078125,10.392181166764159
0.15667744342203432,2.73896669921875,-0.1005564697265625,9.706093530273437,10.085648308435557
0.1591643869684158,1.9393033447265624,0.0526724365234375,9.629479077148437,9.822959795584854
0.1616513305147973,1.120486376953125,0.258573779296875,9.562441430664062,9.63133616042748
0.1641382740611788,0.354341845703125,0.49799394531249996,9.5001921875,9.519832336371278
0.1666252176075603,-0.38307226562499996,0.7757213378906249,9.437942944335937,9.477513121873816
0.1691121611539418,-1.0726023437499999,1.0726023437499999,9.370905297851563,9.492882474619522
0.1715991047003233,-1.675941162109375,1.3838485595703125,9.323021264648437,9.573011078848927
0.1740860482467048,-2.2074539306640624,1.7094599853515624,9.279925634765624,9.69082690405223
0.17657299179308628,-2.6575638427734374,2.0159177978515626,9.260772021484375,9.843194023284271
0.1790599353394678,-2.9927520751953125,2.31758720703125,9.236830004882812,9.98232457821745
0.18154687888584928,-3.23696064453125,2.5953145996093747,9.222464794921875,10.112735978891326
0.18403382243223076,-3.399766357421875,2.849099975585937,9.222464794921875,10.233749989593978
0.18652076597861228,-3.4715924072265625,3.0693665283203124,9.222464794921875,10.32118315023329
0.18900770952499377,-3.4572271972656248,3.265691064453125,9.227253198242186,10.380720572601536
0.19149465307137528,-3.3710359375,3.423708374023437,9.251195214843749,10.424503596115386
0.19398159661775677,-3.21780703125,3.5482068603515624,9.265560424804686,10.430468062360127
0.19646854016413826,-3.0071172851562498,3.6439749267578123,9.284714038085937,10.417639963185287
0.19895548371051977,-2.748543505859375,3.6918589599609373,9.303867651367186,10.380089944600787
0.20144242725690126,-2.4564509033203126,3.7158009765625,9.323021264648437,10.33247566844137
0.20392937080328274,-2.1499930908203124,3.7158009765625,9.356540087890625,10.29439117210446
0.20641631434966426,-1.8148048583984373,3.6727053466796873,9.394847314453125,10.249167639349219
0.20890325789604575,-1.4700398193359374,3.6056677001953124,9.418789331054686,10.191930587354614
0.21139020144242723,-1.13006318359375,3.5146880371093747,9.452308154296874,10.1477191644675
0.21387714498880875,-0.8092401611328125,3.394977954101562,9.485826977539062,10.1075050529314
0.21636408853519024,-0.51714755859375,3.265691064453125,9.5001921875,10.059116826304608
0.21885103208157172,-0.24899697265624998,3.1411925781249996,9.509768994140625,10.018223227058677
0.22133797562795324,-0.009576806640625,3.0071172851562498,9.514557397460937,9.978459227330118
0.22382491917433472,0.19153613281249998,2.868253588867187,9.504980590820312,9.930167207660357
0.22631186272071624,0.3687070556640625,2.73896669921875,9.495403784179686,9.889417399267746
0.22879880626709773,0.507570751953125,2.6001030029296874,9.481038574218749,9.844199111146935
0.2312857498134792,0.5889736083984375,2.47081611328125,9.490615380859374,9.824642613573516
0.23377269335986073,0.63206923828125,2.365471240234375,9.504980590820312,9.815274919340172
0.23625963690624222,0.6655880615234374,2.2744915771484373,9.481038574218749,9.77273819602191
0.2387465804526237,0.6560112548828124,2.1835119140624997,9.471461767578125,9.742005084174405
0.24123352399900522,0.6081272216796875,2.1308394775390624,9.481038574218749,9.736549082842991
0.2437204675453867,0.5315127685546874,2.0877438476562498,9.476250170898437,9.718050087235394
0.2462074110917682,0.44532150878906246,2.039859814453125,9.4618849609375,9.689510117793683
0.2486943546381497,0.3399766357421875,2.01112939453125,9.442731347656249,9.660507277488497
0.2511812981845312,0.21068974609375,2.001552587890625,9.428366137695312,9.640782694244296
0.2536682417309127,0.0718260498046875,2.0063409912109376,9.418789331054686,9.630376712114298
0.2561551852772942,-0.062249243164062495,2.0254946044921875,9.423577734375,9.638999983240467
0.2586421288236757,-0.201112939453125,2.059013427734375,9.423577734375,9.64799461161822
0.26112907237005717,-0.33518823242187495,2.1068974609374997,9.423577734375,9.662048715353656
0.2636160159164387,-0.45489831542968745,2.1452046874999997,9.428366137695312,9.680027048262435
0.2661029594628202,-0.565031591796875,2.1978771240234374,9.418789331054686,9.688318585535038
0.26858990300920166,-0.6655880615234374,2.2649147705078123,9.409212524414063,9.700831238347435
0.2710768465555832,-0.7661445312499999,2.327164013671875,9.418789331054686,9.732228020966383
0.2735637901019647,-0.8475473876953125,2.389413256835937,9.414000927734374,9.749412585059478
0.27605073364834615,-0.9002198242187499,2.4564509033203126,9.399635717773437,9.756930787864684
0.27853767719472766,-0.948103857421875,2.50912333984375,9.414000927734374,9.788667648173092
0.2810246207411092,-0.9864110839843749,2.5617957763671875,9.414000927734374,9.806080659152444
0.28351156428749064,-1.0007762939453124,2.6144682128906247,9.409212524414063,9.816836433206415
0.28599850783387215,-1.0103531005859374,2.6527754394531247,9.414000927734374,9.832672291265126
0.28848545138025367,-1.0103531005859374,2.6862942626953124,9.414000927734374,9.841768322869475
0.2909723949266351,-0.97683427734375,2.7150246826171873,9.433154541015625,9.864581533308849
0.29345933847301664,-0.9433154541015625,2.7341782958984373,9.447519750976562,9.880344348493184
0.29594628201939815,-0.9050082275390624,2.748543505859375,9.452308154296874,9.885325525206659
0.2984332255657796,-0.86191259765625,2.7629087158203123,9.457096557617186,9.890057289927558
0.30092016911216113,-0.82360537109375,2.7629087158203123,9.457096557617186,9.886792486916328
0.30340711265854264,-0.7709329345703124,2.7437551025390623,9.4618849609375,9.8817911669054
0.30589405620492416,-0.718260498046875,2.7341782958984373,9.4618849609375,9.875165624475969
0.3083809997513056,-0.6655880615234374,2.7198130859375,9.466673364257812,9.872096802383357
0.31086794329768713,-0.612915625,2.70065947265625,9.466673364257812,9.863423935741858
0.31335488684406865,-0.565031591796875,2.6767174560546874,9.471461767578125,9.858634035908349
0.3158418303904501,-0.51714755859375,2.6479870361328124,9.4618849609375,9.839031657378797
0.3183287739368316,-0.47884033203125,2.6192566162109374,9.452308154296874,9.820179363378845
0.32081571748321314,-0.45489831542968745,2.5953145996093747,9.437942944335937,9.798844695619318
0.3233026610295946,-0.430956298828125,2.5713725830078125,9.409212524414063,9.763757505270927
0.3257896045759761,-0.4165910888671875,2.5522189697265625,9.390058911132812,9.739639426554783
0.3282765481223576,-0.40222587890625,2.528276953125,9.409212524414063,9.751269165547395
0.3307634916687391,-0.38307226562499996,2.5043349365234375,9.404424121093749,9.73969357240734
0.3332504352151206,-0.373495458984375,2.4851813232421875,9.380482104492186,9.711285681101751
0.3357373787615021,-0.373495458984375,2.47081611328125,9.390058911132812,9.716873853152409
0.3382243223078836,-0.38786066894531246,2.461239306640625,9.409212524414063,9.733520182989194
0.3407112658542651,-0.40222587890625,2.442085693359375,9.409212524414063,9.729277903367901
0.3431982094006466,-0.4165910888671875,2.427720483398437,9.414000927734374,9.73091919338659
0.34568515294702806,-0.430956298828125,2.422932080078125,9.423577734375,9.739617061875668
0.3481720964934096,-0.44532150878906246,2.418143676757812,9.423577734375,9.739073231239317
0.3506590400397911,-0.45489831542968745,2.408566870117187,9.423577734375,9.73714250491463
0.35314598358617255,-0.47884033203125,2.4133552734375,9.423577734375,9.73947581008427
0.35563292713255407,-0.507570751953125,2.422932080078125,9.433154541015625,9.752570559990513
0.3581198706789356,-0.5267243652343749,2.427720483398437,9.447519750976562,9.768669036646505
0.36060681422531704,-0.5410895751953124,2.437297290039062,9.4618849609375,9.785727516257134
0.36309375777169856,-0.5602431884765625,2.4564509033203126,9.476250170898437,9.805475040614311
0.36558070131808007,-0.5746083984375,2.47081611328125,9.4618849609375,9.796038693840506
0.36806764486446153,-0.584185205078125,2.480392919921875,9.452308154296874,9.78977787464138
0.37055458841084304,-0.584185205078125,2.4899697265625,9.452308154296874,9.79220869042409
0.37304153195722456,-0.5985504150390625,2.50912333984375,9.442731347656249,9.788725036382525
0.3755284755036061,-0.6081272216796875,2.528276953125,9.433154541015625,9.785009333880812
0.37801541904998753,-0.612915625,2.5474305664062498,9.433154541015625,9.79027439087964
0.38050236259636905,-0.622492431640625,2.5522189697265625,9.442731347656249,9.801351631325751
0.38298930614275056,-0.6177040283203125,2.5617957763671875,9.471461767578125,9.8312229087286
0.385476249689132,-0.6081272216796875,2.5761609863281247,9.481038574218749,9.843602825746823
0.38796319323551354,-0.5985504150390625,2.5761609863281247,9.476250170898437,9.838403596533087
0.39045013678189505,-0.59376201171875,2.5713725830078125,9.476250170898437,9.836860657173975
0.3929370803282765,-0.5985504150390625,2.5857377929687497,9.466673364257812,9.83169401064123
0.395424023874658,-0.584185205078125,2.5953145996093747,9.457096557617186,9.824133830769641
0.39791096742103954,-0.5793968017578125,2.5905261962890624,9.452308154296874,9.81797616982921
0.400397910967421,-0.584185205078125,2.5809493896484375,9.452308154296874,9.815737442981346
0.4028848545138025,-0.5793968017578125,2.5953145996093747,9.457096557617186,9.823850254606265
0.40537179806018403,-0.565031591796875,2.5953145996093747,9.447519750976562,9.813793762646856
0.4078587416065655,-0.55545478515625,2.5905261962890624,9.442731347656249,9.807371273487245
0.410345685152947,-0.5602431884765625,2.5857377929687497,9.433154541015625,9.797158616604356
0.4128326286993285,-0.55545478515625,2.5713725830078125,9.409212524414063,9.770044386213796
0.41531957224571,-0.5458779785156249,2.5570073730468748,9.3852705078125,9.742667600716935
0.4178065157920915,-0.5458779785156249,2.5474305664062498,9.3852705078125,9.740158508099562
0.420293459338473,-0.5458779785156249,2.5378537597656248,9.390058911132812,9.742273391151038
0.42278040288485447,-0.5410895751953124,2.5378537597656248,9.409212524414063,9.760469249166867
0.425267346431236,-0.5363011718749999,2.5330653564453125,9.433154541015625,9.782047006719075
0.4277542899776175,-0.5363011718749999,2.528276953125,9.437942944335937,9.785426425005607
0.43024123352399896,-0.5315127685546874,2.528276953125,9.433154541015625,9.780546752074928
0.43272817707038047,-0.5363011718749999,2.5234885498046875,9.433154541015625,9.779571463138534
0.435215120616762,-0.5410895751953124,2.528276953125,9.423577734375,9.771836040166471
0.43770206416314344,-0.5363011718749999,2.518700146484375,9.414000927734374,9.759860800351538
0.44018900770952496,-0.55545478515625,2.5139117431640625,9.414000927734374,9.759697522882295
0.4426759512559065,-0.5506663818359374,2.5139117431640625,9.409212524414063,9.754807330034403
0.445162894802288,-0.55545478515625,2.5043349365234375,9.409212524414063,9.752615229887585
0.44764983834866945,-0.5602431884765625,2.50912333984375,9.409212524414063,9.754119780604167
0.45013678189505096,-0.5506663818359374,2.5139117431640625,9.399635717773437,9.745570139470786
0.4526237254414325,-0.5506663818359374,2.499546533203125,9.409212524414063,9.751115149834018
0.45511066898781394,-0.55545478515625,2.4851813232421875,9.428366137695312,9.766204188638714
0.45759761253419545,-0.5506663818359374,2.4947581298828125,9.433154541015625,9.772996274704314
0.46008455608057697,-0.5458779785156249,2.50912333984375,9.433154541015625,9.776404620138258
0.4625714996269584,-0.5506663818359374,2.50912333984375,9.437942944335937,9.781293391938176
0.46505844317333994,-0.5506663818359374,2.518700146484375,9.437942944335937,9.783754438482458
0.46754538671972146,-0.5458779785156249,2.518700146484375,9.433154541015625,9.778866897039372
0.4700323302661029,-0.5363011718749999,2.5139117431640625,9.433154541015625,9.77710467337117
0.47251927381248443,-0.5267243652343749,2.5330653564453125,9.428366137695312,9.776908851134625
0.47500621735886595,-0.5315127685546874,2.5522189697265625,9.428366137695312,9.782147796829099
0.4774931609052474,-0.5410895751953124,2.5474305664062498,9.423577734375,9.776809179627788
0.4799801044516289,-0.5315127685546874,2.5330653564453125,9.409212524414063,9.75869900410657
0.48246704799801043,-0.5219359619140624,2.5378537597656248,9.399635717773437,9.750193356089808
0.4849539915443919,-0.5410895751953124,2.5426421630859375,9.409212524414063,9.761715393693766
0.4874409350907734,-0.5410895751953124,2.5426421630859375,9.414000927734374,9.76633096742431
0.4899278786371549,-0.5267243652343749,2.5474305664062498,9.418789331054686,9.77140898286332
0.4924148221835364,-0.5267243652343749,2.5426421630859375,9.437942944335937,9.78862782758515
0.4949017657299179,-0.5363011718749999,2.5522189697265625,9.457096557617186,9.810102747498695
0.4973887092762994,-0.5267243652343749,2.5570073730468748,9.4618849609375,9.815446616265756
0.49987565282268087,-0.51714755859375,2.5474305664062498,9.457096557617186,9.807829494241586
0.5023625963690624,-0.5267243652343749,2.5522189697265625,9.457096557617186,9.809583861023794
0.5048495399154439,-0.5315127685546874,2.5474305664062498,9.452308154296874,9.803980709772164
0.5073364834618254,-0.5267243652343749,2.5426421630859375,9.428366137695312,9.779394447146178
0.5098234270082069,-0.5363011718749999,2.5474305664062498,9.423577734375,9.776545338381222
0.5123103705545884,-0.5410895751953124,2.5474305664062498,9.433154541015625,9.786040313310059
0.5147973141009698,-0.5410895751953124,2.5522189697265625,9.452308154296874,9.805749794972556
0.5172842576473514,-0.5458779785156249,2.5570073730468748,9.457096557617186,9.811877739420687
0.5197712011937329,-0.5458779785156249,2.5474305664062498,9.452308154296874,9.804769997398019
0.5222581447401143,-0.5458779785156249,2.5426421630859375,9.437942944335937,9.789677163087203
0.5247450882864959,-0.5506663818359374,2.5522189697265625,9.433154541015625,9.787822011469157
0.5272320318328774,-0.5506663818359374,2.5474305664062498,9.423577734375,9.777343876051072
0.5297189753792588,-0.5506663818359374,2.5426421630859375,9.414000927734374,9.76686623748735
0.5322059189256404,-0.5506663818359374,2.5474305664062498,9.433154541015625,9.786574505383836
0.5346928624720219,-0.5506663818359374,2.5474305664062498,9.442731347656249,9.795805799358986
0.5371798060184033,-0.5506663818359374,2.5378537597656248,9.447519750976562,9.797936752966567
0.5396667495647849,-0.5506663818359374,2.5378537597656248,9.442731347656249,9.79331968609474
0.5421536931111663,-0.55545478515625,2.528276953125,9.437942944335937,9.786494847012207
0.5446406366575478,-0.5458779785156249,2.5139117431640625,9.433154541015625,9.777634663584552
0.5471275802039294,-0.5410895751953124,2.50912333984375,9.437942944335937,9.780758911427792
0.5496145237503108,-0.5506663818359374,2.5043349365234375,9.442731347656249,9.784687130531365
0.5521014672966923,-0.55545478515625,2.5043349365234375,9.437942944335937,9.780336932498047
0.5545884108430739,-0.5602431884765625,2.499546533203125,9.452308154296874,9.793249447740486
0.5570753543894553,-0.55545478515625,2.4851813232421875,9.457096557617186,9.793943614695747
0.5595622979358368,-0.5506663818359374,2.4756045166015626,9.457096557617186,9.791247442833685
0.5620492414822184,-0.5506663818359374,2.4851813232421875,9.437942944335937,9.775179113142457
0.5645361850285998,-0.55545478515625,2.4899697265625,9.423577734375,9.762801676432794
0.5670231285749813,-0.5506663818359374,2.4899697265625,9.409212524414063,9.74866467947649
0.5695100721213628,-0.5506663818359374,2.4899697265625,9.404424121093749,9.744043090662721
0.5719970156677443,-0.5458779785156249,2.4947581298828125,9.399635717773437,9.740377432157691
0.5744839592141258,-0.5458779785156249,2.4947581298828125,9.399635717773437,9.740377432157691
0.5769709027605073,-0.5458779785156249,2.5043349365234375,9.409212524414063,9.752074475275023
0.5794578463068888,-0.5458779785156249,2.50912333984375,9.414000927734374,9.757924788056147
0.5819447898532703,-0.5506663818359374,2.5043349365234375,9.423577734375,9.766204188638715
0.5844317333996518,-0.5458779785156249,2.5043349365234375,9.414000927734374,9.756694609810426
0.5869186769460333,-0.5506663818359374,2.50912333984375,9.423577734375,9.76743316918223
0.5894056204924147,-0.55545478515625,2.5139117431640625,9.437942944335937,9.782793532080275
0.5918925640387963,-0.5506663818359374,2.518700146484375,9.447519750976562,9.792993073472326
0.5943795075851778,-0.5458779785156249,2.5234885498046875,9.447519750976562,9.79395766141124
0.5968664511315592,-0.5363011718749999,2.5330653564453125,9.447519750976562,9.795900596273432
0.5993533946779408,-0.5410895751953124,2.5378537597656248,9.437942944335937,9.788168707929081
0.6018403382243223,-0.5363011718749999,2.5426421630859375,9.428366137695312,9.779914935360964
0.6043272817707037,-0.5363011718749999,2.5474305664062498,9.433154541015625,9.78577672095062
0.6068142253170853,-0.5410895751953124,2.5426421630859375,9.433154541015625,9.784794923378369
0.6093011688634667,-0.5410895751953124,2.5522189697265625,9.437942944335937,9.79190311524566
0.6117881124098483,-0.5506663818359374,2.5570073730468748,9.433154541015625,9.789071700860305
0.6142750559562298,-0.5602431884765625,2.5665841796874997,9.433154541015625,9.79212088244116
0.6167619995026112,-0.565031591796875,2.5665841796874997,9.414000927734374,9.773946414756647
0.6192489430489928,-0.5602431884765625,2.5570073730468748,9.399635717773437,9.757320880389894
0.6217358865953743,-0.565031591796875,2.5570073730468748,9.409212524414063,9.766822806580196
0.6242228301417557,-0.565031591796875,2.5570073730468748,9.414000927734374,9.771435967805768
0.6267097736881373,-0.5602431884765625,2.5570073730468748,9.409212524414063,9.766546957120562
0.6291967172345188,-0.5506663818359374,2.5522189697265625,9.414000927734374,9.769363776669392
0.6316836607809002,-0.55545478515625,2.5570073730468748,9.428366137695312,9.78472813881963
0.6341706043272818,-0.565031591796875,2.5474305664062498,9.433154541015625,9.787393309000773
0.6366575478736632,-0.5698199951171875,2.5378537597656248,9.452308154296874,9.8036486053193
0.6391444914200447,-0.5698199951171875,2.528276953125,9.471461767578125,9.819646999420728
0.6416314349664263,-0.565031591796875,2.5330653564453125,9.471461767578125,9.820604299860884
0.6441183785128077,-0.55545478515625,2.5426421630859375,9.466673364257812,9.817915449493524
0.6466053220591892,-0.5506663818359374,2.5474305664062498,9.4618849609375,9.81427037373438
0.6490922656055708,-0.5410895751953124,2.5570073730468748,9.452308154296874,9.806997199856248
0.6515792091519522,-0.5410895751953124,2.5474305664062498,9.442731347656249,9.79527211072035
0.6540661526983337,-0.5458779785156249,2.5378537597656248,9.447519750976562,9.797668800203295
0.6565530962447153,-0.5363011718749999,2.5426421630859375,9.447519750976562,9.79838137457147
0.6590400397910967,-0.5315127685546874,2.5426421630859375,9.433154541015625,9.784270007891376
0.6615269833374782,-0.5410895751953124,2.528276953125,9.423577734375,9.771836040166471
0.6640139268838597,-0.5363011718749999,2.528276953125,9.418789331054686,9.766954272517463
0.6665008704302412,-0.5267243652343749,2.5330653564453125,9.409212524414063,9.758439372489098
0.6689878139766227,-0.5315127685546874,2.528276953125,9.428366137695312,9.775928508396493
0.6714747575230042,-0.5363011718749999,2.5139117431640625,9.433154541015625,9.77710467337117
0.6739617010693857,-0.5363011718749999,2.5139117431640625,9.428366137695312,9.772484803048417
0.6764486446157671,-0.5410895751953124,2.5139117431640625,9.428366137695312,9.772748753919894
0.6789355881621487,-0.5410895751953124,2.5139117431640625,9.433154541015625,9.77736849952414
0.6814225317085302,-0.5363011718749999,2.518700146484375,9.428366137695312,9.773717685778248
0.6839094752549116,-0.5267243652343749,2.518700146484375,9.423577734375,9.768577496270387
0.6863964188012932,-0.5219359619140624,2.5139117431640625,9.423577734375,9.76708691046443
0.6888833623476747,-0.5315127685546874,2.518700146484375,9.418789331054686,9.764217772757153
0.6913703058940561,-0.5410895751953124,2.518700146484375,9.428366137695312,9.773981603355157
0.6938572494404377,-0.5410895751953124,2.5139117431640625,9.433154541015625,9.77736849952414
0.6963441929868192,-0.5458779785156249,2.5139117431640625,9.433154541015625,9.777634663584552
0.6988311365332006,-0.5506663818359374,2.518700146484375,9.437942944335937,9.783754438482458
0.7013180800795822,-0.5506663818359374,2.5234885498046875,9.442731347656249,9.789606898598617
0.7038050236259636,-0.55545478515625,2.5234885498046875,9.447519750976562,9.794496103651305
0.7062919671723451,-0.5602431884765625,2.5234885498046875,9.442731347656249,9.790150264180818
0.7087789107187267,-0.5602431884765625,2.5234885498046875,9.447519750976562,9.79476882505769
0.7112658542651081,-0.55545478515625,2.5330653564453125,9.457096557617186,9.806203415107767
0.7137527978114896,-0.55545478515625,2.5426421630859375,9.447519750976562,9.799448384115689
0.7162397413578712,-0.55545478515625,2.5570073730468748,9.437942944335937,9.793956490852384
0.7187266849042526,-0.55545478515625,2.5665841796874997,9.442731347656249,9.801074414256078
0.7212136284506341,-0.55545478515625,2.5665841796874997,9.433154541015625,9.791848087284588
0.7237005719970157,-0.5602431884765625,2.5665841796874997,9.414000927734374,9.773670766351822
0.7261875155433971,-0.565031591796875,2.5665841796874997,9.414000927734374,9.773946414756647
0.7286744590897786,-0.55545478515625,2.5617957763671875,9.423577734375,9.781367232344055
0.7311614026361601,-0.5506663818359374,2.5522189697265625,9.409212524414063,9.764749636478493
0.7336483461825416,-0.5458779785156249,2.5474305664062498,9.409212524414063,9.76323028447448
0.7361352897289231,-0.5458779785156249,2.5330653564453125,9.409212524414063,9.759491953838692
0.7386222332753046,-0.5506663818359374,2.5378537597656248,9.418789331054686,9.770236825831315
0.7411091768216861,-0.565031591796875,2.5474305664062498,9.433154541015625,9.787393309000773
0.7435961203680675,-0.565031591796875,2.5330653564453125,9.452308154296874,9.802132943576062
0.7460830639144491,-0.5602431884765625,2.5330653564453125,9.457096557617186,9.80647581092987
0.7485700074608306,-0.5698199951171875,2.5234885498046875,9.452308154296874,9.79993973101967
0.7510569510072121,-0.55545478515625,2.518700146484375,9.452308154296874,9.797882928982187
0.7535438945535936,-0.5458779785156249,2.5139117431640625,9.452308154296874,9.796114763702683
0.7560308380999751,-0.5458779785156249,2.50912333984375,9.457096557617186,9.799508048982448
0.7585177816463566,-0.5363011718749999,2.50912333984375,9.442731347656249,9.785115951562002
0.7610047251927381,-0.5363011718749999,2.50912333984375,9.428366137695312,9.771254111317685
0.7634916687391196,-0.5363011718749999,2.5043349365234375,9.423577734375,9.765404740053256
0.7659786122855011,-0.5315127685546874,2.5043349365234375,9.423577734375,9.765142938699709
0.7684655558318826,-0.5315127685546874,2.5043349365234375,9.423577734375,9.765142938699709
0.770952499378264,-0.5315127685546874,2.5043349365234375,9.414000927734374,9.755901432713031
0.7734394429246456,-0.5363011718749999,2.499546533203125,9.409212524414063,9.750314464066927
0.7759263864710271,-0.5315127685546874,2.4899697265625,9.394847314453125,9.733735722949412
0.7784133300174085,-0.5267243652343749,2.4947581298828125,9.380482104492186,9.72083850273453
0.7809002735637901,-0.5315127685546874,2.4899697265625,9.404424121093749,9.742979426835731
0.7833872171101716,-0.5410895751953124,2.4899697265625,9.418789331054686,9.757372578228852
0.785874160656553,-0.5363011718749999,2.4947581298828125,9.423577734375,9.762953159233078
0.7883611042029346,-0.5315127685546874,2.4947581298828125,9.433154541015625,9.771935762398194
0.790848047749316,-0.5267243652343749,2.4947581298828125,9.457096557617186,9.794791063807477
0.7933349912956975,-0.5315127685546874,2.4899697265625,9.466673364257812,9.803079090157475
0.7958219348420791,-0.5363011718749999,2.499546533203125,9.4618849609375,9.801153954133028
0.7983088783884605,-0.5458779785156249,2.5043349365234375,9.4618849609375,9.802904837635394
0.800795821934842,-0.5506663818359374,2.5043349365234375,9.452308154296874,9.793929567960111
0.8032827654812236,-0.5458779785156249,2.5234885498046875,9.442731347656249,9.789338717831438
0.805769709027605,-3.7158009765625,8.609549169921875,8.911218579101561,12.936047710612778
0.8082566525739865,-2.0925322509765625,7.824251025390624,9.069235888671875,12.159302403266283
0.8107435961203681,-0.63206923828125,6.9144543945312495,9.241618408203124,11.559269090166246
0.8132305396667495,0.6560112548828124,5.91846650390625,9.390058911132812,11.118983895974393
0.815717483213131,1.7477672119140624,4.8889597900390624,9.5384994140625,10.859999499435132
0.8182044267595125,2.6336218261718747,3.8690298828125,9.672574707031249,10.74542030915895
0.820691370305894,3.337517114257812,2.896984008789062,9.758765966796874,10.712845095018235
0.8231783138522755,3.854664672851562,2.001552587890625,9.82580361328125,10.742954395742
0.825665257398657,4.180276098632812,1.197100830078125,9.878476049804688,10.793148184136976
0.8281522009450385,4.357447021484375,0.51714755859375,9.911994873046874,10.839853712375922
0.83063914449142,4.3813890380859375,-0.028730419921875,9.911994873046874,10.83720617610443
0.8331260880378015,4.271255761718749,-0.4261678955078125,9.897629663085937,10.78834175417037
0.835613031584183,4.04141240234375,-0.6847416748046875,9.873687646484374,10.69072462966708
0.8380999751305644,3.7205893798828122,-0.7996633544921875,9.830592016601562,10.541479317965047
0.840586918676946,3.35188232421875,-0.7852981445312499,9.7683427734375,10.357235578598322
0.8430738622233275,2.925714428710937,-0.6416460449218749,9.706093530273437,10.157744148370105
0.8455608057697089,2.4564509033203126,-0.4070142822265625,9.658209497070311,9.97400733685607
0.8480477493160905,1.9632453613281249,-0.08140285644531249,9.605537060546874,9.804453120666821
0.850534692862472,1.4700398193359374,0.316034619140625,9.562441430664062,9.679937038318439
0.8530216364088534,0.9911994873046874,0.7613561279296874,9.519345800781249,9.601045987392247
0.855508579955235,0.5315127685546874,1.2210428466796874,9.471461767578125,9.564624376903593
0.8579955235016165,0.1005564697265625,1.695094775390625,9.428366137695312,9.580059808143165
0.8604824670479979,-0.2920926025390625,2.1547814941406247,9.375693701171874,9.624553691166303
0.8629694105943795,-0.6464344482421874,2.5905261962890624,9.332598071289063,9.707012425548985
0.8654563541407609,-0.948103857421875,2.9975404785156248,9.318232861328125,9.8343079829103
0.8679432976871424,-1.2018892333984375,3.347093920898437,9.303867651367186,9.96039802010096
0.870430241233524,-1.39821376953125,3.6391865234374996,9.289502441406249,10.074400027126606
0.8729171847799054,-1.5466542724609373,3.8690298828125,9.270348828125,10.163704987244383
0.8754041283262869,-1.656787548828125,4.027047192382812,9.255983618164063,10.229139104115834
0.8778910718726685,-1.7334020019531249,4.108450048828125,9.255983618164063,10.274107116621494
0.8803780154190499,-1.7573440185546874,4.132392065429687,9.279925634765624,10.309313360682967
0.8828649589654315,-1.7573440185546874,4.094084838867187,9.303867651367186,10.315606717084016
0.885351902511813,-1.7286135986328124,3.9983167724609374,9.332598071289063,10.2991275721077
0.8878388460581944,-1.6615759521484375,3.864241479492187,9.356540087890625,10.258559317608407
0.890325789604576,-1.5753846923828123,3.687070556640625,9.361328491210937,10.183849828969295
0.8928127331509574,-1.4796166259765624,3.4811692138671875,9.375693701171874,10.109967202401643
0.8952996766973389,-1.37906015625,3.2609026611328122,9.404424121093749,10.048805209045963
0.8977866202437205,-1.254561669921875,3.0406361083984375,9.423577734375,9.981142732329891
0.9002735637901019,-1.1252747802734375,2.81558115234375,9.428366137695312,9.903929956486587
0.9027605073364834,-1.0199299072265624,2.6096798095703124,9.437942944335937,9.84507251088963
0.905247450882865,-0.9097966308593749,2.418143676757812,9.452308154296874,9.79904475929945
0.9077343944292464,-0.7852981445312499,2.2361843505859373,9.4618849609375,9.754203229358353
0.9102213379756279,-0.6847416748046875,2.0877438476562498,9.476250170898437,9.727633979344285
0.9127082815220094,-0.59376201171875,1.9728221679687499,9.481038574218749,9.702302462756617
0.9151952250683909,-0.5123591552734374,1.886630908203125,9.476250170898437,9.675805154571506
0.9176821686147724,-0.44053310546874996,1.8195932617187498,9.471461767578125,9.654717865882999
0.9201691121611539,-0.38307226562499996,1.7860744384765623,9.466673364257812,9.641302341801067
0.9226560557075354,-0.33039982910156246,1.7812860351562498,9.476250170898437,9.647873407521766
0.9251429992539169,-0.28730419921875,1.8052280517578123,9.476250170898437,9.650943442130137
0.9276299428002984,-0.26336218261718747,1.8626888916015625,9.471461767578125,9.656477492379034
0.9301168863466799,-0.2537853759765625,1.93451494140625,9.466673364257812,9.66564326163199
0.9326038298930613,-0.2442085693359375,2.0063409912109376,9.457096557617186,9.67066271247453
0.9350907734394429,-0.239420166015625,2.1021090576171875,9.457096557617186,9.690864760489953
0.9375777169858244,-0.258573779296875,2.2074539306640624,9.447519750976562,9.705428517094768
0.9400646605322058,-0.27293898925781246,2.3032219970703123,9.447519750976562,9.728049994975246
0.9425516040785874,-0.2920926025390625,2.398990063476562,9.433154541015625,9.737806529593872
0.9450385476249689,-0.316034619140625,2.5043349365234375,9.423577734375,9.755787444927009
0.9475254911713503,-0.3447650390625,2.5905261962890624,9.418789331054686,9.77462435946309
0.9500124347177319,-0.373495458984375,2.6623522460937497,9.409212524414063,9.785749775553882
0.9524993782641133,-0.40222587890625,2.7198130859375,9.399635717773437,9.793483573628993
0.9549863218104948,-0.4261678955078125,2.7629087158203123,9.394847314453125,9.801961013440346
0.9574732653568764,-0.45489831542968745,2.7964275390625,9.404424121093749,9.821921019231311
0.9599602089032578,-0.488417138671875,2.8203695556640622,9.409212524414063,9.834953790509418
0.9624471524496393,-0.507570751953125,2.825157958984375,9.414000927734374,9.841877820255375
0.9649340959960209,-0.5315127685546874,2.8107927490234372,9.409212524414063,9.83444670689154
0.9674210395424023,-0.5506663818359374,2.7964275390625,9.404424121093749,9.826822146285204
0.9699079830887838,-0.5746083984375,2.77727392578125,9.414000927734374,9.831929553132639
0.9723949266351654,-0.5889736083984375,2.7437551025390623,9.423577734375,9.832542869975564
0.9748818701815468,-0.5889736083984375,2.710236279296875,9.423577734375,9.823242230384787
0.9773688137279283,-0.5985504150390625,2.6815058593749996,9.442731347656249,9.834323137726148
0.9798557572743098,-0.6081272216796875,2.6336218261718747,9.457096557617186,9.835774394582847
0.9823427008206913,-0.5985504150390625,2.5857377929687497,9.471461767578125,9.83630472016928
0.9848296443670728,-0.603338818359375,2.5570073730468748,9.481038574218749,9.838312705000753
0.9873165879134543,-0.603338818359375,2.5139117431640625,9.471461767578125,9.817960989780495
0.9898035314598358,-0.6081272216796875,2.4756045166015626,9.457096557617186,9.79464709626951
0.9922904750062173,-0.612915625,2.4564509033203126,9.452308154296874,9.785496719511968
0.9947774185525988,-0.603338818359375,2.427720483398437,9.457096557617186,9.782357577565158
0.9972643620989803,-0.5985504150390625,2.408566870117187,9.447519750976562,9.768064619578526
0.9997513056453617,-0.59376201171875,2.398990063476562,9.433154541015625,9.75151840719707
1.0022382491917432,-0.59376201171875,2.39420166015625,9.418789331054686,9.736444288283316
1.0047251927381249,-0.5889736083984375,2.408566870117187,9.418789331054686,9.739695926568013
1.0072121362845063,-0.584185205078125,2.4133552734375,9.409212524414063,9.731332712391001
1.0096990798308878,-0.5793968017578125,2.422932080078125,9.394847314453125,9.719539936666035
1.0121860233772693,-0.5746083984375,2.43250888671875,9.390058911132812,9.71702015280741
1.0146729669236507,-0.5602431884765625,2.442085693359375,9.3852705078125,9.713956838938499
1.0171599104700322,-0.55545478515625,2.461239306640625,9.390058911132812,9.723139168882163
1.0196468540164139,-0.55545478515625,2.4851813232421875,9.399635717773437,9.738470508996109
1.0221337975627953,-0.5506663818359374,2.499546533203125,9.423577734375,9.76497740148641
1.0246207411091768,-0.55545478515625,2.518700146484375,9.437942944335937,9.784025115809643
1.0271076846555582,-0.565031591796875,2.5330653564453125,9.452308154296874,9.802132943576062
1.0295946282019397,-0.55545478515625,2.5570073730468748,9.466673364257812,9.821645549994022
1.0320815717483212,-0.5458779785156249,2.5809493896484375,9.4618849609375,9.822756717610906
1.0345685152947028,-0.5458779785156249,2.6048914062499997,9.442731347656249,9.810637966503167
1.0370554588410843,-0.55545478515625,2.6192566162109374,9.433154541015625,9.805786038589739
1.0395424023874658,-0.5602431884765625,2.6192566162109374,9.433154541015625,9.80605844600586
1.0420293459338472,-0.5506663818359374,2.6336218261718747,9.423577734375,9.800153810179788
1.0445162894802287,-0.5506663818359374,2.6384102294921874,9.433154541015625,9.810649652181908
1.0470032330266101,-0.55545478515625,2.6240450195312497,9.423577734375,9.797854846786004
1.0494901765729918,-0.5506663818359374,2.6144682128906247,9.428366137695312,9.799630887270162
1.0519771201193733,-0.5506663818359374,2.6096798095703124,9.457096557617186,9.82600312806067
1.0544640636657547,-0.5602431884765625,2.6048914062499997,9.442731347656249,9.811447751101744
1.0569510072121362,-0.5506663818359374,2.5953145996093747,9.409212524414063,9.776102069056988
1.0594379507585177,-0.5458779785156249,2.5761609863281247,9.390058911132812,9.752322520787144
1.0619248943048991,-0.5506663818359374,2.5665841796874997,9.380482104492186,9.740843512150505
1.0644118378512808,-0.5458779785156249,2.5617957763671875,9.375693701171874,9.734701471819001
1.0668987813976623,-0.5410895751953124,2.5474305664062498,9.390058911132812,9.744505465829993
1.0693857249440437,-0.5458779785156249,2.528276953125,9.414000927734374,9.762867436696812
1.0718726684904252,-0.5458779785156249,2.5139117431640625,9.433154541015625,9.777634663584552
1.0743596120368066,-0.5315127685546874,2.5043349365234375,9.452308154296874,9.792871322610939
1.076846555583188,-0.5363011718749999,2.4947581298828125,9.466673364257812,9.804557188324173
1.0793334991295698,-0.5458779785156249,2.4899697265625,9.457096557617186,9.79462134575507
1.0818204426759512,-0.5506663818359374,2.499546533203125,9.442731347656249,9.783462661028663
1.0843073862223327,-0.5363011718749999,2.499546533203125,9.452308154296874,9.791908969265872
1.0867943297687142,-0.5315127685546874,2.4899697265625,9.457096557617186,9.793831240246547
1.0892812733150956,-0.5363011718749999,2.499546533203125,9.452308154296874,9.791908969265872
1.0917682168614773,-0.5363011718749999,2.5139117431640625,9.447519750976562,9.790965256013573
1.0942551604078588,-0.5410895751953124,2.5139117431640625,9.433154541015625,9.77736849952414
1.0967421039542402,-0.5363011718749999,2.5234885498046875,9.433154541015625,9.779571463138534
1.0992290475006217,-0.5410895751953124,2.5330653564453125,9.433154541015625,9.782310699578714
1.1017159910470031,-0.5458779785156249,2.5426421630859375,9.423577734375,9.775828826894367
1.1042029345933846,-0.5458779785156249,2.5474305664062498,9.409212524414063,9.76323028447448
1.1066898781397663,-0.5506663818359374,2.5474305664062498,9.409212524414063,9.763499182380034
1.1091768216861477,-0.5458779785156249,2.5426421630859375,9.414000927734374,9.766597432284915
1.1116637652325292,-0.5458779785156249,2.5474305664062498,9.428366137695312,9.781690717075897
1.1141507087789106,-0.5458779785156249,2.5474305664062498,9.447519750976562,9.800153810179788
1.116637652325292,-0.5458779785156249,2.5378537597656248,9.452308154296874,9.802286157686481
1.1191245958716736,-0.55545478515625,2.5426421630859375,9.447519750976562,9.799448384115689
1.1216115394180552,-0.5506663818359374,2.5378537597656248,9.447519750976562,9.797936752966567
1.1240984829644367,-0.5458779785156249,2.5330653564453125,9.447519750976562,9.796429569620964
1.1265854265108182,-0.55545478515625,2.528276953125,9.452308154296874,9.800349167955353
1.1290723700571996,-0.5458779785156249,2.5330653564453125,9.452308154296874,9.801047510916316
1.131559313603581,-0.5458779785156249,2.5330653564453125,9.433154541015625,9.782576729171891
1.1340462571499625,-0.5506663818359374,2.528276953125,9.428366137695312,9.776988587608503
1.1365332006963442,-0.5506663818359374,2.5234885498046875,9.437942944335937,9.784988244531526
1.1390201442427257,-0.5410895751953124,2.5234885498046875,9.433154541015625,9.779835222746042
1.1415070877891071,-0.5363011718749999,2.5234885498046875,9.433154541015625,9.779571463138534
1.1439940313354886,-0.5410895751953124,2.518700146484375,9.423577734375,9.769362603163716
1.14648097488187,-0.5363011718749999,2.5139117431640625,9.414000927734374,9.758626166974341
1.1489679184282515,-0.5410895751953124,2.5139117431640625,9.414000927734374,9.758890492683422
1.1514548619746332,-0.5458779785156249,2.5234885498046875,9.394847314453125,9.743158281086824
1.1539418055210147,-0.5506663818359374,2.5139117431640625,9.394847314453125,9.740951790168635
1.1564287490673961,-0.5458779785156249,2.50912333984375,9.423577734375,9.767164379582502
1.1589156926137776,-0.5410895751953124,2.5043349365234375,9.433154541015625,9.774910536539995
1.161402636160159,-0.5458779785156249,2.5043349365234375,9.428366137695312,9.770555985621277
1.1638895797065405,-0.5506663818359374,2.5043349365234375,9.433154541015625,9.775445336815087
1.1663765232529222,-0.5458779785156249,2.50912333984375,9.437942944335937,9.781024983227343
1.1688634667993036,-0.5458779785156249,2.50912333984375,9.437942944335937,9.781024983227343
1.171350410345685,-0.5458779785156249,2.499546533203125,9.437942944335937,9.778572628948284
1.1738373538920666,-0.5410895751953124,2.5043349365234375,9.428366137695312,9.770289628722196
1.176324297438448,-0.5315127685546874,2.50912333984375,9.423577734375,9.766372052788773
1.1788112409848295,-0.5410895751953124,2.499546533203125,9.433154541015625,9.773684842203402
1.1812981845312112,-0.5458779785156249,2.4947581298828125,9.437942944335937,9.777349738788379
1.1837851280775926,-0.5410895751953124,2.499546533203125,9.447519750976562,9.787550267821109
1.186272071623974,-0.5363011718749999,2.50912333984375,9.442731347656249,9.785115951562002
1.1887590151703555,-0.5410895751953124,2.5139117431640625,9.447519750976562,9.791228708691033
1.191245958716737,-0.5458779785156249,2.518700146484375,9.452308154296874,9.797344672875191
1.1937329022631185,-0.5410895751953124,2.5234885498046875,9.433154541015625,9.779835222746042
1.1962198458095001,-0.5410895751953124,2.5234885498046875,9.433154541015625,9.779835222746042
1.1987067893558816,-0.5458779785156249,2.5378537597656248,9.437942944335937,9.788434578313598
1.201193732902263,-0.5410895751953124,2.5474305664062498,9.433154541015625,9.786040313310059
1.2036806764486445,-0.5363011718749999,2.5378537597656248,9.414000927734374,9.764821253883488
1.206167619995026,-0.5410895751953124,2.5426421630859375,9.414000927734374,9.76633096742431
1.2086545635414074,-0.5458779785156249,2.5426421630859375,9.428366137695312,9.780444773289721
1.2111415070877891,-0.5410895751953124,2.5522189697265625,9.437942944335937,9.79190311524566
1.2136284506341706,-0.5458779785156249,2.5617957763671875,9.442731347656249,9.799283426417007
1.216115394180552,-0.5458779785156249,2.5617957763671875,9.433154541015625,9.790055411586023
1.2186023377269335,-0.5458779785156249,2.5665841796874997,9.428366137695312,9.786696334580432
1.221089281273315,-0.5506663818359374,2.5761609863281247,9.423577734375,9.784868737360336
1.2235762248196966,-0.5458779785156249,2.5761609863281247,9.423577734375,9.784600426727485
1.226063168366078,-0.5410895751953124,2.5809493896484375,9.433154541015625,9.794819154787668
1.2285501119124596,-0.5458779785156249,2.5857377929687497,9.457096557617186,9.819404157152817
1.231037055458841,-0.5458779785156249,2.5905261962890624,9.457096557617186,9.82066617094701
1.2335239990052225,-0.5363011718749999,2.5857377929687497,9.447519750976562,9.809652813735747
1.236010942551604,-0.5363011718749999,2.5761609863281247,9.433154541015625,9.793295102728054
1.2384978860979856,-0.5363011718749999,2.5713725830078125,9.433154541015625,9.792036586036762
1.240984829644367,-0.5363011718749999,2.5761609863281247,9.437942944335937,9.797907500837823
1.2434717731907485,-0.5506663818359374,2.5713725830078125,9.437942944335937,9.797446475754233
1.24595871673713,-0.565031591796875,2.5665841796874997,9.433154541015625,9.792396011489444
1.2484456602835114,-0.565031591796875,2.5570073730468748,9.428366137695312,9.7852764617043
1.250932603829893,-0.5602431884765625,2.5474305664062498,9.414000927734374,9.768658474339192
1.2534195473762746,-0.5602431884765625,2.5330653564453125,9.414000927734374,9.764922221791705
1.255906490922656,-0.5506663818359374,2.528276953125,9.428366137695312,9.776988587608503
1.2583934344690375,-0.5458779785156249,2.528276953125,9.433154541015625,9.781337930662403
1.260880378015419,-0.5458779785156249,2.5234885498046875,9.428366137695312,9.775482865560313
1.2633673215618004,-0.5458779785156249,2.528276953125,9.418789331054686,9.767484813498351
1.2658542651081819,-0.5458779785156249,2.5234885498046875,9.404424121093749,9.752393053903928
1.2683412086545636,-0.5410895751953124,2.518700146484375,9.409212524414063,9.755506582739612
1.270828152200945,-0.5410895751953124,2.5139117431640625,9.428366137695312,9.772748753919894
1.2733150957473265,-0.5458779785156249,2.518700146484375,9.433154541015625,9.778866897039372
1.275802039293708,-0.5506663818359374,2.518700146484375,9.437942944335937,9.783754438482458
1.2782889828400894,-0.5410895751953124,2.518700146484375,9.452308154296874,9.797079044290326
1.2807759263864709,-0.5363011718749999,2.5139117431640625,9.447519750976562,9.790965256013573
1.2832628699328525,-0.5363011718749999,2.5043349365234375,9.442731347656249,9.783889192200428
1.285749813479234,-0.5458779785156249,2.4947581298828125,9.442731347656249,9.781971999451576
1.2882367570256155,-0.5458779785156249,2.5043349365234375,9.447519750976562,9.789040079947187
1.290723700571997,-0.5410895751953124,2.499546533203125,9.457096557617186,9.796794685004256
1.2932106441183784,-0.5458779785156249,2.4947581298828125,9.457096557617186,9.795839739100447
1.2956975876647598,-0.5458779785156249,2.499546533203125,9.447519750976562,9.787816155004563
1.2981845312111415,-0.5458779785156249,2.5043349365234375,9.447519750976562,9.789040079947187
1.300671474757523,-0.5458779785156249,2.5043349365234375,9.442731347656249,9.78441881491845
1.3031584183039044,-0.5363011718749999,2.5043349365234375,9.433154541015625,9.774646644044482
1.305645361850286,-0.5410895751953124,2.50912333984375,9.428366137695312,9.771518095432935
1.3081323053966674,-0.5458779785156249,2.5139117431640625,9.423577734375,9.768395586566646
1.3106192489430488,-0.5458779785156249,2.5139117431640625,9.418789331054686,9.76377629212366
1.3131061924894305,-0.5410895751953124,2.5139117431640625,9.409212524414063,9.754271398233374
1.315593136035812,-0.5458779785156249,2.50912333984375,9.414000927734374,9.757924788056147
1.3180800795821934,-0.5458779785156249,2.5139117431640625,9.433154541015625,9.777634663584552
1.3205670231285749,-0.5458779785156249,2.5234885498046875,9.437942944335937,9.784719937175726
1.3230539666749563,-0.5458779785156249,2.528276953125,9.437942944335937,9.785955964527524
1.3255409102213378,-0.5458779785156249,2.528276953125,9.447519750976562,9.795192523081084
1.3280278537677195,-0.5458779785156249,2.518700146484375,9.447519750976562,9.792724985437964
1.330514797314101,-0.5458779785156249,2.5139117431640625,9.437942944335937,9.782254445698443
1.3330017408604824,-0.5506663818359374,2.518700146484375,9.428366137695312,9.774516454455652
1.3354886844068639,-0.55545478515625,2.518700146484375,9.423577734375,9.770168768351018
1.3379756279532453,-0.55545478515625,2.5139117431640625,9.433154541015625,9.778174004662366
1.3404625714996268,-0.5506663818359374,2.518700146484375,9.428366137695312,9.774516454455652
1.3429495150460085,-0.5506663818359374,2.528276953125,9.423577734375,9.772371008695668
1.34543645859239,-0.5458779785156249,2.5330653564453125,9.423577734375,9.77334232405987
1.3479234021387714,-0.5458779785156249,2.528276953125,9.423577734375,9.77210235491522
1.3504103456851528,-0.5458779785156249,2.5330653564453125,9.414000927734374,9.76410857860744
1.3528972892315343,-0.5458779785156249,2.5426421630859375,9.394847314453125,9.748136642395702
1.3553842327779158,-0.5458779785156249,2.5474305664062498,9.404424121093749,9.758615593797058
1.3578711763242974,-0.5458779785156249,2.5426421630859375,9.414000927734374,9.766597432284915
1.360358119870679,-0.5458779785156249,2.5474305664062498,9.423577734375,9.777075358914722
1.3628450634170604,-0.5410895751953124,2.5426421630859375,9.437942944335937,9.789411326450017
1.3653320069634418,-0.5315127685546874,2.5426421630859375,9.433154541015625,9.784270007891376
1.3678189505098233,-0.5363011718749999,2.5474305664062498,9.437942944335937,9.790392661081365
1.370305894056205,-0.5363011718749999,2.5522189697265625,9.452308154296874,9.805486732445962
1.3727928376025864,-0.5410895751953124,2.5522189697265625,9.457096557617186,9.810365686247989
1.3752797811489679,-0.55545478515625,2.5570073730468748,9.452308154296874,9.807800271618312
1.3777667246953493,-0.5506663818359374,2.5617957763671875,9.442731347656249,9.799551335030959
1.3802536682417308,-0.5410895751953124,2.5522189697265625,9.442731347656249,9.796518509237204
1.3827406117881123,-0.5410895751953124,2.5474305664062498,9.447519750976562,9.799888257737338
1.385227555334494,-0.5458779785156249,2.5522189697265625,9.457096557617186,9.810630955089243
1.3877144988808754,-0.5458779785156249,2.5522189697265625,9.471461767578125,9.824479245820338
1.3902014424272569,-0.5410895751953124,2.5522189697265625,9.457096557617186,9.810365686247989
1.3926883859736383,-0.5458779785156249,2.5378537597656248,9.457096557617186,9.806903679219026
1.3951753295200198,-0.5458779785156249,2.528276953125,9.457096557617186,9.804429734524398
1.3976622730664012,-0.55545478515625,2.5378537597656248,9.457096557617186,9.807441410704646
1.400149216612783,-0.55545478515625,2.5378537597656248,9.447519750976562,9.798207038504634
1.4026361601591644,-0.55545478515625,2.5330653564453125,9.428366137695312,9.77849876743951
1.4051231037055458,-0.55545478515625,2.528276953125,9.428366137695312,9.77725945224405
1.4076100472519273,-0.5506663818359374,2.528276953125,9.433154541015625,9.78160633078591
1.4100969907983087,-0.5506663818359374,2.528276953125,9.437942944335937,9.786224237995357
1.4125839343446902,-0.55545478515625,2.5234885498046875,9.433154541015625,9.780640524732112
1.4150708778910719,-0.55545478515625,2.528276953125,9.418789331054686,9.768024714999731
1.4175578214374533,-0.5506663818359374,2.5378537597656248,9.414000927734374,9.765620750235207
1.4200447649838348,-0.5458779785156249,2.5378537597656248,9.418789331054686,9.769968113365284
1.4225317085302163,-0.5410895751953124,2.5378537597656248,9.404424121093749,9.755853252471129
1.4250186520765977,-0.5458779785156249,2.5330653564453125,9.3852705078125,9.736411318975119
1.4275055956229792,-0.5506663818359374,2.5234885498046875,9.394847314453125,9.743427732937047
1.4299925391693609,-0.5458779785156249,2.5234885498046875,9.399635717773437,9.747775584986856
1.4324794827157423,-0.5458779785156249,2.5234885498046875,9.414000927734374,9.761628485852519
1.4349664262621238,-0.5506663818359374,2.518700146484375,9.418789331054686,9.765279123239349
1.4374533698085052,-0.5506663818359374,2.5043349365234375,9.428366137695312,9.770824681919931
1.4399403133548867,-0.5506663818359374,2.5043349365234375,9.428366137695312,9.770824681919931
1.4424272569012682,-0.5458779785156249,2.5139117431640625,9.428366137695312,9.773015043797184
1.4449142004476498,-0.5458779785156249,2.50912333984375,9.423577734375,9.767164379582502
1.4474011439940313,-0.5506663818359374,2.50912333984375,9.428366137695312,9.772053081367934
1.4498880875404128,-0.5506663818359374,2.518700146484375,9.437942944335937,9.783754438482458
1.4523750310867942,-0.5506663818359374,2.5234885498046875,9.437942944335937,9.784988244531526
1.4548619746331757,-0.5506663818359374,2.518700146484375,9.437942944335937,9.783754438482458
1.4573489181795571,-0.5506663818359374,2.5139117431640625,9.452308154296874,9.796382758972294
1.4598358617259388,-0.5363011718749999,2.5234885498046875,9.452308154296874,9.79804791025932
1.4623228052723203,-0.5219359619140624,2.5234885498046875,9.433154541015625,9.77879421012725
1.4648097488187017,-0.5315127685546874,2.518700146484375,9.433154541015625,9.77807551851185
1.4672966923650832,-0.5458779785156249,2.5139117431640625,9.447519750976562,9.791494495986745
1.4697836359114647,-0.5458779785156249,2.5234885498046875,9.428366137695312,9.775482865560313
1.4722705794578461,-0.5458779785156249,2.5330653564453125,9.418789331054686,9.768725368759288
1.4747575230042278,-0.5506663818359374,2.5426421630859375,9.428366137695312,9.780713197923054
1.4772444665506093,-0.5363011718749999,2.5522189697265625,9.433154541015625,9.787024328725781
1.4797314100969907,-0.5315127685546874,2.5570073730468748,9.442731347656249,9.79724286893832
1.4822183536433722,-0.5363011718749999,2.5570073730468748,9.433154541015625,9.788274119958752
1.4847052971897536,-0.5363011718749999,2.5522189697265625,9.437942944335937,9.7916396807137
1.487192240736135,-0.5458779785156249,2.5617957763671875,9.433154541015625,9.790055411586023
1.4896791842825168,-0.5458779785156249,2.5665841796874997,9.437942944335937,9.795922832453865
1.4921661278288982,-0.5315127685546874,2.5570073730468748,9.442731347656249,9.79724286893832
1.4946530713752797,-0.5219359619140624,2.5617957763671875,9.452308154296874,9.80720878700658
1.4971400149216612,-0.5267243652343749,2.5617957763671875,9.452308154296874,9.80746478966565
1.4996269584680426,-0.5315127685546874,2.5617957763671875,9.447519750976562,9.80310832685438
1.5021139020144243,-0.5315127685546874,2.5617957763671875,9.447519750976562,9.80310832685438
1.5046008455608058,-5.228936425781249,12.076353173828124,8.896853369140624,15.885026974981171
1.5070877891071872,-3.1459809814453124,11.037269653320312,9.054870678710937,14.618796145507337
1.5095747326535687,-1.1875240234375,9.840168823242188,9.193734375,13.519019473845185
1.5120616761999501,0.5889736083984375,8.552088330078124,9.323021264648437,12.665063372045765
1.5145486197463316,2.1404162841796874,7.206546997070312,9.452308154296874,12.077327143633722
1.5170355632927133,3.438073583984375,5.8610056640625,9.572018237304688,11.7386230239478
1.5195225068390947,4.4819455078125,4.563348364257812,9.658209497070311,11.584169996934362
1.5220094503854762,5.233724829101562,3.342305517578125,9.730035546875,11.542810468124236
1.5244963939318577,5.7125651611328125,2.2457611572265623,9.782707983398437,11.548948843247313
1.5269833374782391,5.942408520507812,1.2785036865234374,9.797073193359374,11.529502758449677
1.5294702810246206,5.932831713867187,0.45968671875,9.80665,11.470840782042238
1.5319572245710023,5.693411547851563,-0.19153613281249998,9.811438403320311,11.345304962209298
1.5344441681173837,5.2816088623046875,-0.689530078125,9.787496386718749,11.142976685924056
1.5369311116637652,4.716577270507813,-1.0199299072265624,9.749189160156249,10.878099440841412
1.5394180552101466,4.031835595703125,-1.2018892333984375,9.706093530273437,10.578680807102259
1.541904998756528,3.2609026611328122,-1.235408056640625,9.648632690429688,10.259426495990118
1.5443919423029095,2.4516625,-1.139639990234375,9.595960253906249,9.969547708687497
1.5468788858492912,1.6328455322265625,-0.93852705078125,9.557653027343749,9.741444910702597
1.5493658293956727,0.8188169677734375,-0.6560112548828124,9.524134204101562,9.581750588018032
1.5518527729420541,0.033518823242187495,-0.3112462158203125,9.504980590820312,9.510134265626581
1.5543397164884356,-0.679953271484375,0.0909796630859375,9.471461767578125,9.496273046052945
1.556826660034817,-1.3072341064453123,0.5315127685546874,9.428366137695312,9.533386326937041
1.5593136035811985,-1.85790048828125,0.97683427734375,9.399635717773437,9.63115522959689
1.5618005471275802,-2.308010400390625,1.4173673828125,9.375693701171874,9.759071404819519
1.5642874906739617,-2.6479870361328124,1.8626888916015625,9.34696328125,9.891772734523325
1.5667744342203431,-2.877830395507812,2.2840683837890623,9.327809667968749,10.025313429962411
1.5692613777667246,-3.0119056884765625,2.6384102294921874,9.323021264648437,10.146502348910852
1.571748321313106,-3.0550013183593747,2.959233251953125,9.323021264648437,10.24738112864597
1.5742352648594875,-2.9975404785156248,3.2321722412109373,9.323021264648437,10.31265784452685
1.5767222084058692,-2.868253588867187,3.4428619873046875,9.332598071289063,10.352659758434323
1.5792091519522506,-2.6719290527343746,3.6008792968749996,9.366116894531249,10.384107195880285
1.581696095498632,-2.422932080078125,3.706224169921875,9.370905297851563,10.364389203599375
1.5841830390450136,-2.1404162841796874,3.77326181640625,9.361328491210937,10.317623647191665
1.586669982591395,-1.8339584716796873,3.782838623046875,9.370905297851563,10.270693152127725
1.5891569261377765,-1.5179238525390624,3.749319799804687,9.380482104492186,10.21542638836053
1.5916438696841582,-1.1923124267578125,3.6822821533203123,9.394847314453125,10.160903839794445
1.5941308132305396,-0.9002198242187499,3.5817256835937497,9.414000927734374,10.112495640138254
1.596617756776921,-0.622492431640625,3.4524387939453125,9.423577734375,10.05537904652016
1.5991047003233025,-0.354341845703125,3.323151904296875,9.442731347656249,10.01668967407188
1.601591643869684,-0.1197100830078125,3.189076611328125,9.466673364257812,9.990117352786308
1.6040785874160655,0.06703764648437499,3.0406361083984375,9.466673364257812,9.943232199606468
1.6065655309624471,0.22026655273437498,2.882618798828125,9.466673364257812,9.89827828862975
1.6090524745088286,0.32082302246093747,2.748543505859375,9.471461767578125,9.86742148841514
1.61153941805521,0.37828386230468747,2.6001030029296874,9.471461767578125,9.8291516582571
1.6140263616015915,0.4070142822265625,2.47081611328125,9.471461767578125,9.796896493598409
1.616513305147973,0.4070142822265625,2.375048046875,9.466673364257812,9.768542288205005
1.6190002486943544,0.373495458984375,2.27927998046875,9.466673364257812,9.744358402316486
1.6214871922407361,0.3112462158203125,2.2026655273437497,9.471461767578125,9.729193062474664
1.6239741357871176,0.2346317626953125,2.1595698974609374,9.481038574218749,9.726709960305634
1.626461079333499,0.1197100830078125,2.1212626708984375,9.485826977539062,9.720853834449358
1.6289480228798805,0.0047884033203125,2.0925322509765625,9.4618849609375,9.690509850580549
1.631434966426262,-0.105344873046875,2.0925322509765625,9.447519750976562,9.677056278060315
1.6339219099726436,-0.2346317626953125,2.1068974609374997,9.442731347656249,9.677770625458137
1.636408853519025,-0.354341845703125,2.1356278808593747,9.428366137695312,9.673704182760593
1.6388957970654066,-0.4644751220703125,2.1739351074218747,9.418789331054686,9.677568054686732
1.641382740611788,-0.5746083984375,2.2170307373046874,9.418789331054686,9.693244687126095
1.6438696841581695,-0.6607996582031249,2.269703173828125,9.409212524414063,9.701623009329793
1.646356627704551,-0.7422025146484375,2.3319524169921872,9.399635717773437,9.712981945556592
1.6488435712509326,-0.8092401611328125,2.379836450195312,9.404424121093749,9.734561326401844
1.651330514797314,-0.852335791015625,2.43250888671875,9.409212524414063,9.755862653512624
1.6538174583436955,-0.8906430175781249,2.480392919921875,9.418789331054686,9.780551440729138
1.656304401890077,-0.9097966308593749,2.5330653564453125,9.418789331054686,9.795802288344538
1.6587913454364585,-0.9145850341796874,2.5761609863281247,9.409212524414063,9.798283091532669
1.66127828898284,-0.9002198242187499,2.6096798095703124,9.409212524414063,9.805819943787762
1.6637652325292216,-0.8762778076171874,2.6384102294921874,9.418789331054686,9.820522582734636
1.666252176075603,-0.8571241943359375,2.6623522460937497,9.418789331054686,9.825292556946385
1.6687391196219845,-0.82360537109375,2.6862942626953124,9.423577734375,9.833530392940903
1.671226063168366,-0.7757213378906249,2.7054478759765623,9.428366137695312,9.839475587150188
1.6737130067147474,-0.737414111328125,2.7054478759765623,9.428366137695312,9.836529662825784
1.676199950261129,-0.699106884765625,2.70065947265625,9.414000927734374,9.81864173350664
1.6786868938075106,-0.6512228515624999,2.6910826660156246,9.399635717773437,9.798937123207248
1.681173837353892,-0.603338818359375,2.6815058593749996,9.414000927734374,9.807033438863426
1.6836607809002735,-0.565031591796875,2.6623522460937497,9.418789331054686,9.80413038697459
1.686147724446655,-0.5267243652343749,2.6479870361328124,9.414000927734374,9.79350230345828
1.6886346679930364,-0.47884033203125,2.6336218261718747,9.418789331054686,9.791774325915517
1.6911216115394179,-0.45968671875,2.6096798095703124,9.418789331054686,9.784443420586767
1.6936085550857995,-0.44532150878906246,2.5905261962890624,9.409212524414063,9.769463524136855
1.696095498632181,-0.430956298828125,2.5713725830078125,9.423577734375,9.777601833167076
1.6985824421785625,-0.4213794921875,2.5522189697265625,9.437942944335937,9.786018054674168
1.701069385724944,-0.4165910888671875,2.5474305664062498,9.433154541015625,9.779946585777866
1.7035563292713254,-0.4213794921875,2.5426421630859375,9.442731347656249,9.788144111625478
1.7060432728177068,-0.430956298828125,2.5234885498046875,9.4618849609375,9.802090838515538
1.7085302163640885,-0.44053310546874996,2.50912333984375,9.471461767578125,9.80807612971355
1.71101715991047,-0.45489831542968745,2.5043349365234375,9.466673364257812,9.802883786785443
1.7135041034568514,-0.469263525390625,2.4899697265625,9.4618849609375,9.795275621924837
1.715991047003233,-0.4740519287109375,2.4899697265625,9.457096557617186,9.790880949659591
1.7184779905496144,-0.49320554199218747,2.4851813232421875,9.4618849609375,9.795235828200301
1.7209649340959958,-0.51714755859375,2.4851813232421875,9.4618849609375,9.796470528755062
1.7234518776423775,-0.5363011718749999,2.480392919921875,9.447519750976562,9.782412658912182
1.725938821188759,-0.5506663818359374,2.4851813232421875,9.437942944335937,9.775179113142457
1.7284257647351404,-0.565031591796875,2.4851813232421875,9.433154541015625,9.771376131528456
1.7309127082815219,-0.5698199951171875,2.4851813232421875,9.433154541015625,9.77165419112398
1.7333996518279033,-0.5793968017578125,2.4851813232421875,9.414000927734374,9.75372956005356
1.7358865953742848,-0.59376201171875,2.4851813232421875,9.409212524414063,9.749972300757708
1.7383735389206665,-0.6081272216796875,2.4947581298828125,9.428366137695312,9.77178207241667
1.740860482467048,-5.391742138671875,8.681375219726561,8.71489404296875,13.430805529668895
1.7433474260134294,-3.265691064453125,8.058882788085937,8.872911352539061,12.423320240200415
1.7458343695598109,-1.24498486328125,7.297526660156249,9.045293872070312,11.688508198123634
1.7483213131061923,0.6464344482421874,6.430825659179687,9.203311181640624,11.246080777797632
1.7508082566525738,2.360682836914062,5.492298608398437,9.351751684570312,11.099253444722294
1.7532952001989555,3.835511059570312,4.520252734375,9.490615380859374,11.189978113388577
1.755782143745337,5.05655390625,3.5434184570312497,9.6151138671875,11.4269403799715
1.7582690872917184,6.0142345703124995,2.6096798095703124,9.710881933593749,11.716768927627548
1.7607560308380998,6.68461103515625,1.7477672119140624,9.773131176757811,11.9688265054052
1.7632429743844813,7.072471704101562,0.97683427734375,9.821015209960937,12.141927399099165
1.765729917930863,7.201758593749999,0.32561142578124996,9.86411083984375,12.217693411768616
1.7682168614772444,7.058106494140625,-0.2059013427734375,9.888052856445311,12.150425998187975
1.770703805023626,6.68461103515625,-0.5889736083984375,9.90241806640625,11.96197300467659
1.7731907485700074,6.124367846679687,-0.833182177734375,9.892841259765625,11.664921013605676
1.7756776921163888,5.4013189453125,-0.9433154541015625,9.883264453125,11.30234518342732
1.7781646356627703,4.525041137695312,-0.9241618408203125,9.859322436523437,10.887438234644444
1.780651579209152,3.5721488769531247,-0.7805097412109374,9.821015209960937,10.479588866435872
1.7831385227555334,2.5617957763671875,-0.5315127685546874,9.80665,10.149664410484192
1.7856254663019149,1.5466542724609373,-0.19632453613281248,9.773131176757811,9.896705298235618
1.7881124098482963,0.5315127685546874,0.22505495605468748,9.720458740234374,9.737580483722857
1.7905993533946778,-0.430956298828125,0.689530078125,9.672574707031249,9.706692357504659
1.7930862969410593,-1.3168109130859373,1.1731588134765625,9.624690673828125,9.784935520959454
1.795573240487441,-2.1068974609374997,1.675941162109375,9.572018237304688,9.943406298902351
1.7980601840338224,-2.786850732421875,2.1739351074218747,9.519345800781249,10.154332835343409
1.8005471275802039,-3.347093920898437,2.6336218261718747,9.485826977539062,10.39807266210484
1.8030340711265853,-3.758896606445312,3.0645781249999997,9.471461767578125,10.640936556378332
1.8055210146729668,-4.04141240234375,3.4428619873046875,9.433154541015625,10.824542367422707
1.8080079582193482,-4.199429711914062,3.768473413085937,9.394847314453125,10.95900350544379
1.81049490176573,-4.2329485351562495,4.027047192382812,9.370905297851563,11.043044348922185
1.8129818453121114,-4.141968872070312,4.189852905273438,9.34696328125,11.048823289656843
1.8154687888584928,-3.9456443359374997,4.290409374999999,9.323021264648437,10.995201104658818
1.8179557324048743,-3.6535517333984373,4.3239281982421875,9.313444458007812,10.898855123570048
1.8204426759512558,-3.289633081054687,4.285620971679688,9.3086560546875,10.76286720466904
1.8229296194976372,-2.868253588867187,4.199429711914062,9.3086560546875,10.60722235553806
1.825416563044019,-2.403778466796875,4.065354418945312,9.303867651367186,10.433945118852758
1.8279035065904004,-1.9201497314453124,3.8690298828125,9.318232861328125,10.270629527112783
1.8303904501367818,-1.4413093994140624,3.6535517333984373,9.323021264648437,10.116547758724069
1.8328773936831633,-0.967257470703125,3.414131567382812,9.327809667968749,9.979975680124781
1.8353643372295447,-0.5123591552734374,3.1555577880859373,9.342174877929686,9.874020878434624
1.8378512807759262,-0.09576806640624999,2.89219560546875,9.34696328125,9.784666040487622
1.8403382243223079,0.26815058593749996,2.6431986328124997,9.351751684570312,9.721813787514352
1.8428251678686893,0.584185205078125,2.403778466796875,9.361328491210937,9.682659468948918
1.8453121114150708,0.8379705810546875,2.1835119140624997,9.375693701171874,9.662999086813574
1.8477990549614522,1.0103531005859374,1.9967641845703124,9.394847314453125,9.65769313337991
1.8502859985078337,1.1348515869140625,1.8531120849609375,9.409212524414063,9.656872829924815
1.8527729420542152,1.197100830078125,1.7381904052734374,9.418789331054686,9.65235457000767
1.8552598856005968,1.2018892333984375,1.6519991455078125,9.418789331054686,9.637802206359456
1.8577468291469783,1.1444283935546875,1.608903515625,9.423577734375,9.628193194279646
1.8602337726933598,1.0390835205078124,1.6041151123046875,9.428366137695312,9.620133464903425
1.8627207162397412,0.9050082275390624,1.6328455322265625,9.433154541015625,9.616112989077726
1.8652076597861227,0.7230489013671875,1.68551796875,9.433154541015625,9.609795790308509
1.8676946033325041,0.51714755859375,1.7669208251953124,9.428366137695312,9.606432159043646
1.8701815468788858,0.3016694091796875,1.8770541015625,9.433154541015625,9.622823968425855
1.8726684904252673,0.0718260498046875,1.9871873779296874,9.442731347656249,9.649831499070002
1.8751554339716487,-0.1580173095703125,2.1068974609374997,9.442731347656249,9.676216289699125
1.8776423775180302,-0.38786066894531246,2.2266075439453124,9.457096557617186,9.723419786955807
1.8801293210644117,-0.612915625,2.360682836914062,9.466673364257812,9.775806545007837
1.8826162646107931,-0.8044517578125,2.4947581298828125,9.476250170898437,9.832104457272445
1.8851032081571748,-0.9624690673828125,2.6001030029296874,9.490615380859374,9.887298045417527
1.8875901517035563,-1.1109095703125,2.6958710693359373,9.504980590820312,9.942157558989157
1.8900770952499377,-1.22583125,2.7916391357421872,9.5001921875,9.97745272687974
1.8925640387963192,-1.3072341064453123,2.868253588867187,9.490615380859374,10.000375991256924
1.8950509823427006,-1.3551181396484375,2.93050283203125,9.481038574218749,10.015701895861882
1.897537925889082,-1.369483349609375,2.9735984619140625,9.4618849609375,10.012244477217395
1.9000248694354638,-1.35990654296875,3.0023288818359375,9.447519750976562,10.00594593056587
1.9025118129818452,-1.3263877197265623,3.0023288818359375,9.447519750976562,10.001445522665207
1.9049987565282267,-1.2785036865234374,2.978386865234375,9.452308154296874,9.992571712989697
1.9074857000746082,-1.2018892333984375,2.96881005859375,9.457096557617186,9.984740667311362
1.9099726436209896,-1.1061211669921875,2.925714428710937,9.4618849609375,9.965469179544472
1.9124595871673713,-1.01514150390625,2.868253588867187,9.4618849609375,9.939047134258786
1.9149465307137528,-0.9193734375,2.825157958984375,9.457096557617186,9.91279175161509
1.9174334742601342,-0.814028564453125,2.7581203125,9.442731347656249,9.8709191803996
1.9199204178065157,-0.70868369140625,2.6910826660156246,9.428366137695312,9.830475396247863
1.9224073613528971,-0.603338818359375,2.6336218261718747,9.423577734375,9.803254509030989
1.9248943048992786,-0.5027823486328125,2.5713725830078125,9.423577734375,9.7810308437582
1.9273812484456603,-0.4213794921875,2.50912333984375,9.428366137695312,9.765620750235207
1.9298681919920417,-0.3495534423828125,2.4756045166015626,9.433154541015625,9.758852900130396
1.9323551355384232,-0.2825157958984375,2.427720483398437,9.442731347656249,9.753912918642161
1.9348420790848047,-0.2346317626953125,2.375048046875,9.447519750976562,9.744307811954759
1.9373290226311861,-0.201112939453125,2.346317626953125,9.452308154296874,9.741241310261932
1.9398159661775676,-0.1771709228515625,2.3223756103515623,9.457096557617186,9.739686509921903
1.9423029097239493,-0.1771709228515625,2.308010400390625,9.4618849609375,9.740922366913239
1.9447898532703307,-0.1867477294921875,2.3127988037109373,9.466673364257812,9.746887585607292
1.9472767968167122,-0.181959326171875,2.31758720703125,9.442731347656249,9.724684825874093
1.9497637403630936,-0.22026655273437498,2.3223756103515623,9.433154541015625,9.717322183837119
1.952250683909475,-0.26336218261718747,2.3415292236328122,9.437942944335937,9.727635157883949
1.9547376274558566,-0.3112462158203125,2.360682836914062,9.423577734375,9.719748709672043
1.9572245710022382,-0.354341845703125,2.379836450195312,9.418789331054686,9.72125362986092
1.9597115145486197,-0.39743747558593745,2.403778466796875,9.428366137695312,9.73807966135398
1.9621984580950012,-0.45010991210937495,2.43250888671875,9.414000927734374,9.73360734179926
1.9646854016413826,-0.5027823486328125,2.461239306640625,9.399635717773437,9.729524173436834
1.967172345187764,-0.55545478515625,2.480392919921875,9.390058911132812,9.7280052122774
1.9696592887341455,-0.5985504150390625,2.4947581298828125,9.3852705078125,9.729613724643693
1.9721462322805272,-0.63206923828125,2.5139117431640625,9.3852705078125,9.736660940959931
1.9746331758269087,-0.6607996582031249,2.528276953125,9.3852705078125,9.742286335599026
1.9771201193732901,-0.689530078125,2.5426421630859375,9.3852705078125,9.748014331285962
1.9796070629196716,-0.7134720947265625,2.5570073730468748,9.390058911132812,9.758101018656976
1.982094006466053,-0.7230489013671875,2.5713725830078125,9.399635717773437,9.7717914581337
1.9845809500124345,-0.7230489013671875,2.5761609863281247,9.394847314453125,9.768447225794613
1.9870678935588162,-0.718260498046875,2.5857377929687497,9.394847314453125,9.770624040404407
1.9895548371051976,-0.7134720947265625,2.5953145996093747,9.414000927734374,9.79122636692068
1.992041780651579,-0.699106884765625,2.5953145996093747,9.423577734375,9.799399248070289
1.9945287241979606,-0.6703764648437499,2.5905261962890624,9.423577734375,9.796124126106434
1.997015667744342,-0.6512228515624999,2.5905261962890624,9.428366137695312,9.799439024887938
1.9995026112907235,-0.6272808349609375,2.5953145996093747,9.433154541015625,9.803751512127313
2.001989554837105,-0.5985504150390625,2.6001030029296874,9.442731347656249,9.812439733786771
2.0044764983834864,-0.565031591796875,2.5905261962890624,9.442731347656249,9.807918330481671
2.006963441929868,-0.5363011718749999,2.5809493896484375,9.457096557617186,9.817616513134743
2.0094503854762498,-0.51714755859375,2.5809493896484375,9.4618849609375,9.821201981595804
2.011937329022631,-0.49320554199218747,2.5713725830078125,9.4618849609375,9.817457699491825
2.0144242725690127,-0.4740519287109375,2.5665841796874997,9.457096557617186,9.810644977912082
2.016911216115394,-0.469263525390625,2.5617957763671875,9.466673364257812,9.818396531085058
2.0193981596617756,-0.45968671875,2.5570073730468748,9.495403784179686,9.84440407591161
2.021885103208157,-0.45010991210937495,2.5570073730468748,9.519345800781249,9.867057824582098
2.0243720467545385,-0.44532150878906246,2.5522189697265625,9.514557397460937,9.860980447460634
2.02685899030092,-0.44053310546874996,2.5522189697265625,9.504980590820312,9.851525116362284
2.0293459338473014,-0.44053310546874996,2.5474305664062498,9.504980590820312,9.8502856780677
2.031832877393683,-0.45489831542968745,2.5474305664062498,9.476250170898437,9.823220056045487
2.0343198209400644,-0.45489831542968745,2.5617957763671875,9.442731347656249,9.794636561976331
2.036806764486446,-0.4644751220703125,2.5570073730468748,9.423577734375,9.775369106107789
2.0392937080328277,-0.47884033203125,2.5617957763671875,9.409212524414063,9.763471001287554
2.041780651579209,-0.49799394531249996,2.5713725830078125,9.418789331054686,9.776172430609117
2.0442675951255906,-0.507570751953125,2.5713725830078125,9.428366137695312,9.785891530939944
2.046754538671972,-0.5219359619140624,2.5665841796874997,9.428366137695312,9.78539010597947
2.0492414822183536,-0.5410895751953124,2.5617957763671875,9.428366137695312,9.785175703820418
2.0517284257647352,-0.5458779785156249,2.5617957763671875,9.433154541015625,9.790055411586023
2.0542153693111165,-0.5602431884765625,2.5570073730468748,9.437942944335937,9.794229227284347
2.056702312857498,-0.5698199951171875,2.5522189697265625,9.433154541015625,9.788918279919962
2.0591892564038794,-0.5746083984375,2.5474305664062498,9.433154541015625,9.78795085280364
2.061676199950261,-0.584185205078125,2.5330653564453125,9.442731347656249,9.794022041932802
2.0641631434966423,-0.59376201171875,2.5234885498046875,9.442731347656249,9.792125565553459
2.066650087043024,-0.59376201171875,2.528276953125,9.447519750976562,9.79797770580009
2.0691370305894057,-0.59376201171875,2.5043349365234375,9.437942944335937,9.782587276451595
2.071623974135787,-0.59376201171875,2.4947581298828125,9.428366137695312,9.7708986014397
2.0741109176821686,-0.59376201171875,2.5043349365234375,9.418789331054686,9.764109752744575
2.07659786122855,-0.584185205078125,2.5043349365234375,9.399635717773437,9.745056051915052
2.0790848047749315,-0.5793968017578125,2.4947581298828125,9.390058911132812,9.733073776307682
2.081571748321313,-0.5793968017578125,2.4899697265625,9.390058911132812,9.731847524885993
2.0840586918676944,-0.5698199951171875,2.4851813232421875,9.390058911132812,9.730057933577367
2.086545635414076,-0.5602431884765625,2.4851813232421875,9.404424121093749,9.743366548017995
2.0890325789604574,-0.55545478515625,2.480392919921875,9.414000927734374,9.75111750123724
2.091519522506839,-0.5506663818359374,2.4756045166015626,9.428366137695312,9.763500356590455
2.0940064660532203,-0.5410895751953124,2.47081611328125,9.433154541015625,9.76637674824799
2.096493409599602,-4.96078583984375,10.716446630859375,9.074024291992187,14.892600222678235
2.0989803531459836,-2.6288334228515624,9.715670336914062,9.179369165039063,13.62225508235561
2.101467296692365,-0.4165910888671875,8.556876733398436,9.279925634765624,12.629754841352986
2.1039542402387466,1.5945383056640625,7.311891870117187,9.380482104492186,11.999989985046403
2.106441183785128,3.342305517578125,6.028599780273437,9.471461767578125,11.714248140544072
2.1089281273315095,4.802768530273437,4.783614916992187,9.543287817382812,11.705720806292206
2.111415070877891,5.942408520507812,3.5865140869140624,9.605537060546874,11.850807759042265
2.1139020144242724,6.751648681640624,2.4756045166015626,9.667786303710937,12.049044346218434
2.116388957970654,7.230489013671875,1.4939818359375,9.710881933593749,12.198900812414958
2.1188759015170353,7.378929516601562,0.6416460449218749,9.730035546875,12.22840554616131
2.121362845063417,7.225700610351562,-0.0383072265625,9.744400756835937,12.131181429022757
2.1238497886097982,6.813897924804687,-0.5506663818359374,9.749189160156249,11.907104084295643
2.12633673215618,6.167463476562499,-0.9050082275390624,9.749189160156249,11.571660853445104
2.1288236757025616,5.329492895507812,-1.0773907470703123,9.749189160156249,11.1629276906038
2.131310619248943,4.347870214843749,-1.1013327636718748,9.730035546875,10.714032901056148
2.1337975627953245,3.27526787109375,-1.005564697265625,9.6917283203125,10.279500854737707
2.1362845063417057,2.1595698974609374,-0.8044517578125,9.65342109375,9.924687581275519
2.1387714498880874,1.0342951171875,-0.488417138671875,9.619902270507811,9.687664186216802
2.141258393434469,-0.047884033203124995,-0.09576806640624999,9.591171850585937,9.591769485900453
2.1437453369808503,-1.0534487304687499,0.3399766357421875,9.548076220703125,9.61202881065872
2.146232280527232,-1.9536685546875,0.8188169677734375,9.504980590820312,9.73816913388545
2.1487192240736133,-2.729389892578125,1.3072341064453123,9.4618849609375,9.93406750574893
2.151206167619995,-3.356670727539062,1.7860744384765623,9.437942944335937,10.175070874123554
2.153693111166376,-3.825934252929687,2.24097275390625,9.399635717773437,10.392924680682189
2.156180054712758,-4.13718046875,2.6479870361328124,9.361328491210937,10.571781718087616
2.1586669982591395,-4.299986181640625,3.0071172851562498,9.351751684570312,10.723240885984492
2.161153941805521,-4.299986181640625,3.31357509765625,9.332598071289063,10.796622057400004
2.1636408853519025,-4.1754876953124995,3.5625720703124997,9.332598071289063,10.827003464029422
2.1661278288982837,-3.9264907226562498,3.744531396484375,9.342174877929686,10.803475192001107
2.1686147724446654,-3.5769372802734374,3.859453076171875,9.342174877929686,10.722224107152536
2.171101715991047,-3.1459809814453124,3.912125512695312,9.337386474609374,10.601354089875276
2.1735886595374283,-2.6575638427734374,3.921702319335937,9.327809667968749,10.461855851700157
2.17607560308381,-2.1452046874999997,3.883395092773437,9.327809667968749,10.32911873296556
2.178562546630191,-1.6136919189453125,3.787627026367187,9.332598071289063,10.200367976713629
2.181049490176573,-1.0869675537109373,3.6583401367187496,9.342174877929686,10.091639235950135
2.1835364337229546,-0.584185205078125,3.5051112304687497,9.356540087890625,10.008592284037482
2.186023377269336,-0.13407529296874998,3.3327287109375,9.370905297851563,9.946804660100362
2.1885103208157175,0.26336218261718747,3.1507693847656246,9.3852705078125,9.903535220315234
2.1909972643620987,0.6081272216796875,2.9640216552734375,9.404424121093749,9.879192079319425
2.1934842079084804,0.8858546142578124,2.7820623291015623,9.409212524414063,9.851796259068614
2.1959711514548617,1.0773907470703123,2.6144682128906247,9.418789331054686,9.834114465516343
2.1984580950012433,1.1875240234375,2.4564509033203126,9.433154541015625,9.819815117472837
2.200945038547625,1.22583125,2.3223756103515623,9.437942944335937,9.79647169901352
2.2034319820940063,1.20667763671875,2.2170307373046874,9.433154541015625,9.765024362683107
2.205918925640388,1.13006318359375,2.1260510742187497,9.442731347656249,9.744860762120243
2.208405869186769,0.9959878906249999,2.059013427734375,9.466673364257812,9.739067345460263
2.210892812733151,0.814028564453125,2.020706201171875,9.485826977539062,9.732769878251924
2.2133797562795325,0.603338818359375,2.0063409912109376,9.495403784179686,9.723791180777509
2.2158666998259138,0.36391865234375,2.0063409912109376,9.5001921875,9.716557649598597
2.2183536433722955,0.1149216796875,2.0302830078125,9.485826977539062,9.701348851169215
2.2208405869186767,-0.13407529296874998,2.068590234375,9.481038574218749,9.705005625333772
2.2233275304650584,-0.37828386230468747,2.1212626708984375,9.481038574218749,9.72280548222843
2.2258144740114396,-0.6081272216796875,2.1835119140624997,9.471461767578125,9.73889783349712
2.2283014175578213,-0.7996633544921875,2.2553379638671873,9.466673364257812,9.764420894109728
2.230788361104203,-0.9816226806640624,2.327164013671875,9.466673364257812,9.797815063536962
2.233275304650584,-1.13006318359375,2.389413256835937,9.452308154296874,9.814910491422962
2.235762248196966,-1.2401964599609374,2.4660277099609376,9.447519750976562,9.842510318546132
2.238249191743347,-1.3263877197265623,2.528276953125,9.4618849609375,9.883256333251692
2.240736135289729,-1.3742717529296875,2.5761609863281247,9.457096557617186,9.897570589719194
2.2432230788361105,-1.3742717529296875,2.6288334228515624,9.452308154296874,9.9068419518931
2.2457100223824917,-1.350329736328125,2.6623522460937497,9.442731347656249,9.90336736585604
2.2481969659288734,-1.3024457031249999,2.6815058593749996,9.433154541015625,9.892989592541525
2.2506839094752547,-1.24498486328125,2.7054478759765623,9.437942944335937,9.896676338042283
2.2531708530216363,-1.1444283935546875,2.7198130859375,9.428366137695312,9.87933133348865
2.2556577965680176,-1.0342951171875,2.7198130859375,9.414000927734374,9.853454372922139
2.2581447401143993,-0.928950244140625,2.710236279296875,9.414000927734374,9.840312124779862
2.260631683660781,-0.814028564453125,2.6958710693359373,9.428366137695312,9.839941633600665
2.263118627207162,-0.6943184814453125,2.6767174560546874,9.433154541015625,9.830122028129056
2.265605570753544,-0.5793968017578125,2.6527754394531247,9.423577734375,9.806973819780552
2.268092514299925,-0.47884033203125,2.6288334228515624,9.423577734375,9.795094208045654
2.2705794578463068,-0.38786066894531246,2.6144682128906247,9.414000927734374,9.778000480778974
2.2730664013926885,-0.3112462158203125,2.5905261962890624,9.414000927734374,9.768884974648131
2.2755533449390697,-0.2442085693359375,2.5617957763671875,9.404424121093749,9.75016043327287
2.2780402884854514,-0.19153613281249998,2.5330653564453125,9.404424121093749,9.741473155514319
2.2805272320318326,-0.1580173095703125,2.50912333984375,9.414000927734374,9.743925434446641
2.2830141755782143,-0.15322890625,2.480392919921875,9.423577734375,9.745750122526095
2.2855011191245955,-0.1484405029296875,2.461239306640625,9.433154541015625,9.750084004876397
2.287988062670977,-0.1580173095703125,2.4564509033203126,9.447519750976562,9.762927325123304
2.290475006217359,-0.19153613281249998,2.4516625,9.457096557617186,9.771592009707213
2.29296194976374,-0.2346317626953125,2.437297290039062,9.466673364257812,9.778209178047153
2.295448893310122,-0.2825157958984375,2.437297290039062,9.4618849609375,9.77484016590446
2.297935836856503,-0.33039982910156246,2.437297290039062,9.4618849609375,9.776341296268116
2.3004227804028847,-0.38307226562499996,2.437297290039062,9.4618849609375,9.77826311032476
2.3029097239492664,-0.45010991210937495,2.442085693359375,9.4618849609375,9.78231304348337
2.3053966674956476,-0.49799394531249996,2.446874096679687,9.4618849609375,9.78582943999052
2.3078836110420293,-0.5410895751953124,2.461239306640625,9.452308154296874,9.782464224147464
2.3103705545884106,-0.5985504150390625,2.4756045166015626,9.442731347656249,9.780186891157626
2.3128574981347922,-0.6416460449218749,2.4851813232421875,9.442731347656249,9.785346757287943
2.315344441681174,-0.6751648681640625,2.499546533203125,9.428366137695312,9.777406020887664
2.317831385227555,-3.907337109375,7.9104422851562495,8.719682446289061,12.40464600047936
2.320318328773937,-2.5378537597656248,7.426813549804687,8.896853369140624,11.863905810546031
2.322805272320318,-1.2976572998046874,6.833051538085937,9.064447485351561,11.425354086616801
2.3252922158666998,-0.19632453613281248,6.167463476562499,9.227253198242186,11.100376148702836
2.327779159413081,0.7565677246093749,5.449202978515625,9.3852705078125,10.878856113020305
2.3302661029594627,1.5562310791015623,4.697423657226563,9.528922607421874,10.737225444465114
2.3327530465058444,2.1835119140624997,3.9600095458984375,9.677363110351562,10.681795572470618
2.3352399900522256,2.6623522460937497,3.227383837890625,9.797073193359374,10.653016900174283
2.3377269335986073,2.978386865234375,2.5330653564453125,9.90241806640625,10.646365200429345
2.3402138771449885,3.1603461914062496,1.905784521484375,9.964667309570311,10.62611863674995
2.34270082069137,3.2130186279296873,1.3311761230468748,10.012551342773437,10.599372762841554
2.345187764237752,3.1603461914062496,0.8379705810546875,10.050858569335936,10.569282886035493
2.347674707784133,3.0119056884765625,0.44532150878906246,10.050858569335936,10.50188769237518
2.350161651330515,2.7724855224609373,0.1388636962890625,10.060435375976562,10.436393967870474
2.352648594876896,2.4564509033203126,-0.105344873046875,10.046070166015625,10.342570974530927
2.3551355384232777,2.1068974609374997,-0.22505495605468748,9.988609326171874,10.21087571734361
2.357622481969659,1.7238251953125,-0.2537853759765625,9.931148486328125,10.082841394098747
2.3601094255160406,1.3263877197265623,-0.2154781494140625,9.868899243164062,9.959965235262649
2.3625963690624223,0.9241618408203125,-0.0909796630859375,9.787496386718749,9.83145146594114
2.3650833126088036,0.5219359619140624,0.1149216796875,9.696516723632811,9.71123373791879
2.3675702561551852,0.143652099609375,0.3495534423828125,9.619902270507811,9.627322744612085
2.3700571997015665,-0.19632453613281248,0.6416460449218749,9.5384994140625,9.562072162587056
2.372544143247948,-0.5123591552734374,0.9624690673828125,9.452308154296874,9.514987548780525
2.37503108679433,-0.7948749511718749,1.2976572998046874,9.380482104492186,9.503114498333431
2.377518030340711,-1.024718310546875,1.6424223388671875,9.313444458007812,9.51250999618799
2.3800049738870928,-1.216254443359375,1.9919757812499999,9.275137231445312,9.56427796784582
2.382491917433474,-1.3646949462890625,2.327164013671875,9.236830004882812,9.622739380345894
2.3849788609798557,-1.465251416015625,2.6384102294921874,9.203311181640624,9.685510154727842
2.387465804526237,-1.5322890624999999,2.920926025390625,9.198522778320312,9.772028444501123
2.3899527480726186,-1.5562310791015623,3.1699229980468746,9.198522778320312,9.853075067631716
2.3924396916190003,-1.5514426757812498,3.385401147460937,9.198522778320312,9.923746097555235
2.3949266351653815,-1.5227122558593749,3.5625720703124997,9.193734375,9.976739153068586
2.397413578711763,-1.4604630126953124,3.6918589599609373,9.188945971679686,10.00997017288979
2.3999005222581444,-1.3934253662109375,3.763685009765625,9.208099584960937,10.04470293590071
2.402387465804526,-1.2976572998046874,3.81156904296875,9.246406811523437,10.085039016346993
2.404874409350908,-1.1923124267578125,3.835511059570312,9.284714038085937,10.116257646981781
2.407361352897289,-1.0869675537109373,3.797203833007812,9.313444458007812,10.116348307794961
2.4098482964436707,-0.97683427734375,3.73495458984375,9.332598071289063,10.099578097812646
2.412335239990052,-0.86191259765625,3.6535517333984373,9.361328491210937,10.085921113858412
2.4148221835364336,-0.7565677246093749,3.5338416503906247,9.380482104492186,10.052555697167477
2.417309127082815,-0.6655880615234374,3.399766357421875,9.399635717773437,10.017712831756672
2.4197960706291965,-0.5746083984375,3.2561142578125,9.399635717773437,9.964216301261576
2.4222830141755782,-0.488417138671875,3.0933085449218747,9.404424121093749,9.912129039961346
2.4247699577219595,-0.40222587890625,2.935291235351562,9.423577734375,9.878336783578593
2.427256901268341,-0.3591302490234375,2.767697119140625,9.437942944335937,9.841945381864473
2.4297438448147224,-0.32561142578124996,2.6144682128906247,9.447519750976562,9.808011841444067
2.432230788361104,-0.3016694091796875,2.461239306640625,9.466673364257812,9.786041484815806
2.4347177319074857,-0.2920926025390625,2.327164013671875,9.495403784179686,9.780782354167858
2.437204675453867,-0.27293898925781246,2.2170307373046874,9.504980590820312,9.763932456437912
2.4396916190002487,-0.27293898925781246,2.1116858642578125,9.519345800781249,9.7545711005669
2.44217856254663,-0.28730419921875,2.020706201171875,9.543287817382812,9.759105472314067
2.4446655060930116,-0.3016694091796875,1.9728221679687499,9.552864624023437,9.759111346008005
2.4471524496393933,-0.32082302246093747,1.93451494140625,9.557653027343749,9.756741610873895
2.4496393931857745,-0.3447650390625,1.915361328125,9.557653027343749,9.753778926166497
2.452126336732156,-0.37828386230468747,1.915361328125,9.557653027343749,9.755021224418226
2.4546132802785374,-0.40222587890625,1.9297265380859374,9.548076220703125,9.74943022364956
2.457100223824919,-0.430956298828125,1.9680337646484374,9.519345800781249,9.730201678544363
2.4595871673713003,-0.469263525390625,2.0159177978515626,9.495403784179686,9.718375679534653
2.462074110917682,-0.49799394531249996,2.0829554443359375,9.481038574218749,9.719917376113878
2.4645610544640637,-0.5219359619140624,2.1547814941406247,9.4618849609375,9.718166877032175
2.467047998010445,-0.5458779785156249,2.221819140625,9.447519750976562,9.720601447758682
2.4695349415568266,-0.565031591796875,2.2936451904296873,9.437942944335937,9.729071691577271
2.472021885103208,-0.59376201171875,2.370259643554687,9.428366137695312,9.739854831098043
2.4745088286495895,-0.6081272216796875,2.442085693359375,9.414000927734374,9.744588996917317
2.4769957721959712,-0.6081272216796875,2.5139117431640625,9.414000927734374,9.762836905200746
2.4794827157423525,-0.6177040283203125,2.5809493896484375,9.418789331054686,9.78552249403778
2.481969659288734,-0.6272808349609375,2.6336218261718747,9.414000927734374,9.795553003102063
2.4844566028351154,-0.6272808349609375,2.6815058593749996,9.404424121093749,9.799344262203551
2.486943546381497,-0.6272808349609375,2.729389892578125,9.390058911132812,9.798788536659092
2.4894304899278783,-0.622492431640625,2.7724855224609373,9.390058911132812,9.810574863597447
2.49191743347426,-0.622492431640625,2.8012159423828122,9.394847314453125,9.823312254285547
2.4944043770206417,-0.6177040283203125,2.81558115234375,9.394847314453125,9.827116136177674
2.496891320567023,-0.5985504150390625,2.825157958984375,9.404424121093749,9.837833762671847
2.4993782641134046,-0.59376201171875,2.8203695556640622,9.418789331054686,9.849905086845586
2.501865207659786,-0.5889736083984375,2.806004345703125,9.428366137695312,9.854675962502993
2.5043521512061675,-0.5793968017578125,2.7964275390625,9.428366137695312,9.851385469138538
2.506839094752549,-0.565031591796875,2.7724855224609373,9.423577734375,9.839194783507045
2.5093260382989304,-0.5602431884765625,2.7341782958984373,9.423577734375,9.828195190359455
2.511812981845312,-0.5602431884765625,2.70065947265625,9.437942944335937,9.832710767536225
2.5142999253916933,-0.55545478515625,2.6671406494140624,9.447519750976562,9.8324869034849
2.516786868938075,-0.5410895751953124,2.6240450195312497,9.433154541015625,9.806263038874468
2.5192738124844563,-0.5363011718749999,2.5857377929687497,9.437942944335937,9.800429883504187
2.521760756030838,-0.5410895751953124,2.5570073730468748,9.437942944335937,9.793152283853326
2.5242476995772196,-0.5363011718749999,2.528276953125,9.428366137695312,9.776190020918023
2.526734643123601,-0.5315127685546874,2.499546533203125,9.433154541015625,9.773159329994991
2.5292215866699825,-0.5363011718749999,2.4756045166015626,9.437942944335937,9.771949840748931
2.5317085302163638,-0.5363011718749999,2.4564509033203126,9.428366137695312,9.757861344260702
2.5341954737627455,-0.5315127685546874,2.437297290039062,9.428366137695312,9.752795082929202
2.536682417309127,-0.5458779785156249,2.4133552734375,9.437942944335937,9.756896712776935
2.5391693608555084,-0.5363011718749999,2.403778466796875,9.447519750976562,9.763267860172796
2.54165630440189,-0.5315127685546874,2.39420166015625,9.442731347656249,9.756017769389393
2.5441432479482713,-0.5315127685546874,2.384624853515625,9.437942944335937,9.749036287535377
2.546630191494653,-0.5363011718749999,2.398990063476562,9.437942944335937,9.75282211937418
2.549117135041034,-0.5458779785156249,2.39420166015625,9.447519750976562,9.761445272192816
2.551604078587416,-0.5506663818359374,2.398990063476562,9.4618849609375,9.776791590432865
2.5540910221337976,-0.5458779785156249,2.408566870117187,9.457096557617186,9.774244340886371
2.556577965680179,-0.5458779785156249,2.427720483398437,9.447519750976562,9.769720515860875
2.5590649092265605,-0.5506663818359374,2.446874096679687,9.447519750976562,9.774766276191905
2.5615518527729417,-0.5506663818359374,2.4660277099609376,9.433154541015625,9.765701752821617
2.5640387963193234,-4.936843823242187,11.463437548828125,9.011775048828124,15.394639226095824
2.566525739865705,-2.978386865234375,10.366893188476562,9.126696728515624,14.1293968687478
2.5690126834120863,-1.1731588134765625,9.121908325195312,9.246406811523437,13.04153181260132
2.571499626958468,0.45489831542968745,7.7763669921875,9.366116894531249,12.182075428948375
2.5739865705048492,1.8722656982421875,6.37815322265625,9.476250170898437,11.575212079177957
2.576473514051231,3.0693665283203124,5.003881469726562,9.562441430664062,11.220522570857675
2.5789604575976126,4.04141240234375,3.7110125732421873,9.624690673828125,11.078776967312482
2.581447401143994,4.783614916992187,2.4947581298828125,9.682151513671874,11.083810163223886
2.5839343446903755,5.295974072265625,1.407790576171875,9.734823950195311,11.171213587688865
2.5864212882367568,5.5832782714843745,0.5027823486328125,9.773131176757811,11.266759931100058
2.5889082317831384,5.679046337890624,-0.229843359375,9.811438403320311,11.338814700836517
2.5913951753295197,5.607220288085937,-0.7900865478515624,9.849745629882811,11.361454356094297
2.5938821188759014,5.372588525390625,-1.1635820068359375,9.854534033203125,11.28408044819559
2.596369062422283,4.99909306640625,-1.3551181396484375,9.830592016601562,11.11160726699183
2.5988560059686643,4.529829541015625,-1.39821376953125,9.787496386718749,10.875175535870545
2.601342949515046,3.9743747558593747,-1.2785036865234374,9.739612353515625,10.596710582686518
2.603829893061427,3.342305517578125,-1.0390835205078124,9.677363110351562,10.290872533707594
2.606316836607809,2.6958710693359373,-0.6943184814453125,9.605537060546874,10.00080702732027
2.6088037801541906,2.0254946044921875,-0.26815058593749996,9.548076220703125,9.764235384602424
2.611290723700572,1.3551181396484375,0.21068974609375,9.5001921875,9.598665893807812
2.6137776672469535,0.718260498046875,0.7134720947265625,9.4618849609375,9.515892369453496
2.6162646107933347,0.11013327636718749,1.22583125,9.423577734375,9.50361030913243
2.6187515543397164,-0.45010991210937495,1.7286135986328124,9.380482104492186,9.549039135905536
2.6212384978860976,-0.9624690673828125,2.1978771240234374,9.356540087890625,9.659288430017948
2.6237254414324793,-1.407790576171875,2.6479870361328124,9.337386474609374,9.807165534755894
2.626212384978861,-1.7477672119140624,3.0406361083984375,9.313444458007812,9.951904633944935
2.6286993285252422,-2.0302830078125,3.356670727539062,9.299079248046874,10.092678649713653
2.631186272071624,-2.2601263671875,3.6008792968749996,9.289502441406249,10.216132267899228
2.633673215618005,-2.403778466796875,3.787627026367187,9.294290844726563,10.320276726651834
2.636160159164387,-2.4756045166015626,3.912125512695312,9.284714038085937,10.374934145271943
2.6386471027107685,-2.499546533203125,3.9647979492187497,9.279925634765624,10.396363567928795
2.6411340462571498,-2.4756045166015626,3.9647979492187497,9.303867651367186,10.412021598849286
2.6436209898035314,-2.384624853515625,3.9169139160156248,9.318232861328125,10.385476107305655
2.6461079333499127,-2.2601263671875,3.821145849609375,9.327809667968749,10.330409478887775
2.6485948768962944,-2.1116858642578125,3.687070556640625,9.342174877929686,10.26303746114049
2.6510818204426756,-1.9297265380859374,3.5338416503906247,9.366116894531249,10.194902010507622
2.6535687639890573,-1.7286135986328124,3.35188232421875,9.380482104492186,10.110225744338576
2.656055707535439,-1.5275006591796874,3.1651345947265623,9.399635717773437,10.035162524512067
2.65854265108182,-6.191405493164062,9.074024291992187,8.619125976562499,13.962834648892068
2.661029594628202,-4.0988732421875,8.250418920898436,8.853757739257812,12.777292370894045
2.663516538174583,-2.1691467041015624,7.302315063476562,9.0788126953125,11.851322401603914
2.666003481720965,-0.44053310546874996,6.291961962890625,9.289502441406249,11.228433121694632
2.6684904252673465,1.0678139404296874,5.257666845703125,9.490615380859374,10.902067124136888
2.6709773688137277,2.3223756103515623,4.2329485351562495,9.667786303710937,10.80635802622965
2.6734643123601094,3.342305517578125,3.246537451171875,9.797073193359374,10.848670644403192
2.6759512559064906,4.141968872070312,2.3367408203125,9.907206469726562,10.989495158209316
2.6784381994528723,4.697423657226563,1.5227122558593749,9.983820922851562,11.138272839591636
2.6809251429992536,5.032611889648437,0.8283937744140625,10.022128149414062,11.245286626876013
2.6834120865456352,5.1714755859374995,0.26815058593749996,10.046070166015625,11.302194045989275
2.685899030092017,5.1331683593749995,-0.1580173095703125,10.050858569335936,11.28690147279607
2.688385973638398,4.9416322265625,-0.43574470214843747,10.031704956054687,11.191278159056885
2.69087291718478,4.6255976074218745,-0.5746083984375,9.988609326171874,11.022642346925242
2.693359860731161,4.204218115234375,-0.59376201171875,9.935936889648437,10.805130501854284
2.6958468042775428,3.706224169921875,-0.488417138671875,9.86411083984375,10.548712317614148
2.6983337478239244,3.1459809814453124,-0.2920926025390625,9.777919580078125,10.275710473663066
2.7008206913703057,2.5570073730468748,-0.009576806640625,9.686939916992188,10.018741606432323
2.7033076349166874,1.9632453613281249,0.32561142578124996,9.6151138671875,9.818898605666375
2.7057945784630686,1.3742717529296875,0.699106884765625,9.528922607421874,9.652861717929188
2.7082815220094503,0.7996633544921875,1.1109095703125,9.447519750976562,9.546162108356523
2.7107684655558315,0.2537853759765625,1.5275006591796874,9.399635717773437,9.526322318066722
2.713255409102213,-0.22505495605468748,1.9297265380859374,9.356540087890625,9.556115144834862
2.715742352648595,-0.6416460449218749,2.3319524169921872,9.313444458007812,9.622367660533245
2.718229296194976,-1.024718310546875,2.7054478759765623,9.279925634765624,9.720417460807756
2.720716239741358,-1.350329736328125,3.0166940917968748,9.241618408203124,9.81485325632192
2.723203183287739,-1.6041151123046875,3.27526787109375,9.212887988281249,9.908474655846891
2.7256901268341207,-1.7812860351562498,3.4955344238281247,9.193734375,9.995823758213563
2.7281770703805024,-1.9105729248046874,3.6535517333984373,9.193734375,10.075886111289275
2.7306640139268836,-1.9919757812499999,3.749319799804687,9.198522778320312,10.131050674908877
2.7331509574732653,-2.0159177978515626,3.7924154296875,9.217676391601563,10.169164047222138
2.7356379010196465,-1.9967641845703124,3.787627026367187,9.260772021484375,10.202699845313381
2.7381248445660282,-1.93451494140625,3.7301661865234372,9.303867651367186,10.20874336594684
2.74061178811241,-1.848323681640625,3.6439749267578123,9.34696328125,10.201008591310416
2.743098731658791,-1.7429788085937499,3.5338416503906247,9.380482104492186,10.174451162099142
2.745585675205173,-1.608903515625,3.394977954101562,9.390058911132812,10.113735817489541
2.748072618751554,-1.465251416015625,3.23696064453125,9.409212524414063,10.057741111003525
2.7505595622979357,-1.3168109130859373,3.0693665283203124,9.433154541015625,10.006967895455597
2.753046505844317,-1.1635820068359375,2.91134921875,9.466673364257812,9.972350873575243
2.7555334493906987,-1.0103531005859374,2.7533319091796873,9.466673364257812,9.910577913296429
2.7580203929370803,-0.8667010009765624,2.5857377929687497,9.476250170898437,9.86085837341422
2.7605073364834616,-0.737414111328125,2.437297290039062,9.5001921875,9.835540109778092
2.7629942800298433,-0.6081272216796875,2.327164013671875,9.509768994140625,9.809241427663794
2.7654812235762245,-0.49799394531249996,2.2170307373046874,9.509768994140625,9.777470510394807
2.767968167122606,-0.40222587890625,2.1356278808593747,9.504980590820312,9.750248619139752
2.770455110668988,-0.32082302246093747,2.068590234375,9.5001921875,9.72808534959108
2.772942054215369,-0.26336218261718747,2.020706201171875,9.481038574218749,9.697561839787939
2.775428997761751,-0.22026655273437498,2.01112939453125,9.471461767578125,9.685130190683823
2.777915941308132,-0.1867477294921875,2.01112939453125,9.4618849609375,9.675059853563354
2.7804028848545137,-0.1771709228515625,2.020706201171875,9.466673364257812,9.681557089275818
2.782889828400895,-0.1771709228515625,2.059013427734375,9.471461767578125,9.694303164549202
2.7853767719472766,-0.1771709228515625,2.1116858642578125,9.466673364257812,9.700954144348826
2.7878637154936583,-0.1867477294921875,2.1691467041015624,9.4618849609375,9.70913689018753
2.7903506590400395,-0.21068974609375,2.231395947265625,9.457096557617186,9.719063398428746
2.792837602586421,-0.2346317626953125,2.308010400390625,9.452308154296874,9.732835841426896
2.7953245461328025,-0.26815058593749996,2.384624853515625,9.437942944335937,9.738229174202234
2.797811489679184,-0.316034619140625,2.446874096679687,9.437942944335937,9.755092913244747
2.800298433225566,-0.3591302490234375,2.5043349365234375,9.428366137695312,9.761903299894703
2.802785376771947,-0.38786066894531246,2.5665841796874997,9.414000927734374,9.765306125120734
2.8052723203183287,-0.4213794921875,2.6192566162109374,9.404424121093749,9.771451220131578
2.80775926386471,-0.45968671875,2.6623522460937497,9.399635717773437,9.78021385188063
2.8102462074110917,-0.5027823486328125,2.6862942626953124,9.399635717773437,9.788877289185345
2.812733150957473,-0.5363011718749999,2.710236279296875,9.394847314453125,9.792658254961141
2.8152200945038546,-0.565031591796875,2.729389892578125,9.3852705078125,9.79041022584096
2.8177070380502363,-0.5793968017578125,2.7150246826171873,9.390058911132812,9.791846916473544
2.8201939815966175,-0.59376201171875,2.7150246826171873,9.399635717773437,9.801890837008083
2.822680925142999,-0.6081272216796875,2.7054478759765623,9.409212524414063,9.809309214056023
2.8251678686893804,-0.622492431640625,2.70065947265625,9.404424121093749,9.804297601771772
2.827654812235762,-0.6272808349609375,2.6910826660156246,9.414000927734374,9.811157965735886
2.8301417557821438,-0.622492431640625,2.6623522460937497,9.423577734375,9.81220839696847
2.832628699328525,-0.6272808349609375,2.6384102294921874,9.423577734375,9.806044416624196
2.8351156428749067,-0.6272808349609375,2.6240450195312497,9.433154541015625,9.81139633819365
2.837602586421288,-0.63206923828125,2.5905261962890624,9.447519750976562,9.816616878575509
2.8400895299676696,-0.622492431640625,2.5761609863281247,9.437942944335937,9.803003074337447
2.842576473514051,-0.603338818359375,2.5665841796874997,9.442731347656249,9.803904700942958
2.8450634170604325,-0.603338818359375,2.5426421630859375,9.4618849609375,9.8161251985321
2.847550360606814,-0.59376201171875,2.528276953125,9.452308154296874,9.802594917778176
2.8500373041531954,-0.5746083984375,2.518700146484375,9.433154541015625,9.78051275926467
2.852524247699577,-0.565031591796875,2.5139117431640625,9.418789331054686,9.76486586773911
2.8550111912459584,-0.5602431884765625,2.5043349365234375,9.423577734375,9.766748856212823
2.85749813479234,-0.5602431884765625,2.50912333984375,9.418789331054686,9.763358276104212
2.8599850783387217,-0.55545478515625,2.499546533203125,9.428366137695312,9.769869544494458
2.862472021885103,-0.5458779785156249,2.4947581298828125,9.442731347656249,9.781971999451576
2.8649589654314846,-0.5410895751953124,2.4947581298828125,9.447519750976562,9.786328499498353
2.867445908977866,-0.5315127685546874,2.4851813232421875,9.447519750976562,9.783366571769696
2.8699328525242476,-0.5315127685546874,2.480392919921875,9.442731347656249,9.777526791798897
2.8724197960706292,-0.5219359619140624,2.4899697265625,9.437942944335937,9.774821400316089
2.8749067396170105,-0.5458779785156249,2.50912333984375,9.442731347656249,9.785645507884851
2.877393683163392,-0.5602431884765625,2.518700146484375,9.428366137695312,9.775060658869304
2.8798806267097734,-0.5602431884765625,2.518700146484375,9.437942944335937,9.784298129077797
2.882367570256155,-0.5602431884765625,2.528276953125,9.452308154296874,9.800621726488815
2.8848545138025363,-6.315903979492187,7.675810522460937,8.757989672851561,13.248059984943527
2.887341457348918,-4.127603662109375,7.196970190429687,8.94473740234375,12.200074553472183
2.8898284008952997,-2.0733786376953125,6.617573388671874,9.121908325195312,11.458638139978806
2.892315344441681,-0.2154781494140625,5.97592734375,9.294290844726563,11.051786315208137
2.8948022879880626,1.4221557861328125,5.2816088623046875,9.452308154296874,10.920808060679102
2.897289231534444,2.825157958984375,4.568136767578125,9.576806640625,10.980192004351789
2.8997761750808255,1.9680337646484374,8.896853369140624,9.255983618164063,12.988471407771844
2.902263118627207,3.883395092773437,7.64229169921875,9.485826977539062,12.785393748740493
2.9047500621735884,1.5753846923828123,14.590264916992187,9.212887988281249,17.327289815825903
2.90723700571997,5.061342309570312,12.521674682617187,9.528922607421874,16.529061948283044
2.9097239492663514,8.034940771484374,10.409988818359375,9.80665,16.404222767998768
2.912210892812733,10.472238061523436,8.29351455078125,10.031704956054687,16.70584502342137
2.9146978363591143,12.334926953124999,6.253654736328125,10.218452685546874,17.19521432803002
2.917184779905496,13.613430639648437,4.3430818115234375,10.357316381835936,17.648281957050425
2.9196717234518776,14.30774912109375,2.5809493896484375,10.448296044921875,17.903627423134555
2.922158666998259,14.46097802734375,0.9959878906249999,10.520122094726561,17.910467505722576
2.9246456105446406,14.121001391601562,-0.373495458984375,10.534487304687499,17.62150963828347
2.927132554091022,13.335703247070311,-1.5179238525390624,10.505756884765624,17.04452996236121
2.9296194976374035,12.181698046874999,-2.427720483398437,10.462661254882812,16.240531844283193
2.932106441183785,10.730811840820312,-3.1076737548828124,10.390835205078124,15.257044772463892
2.9345933847301664,9.050082275390624,-3.5482068603515624,10.275913525390624,14.145252203354007
2.937080328276548,7.220912207031249,-3.782838623046875,10.146626635742187,13.015585781470648
2.9395672718229293,5.324704492187499,-3.825934252929687,10.01733974609375,11.972357596794877
2.942054215369311,3.418919970703125,-3.7014357666015623,9.883264453125,11.093626852871614
2.9445411589156922,1.5658078857421873,-3.4093431640625,9.758765966796874,10.455089112011674
2.947028102462074,-0.16759411621093748,-2.987963671875,9.624690673828125,10.079220468821353
2.9495150460084556,-1.7477672119140624,-2.480392919921875,9.504980590820312,9.97755958619698
2.952001989554837,-3.1411925781249996,-1.89620771484375,9.404424121093749,10.094844603068958
2.9544889331012185,-4.304774584960938,-1.2497732666015624,9.3086560546875,10.331703392457015
2.9569758766475998,-5.228936425781249,-0.5793968017578125,9.227253198242186,10.62166081096642
2.9594628201939814,-5.91846650390625,0.105344873046875,9.169792358398437,10.9144141022906
2.961949763740363,-6.387730029296875,0.7852981445312499,9.131485131835937,11.171562505573071
2.9644367072867444,-6.612784985351562,1.426944189453125,9.112331518554686,11.348994699370964
2.966923650833126,-6.612784985351562,2.0302830078125,9.102754711914063,11.432896295321536
2.9694105943795073,-6.426037255859375,2.5905261962890624,9.09796630859375,11.435810934938525
2.971897537925889,-6.066907006835937,3.0885201416015624,9.117119921875,11.378409070011658
2.97438448147227,-5.568913061523437,3.5194764404296874,9.145850341796875,11.271472200919096
2.976871425018652,-4.951209033203125,3.864241479492187,9.165003955078124,11.110541417901192
2.9793583685650336,-4.256890551757812,4.132392065429687,9.179369165039063,10.929711781201785
2.981845312111415,-3.5290532470703124,4.3430818115234375,9.217676391601563,10.783419425327573
2.9843322556577965,-2.7724855224609373,4.477157104492187,9.251195214843749,10.645009375933318
2.9868191992041777,-2.020706201171875,4.553771557617187,9.284714038085937,10.536887762496466
2.9893061427505594,-1.3120225097656248,4.553771557617187,9.337386474609374,10.471152020733584
2.991793086296941,-0.6368576416015624,4.496310717773437,9.366116894531249,10.40896456946868
2.9942800298433223,-0.01915361328125,4.410119458007812,9.399635717773437,10.382806562853949
2.996766973389704,0.5027823486328125,4.276044165039062,9.442731347656249,10.37798241930826
2.9992539169360852,0.93852705078125,4.108450048828125,9.457096557617186,10.353592136493441
3.001740860482467,1.2928688964843749,3.921702319335937,9.457096557617186,10.319299121794872
3.0042278040288486,1.5370774658203123,3.7301661865234372,9.466673364257812,10.290512693766221
3.00671474757523,1.6903063720703124,3.5242648437499997,9.485826977539062,10.25955611945086
3.0092016911216115,1.7669208251953124,3.308786694335937,9.485826977539062,10.200538811206558
3.0116886346679927,1.7621324218749999,3.0789433349609374,9.490615380859374,10.131968369449638
3.0141755782143744,1.675941162109375,2.8730419921875,9.5001921875,10.065624703274073
3.0166625217607557,1.5370774658203123,2.6910826660156246,9.509768994140625,10.002011766298855
3.0191494653071373,1.3407529296874998,2.5139117431640625,9.524134204101562,9.941151996052625
3.021636408853519,1.1156979736328125,2.35589443359375,9.533711010742186,9.883656519069913
3.0241233523999003,0.8571241943359375,2.2266075439453124,9.543287817382812,9.837010999519997
3.026610295946282,0.5793968017578125,2.1164742675781247,9.543287817382812,9.792318741984184
3.029097239492663,0.2920926025390625,2.0350714111328125,9.524134204101562,9.743508920024933
3.031584183039045,0.01915361328125,1.9823989746093749,9.509768994140625,9.71421529910432
3.0340711265854265,-0.24899697265624998,1.93451494140625,9.490615380859374,9.68896939092701
3.036558070131808,-0.5027823486328125,1.9105729248046874,9.490615380859374,9.694063095446511
3.0390450136781895,-0.7278373046875,1.9201497314453124,9.471461767578125,9.691507114373822
3.0415319572245707,-0.9241618408203125,1.9393033447265624,9.437942944335937,9.679346031186018
3.0440189007709524,-1.0821791503906248,1.9584569580078124,9.428366137695312,9.69024011035583
3.0465058443173336,-1.20667763671875,2.0063409912109376,9.418789331054686,9.705414342250412
3.0489927878637153,-1.2928688964843749,2.068590234375,9.409212524414063,9.720280647740516
3.051479731410097,-1.3551181396484375,2.1212626708984375,9.409212524414063,9.740091417483814
3.0539666749564782,-1.3934253662109375,2.1883003173828124,9.409212524414063,9.760305981876195
3.05645361850286,-1.37906015625,2.2553379638671873,9.394847314453125,9.759688125534748
3.058940562049241,-1.350329736328125,2.3032219970703123,9.375693701171874,9.748428301156782
3.061427505595623,-1.3168109130859373,2.365471240234375,9.375693701171874,9.75874364595116
3.0639144491420045,-1.235408056640625,2.427720483398437,9.380482104492186,9.767983636586573
3.0664013926883857,-1.149216796875,2.480392919921875,9.3852705078125,9.775292874806016
3.0688883362347674,-1.0678139404296874,2.5330653564453125,9.409212524414063,9.802546967038202
3.0713752797811487,-0.967257470703125,2.5809493896484375,9.423577734375,9.818386022273005
3.0738622233275303,-0.8714894042968749,2.6192566162109374,9.404424121093749,9.801183196572566
3.0763491668739116,-0.7661445312499999,2.6575638427734374,9.404424121093749,9.802694327101653
3.0788361104202933,-0.6607996582031249,2.6958710693359373,9.414000927734374,9.814672204314697
3.081323053966675,-0.5746083984375,2.7150246826171873,9.418789331054686,9.819120444396486
3.083809997513056,-0.49799394531249996,2.7341782958984373,9.457096557617186,9.856997728691269
3.086296941059438,-0.430956298828125,2.73896669921875,9.476250170898437,9.87354947384078
3.088783884605819,-0.36391865234375,2.748543505859375,9.471461767578125,9.868916668197153
3.091270828152201,-0.3016694091796875,2.7533319091796873,9.471461767578125,9.868152261149806
3.0937577716985825,-0.277727392578125,2.7581203125,9.447519750976562,9.845810764376168
3.0962447152449637,-0.2537853759765625,2.7581203125,9.399635717773437,9.79922376018258
3.0987316587913454,-0.2442085693359375,2.7341782958984373,9.390058911132812,9.78307595460875
3.1012186023377266,-0.2442085693359375,2.7054478759765623,9.390058911132812,9.775085288093804
3.1037055458841083,-0.2537853759765625,2.6767174560546874,9.3852705078125,9.76281341936957
3.1061924894304895,-0.26815058593749996,2.6575638427734374,9.399635717773437,9.77178089920141
3.108679432976871,-0.2920926025390625,2.6240450195312497,9.423577734375,9.786457360495321
3.111166376523253,-0.3112462158203125,2.5953145996093747,9.437942944335937,9.793227205489952
3.113653320069634,-0.3447650390625,2.5713725830078125,9.433154541015625,9.78341578833731
3.116140263616016,-0.39264907226562495,2.5426421630859375,9.418789331054686,9.763851439173118
3.118627207162397,-0.4261678955078125,2.518700146484375,9.428366137695312,9.76829348092601
3.1211141507087787,-0.45010991210937495,2.5043349365234375,9.437942944335937,9.774919919253122
3.1236010942551604,-0.4836287353515625,2.4947581298828125,9.433154541015625,9.769448268707801
3.1260880378015417,-0.51714755859375,2.4899697265625,9.442731347656249,9.779190464479521
3.1285749813479233,-0.5315127685546874,2.480392919921875,9.437942944335937,9.772902428699252
3.1310619248943046,-0.5458779785156249,2.4660277099609376,9.433154541015625,9.765432915565352
3.1335488684406863,-0.584185205078125,2.4660277099609376,9.433154541015625,9.767649134505756
3.136035811987068,-0.5985504150390625,2.4660277099609376,9.433154541015625,9.76851881609092
3.138522755533449,-0.603338818359375,2.4660277099609376,9.423577734375,9.759565959193202
3.141009699079831,-0.622492431640625,2.47081611328125,9.423577734375,9.761979635755669
3.143496642626212,-0.622492431640625,2.4660277099609376,9.452308154296874,9.788509536059728
3.1459835861725938,-0.6272808349609375,2.461239306640625,9.466673364257812,9.80148380379269
3.148470529718975,-0.63206923828125,2.4756045166015626,9.466673364257812,9.805408396907689
3.1509574732653567,-0.63206923828125,2.4851813232421875,9.447519750976562,9.78934457338516
3.1534444168117384,-0.63206923828125,2.480392919921875,9.428366137695312,9.769644240483867
3.1559313603581196,-0.6368576416015624,2.4899697265625,9.409212524414063,9.753912918642163
3.1584183039045013,-0.622492431640625,2.499546533203125,9.404424121093749,9.75081651701577
3.1609052474508825,-0.603338818359375,2.5043349365234375,9.414000927734374,9.760078107854198
3.163392190997264,-0.622492431640625,2.5139117431640625,9.418789331054686,9.768359204219387
3.165879134543646,-0.6272808349609375,2.50912333984375,9.433154541015625,9.781287531564628
3.168366078090027,-0.6177040283203125,2.50912333984375,9.447519750976562,9.794533559401593
3.170853021636409,-0.603338818359375,2.518700146484375,9.4618849609375,9.809950824120115
3.17333996518279,-0.5889736083984375,2.528276953125,9.466673364257812,9.81615906801847
3.1758269087291717,-0.5746083984375,2.5330653564453125,9.471461767578125,9.82115995828764
3.178313852275553,-0.55545478515625,2.528276953125,9.476250170898437,9.823442964231464
3.1808007958219346,-0.5506663818359374,2.5378537597656248,9.466673364257812,9.81640666209327
3.1832877393683163,-0.5506663818359374,2.5426421630859375,9.447519750976562,9.799178132817
3.1857746829146976,-0.5410895751953124,2.5378537597656248,9.447519750976562,9.797403180406215
3.1882616264610792,-0.5458779785156249,2.5426421630859375,9.442731347656249,9.794293606020837
3.1907485700074605,-0.5506663818359374,2.5378537597656248,9.437942944335937,9.788702783851459
3.193235513553842,-0.5458779785156249,2.5330653564453125,9.442731347656249,9.79181179207718
3.195722457100224,-0.5410895751953124,2.5378537597656248,9.437942944335937,9.788168707929081
3.198209400646605,-0.5363011718749999,2.5426421630859375,9.423577734375,9.775298738773413
3.2006963441929868,-0.5363011718749999,2.5474305664062498,9.404424121093749,9.758084570602229
3.203183287739368,-0.5410895751953124,2.5522189697265625,9.3852705078125,9.74114480452027
3.2056702312857497,-0.5410895751953124,2.5378537597656248,9.3852705078125,9.737390930796435
3.208157174832131,-0.5363011718749999,2.499546533203125,9.390058911132812,9.731832210490836
3.2106441183785126,-0.5363011718749999,2.5043349365234375,9.399635717773437,9.742302810326136
3.2131310619248943,-0.5506663818359374,2.5139117431640625,9.409212524414063,9.754807330034403
3.2156180054712755,-0.55545478515625,2.5139117431640625,9.418789331054686,9.764316398681514
3.218104949017657,-0.5458779785156249,2.50912333984375,9.423577734375,9.767164379582502
3.2205918925640384,-0.55545478515625,2.5043349365234375,9.442731347656249,9.784957782057868
3.22307883611042,-0.565031591796875,2.5139117431640625,9.452308154296874,9.797200742861905
3.225565779656802,-0.55545478515625,2.518700146484375,9.433154541015625,9.779406170158651
3.228052723203183,-0.55545478515625,2.5234885498046875,9.428366137695312,9.77602232535237
3.2305396667495647,-0.5506663818359374,2.5378537597656248,9.423577734375,9.774853067225566
3.233026610295946,-0.5458779785156249,2.5330653564453125,9.428366137695312,9.777959444275238
3.2355135538423276,-0.55545478515625,2.528276953125,9.433154541015625,9.781877067554044
3.238000497388709,-0.565031591796875,2.5378537597656248,9.452308154296874,9.803371453202832
3.2404874409350906,-0.565031591796875,2.5570073730468748,9.457096557617186,9.812961974125827
3.2429743844814722,-0.5602431884765625,2.5665841796874997,9.442731347656249,9.801346952621692
3.2454613280278535,-0.5410895751953124,2.5713725830078125,9.428366137695312,9.787687311896969
3.247948271574235,-0.5363011718749999,2.5713725830078125,9.414000927734374,9.77358631081664
3.2504352151206164,-0.5410895751953124,2.5713725830078125,9.409212524414063,9.769238210762381
3.252922158666998,-0.5410895751953124,2.5761609863281247,9.414000927734374,9.77511109007196
3.2554091022133798,-0.5363011718749999,2.5713725830078125,9.423577734375,9.78281111048389
3.257896045759761,-0.5410895751953124,2.5713725830078125,9.437942944335937,9.796912876491747
3.2603829893061427,-0.5363011718749999,2.5713725830078125,9.457096557617186,9.815103219411073
3.262869932852524,-0.5315127685546874,2.5665841796874997,9.457096557617186,9.813589326778132
3.2653568763989056,-0.5363011718749999,2.5665841796874997,9.466673364257812,9.823078839341816
3.2678438199452873,-0.5363011718749999,2.5761609863281247,9.466673364257812,9.825585425814683
3.2703307634916685,-0.5315127685546874,2.5809493896484375,9.452308154296874,9.81274350112396
3.27281770703805,-0.5315127685546874,2.5761609863281247,9.423577734375,9.78380951196537
3.2753046505844314,-0.5363011718749999,2.5713725830078125,9.414000927734374,9.77358631081664
3.277791594130813,-0.5363011718749999,2.5617957763671875,9.418789331054686,9.775684580097542
3.2802785376771944,-0.5315127685546874,2.5570073730468748,9.399635717773437,9.755713410909266
3.282765481223576,-0.5315127685546874,2.5617957763671875,9.399635717773437,9.75696956281978
3.2852524247699577,-0.5315127685546874,2.5522189697265625,9.418789331054686,9.772917678736395
3.287739368316339,-0.5315127685546874,2.5378537597656248,9.423577734375,9.773792756392037
3.2902263118627206,-0.5410895751953124,2.5330653564453125,9.423577734375,9.77307604310008
3.292713255409102,-0.5458779785156249,2.518700146484375,9.433154541015625,9.778866897039372
3.2952001989554836,-3.308786694335937,9.835380419921874,8.959102612304687,13.709423657141892
3.2976871425018652,-1.848323681640625,8.973467822265624,9.064447485351561,12.888119855279372
3.3001740860482465,-0.51714755859375,8.001421948242188,9.169792358398437,12.180939482950963
3.302661029594628,0.6464344482421874,6.986280444335937,9.294290844726563,11.64516355613578
3.3051479731410094,1.6136919189453125,5.951985327148437,9.414000927734374,11.254045690827958
3.307634916687391,2.384624853515625,4.912901806640625,9.519345800781249,10.974560780666748
3.3101218602337723,2.9640216552734375,3.9360675292968748,9.610325463867188,10.799833678791964
3.312608803780154,3.347093920898437,3.0358477050781247,9.682151513671874,10.6847305505306
3.3150957473265357,3.5338416503906247,2.221819140625,9.744400756835937,10.600842570923687
3.317582690872917,3.5769372802734374,1.5131354492187499,9.7683427734375,10.512115854292178
3.3200696344192986,3.4763808105468748,0.9193734375,9.773131176757811,10.41367197753197
3.32255657796568,3.2321722412109373,0.43574470214843747,9.797073193359374,10.325669663433255
3.3250435215120615,2.89219560546875,0.0718260498046875,9.80665,10.224496986366775
3.327530465058443,2.480392919921875,-0.16280571289062498,9.792284790039062,10.102855841126248
3.3300174086048244,2.0254946044921875,-0.3016694091796875,9.787496386718749,9.999435901354353
3.332504352151206,1.5275006591796874,-0.33518823242187495,9.787496386718749,9.911644411245847
3.3349912956975873,1.024718310546875,-0.2825157958984375,9.773131176757811,9.830765778362217
3.337478239243969,0.5267243652343749,-0.1484405029296875,9.749189160156249,9.764535955197752
3.3399651827903503,0.0526724365234375,0.047884033203124995,9.715670336914062,9.7159311114168
3.342452126336732,-0.37828386230468747,0.28730419921875,9.672574707031249,9.684231711729616
3.3449390698831136,-0.7661445312499999,0.5698199951171875,9.648632690429688,9.695761190563022
3.347426013429495,-1.1013327636718748,0.8906430175781249,9.6151138671875,9.718878202759779
3.3499129569758765,-1.35990654296875,1.235408056640625,9.562441430664062,9.73734383632941
3.352399900522258,-1.5562310791015623,1.5658078857421873,9.509768994140625,9.762649016969341
3.3548868440686395,-1.7094599853515624,1.8818425048828125,9.485826977539062,9.820615973680553
3.357373787615021,-1.7956512451171873,2.1883003173828124,9.442731347656249,9.85790023164967
3.3598607311614024,-1.8291700683593748,2.47081611328125,9.390058911132812,9.880485907038015
3.362347674707784,-1.8148048583984373,2.7198130859375,9.342174877929686,9.89783467968242
3.3648346182541653,-1.7477672119140624,2.9544448486328125,9.313444458007812,9.925909644110773
3.367321561800547,-1.6519991455078125,3.1411925781249996,9.289502441406249,9.944397799691984
3.369808505346928,-1.5370774658203123,3.27526787109375,9.284714038085937,9.964732888160206
3.37229544889331,-1.4030021728515625,3.385401147460937,9.284714038085937,9.981746880946547
3.3747823924396916,-1.254561669921875,3.4524387939453125,9.284714038085937,9.984947339801337
3.377269335986073,-1.0965443603515623,3.4763808105468748,9.279925634765624,9.970188205893484
3.3797562795324545,-0.948103857421875,3.4668040039062498,9.279925634765624,9.951615482560548
3.3822432230788357,-0.7948749511718749,3.4332851806640625,9.279925634765624,9.926544872539896
3.3847301666252174,-0.6560112548828124,3.385401147460937,9.279925634765624,9.899914720973253
3.387217110171599,-0.5315127685546874,3.31357509765625,9.294290844726563,9.881605540463164
3.3897040537179803,-0.430956298828125,3.227383837890625,9.313444458007812,9.866203800904058
3.392190997264362,-0.3495534423828125,3.1364041748046874,9.342174877929686,9.860803730256194
3.3946779408107433,-0.277727392578125,3.0214824951171875,9.361328491210937,9.840780461591727
3.397164884357125,-0.229843359375,2.906560815429687,9.3852705078125,9.827727420337581
3.3996518279035066,-0.1867477294921875,2.7964275390625,9.418789331054686,9.826925977053415
3.402138771449888,-0.16759411621093748,2.6910826660156246,9.442731347656249,9.820142005446167
3.4046257149962695,-0.1771709228515625,2.6001030029296874,9.442731347656249,9.795769518815662
3.4071126585426508,-0.181959326171875,2.5139117431640625,9.442731347656249,9.7733329398322
3.4095996020890325,-0.2059013427734375,2.442085693359375,9.447519750976562,9.76021553766917
3.4120865456354137,-0.239420166015625,2.379836450195312,9.457096557617186,9.754876669936325
3.4145734891817954,-0.28730419921875,2.3367408203125,9.466673364257812,9.755040028095824
3.417060432728177,-0.33039982910156246,2.29843359375,9.490615380859374,9.77055481225879
3.4195473762745583,-0.3687070556640625,2.269703173828125,9.495403784179686,9.769861330377
3.42203431982094,-0.4165910888671875,2.2601263671875,9.485826977539062,9.760257823376778
3.424521263367321,-0.45489831542968745,2.2553379638671873,9.490615380859374,9.765513919709802
3.427008206913703,-0.5027823486328125,2.2601263671875,9.490615380859374,9.768968297274663
3.4294951504600846,-0.5506663818359374,2.2744915771484373,9.471461767578125,9.756286866082691
3.431982094006466,-0.584185205078125,2.2936451904296873,9.476250170898437,9.767363918420674
3.4344690375528475,-0.612915625,2.3127988037109373,9.485826977539062,9.782924783398048
3.4369559810992287,-0.63206923828125,2.3367408203125,9.471461767578125,9.775912090336652
3.4394429246456104,-0.6512228515624999,2.370259643554687,9.4618849609375,9.77596486257374
3.4419298681919916,-0.6607996582031249,2.39420166015625,9.452308154296874,9.773176925727043
3.4444168117383733,-0.6655880615234374,2.418143676757812,9.423577734375,9.751627742325615
3.446903755284755,-0.6751648681640625,2.446874096679687,9.409212524414063,9.74557955043185
3.4493906988311362,-0.6751648681640625,2.4756045166015626,9.404424121093749,9.748213086059977
3.451877642377518,-0.6655880615234374,2.4899697265625,9.414000927734374,9.760449281371422
3.454364585923899,-0.6512228515624999,2.5234885498046875,9.418789331054686,9.77270065673671
3.456851529470281,-0.6464344482421874,2.5426421630859375,9.414000927734374,9.772733503619147
3.4593384730166625,-0.6368576416015624,2.5570073730468748,9.409212524414063,9.771241205244749
3.4618254165630438,-0.612915625,2.5713725830078125,9.418789331054686,9.78269978006087
3.4643123601094254,-0.5985504150390625,2.5809493896484375,9.414000927734374,9.779722686183579
3.4667993036558067,-0.5698199951171875,2.5953145996093747,9.414000927734374,9.781807919048736
3.4692862472021884,-0.5506663818359374,2.6048914062499997,9.418789331054686,9.787864177910775
3.4717731907485696,-0.5458779785156249,2.6096798095703124,9.404424121093749,9.775050103468379
3.4742601342949513,-0.5363011718749999,2.6048914062499997,9.404424121093749,9.773242616180134
3.476747077841333,-0.51714755859375,2.5953145996093747,9.409212524414063,9.774271318000924
3.479234021387714,-0.51714755859375,2.6048914062499997,9.404424121093749,9.77221028657921
3.481720964934096,-0.5219359619140624,2.6192566162109374,9.404424121093749,9.776303770818185
3.484207908480477,-0.5123591552734374,2.6144682128906247,9.399635717773437,9.769908268098026
3.486694852026859,-0.507570751953125,2.6096798095703124,9.399635717773437,9.76837798222199
3.4891817955732405,-0.5027823486328125,2.6001030029296874,9.399635717773437,9.765576139828253
3.4916687391196217,-0.5027823486328125,2.5809493896484375,9.414000927734374,9.774328790735813
3.4941556826660034,-0.51714755859375,2.5713725830078125,9.418789331054686,9.777166819728164
3.4966426262123846,-0.5219359619140624,2.5665841796874997,9.437942944335937,9.794617834316039
3.4991295697587663,-0.5267243652343749,2.5617957763671875,9.4618849609375,9.816695124672027
3.5016165133051476,-0.5410895751953124,2.5474305664062498,9.466673364257812,9.818354495769352
3.5041034568515292,-0.5363011718749999,2.5426421630859375,9.452308154296874,9.802998396421577
3.506590400397911,-0.5410895751953124,2.5378537597656248,9.442731347656249,9.792785861967552
3.509077343944292,-0.5506663818359374,2.5234885498046875,9.447519750976562,9.794225715704734
3.511564287490674,-0.5602431884765625,2.528276953125,9.452308154296874,9.800621726488815
3.514051231037055,-0.5602431884765625,2.528276953125,9.433154541015625,9.78215014077279
3.5165381745834368,-0.5698199951171875,2.5139117431640625,9.428366137695312,9.774381571521195
3.5190251181298184,-0.5746083984375,2.5139117431640625,9.423577734375,9.770043212789867
3.5215120616761997,-0.5602431884765625,2.5234885498046875,9.409212524414063,9.757824922636201
3.5239990052225814,-0.5602431884765625,2.5139117431640625,9.409212524414063,9.7553526339258
3.5264859487689626,-0.5602431884765625,2.5043349365234375,9.418789331054686,9.762128782561508
3.5289728923153443,-0.5698199951171875,2.5139117431640625,9.428366137695312,9.774381571521195
3.531459835861726,-0.5698199951171875,2.518700146484375,9.423577734375,9.770995986619994
3.533946779408107,-0.55545478515625,2.5139117431640625,9.409212524414063,9.755078810566403
3.536433722954489,-0.5506663818359374,2.5234885498046875,9.414000927734374,9.761897427880672
3.53892066650087,-0.55545478515625,2.5139117431640625,9.428366137695312,9.773554639802796
3.541407610047252,-0.5506663818359374,2.5139117431640625,9.423577734375,9.768664342289108
3.543894553593633,-0.5506663818359374,2.528276953125,9.428366137695312,9.776988587608503
3.5463814971400147,-0.5506663818359374,2.528276953125,9.437942944335937,9.786224237995357
3.5488684406863964,-0.5506663818359374,2.5330653564453125,9.437942944335937,9.787462418045251
3.5513553842327776,-0.5363011718749999,2.5474305664062498,9.433154541015625,9.78577672095062
3.5538423277791593,-0.5315127685546874,2.5378537597656248,9.428366137695312,9.778409663924538
3.5563292713255406,-0.5315127685546874,2.5378537597656248,9.428366137695312,9.778409663924538
3.5588162148719222,-0.5219359619140624,2.5522189697265625,9.414000927734374,9.767786457798662
3.561303158418304,-0.5219359619140624,2.5522189697265625,9.409212524414063,9.763171572156342
3.563790101964685,-0.5363011718749999,2.5474305664062498,9.409212524414063,9.762699512286845
3.566277045511067,-2.4947581298828125,9.246406811523437,8.801085302734375,13.006881238667878
3.568763989057448,-1.5035586425781249,8.40843623046875,8.992621435546875,12.40281132310687
3.5712509326038298,-0.5793968017578125,7.48906279296875,9.179369165039063,11.86096878163778
3.573737876150211,0.2825157958984375,6.53138212890625,9.366116894531249,11.42203630578855
3.5762248196965927,1.0342951171875,5.57370146484375,9.524134204101562,11.083548472685838
3.5787117632429744,1.675941162109375,4.6351744140625,9.648632690429688,10.834654282553762
3.5811987067893556,2.221819140625,3.749319799804687,9.763554370117188,10.69209395736352
3.5836856503357373,2.6384102294921874,2.93050283203125,9.859322436523437,10.618629586484625
3.5861725938821185,2.93050283203125,2.2074539306640624,9.916783276367187,10.573707498081424
3.5886595374285,3.1076737548828124,1.5753846923828123,9.945513696289062,10.538155236038936
3.591146480974882,3.1555577880859373,1.0486603271484374,9.964667309570311,10.504847834504986
3.593633424521263,3.1076737548828124,0.6368576416015624,9.988609326171874,10.480245230591766
3.596120368067645,2.978386865234375,0.316034619140625,9.983820922851562,10.42340378278922
3.598607311614026,2.7533319091796873,0.1005564697265625,9.95987890625,10.333931296117399
3.6010942551604077,2.4516625,0.0,9.926360083007811,10.224640507687157
3.603581198706789,2.0973206542968748,-0.009576806640625,9.859322436523437,10.07993474926798
3.6060681422531706,1.70467158203125,0.0526724365234375,9.797073193359374,9.9444116338874
3.6085550857995523,1.2737152832031249,0.17238251953125,9.725247143554688,9.809816428400879
3.6110420293459335,0.8283937744140625,0.3591302490234375,9.643844287109374,9.686017933870643
3.6135289728923152,0.39743747558593745,0.603338818359375,9.572018237304688,9.599245148032889
3.6160159164386965,-0.0383072265625,0.86191259765625,9.5001921875,9.539287833430832
3.618502859985078,-0.45010991210937495,1.13006318359375,9.428366137695312,9.506509862106743
3.62098980353146,-0.82360537109375,1.4221557861328125,9.375693701171874,9.518638834703179
3.623476747077841,-1.16837041015625,1.714248388671875,9.323021264648437,9.55104509750005
3.6259636906242227,-1.455674609375,1.9967641845703124,9.279925634765624,9.603284623707763
3.628450634170604,-1.6903063720703124,2.2553379638671873,9.241618408203124,9.661842255261723
3.6309375777169857,-1.8770541015625,2.4947581298828125,9.212887988281249,9.727510231884926
3.633424521263367,-2.0159177978515626,2.6958710693359373,9.208099584960937,9.80411869352544
3.6359114648097486,-2.1068974609374997,2.877830395507812,9.212887988281249,9.879181635177604
3.6383984083561303,-2.1404162841796874,3.0310593017578125,9.222464794921875,9.940953639059359
3.6408853519025115,-2.1356278808593747,3.1411925781249996,9.241618408203124,9.99177201807619
3.643372295448893,-2.0829554443359375,3.2130186279296873,9.275137231445312,10.034458767101238
3.6458592389952744,-1.9871873779296874,3.2609026611328122,9.303867651367186,10.05705489268816
3.648346182541656,-1.8626888916015625,3.294421484375,9.318232861328125,10.057449302956629
3.650833126088038,-1.714248388671875,3.294421484375,9.332598071289063,10.044363952735088
3.653320069634419,-1.5466542724609373,3.265691064453125,9.342174877929686,10.01664160369089
3.6558070131808007,-1.369483349609375,3.2225954345703123,9.356540087890625,9.990267683904923
3.658293956727182,-1.177947216796875,3.1555577880859373,9.399635717773437,9.98490141295103
3.6607809002735636,-0.9911994873046874,3.0789433349609374,9.442731347656249,9.98135981655523
3.6632678438199453,-0.8092401611328125,3.0023288818359375,9.442731347656249,9.941530247256027
3.6657547873663265,-0.6368576416015624,2.906560815429687,9.447519750976562,9.905014531768737
3.668241730912708,-0.4740519287109375,2.806004345703125,9.452308154296874,9.871398840235692
3.6707286744590895,-0.316034619140625,2.7246014892578123,9.452308154296874,9.842228436667604
3.673215618005471,-0.19153613281249998,2.6431986328124997,9.4618849609375,9.826008961765192
3.6757025615518524,-0.086191259765625,2.5617957763671875,9.476250170898437,9.816799062552182
3.678189505098234,0.009576806640625,2.4899697265625,9.490615380859374,9.811820486628752
3.6806764486446157,0.06703764648437499,2.442085693359375,9.495403784179686,9.804640207798071
3.683163392190997,0.11013327636718749,2.384624853515625,9.504980590820312,9.800164338542423
3.6856503357373787,0.13407529296874998,2.3367408203125,9.509768994140625,9.7935713693942
3.68813727928376,0.13407529296874998,2.3127988037109373,9.5001921875,9.778582008147573
3.6906242228301416,0.1149216796875,2.2936451904296873,9.476250170898437,9.750555499739288
3.6931111663765233,0.076614453125,2.288856787109375,9.457096557617186,9.730437321437261
3.6955981099229045,0.023942016601562498,2.2936451904296873,9.457096557617186,9.731292657187687
3.698085053469286,-0.028730419921875,2.288856787109375,9.4618849609375,9.73483219387683
3.7005719970156674,-0.09576806640624999,2.3032219970703123,9.4618849609375,9.738648268848557
3.703058940562049,-0.17238251953125,2.327164013671875,9.457096557617186,9.740743471607502
3.7055458841084303,-0.24899697265624998,2.346317626953125,9.447519750976562,9.737701748566504
3.708032827654812,-0.316034619140625,2.375048046875,9.437942944335937,9.737324998478822
3.7105197712011937,-0.4070142822265625,2.403778466796875,9.428366137695312,9.73847521790821
3.713006714747575,-0.488417138671875,2.437297290039062,9.418789331054686,9.741281324557349
3.7154936582939566,-0.565031591796875,2.4756045166015626,9.414000927734374,9.750450855715863
3.717980601840338,-0.6368576416015624,2.499546533203125,9.423577734375,9.770216877998273
3.7204675453867195,-0.6943184814453125,2.518700146484375,9.414000927734374,9.76981791278428
3.722954488933101,-0.7278373046875,2.5330653564453125,9.404424121093749,9.766747682392952
3.7254414324794825,-0.7757213378906249,2.5474305664062498,9.399635717773437,9.769559750140322
3.727928376025864,-0.814028564453125,2.5665841796874997,9.390058911132812,9.76848008697937
3.7304153195722454,-0.82360537109375,2.5905261962890624,9.399635717773437,9.784799609996952
3.732902263118627,-0.8379705810546875,2.6048914062499997,9.409212524414063,9.799027210017261
3.7353892066650083,-0.8475473876953125,2.6048914062499997,9.404424121093749,9.79525338427517
3.73787615021139,-0.8379705810546875,2.6144682128906247,9.399635717773437,9.79238430402784
3.7403630937577717,-0.8188169677734375,2.6240450195312497,9.394847314453125,9.788729721119465
3.742850037304153,-0.8044517578125,2.6240450195312497,9.409212524414063,9.801328237783123
3.7453369808505346,-0.7900865478515624,2.6240450195312497,9.418789331054686,9.809354794297754
3.747823924396916,-0.7565677246093749,2.6240450195312497,9.409212524414063,9.797514343752594
3.7503108679432975,-0.7134720947265625,2.6192566162109374,9.404424121093749,9.78839827044896
3.752797811489679,-0.6703764648437499,2.6001030029296874,9.409212524414063,9.784846476059338
3.7552847550360604,-0.63206923828125,2.5905261962890624,9.423577734375,9.79357722241723
3.757771698582442,-0.59376201171875,2.5857377929687497,9.418789331054686,9.785304579998355
3.7602586421288233,-0.5602431884765625,2.5761609863281247,9.418789331054686,9.780801108319453
3.762745585675205,-0.5363011718749999,2.5713725830078125,9.433154541015625,9.792036586036762
3.7652325292215862,-0.5123591552734374,2.5665841796874997,9.442731347656249,9.79872652743328
3.767719472767968,-0.49320554199218747,2.5522189697265625,9.442731347656249,9.793990437002373
3.7702064163143496,-0.469263525390625,2.5426421630859375,9.4618849609375,9.808797298332737
3.772693359860731,-0.45010991210937495,2.5234885498046875,9.452308154296874,9.793708329216347
3.7751803034071125,-0.430956298828125,2.518700146484375,9.437942944335937,9.77774722417902
3.7776672469534938,-0.4213794921875,2.5139117431640625,9.442731347656249,9.780720230783844
3.7801541904998754,-0.411802685546875,2.518700146484375,9.442731347656249,9.781544212635039
3.782641134046257,-0.4165910888671875,2.518700146484375,9.437942944335937,9.77712460715135
3.7851280775926384,-0.4165910888671875,2.50912333984375,9.433154541015625,9.770038519092743
3.78761502113902,-0.4213794921875,2.5043349365234375,9.447519750976562,9.782887283201228
3.7901019646854013,-0.430956298828125,2.50912333984375,9.452308154296874,9.789154851662909
3.792588908231783,-0.44053310546874996,2.50912333984375,9.457096557617186,9.794204646200601
3.795075851778164,-0.469263525390625,2.5043349365234375,9.4618849609375,9.798937123207248
3.797562795324546,-0.47884033203125,2.5139117431640625,9.457096557617186,9.797229997100855
3.8000497388709276,-0.4836287353515625,2.5426421630859375,9.452308154296874,9.800257923490957
3.802536682417309,-0.5027823486328125,2.5378537597656248,9.442731347656249,9.790743950286068
3.8050236259636905,-0.51714755859375,2.5426421630859375,9.428366137695312,9.778883310138301
3.8075105695100717,-0.5410895751953124,2.5570073730468748,9.414000927734374,9.770080762285682
3.8099975130564534,-0.5602431884765625,2.5474305664062498,9.3852705078125,9.740974151783298
3.812484456602835,-0.5698199951171875,2.5426421630859375,9.3852705078125,9.740278563837524
3.8149714001492163,-0.5746083984375,2.5378537597656248,9.394847314453125,9.748540022967466
3.817458343695598,-0.59376201171875,2.5426421630859375,9.409212524414063,9.76477663982403
3.8199452872419792,-0.5985504150390625,2.5474305664062498,9.409212524414063,9.766316880973848
3.822432230788361,-0.5985504150390625,2.5474305664062498,9.394847314453125,9.752477692970714
3.8249191743347426,-0.6081272216796875,2.5426421630859375,9.399635717773437,9.756433749792613
3.827406117881124,-0.6177040283203125,2.528276953125,9.414000927734374,9.76714677301871
3.8298930614275055,-0.622492431640625,2.5234885498046875,9.423577734375,9.775444164039477
3.8323800049738868,-0.6272808349609375,2.5234885498046875,9.433154541015625,9.784982386370881
3.8348669485202684,-0.6177040283203125,2.5139117431640625,9.433154541015625,9.781907539621555
3.8373538920666497,-0.612915625,2.518700146484375,9.437942944335937,9.787455390029118
3.8398408356130314,-0.612915625,2.5234885498046875,9.437942944335937,9.788688729595247
3.842327779159413,-0.5985504150390625,2.5234885498046875,9.423577734375,9.773948760667157
3.8448147227057943,-0.59376201171875,2.528276953125,9.418789331054686,9.770277894771105
3.847301666252176,-0.5889736083984375,2.528276953125,9.428366137695312,9.77922094491849
3.849788609798557,-0.5793968017578125,2.5234885498046875,9.428366137695312,9.777411883587709
3.852275553344939,-0.5698199951171875,2.528276953125,9.423577734375,9.77346901025151
3.8547624968913206,-0.565031591796875,2.5378537597656248,9.414000927734374,9.766441310583334
3.857249440437702,-0.5602431884765625,2.5426421630859375,9.418789331054686,9.772026098129615
3.8597363839840835,-0.5458779785156249,2.5426421630859375,9.409212524414063,9.761981984541924
3.8622233275304647,-0.5410895751953124,2.5378537597656248,9.414000927734374,9.765085411901179
3.8647102710768464,-0.5363011718749999,2.5378537597656248,9.433154541015625,9.783288059113598
3.8671972146232276,-5.7077767578125,11.104307299804686,8.805873706054687,15.278343099057093
3.8696841581696093,-3.6296097167968746,10.251971508789062,8.968679418945312,14.096602322301008
3.872171101715991,-1.7334020019531249,9.193734375,9.141061938476563,13.080078272758792
3.8746580452623722,-0.0430956298828125,8.0062103515625,9.299079248046874,12.270865343904541
3.877144988808754,1.4173673828125,6.732495068359374,9.442731347656249,11.683346928314423
3.879631932355135,2.6336218261718747,5.425260961914062,9.581595043945311,11.321500961193923
3.882118875901517,3.5817256835937497,4.122815258789062,9.701305126953125,11.132910028239069
3.8846058194478985,4.280832568359375,2.89219560546875,9.792284790039062,11.0715475118815
3.8870927629942797,4.759672900390624,1.7717092285156248,9.86411083984375,11.094779059081947
3.8895797065406614,5.023035083007812,0.7661445312499999,9.911994873046874,11.138469430366055
3.8920666500870427,5.080495922851562,-0.076614453125,9.950302099609374,11.172547626661956
3.8945535936334243,4.96078583984375,-0.7422025146484375,9.964667309570311,11.15593363694693
3.8970405371798056,4.7022120605468745,-1.2306196533203124,9.950302099609374,11.07401168804609
3.8995274807261873,4.328716601562499,-1.5466542724609373,9.926360083007811,10.939037953709425
3.902014424272569,3.854664672851562,-1.6903063720703124,9.888052856445311,10.746588512800127
3.90450136781895,3.31357509765625,-1.66636435546875,9.840168823242188,10.515962750166622
3.906988311365332,2.729389892578125,-1.4939818359375,9.782707983398437,10.265618656479809
3.909475254911713,2.1212626708984375,-1.1923124267578125,9.725247143554688,10.025058416047605
3.911962198458095,1.5131354492187499,-0.7948749511718749,9.667786303710937,9.817713434904467
3.9144491420044765,0.928950244140625,-0.3112462158203125,9.605537060546874,9.655369748719666
3.9169360855508577,0.37828386230468747,0.2346317626953125,9.543287817382812,9.553663857910893
3.9194230290972394,-0.12449848632812499,0.7996633544921875,9.4618849609375,9.496432402098744
3.9219099726436206,-0.5889736083984375,1.369483349609375,9.399635717773437,9.517117535424754
3.9243969161900023,-0.9864110839843749,1.944091748046875,9.327809667968749,9.57917181980167
3.9268838597363835,-1.3072341064453123,2.4899697265625,9.265560424804686,9.68294481208885
3.9293708032827652,-1.5753846923828123,2.96881005859375,9.236830004882812,9.829277625141376
3.931857746829147,-1.7717092285156248,3.399766357421875,9.212887988281249,9.978710836580142
3.934344690375528,-1.905784521484375,3.763685009765625,9.193734375,10.115438263027487
3.93683163392191,-1.9871873779296874,4.036623999023437,9.188945971679686,10.231323230889705
3.939318577468291,-2.01112939453125,4.242525341796875,9.179369165039063,10.310406441329375
3.9418055210146727,-1.9823989746093749,4.3622354248046875,9.184157568359375,10.358945594818326
3.9442924645610544,-1.9201497314453124,4.395754248046875,9.208099584960937,10.382616643551348
3.9467794081074357,-1.8339584716796873,4.371812231445312,9.236830004882812,10.38244549236662
3.9492663516538173,-1.7238251953125,4.280832568359375,9.251195214843749,10.338361266925643
3.9517532952001986,-5.626373901367187,10.946289990234375,8.585607153320312,15.006331930869584
3.9542402387465803,-3.4811692138671875,9.897629663085937,8.820238916015624,13.706867861724348
3.956727182292962,-1.4173673828125,8.700528833007812,9.030928662109375,12.620055656452934
3.959214125839343,0.5027823486328125,7.426813549804687,9.217676391601563,11.848033915124821
3.961701069385725,2.231395947265625,6.124367846679687,9.409212524414063,11.44640946867217
3.964188012932106,3.7301661865234372,4.841075756835937,9.562441430664062,11.348587593942604
3.966674956478488,4.946420629882812,3.6248213134765623,9.706093530273437,11.481056494102802
3.969161900024869,5.889736083984375,2.5043349365234375,9.835380419921874,11.734368011012013
3.9716488435712507,6.5601125488281244,1.5179238525390624,9.94072529296875,12.006547748027653
3.9741357871176324,6.938396411132812,0.679953271484375,9.988609326171874,12.180968659360007
3.9766227306640136,7.038952880859375,-0.0047884033203125,10.031704956054687,12.254875964818943
3.9791096742103953,6.871358764648437,-0.5027823486328125,10.084377392578125,12.213231708215003
3.9815966177567765,6.4834980957031245,-0.8379705810546875,10.09395419921875,12.026048961634283
3.984083561303158,5.904101293945312,-1.0199299072265624,10.0748005859375,11.72178638054919
3.98657050484954,5.147533569335937,-1.0486603271484374,10.041281762695311,11.332437062124496
3.989057448395921,4.261678955078125,-0.93852705078125,9.974244116210937,10.887069680633646
3.991544391942303,3.299209887695312,-0.70868369140625,9.90241806640625,10.461591753620509
3.994031335488684,2.29843359375,-0.39743747558593745,9.8449572265625,10.117506428202745
3.9965182790350657,1.2737152832031249,-0.009576806640625,9.763554370117188,9.846290483025832
3.999005222581447,0.26815058593749996,0.4213794921875,9.677363110351562,9.690243659618064
4.001492166127829,-0.6703764648437499,0.8810662109374999,9.610325463867188,9.673884317797388
4.00397910967421,-1.5370774658203123,1.35990654296875,9.552864624023437,9.770832895227523
4.006466053220592,-2.3032219970703123,1.8100164550781248,9.485826977539062,9.927834838636771
4.008952996766973,-2.9496564453125,2.221819140625,9.418789331054686,10.116844661346281
4.0114399403133545,-3.4763808105468748,2.6144682128906247,9.370905297851563,10.331240664966455
4.013926883859736,-3.854664672851562,2.9640216552734375,9.313444458007812,10.506384334558495
4.016413827406118,-4.094084838867187,3.2513258544921873,9.265560424804686,10.638762167923405
4.0189007709524995,-4.199429711914062,3.4763808105468748,9.236830004882812,10.72564506145661
4.02138771449888,-4.180276098632812,3.6487633300781246,9.208099584960937,10.750687422964234
4.023874658045262,-4.036623999023437,3.758896606445312,9.203311181640624,10.729612002004052
4.026361601591644,-3.797203833007812,3.806780639648437,9.203311181640624,10.65885887390966
4.028848545138025,-3.4763808105468748,3.816357446289062,9.193734375,10.543934723614385
4.031335488684407,-3.0741549316406247,3.782838623046875,9.188945971679686,10.40177987952994
4.033822432230788,-2.6240450195312497,3.69664736328125,9.203311181640624,10.259227587839755
4.0363093757771695,-2.1404162841796874,3.5769372802734374,9.212887988281249,10.11203081785298
4.038796319323551,-1.637633935546875,3.438073583984375,9.2320416015625,9.986630413143695
4.041283262869933,-1.149216796875,3.27526787109375,9.270348828125,9.898860857126802
4.043770206416314,-0.679953271484375,3.1028853515624997,9.303867651367186,9.831184426634474
4.046257149962695,-0.2346317626953125,2.935291235351562,9.337386474609374,9.790698283402225
4.048744093509077,0.1580173095703125,2.7629087158203123,9.375693701171874,9.77559545093155
4.051231037055459,0.49320554199218747,2.6096798095703124,9.404424121093749,9.772250174066395
4.05371798060184,0.7709329345703124,2.4756045166015626,9.433154541015625,9.783013845789393
4.056204924148221,0.9959878906249999,2.3511060302734372,9.466673364257812,9.80497812488167
4.058691867694603,1.1444283935546875,2.2457611572265623,9.485826977539062,9.814992255274051
4.061178811240985,1.2306196533203124,2.1643583007812497,9.490615380859374,9.811760896633357
4.063665754787366,1.24498486328125,2.1021090576171875,9.5001921875,9.809306876602019
4.066152698333748,1.20667763671875,2.0733786376953125,9.514557397460937,9.812327571162056
4.068639641880129,1.1109095703125,2.068590234375,9.528922607421874,9.813946794710027
4.07112658542651,0.9528922607421875,2.0733786376953125,9.519345800781249,9.789016656982724
4.073613528972892,0.7757213378906249,2.0877438476562498,9.490615380859374,9.748445941527802
4.076100472519274,0.5793968017578125,2.1260510742187497,9.476250170898437,9.729085831953922
4.0785874160656554,0.3447650390625,2.1739351074218747,9.476250170898437,9.728523736153075
4.081074359612036,0.0718260498046875,2.2170307373046874,9.476250170898437,9.732404716874292
4.083561303158418,-0.1771709228515625,2.27927998046875,9.485826977539062,9.757428975558959
4.0860482467048,-0.411802685546875,2.346317626953125,9.490615380859374,9.785017535282146
4.088535190251181,-0.6368576416015624,2.398990063476562,9.485826977539062,9.805185078729185
4.091022133797563,-0.8379705810546875,2.461239306640625,9.471461767578125,9.821836978588074
4.093509077343944,-1.0199299072265624,2.5139117431640625,9.4618849609375,9.843133458512517
4.095996020890325,-1.1731588134765625,2.5665841796874997,9.437942944335937,9.850808239611629
4.098482964436707,-1.2832920898437499,2.6144682128906247,9.418789331054686,9.858796837690724
4.100969907983089,-1.3646949462890625,2.6479870361328124,9.399635717773437,9.860394478254737
4.1034568515294705,-1.4125789794921875,2.6862942626953124,9.3852705078125,9.863815628037054
4.105943795075851,-1.4317325927734375,2.70065947265625,9.390058911132812,9.875050691464951
4.108430738622233,-1.426944189453125,2.70065947265625,9.380482104492186,9.86525092533181
4.110917682168615,-1.39821376953125,2.7054478759765623,9.380482104492186,9.862448705449932
4.113404625714996,-1.3359645263671873,2.6958710693359373,9.394847314453125,9.864870911475785
4.115891569261377,-1.2497732666015624,2.6910826660156246,9.390058911132812,9.847693409514049
4.118378512807759,-1.1444283935546875,2.6767174560546874,9.399635717773437,9.840105909712772
4.1208654563541405,-1.0390835205078124,2.6479870361328124,9.414000927734374,9.834375596523756
4.123352399900522,-0.9193734375,2.6240450195312497,9.399635717773437,9.802245222853257
4.125839343446904,-0.7996633544921875,2.6048914062499997,9.394847314453125,9.78202825495612
4.128326286993285,-0.6847416748046875,2.5761609863281247,9.399635717773437,9.770293148904775
4.130813230539666,-0.565031591796875,2.5570073730468748,9.404424121093749,9.76220981412275
4.133300174086048,-0.45489831542968745,2.5378537597656248,9.418789331054686,9.765307299113882
4.13578711763243,-0.36391865234375,2.5139117431640625,9.437942944335937,9.773789237469895
4.138274061178811,-0.2825157958984375,2.4899697265625,9.452308154296874,9.77884931154566
4.140761004725192,-0.2154781494140625,2.47081611328125,9.442731347656249,9.763018918476762
4.143247948271574,-0.16280571289062498,2.442085693359375,9.442731347656249,9.754766195961356
4.1457348918179555,-0.1388636962890625,2.427720483398437,9.437942944335937,9.746172422659056
4.148221835364337,-0.12449848632812499,2.427720483398437,9.423577734375,9.73206781390361
4.150708778910719,-0.1149216796875,2.422932080078125,9.423577734375,9.73075660845251
4.1531957224571,-0.1292868896484375,2.422932080078125,9.423577734375,9.730936865498354
4.155682666003481,-0.16280571289062498,2.442085693359375,9.428366137695312,9.740861166257323
4.158169609549863,-0.19632453613281248,2.446874096679687,9.428366137695312,9.742680544641162
4.160656553096245,-0.2442085693359375,2.4516625,9.442731347656249,9.75886582258683
4.163143496642626,-0.28730419921875,2.4851813232421875,9.452308154296874,9.77777067413977
4.165630440189007,-4.76924970703125,8.939948999023438,9.150638745117186,13.652934494708369
4.168117383735389,-2.7533319091796873,8.33182177734375,9.208099584960937,12.719637915368677
4.1706043272817706,-0.9002198242187499,7.6279264892578125,9.275137231445312,12.042583980175536
4.173091270828152,0.74699091796875,6.8569935546875,9.332598071289063,11.604901671310362
4.175578214374533,2.1547814941406247,6.038176586914062,9.3852705078125,11.366000276573248
4.178065157920915,3.323151904296875,5.204994409179688,9.457096557617186,11.294776698931175
4.180552101467296,4.2521021484374995,4.386177441406249,9.5384994140625,11.32704269879471
4.183039045013678,4.932055419921875,3.5817256835937497,9.600748657226562,11.372260299383473
4.18552598856006,5.363011718749999,2.8107927490234372,9.639055883789062,11.383050948854667
4.1880129321064405,5.57370146484375,2.0973206542968748,9.667786303710937,11.354778463728934
4.190499875652822,5.5832782714843745,1.4604630126953124,9.715670336914062,11.30045125487794
4.192986819199204,5.410895751953125,0.9097966308593749,9.730035546875,11.170457219446234
4.195473762745586,5.085284326171875,0.44532150878906246,9.725247143554688,10.983572275330923
4.197960706291967,4.6255976074218745,0.08140285644531249,9.710881933593749,10.756579734238105
4.200447649838348,4.074931225585937,-0.19632453613281248,9.701305126953125,10.524206810158667
4.20293459338473,3.447650390625,-0.38307226562499996,9.696516723632811,10.298323851402158
4.205421536931111,2.77727392578125,-0.4644751220703125,9.667786303710937,10.069512382040523
4.207908480477493,2.0877438476562498,-0.4740519287109375,9.643844287109374,9.87861995617572
4.210395424023875,1.4125789794921875,-0.39743747558593745,9.610325463867188,9.721712371889913
4.212882367570256,0.7422025146484375,-0.2537853759765625,9.567229833984374,9.599331137433
4.215369311116637,0.1197100830078125,-0.047884033203124995,9.548076220703125,9.548946690654734
4.217856254663019,-0.44532150878906246,0.201112939453125,9.519345800781249,9.531878206075508
4.220343198209401,-0.948103857421875,0.49320554199218747,9.476250170898437,9.536323711607253
4.222830141755782,-1.388636962890625,0.814028564453125,9.442731347656249,9.578942030436435
4.225317085302163,-1.7525556152343749,1.1444283935546875,9.418789331054686,9.648562586999853
4.227804028848545,-2.039859814453125,1.484405029296875,9.404424121093749,9.736923508122702
4.2302909723949265,-2.24097275390625,1.8243816650390623,9.394847314453125,9.829215808261
4.232777915941308,-2.360682836914062,2.1499930908203124,9.390058911132812,9.918089538899133
4.23526485948769,-2.427720483398437,2.4516625,9.370905297851563,9.9859071626328
4.237751803034071,-2.437297290039062,2.7246014892578123,9.34696328125,10.036413400031577
4.240238746580452,-2.389413256835937,2.978386865234375,9.323021264648437,10.074661757698415
4.242725690126834,-2.29843359375,3.19865341796875,9.299079248046874,10.098864071499216
4.245212633673216,-2.1452046874999997,3.380612744140625,9.284714038085937,10.111199753053445
4.2476995772195965,-1.9728221679687499,3.5242648437499997,9.289502441406249,10.129527412678925
4.250186520765978,-1.7908628417968748,3.6343981201171873,9.294290844726563,10.139027651604868
4.25267346431236,-1.5801730957031248,3.706224169921875,9.3086560546875,10.143181066833389
4.2551604078587415,-1.369483349609375,3.73495458984375,9.313444458007812,10.12746849441896
4.257647351405123,-1.1635820068359375,3.744531396484375,9.318232861328125,10.109644015682496
4.260134294951504,-0.9433154541015625,3.7110125732421873,9.3086560546875,10.065412853389507
4.262621238497886,-0.7422025146484375,3.6439749267578123,9.294290844726563,10.01065732836551
4.265108182044267,-0.584185205078125,3.5529952636718747,9.299079248046874,9.971856525189427
4.267595125590649,-0.430956298828125,3.447650390625,9.313444458007812,9.940435816395214
4.270082069137031,-0.28730419921875,3.3327287109375,9.356540087890625,9.936521865315859
4.2725690126834115,-0.181959326171875,3.19865341796875,9.414000927734374,9.944239857930205
4.275055956229793,-0.09576806640624999,3.0550013183593747,9.442731347656249,9.925088406746346
4.277542899776175,-0.033518823242187495,2.916137622070312,9.457096557617186,9.896547753760412
4.2800298433225565,0.0143652099609375,2.786850732421875,9.485826977539062,9.886741465814984
4.282516786868938,0.0383072265625,2.6623522460937497,9.5001921875,9.866267709996691
4.285003730415319,0.033518823242187495,2.5378537597656248,9.519345800781249,9.851891680906752
4.287490673961701,0.033518823242187495,2.418143676757812,9.528922607421874,9.83101766915262
4.289977617508082,0.0047884033203125,2.327164013671875,9.519345800781249,9.799676512527714
4.292464561054464,-0.0430956298828125,2.2361843505859373,9.509768994140625,9.76924173132382
4.294951504600846,-0.0909796630859375,2.1547814941406247,9.509768994140625,9.751259760077389
4.2974384481472265,-0.1484405029296875,2.1021090576171875,9.519345800781249,9.749812385265566
4.299925391693608,-0.22026655273437498,2.0638018310546875,9.514557397460937,9.738305695638067
4.30241233523999,-0.2825157958984375,2.0350714111328125,9.504980590820312,9.724504452938106
4.304899278786372,-0.3399766357421875,2.020706201171875,9.485826977539062,9.704625243259676
4.307386222332752,-0.40222587890625,2.0350714111328125,9.476250170898437,9.700650421880209
4.309873165879134,-0.4740519287109375,2.04943662109375,9.4618849609375,9.692893412650836
4.312360109425516,-0.5315127685546874,2.068590234375,9.442731347656249,9.681257495020896
4.314847052971897,-0.5793968017578125,2.0973206542968748,9.433154541015625,9.680850126693995
4.317333996518279,-0.6177040283203125,2.1404162841796874,9.423577734375,9.68332367795237
4.31982094006466,-0.6512228515624999,2.1930887207031247,9.414000927734374,9.687989616357777
4.322307883611042,-0.699106884765625,2.2361843505859373,9.409212524414063,9.696522635240047
4.324794827157423,-0.70868369140625,2.2936451904296873,9.399635717773437,9.701350032902049
4.327281770703805,-0.7134720947265625,2.3415292236328122,9.394847314453125,9.708499245350287
4.329768714250187,-0.7278373046875,2.389413256835937,9.394847314453125,9.72122414698505
4.332255657796567,-0.7326257080078125,2.4564509033203126,9.404424121093749,9.747516838552631
4.334742601342949,-0.7230489013671875,2.50912333984375,9.418789331054686,9.77405198017212
4.337229544889331,-0.7134720947265625,2.5570073730468748,9.428366137695312,9.794968971988078
4.3397164884357124,-0.6943184814453125,2.6096798095703124,9.423577734375,9.80287326134352
4.342203431982094,-0.6655880615234374,2.6431986328124997,9.409212524414063,9.796059759399942
4.344690375528475,-0.6512228515624999,2.6719290527343746,9.404424121093749,9.79829011178242
4.347177319074857,-0.63206923828125,2.7054478759765623,9.409212524414063,9.810822598599874
4.349664262621238,-0.6081272216796875,2.729389892578125,9.414000927734374,9.820529587086387
4.35215120616762,-0.584185205078125,2.729389892578125,9.414000927734374,9.819076077051417
4.354638149714002,-0.55545478515625,2.7437551025390623,9.414000927734374,9.821412095439523
4.357125093260382,-0.5506663818359374,2.7533319091796873,9.414000927734374,9.823822246639798
4.359612036806764,-0.5506663818359374,2.7437551025390623,9.418789331054686,9.825732440362042
4.362098980353146,-0.5267243652343749,2.7341782958984373,9.404424121093749,9.807974437166095
4.3645859238995275,-0.5027823486328125,2.7246014892578123,9.399635717773437,9.799458913236219
4.367072867445909,-0.49799394531249996,2.7054478759765623,9.418789331054686,9.81229018333557
4.36955981099229,-0.49799394531249996,2.6862942626953124,9.423577734375,9.811625357256867
4.372046754538672,-0.4836287353515625,2.6623522460937497,9.418789331054686,9.799775951455613
4.374533698085053,-0.47884033203125,2.6479870361328124,9.433154541015625,9.809461147371499
4.377020641631435,-0.49799394531249996,2.6336218261718747,9.433154541015625,9.806547123607803
4.379507585177816,-0.49320554199218747,2.6144682128906247,9.428366137695312,9.796570000224921
4.3819945287241975,-0.49799394531249996,2.5953145996093747,9.433154541015625,9.796328926449805
4.384481472270579,-0.5027823486328125,2.5761609863281247,9.437942944335937,9.796129977604233
4.386968415816961,-0.5027823486328125,2.5617957763671875,9.437942944335937,9.792362059812229
4.3894553593633425,-0.51714755859375,2.5426421630859375,9.452308154296874,9.801969200658048
4.391942302909723,-0.51714755859375,2.5378537597656248,9.452308154296874,9.800728174329864
4.394429246456105,-0.5267243652343749,2.528276953125,9.447519750976562,9.794143778489616
4.396916190002487,-0.5410895751953124,2.5043349365234375,9.457096557617186,9.798017488388748
4.399403133548868,-0.55545478515625,2.4899697265625,9.452308154296874,9.790536691179799
4.40189007709525,-0.5602431884765625,2.4899697265625,9.442731347656249,9.781564137367914
4.404377020641631,-0.55545478515625,2.4851813232421875,9.428366137695312,9.766204188638714
4.4068639641880125,-0.565031591796875,2.4899697265625,9.423577734375,9.763351230737042
4.409350907734394,-0.5793968017578125,2.4899697265625,9.428366137695312,9.768814560606856
4.411837851280776,-0.5698199951171875,2.4851813232421875,9.428366137695312,9.767031742687578
4.414324794827158,-0.5793968017578125,2.4851813232421875,9.428366137695312,9.767595143622538
4.416811738373538,-0.5889736083984375,2.4947581298828125,9.423577734375,9.765988191361616
4.41929868191992,-0.5746083984375,2.499546533203125,9.414000927734374,9.757116436252378
4.421785625466302,-0.5698199951171875,2.4947581298828125,9.418789331054686,9.76023080752916
4.424272569012683,-0.5698199951171875,2.4899697265625,9.418789331054686,9.759007968478285
4.426759512559065,-0.565031591796875,2.4947581298828125,9.394847314453125,9.736849330673245
4.429246456105446,-0.5602431884765625,2.5043349365234375,9.394847314453125,9.739030853550744
4.4317333996518276,-0.565031591796875,2.5043349365234375,9.418789331054686,9.762404756862416
4.434220343198209,-0.565031591796875,2.50912333984375,9.409212524414063,9.754395981498169
4.436707286744591,-0.5506663818359374,2.50912333984375,9.394847314453125,9.739717113988478
4.439194230290972,-0.55545478515625,2.50912333984375,9.404424121093749,9.749226789972196
4.441681173837353,-0.5602431884765625,2.518700146484375,9.414000927734374,9.761205679910574
4.444168117383735,-0.55545478515625,2.518700146484375,9.399635717773437,9.747078130039563
4.446655060930117,-0.55545478515625,2.518700146484375,9.399635717773437,9.747078130039563
4.449142004476498,-0.5458779785156249,2.5234885498046875,9.404424121093749,9.752393053903928
4.451628948022879,-0.5267243652343749,2.528276953125,9.394847314453125,9.743345368533422
4.454115891569261,-0.5315127685546874,2.5378537597656248,9.399635717773437,9.750710700043118
4.456602835115643,-3.9983167724609374,10.639832177734375,8.90643017578125,14.440119953080758
4.459089778662024,-2.0877438476562498,9.658209497070311,9.088389501953124,13.425293620697367
4.461576722208406,-0.2825157958984375,8.513781103515624,9.275137231445312,12.593349614604321
4.464063665754787,1.37906015625,7.278373046874999,9.452308154296874,12.009273523732396
4.466550609301168,2.868253588867187,5.985504150390625,9.600748657226562,11.671654268510121
4.46903755284755,4.141968872070312,4.673481640625,9.720458740234374,11.553555941919232
4.471524496393932,5.181052392578125,3.404554760742187,9.835380419921874,11.62622058186212
4.4740114399403135,5.980715747070312,2.221819140625,9.9215716796875,11.79589020532488
4.476498383486694,6.5409589355468745,1.1348515869140625,9.988609326171874,11.993512754473544
4.478985327033076,6.847416748046874,0.1867477294921875,10.046070166015625,12.159174174935258
4.481472270579458,6.909665991210937,-0.5889736083984375,10.060435375976562,12.218949790210596
4.483959214125839,6.76122548828125,-1.197100830078125,10.05564697265625,12.176340030544834
4.486446157672221,6.402095239257812,-1.62805712890625,10.031704956054687,12.011348708319236
4.488933101218602,5.870582470703124,-1.8818425048828125,9.97903251953125,11.729712689762382
4.4914200447649835,5.195417602539062,-1.9584569580078124,9.916783276367187,11.365320420981446
4.493906988311365,4.395754248046875,-1.8770541015625,9.835380419921874,10.935295858548928
4.496393931857747,3.5146880371093747,-1.656787548828125,9.753977563476562,10.499431188829032
4.4988808754041285,2.5905261962890624,-1.2832920898437499,9.672574707031249,10.095363590511045
4.501367818950509,1.637633935546875,-0.8283937744140625,9.576806640625,9.751066945942984
4.503854762496891,0.6847416748046875,-0.296881005859375,9.485826977539062,9.515141771968628
4.506341706043273,-0.22505495605468748,0.277727392578125,9.399635717773437,9.406430452869738
4.508828649589654,-1.0773907470703123,0.8858546142578124,9.323021264648437,9.426782840426608
4.511315593136035,-1.8626888916015625,1.5083470458984374,9.260772021484375,9.565909217198028
4.513802536682417,-2.5426421630859375,2.0973206542968748,9.212887988281249,9.78473751211853
4.5162894802287985,-3.1124621582031247,2.6527754394531247,9.169792358398437,10.04040487801934
4.51877642377518,-3.5721488769531247,3.1651345947265623,9.141061938476563,10.311999707375735
4.521263367321562,-3.912125512695312,3.6104561035156246,9.131485131835937,10.569964049864861
4.523750310867943,-4.132392065429687,3.9743747558593747,9.126696728515624,10.778168307126043
4.526237254414324,-4.223371728515625,4.256890551757812,9.126696728515624,10.920374494547692
4.528724197960706,-4.209006518554688,4.46279189453125,9.126696728515624,10.996765003464768
4.531211141507088,-4.089296435546875,4.582501977539062,9.13627353515625,11.00877667232478
4.533698085053469,-7.187393383789062,11.908759057617187,8.360552197265624,16.22886314530125
4.53618502859985,-5.45877978515625,11.099518896484375,8.571241943359375,15.048713730011851
4.538671972146232,-3.706224169921875,10.0748005859375,8.79150849609375,13.875457689064106
4.5411589156926135,-1.9919757812499999,8.896853369140624,9.026140258789061,12.829387177741893
4.543645859238995,-0.37828386230468747,7.6231380859375,9.260772021484375,12.000717953175084
4.546132802785377,1.1013327636718748,6.311115576171875,9.476250170898437,11.438637636256734
4.548619746331758,2.403778466796875,4.99909306640625,9.6917283203125,11.166856327488713
4.551106689878139,3.4859576171874997,3.744531396484375,9.883264453125,11.128896267756698
4.553593633424521,4.328716601562499,2.5905261962890624,10.031704956054687,11.228700624544002
4.556080576970903,4.936843823242187,1.5562310791015623,10.160991845703125,11.403509871749641
4.558567520517284,5.310339282226562,0.6607996582031249,10.256759912109374,11.568815124086553
4.561054464063665,5.430049365234375,-0.0718260498046875,10.328585961914062,11.669202331906025
4.563541407610047,5.3390697021484375,-0.63206923828125,10.347739575195313,11.6610844745437
4.566028351156429,5.042188696289062,-1.01514150390625,10.319009155273436,11.529793106060284
4.56851529470281,4.572925170898437,-1.235408056640625,10.266336718749999,11.30643831220971
4.571002238249191,3.9743747558593747,-1.3072341064453123,10.204087475585936,11.02850474536217
4.573489181795573,3.265691064453125,-1.22583125,10.1131078125,10.697773133188704
4.575976125341954,2.480392919921875,-1.01514150390625,10.01733974609375,10.369665225976258
4.578463068888336,1.656787548828125,-0.718260498046875,9.907206469726562,10.07043113073111
4.580950012434718,0.8283937744140625,-0.3447650390625,9.787496386718749,9.828539296237274
4.583436955981099,0.028730419921875,0.1005564697265625,9.662997900390625,9.663563807601541
4.58592389952748,-0.718260498046875,0.5889736083984375,9.548076220703125,9.593151076200192
4.588410843073862,-1.4030021728515625,1.0821791503906248,9.437942944335937,9.602827387343108
4.590897786620244,-2.01112939453125,1.5753846923828123,9.342174877929686,9.685179906453069
4.593384730166625,-2.4851813232421875,2.0638018310546875,9.255983618164063,9.803501259599958
4.595871673713006,-2.839523168945312,2.50912333984375,9.188945971679686,9.93958348382739
4.598358617259388,-3.0933085449218747,2.906560815429687,9.126696728515624,10.065448162013242
4.6008455608057695,-3.23696064453125,3.2561142578125,9.0788126953125,10.173742390622118
4.603332504352151,-3.2704794677734372,3.5386300537109374,9.045293872070312,10.248672101217144
4.605819447898533,-3.2034418212890623,3.768473413085937,9.02135185546875,10.2882564444948
4.608306391444914,-3.0358477050781247,3.9312791259765625,9.02135185546875,10.298355021795306
4.610793334991295,-2.7916391357421872,4.027047192382812,9.02135185546875,10.266213881176212
4.613280278537677,-2.5043349365234375,4.065354418945312,9.035717065429687,10.219734972709777
4.615767222084059,-2.1691467041015624,4.036623999023437,9.069235888671875,10.161228780899512
4.61825416563044,-1.8100164550781248,3.9552211425781247,9.117119921875,10.101574606179009
4.620741109176821,-1.4317325927734375,3.845087866210937,9.160215551757812,10.037136437787323
4.623228052723203,-1.0486603271484374,3.6918589599609373,9.212887988281249,9.980321445053553
4.6257149962695845,-0.7038952880859375,3.5051112304687497,9.265560424804686,9.931358582805
4.628201939815966,-0.3687070556640625,3.308786694335937,9.313444458007812,9.890614842056454
4.630688883362348,-0.076614453125,3.1076737548828124,9.370905297851563,9.873062951410649
4.633175826908729,0.17238251953125,2.901772412109375,9.423577734375,9.861734947793277
4.63566277045511,0.37828386230468747,2.7150246826171873,9.481038574218749,9.869374354715935
4.638149714001492,0.5219359619140624,2.5378537597656248,9.524134204101562,9.870271079967003
4.640636657547874,0.6177040283203125,2.370259643554687,9.562441430664062,9.871168885159836
4.6431236010942545,0.6560112548828124,2.2266075439453124,9.595960253906249,9.87271923614946
4.645610544640636,0.6416460449218749,2.1212626708984375,9.6151138671875,9.867212354302122
4.648097488187018,0.59376201171875,2.0350714111328125,9.6151138671875,9.846038982959175
4.6505844317333995,0.51714755859375,1.9632453613281249,9.6151138671875,9.827114969568497
4.653071375279781,0.40222587890625,1.924938134765625,9.619902270507811,9.81884372899672
4.655558318826162,0.2537853759765625,1.9009961181640624,9.6151138671875,9.804519770866687
4.658045262372544,0.0909796630859375,1.9105729248046874,9.600748657226562,9.789430064070615
4.660532205918925,-0.0718260498046875,1.9488801513671874,9.586383447265625,9.782741968580787
4.663019149465307,-0.239420166015625,1.9919757812499999,9.576806640625,9.784708220529655
4.665506093011689,-0.411802685546875,2.04943662109375,9.5384994140625,9.76487291201347
4.6679930365580695,-0.5602431884765625,2.1260510742187497,9.5001921875,9.751287976460192
4.670479980104451,-0.689530078125,2.1978771240234374,9.485826977539062,9.761507518244938
4.672966923650833,-0.8092401611328125,2.2744915771484373,9.4618849609375,9.76501144837653
4.675453867197215,-0.9050082275390624,2.35589443359375,9.433154541015625,9.764921047752262
4.677940810743596,-0.9816226806640624,2.427720483398437,9.409212524414063,9.766815763712188
4.680427754289977,-1.0342951171875,2.5043349365234375,9.404424121093749,9.786963416358502
4.682914697836359,-1.0630255371093749,2.5761609863281247,9.394847314453125,9.799478801544135
4.68540164138274,-1.0678139404296874,2.6384102294921874,9.366116894531249,9.78905413369896
4.687888584929122,-1.0486603271484374,2.6910826660156246,9.356540087890625,9.792163030371233
4.690375528475504,-1.01514150390625,2.7341782958984373,9.356540087890625,9.800565577711291
4.692862472021885,-0.9576806640625,2.7724855224609373,9.356540087890625,9.805542853043834
4.695349415568266,-0.8954314208984374,2.8012159423828122,9.34696328125,9.79869025770422
4.697836359114648,-0.833182177734375,2.81558115234375,9.351751684570312,9.80188498894938
4.70032330266103,-0.7661445312499999,2.829946362304687,9.351751684570312,9.800552710237799
4.70281024620741,-0.689530078125,2.81558115234375,9.356540087890625,9.795294348327504
4.705297189753792,-0.6177040283203125,2.8012159423828122,9.351751684570312,9.781800886969966
4.707784133300174,-0.5458779785156249,2.786850732421875,9.361328491210937,9.782586104532191
4.710271076846555,-0.4836287353515625,2.7629087158203123,9.390058911132812,9.800039167276747
4.712758020392937,-0.430956298828125,2.729389892578125,9.390058911132812,9.788181591682491
4.715244963939318,-0.37828386230468747,2.6958710693359373,9.390058911132812,9.776708334480851
4.7177319074857,-0.3591302490234375,2.6575638427734374,9.394847314453125,9.770096016727136
4.720218851032081,-0.3447650390625,2.6240450195312497,9.404424121093749,9.769732250481406
4.722705794578463,-0.33039982910156246,2.6048914062499997,9.423577734375,9.78255797842434
4.725192738124845,-0.33039982910156246,2.5665841796874997,9.428366137695312,9.777044871786776
4.727679681671225,-0.3399766357421875,2.528276953125,9.447519750976562,9.785877472646275
4.730166625217607,-0.36391865234375,2.499546533203125,9.471461767578125,9.802487320668444
4.732653568763989,-0.38307226562499996,2.4756045166015626,9.476250170898437,9.80176919666862
4.7351405123103705,-0.411802685546875,2.4660277099609376,9.481038574218749,9.805150002113312
4.737627455856752,-0.43574470214843747,2.4516625,9.490615380859374,9.811845023580489
4.740114399403133,-0.4644751220703125,2.427720483398437,9.495403784179686,9.811842686730586
4.742601342949515,-0.49799394531249996,2.4133552734375,9.495403784179686,9.809942643563744
4.745088286495896,-0.5267243652343749,2.418143676757812,9.485826977539062,9.803355081102755
4.747575230042278,-0.55545478515625,2.418143676757812,9.471461767578125,9.791043707107578
4.75006217358866,-0.584185205078125,2.422932080078125,9.471461767578125,9.793899133297117
4.7525491171350405,-0.603338818359375,2.43250888671875,9.466673364257812,9.79280459313129
4.755036060681422,-0.6177040283203125,2.437297290039062,9.457096557617186,9.785634963901408
4.757523004227804,-0.622492431640625,2.442085693359375,9.442731347656249,9.773252000494534
4.7600099477741855,-0.63206923828125,2.461239306640625,9.433154541015625,9.769422451773593
4.762496891320567,-0.6368576416015624,2.480392919921875,9.409212524414063,9.751472556617042
4.764983834866948,-0.63206923828125,2.480392919921875,9.3852705078125,9.728060601373487
4.76747077841333,-0.6272808349609375,2.480392919921875,9.394847314453125,9.736990620566242
4.769957721959711,-0.612915625,2.4851813232421875,9.399635717773437,9.74191682368532
4.772444665506093,-0.59376201171875,2.499546533203125,9.404424121093749,9.74902452800371
4.774931609052474,-0.584185205078125,2.4947581298828125,9.409212524414063,9.751839355221097
4.7774185525988555,-0.565031591796875,2.499546533203125,9.414000927734374,9.756557130400044
4.779905496145237,-0.5506663818359374,2.5139117431640625,9.414000927734374,9.759426170830235
4.782392439691619,-0.5363011718749999,2.50912333984375,9.409212524414063,9.752773923919984
4.7848793832380005,-0.5267243652343749,2.4899697265625,9.404424121093749,9.742719376310662
4.787366326784381,-0.51714755859375,2.499546533203125,9.394847314453125,9.735416299824797
4.789853270330763,-0.49799394531249996,2.5139117431640625,9.404424121093749,9.74735570662095
4.792340213877145,-0.49320554199218747,2.5043349365234375,9.414000927734374,9.75388941132343
4.794827157423526,-0.488417138671875,2.518700146484375,9.409212524414063,9.752726903735145
4.797314100969908,-0.47884033203125,2.528276953125,9.423577734375,9.76858688506639
4.799801044516289,-0.4836287353515625,2.5378537597656248,9.447519750976562,9.794397781625296
4.8022879880626705,-0.4836287353515625,2.5426421630859375,9.442731347656249,9.791021459846265
4.804774931609052,-0.488417138671875,2.5474305664062498,9.437942944335937,9.787886432348394
4.807261875155434,-0.49799394531249996,2.5570073730468748,9.437942944335937,9.790865727601645
4.809748818701816,-0.5027823486328125,2.5713725830078125,9.423577734375,9.7810308437582
4.812235762248196,-0.507570751953125,2.5713725830078125,9.433154541015625,9.790505074998237
4.814722705794578,-0.5267243652343749,2.5617957763671875,9.452308154296874,9.80746478966565
4.81720964934096,-0.5458779785156249,2.5570073730468748,9.452308154296874,9.80726255980901
4.819696592887341,-0.5506663818359374,2.5617957763671875,9.452308154296874,9.808779766499207
4.822183536433723,-0.5746083984375,2.5617957763671875,9.457096557617186,9.814766819006069
4.824670479980104,-0.59376201171875,2.5713725830078125,9.442731347656249,9.804574727708212
4.827157423526486,-0.59376201171875,2.5857377929687497,9.433154541015625,9.799132505238967
4.829644367072867,-0.6081272216796875,2.5809493896484375,9.433154541015625,9.798751097173467
4.832131310619249,-0.6272808349609375,2.5713725830078125,9.423577734375,9.788220242840975
4.83461825416563,-0.6177040283203125,2.5713725830078125,9.399635717773437,9.764561785051574
4.837105197712011,-0.6081272216796875,2.5809493896484375,9.380482104492186,9.748054317779147
4.839592141258393,-0.603338818359375,2.5857377929687497,9.394847314453125,9.762848648095149
4.842079084804775,-0.6272808349609375,2.5905261962890624,9.423577734375,9.79326934865867
4.8445660283511565,-0.622492431640625,2.5905261962890624,9.437942944335937,9.806787946195747
4.847052971897537,-0.612915625,2.5857377929687497,9.442731347656249,9.80953010094602
4.849539915443919,-0.6177040283203125,2.5809493896484375,9.457096557617186,9.822399570299746
4.852026858990301,-0.612915625,2.5809493896484375,9.4618849609375,9.82671014782216
4.854513802536682,-0.5889736083984375,2.5761609863281247,9.457096557617186,9.819377304033276
4.857000746083064,-0.5698199951171875,2.5665841796874997,9.457096557617186,9.815738610942752
4.859487689629445,-0.5698199951171875,2.5570073730468748,9.437942944335937,9.79478170012951
4.8619746331758265,-0.5602431884765625,2.5522189697265625,9.428366137695312,9.783750923143236
4.864461576722208,-0.5410895751953124,2.5426421630859375,9.418789331054686,9.770946707493444
4.86694852026859,-0.5363011718749999,2.5378537597656248,9.414000927734374,9.764821253883488
4.8694354638149715,-0.5267243652343749,2.528276953125,9.414000927734374,9.761815219313375
4.871922407361352,-0.51714755859375,2.5234885498046875,9.404424121093749,9.750827098649877
4.874409350907734,-0.5027823486328125,2.5234885498046875,9.409212524414063,9.754694504733736
4.876896294454116,-0.5027823486328125,2.50912333984375,9.423577734375,9.764850605127231
4.879383238000497,-0.5123591552734374,2.5043349365234375,9.428366137695312,9.768740625317266
4.881870181546879,-0.507570751953125,2.5043349365234375,9.433154541015625,9.773112407887972
4.88435712509326,-0.5027823486328125,2.5043349365234375,9.428366137695312,9.7682430145256
4.8868440686396415,-0.5123591552734374,2.50912333984375,9.428366137695312,9.769969286798233
4.889331012186023,-0.5123591552734374,2.5139117431640625,9.433154541015625,9.775820617784186
4.891817955732405,-0.5027823486328125,2.5234885498046875,9.428366137695312,9.773171060486545
4.8943048992787865,-0.5123591552734374,2.528276953125,9.418789331054686,9.765668882287844
4.896791842825167,-0.51714755859375,2.5426421630859375,9.418789331054686,9.769650107841702
4.899278786371549,-0.51714755859375,2.5426421630859375,9.414000927734374,9.765033754895343
4.901765729917931,-0.5267243652343749,2.5330653564453125,9.414000927734374,9.763056494988577
4.904252673464312,-0.5363011718749999,2.5330653564453125,9.394847314453125,9.745111344097872
4.906739617010693,-0.5410895751953124,2.5378537597656248,9.380482104492186,9.732775767839293
4.909226560557075,-0.55545478515625,2.5426421630859375,9.390058911132812,9.744063092078171
4.9117135041034565,-0.5506663818359374,2.5330653564453125,9.399635717773437,9.750528457009388
4.914200447649838,-0.5506663818359374,2.5330653564453125,9.390058911132812,9.741296624097453
4.91668739119622,-0.5458779785156249,2.528276953125,9.399635717773437,9.749016296323106
4.919174334742601,-0.5506663818359374,2.5234885498046875,9.428366137695312,9.77575142643875
4.921661278288982,-0.55545478515625,2.528276953125,9.433154541015625,9.781877067554044
4.924148221835364,-0.55545478515625,2.528276953125,9.433154541015625,9.781877067554044
4.926635165381746,-0.5506663818359374,2.528276953125,9.433154541015625,9.78160633078591
4.929122108928127,-0.55545478515625,2.5330653564453125,9.433154541015625,9.783115797794693
4.931609052474508,-0.55545478515625,2.5330653564453125,9.437942944335937,9.787732992829183
4.93409599602089,-0.5506663818359374,2.5330653564453125,9.452308154296874,9.801315371310878
4.936582939567272,-0.5506663818359374,2.5330653564453125,9.471461767578125,9.819788265477104
4.939069883113653,-0.55545478515625,2.5330653564453125,9.471461767578125,9.820057949578024
4.941556826660035,-0.5602431884765625,2.5426421630859375,9.476250170898437,9.827421783010506
4.944043770206416,-0.565031591796875,2.5330653564453125,9.481038574218749,9.829840957287956
4.946530713752797,-0.5698199951171875,2.5330653564453125,9.4618849609375,9.811645220903271
4.949017657299179,-0.565031591796875,2.528276953125,9.452308154296874,9.8008966169029
4.951504600845561,-0.565031591796875,2.518700146484375,9.452308154296874,9.798430515721183
4.9539915443919424,-0.5602431884765625,2.518700146484375,9.457096557617186,9.802775023340565
4.956478487938323,-0.5698199951171875,2.518700146484375,9.4618849609375,9.807946383864005
4.958965431484705,-0.565031591796875,2.518700146484375,9.457096557617186,9.803049853373375
4.961452375031087,-0.55545478515625,2.5139117431640625,9.442731347656249,9.787413221826345
4.963939318577468,-0.55545478515625,2.5043349365234375,9.433154541015625,9.775716244210884
4.966426262123849,-0.55545478515625,2.5043349365234375,9.418789331054686,9.761855149275387
4.968913205670231,-0.5602431884765625,2.5043349365234375,9.404424121093749,9.74826953638112
4.971400149216612,-0.5602431884765625,2.5043349365234375,9.418789331054686,9.762128782561508
4.973887092762994,-0.5602431884765625,2.5043349365234375,9.442731347656249,9.785230769304126
4.976374036309376,-0.5602431884765625,2.5139117431640625,9.423577734375,9.769208872701045
4.978860979855757,-0.5506663818359374,2.5234885498046875,9.409212524414063,9.757279756913302
4.981347923402138,-0.5458779785156249,2.528276953125,9.423577734375,9.77210235491522
4.98383486694852,-0.5506663818359374,2.5330653564453125,9.423577734375,9.773610943756456
4.986321810494902,-0.5458779785156249,2.5474305664062498,9.428366137695312,9.781690717075897
4.988808754041283,-0.5410895751953124,2.5522189697265625,9.423577734375,9.778057931594873
4.991295697587664,-0.5410895751953124,2.5570073730468748,9.428366137695312,9.783923173279762
4.993782641134046,-0.5458779785156249,2.5665841796874997,9.433154541015625,9.7913094994252
4.9962695846804275,-0.5363011718749999,2.5665841796874997,9.437942944335937,9.795393831741384
4.998756528226809,-0.5410895751953124,2.5665841796874997,9.442731347656249,9.800270791351492
5.001243471773191,-0.5410895751953124,2.5665841796874997,9.447519750976562,9.804884584986171
5.003730415319572,-0.5458779785156249,2.5617957763671875,9.447519750976562,9.803897684713633
5.006217358865953,-0.5458779785156249,2.5570073730468748,9.457096557617186,9.811877739420687
5.008704302412335,-0.5458779785156249,2.5474305664062498,9.457096557617186,9.809386349725655
5.011191245958717,-0.5458779785156249,2.5378537597656248,9.452308154296874,9.802286157686481
5.013678189505098,-0.5458779785156249,2.5330653564453125,9.457096557617186,9.805665615731884
5.016165133051479,-0.5410895751953124,2.5330653564453125,9.442731347656249,9.791546013394333
5.018652076597861,-0.5458779785156249,2.5330653564453125,9.433154541015625,9.782576729171891
5.0211390201442425,-0.5410895751953124,2.528276953125,9.428366137695312,9.776453871753688
5.023625963690624,-0.5458779785156249,2.5234885498046875,9.437942944335937,9.784719937175726
5.026112907237006,-0.5506663818359374,2.5234885498046875,9.447519750976562,9.794225715704734
5.028599850783387,-0.5506663818359374,2.5234885498046875,9.452308154296874,9.798844695619318
5.031086794329768,-0.55545478515625,2.5234885498046875,9.457096557617186,9.803733971270496
5.03357373787615,-0.55545478515625,2.518700146484375,9.457096557617186,9.802502524679513
5.036060681422532,-0.5506663818359374,2.518700146484375,9.457096557617186,9.80223235758465
5.0385476249689125,-0.5458779785156249,2.5234885498046875,9.442731347656249,9.789338717831438
5.041034568515294,-0.5506663818359374,2.528276953125,9.414000927734374,9.763136344595981
5.043521512061676,-0.5602431884765625,2.5330653564453125,9.3852705078125,9.73722727654402
5.0460084556080576,-0.55545478515625,2.5330653564453125,9.370905297851563,9.723107333547176
5.048495399154439,-0.5506663818359374,2.528276953125,9.361328491210937,9.712357537495464
5.05098234270082,-0.55545478515625,2.518700146484375,9.366116894531249,9.71475816108034
5.053469286247202,-0.5506663818359374,2.50912333984375,9.375693701171874,9.721243016035906
5.055956229793583,-0.5506663818359374,2.50912333984375,9.3852705078125,9.730479736551946
5.058443173339965,-0.5458779785156249,2.5043349365234375,9.390058911132812,9.73359556362729
5.060930116886347,-0.5506663818359374,2.4947581298828125,9.390058911132812,9.731405753807893
5.0634170604327275,-0.5410895751953124,2.4899697265625,9.404424121093749,9.743506566785527
5.065904003979109,-0.5410895751953124,2.499546533203125,9.423577734375,9.764442027880603
5.068390947525491,-0.5410895751953124,2.499546533203125,9.452308154296874,9.792172396553278
5.070877891071873,-0.5458779785156249,2.499546533203125,9.471461767578125,9.810927767228245
5.073364834618254,-0.5363011718749999,2.5139117431640625,9.471461767578125,9.814069452274465
5.075851778164635,-0.5315127685546874,2.5330653564453125,9.471461767578125,9.818732807132204
5.078338721711017,-0.5267243652343749,2.5426421630859375,9.457096557617186,9.807096564556133
5.080825665257398,-0.5219359619140624,2.5426421630859375,9.437942944335937,9.788371332268815
5.08331260880378,-0.51714755859375,2.5570073730468748,9.433154541015625,9.787243375836695
5.085799552350162,-0.51714755859375,2.5713725830078125,9.437942944335937,9.79561971385906
5.088286495896543,-0.5219359619140624,2.5761609863281247,9.457096557617186,9.815584438835677
5.090773439442924,-0.5315127685546874,2.5857377929687497,9.4618849609375,9.823228225544737
5.093260382989306,-0.5315127685546874,2.5857377929687497,9.476250170898437,9.837065774842426
5.095747326535688,-0.5267243652343749,2.5857377929687497,9.476250170898437,9.83680821162897
5.098234270082068,-3.825934252929687,8.633491186523438,8.86812294921875,12.954479828151294
5.10072121362845,-2.346317626953125,7.982268334960937,9.02135185546875,12.272188210667258
5.103208157174832,-0.948103857421875,7.192181787109375,9.165003955078124,11.688613146130027
5.1056951007212135,0.3447650390625,6.306327172851562,9.299079248046874,11.241063126086507
5.108182044267595,1.5035586425781249,5.372588525390625,9.428366137695312,10.95534043657567
5.110668987813976,2.4947581298828125,4.414907861328125,9.557653027343749,10.819610018005566
5.113155931360358,3.318363500976562,3.4668040039062498,9.672574707031249,10.797637139171444
5.115642874906739,3.9647979492187497,2.5761609863281247,9.7683427734375,10.852499654226069
5.118129818453121,4.414907861328125,1.7573440185546874,9.835380419921874,10.923112076150707
5.120616761999503,4.673481640625,1.0390835205078124,9.878476049804688,10.9774958107218
5.1231037055458835,4.778826513671874,0.43574470214843747,9.916783276367187,11.01678931647781
5.125590649092265,4.721365673828124,-0.047884033203124995,9.907206469726562,10.974804177771471
5.128077592638647,4.515464331054687,-0.37828386230468747,9.878476049804688,10.868155587406362
5.1305645361850285,4.180276098632812,-0.5985504150390625,9.859322436523437,10.725633303795103
5.13305147973141,3.7205893798828122,-0.6943184814453125,9.840168823242188,10.542949585257478
5.135538423277791,3.1938650146484373,-0.6655880615234374,9.797073193359374,10.326007183586434
5.138025366824173,2.6096798095703124,-0.5219359619140624,9.739612353515625,10.096677406630969
5.140512310370554,1.9776105712890624,-0.2825157958984375,9.677363110351562,9.8814025075492
5.142999253916936,1.3359645263671873,0.01915361328125,9.6151138671875,9.70750136521209
5.145486197463318,0.6943184814453125,0.39264907226562495,9.548076220703125,9.581336595902686
5.1479731410096985,0.0718260498046875,0.8092401611328125,9.504980590820312,9.539637553476108
5.15046008455608,-0.51714755859375,1.24498486328125,9.466673364257812,9.562182464934835
5.152947028102462,-1.0486603271484374,1.6903063720703124,9.414000927734374,9.621862479820642
5.1554339716488435,-1.5131354492187499,2.1308394775390624,9.366116894531249,9.723898469685142
5.157920915195225,-1.9201497314453124,2.5426421630859375,9.34696328125,9.875106416728258
5.160407858741606,-2.2553379638671873,2.920926025390625,9.313444458007812,10.01791424646175
5.162894802287988,-2.50912333984375,3.2609026611328122,9.294290844726563,10.164301668402985
5.165381745834369,-2.6815058593749996,3.5434184570312497,9.299079248046874,10.306268136282318
5.167868689380751,-2.767697119140625,3.77326181640625,9.284714038085937,10.397286513676478
5.170355632927132,-2.786850732421875,3.921702319335937,9.284714038085937,10.457160267267366
5.1728425764735135,-2.7533319091796873,4.017470385742187,9.284714038085937,10.48459916598878
5.175329520019895,-2.6479870361328124,4.060566015625,9.279925634765624,10.469816211259694
5.177816463566277,-2.4851813232421875,4.055777612304687,9.284714038085937,10.432227615370255
5.180303407112659,-2.288856787109375,3.9743747558593747,9.3086560546875,10.3771671296351
5.182790350659039,-2.068590234375,3.864241479492187,9.337386474609374,10.314950990954715
5.185277294205421,-1.8148048583984373,3.725377783203125,9.361328491210937,10.237501034041836
5.187764237751803,-1.5418658691406248,3.5482068603515624,9.404424121093749,10.169086258444098
5.190251181298184,-1.2785036865234374,3.35188232421875,9.447519750976562,10.105707112169656
5.192738124844566,-1.005564697265625,3.1459809814453124,9.466673364257812,10.026278536004813
5.195225068390947,-0.737414111328125,2.935291235351562,9.466673364257812,9.938693012336474
5.197712011937329,-0.49799394531249996,2.729389892578125,9.452308154296874,9.851075910734965
5.20019895548371,-0.27293898925781246,2.5474305664062498,9.437942944335937,9.779502298330852
5.202685899030092,-0.08140285644531249,2.379836450195312,9.433154541015625,9.729062264648089
5.205172842576474,0.076614453125,2.2170307373046874,9.437942944335937,9.695146315818132
5.207659786122854,0.2059013427734375,2.0877438476562498,9.433154541015625,9.663616007016532
5.210146729669236,0.3064578125,1.9823989746093749,9.428366137695312,9.639393658929704
5.212633673215618,0.3687070556640625,1.9009961181640624,9.437942944335937,9.634547117260457
5.2151206167619995,0.39743747558593745,1.8626888916015625,9.447519750976562,9.637592847749287
5.217607560308381,0.40222587890625,1.8435352783203125,9.457096557617186,9.643499534928608
5.220094503854762,0.38307226562499996,1.838746875,9.457096557617186,9.641805314934967
5.222581447401144,0.33039982910156246,1.867477294921875,9.452308154296874,9.640682804547936
5.225068390947525,0.24899697265624998,1.915361328125,9.433154541015625,9.62886354168302
5.227555334493907,0.16759411621093748,1.9632453613281249,9.418789331054686,9.622682193617043
5.230042278040288,0.0718260498046875,2.0302830078125,9.418789331054686,9.635393117877044
5.232529221586669,-0.0430956298828125,2.1260510742187497,9.423577734375,9.660526265132244
5.235016165133051,-0.16280571289062498,2.212242333984375,9.447519750976562,9.7044397720587
5.237503108679433,-0.277727392578125,2.29843359375,9.447519750976562,9.727052941901727
5.2399900522258145,-0.39264907226562495,2.389413256835937,9.423577734375,9.729711523046438
5.242476995772195,-0.49799394531249996,2.480392919921875,9.423577734375,9.757262132513134
5.244963939318577,-0.59376201171875,2.5713725830078125,9.433154541015625,9.795351697712965
5.247450882864959,-0.6751648681640625,2.6479870361328124,9.418789331054686,9.807205280074442
5.24993782641134,-0.7517793212890624,2.710236279296875,9.394847314453125,9.806819509883004
5.252424769957722,-0.82360537109375,2.7533319091796873,9.409212524414063,9.838315035563356
5.254911713504103,-0.8762778076171874,2.8012159423828122,9.433154541015625,9.879224572134481
5.2573986570504845,-0.9097966308593749,2.825157958984375,9.442731347656249,9.898203003916713
5.259885600596866,-0.928950244140625,2.8203695556640622,9.452308154296874,9.90775264277388
5.262372544143248,-0.93852705078125,2.8203695556640622,9.442731347656249,9.899519824697299
5.2648594876896295,-0.93852705078125,2.81558115234375,9.428366137695312,9.884453362575044
5.26734643123601,-0.9193734375,2.806004345703125,9.423577734375,9.875359498342004
5.269833374782392,-0.9050082275390624,2.7820623291015623,9.418789331054686,9.862682351049788
5.272320318328774,-0.8762778076171874,2.73896669921875,9.414000927734374,9.843435113969884
5.274807261875155,-0.842758984375,2.6958710693359373,9.433154541015625,9.846947147360495
5.277294205421537,-0.7996633544921875,2.6623522460937497,9.452308154296874,9.852599170096452
5.279781148967918,-0.7517793212890624,2.6288334228515624,9.447519750976562,9.83522072747285
5.2822680925142995,-0.6943184814453125,2.5905261962890624,9.447519750976562,9.820821430635457
5.284755036060681,-0.6512228515624999,2.5474305664062498,9.447519750976562,9.80658570238135
5.287241979607063,-0.6081272216796875,2.5234885498046875,9.433154541015625,9.783773186936978
5.289728923153444,-0.565031591796875,2.4899697265625,9.428366137695312,9.767973073538124
5.292215866699825,-0.5267243652343749,2.4564509033203126,9.414000927734374,9.743459501878087
5.294702810246207,-0.49320554199218747,2.446874096679687,9.414000927734374,9.73929453395047
5.297189753792589,-0.45968671875,2.446874096679687,9.428366137695312,9.751543095881635
5.29967669733897,-0.430956298828125,2.442085693359375,9.437942944335937,9.758292518968195
5.302163640885351,-0.4070142822265625,2.442085693359375,9.428366137695312,9.748001394444225
5.304650584431733,-0.39743747558593745,2.437297290039062,9.423577734375,9.741775605239535
5.3071375279781146,-0.40222587890625,2.437297290039062,9.414000927734374,9.732708626332
5.309624471524496,-0.39743747558593745,2.446874096679687,9.404424121093749,9.72565383104972
5.312111415070878,-0.39743747558593745,2.461239306640625,9.409212524414063,9.733906502588948
5.314598358617259,-0.39743747558593745,2.461239306640625,9.404424121093749,9.7292779033679
5.31708530216364,-0.4070142822265625,2.47081611328125,9.409212524414063,9.736728055213266
5.319572245710022,-0.411802685546875,2.4947581298828125,9.418789331054686,9.752281376233439
5.322059189256404,-0.4261678955078125,2.5043349365234375,9.428366137695312,9.764599355626068
5.324546132802785,-0.45489831542968745,2.50912333984375,9.457096557617186,9.794861291106896
5.327033076349166,-0.4836287353515625,2.5234885498046875,9.4618849609375,9.804547833973189
5.329520019895548,-0.5027823486328125,2.5426421630859375,9.447519750976562,9.796603937318856
5.33200696344193,-0.51714755859375,2.5474305664062498,9.433154541015625,9.784745713747704
5.334493906988311,-0.5410895751953124,2.5474305664062498,9.423577734375,9.776809179627788
5.336980850534693,-0.5506663818359374,2.5522189697265625,9.423577734375,9.77859255973602
5.339467794081074,-0.5602431884765625,2.5570073730468748,9.414000927734374,9.771160248580212
5.341954737627455,-0.584185205078125,2.5570073730468748,9.409212524414063,9.767949600056232
5.344441681173837,-0.603338818359375,2.5522189697265625,9.414000927734374,9.772474244865272
5.346928624720219,-0.6177040283203125,2.5522189697265625,9.409212524414063,9.768759402586682
5.3494155682666005,-0.6177040283203125,2.5570073730468748,9.404424121093749,9.76540004412667
5.351902511812981,-0.612915625,2.5474305664062498,9.414000927734374,9.771820788441305
5.354389455359363,-0.622492431640625,2.5330653564453125,9.433154541015625,9.787150837815721
5.356876398905745,-0.612915625,2.5330653564453125,9.447519750976562,9.800393620078982
5.359363342452126,-0.6081272216796875,2.5330653564453125,9.457096557617186,9.809327913667996
5.361850285998507,-0.6081272216796875,2.518700146484375,9.457096557617186,9.805628202504066
5.364337229544889,-0.612915625,2.5139117431640625,9.447519750976562,9.795460543582397
5.3668241730912705,-0.6081272216796875,2.518700146484375,9.447519750976562,9.796392121119924
5.369311116637652,-0.5889736083984375,2.5139117431640625,9.452308154296874,9.798610697828302
5.371798060184034,-0.5889736083984375,2.5234885498046875,9.457096557617186,9.805690168085063
5.374285003730415,-0.5793968017578125,2.528276953125,9.452308154296874,9.801735277458649
5.376771947276796,-0.565031591796875,2.5234885498046875,9.437942944335937,9.785807180874983
5.379258890823178,-0.5602431884765625,2.528276953125,9.423577734375,9.772915332578386
5.38174583436956,-0.5506663818359374,2.5330653564453125,9.428366137695312,9.778227937133973
5.384232777915941,-0.5410895751953124,2.5378537597656248,9.437942944335937,9.788168707929081
5.386719721462322,-0.5410895751953124,2.5426421630859375,9.433154541015625,9.784794923378369
5.389206665008704,-0.5410895751953124,2.5378537597656248,9.433154541015625,9.783551718523558
5.3916936085550855,-0.5363011718749999,2.5474305664062498,9.433154541015625,9.78577672095062
5.394180552101467,-0.5267243652343749,2.5570073730468748,9.418789331054686,9.77391005307176
5.396667495647849,-0.5219359619140624,2.5617957763671875,9.414000927734374,9.770293148904774
5.39915443919423,-0.51714755859375,2.5617957763671875,9.414000927734374,9.770038519092742
5.401641382740611,-0.5219359619140624,2.5665841796874997,9.414000927734374,9.771549773047516
5.404128326286993,-0.5219359619140624,2.5665841796874997,9.414000927734374,9.771549773047516
5.406615269833375,-0.51714755859375,2.5713725830078125,9.414000927734374,9.772554017522102
5.409102213379756,-0.5219359619140624,2.5761609863281247,9.418789331054686,9.778681661584441
5.411589156926137,-0.5267243652343749,2.5761609863281247,9.409212524414063,9.769714648545325
5.414076100472519,-0.5219359619140624,2.5761609863281247,9.414000927734374,9.774069574297183
5.4165630440189005,-0.51714755859375,2.5761609863281247,9.433154541015625,9.79226488711995
5.419049987565282,-0.5363011718749999,2.5665841796874997,9.433154541015625,9.790780249452052
5.421536931111663,-0.5458779785156249,2.5617957763671875,9.433154541015625,9.790055411586023
5.424023874658045,-0.5410895751953124,2.5522189697265625,9.423577734375,9.778057931594873
5.426510818204426,-0.5506663818359374,2.5426421630859375,9.418789331054686,9.771481724711775
5.428997761750808,-0.5506663818359374,2.518700146484375,9.409212524414063,9.756042446687855
5.43148470529719,-0.5410895751953124,2.518700146484375,9.390058911132812,9.737034184536386
5.4339716488435705,-0.5410895751953124,2.5139117431640625,9.390058911132812,9.735796656429711
5.436458592389952,-0.5506663818359374,2.50912333984375,9.418789331054686,9.762813419369568
5.438945535936334,-0.5506663818359374,2.50912333984375,9.433154541015625,9.776673155696505
5.441432479482716,-0.5458779785156249,2.50912333984375,9.442731347656249,9.785645507884851
5.443919423029097,-0.5410895751953124,2.5043349365234375,9.452308154296874,9.793395777076716
5.446406366575478,-0.5410895751953124,2.5043349365234375,9.447519750976562,9.788774226008542
5.44889331012186,-0.5363011718749999,2.5139117431640625,9.452308154296874,9.795585773355254
5.451380253668241,-0.5315127685546874,2.50912333984375,9.442731347656249,9.784854677597176
5.453867197214623,-0.5315127685546874,2.5043349365234375,9.428366137695312,9.769763933886434
5.456354140761005,-0.5363011718749999,2.5139117431640625,9.418789331054686,9.763245549619361
5.458841084307386,-0.5363011718749999,2.5234885498046875,9.428366137695312,9.774952758678145
5.461328027853767,-0.5315127685546874,2.528276953125,9.433154541015625,9.780546752074928
5.463814971400149,-0.5315127685546874,2.5330653564453125,9.433154541015625,9.781785650781957
5.466301914946531,-0.5315127685546874,2.5330653564453125,9.433154541015625,9.781785650781957
5.468788858492912,-0.5219359619140624,2.528276953125,9.437942944335937,9.784649637088837
5.471275802039293,-0.5219359619140624,2.528276953125,9.437942944335937,9.784649637088837
5.473762745585675,-0.5267243652343749,2.528276953125,9.428366137695312,9.775669334376762
5.4762496891320565,-0.5315127685546874,2.528276953125,9.423577734375,9.771310428527382
5.478736632678438,-0.5219359619140624,2.528276953125,9.423577734375,9.770794175288437
5.48122357622482,-0.5219359619140624,2.528276953125,9.433154541015625,9.780030986388843
5.483710519771201,-0.5267243652343749,2.528276953125,9.447519750976562,9.794143778489616
5.486197463317582,-0.5267243652343749,2.5234885498046875,9.433154541015625,9.779050956642502
5.488684406863964,-0.5315127685546874,2.5234885498046875,9.423577734375,9.770072548345805
5.491171350410346,-0.5410895751953124,2.5330653564453125,9.414000927734374,9.763842045823566
5.4936582939567264,-0.5458779785156249,2.5426421630859375,9.418789331054686,9.771213046480986
5.496145237503108,-0.5410895751953124,2.5426421630859375,9.414000927734374,9.76633096742431
5.49863218104949,-0.5363011718749999,2.5378537597656248,9.418789331054686,9.769437707242961
5.5011191245958715,-0.5506663818359374,2.5378537597656248,9.437942944335937,9.788702783851459
5.503606068142253,-0.5506663818359374,2.5426421630859375,9.433154541015625,9.785329183439377
5.506093011688634,-0.5506663818359374,2.5474305664062498,9.433154541015625,9.786574505383836
5.508579955235016,-0.55545478515625,2.5474305664062498,9.428366137695312,9.782229834524102
5.511066898781397,-0.55545478515625,2.5378537597656248,9.414000927734374,9.765891930166601
5.513553842327779,-0.5602431884765625,2.5378537597656248,9.414000927734374,9.766165450348185
5.516040785874161,-0.5506663818359374,2.5330653564453125,9.428366137695312,9.778227937133973
5.5185277294205415,-0.5506663818359374,2.5234885498046875,9.428366137695312,9.77575142643875
5.521014672966923,-0.565031591796875,2.5234885498046875,9.433154541015625,9.78118907676401
5.523501616513305,-0.5746083984375,2.5234885498046875,9.442731347656249,9.790982819745945
5.5259885600596865,-0.565031591796875,2.528276953125,9.437942944335937,9.787043070916365
5.528475503606068,-0.565031591796875,2.5330653564453125,9.437942944335937,9.788281147387034
5.530962447152449,-0.5793968017578125,2.5330653564453125,9.452308154296874,9.802971498362004
5.533449390698831,-0.5793968017578125,2.5378537597656248,9.457096557617186,9.808826517985652
5.535936334245212,-0.5746083984375,2.528276953125,9.457096557617186,9.806071306254752
5.538423277791594,-0.5698199951171875,2.518700146484375,9.466673364257812,9.812565915207097
5.540910221337976,-0.5698199951171875,2.518700146484375,9.476250170898437,9.821805463161466
5.5433971648843565,-0.565031591796875,2.5378537597656248,9.4618849609375,9.812605638651757
5.545884108430738,-0.565031591796875,2.5426421630859375,9.4618849609375,9.813845162995293
5.54837105197712,-0.5698199951171875,2.5378537597656248,9.466673364257812,9.817499738647319
5.550857995523502,-0.55545478515625,2.5378537597656248,9.457096557617186,9.807441410704646
5.553344939069882,-0.55545478515625,2.5378537597656248,9.457096557617186,9.807441410704646
5.555831882616264,-0.565031591796875,2.528276953125,9.447519750976562,9.796278604476488
5.558318826162646,-0.5506663818359374,2.528276953125,9.423577734375,9.772371008695668
5.560805769709027,-0.5363011718749999,2.5378537597656248,9.409212524414063,9.760204966213644
5.563292713255409,-0.5410895751953124,2.528276953125,9.409212524414063,9.757983531943397
5.56577965680179,-0.5458779785156249,2.528276953125,9.423577734375,9.77210235491522
5.568266600348172,-0.5363011718749999,2.5330653564453125,9.428366137695312,9.777429471666748
5.570753543894553,-0.5219359619140624,2.5234885498046875,9.414000927734374,9.760318902408782
5.573240487440935,-0.5267243652343749,2.50912333984375,9.409212524414063,9.75225198716023
5.575727430987317,-0.5267243652343749,2.5139117431640625,9.409212524414063,9.753485076573408
5.578214374533697,-0.5219359619140624,2.5139117431640625,9.404424121093749,9.748608231443464
5.580701318080079,-0.5267243652343749,2.50912333984375,9.399635717773437,9.743012373918159
5.583188261626461,-0.5267243652343749,2.5139117431640625,9.399635717773437,9.744246632561795
5.585675205172842,-0.5219359619140624,2.5234885498046875,9.409212524414063,9.755700484277128
5.588162148719224,-0.5267243652343749,2.5234885498046875,9.414000927734374,9.760576134906719
5.590649092265605,-0.5267243652343749,2.5330653564453125,9.414000927734374,9.763056494988577
5.593136035811987,-0.5219359619140624,2.5330653564453125,9.423577734375,9.772034310427427
5.595622979358368,-0.5219359619140624,2.5234885498046875,9.437942944335937,9.783413444696846
5.59810992290475,-0.5267243652343749,2.518700146484375,9.428366137695312,9.773196867518406
5.600596866451132,-0.5315127685546874,2.5330653564453125,9.414000927734374,9.763316003824917
5.603083809997512,-0.5315127685546874,2.5330653564453125,9.428366137695312,9.77716799229714
5.605570753543894,-0.5363011718749999,2.5139117431640625,9.433154541015625,9.77710467337117
5.608057697090276,-0.5363011718749999,2.5234885498046875,9.428366137695312,9.774952758678145
5.6105446406366575,-0.5410895751953124,2.5234885498046875,9.433154541015625,9.779835222746042
5.613031584183039,-0.5458779785156249,2.5139117431640625,9.452308154296874,9.796114763702683
5.61551852772942,-0.5458779785156249,2.5139117431640625,9.447519750976562,9.791494495986745
5.618005471275802,-0.5602431884765625,2.5234885498046875,9.457096557617186,9.804006435703956
5.620492414822183,-0.565031591796875,2.5234885498046875,9.457096557617186,9.804281231218264
5.622979358368565,-0.55545478515625,2.5234885498046875,9.437942944335937,9.785258887729483
5.625466301914946,-0.565031591796875,2.5330653564453125,9.433154541015625,9.783664211042591
5.6279532454613275,-0.565031591796875,2.528276953125,9.428366137695312,9.777808193959991
5.630440189007709,-0.565031591796875,2.5330653564453125,9.418789331054686,9.769814392430467
5.632927132554091,-0.565031591796875,2.5426421630859375,9.423577734375,9.776917059331081
5.6354140761004725,-0.5602431884765625,2.5330653564453125,9.423577734375,9.77415519858704
5.637901019646853,-0.55545478515625,2.5378537597656248,9.433154541015625,9.784356714623257
5.640387963193235,-0.55545478515625,2.5426421630859375,9.457096557617186,9.808681587652346
5.642874906739617,-0.5602431884765625,2.528276953125,9.457096557617186,9.805240031841763
5.645361850285998,-0.565031591796875,2.5426421630859375,9.428366137695312,9.781532492184978
5.64784879383238,-0.565031591796875,2.5474305664062498,9.423577734375,9.778163452622259
5.650335737378761,-0.565031591796875,2.5617957763671875,9.414000927734374,9.772690098786768
5.6528226809251425,-0.5506663818359374,2.5617957763671875,9.404424121093749,9.762644319717223
5.655309624471524,-0.5506663818359374,2.5617957763671875,9.394847314453125,9.75341925305091
5.657796568017906,-0.5458779785156249,2.5665841796874997,9.399635717773437,9.759020890729388
5.6602835115642876,-0.5363011718749999,2.5665841796874997,9.404424121093749,9.763102291166808
5.662770455110668,-0.5363011718749999,2.5761609863281247,9.409212524414063,9.7702356524305
5.66525739865705,-0.5363011718749999,2.5761609863281247,9.423577734375,9.784070813840314
5.667744342203432,-0.5315127685546874,2.5665841796874997,9.428366137695312,9.785905589213419
5.670231285749813,-0.5315127685546874,2.5713725830078125,9.428366137695312,9.787162551537628
5.672718229296195,-0.5267243652343749,2.5617957763671875,9.423577734375,9.77977778237075
5.675205172842576,-0.5219359619140624,2.5474305664062498,9.423577734375,9.775767844768424
5.6776921163889575,-0.5315127685546874,2.5522189697265625,9.437942944335937,9.79137858082861
5.680179059935339,-0.5315127685546874,2.5570073730468748,9.437942944335937,9.79262781634701
5.682666003481721,-0.5267243652343749,2.5474305664062498,9.447519750976562,9.799105596567713
5.685152947028102,-0.5267243652343749,2.5474305664062498,9.457096557617186,9.80833912279175
