Time (s),Acceleration x (m/s^2),Acceleration y (m/s^2),Acceleration z (m/s^2),Absolute acceleration (m/s^2)
0.0,0.37870997098514114,0.48466209746932026,-0.21948071323329899,0.6530623050891278
0.002486943546381497,0.08858744478524705,0.3710303727634812,-5.226303113743974,5.24020567436208
0.004973887092762994,-0.12492036297237963,0.4441465580054654,-10.419872664494115,10.430082339384715
0.007460830639144491,-0.24265981348981014,0.7087991315544842,-15.484155111110116,15.502268850039107
0.009947774185525988,-0.2502656712968998,1.1314693451998319,-20.11269300585793,20.14604863821298
0.012434717731907486,-0.18125673413467913,1.6594848374404814,-24.046912934197742,24.104787192469686
0.014921661278288981,-0.030844573190298652,2.240173246764683,-27.080913918096243,27.173428679549335
0.01740860482467048,0.19139403037897273,2.820862211648319,-29.056679012698275,29.193911874549297
0.019895548371051976,0.4375750688436152,3.3536677738735627,-29.91195933952192,30.10255588828969
0.022382491917433474,0.6981217610262944,3.8050711851678582,-29.689850893091073,29.940828090942876
0.02486943546381497,0.9682457290591091,4.12240008396009,-28.45739168448207,28.770728592235972
0.02735637901019647,1.2048513685002165,4.281712528582056,-26.31992695127664,26.69313177051602
0.029843322556577963,1.4031503014582674,4.2973738039074485,-23.48335840071789,23.91452224393287
0.032330266102959464,1.5535657467090316,4.174172388147087,-20.139222530014806,20.625847031546925
0.03481720964934096,1.6369441163745206,3.921685162808221,-16.512574659537364,17.050639942334094
0.03730415319572246,1.6628622424849264,3.568642622653807,-12.852412126167854,13.441905313852272
0.03979109674210395,1.6361085537358724,3.1341984557790132,-9.37421344344921,10.018778809972758
0.04227804028848545,1.5423178655269179,2.6853903834533206,-6.274303511537852,6.996924357513328
0.04476498383486695,1.3958554131641194,2.2461604970329474,-3.734642020515981,4.576155628286101
0.04725192738124844,1.235028448539161,1.845239291162346,-1.8605742072195852,2.8968844800787537
0.04973887092762994,1.0502601903241058,1.5257224704131855,-0.743080098394465,1.9957563871207498
0.05222581447401144,0.8607042770958424,1.3163405293608517,-0.4013136708445444,1.6231503024229788
0.05471275802039294,0.6807259440933365,1.2218819459421846,-0.78739125474414,1.6051069399976985
0.05719970156677443,0.5342672331780138,1.2327699880944825,-1.8534291801144107,2.2891839257022877
0.059686645113155926,0.4261165729113301,1.3394279237148063,-3.4845061303309777,3.757316258827678
0.062173588659537427,0.3562739885151527,1.5562210372599203,-5.541758771998843,5.767134935020072
0.06466053220591893,0.3247395051915216,1.8352653699790447,-7.876746964905346,8.094244712981064
0.06714747575230041,0.3363015514424068,2.152618979677855,-10.364972585254415,10.591483555113868
0.06963441929868192,0.39096015242853355,2.489128327435627,-12.824476669213398,13.06965231023489
0.07212136284506342,0.4647733166875798,2.80648626100204,-15.068511849428472,15.334680587656994
0.07460830639144492,0.567317875977375,3.0711740313971396,-16.996522018102716,17.28107983360363
0.0770952499378264,0.7033822587128508,3.278403309511282,-18.493585857261643,18.795089590677517
0.0795821934842079,0.8250824567623714,3.409020556220718,-19.49266608190938,19.805711630588103
0.0820691370305894,0.9372068984940568,3.434295425706291,-19.96503263338015,20.279922827603322
0.0845560805769709,1.0541208188924276,3.3829584119362184,-19.915474276010123,20.22824001133399
0.0870430241233524,1.137517016393797,3.255009588898859,-19.3679333871686,19.672464921209265
0.0895299676697339,1.1778187093310404,3.060025837163616,-18.370294360570487,18.66061976275619
0.0920169112161154,1.203756342573678,2.8123724405590234,-17.027902429510608,17.300518177951652
0.09450385476249688,1.2009647310820195,2.5455682961321253,-15.446102827012353,15.700456260192407
0.09699079830887838,1.1742323030706894,2.269190284264018,-13.696721962577342,13.932991012985024
0.09947774185525989,1.1235590834065223,2.0263341085120516,-11.904258681943515,12.127645678360338
0.10196468540164137,1.0489450969283383,1.8313650524441754,-10.22194225047569,10.437542198417397
0.10445162894802287,0.9695439817276555,1.6699179796373573,-8.707233866829675,8.918775880292435
0.10693857249440437,0.8853557625856572,1.5898769967619457,-7.42717153599142,7.646858225194028
0.10942551604078588,0.8059572708945302,1.5816653705722814,-6.472735279230211,6.711746006961728
0.11191245958716736,0.7409253380163093,1.6213411577879422,-5.872655874325332,6.137247308419269
0.11439940313354886,0.6854715853214062,1.7184812382953012,-5.636510485441146,5.932394079386835
0.11688634667993036,0.6300192308287084,1.8682972819428325,-5.749934259799142,6.078585604969373
0.11937329022631185,0.5937219124472329,2.037270538578624,-6.184197134310857,6.538139731812027
0.12186023377269335,0.5813680580927904,2.2206126778925634,-6.8914154322499215,7.26365721548313
0.12434717731907485,0.592957692328083,2.394381756211666,-7.838070686486578,8.217056340669114
0.12683412086545634,0.6237024363621779,2.53942423310008,-8.928395186355068,9.303435965733756
0.12932106441183785,0.654448701409364,2.6653169879591188,-10.066621220810145,10.434034720679485
0.13180800795821934,0.6995617218917476,2.748118076861638,-11.209653514942778,11.562779574660187
0.13429495150460083,0.7446763122746776,2.778250765753639,-12.285666373527375,12.61787693588327
0.13678189505098234,0.7993693035896627,2.755715127132416,-13.19410368101423,13.502493439760714
0.13926883859736383,0.8396987035900996,2.6900880400450307,-13.906235371248432,14.188905869606904
0.14175578214374532,0.8656645365945141,2.6005231900867787,-14.412484990939063,14.670781150509344
0.14424272569012683,0.8964204401657291,2.4774438428371783,-14.664968859807836,14.899751986496026
0.14672966923650832,0.9128128252666046,2.349580490342823,-14.668475733667595,14.883478628457995
0.14921661278288983,0.9148417161032766,2.20735639799087,-14.43258277121171,14.62903971835305
0.15170355632927132,0.90729554016371,2.0603484443512814,-13.98602074396759,14.166050866774178
0.1541904998756528,0.8853859182562541,1.9468639278159472,-13.352732019687679,13.522930147245086
0.15667744342203432,0.849112874470073,1.86211451679249,-12.585389385584236,12.75070543672061
0.1591643869684158,0.8080532394949567,1.7917350729449735,-11.741454031720444,11.904831262495225
0.1616513305147973,0.7574186340192515,1.7644560877158293,-10.868810341041996,11.037120389946757
0.1641382740611788,0.7115742919715506,1.7898544391603228,-10.024919502651116,10.208277421828397
0.1666252176075603,0.6753086405983189,1.8391997786638141,-9.248089091877313,9.453351227855862
0.1691121611539418,0.6390448971430805,1.907703774104348,-8.586203490191972,8.818764224384354
0.1715991047003233,0.6123598920881129,2.004943303210551,-8.082358675240103,8.349808623061726
0.1740860482467048,0.5856768425914517,2.102188017036731,-7.741343397590924,8.043047272169007
0.1765729917930863,0.5685725790488997,2.1898611798051673,-7.57273481061344,7.903485261347716
0.1790599353394678,0.5706239318122847,2.287116475545253,-7.590898470469201,7.948474887249698
0.18154687888584928,0.5822541179077235,2.3700119582874053,-7.762315899581708,8.136923538115912
0.1840338224322308,0.598674757636693,2.40981727862406,-8.053468619832326,8.427573054706226
0.18652076597861228,0.6150974712552373,2.4304745235520167,-8.449991765834453,8.81407466223483
0.18900770952499377,0.6363106856141073,2.427195360025673,-8.937520471645072,9.283072809443627
0.19149465307137528,0.6575260208770306,2.3904030515571555,-9.477747854156174,9.796635728860501
0.19398159661775677,0.6691666938405435,2.3440396847773957,-10.00842501308758,10.301013413764391
0.19646854016413826,0.6999631478163262,2.2833169262706376,-10.515187080784658,10.782979362773329
0.19895548371051977,0.735550196185415,2.1986580391745894,-10.959727172406566,11.20226543864777
0.20144242725690126,0.7424090389992921,2.094851496460262,-11.308526805841149,11.524858024801757
0.20392937080328274,0.7396933127841003,2.0149929975321124,-11.537644305018288,11.735611576999382
0.20641631434966426,0.7417682506964212,1.9303521918594697,-11.64708000986386,11.829241416021917
0.20890325789604575,0.7390570692415626,1.8505059553423169,-11.660776276292808,11.829804774725002
0.21139020144242726,0.7315597915152761,1.8089731803489655,-11.545214619756951,11.708951460828308
0.21387714498880875,0.7240648438829805,1.7866003225896665,-11.30997218496466,11.473085087956903
0.21636408853519024,0.7117838460183648,1.7690222409589857,-11.002933342553678,11.16694309438083
0.21885103208157175,0.6947168208638635,1.7801810207766127,-10.633675235959304,10.804014298018057
0.22133797562795324,0.6680753879895784,1.8200767306219294,-10.230928621251378,10.413016108819262
0.22382491917433472,0.651013183514691,1.8551906156920268,-9.785117027283693,9.980684626983209
0.22631186272071624,0.6339534235835766,1.89509955092534,-9.353701628734159,9.564780886699642
0.22879880626709773,0.6264729375684756,1.9445920077971768,-8.960624776371512,9.19057684812098
0.2312857498134792,0.6142065381862314,1.9893028443574305,-8.62025201365019,8.868106915061377
0.23377269335986073,0.6019426513806552,2.034020531791742,-8.346948883344254,8.6122662604255
0.23625963690624222,0.6040465096814562,2.0739567344982883,-8.15029252422049,8.43169241331736
0.2387465804526237,0.606152925641299,2.075592696805205,-8.030283267711457,8.316306618444344
0.24123352399900522,0.6082619217181734,2.0676589060552018,-7.996498251190154,8.281858499062205
0.2437204675453867,0.6151619236343318,2.0549438328386183,-8.044149401361917,8.325236209252099
0.24620741109176822,0.6268529537352274,2.0230823343124253,-8.15887183757817,8.42929394546422
0.2486943546381497,0.6385466309890775,1.986439687402048,-8.32630067847055,8.583761845480838
0.2511812981845312,0.6502429776270584,1.940227555596939,-8.541647848585091,8.78333916381972
0.2536682417309127,0.6571536125022495,1.8892344088711606,-8.785760061774184,9.010584741577754
0.2561551852772942,0.6592785577298309,1.847825523682098,-9.01554201454953,9.226543513080136
0.2586421288236757,0.661406238686656,1.811212563047305,-9.230994032560146,9.43022799248645
0.26112907237005717,0.6491714674092656,1.774607189824478,-9.42732803738288,9.614841038555987
0.2636160159164387,0.6513046857575292,1.738009470030501,-9.571025529914484,9.749328407940736
0.2661029594628202,0.6438638990079772,1.7205730828011183,-9.662086833529449,9.835184514403815
0.26858990300920166,0.64121433893932,1.7175096905068692,-9.705300674151804,9.876935584539257
0.2710768465555832,0.6337792206679709,1.7192425520330876,-9.69587897028796,9.867499179617097
0.2735637901019647,0.6263469692101331,1.7401369427005333,-9.643398849622061,9.819140923628806
0.27605073364834615,0.6237060095204535,1.765827717740719,-9.528707019126978,9.710994499607807
0.27853767719472766,0.6067027498900524,1.7819497322165507,-9.370957411542555,9.55815232583239
0.2810246207411092,0.5944908251101795,1.8076566642632956,-9.170150345525718,9.365505822780802
0.28351156428749064,0.5918586599483733,1.8333717719233023,-8.94543975220688,9.150543212717164
0.28599850783387215,0.5796526625074363,1.8495183130666586,-8.720767965222974,8.933560829970329
0.28848545138025367,0.5770264673890956,1.8656731586712434,-8.4913468974692,8.713017158953244
0.2909723949266352,0.579191692529547,1.8770479695793358,-8.285907284257098,8.515575824341065
0.29345933847301664,0.5909367624412459,1.874066003137052,-8.099661036824225,8.334616880983019
0.29594628201939815,0.5931080849703312,1.8567273231540926,-7.942185275531335,8.17786772354939
0.29843322556577967,0.5904940844993595,1.834608799902572,-7.837422329856459,8.070914538578718
0.30092016911216113,0.6022483953062934,1.7981336901939633,-7.761430495224973,7.9897303602604595
0.30340711265854264,0.6092174250406818,1.7664556705810635,-7.718998486128745,7.941942403213401
0.30589405620492416,0.6257664045279608,1.7443632074740187,-7.719703419518774,7.939030638431543
0.3083809997513056,0.6231649346440787,1.7079143471782388,-7.753968798197867,7.964253767710651
0.31086794329768713,0.6205666494010528,1.6762627656979334,-7.812218124096134,8.014094574215497
0.31335488684406865,0.6275483761028451,1.6398317189302942,-7.880086494944944,8.073328198368557
0.3158418303904501,0.6297449253840548,1.6034096725471692,-7.962362620872822,8.146577180346203
0.3183287739368316,0.6271563177720467,1.5861503019939385,-8.059046807798254,8.237562338320728
0.32081571748321314,0.624570977045958,1.564111652644649,-8.160562554103693,8.332545551435427
0.3233026610295946,0.6219889235957086,1.551658996246215,-8.247756550630013,8.415462196467159
0.3257896045759761,0.6146217744216389,1.553580797714186,-8.311052293952212,8.477320535017405
0.3282765481223576,0.6024695497747735,1.5507235051707144,-8.360026893014474,8.523952287514284
0.3307634916687391,0.6046858831174016,1.5622407931075273,-8.356373422640354,8.522629763840547
0.3332504352151206,0.611693987919596,1.5833443192207786,-8.3288226032148,8.500025571954913
0.3357373787615021,0.5995518676197984,1.585303724409974,-8.27737473427249,8.449117281241106
0.3382243223078836,0.5922015587885318,1.5872726825815868,-8.182876501133086,8.35641101717103
0.3407112658542651,0.5896430813233638,1.5892512541636226,-8.088423831341142,8.264139313178383
0.3431982094006466,0.587088051729813,1.5864510960654994,-7.9940170216139474,8.171034671481015
0.34568515294702806,0.5797480864413165,1.583660671637935,-7.861349141156515,8.040205176846381
0.3481720964934096,0.5819884151001412,1.5856684440312825,-7.728727711343872,7.911149535042429
0.3506590400397911,0.5794438473539208,1.5637440529523086,-7.6057298326689065,7.786409758221681
0.3531459835861726,0.5625375960975062,1.5466179777491016,-7.482778991377851,7.661622357564069
0.35563292713255407,0.5552116973945095,1.5438670842850506,-7.374240689347925,7.554549049896829
0.3581198706789356,0.552677767312909,1.5267610116565842,-7.284903620840026,7.463663488269332
0.3606068142253171,0.550147421846599,1.5000882219968488,-7.2051912691733335,7.380224121590737
0.36309375777169856,0.5524090835556865,1.4877907905137748,-7.159045939923397,7.332845014171928
0.36558070131808007,0.5450975616442962,1.4802919689656462,-7.112949097831155,7.285769728273863
0.3680676448644616,0.5282128752024369,1.4728034122226137,-7.071689433204243,7.242717043504927
0.37055458841084304,0.5256970598463068,1.4557483716250954,-7.0639976519510626,7.231571305531758
0.37304153195722456,0.5231849245539181,1.4578573248656137,-7.0755088290915165,7.24305844484889
0.3755284755036061,0.5110996815475962,1.4503999095815865,-7.091858038634939,7.25667508038932
0.37801541904998753,0.4942297529342929,1.4525297964012454,-7.108257160215871,7.271961613889276
0.38050236259636905,0.48694036738496876,1.4642470424583112,-7.143860089050179,7.30861596300291
0.38298930614275056,0.4844431402124118,1.4855517046723041,-7.18909029940686,7.356940149027955
0.385476249689132,0.4723728800115612,1.4972902264663586,-7.2104292479236225,7.379383720837026
0.38796319323551354,0.4555180085810794,1.5090394709694228,-7.2030888101256085,7.373546310130703
0.39045013678189505,0.4482437542824319,1.5207994944528336,-7.186222877100398,7.359045644982937
0.3929370803282765,0.4457617321177175,1.5229935463294129,-7.188562145532435,7.3616328748561966
0.395424023874658,0.43849515369031444,1.5251984890744288,-7.17658806789375,7.349960865686277
0.39791096742103954,0.4360208438061527,1.5130491683418887,-7.150300918845632,7.3216279058757285
0.400397910967421,0.423973610590616,1.5009108494870878,-7.10012416535127,7.269405076344993
0.4028848545138025,0.42150708533200454,1.4935719910032248,-7.040423289913441,7.209437260733325
0.40537179806018403,0.4286212859578181,1.4766674378799016,-6.961621757366975,7.129406736995455
0.4078587416065655,0.4261626170344762,1.4693508581256929,-6.863719838116474,7.032158739433149
0.410345685152947,0.4284963062904784,1.4524686929625972,-6.789813431374112,6.956640052597903
0.4128326286993285,0.4308339680926929,1.4260209966689341,-6.720749192108428,6.883866899804881
0.41531957224571003,0.4331756200476481,1.4043730332581845,-6.632585370883742,6.793459607328764
0.4178065157920915,0.4403096830012634,1.397101663196903,-6.554052653699632,6.715755494486038
0.420293459338473,0.4426593677573347,1.385053326802323,-6.485151305541356,6.646164870789338
0.4227804028848545,0.44022469167883094,1.3634396741243455,-6.425881590297539,6.583670688655748
0.425267346431236,0.4377940753673213,1.3514143715853484,-6.381032174076294,6.537243766508252
0.4277542899776175,0.4449443426627178,1.344189068776254,-6.33623810859952,6.4925136187422785
0.430241233523999,0.4473103007211433,1.3226102050963497,-6.3010764610816175,6.453909577004708
0.43272817707038047,0.4448919665771801,1.3106198495962456,-6.289912700944157,6.440392459903295
0.435215120616762,0.4472661638233061,1.308218054492711,-6.283593473249381,6.433896831350665
0.4377020641631435,0.4592213126487106,1.3010396618085234,-6.272542228578999,6.422489737235587
0.44018900770952496,0.4568154132374852,1.2890847232935698,-6.280701239631796,6.427878950875831
0.4426759512559065,0.44962528893244547,1.2819300971037701,-6.288917148094708,6.433971290727659
0.445162894802288,0.45201616631301333,1.289152641159697,-6.282824997842061,6.429628535174208
0.44764983834866945,0.44962285195279394,1.286810389903637,-6.267213444892656,6.413735732972274
0.45013678189505096,0.44244536230215414,1.2701149908222902,-6.251659547444996,6.394700703371063
0.4526237254414325,0.44484892368798834,1.2677969144069707,-6.2457403625532155,6.388620528526684
0.45511066898781394,0.44725674575099117,1.2702794043481929,-6.239879332842079,6.383552494509674
0.45759761253419545,0.44488044136730376,1.2536204941365146,-6.224499899784517,6.365051606455968
0.46008455608057697,0.4425084299686023,1.2513390568665124,-6.190025503697967,6.330724988677373
0.4625714996269584,0.4401407275809388,1.2442815288688913,-6.141244793701679,6.281468618032551
0.46505844317333994,0.43777735014483476,1.2324479595144755,-6.092523224392801,6.231325398418613
0.46754538671972146,0.4354183135150652,1.225415204572893,-6.029495829280316,6.168148140783542
0.4700323302661029,0.4330636334604445,1.2040296996493967,-5.9521628506643545,6.088142099942527
0.47251927381248443,0.4259249223433038,1.192233509988873,-5.894043352913911,6.028480723021531
0.47500621735886595,0.4379442123614681,1.1804498773501795,-5.835983962697812,5.970256766584082
0.4774931609052474,0.42123748582149145,1.1686788498882987,-5.768408112145325,5.900659575157801
0.4799801044516289,0.40932358138844893,1.1569204755130582,-5.720046458764678,5.8502087374185505
0.48246704799801043,0.4022025143982393,1.154751608529115,-5.686110835635018,5.816104759640666
0.48495399154439195,0.39508589677926154,1.1478070863931291,-5.6474478646843576,5.77643673537035
0.4874409350907734,0.39276214701315604,1.1456637629162612,-5.608846183248804,5.738114940390312
0.4899278786371549,0.39044287685336276,1.1531100883416752,-5.584671234108386,5.715825514219146
0.49241482218353644,0.38812810128586905,1.1509924960626772,-5.55576963560104,5.687003023813762
0.4949017657299179,0.38581783520870916,1.1632530491064783,-5.526930021463199,5.6611808415181235
0.4973887092762994,0.38351209343177906,1.1659497770476648,-5.502941024225111,5.638162850122869
0.4998756528226809,0.3764224873563416,1.1686595324529152,-5.488591275207748,5.624241564697165
0.5023625963690624,0.3789142415764082,1.1761707643179182,-5.459938984597896,5.598025311200149
0.5048495399154439,0.38141056399575235,1.1741183081058602,-5.421772781288869,5.560543850351489
0.5073364834618254,0.37433466242929536,1.1672906123093527,-5.393246502916604,5.530804792641282
0.5098234270082069,0.3768401645248106,1.1604761251686255,-5.350418356012971,5.487776410445857
0.5123103705545884,0.3793502779190042,1.1488864880303449,-5.322018982409123,5.457813925452109
0.5147973141009698,0.37707661347953614,1.1420985519486309,-5.2984717961466625,5.433265983674827
0.5172842576473514,0.3795959919454812,1.1209587478017053,-5.2654118067170295,5.3967771054296225
0.5197712011937329,0.3773316206849804,1.0998323294554242,-5.227627635660232,5.355380565562329
0.5222581447401143,0.3798603202575822,1.1074497604815021,-5.194696306601163,5.324998455653532
0.5247450882864959,0.38718210449221113,1.0959270510710635,-5.166618035285936,5.295744329728375
0.5272320318328774,0.3801433738463893,1.0844178576435066,-5.143393036219823,5.270195726886243
0.5297189753792588,0.3778977552498354,1.072922223080376,-5.110656312703675,5.235721226037586
0.5322059189256404,0.3804452622605672,1.0518633833654951,-5.077984883393803,5.19971976656604
0.5346928624720219,0.3734206983850673,1.0403949941469792,-5.054955765697837,5.174402627839304
0.5371798060184033,0.3759776902812654,1.0433055008539418,-5.036780765811272,5.1574224254512755
0.5396667495647849,0.3737510412740228,1.0270761220944633,-5.018671688675882,5.136306135750365
0.5421536931111663,0.37631757119874487,1.0156489160613782,-4.981475128016308,5.0978674057035525
0.5446406366575478,0.38846569647936935,1.0042355207661926,-4.929979692900137,5.046196027793359
0.5471275802039294,0.38625341352667286,0.9976243806011362,-4.888127604415201,5.003822297132134
0.5496145237503108,0.3840459452225151,0.9910271330574694,-4.855919065784395,4.97087276440932
0.5521014672966923,0.3914201110368985,0.9844438186859876,-4.823777472324288,4.93874158445008
0.5545884108430739,0.3892223104262816,0.9826628810965949,-4.791703024724093,4.906886815687586
0.5570753543894553,0.3822409593568934,0.9713191503563208,-4.7644843257230995,4.877487051025364
0.5595622979358368,0.38484128034367543,0.9647778761920351,-4.727756363506902,4.840514372887057
0.5620492414822184,0.3778696725673525,0.9486738881462935,-4.691096141588027,4.800953097575401
0.5645361850285998,0.3709029550383799,0.9325840321003762,-4.644927048920973,4.7521183980181405
0.5670231285749813,0.36394114003433176,0.9260851536723398,-4.603614489782933,4.709920725001768
0.5695100721213628,0.3617726430607284,0.9243888882556948,-4.581523867170157,4.68782841062336
0.5719970156677443,0.3691858795306173,0.9131300643393441,-4.5451365495927885,4.650631245593377
0.5744839592141259,0.35745044152228034,0.8970971234290899,-4.508817937479121,4.611072896880149
0.5769709027605073,0.34571995422444635,0.8858669100863372,-4.482145026650198,4.581910792350716
0.5794578463068888,0.34835963941275017,0.8842278652871172,-4.455541198356945,4.555772242592691
0.5819447898532704,0.3414274922074524,0.887391623101426,-4.419429832559562,4.520552695202556
0.5844317333996518,0.3297119275577197,0.8809930106928903,-4.383387921206886,4.4831850628594365
0.5869186769460333,0.33236657028059147,0.8746088715606222,-4.3522040516330325,4.451638835564225
0.5894056204924149,0.3206610118968318,0.8730276456170212,-4.325878406555594,4.4247287761925325
0.5918925640387963,0.31374887703709264,0.866672562546833,-4.3044111673942105,4.401989912130822
0.5943795075851778,0.31163017695745154,0.8746972716896542,-4.297379320909494,4.3965529352064445
0.5968664511315593,0.30472811617995754,0.8779481955552559,-4.285629432638832,4.385233390911999
0.5993533946779408,0.2978311090941147,0.8668485630264124,-4.254796470136943,4.352404255472483
0.6018403382243223,0.28615076335524053,0.8653404259601816,-4.224034222896147,4.321245356186987
0.6043272817707038,0.279263896485956,0.8590586093829311,-4.188554462501044,4.284852214904601
0.6068142253170853,0.27238211595423834,0.8527915513338216,-4.148357362548861,4.243856059591489
0.6093011688634667,0.26550543245460023,0.8417508829426621,-4.113019901968254,4.206657865525149
0.6117881124098483,0.2682106632283373,0.8355134450312163,-4.068177041775693,4.161740515689096
0.6142750559562298,0.25655580218065066,0.8388676748317008,-4.032982564917768,4.127283395217828
0.6167619995026112,0.2449060696852724,0.8422367993459179,-3.997859833105755,4.092948210556972
0.6192489430489928,0.24283828270159324,0.8408324486262682,-3.9532322067361036,4.04895227417957
0.6217358865953743,0.2407756448136681,0.8346546557755214,-3.9182534648110003,4.013394015050927
0.6242228301417557,0.24350656947235028,0.8428570669075317,-3.868981755132399,3.967205982320497
0.6267097736881373,0.24624266339367673,0.8510745046235837,-3.834147660707041,3.9351812595864963
0.6291967172345188,0.23940712987913015,0.8449417912543726,-3.8233281499405223,3.9228918601680483
0.6316836607809002,0.23736518873746648,0.8484009754223047,-3.8269465766361286,3.927040431208835
0.6341706043272818,0.2401168497221705,0.8518752822366151,-3.8210610833139995,3.922225822211537
0.6366575478736632,0.23808531585172632,0.8457879365353727,-3.7913066178115837,3.8917923533347576
0.6391444914200447,0.2312705966908264,0.8301389695259209,-3.756836949884118,3.8544053582406055
0.6416314349664263,0.23403791167064802,0.8240820254253298,-3.727229041320772,3.8244112298748987
0.6441183785128077,0.23202206020600546,0.8180403282571096,-3.6881178359827125,3.784869533705362
0.6466053220591892,0.220434648257817,0.802437101772923,-3.6442918896849434,3.7380957871191223
0.6490922656055708,0.21364089497370053,0.7820607794133756,-3.6053281602344196,3.6953555495623323
0.6515792091519522,0.2164292127660702,0.7616997943469308,-3.576015200788536,3.662637423649435
0.6540661526983337,0.2192228039917985,0.7509309827900854,-3.5467763532136267,3.6320212662399793
0.6565530962447153,0.22202167755375535,0.7449659707259921,-3.5176117646856984,3.6024797639818513
0.6590400397910967,0.22482584226016256,0.7294395772246454,-3.4837331777286895,3.5663742946832286
0.6615269833374782,0.23242371014488877,0.7139286376849538,-3.459505946815275,3.54004184675753
0.6640139268838597,0.23523848318618196,0.7032215839127542,-3.4401418118036347,3.5191523731393177
0.6665008704302412,0.23805857322853163,0.6973184441207103,-3.4256409145383113,3.5039892368780774
0.6689878139766227,0.24088398870140737,0.6962192462485275,-3.392061378927691,3.4711419926693283
0.6714747575230042,0.23892633461925095,0.6903472113222386,-3.3489801507871046,3.4277300237797315
0.6739617010693857,0.24176242586271945,0.6940675766963127,-3.3203393845569984,3.400710587542031
0.6764486446157671,0.24460386725680583,0.7025919661707656,-3.286985603458625,3.370124757356758
0.6789355881621487,0.24745066685208672,0.7111320032723407,-3.253707345977892,3.3396934068674886
0.6814225317085302,0.25030283260441044,0.7005341012935111,-3.244446762544559,3.3286385099723232
0.6839094752549116,0.2531603723748994,0.6803750931752379,-3.220896759086452,3.301692955780083
0.6863964188012932,0.2512348906096431,0.6745970215459818,-3.1782690634352946,3.2587719084538906
0.6888833623476747,0.2541032016209549,0.6736231055185398,-3.154871031966948,3.235977094125769
0.6913703058940561,0.26655371630613134,0.6678765639321966,-3.145914389835408,3.2270555211368728
0.6938572494404377,0.25985602222559023,0.6621458253136365,-3.1083036342928114,3.1886539055258227
0.6963441929868192,0.25316374004819686,0.6468541079550436,-3.070769311056303,3.148354534987873
0.6988311365332006,0.26084208702784306,0.6267898398359648,-3.0572535611828044,3.1317253128350155
0.7013180800795822,0.2541606504409659,0.6067414486623663,-3.0198724745844174,3.090689661630571
0.7038050236259636,0.2474846473521941,0.5962857651869418,-2.99214499627821,3.061002620579137
0.7062919671723452,0.25517929473155865,0.5762691999669338,-2.969282843378263,3.035431314866263
0.7087789107187267,0.2580909862123304,0.5610569865282062,-2.9369209250174233,3.001149849491252
0.7112658542651081,0.2418545186535499,0.5554375514824481,-2.8998477622690704,2.9624519449481186
0.7137527978114897,0.23998872202286736,0.5594109178475162,-2.8772170848267518,2.940903486162734
0.7162397413578712,0.24770519963094917,0.5634003017271505,-2.8546637978010097,2.920253955461089
0.7187266849042526,0.24585034473307876,0.5626173222719539,-2.8273996116022193,2.8932972897741114
0.7212136284506342,0.253577777052626,0.57142721164037,-2.8002130419406157,2.8691503668285416
0.7237005719970157,0.2565222929764011,0.5754647817956111,-2.777892603185734,2.848447071074861
0.7261875155433971,0.2594723020781336,0.574730054388531,-2.760438405046207,2.8315474036323702
0.7286744590897787,0.2576394071966385,0.5740114541170631,-2.74785055589021,2.818962555818072
0.7311614026361601,0.25581201771711254,0.5685205987653505,-2.7353407594253003,2.8054847227889854
0.7336483461825416,0.24920173628993253,0.5774111224460134,-2.7133323146986275,2.785260734595972
0.7361352897289232,0.2378085687916427,0.5767410291158568,-2.6818253260581084,2.753428809601408
0.7386222332753046,0.2359977309656306,0.5617219357400247,-2.6360314931917372,2.7055292449373205
0.7411091768216861,0.23419242185968236,0.5371422656514664,-2.6046813376903906,2.669781409576128
0.7435961203680677,0.22760424374791322,0.5317324585119829,-2.573409749923144,2.637608924804198
0.7460830639144491,0.22102160545113947,0.5263389205076434,-2.5422168288813882,2.6055229061294187
0.7485700074608306,0.21444451237599926,0.5161732675129649,-2.515891075538569,2.577232856176913
0.7510569510072121,0.21266137315564215,0.5108123250910348,-2.4944325862099976,2.555063212181579
0.7535438945535936,0.21088378968885535,0.5102561118920748,-2.473053052553306,2.5339346229174846
0.7560308380999751,0.20911176710106805,0.5145046462941996,-2.4469641648892324,2.5091983553419026
0.7585177816463566,0.20255690710379526,0.5091927364426208,-2.4065892088818437,2.468193299514428
0.7610047251927381,0.20079602127595841,0.49910880349198017,-2.3806586954218822,2.440689341962895
0.7634916687391196,0.2086175177827082,0.4986180749658766,-2.369172714142957,2.4300453911085698
0.7659786122855011,0.2068677880942501,0.5029321648351486,-2.3434009334221546,2.4056730823078603
0.7684655558318826,0.18118162690779605,0.5024742834789779,-2.3272854568259813,2.387794962939738
0.770952499378264,0.1746546686710816,0.49724444764599784,-2.3016727567047788,2.3612398804357753
0.7734394429246456,0.1777101112152596,0.48724267381384356,-2.247409304076239,2.306476725844388
0.7759263864710271,0.171194345637796,0.4772573815096486,-2.1788603918683354,2.2370772716731167
0.7784133300174085,0.16468418286505482,0.4577117800289878,-2.139121731599788,2.1937326036383085
0.7809002735637901,0.15339122376957293,0.44775949831888173,-2.1234050002558273,2.175515164501446
0.7833872171101716,0.1468922790920249,0.43782374513424704,-2.1029798568905846,2.1530887701039574
0.785874160656553,0.130822142878814,0.43748134224123003,-2.0778463791513637,2.1274280089415543
0.7883611042029346,0.11954602900560274,0.43236709453460564,-2.0767350632795285,2.1246319870843355
0.790848047749316,0.11785234461490801,0.4176926132801859,-2.0661271610254683,2.111217122857624
0.7933349912956975,0.1161642867958863,0.4078231227556701,-2.0412343427354838,2.084814496050847
0.7958219348420791,0.1096934558656828,0.40754704032899713,-2.011633487391803,2.0554309844742513
0.7983088783884605,0.1080166620101577,0.4072875731382717,-1.9916898759729644,2.035774871776809
0.800795821934842,0.1063455053621144,0.40704473469356683,-1.9861919814939046,2.0302594341372147
0.8032827654812236,0.09989158596234182,0.4068185382365468,-1.9711978557257854,2.0152172682906744
0.805769709027605,0.10302011704097169,0.41618580338134636,-1.951495969040817,1.9980391098859573
0.8082566525739865,0.10136589181446165,0.4207813328726471,-1.9270863871711867,1.975093394687431
0.8107435961203681,0.1045057200091436,0.4158167358281264,-1.9075459811711486,1.955135973172093
0.8132305396667495,0.10765120129883676,0.41565723437935587,-1.8689327975353827,1.9176207965435734
0.815717483213131,0.11080233858621236,0.4107260337892624,-1.8256121080048917,1.8745219662523287
0.8182044267595125,0.11874753800291044,0.4058115490149121,-1.7919491830057215,1.8411588376809067
0.820691370305894,0.11712159230809488,0.39612538810623565,-1.7535788717283491,1.8015747694334447
0.8231783138522755,0.11550131077138631,0.3960327721281951,-1.724866441972722,1.7735125463421704
0.825665257398657,0.11388669593079664,0.3911685019579618,-1.7010235469464572,1.7491323802675358
0.8281522009450385,0.10748934691316525,0.36716737820709566,-1.6916270485083746,1.7343494211272554
0.8306391444914201,0.11546287935616067,0.3527598311046649,-1.6583697740057968,1.6994003302006988
0.8331260880378015,0.12344208556465508,0.3527342740131889,-1.6251937926431577,1.6676073519261103
0.835613031584183,0.13142696771398432,0.3431487001086473,-1.6112527689990408,1.6526220269123315
0.8380999751305646,0.12505231792819937,0.32879152222455454,-1.5926047364651463,1.630991046547213
0.840586918676946,0.12826015480363817,0.31445115293042436,-1.5740381470524571,1.6102565892632947
0.8430738622233275,0.13147367360437467,0.3097044078524096,-1.5555530481505713,1.591523619901626
0.845560805769709,0.12990447282485307,0.31455129571271767,-1.5419378891698656,1.5790472265743267
0.8480477493160905,0.12834095751033925,0.30504980836902007,-1.5236159082618084,1.559144708764745
0.850534692862472,0.12678312929612268,0.3051419706194891,-1.4957987456018262,1.5318614400302852
0.8530216364088535,0.12523098972797153,0.32440459703909585,-1.4728516533518388,1.5133450155696786
0.855508579955235,0.13804975022321075,0.3197420654174761,-1.4547746724197257,1.4958817030260263
0.8579955235016165,0.1412973955474366,0.3055195931264878,-1.4319910357813352,1.4710219244901706
0.860482467047998,0.13497392697871968,0.3008908005971471,-1.4045007817634172,1.4426973628665505
0.8629694105943795,0.13344455566713143,0.3010672913981325,-1.4010343673266075,1.4392172392718459
0.8654563541407609,0.1319208793927068,0.30604907215804333,-1.3880730049812513,1.427520865047592
0.8679432976871425,0.12082609252653331,0.30147093928454316,-1.3656167291954482,1.4037067795400895
0.870430241233524,0.11452540595278216,0.28733289888663327,-1.3623959930765466,1.3970680389094425
0.8729171847799054,0.10823041718604742,0.28278857009536074,-1.3448920052870381,1.3785563842171402
0.875404128326287,0.10194112697306845,0.2782611518611038,-1.313104796452679,1.3461298111514501
0.8778910718726685,0.09565753597257587,0.27375064951647854,-1.281399605883129,1.313801633526339
0.8803780154190499,0.08937964475545002,0.26925706813613415,-1.254564864972295,1.2862430136101148
0.8828649589654315,0.09268426044550993,0.2504152025762352,-1.2230237938799693,1.251832794830117
0.885351902511813,0.08162936683686356,0.24116707399832515,-1.181988014815035,1.2090990771138188
0.8878388460581944,0.07058017419876106,0.23672428338538065,-1.1458227619984065,1.1721474946643473
0.890325789604576,0.08347869935388696,0.23229843146412277,-1.1241048650634866,1.1508879190285681
0.8928127331509574,0.07244090923321606,0.23267792534608356,-1.1072575390972634,1.1337574520864773
0.8952996766973389,0.06140882048555851,0.23307436524680103,-1.0904924012439512,1.116811703081332
0.8977866202437205,0.05517083639179465,0.23348775444720582,-1.0642326640664486,1.0909406564662165
0.9002735637901019,0.04415015018535984,0.22912969265345318,-1.028478345509411,1.0546171622909573
0.9027605073364834,0.06186558489616889,0.22957698927863213,-1.0023830755420011,1.0301964738504144
0.905247450882865,0.0747983169836054,0.2396180501619809,-0.9907352729178847,1.0220410848839125
0.9077343944292464,0.06379473278201236,0.23531086096779585,-0.9695929352164789,0.999775689463312
0.9102213379756279,0.05279684842274657,0.23580903699058986,-0.9437444786889184,0.9741904588865681
0.9127082815220094,0.051381469990608,0.22674737003057288,-0.93713193161968,0.9655416524083308
0.9151952250683909,0.054760193524025835,0.2272794748785083,-0.9162364812038479,0.9455918400581979
0.9176821686147724,0.0581446149761749,0.23261694947245593,-0.9050001532369052,0.9362247159690993
0.9201691121611539,0.07111154017610166,0.2188177782185754,-0.9034229556717275,0.9322612874325369
0.9226560557075354,-1.366802044467962,-1.8300358359771263,8.670090148722801,8.965915579387444
0.9251429992539169,-1.9523741428668542,-1.8629546836223554,2.9493607120860066,3.997635996055923
0.9276299428002984,-2.3176739943674756,-1.7282624460989626,-2.709201821583841,3.9621052909831236
0.9301168863466799,-2.433971180197906,-1.4594779466390069,-7.793238300025471,8.293904676552744
0.9326038298930613,-2.315630911553161,-1.090120008722594,-11.881369232835493,12.153906491286156
0.9350907734394429,-1.9770183997121877,-0.6297654394759991,-14.667136808069563,14.8131734752614
0.9375777169858244,-1.4755944859204928,-0.12629827283498773,-16.006888925451236,16.075255003026655
0.9400646605322058,-0.8496663982257855,0.3723974570181734,-15.88147196981017,15.908543766861053
0.9425516040785874,-0.1710601880013689,0.828014522295764,-14.38186560112397,14.406697324711333
0.9450385476249689,0.49797489993699223,1.2261877115661886,-11.737913174442642,11.812286865620786
0.9475254911713503,1.085612814049846,1.5142445865903587,-8.280014513329519,8.48705674489071
0.9500124347177319,1.55354632595744,1.6778199354474195,-4.3912418766586025,4.95091821200884
0.9524993782641133,1.8634682071973219,1.7217021592538275,-0.4211486988535924,2.5717967087156337
0.9549863218104948,1.9914364391856396,1.6458912555624874,3.24719276362484,4.149582865854225
0.9574732653568764,1.927874213217456,1.4599640283241988,6.292959498685089,6.741626895496394
0.9599602089032578,1.711088753709008,1.178285684567927,8.515038578443335,8.764819671271363
0.9624471524496394,1.365022075033865,0.829586641041943,9.741047496135913,9.871145099850409
0.9649340959960209,0.9136161914842478,0.44259731425362014,9.947044249124087,9.998713728373229
0.9674210395424023,0.4143319405131598,0.055624927110396793,9.209643305688587,9.219126580509677
0.9699079830887839,-0.0993118571091014,-0.3217537176420797,7.638977958541666,7.646396049830558
0.9723949266351654,-0.5554891541303221,-0.665596607536302,5.445737971309921,5.514313111937601
0.9748818701815468,-0.9158927266213406,-0.9136545037811346,2.8693435287252846,3.147500011881667
0.9773688137279284,-1.175734173975493,-1.0755042176281473,0.17794523662338335,1.6033479588744046
0.9798557572743098,-1.2967062724241434,-1.1511457539258036,-2.3794599112629715,2.9442169031905774
0.9823427008206913,-1.2692322182005018,-1.1214255044782162,-4.577816936626956,4.881081180546068
0.9848296443670729,-1.1316192408206713,-1.0102854912086225,-6.230378086551232,6.412398145882708
0.9873165879134543,-0.9030209565990527,-0.8320909296353403,-7.217433253433224,7.32114505600061
0.9898035314598358,-0.5738605620074043,-0.577265018910146,-7.519828798230169,7.563754094454457
0.9922904750062174,-0.20159890008102432,-0.2841149916224728,-7.156718307297456,7.165192277600447
0.9947774185525988,0.1706683960268529,0.009051919404388542,-6.199927802353345,6.202282998464457
0.9972643620989803,0.49984569308443494,0.29265890103585734,-4.77874414380166,4.8137189927507436
0.9997513056453619,0.7811445843439709,0.5475523332640759,-3.0655498207737644,3.2105445212547528
1.0022382491917432,0.2579973416905875,-0.04987316196313163,-0.26546985054733163,0.37352938592998697
1.0047251927381249,0.22806126134530852,-0.02957777249985183,-0.2523224865541511,0.34139921027052167
1.0072121362845063,0.18855399101411763,-0.02363074404785248,-0.22489175256568927,0.294427104668837
1.0096990798308878,0.1538407369192225,-0.008090067656195465,-0.1927544202339515,0.246752280739729
1.0121860233772693,0.10955628528371159,-0.002109364486168719,-0.16069885675108786,0.1945023177877533
1.0146729669236507,0.07006584217553757,0.003888163994059113,-0.1335134281728667,0.15083161326951083
1.0171599104700322,0.0305810003046304,0.014690912767897135,-0.11119809610150178,0.11625849248198857
1.0196468540164139,-0.008898244375299846,0.02072206663036491,-0.11290643429038028,0.11513663927075428
1.0221337975627953,-0.03879508934623266,0.02677002011062779,-0.11469638548321726,0.12400384581544381
1.0246207411091768,-0.07826315208804513,0.03283476419140108,-0.10220269794068848,0.13284816212735878
1.0271076846555582,-0.11293722691427716,0.029339482989319876,-0.08021373208430482,0.14159754694224103
1.0295946282019397,-0.11887530157340048,0.030649376997784472,-0.05830625053870442,0.13590563081197704
1.0320815717483214,-0.13917301037359764,0.03676443652513983,-0.03169180485368095,0.14739444054761477
1.0345685152947028,-0.15946514785438098,0.04768465165628255,-0.0051587521090450394,0.1665219868579617
1.0370554588410843,-0.15580970198948896,0.049044802292415035,0.026081358363336804,0.1654155165636895
1.0395424023874658,-0.15693709735068562,0.0504216847142156,0.0237213484527814,0.1665361858176673
1.0420293459338472,-0.1532705320215842,0.0518152883403471,0.02606849427425395,0.16387875544346678
1.0445162894802287,-0.14959841412083452,0.053225602368768055,0.028334443157204348,0.16129318312940494
1.0470032330266104,-0.13634394187999305,0.054652615777429414,0.01615403688436423,0.14777527467865403
1.0494901765729918,-0.11829552356516904,0.0560963173249629,0.018257748211828684,0.1321891564491843
1.0519771201193733,-0.10024156751579644,0.04797988891076832,0.03943403438123916,0.11792151909424503
1.0544640636657547,-0.08697048214441738,0.035091722177266416,0.07968295039762907,0.123063667724759
1.0569510072121362,-0.0689054659754737,0.036585418510611145,0.11027413242440254,0.13508086604270939
1.0594379507585177,-0.06520013752786802,0.03330735251795902,0.1312076376236302,0.15025272655157493
1.0619248943048993,-0.037547275549080716,0.02046910855161954,0.16642554083225924,0.17183201956377794
1.0644118378512808,-0.005100498702427181,0.012435884030085997,0.17762067479301002,0.17812852217583638
1.0668987813976623,0.008198170956665252,0.004419262876246499,0.19831192311960955,0.19853049826865898
1.0693857249440437,0.011925534543393457,-0.008369171200638181,0.23807615388701286,0.2385215219856772
1.0718726684904252,0.020446796421961455,-0.0067758181026515985,0.2538177997059954,0.2547301683006435
1.0743596120368066,0.03855035424492115,-0.024319514467491476,0.25990213408677754,0.2638686944281279
1.0768465555831883,0.0375057823518567,-0.02748145065992924,0.28505964155264607,0.288826787335112
1.0793334991295698,0.03646668821496507,-0.021050043817952613,0.3053483711519842,0.30823781640038117
1.0818204426759512,0.04500987259556849,-0.028967324570772668,0.3207683895796709,0.32520355821760827
1.0843073862223327,0.03919331294281686,-0.032079693874031534,0.3217429579312725,0.3257050099658428
1.0867943297687142,0.03817061651895187,-0.03038716617311943,0.31784895162128635,0.32157165901276263
1.0892812733150956,0.03715337391519924,-0.03346656276180582,0.33781686037950465,0.34149760639430293
1.0917682168614773,0.03614157897391024,-0.03174109185961793,0.35291633512233744,0.35617923892241404
1.0942551604078588,0.03513522546851716,-0.020422365212651616,0.36793585103508164,0.3701734019976479
1.0967421039542402,0.024557500463177062,-0.03781762465531768,0.3732986743650937,0.3760121591734843
1.0992290475006217,0.01877360755522889,-0.0504080624220844,0.38815849230090116,0.3918678811067517
1.1017159910470031,0.017783540312964363,-0.048616887552973775,0.40772697644503353,0.411000174431119
1.1042029345933846,0.0072220822758994885,-0.04202092257248502,0.4272157994118615,0.4293381600479493
1.1066898781397663,0.006242840158172502,-0.04498539352789788,0.446625038144159,0.4489282608406067
1.1091768216861477,0.010057404005066273,-0.047933510066629825,0.4563779639484036,0.45899849535735865
1.1116637652325292,0.013877363794842446,-0.060442095318273825,0.466051462412878,0.47015932802565974
1.1141507087789106,0.01770271275933405,-0.06814595601102491,0.4852224201226196,0.4903040427625985
1.116637652325292,0.01674504074359129,-0.07583351235371039,0.4947373047337429,0.5007954858828235
1.1191245958716736,0.015792744167097583,-0.07871637811314214,0.48980779485245307,0.49634398842919547
1.1216115394180552,0.019634219383420914,-0.08637137721490218,0.5039527966327473,0.5116775728979748
1.1240984829644367,0.013904249399242508,-0.08922172050037291,0.518018780686651,0.5258301063123788
1.1265854265108182,0.008179633757447624,-0.0872674256478283,0.5224290252444295,0.5297306828997637
1.1290723700571996,0.007248768615530143,-0.09008531717164736,0.5315488261116457,0.5391772097900895
1.131559313603581,0.006323243425560676,-0.10246381646058866,0.5453782701027929,0.5549561014993917
1.1340462571499625,0.01497985753603065,-0.1100377318160608,0.5639174449983226,0.5747482782300956
1.1365332006963442,0.018853393629631954,-0.10323027505289639,0.5775896329001124,0.5870449081395197
1.1390201442427257,0.01794384428604351,-0.10119507810011008,0.5959717301494241,0.6047683263173983
1.1415070877891071,0.021828008661898157,-0.11829736975792171,0.5999102141198485,0.6118521019487543
1.1439940313354886,0.02092907256919463,-0.13059515245476883,0.6085587896977316,0.6227655421116833
1.14648097488187,0.010458625077143624,-0.12372323544962383,0.6410711627157273,0.6529847299089939
1.1489679184282517,0.009570271793703733,-0.12641205807338363,0.6687170067456965,0.6806276762220868
1.1514548619746332,0.013475601662740755,-0.12908483328274567,0.6867080128994214,0.6988650663783954
1.1539418055210147,0.0030209936049446773,-0.1317415808625264,0.6950442765433671,0.7074259797930885
1.1564287490673961,-0.007428350278765983,-0.13917072410454034,0.7128795072556162,0.7263751528656912
1.1589156926137776,-0.0035072279491353275,-0.13700707320522554,0.7258485922984228,0.738674094372986
1.161402636160159,0.005207545970152494,-0.13482745514763828,0.7339516298173123,0.7462510007417804
1.1638895797065407,0.009139156794324532,-0.1374202937787632,0.7611307354776748,0.7734906966589444
1.1663765232529222,0.0034991930981255748,-0.14478560980869304,0.7882323959763298,0.8014271190985482
1.1688634667993036,0.0026528566770414597,-0.14255821416918657,0.8104683088812479,0.8229147961827435
1.171350410345685,0.0018117359850950976,-0.1498917412159635,0.8278385759868421,0.8413010901953922
1.1738373538920666,-0.003812580583613112,-0.15720940556382557,0.8164012833880232,0.8314086771775053
1.176324297438448,-0.009431698053987414,-0.16929963196863707,0.8144637612417256,0.8319270044234146
1.1788112409848297,-0.005468818189955649,-0.17658563540462469,0.8268145173565831,0.8454789416154901
1.1812981845312112,-0.01586596605667523,-0.1790674376651098,0.8390884471497397,0.8581295346572224
1.1837851280775926,-0.021469536895238894,-0.18632186736167577,0.856074060205243,0.8763786714816421
1.186272071623974,-0.031856345927066376,-0.18877214000145903,0.8681946570277326,0.8890510165946932
1.1887590151703555,-0.042237998470796845,-0.19120668122850182,0.8706619423195523,0.8924103659555352
1.191245958716737,-0.04303769658261675,-0.18404870690104014,0.8874180415781705,0.9073240602769872
1.1937329022631187,-0.03904385233721369,-0.19124025629378893,0.8993094512873405,0.9202471120342522
1.1962198458095001,-0.04462168450716553,-0.1984161422924151,0.9015478787566824,0.9242016219100324
1.1987067893558816,-0.05498279864076716,-0.2055763879161292,0.9180754520784458,0.9424156700331635
1.201193732902263,-0.06055039702267323,-0.20793261303559696,0.9393154769592709,0.9639584469253004
1.2036806764486445,-0.06611289195484293,-0.2102732443330262,0.9604796632784893,0.9854475812221214
1.206167619995026,-0.062093485834370854,-0.2078099020200761,0.9672029151229911,0.9912224953980154
1.2086545635414077,-0.06285739771568244,-0.21011941643856558,0.9690621540252025,0.9935706718578382
1.2111415070877891,-0.07319304006804622,-0.22199021477837189,0.980422705677638,1.0079015618501692
1.2136284506341706,-0.08352361545496595,-0.21469190115471237,0.9869194766864791,1.0134489924131393
1.216115394180552,-0.08427232649480892,-0.20737811305259424,0.9981293910907834,1.0229221808844309
1.2186023377269335,-0.0802275858214454,-0.2096256814822186,1.0140525671160496,1.0385961682667004
1.221089281273315,-0.08575461276363289,-0.2166462276578054,1.034689123810601,1.0605993704036165
1.2235762248196966,-0.08169980346190059,-0.20928616299673752,1.0456739710803884,1.0695371006667507
1.226063168366078,-0.0824283773526211,-0.19712231900151211,1.05179563292692,1.0732780159332718
1.2285501119124596,-0.09751715060520622,-0.1993083339776378,1.0626310374820545,1.0855496895468615
1.231037055458841,-0.10781251952023979,-0.20626742647026797,1.0638150970818412,1.0889776633922372
1.2335239990052225,-0.09894928377136031,-0.19884600854458911,1.060136338145055,1.0831526906805828
1.236010942551604,-0.09008106632683055,-0.20098612230839308,1.0659600945282701,1.088476431990083
1.2384978860979856,-0.09078468356641939,-0.19353418014558432,1.086074894240328,1.1069128301515065
1.240984829644367,-0.08669493532015832,-0.19564382116062973,1.1061156527973974,1.1266252056171615
1.2434717731907485,-0.08738863807115976,-0.20731507133393912,1.121294093140543,1.1436418828365815
1.24595871673713,-0.08807739839281042,-0.1998175368803734,1.1363987456314089,1.157189174346712
1.2484456602835114,-0.10312643619065143,-0.20188166401399021,1.1466413347666293,1.168836010183567
1.250932603829893,-0.10380534153800841,-0.21350747918155788,1.1472335858141367,1.171539966462198
1.2534195473762746,-0.09011412448037076,-0.21075299238199152,1.1429640314494485,1.165720445225185
1.255906490922656,-0.08599481171477069,-0.20798344032953953,1.1625632217122561,1.1841475683254812
1.2583934344690375,-0.09144741338634915,-0.21477565657010134,1.1868776741973992,1.2096155693353154
1.260880378015419,-0.08252992308804685,-0.22155286151941267,1.1967539072536297,1.2198839179115317
1.2633673215618004,-0.07839596434467017,-0.22352667906373158,1.2113456665417512,1.2342886320987774
1.2658542651081819,-0.08383395076883049,-0.2350623465198951,1.2450182951474336,1.2697846247709774
1.2683412086545636,-0.08447868274032394,-0.23221787479069622,1.273829910334678,1.297576367568823
1.270828152200945,-0.07075336400737892,-0.21978169484836885,1.2786270334242111,1.2993064005506865
1.2733150957473265,-0.052234811647287216,-0.2169074477727806,1.2737750097110148,1.293166691425133
1.275802039293708,-0.048076649425466134,-0.21880675818804285,1.2832159918583628,1.3026246748045969
1.2782889828400894,-0.053490484552959794,-0.2159028475428797,1.2734312934090521,1.292711309824543
1.280775926386471,-0.04932271432675284,-0.21298414739099547,1.2683630684685063,1.2870663738297543
1.2832628699328525,-0.05472696265289356,-0.20526228278863323,1.2823766652160042,1.2998528980878306
1.285749813479234,-0.050549626921188695,-0.197525685574933,1.3011070126190116,1.3169856185737518
1.2882367570256155,-0.04636752448925707,-0.20413959437105156,1.3101890403506626,1.326807537954254
1.290723700571997,-0.04218066611972171,-0.22031563465740245,1.309622888746274,1.3286949605522453
1.2932106441183784,-0.04277746594083576,-0.212535012132141,1.3041971021582963,1.3220934627523222
1.29569758766476,-0.03858112816491588,-0.21431657911652646,1.2987002256315794,1.3168304278039005
1.2981845312111415,-0.043956873650528805,-0.22566036482746776,1.3027092082192713,1.3228401597224342
1.300671474757523,-0.03975110005843163,-0.23698959197820546,1.3162241930174474,1.337979948633866
1.3031584183039044,-0.035540625015316296,-0.23872748341803973,1.3200917105200478,1.341974691098657
1.305645361850286,-0.04569066951193507,-0.23566247209238478,1.3334655184581798,1.3549002645767272
1.3081323053966674,-0.04147082469966096,-0.24694820104187087,1.3515573586316254,1.3745583061370596
1.310619248943049,-0.04203471497611033,-0.2582194901983321,1.35521376354502,1.380234968142478
1.3131061924894305,-0.037805544859830065,-0.2598995629464098,1.3635884929268514,1.3886506472415605
1.315593136035812,-0.03357172887279114,-0.26156525608360237,1.3623164839203081,1.3876057244515028
1.3180800795821934,-0.034121681579140306,-0.263216599897492,1.3657630942428938,1.3913145213111622
1.3205670231285749,-0.02987860762394534,-0.26964202812578897,1.3930820855804225,1.4192523565914674
1.3230539666749563,-0.03999613161569221,-0.2712647646741879,1.420331590379412,1.4465566320499423
1.325540910221338,-0.0453206516415951,-0.2728732435373513,1.423569741725455,1.4501946690220908
1.3280278537677195,-0.04106377579071996,-0.28404430215738463,1.4267387065418689,1.4553180875722775
1.330514797314101,-0.041590725473975076,-0.2808359548604509,1.4489922490617975,1.4765422986927936
1.3330017408604824,-0.042113108861303816,-0.27761344266054566,1.452023294300302,1.4789233870199314
1.3354886844068639,-0.04263093748292468,-0.2791652000554863,1.4549856077374042,1.4821382271824972
1.3379756279532453,-0.04793262622901795,-0.2854912583463278,1.4722445521495402,1.5004355422954299
1.340462571499627,-0.05322978338846873,-0.28701484231615604,1.484646667683208,1.5130719273756303
1.3429495150460085,-0.04894561396886987,-0.28852438683074944,1.4826153017333183,1.5112214026596593
1.34543645859239,-0.05902214625869656,-0.29001992355643536,1.4805158188996455,1.509808683184976
1.3479234021387714,-0.07388258534262188,-0.2915014842795034,1.4975019877011002,1.5273977723313628
1.3504103456851528,-0.06000811974182163,-0.28818069758499565,1.5000551407274951,1.528664290849534
1.3528972892315343,-0.06049439114022187,-0.2896344021370587,1.4833870310803832,1.5126085885774256
1.355384232777916,-0.07055300805605647,-0.30065103339679844,1.4810166390091828,1.5128711299546889
1.3578711763242974,-0.07103036908373755,-0.30207701034013024,1.5025209287426389,1.5342310695647656
1.360358119870679,-0.0667148894560391,-0.30827757530063016,1.519169638523409,1.5515677009140505
1.3628450634170604,-0.0719717910828424,-0.3048875508045725,1.5309629270879341,1.5626848183382784
1.3653320069634418,-0.08201268262894407,-0.2966953727731565,1.5474777603807208,1.577796451767442
1.3678189505098233,-0.08247236615436415,-0.30285468720129405,1.5639258949482784,1.5951134309599009
1.370305894056205,-0.06856245039527908,-0.3137887202739047,1.5755190878955796,1.6079255476851717
1.3727928376025864,-0.0642249640449547,-0.30076708500563676,1.5726806935612618,1.602470046312784
1.3752797811489679,-0.07424832255030378,-0.2973086376852838,1.5601992767943766,1.5900084976985214
1.3777667246953493,-0.084267328111573,-0.2986250081483206,1.5572286129499142,1.5878409338055754
1.3802536682417308,-0.09428199292420192,-0.2903510196978898,1.56376886464213,1.593287755194742
1.3827406117881123,-0.08513871593633576,-0.29164031898670206,1.560666581740037,1.5899631618279981
1.385227555334494,-0.08077952601255411,-0.3024929394927125,1.5670755412066697,1.598046639530252
1.3877144988808754,-0.1051464520507549,-0.30375530151821595,1.5925727138914807,1.6246879419171423
1.3902014424272569,-0.1103554731771409,-0.30979264871238854,1.6084278446039777,1.6417033675283077
1.3926883859736383,-0.10598340839434445,-0.3301818215078889,1.6146410985936122,1.651459474336787
1.3951753295200198,-0.12076069001861012,-0.3361924338777711,1.6351546582249776,1.6737201836523554
1.3976622730664012,-0.12595691055447739,-0.351766536420528,1.6508150764889473,1.69257060597924
1.400149216612783,-0.11678367913977677,-0.3673273565935671,1.6568341168419458,1.701078218468178
1.4026361601591644,-0.11718302486562615,-0.3685097186341917,1.667577156521773,1.71182500478225
1.4051231037055458,-0.1319433635729892,-0.36489046348057697,1.6734675566603112,1.7178613927568942
1.4076100472519273,-0.13712269121173354,-0.36604643216931043,1.6649286788806048,1.7101988564807737
1.4100969907983087,-0.13750942368406427,-0.3719776591938704,1.6563259018939416,1.703141718655865
1.4125839343446904,-0.12831517028170797,-0.3587421625427982,1.6620246048938254,1.7051353346238485
1.4150708778910719,-0.12390515360747384,-0.35507039682379915,1.6676597476296076,1.709536927841908
1.4175578214374533,-0.11949098301243127,-0.34659718685659335,1.6732315002848281,1.7129247965113934
1.4200447649838348,-0.12464947783778796,-0.3333225675157867,1.6787400335118043,1.7160447332327218
1.4225317085302163,-0.12022703753175995,-0.3248233804096414,1.6793971151068492,1.7147417995848873
1.4250186520765977,-0.11101207817268821,-0.3163112572776341,1.694356529927668,1.7272002036502037
1.4275055956229794,-0.10179301586717171,-0.3125746365911266,1.699676433404516,1.7311743701285858
1.4299925391693609,-0.10214667007005085,-0.3088251502712147,1.7001454013404267,1.7309827559353208
1.4324794827157423,-0.09770784366222823,-0.309851236969088,1.7101288166254962,1.7407168584285373
1.4349664262621238,-0.10284175947378643,-0.3060761254635831,1.7104732393495974,1.740683120100143
1.4374533698085052,-0.10797162376023639,-0.30707665790247374,1.7203324566026215,1.7508562781126225
1.4399403133548867,-0.11309744944439015,-0.3080644665593937,1.7444950459465733,1.7750937197679135
1.4424272569012684,-0.11343084615510934,-0.30903958711419843,1.7542307621298718,1.7848522600108754
1.4449142004476498,-0.11376023018792791,-0.3147904586520709,1.7351745702860342,1.767163040638332
1.4474011439940313,-0.1140856145438009,-0.320528713701699,1.7256338724917093,1.7588537305995162
1.4498880875404128,-0.11440701224910227,-0.32625438819531904,1.725608844676315,1.7599024902231357
1.4523750310867942,-0.11472443635531165,-0.322390711506892,1.7207344532191415,1.7544299717168372
1.4548619746331757,-0.11982630325901317,-0.3185145263730931,1.7253760848277304,1.7586166383151458
1.4573489181795574,-0.12492422274064424,-0.3289910789314887,1.7347455133303091,1.7700799946509471
1.4598358617259388,-0.1204414012844971,-0.3394551954774605,1.7392661096323012,1.7761707578370651
1.4623228052723203,-0.1303198686409009,-0.34033010570551614,1.7437264549931397,1.7814010774822866
1.4648097488187017,-0.12582921806029174,-0.34119265266933274,1.738549921099973,1.77617601788503
1.4672966923650832,-0.12133467269914183,-0.3468312761793113,1.752467106586674,1.7905739293878502
1.4697836359114647,-0.13120145573683917,-0.34766920616107644,1.7759013839044284,1.8143630905234494
1.4722705794578463,-0.12669916049256508,-0.32934126929521224,1.8040645292001392,1.8382511184407375
1.4747575230042278,-0.11740460687029364,-0.31578951889920504,1.8225915123510417,1.8534688243547601
1.4772444665506093,-0.10810621147566085,-0.31180239508278706,1.831482513561915,1.8609771315150687
1.4797314100969907,-0.10838079425629032,-0.30780312806740273,1.8307377133996958,1.8595939711333893
1.4822183536433722,-0.1038631585796001,-0.30858015810718653,1.8347225027500356,1.8633882933476162
1.4847052971897536,-0.09934172111530604,-0.29976831224590184,1.824283449609772,1.8514156537906439
1.4871922407361353,-0.09960489855386118,-0.29573283751919144,1.818574348887223,1.8451535734007791
1.4896791842825168,-0.09507589764521074,-0.30605057771150745,1.817595382554063,1.8456325086843373
1.4921661278288982,-0.09533153844066566,-0.31156795675368754,1.8165583296018628,1.8455478478606404
1.4946530713752797,-0.08600662440978557,-0.31707341524550126,1.8346169859596042,1.8638004655191271
1.4971400149216612,-0.0910431856041296,-0.3273553938532259,1.8430411146846186,1.8741000416060158
1.4996269584680426,-0.091287622211636,-0.32804872002752106,1.8226772858019613,1.8542119298664739
1.5021139020144243,-0.09152835104068857,-0.3335186412056834,1.7974676995422527,1.830437721959868
1.5046008455608058,-0.08697698227762107,-0.34376519492796476,1.781777749813858,1.8167199713829643
1.5070877891071872,-0.0776335294473468,-0.34921161215701435,1.7756076208782483,1.8112863214524273
1.5095747326535687,-0.06828640941305264,-0.3498579305582652,1.7837459006268892,1.8190143054105625
1.5120616761999501,-0.06851244237588755,-0.3600693978193794,1.80140437061596,1.8383148893703174
1.5145486197463316,-0.07352323859341242,-0.36548084176656603,1.819006409382343,1.8568161539812458
1.5170355632927133,-0.07374200501991507,-0.370880703566844,1.8269753957596038,1.8656981203542966
1.5195225068390947,-0.06438035194672864,-0.3810574244459266,1.8253115155142838,1.8657737588226497
1.5220094503854762,-0.05980350296286524,-0.38164583240611094,1.8379569713025248,1.8781149668535024
1.5244963939318577,-0.06479987503283502,-0.3678575621472904,1.831393126220437,1.869095768707608
1.5269833374782391,-0.06021586853540417,-0.3684230716676602,1.8199853768466712,1.8578773593798452
1.5294702810246208,-0.046051497146103515,-0.38813080241910924,1.8276759266756164,1.8690012180642024
1.5319572245710023,-0.05582559779785767,-0.3886735660251093,1.8448881562302741,1.8862120631824257
1.5344441681173837,-0.0608077642744434,-0.38441661068611,1.8620454463002023,1.902284668196317
1.5369311116637652,-0.0609980102961073,-0.37535997469431015,1.8839363878981192,1.921934489390627
1.5394180552101466,-0.05639634959740086,-0.37586890635466697,1.9009843623337925,1.938607626326117
1.541904998756528,-0.04221439260656029,-0.3715782341012486,1.898824347850372,1.9353000653620445
1.5443919423029098,-0.04718257300770595,-0.3720648030198137,1.8918217428623052,1.9286388774491638
1.5468788858492912,-0.052147291295226494,-0.37254024828446086,1.8847651393885947,1.9219378780896603
1.5493658293956727,-0.04753175461723219,-0.37300460843803007,1.8776547263688492,1.914935763170211
1.5518527729420541,-0.05248959005649956,-0.3686695187506337,1.8800674996199849,1.9165923338695334
1.5543397164884356,-0.052655601466110646,-0.36911182450006175,1.872850035269483,1.9096029445830947
1.556826660034817,-0.05760660931290307,-0.35996635440843283,1.860790926274599,1.8961638033272619
1.5593136035811987,-0.06255422411467221,-0.3603867604851074,1.8630439757775177,1.8986112039510454
1.5618005471275802,-0.07228686304142606,-0.37516148482270495,1.8748209705386243,1.9133544370644284
1.5642874906739617,-0.07722773331354249,-0.38034854963535336,1.8817568908932554,1.921363614318413
1.5667744342203431,-0.08216525212332892,-0.38073639710157536,1.8982171373099659,1.9377666611621793
1.5692613777667246,-0.09667623999410851,-0.3811134694415892,1.919413497183239,1.9592707687143183
1.571748321313106,-0.09681869421742129,-0.3814798055961548,1.9261925481495927,1.9659904461046263
1.5742352648594877,-0.11611145193866612,-0.3914122511866793,1.9185544813255833,1.9615138840866784
1.5767222084058692,-0.125824107148988,-0.3869688286315722,1.9108646979833246,1.9537094139792728
1.5792091519522506,-0.12116827045061596,-0.38251478695009355,1.9127001962650674,1.9543339921292615
1.581696095498632,-0.12129756905655892,-0.39720377851934474,1.928849571179045,1.9730546394275708
1.5841830390450136,-0.11663521026687884,-0.4023054225500031,1.9401594013140722,1.9848606822128636
1.586669982591395,-0.12633482131214552,-0.3930313548901814,1.9466298787182073,1.9899251286722437
1.5891569261377767,-0.13603120618908138,-0.374170018063666,1.9674148088946355,2.0072938802609186
1.5916438696841582,-0.13614757222276802,-0.3744518712300331,1.9737839643131485,2.013597155110613
1.5941308132305396,-0.14104914334760427,-0.3699349370588254,1.9561607308904145,1.9958235201473928
1.596617756776921,-0.14115912690388932,-0.3654076581740413,1.9480641245874244,1.9870587533500548
1.5991047003233025,-0.14605434352034424,-0.3608700739111321,1.9351291283194492,1.9739006623374378
1.601591643869684,-0.14615800055132133,-0.3515338203161855,1.9173559351160199,1.954786937207193
1.6040785874160657,-0.14625851531870115,-0.3469757434263574,1.8995331414762022,1.9364942229183009
1.6065655309624471,-0.14635590183035307,-0.3471958826675001,1.8960261506848441,1.9331011859244793
1.6090524745088286,-0.15602698074078375,-0.3474058741736581,1.8924699462459973,1.930408702211471
1.61153941805521,-0.15611815278834873,-0.34281735410657,1.8936531250819906,1.9307560110069486
1.6140263616015915,-0.15141783531840197,-0.3525839752564264,1.8947874776075002,1.9332517698836662
1.616513305147973,-0.15629125232207075,-0.37191737383793644,1.9006616010067585,1.9430038625943291
1.6190002486943547,-0.16116161119378092,-0.37208716948952114,1.8969104793076363,1.9397657830594977
1.6214871922407361,-0.15166371601222423,-0.3626702084365814,1.8931111132604457,1.933494569424045
1.6239741357871176,-0.14695119410256624,-0.3676085468891195,1.903628907052667,1.944359460840673
1.626461079333499,-0.15660086615335367,-0.3725370145175182,1.9188872483830552,1.9609783095365179
1.6289480228798805,-0.1614591329349797,-0.37266724765485737,1.9245211217389047,1.9669091176518385
1.631434966426262,-0.16631441182283663,-0.37757609261643577,1.93010752831393,1.9737120509713617
1.6339219099726436,-0.16158991023453284,-0.3872635890974139,1.9404350660824186,1.9852890550779994
1.636408853519025,-0.16643925551242317,-0.38736456685170495,1.9363503165139964,1.9817179117350665
1.6388957970654066,-0.16170884843895222,-0.38266746893337356,1.9322186844134261,1.9763737470022409
1.641382740611788,-0.1521871064004351,-0.37317233509428327,1.9184635580728964,1.9603369431523692
1.6438696841581695,-0.14266244678521495,-0.3636676084239383,1.8950851325102702,1.9349300665918134
1.646356627704551,-0.1331348836630663,-0.3780953453096316,1.909967636027643,1.9515781711388889
1.6488435712509326,-0.13318123774586232,-0.3685715523497337,1.9391692471996302,1.978372968015332
1.651330514797314,-0.12364790982478674,-0.3590382859622774,1.9539597413538203,1.9905165076487703
1.6538174583436955,-0.12368852725443524,-0.36386079593887155,1.9687045237699765,2.005864161030854
1.656304401890077,-0.13330310410878687,-0.368673912162671,1.9834037898324164,2.0217766356835662
1.6587913454364585,-0.1285496378606153,-0.3639008678497895,1.9836925250261164,2.0208871529257677
1.6612782889828401,-0.11900494922496169,-0.3639069128297723,1.9839361348156483,2.0205427503947018
1.6637652325292216,-0.11424585891667433,-0.3639036836620191,1.984134814758506,2.020462563473812
1.666252176075603,-0.10948397768919177,-0.3591028169162618,1.9699235505012505,2.005377861976963
1.6687391196219845,-0.09993091629521061,-0.35908115913273564,1.9604561509787901,1.9955735483279693
1.671226063168366,-0.09995189876765975,-0.36383875021985146,1.9557328118871142,1.9917981448230848
1.6737130067147474,-0.1095469391772404,-0.3685872267737462,1.9557537289607048,1.9931958569010635
1.6761999502611291,-0.10477403499152854,-0.37811503203846053,1.9557306946484214,1.994700760979413
1.6786868938075106,-0.09521000691845771,-0.3828453993036147,1.946087098109694,1.9856713067913248
1.681173837353892,-0.08564327234353986,-0.3827783685052162,1.9459767484529182,1.985114494182292
1.6836607809002735,-0.08086224864991637,-0.3779139795842772,1.955399841528541,1.993225079982637
1.686147724446655,-0.07129014325714628,-0.3730406758063771,1.940837749964352,1.9776483008913368
1.6886346679930364,-0.0665037768631268,-0.37773530376090836,1.931021089567989,1.968743040724398
1.691121611539418,-0.07607997016257467,-0.3728442901181426,1.9355268628778513,1.972578328851713
1.6936085550857995,-0.08086512392488499,-0.363156078151917,1.925624845878132,1.9612375053596256
1.696095498632181,-0.07607084887667698,-0.35824751445764447,1.906103637799757,1.94096860708703
1.6985824421785625,-0.07127396570152783,-0.35811863899063123,1.8913286445151227,1.9262536124152334
1.701069385724944,-0.07605129507877006,-0.3531926850653382,1.8908768685734376,1.925082908441325
1.7035563292713254,-0.08082604440197727,-0.3482580959562034,1.9095369091970325,1.9427165924134344
1.706043272817707,-0.08080982438026207,-0.35289171825628474,1.9042133323948551,1.9383217503295371
1.7085302163640885,-0.07121424571770524,-0.36709359191558333,1.9084251572869357,1.9447148261337166
1.71101715991047,-0.07119293571464763,-0.36692174027938407,1.9221725797335152,1.9581745131281632
1.7135041034568514,-0.07595750506431215,-0.361953009931268,1.9119369723314152,1.9473783685102692
1.715991047003233,-0.06635435449316429,-0.3665526507705139,1.9064489508166291,1.9425013122819044
1.7184779905496144,-0.066325514604403,-0.3711438960894986,1.9344391308966324,1.9708377956179322
1.720964934095996,-0.07587099939332625,-0.3805151891354721,1.9528120784420837,1.9909854925189778
1.7234518776423775,-0.07104880624707455,-0.3755129565473432,1.9472027792097677,1.9843529365428683
1.725938821188759,-0.06143575578811883,-0.36571404487839265,1.9367650421593225,1.9719482607920966
1.7284257647351404,-0.061397071952133564,-0.3702721073143125,1.9406526762074732,1.9766142374197615
1.7309127082815219,-0.06135596206586308,-0.36045676382874037,1.9349238603416268,1.9691683467876127
1.7333996518279033,-0.05652403676874179,-0.3602100709091087,1.919578790100707,1.953900968145897
1.735886595374285,-0.05647811665326585,-0.35516685847000895,1.9089828709309602,1.9425624511258233
1.7383735389206665,-0.06600661898348525,-0.3644807796571521,1.8983478949402475,1.9341478337276046
1.740860482467048,-0.06595594441350905,-0.36899826104199684,1.902039267457007,1.9386240683030538
1.7433474260134294,-0.061114510190369675,-0.35914253582415645,1.9009035705033144,1.9354980570246676
1.7458343695598109,-0.06584754019283856,-0.36843246707289534,1.8949409993147972,1.93154854255
1.7483213131061923,-0.08015504832961184,-0.3777144813201798,1.9080937656574628,1.9467703715930575
1.750808256652574,-0.08967183853906074,-0.38698861836467247,1.921208451339849,1.9618468703929046
1.7532952001989555,-0.08960952139054523,-0.3962549179897823,1.9342852513736188,1.976488618747003
1.755782143745337,-0.09433332072479111,-0.3959366133223634,1.937747554048241,1.980032868512058
1.7582690872917184,-0.09905484709114265,-0.40518735739451106,1.9507491674900246,1.994846102281482
1.7607560308380998,-0.10856251766919062,-0.4000651733382026,1.9637134798149543,2.006989933698661
1.7632429743844813,-0.10849113634665153,-0.39972371415023034,1.9574870724065034,2.000826082636476
1.765729917930863,-0.11320592692224779,-0.39937461620714876,1.946435349795058,1.9902075863820694
1.7682168614772444,-0.12270690322265121,-0.3990179191864738,1.9449237164123208,1.9892210904254735
1.770703805023626,-0.1274172724225523,-0.393865259425378,1.9337987533457506,1.9776103312673612
1.7731907485700074,-0.1321254516459805,-0.3887050798809537,1.9226374614992512,1.965981582431076
1.7756776921163888,-0.13204305136449973,-0.3883258234889202,1.911440035027324,1.9549514879165808
1.7781646356627703,-0.1415352953188423,-0.37836231988170255,1.9097834746129605,1.9520407795002666
1.780651579209152,-0.14144858399523536,-0.3683914152705725,1.9176679741830602,1.9578484098537035
1.7831385227555334,-0.14135973778921546,-0.3727783591637479,1.9111517109441793,1.9522927912517416
1.7856254663019149,-0.15084557708352436,-0.3723695778032199,1.8998116852229678,1.9418285016727772
1.7881124098482963,-0.15075250232599197,-0.36237670736722816,1.8932248972207022,1.9334796886588181
1.7905993533946778,-0.15544573719336313,-0.366741803930537,1.8818147337287359,1.92350971404887
1.7930862969410595,-0.16013689206762527,-0.3710996969794076,1.875158194687736,1.9182223709476063
1.795573240487441,-0.16482598063733345,-0.3658736192937577,1.873255473262554,1.9157549888480747
1.7980601840338224,-0.1647246132567563,-0.3558520135871377,1.8665299558389696,1.907275263256679
1.8005471275802039,-0.16940961022688789,-0.341034919224839,1.8645586419423408,1.9030458116949744
1.8030340711265853,-0.1693041785530328,-0.3549411987857427,1.88649533759376,1.927047435387612
1.8055210146729668,-0.17398513850706854,-0.35926366501481377,1.8892446055021646,1.930954786845158
1.8080079582193485,-0.16908729374440984,-0.3492139538693273,1.8680182347876961,1.907887057449208
1.81049490176573,-0.1641874645069022,-0.34873412119792535,1.8659120476191493,1.9053085787449708
1.8129818453121114,-0.16886247102102425,-0.34345899625560783,1.868561026163932,1.9073539065226053
1.8154687888584928,-0.16874711689610766,-0.33817702154685003,1.871176959069289,1.908963723991328
1.8179557324048743,-0.15905301236628916,-0.34246504286404056,1.8785484414591576,1.9161222333753372
1.8204426759512558,-0.1589337842512274,-0.33238108272435607,1.8858872616497884,1.9215378985547926
1.8229296194976374,-0.163601042752749,-0.3175019868535087,1.8884052077872528,1.9218863238089108
1.825416563044019,-0.158689591415569,-0.3217698109038811,1.9004676811255807,1.9340360918647825
1.8279035065904004,-0.1441994437286162,-0.3260309806101569,1.8981328561799584,1.931320278876383
1.8303904501367818,-0.13928422644513516,-0.3207087283121344,1.8909777305283013,1.9230317109985395
1.8328773936831633,-0.12479033973871573,-0.3153798995947503,1.8933677048863347,1.9235067912193722
1.8353643372295447,-0.11029460368742938,-0.3196213400062091,1.8813609532217344,1.911502481530517
1.8378512807759264,-0.1101622416720725,-0.3190678784558254,1.8693228758760734,1.8995546964554906
1.8403382243223079,-0.11002805713374136,-0.3232963604165322,1.8811956796399416,1.9119424403237624
1.8428251678686893,-0.10989206345643387,-0.32751842136178366,1.869095521304624,1.9007531795851433
1.8453121114150708,-0.10975427400589394,-0.32694569672588747,1.8569646072684645,1.888718359607345
1.8477990549614522,-0.10961470212939506,-0.3359434351846655,1.8639567404088941,1.897157901884379
1.8502859985078337,-0.10468495783521464,-0.34972327209235177,1.856553286876343,1.8921034365095621
1.8527729420542154,-0.09496505443303915,-0.3491316328013214,1.8491196458178285,1.884185426951243
1.8552598856005968,-0.0852434085337595,-0.343745362544305,1.8512328128505873,1.8848050934629466
1.8577468291469783,-0.0803084367289359,-0.34314130651193064,1.8341625568169606,1.8677118851883687
1.8602337726933598,-0.08973695891090633,-0.3473195032115166,1.807485872906489,1.8427394660836365
1.8627207162397412,-0.08001016506944914,-0.3371263778258662,1.7903565627311044,1.823576826693837
1.8652076597861227,-0.07028168169782645,-0.3317155820564368,1.7779864110801027,1.8100305025459706
1.8676946033325044,-0.06533992530818589,-0.3358755575993242,1.7847408158000242,1.8172455738326816
1.8701815468788858,-0.06518490907199942,-0.3352411328243856,1.7914663512684017,1.8237289758171369
1.8726684904252673,-0.06023983949953088,-0.33938915265747305,1.802951608234637,1.8356057138831179
1.8751554339716487,-0.050504729720878605,-0.3387428486970623,1.8144083705750118,1.8464493441414116
1.8776423775180302,-0.059921609446716095,-0.3428790657761773,1.816260018610154,1.849312604247315
1.8801293210644117,-0.05976007184308485,-0.3374326320790253,1.8180835457038,1.8500972478595203
1.8826162646107933,-0.05002012997649813,-0.3224035857029266,1.8198791383381243,1.8488932266724554
1.8851032081571748,-0.04985541017312184,-0.32652238461869976,1.8168585794312833,1.8466395228180494
1.8875901517035563,-0.0592659254560684,-0.33542385686542353,1.8042336516549522,1.8361047582964334
1.8900770952499377,-0.05909807554520141,-0.34431963707331814,1.8059465573534528,1.8394269659391849
1.8925640387963192,-0.05414027673974242,-0.3340561498616359,1.8076322720566305,1.8390375504068566
1.8950509823427006,-0.05875775195713839,-0.3285754496818605,1.794925771039651,1.8256979002811442
1.8975379258890823,-0.06816211081099194,-0.332665977653106,1.7821924492421575,1.8142553988272618
1.9000248694354638,-0.06798815625148447,-0.3367509648818867,1.7790092980233894,1.8118768402386047
1.9025118129818452,-0.06781270780737236,-0.33125364242251853,1.7662228885579374,1.7982966471147905
1.9049987565282267,-0.06763577834360318,-0.33532766119844837,1.7534102116768358,1.7864676345485726
1.9074857000746082,-0.07224578402206011,-0.33939625215798674,1.7357830479820882,1.7701276956620495
1.9099726436209896,-0.07206593102011927,-0.3434594528362682,1.7229183877659162,1.758296239277753
1.9124595871673713,-0.06709623213202126,-0.35230570403441996,1.7243932210471762,1.7612930461041847
1.9149465307137528,-0.06691350676867802,-0.34199302657685005,1.7306309242875164,1.765366829787945
1.9174334742601342,-0.0763061709965494,-0.3316750711154053,1.7320548736700152,1.765175648465505
1.9199204178065157,-0.07612062425620464,-0.3357170849257347,1.7430304616981642,1.7766979205694768
1.9224073613528971,-0.08072208920587903,-0.3493307019458407,1.7444042573495633,1.7808689474711543
1.9248943048992788,-0.0853221751978534,-0.34378553945524404,1.7409648459170999,1.7766336047250084
1.9273812484456603,-0.08513249155952202,-0.3478120545197845,1.7470776190454735,1.7833959104354833
1.9298681919920417,-0.08494145423382632,-0.3422566709442556,1.7531659514865057,1.7882800487912363
1.9323551355384232,-0.08474907581813712,-0.341484635717189,1.7592300243387795,1.7940692408092704
1.9348420790848047,-0.09413217552500813,-0.350284389127554,1.7748468250451728,1.8115300914167738
1.9373290226311861,-0.1083023625804343,-0.35429075812363386,1.78086292082787,1.8189898531360462
1.9398159661775678,-0.09374082626273317,-0.3535037795547078,1.7724900885686719,1.8098268919269769
1.9423029097239493,-0.08875480562891663,-0.3479234902096313,1.768882121447211,1.804957653280947
1.9447898532703307,-0.10292111978797114,-0.3423383301366534,1.7700391990556676,1.8057760258051916
1.9472767968167122,-0.1075093612600378,-0.3415367393226161,1.7568078873963424,1.7929248618622213
1.9497637403630936,-0.1216731557418615,-0.3407303510518491,1.738765172082398,1.7760084044291093
1.952250683909475,-0.12625890234100234,-0.33991920186662083,1.7254880384135456,1.7631776271624537
1.9547376274558568,-0.12126661341939732,-0.33910332824634626,1.7026114547721347,1.7402822830446916
1.9572245710022382,-0.1114847046322569,-0.33828276660711154,1.6845008091442066,1.721745348638349
1.9597115145486197,-0.1208552048888229,-0.32788074666057687,1.685521489195252,1.7213641262436012
1.9621984580950012,-0.13022451318814565,-0.32226251465568856,1.7008852689866414,1.7360363620739794
1.9646854016413826,-0.12043902850171712,-0.33100491345633554,1.6970735023326595,1.7332421309898722
1.967172345187764,-0.12980598961704387,-0.33495436593932437,1.6740863659622667,1.7121942596863895
1.9696592887341458,-0.13917179544999725,-0.3341109081970397,1.66065445619647,1.6996388176639825
1.9721462322805272,-0.1389596515290057,-0.33326297957604734,1.6519895457820057,1.6909888993373094
1.9746331758269087,-0.12916956999489398,-0.3324106160360176,1.6337266004906166,1.672197416759378
1.9771201193732901,-0.13374357956165028,-0.3267654501492676,1.6202310056792983,1.6582555642149275
1.9796070629196716,-0.1383164823522044,-0.31632751774093837,1.611502936405249,1.6480704662766006
1.982094006466053,-0.1428882904217021,-0.31546206452915726,1.6171193740252088,1.6537860948575902
1.9845809500124347,-0.13788220915577076,-0.3098039162418065,1.6227152829510496,1.6577680355355333
1.9870678935588162,-0.1376634605125559,-0.3089299151394975,1.6282908372100984,1.663045390652568
1.9895548371051976,-0.14223205646005327,-0.31284009677295144,1.6529998237632366,1.6883445446339016
1.992041780651579,-0.14679960561657973,-0.31195768998255957,1.6681119960184043,1.7033688255363084
1.9945287241979606,-0.14657771657092283,-0.31107113349950843,1.6688391236330844,1.7038997322789438
1.997015667744342,-0.14156640120249742,-0.3053920593437889,1.679123395832499,1.7125305060908345
1.9995026112907237,-0.13176567136087652,-0.299708906105018,1.6702345649621781,1.7020197186114634
2.001989554837105,-0.05013789238126082,-0.31796372558264174,0.9143354982436485,0.9693421183396961
2.0044764983834864,-0.006816352420261185,-0.3026957130589447,1.0682139160535966,1.1102937124090817
2.006963441929868,0.026929356684879946,-0.29221213015019787,1.2699573919217784,1.3034204603868789
2.0094503854762498,0.05109922320550386,-0.27693620519686224,1.457316853505521,1.4842766601521014
2.011937329022631,0.0609048321232486,-0.2568679731069272,1.6590228911814187,1.679895088286163
2.0144242725690127,0.0515577684505128,-0.23679587203518393,1.8607104650745523,1.8764258374202953
2.016911216115394,0.018269617230604662,-0.2310851467031254,2.0144957116970863,2.0277887208450758
2.0193981596617756,-0.019806019860540147,-0.2301590251563601,2.129955607032188,2.1424463454685387
2.0218851032081573,-0.057880751076752335,-0.22444073536576958,2.2070903200477536,2.219227682299685
2.0243720467545385,-0.09595458796075568,-0.22829552182867063,2.231534809373888,2.245233558827477
2.02685899030092,-0.14360434866446975,-0.22735820904498683,2.19371243658245,2.210133077122733
2.0293459338473014,-0.1768880280659561,-0.2264172347199751,2.09362336950523,2.11324701632103
2.031832877393683,-0.20059404093335587,-0.23983784312319933,1.9695750021540555,1.9942381626481098
2.0343198209400644,-0.21951080200290973,-0.24846645520535438,1.8263559049139513,1.8562048547971026
2.036806764486446,-0.22884991933814758,-0.2618799117619175,1.6735430511039464,1.709298018972646
2.0392937080328277,-0.22382300097039676,-0.27050144022965084,1.5207134136547875,1.5607168389555186
2.041780651579209,-0.1996416548986341,-0.2743310746081029,1.3678671584663302,1.409317172277786
2.0442675951255906,-0.17067110237060124,-0.2781572521389042,1.2389464676481152,1.281205850673343
2.046754538671972,-0.14169975796080903,-0.2867684099850867,1.1531051195954438,1.1966479679541304
2.0492414822183536,-0.10793922957035579,-0.2857993719494756,1.100766472385974,1.1423742753651354
2.0517284257647352,-0.06938952838777918,-0.28003857503680063,1.0915074969811585,1.1289929699181451
2.0542153693111165,-0.030839068888897148,-0.283851262812715,1.130116760622757,1.1656270759598804
2.056702312857498,0.012500541124257525,-0.2876606621612434,1.1878640069092352,1.2222625818513417
2.0591892564038794,0.05105248392200584,-0.2866784032062979,1.2647493989580116,1.2978373954945863
2.061676199950261,0.06566313516746591,-0.2856929226316307,1.3607730994818548,1.3919897706647408
2.0641631434966428,0.07069769379949592,-0.2799158503992287,1.4567816575058785,1.4851140847957995
2.066650087043024,0.07094455215001017,-0.26934721970990827,1.547986831607914,1.5728459190514281
2.0691370305894057,0.06161529594410625,-0.2635638703232628,1.6439655899169825,1.666098802371921
2.071623974135787,0.028344704300191925,-0.2625658352760847,1.7351412868691938,1.7551237920768368
2.0741109176821686,0.009439992894174076,-0.26156474420232545,1.7879952598858564,1.8070507126945168
2.07659786122855,-0.023829269048230517,-0.2653490332936941,1.8025276692155163,1.822109750212866
2.0790848047749315,-0.05709788238418373,-0.26434192869776085,1.7883154813307494,1.808648413652482
2.081571748321313,-0.08557745457704224,-0.26812026975981107,1.764512468926501,1.7868173473483673
2.0840586918676944,-0.10926799637592222,-0.2766840891006366,1.7215419843559632,1.7470547742110791
2.086545635414076,-0.12338111517495526,-0.2756682092958931,1.6498273795508247,1.677243644648493
2.0890325789604574,-0.12791682165379303,-0.2746494694382755,1.5541572159806103,1.5834139371337288
2.091519522506839,-0.12287512645717702,-0.2784163052153197,1.477627281252655,1.5086405529527998
2.0940064660532207,-0.12740965347606853,-0.27739194226845765,1.4058725227042537,1.4386302720050004
2.096493409599602,-0.1127899933631703,-0.2811532194348847,1.3197394839246304,1.3540609368972705
2.0989803531459836,-0.08859296329841537,-0.2753349588644407,1.2479587412766708,1.2810382791500534
2.101467296692365,-0.07876059038729438,-0.27909080586303814,1.224049274012689,1.2579314503288428
2.1039542402387466,-0.05935086849671006,-0.27805558240798733,1.219280817788567,1.2519916713487818
2.106441183785128,-0.035152211379825715,-0.2770177236711211,1.2192883177871465,1.2508551071507168
2.1089281273315095,-0.020529839394723193,-0.2903424713778673,1.2432255419980685,1.2768437544460058
2.111415070877891,-0.01069535958242318,-0.29408784060381965,1.3006694513334125,1.333545301195117
2.1139020144242724,-0.0008603789480084445,-0.28346545961819913,1.3533129730638471,1.3826819627489901
2.116388957970654,-0.0006017144214717218,-0.282417376524176,1.3963678572623959,1.4246414037990816
2.1188759015170353,-0.005130972935723621,-0.2813668160945193,1.4489878701624086,1.47606214637468
2.121362845063417,-0.01923656802805568,-0.28031380965412245,1.4920195509921381,1.518245111296291
2.1238497886097987,-0.03334170323847002,-0.27446998511877707,1.5254630518169758,1.5503170528523207
2.12633673215618,-0.06181159867205899,-0.2686237769558306,1.5541069275771981,1.5783623632169674
2.1288236757025616,-0.09028105447551227,-0.26756361954327224,1.5635861194850396,1.5888808993585994
2.131310619248943,-0.10438487075883929,-0.26650114052883955,1.5730543915467194,1.5988806015181156
2.1337975627953245,-0.12327667083748306,-0.2750131774313025,1.5585698774361312,1.5874411636923464
2.1362845063417057,-0.14216806138846433,-0.26915774443706564,1.5344979369388128,1.5643981486625698
2.1387714498880874,-0.16584745569247206,-0.25851167888427096,1.4768967028256377,1.5084951234579682
2.141258393434469,-0.1751612503915782,-0.2574402213406586,1.424073550578056,1.4577182199103704
2.1437453369808503,-0.17968626201257976,-0.2563665956814276,1.3712402253399407,1.40652434736398
2.146232280527232,-0.17942250040440266,-0.2505024290108495,1.3279736817600636,1.3632527278678308
2.1487192240736133,-0.1647931687380081,-0.25421296162294915,1.284697260748631,1.3199348734293146
2.151206167619995,-0.1549518900687994,-0.2579214171184363,1.2509879160385484,1.2866640244130345
2.1536931111663766,-0.1403218674927783,-0.2424742123653889,1.2412110042232172,1.2724341740002443
2.156180054712758,-0.1256915140292787,-0.24139020066306793,1.2314246548725567,1.2611400660922338
2.1586669982591395,-0.11106083933960154,-0.2498810086557306,1.2359942236567658,1.2658818070556639
2.161153941805521,-0.08685304640663888,-0.23921624629332383,1.2357662425404516,1.2616996751855523
2.1636408853519025,-0.08179856473789787,-0.24291476659686895,1.2307408563049052,1.2571482189472023
2.166127828898284,-0.07674379059979197,-0.24182298597072682,1.2448602258672192,1.2704506869161065
2.1686147724446654,-0.08605394346286771,-0.23115253068673347,1.2685476884354117,1.2923041482032076
2.171101715991047,-0.09536382283765782,-0.2252686402042765,1.3018033873900823,1.3245875880386273
2.1735886595374283,-0.08551982487616044,-0.21938294060756647,1.3446274656426809,1.3650881057415785
2.17607560308381,-0.09004078221550593,-0.21828386452728754,1.3635012423922124,1.3837958035707631
2.178562546630191,-0.089773090931001,-0.22197144117943068,1.3727900695694526,1.3935146585748863
2.181049490176573,-0.0990819703016732,-0.22565729636507292,1.3724940886718073,1.3944455800355606
2.1835364337229546,-0.12275583292737913,-0.22455305579047158,1.3817670540044364,1.4052662597937204
2.186023377269336,-0.12727586480685082,-0.21387034506684532,1.395820702796378,1.4178346534826682
2.1885103208157175,-0.13179568842355788,-0.2031859996710974,1.3859247551995164,1.406926466104118
2.1909972643620987,-0.13631531294093863,-0.19728845166435827,1.3616561574516304,1.382610606363283
2.1934842079084804,-0.13604634416327138,-0.20575453633239427,1.342168661953476,1.3646465674714219
2.195971151454862,-0.1262003878559032,-0.2094306689432206,1.3226740040256342,1.3450852255207433
2.1984580950012433,-0.1211426630264365,-0.20352847462971368,1.2840187085481443,1.3056812125062836
2.200945038547625,-0.1112963720418304,-0.19762478838939446,1.25014492980322,1.2705529445593065
2.2034319820940063,-0.09666152387053545,-0.2012964451233148,1.240206418271283,1.2601490661574695
2.205918925640388,-0.09160333740272303,-0.20496666635459704,1.2733569239502334,1.2929966595130222
2.208405869186769,-0.07696820824709638,-0.20384707682981107,1.2490401133467586,1.2679033640471622
2.210892812733151,-0.05275614525425931,-0.20272610783909428,1.2342937686941422,1.2519433665700956
2.2133797562795325,-0.047697577157274906,-0.2016037872550278,1.2434832352170115,1.260622743792928
2.2158666998259138,-0.04742730276691193,-0.20048014285276938,1.2478782277710465,1.264769428817371
2.2183536433722955,-0.0232149108934554,-0.19935520230986858,1.2379020740061915,1.254066574630163
2.2208405869186767,-0.00857923347164291,-0.20301739652639705,1.2279201176861037,1.244619412494266
2.2233275304650584,-0.013097085794977259,-0.20667834966383714,1.2227208954451072,1.2401346144810945
2.22581447401144,-0.017614863195352493,-0.20076128246522051,1.1983625235061108,1.215190566819215
2.2283014175578213,-0.01734417092580559,-0.19963143217683044,1.1787871508047925,1.1956975687357387
2.230788361104203,-0.012285017519832075,-0.19850042266522427,1.159206505863784,1.1761433002362671
2.233275304650584,-0.02159102475226532,-0.2021566843389433,1.1491975266746906,1.1670426096282835
2.235762248196966,-0.03568539443609414,-0.20102343754678698,1.1343951341348184,1.1526214426983126
2.238249191743347,-0.044991328344282044,-0.19510070917921452,1.1291646685698264,1.1467786861878893
2.240736135289729,-0.04472043153002375,-0.1891769293478749,1.1335062598501704,1.150054028606154
2.2432230788361105,-0.04444951896731625,-0.18325212474482955,1.1378432307106774,1.153362180164597
2.2457100223824917,-0.044178598949343284,-0.18211472528302552,1.1373873067107407,1.152721738858408
2.2481969659288734,-0.04869608304936024,-0.1809763541352063,1.1273502129133153,1.1428220560595246
2.2506839094752547,-0.05321357615970557,-0.1798370376947025,1.1268856904857607,1.1423854009204075
2.2531708530216363,-0.05294268313237582,-0.18827360889560163,1.1407822701366683,1.1574256206607834
2.255657796568018,-0.047883412099287315,-0.19192088397041873,1.1403096588339245,1.1573385696883165
2.2581447401143993,-0.03803577115192602,-0.19077888901245554,1.1254679829681198,1.1421565063800478
2.260631683660781,-0.032976574981899154,-0.19921285997566507,1.1201993850315493,1.138252994857594
2.263118627207162,-0.02791742827936189,-0.20285761279170522,1.1197155870941913,1.1382853727650954
2.265605570753544,-0.018069935693884376,-0.20171317325262317,1.109651504084301,1.1279810226046247
2.268092514299925,-0.01301091179535474,-0.20535637369041115,1.1091608736706213,1.128086152615481
2.2705794578463068,-0.017528767792685085,-0.20421043305500453,1.1182438197383533,1.1368721999643872
2.2730664013926885,-0.017258301572832035,-0.19827537683603547,1.1129584490682412,1.1306137640171534
2.2755533449390697,-0.007411117622630692,-0.1971280370627131,1.1028816911797694,1.120384939384747
2.2780402884854514,-0.011929240310003808,-0.20555684234276406,1.1071672817290317,1.1261506612969487
2.2805272320318326,-0.02123587071986488,-0.2091966079013865,1.1018733259847533,1.1217571080583264
2.2830141755782143,-0.025754209896259483,-0.20325895550299977,1.0965767519527478,1.115552802534595
2.285501119124596,-0.0446378787642136,-0.21168592673239273,1.08648927717228,1.1078187673114517
2.287988062670977,-0.053944868324997675,-0.20574712654930227,1.0859762319577317,1.1066102770528607
2.290475006217359,-0.053675186140485054,-0.19980778969455093,1.0710957195543767,1.0908942290055188
2.29296194976374,-0.06777085633310115,-0.2034447474868255,1.0562130692628848,1.0777609669726511
2.295448893310122,-0.0818666764217364,-0.1927160079007013,1.0509052065560507,1.0715611814432902
2.2979358368565035,-0.08159744388421536,-0.18677520869154174,1.0408070397970786,1.0605764543498806
2.3004227804028847,-0.0909051827197569,-0.1808339709110367,1.0307070901219468,1.050391252300026
2.3029097239492664,-0.1002130936442745,-0.17489231882897416,1.0301822814780408,1.0497168763025737
2.3053966674956476,-0.0999443773325181,-0.16416187329253118,1.0392327306627998,1.0568550835777615
2.3078836110420293,-0.1044642510196172,-0.15821946500742534,1.0387049406826847,1.0558665316444806
2.3103705545884106,-0.10898431861824026,-0.14748831129565998,1.0333874306355728,1.0495332131329236
2.3128574981347922,-0.09913937735919326,-0.13675683933760618,1.0041267025072695,1.018234493590206
2.315344441681174,-0.09408304767421227,-0.13081347621100692,0.9604996776946013,0.9739216684464458
2.317831385227555,-0.09381533667249325,-0.1296582455705697,0.9599673102862365,0.9732162220481134
2.320318328773937,-0.09833625142192892,-0.13329117096821452,0.9785876974139747,0.9925071466401536
2.322805272320318,-0.10285739562876989,-0.13213546921237196,0.9876305323773735,1.0017252590124306
2.3252922158666998,-0.10259037295791784,-0.1405563736101012,1.006249541166861,1.0211851046135492
2.3277791594130814,-0.11190040031415488,-0.14418869744358975,1.0152912226978277,1.0315659682968399
2.3302661029594627,-0.10684546799837935,-0.13824406053257832,1.019544091974348,1.0344068492542602
2.3327530465058444,-0.1065791961528918,-0.1514529058358658,1.0094314535264495,1.0262791857517353
2.3352399900522256,-0.12067839823795018,-0.155084836365313,0.999318627972297,1.018455842186674
2.3377269335986073,-0.12520106443018642,-0.1347746649904713,0.9796289188148251,0.9967508893580425
2.3402138771449885,-0.11535879814603422,-0.13840644764163423,0.9599392423242872,0.9767022811546006
2.34270082069137,-0.11509362268233209,-0.15640340030200806,0.9641917242177325,0.9835518525518301
2.345187764237752,-0.11961714137256957,-0.14566991560918652,0.9732328598149991,0.9913173983378958
2.347674707784133,-0.11935255418843421,-0.14451324254262365,0.963120740601024,0.9811883970152476
2.350161651330515,-0.11908827102105157,-0.15293340341576966,0.9625858940693792,0.9819074526840399
2.352648594876896,-0.10924749175910076,-0.14698840383696377,0.947686410675205,0.9652202537745705
2.3551355384232777,-0.10419543285130606,-0.13625507255314417,0.9279992036006632,0.9437185252536896
2.3576224819696594,-0.10393210074392689,-0.13509864152793538,0.9178895888328995,0.9335817167209138
2.3601094255160406,-0.08930388856045102,-0.13873072934004504,0.8982040586013813,0.9132315865448545
2.3625963690624223,-0.07946441594531356,-0.13278614782386144,0.8880963311824459,0.9014775914658949
2.3650833126088036,-0.0792020925404811,-0.13641853195222797,0.9019317210163571,0.9156220927316683
2.3675702561551852,-0.06457490802449567,-0.1448394999926701,0.9253451221056341,0.9388354459164767
2.3700571997015665,-0.05473648191717062,-0.15326067010891498,0.9200294113352143,0.9343120641288559
2.372544143247948,-0.04489841709519704,-0.1521052570405792,0.9242919181989713,0.937799246707401
2.37503108679433,-0.03984912303434751,-0.1461616853843739,0.9285559384714741,0.9408333124159918
2.377518030340711,-0.030011799207905143,-0.14500678295347091,0.9088795574500956,0.9208635757509862
2.3800049738870928,-0.024963258328854765,-0.14385216749623098,0.8892048931190271,0.9011115093630628
2.382491917433474,-0.039068716388947156,-0.15706306993837815,0.8838972563054686,0.8985930849072249
2.3849788609798557,-0.03402095281495271,-0.16069749453923432,0.8833799407186547,0.8985216912494202
2.3874658045262374,-0.014608376874911566,-0.15475546205577784,0.8732878362310696,0.8870142629181113
2.3899527480726186,-0.009561414396900614,-0.15360220310199768,0.858409445479996,0.8720962295138828
2.3924396916190003,-0.01888007124558566,-0.1524493349067111,0.8339564639456256,0.847986226633681
2.3949266351653815,-0.018622336642553305,-0.15129687791511426,0.8190826031932623,0.8331469543500359
2.397413578711763,-0.013576619689754543,-0.14535644914816048,0.808999557670214,0.8220663636360291
2.3999005222581444,-0.018108136088257232,-0.14899327880411528,0.8037074246276887,0.8176016916097127
2.402387465804526,-0.017851681575764167,-0.15263058037575705,0.8032063008005199,0.8177745032993986
2.404874409350908,-0.008018858489119263,-0.1466915672519411,0.8122846857275263,0.8254629783713897
2.407361352897289,-0.012551689045570302,-0.1551182759597931,0.8213658684703233,0.8359791351000596
2.4098482964436707,-0.0027197588974700593,-0.14918030639909485,0.8112963309337058,0.8249023563381797
2.412335239990052,0.0023233131411483088,-0.1384544849282312,0.7772877644672995,0.7895260039867374
2.4148221835364336,-0.002210881741382009,-0.14209444444232888,0.7672242964281342,0.7802748491199072
2.4173091270828153,0.0028312642862476367,-0.14573499449046334,0.7619524071729415,0.7757694086990244
2.4197960706291965,-0.0017038674657535724,-0.1493761544787966,0.7662605931441906,0.7806865153804701
2.4222830141755782,-0.006239475723927079,-0.14344113706904515,0.7657837369874176,0.7791270902076147
2.4247699577219595,-0.005987162493762188,-0.13750676810036877,0.7605219307935336,0.7728761638231959
2.427256901268341,0.013418276901217718,-0.141149873308148,0.7744172827395985,0.787289949571114
2.429743844814723,0.008881207335057706,-0.13042845508182266,0.7739510606436699,0.7849144552180326
2.432230788361104,-0.005233166433137315,-0.11491933894930506,0.7543349517305877,0.7630563936550498
2.4347177319074857,-0.004982832962375505,-0.11377615697542831,0.7586646759133924,0.7671648668957677
2.437204675453867,-0.009521410653212714,-0.11263371787919096,0.7534214994654072,0.7618536391727867
2.4396916190002487,-0.004483694622789969,-0.10191523359627963,0.7386055113876004,0.7456171402325683
2.44217856254663,-0.009023303189230503,-0.10077433588067031,0.7237936068072308,0.7308310831017351
2.4446655060930116,-0.023140241348226398,-0.09963423646092195,0.7185626803374454,0.7258062946947614
2.4471524496393933,-0.027680900773077333,-0.10328335692302959,0.7277012227571884,0.7355152980647011
2.4496393931857745,-0.03222209301781831,-0.10693331210890733,0.7224789010895716,0.7310600242364679
2.452126336732156,-0.031975419634461155,-0.11058412007736962,0.736414625008365,0.745357481347237
2.4546132802785374,-0.041306095415200694,-0.1094473954635582,0.7503548671507563,0.759419088875856
2.457100223824919,-0.04584891518931866,-0.10352315611961771,0.7451460996410617,0.7536987970584079
2.459587167371301,-0.05518069034666234,-0.10238822643505419,0.7351536173331805,0.7442977217335215
2.462074110917682,-0.06451302227515998,-0.11083102737585326,0.7395311178889958,0.7505675992196907
2.4645610544640637,-0.06905751232181268,-0.10490955988298634,0.7439134752162015,0.754441657367331
2.467047998010445,-0.06881416511302635,-0.09420064803651496,0.7195703527498356,0.7289654614364284
2.4695349415568266,-0.06378298523433606,-0.08349271249316725,0.7000206565776033,0.7078617251131814
2.472021885103208,-0.0683291871913822,-0.08715098044732406,0.694841275674575,0.7036110925761727
2.4745088286495895,-0.07287596884745262,-0.07644504910765626,0.6944554852238287,0.7024408682059937
2.4769957721959712,-0.07742333466569568,-0.06574014546281903,0.6892865598980489,0.6967295753248283
2.4794827157423525,-0.06760607910761002,-0.06940149639869375,0.6745461771801953,0.6814687775555809
2.481969659288734,-0.06736622315651208,-0.07785231209691235,0.6645996273247974,0.6725264717180043
2.4844566028351154,-0.08149217447383117,-0.07672739931617523,0.654658586795847,0.6641580636955579
2.486943546381497,-0.08125351743821252,-0.07081517799388726,0.6495115381890422,0.6583936222132498
2.4894304899278787,-0.08101546627071327,-0.07448087460582453,0.6395817536325001,0.6489805282415905
2.49191743347426,-0.9379022195262675,-1.2848253356416983,11.178510229348056,11.291126058287466
2.4944043770206417,-1.1770855587280735,-1.2406092707714573,3.593337961061131,3.9795375959642896
2.496891320567023,-1.3013478366473583,-1.0862610897572729,-3.714101014025493,4.082648122169313
2.4993782641134046,-1.3059006540620008,-0.8457228253062685,-10.202717043979654,10.32066173726455
2.501865207659786,-1.1907440150298638,-0.547724913343826,-15.455918963703729,15.511392745417915
2.5043521512061675,-0.984608343490403,-0.2257861930136742,-19.181614094934208,19.208194925135604
2.506839094752549,-0.7066472567022192,0.10572810992358139,-21.20263143960061,21.21466730217971
2.5093260382989304,-0.38080277520404143,0.4180875598481788,-21.495028906387493,21.502466734022327
2.511812981845312,-0.035805322814779716,0.6634081079607941,-20.15457448749182,20.165521692004553
2.5142999253916933,0.26609585344455006,0.8273245288058857,-17.372804242020912,17.394527878351976
2.516786868938075,0.5201123464367109,0.9002600003497157,-13.446599102632536,13.486734680717333
2.5192738124844567,0.7118789424238348,0.8774261039802327,-8.74466605229138,8.817359727418959
2.521760756030838,0.8126652177469662,0.7683996311476902,-3.659654091069921,3.8267389270197727
2.5242476995772196,0.8272595720293106,0.5971225833643792,1.4014225705008911,1.7334644502230767
2.526734643123601,0.7700272115744478,0.36359494564206374,6.041126528029153,6.1008485408768465
2.5292215866699825,0.6361797294444664,0.08697031637489516,9.962576846343998,9.98324726245904
2.5317085302163638,0.4400823320224483,-0.17529047937968834,12.94071863958183,12.949386013241712
2.5341954737627455,0.22004224233249078,-0.4136106496668117,14.812746264544566,14.820153314176865
2.536682417309127,-0.028728946444151415,-0.608836595789912,15.516410547257621,15.52837736609284
2.5391693608555084,-0.2631356078839842,-0.7513915255929262,15.080441976336441,15.101442307757212
2.54165630440189,-0.45923572880508967,-0.8221218401785695,13.619762299662844,13.652278449915496
2.5441432479482713,-0.6074525059471061,-0.801873940549306,11.278023684543442,11.322800828091799
2.546630191494653,-0.6934207326901274,-0.7289550674511682,8.285069557551768,8.345932265263018
2.5491171350410347,-0.7171404123357434,-0.5842116216863784,4.932992587930896,5.018964979206337
2.551604078587416,-0.6690347415058499,-0.39637403716048203,1.475578217866369,1.6679481226100494
2.5540910221337976,-0.5682573367049923,-0.18938434435871976,-1.8285997076344183,1.9242036590153115
2.556577965680179,-0.4387502177189841,0.022392232973832638,-4.740120957337441,4.760435889268506
2.5590649092265605,-0.2709365810524281,0.2245904711916702,-7.077026140346958,7.085770706271593
2.561551852772942,-0.07918163977251147,0.39326834010809675,-8.68608628618252,8.695345001230056
2.5640387963193234,0.09820737649076783,0.5092722129559197,-9.505052087941664,9.51919209125283
2.566525739865705,0.2564420613885992,0.572602076348466,-9.548288692339757,9.568879381670095
2.5690126834120863,0.3859456052904738,0.5688927070370493,-8.84452645654381,8.871202915212029
2.571499626958468,0.4723527952842722,0.5077208984734352,-7.503898594656915,7.5358736582332355
2.5739865705048492,0.5012984184964725,0.39866344420809563,-5.670057144513883,5.706117828102384
2.576473514051231,0.49193608533427396,0.2560855412105072,-3.501019354401249,3.544674517690338
2.5789604575976126,0.43468898632144465,0.09435238654843703,-1.1978981029745555,1.2778171828499527
2.581447401143994,0.3391339253013904,-0.08174762925256696,1.071712553863474,1.1270591343347134
2.5839343446903755,0.22442451279644707,-0.2482725022875769,3.140218559723408,3.158002248284097
2.5864212882367568,0.09056074608593184,-0.39085703519428083,4.873544680971621,4.890031516066055
2.5889082317831384,-0.038515360911119234,-0.49513603051250676,6.166346103410721,6.186312907442233
2.59139517532952,-0.16280381083915368,-0.5419558873640633,6.95158523892092,6.97457945675978
2.5938821188759014,-0.26793939634367975,-0.5408934246950783,7.219685338742035,7.24487498908284
2.596369062422283,-0.3443453133525944,-0.5158906713152165,6.965858056950804,6.993418001890377
2.5988560059686643,-0.3680795477950126,-0.4430056227337702,6.242775886985093,6.269289218914791
2.601342949515046,-0.35829571544509625,-0.3366035009254449,5.136630145043112,5.160101450892919
2.603829893061427,-0.3149938187580722,-0.21583793108833005,3.762342566763868,3.7816700950817506
2.606316836607809,-0.2525390701125014,-0.07592052172217878,2.2252580806654674,2.240828738016097
2.6088037801541906,-0.16614306856817251,0.05920669884798402,0.664240438028731,0.6872585480984029
2.611290723700572,-0.07017102642868556,0.1847553156748316,-0.8105770302660815,0.8343222528586554
2.6137776672469535,0.021011844039732108,0.27199489730576243,-2.098637800457369,2.1162947193760293
2.6162646107933347,0.11219394388931037,0.33529064226705607,-3.1185389625411046,3.1385175731106303
2.6187515543397164,0.19379846424862593,0.3507005226185025,-3.8223964302327573,3.8433401061012207
2.621238497886098,0.2514601929629823,0.3230129304374829,-4.157537714402139,4.177641610831516
2.6237254414324793,0.26602551459438906,0.26659306453767195,-4.1335395695578745,4.150661490603094
2.626212384978861,0.25664804030431004,0.19580612382807194,-3.7839207672837922,3.797665681415648
2.6286993285252422,0.23769297797071168,0.09628688739116908,-3.1422000796366154,3.1526481657375625
2.631186272071624,0.19479511558645066,-0.012811042353335633,-2.2849919090278217,2.293315783791043
2.633673215618005,0.12316604782166907,-0.11712246621113787,-1.284122255019672,1.2953213938108936
2.636160159164387,0.05153619262527043,-0.20707058821352087,-0.2305707309259013,0.31416089765135774
2.6386471027107685,-0.03924806522048363,-0.29223222557847794,0.7942598561110437,0.8472241753630722
2.6411340462571498,-0.12045630769381449,-0.3486653721874502,1.7233319084412049,1.7623705996405652
2.6436209898035314,-0.18251173001789361,-0.3620048284683217,2.4896078279470846,2.5224006748341754
2.6461079333499127,-0.23020273734062308,-0.33703900803623155,3.035626822685174,3.0629428332606614
2.6485948768962944,-0.26352933145347784,-0.2929215343734435,3.347023730129047,3.3701362856541826
2.651081820442676,-0.27770311079160087,-0.22486401426703662,3.4333754038890554,3.4519196842751065
2.6535687639890573,-0.26793567375420957,-0.13765486105128133,3.2851050838304214,3.298886751291964
2.656055707535439,-0.22943861870469107,-0.040870891287515754,2.92136642927729,2.9306474239689932
2.65854265108182,-0.18136556057226044,0.05112267523565839,2.3804667123730745,2.3879130560389368
2.661029594628202,-0.12371650096924569,0.1335374254631274,1.729443624722009,1.7389977767964497
2.663516538174583,-0.07085665143337172,0.1967965431121299,1.0257580508276156,1.0468663349591982
2.666003481720965,-0.017997610185671642,0.24568842195331442,0.30771726145303724,0.39417842108677403
2.6684904252673465,0.03007221794754028,0.26584784256835503,-0.35764105317486816,0.44663915704577684
2.6709773688137277,0.06856442817518715,0.24769798895131823,-0.9367980265285052,0.9714143899743404
2.6734643123601094,0.08790221242105112,0.2199692717506334,-1.386657985896269,1.4067457656993025
2.6759512559064906,0.1024507792454778,0.17308487514391713,-1.6689136623414838,1.680989990607218
2.6784381994528723,0.09305651400160125,0.10704479004091905,-1.793141820585138,1.7987428083537729
2.680925142999254,0.07408462531956017,0.031425814083207104,-1.7737076291217466,1.7755322771226152
2.6834120865456352,0.040746708583011715,-0.03940685167617408,-1.6106110469371284,1.6116082460496688
2.685899030092017,-0.002168834149165022,-0.10066481273403305,-1.3230056467493858,1.326831583018397
2.688385973638398,-0.04029679414291171,-0.14755967449647223,-0.9204681950862827,0.9330913070654447
2.69087291718478,-0.08321397923131157,-0.18487984891978693,-0.46045949212782133,0.5031183446930986
2.6933598607311615,-0.12134358393188116,-0.20304853790909672,0.018713274779221578,0.23728287077119162
2.6958468042775428,-0.14510880272790383,-0.20206574992012039,0.4883197244812951,0.5480358430225111
2.6983337478239244,-0.1688748466701427,-0.18193149331876146,0.9100526687387003,0.9432993384803624
2.7008206913703057,-0.1782765068534662,-0.1330689697406977,1.2503933221867474,1.270028867299061
2.7033076349166874,-0.16373697765916778,-0.08420860729472723,1.4758228990168742,1.4872639700665269
2.7057945784630686,-0.14919827667693192,-0.02098520411763305,1.5959182428606642,1.6030145172301762
2.7082815220094503,-0.12508359822059356,0.04702442514114047,1.6250446002280032,1.630529716329591
2.710768465555832,-0.09618134653134053,0.09108985263967462,1.5392599906257178,1.544949685722996
2.713255409102213,-0.062491522496616714,0.1303646838276551,1.3625064663242288,1.3701547401475376
2.715742352648595,-0.028802530290794326,0.16963731428216633,1.1187260791552642,1.1318809320463568
2.718229296194976,9.722594496702763e-05,0.1945425263870919,0.8222840738726198,0.8449839656292354
2.720716239741358,0.02899614874326306,0.1955035059344845,0.5019109047546717,0.5394227968729813
2.7232031832877395,0.04352902738845321,0.18209705208526694,0.1863370256445389,0.26415071404329515
2.7256901268341207,0.048484264479042416,0.1447463508065412,-0.1100723200095004,0.18819709244873548
2.7281770703805024,0.03907345600570172,0.09781660475410803,-0.3681634858721452,0.3829349493835476
2.7306640139268836,0.044027021233957464,0.0508846133504397,-0.5783596326803213,0.5822606694502689
2.7331509574732653,0.04419134625877241,0.013527176104695116,-0.7119303083206283,0.7134287795449767
2.7356379010196465,0.020412817207546452,-0.028620923988988967,-0.7592986743902781,0.7601120426142226
2.7381248445660282,0.0014218534431310048,-0.07077129056900366,-0.7348299095166091,0.7382313954013362
2.74061178811241,-0.017569948881587194,-0.09855872054705417,-0.6385239827933553,0.6463245323379447
2.743098731658791,-0.031774186941023075,-0.10719481738970549,-0.49911128366214896,0.5114805971978346
2.745585675205173,-0.05076766783853964,-0.10146799111856097,-0.3213801853881133,0.34082008872644043
2.748072618751554,-0.06497358536439551,-0.08616665166989934,-0.11969586830080026,0.1611625252451347
2.7505595622979357,-0.06960353659742174,-0.05171399893397588,0.07721127688661866,0.1161058623458522
2.7530465058443174,-0.06465752190514362,-0.026840459278655526,0.2741296822818686,0.2829277082598336
2.7555334493906987,-0.054923944943899405,0.017184380856501313,0.4566941662907773,0.46030588112433446
2.7580203929370803,-0.030825999377702695,0.06120690191325995,0.5961743369394785,0.6001002975375703
2.7605073364834616,-0.01630570208150034,0.09086188773780446,0.6734166084766535,0.6797144158658447
2.7629942800298433,-0.011363053297537173,0.120514542182097,0.7171514279374112,0.7272957063328993
2.7654812235762245,0.003155560044213024,0.1310112459395909,0.7321672253398308,0.7438028972675914
2.767968167122606,0.02246173444310351,0.13671720302931112,0.6849452037251318,0.6988176122740559
2.770455110668988,0.036978663108951704,0.1328440042722261,0.5994274055652209,0.6150838687033309
2.772942054215369,0.051494749243161,0.1241800472128527,0.49476746959980744,0.5127058048233887
2.775428997761751,0.07079839607766081,0.1107253261580774,0.36138861423606805,0.3845441993314261
2.777915941308132,0.08052439359353164,0.0829030288565975,0.21365607407331844,0.24291152328703383
2.7804028848545137,0.07109593512244378,0.05507835974086239,0.06114667998237522,0.10875281226499658
2.7828898284008954,0.061666633948091854,0.02246291004401124,-0.07219752761197995,0.09756966261813096
2.7853767719472766,0.05223649010295356,-0.005366518958167088,-0.19595333193279707,0.20286734266404063
2.7878637154936583,0.038017100329083675,-0.028409932549095185,-0.28139029004521277,0.2853645379450725
2.7903506590400395,0.03337367467956687,-0.041878932610675434,-0.3332967826597013,0.3375713146722263
2.792837602586421,0.023941003315257392,-0.06013873422512361,-0.3612495942090099,0.36700287234586537
2.7953245461328025,0.00014227974684050126,-0.0640357291517839,-0.35088349292503906,0.35667887582362223
2.797811489679184,-0.009292075923108156,-0.053569922350814814,-0.30219845740004203,0.30705046313366496
2.800298433225566,-0.009150466804937696,-0.03831812534282131,-0.22477127326507862,0.2281975789918488
2.802785376771947,-0.009009699300176921,-0.018280342927860183,-0.12339032322776866,0.1250620545381092
2.8052723203183287,-0.008869773140725845,0.006543420173681369,-0.01242079703195742,0.016606186258330484
2.80775926386471,-0.003942284709298194,0.04094156264113824,0.07940690522324445,0.08942711980915374
2.8102462074110917,0.0009843629995105463,0.051395256670498934,0.15688120628786528,0.16508832261876372
2.8127331509574733,-0.00845503962090527,0.06663491770071905,0.2343673351608988,0.2438026819835946
2.8152200945038546,-0.013106878906482877,0.08187213800718363,0.28792329388825877,0.2996241986555845
2.8177070380502363,-0.008182751125748955,0.08753010662336402,0.31754910072840303,0.3294934117018137
2.8201939815966175,-0.008047865800260123,0.09797402926239629,0.3328215801925314,0.3470358523203352
2.822680925142999,-0.012702222462547152,0.08926188515278399,0.3241639431240859,0.3364688583186748
2.825167868689381,-0.012569013976567733,0.07575888016310683,0.30594141658285423,0.315432304015671
2.827654812235762,-0.012436643139394465,0.05267660695805043,0.2733656139635148,0.27867230560434053
2.8301417557821438,-0.021881916040725702,0.04395707820121242,0.216859744957846,0.22234925670391364
2.832628699328525,-0.036116428781777565,0.025658273429877365,0.14121222883732543,0.14799877363193495
2.8351156428749067,-0.04077497079571435,-0.002219811140564687,0.07515350109514074,0.08553113194473959
2.837602586421288,-0.05022275141030036,-0.020523565937211607,-0.0004700363572354149,0.05425645078861151
2.8400895299676696,-0.05488296332458875,-0.029252994592405823,-0.07129315874336406,0.09460756755946104
2.8425764735140513,-0.05475560585124978,-0.037984907303380666,-0.12773904498300226,0.14407738604011844
2.8450634170604325,-0.06899429155731918,-0.037142500910651854,-0.17938448765166548,0.1957513015319302
2.847550360606814,-0.07844540642060988,-0.017148972179536592,-0.18792224649496525,0.20435885046413738
2.8500373041531954,-0.08310894967357318,-0.0019463410426094896,-0.1916595347553134,0.20891209400588048
2.852524247699577,-0.08298492052219919,0.018042195884402368,-0.20017314612371173,0.21744265058969392
2.855011191245959,-0.07328491482583754,0.047605038739851224,-0.18473264809774292,0.20436014711204706
2.85749813479234,-0.06358573837859416,0.06758857113463179,-0.140549625144347,0.1684207772259369
2.8599850783387217,-0.0634641969485158,0.08278119335506906,-0.10114288865925047,0.14529388904543394
2.862472021885103,-0.06334348299649506,0.11233651572198688,-0.09524284708288988,0.16032183108715486
2.8649589654314846,-0.053646788957651736,0.1227357121060737,-0.06538864945369482,0.14905605814266662
2.867445908977866,-0.04873932384303614,0.12834398965417382,-0.021157091656675675,0.13890760920984854
2.8699328525242476,-0.048621086677269276,0.14352655558587823,0.008721416781041214,0.15178914763148701
2.8724197960706292,-0.03413846317837088,0.14912979395107628,0.0242468858947813,0.15489687404097605
2.8749067396170105,-0.03402187224227449,0.13078849219217048,0.04936134196332809,0.14387376258787318
2.877393683163392,-0.04827131281796837,0.11244466438598044,0.07927639098696204,0.14580352656216383
2.8798806267097734,-0.043367960587324506,0.09888671139973404,0.06131960540754555,0.12417510098363162
2.882367570256155,-0.038465427730865365,0.08053782421109235,0.03858662371933619,0.09723609303768264
2.8848545138025368,-0.04314051976384348,0.0813400171109957,0.044596277423485375,0.10230410934632155
2.887341457348918,-0.04302802557544555,0.06777446461746317,0.017099331263867867,0.08208030317181128
2.8898284008952997,-0.04770475063205981,0.04462956788154182,-0.010385383959045313,0.06614678950740509
2.892315344441681,-0.04759388709461054,0.03584734140578005,-0.018704247753948522,0.06245045122877958
2.8948022879880626,-0.04748383706087994,0.0366393798408553,-0.04616447982008154,0.0756856534239177
2.897289231534444,-0.047374599284410845,0.04221727790712615,-0.07840086367864707,0.10086300925911255
2.8997761750808255,-0.042477769174643465,0.04300422707406382,-0.10583658651512096,0.12188153045258587
2.902263118627207,-0.028004942117385634,0.05336543548183226,-0.13804844913874526,0.15063041126139323
2.9047500621735884,-0.023109730076494472,0.07330090137852263,-0.15588283277802262,0.1738002857362821
2.90723700571997,-0.0182153250706093,0.0932338164401667,-0.15455132896205548,0.18141239174699217
2.9097239492663514,-0.018110129056096602,0.10837577573139923,-0.16278435280035808,0.19639763505817084
2.912210892812733,-0.0036405273646979985,0.11872677770518347,-0.17579349649707865,0.21216185942439694
2.9146978363591147,-0.0035369385083628413,0.12907522420250617,-0.16963673931044276,0.21318899305737687
2.917184779905496,-0.003434151093456961,0.13942111381148425,-0.14910248075450383,0.20416069684764185
2.9196717234518776,0.015821449616590877,0.13061083190615053,-0.12376752399603674,0.18063196747889496
2.922158666998259,0.015922638537079814,0.11700958716958576,-0.09842026921254465,0.15372482980783927
2.9246456105446406,0.0112346271290793,0.11777099167177241,-0.09221432687201414,0.14999901801858836
2.927132554091022,0.016122626875839485,0.10895302766617831,-0.10036129116896753,0.149007013593679
2.9296194976374035,0.01622142936077814,0.09055569407384967,-0.1037075466636388,0.13863161159957058
2.932106441183785,0.016319439470449726,0.08173260316280961,-0.11182989816332345,0.1394721070595059
2.9345933847301664,0.011628255472526217,0.07769535066496092,-0.12951674747872488,0.1514805984862529
2.937080328276548,0.016513088937523956,0.06407872573673545,-0.13282607682092085,0.14839653594993216
2.9395672718229293,0.01182032821521789,0.06003634084162135,-0.13133469196396952,0.14488921179314065
2.942054215369311,0.007126781598555509,0.05120298526549538,-0.14898460896218602,0.1576989233433999
2.9445411589156927,0.0072208540813221145,0.05194386828040276,-0.15225700434397105,0.1610357151609406
2.947028102462074,0.012102547357983384,0.05747058594113419,-0.14594028151661398,0.15731467086739895
2.9495150460084556,0.002618249862617328,0.06299473436620406,-0.15397645748351962,0.16638491893613988
2.952001989554837,0.0027099799328021423,0.06851631305786077,-0.15242351635840734,0.16713694231180803
2.9544889331012185,0.012377739325116544,0.07882372490179801,-0.16043507244972766,0.1791809155857404
2.9569758766476,0.007679513214971678,0.08912856620593335,-0.17322272377481696,0.19495893995688146
2.9594628201939814,0.01255732000115728,0.09464243334073874,-0.19078647198029053,0.213340934574108
2.961949763740363,0.01264595154006437,0.09536532605926373,-0.20354951237961139,0.22513744578528228
2.9644367072867444,0.01273381298928472,0.10566245413747222,-0.192358233951607,0.21983719971056007
2.966923650833126,0.022397712846523088,0.10159180085051345,-0.1907314625030363,0.2172580086656251
2.9694105943795073,0.017695636386946878,0.10230697941774247,-0.20345760422178039,0.22841814792259402
2.971897537925889,0.017781198788030972,0.09823118319774204,-0.19222943571443096,0.21660492223829167
2.9743844814722706,0.01307759532472802,0.08457600893021855,-0.1905657836922714,0.20890055696500984
2.976871425018652,0.017950037892742077,0.09486027997789392,-0.19367824860259653,0.21640688658082136
2.9793583685650336,0.0276101251255772,0.10035357659966548,-0.18720162454908973,0.21419058704717467
2.981845312111415,0.018115842394376747,0.09147909239561036,-0.19507793249343663,0.21622212615062394
2.9843322556577965,0.018197611612463027,0.07302523098638947,-0.1885767571678958,0.20303948082324563
2.986819199204178,0.01827862814924519,0.06414560601295083,-0.1820633134800378,0.19389640825223556
2.9893061427505594,0.008782087392576021,0.06484021789404926,-0.1946912199487265,0.20539242936545163
2.991793086296941,0.01843841131108165,0.04637864718533047,-0.2025184654994998,0.208577761985045
2.9942800298433223,0.023305585368089132,0.042279717664973404,-0.19117984598647908,0.1971812829519907
2.996766973389704,0.004229998365214982,0.04775502660683806,-0.17025217415182148,0.17687350919742528
2.9992539169360852,-0.00048112103434871933,0.05322776802236007,-0.16367747298355617,0.1721154900884131
3.001740860482467,-0.005192980673171421,0.0634863459414996,-0.1666673458312733,0.1784250188054269
3.0042278040288486,-0.009905578415370597,0.06416555117027256,-0.1648565896858436,0.1771807935515995
3.00671474757523,-0.009830508787381342,0.0696305944935669,-0.18697563170134224,0.1997622222610229
3.0092016911216115,-0.014544576259363451,0.07030467015141939,-0.19950565614665905,0.2120301822339765
3.0116886346679927,-0.01925937532347921,0.08055298904184527,-0.2120234774508596,0.22762614650294777
3.0141755782143744,-0.014398097134672272,0.09079874551741751,-0.22931750699853026,0.24705917591673696
3.016662521760756,-0.009537546112383777,0.09146513398653955,-0.2418109464876217,0.25870711115518435
3.0191494653071373,-0.014254526659456312,0.09691736551470864,-0.24950380452950327,0.26804536135380774
3.021636408853519,-0.028549036521662574,0.10236703794141144,-0.25239609000681007,0.2738573427789355
3.0241233523999003,-0.023690653506609705,0.10302574916108043,-0.24091100543129507,0.2630848999689826
3.026610295946282,-0.03319819856983036,0.10368190376342312,-0.22462536686416534,0.2496169325088955
3.029097239492663,-0.03312965280712571,0.10912390639250225,-0.23226960391456863,0.25875619749894085
3.031584183039045,-0.02827341722034382,0.109774951785504,-0.23990170993336335,0.26533517782189564
3.0340711265854265,-0.0329946994362838,0.11042344469431731,-0.23794488849597428,0.26438562232165974
3.036558070131808,-0.028139883824038314,0.13022299988524066,-0.25512957000241165,0.28782109069760203
3.0390450136781895,-0.023285774659213,0.14523160229493692,-0.2675137485898009,0.3052835588288396
3.0415319572245707,-0.03758598284281828,0.14587244687388612,-0.270309031935545,0.30944862192158307
3.0440189007709524,-0.042310086057699536,0.14651074522671692,-0.2730922379354741,0.31278572900582197
3.046505844317334,-0.03266967857335307,0.14714649904941224,-0.27586337810074646,0.31435649103802565
3.0489927878637153,-0.027818371246098483,0.15256811341025767,-0.2881992708375627,0.32727619943963815
3.051479731410097,-0.0373329682770312,0.15319878346831173,-0.2861579115628441,0.326726136277086
3.0539666749564782,-0.0420598539309443,0.15861531771528004,-0.27931611918703503,0.3239526890833252
3.05645361850286,-0.037210622419283745,0.15924091141273422,-0.2820391161907043,0.32601895857453195
3.0589405620492416,-0.03236207790030882,0.15028716319337576,-0.26559649541990105,0.3068795103718584
3.061427505595623,-0.03709102451830487,0.15569609166229936,-0.2635070931314871,0.3083066739292856
3.0639144491420045,-0.03703224980218389,0.15631408559201931,-0.26619411594470854,0.31090961426669556
3.0664013926883857,-0.04176255786875677,0.1425643404456025,-0.26408077072248126,0.3029972869050326
3.0688883362347674,-0.04649354286039287,0.13838887497794472,-0.2667438778511002,0.3040812829103677
3.0713752797811487,-0.04164839558579908,0.1389992880714095,-0.27418345131682287,0.3102127591109599
3.0738622233275303,-0.03680392012173744,0.1252419686964732,-0.2816111020246428,0.3103947358490948
3.076349166873912,-0.03674851721161787,0.1210589357551779,-0.2842384411170684,0.311122501359336
3.0788361104202933,-0.031905377625028875,0.1312385949167778,-0.2868538866132031,0.3170594174318533
3.081323053966675,-0.027062902079767692,0.13183893197681584,-0.2798806468056476,0.3105593036927315
3.083809997513056,-0.017432684640432905,0.12285994938027045,-0.2728955435011411,0.29978399443312276
3.086296941059438,-0.012591529320141959,0.11387845626032078,-0.26589859209714106,0.2895322273773605
3.0887838846058195,-0.017327836799435836,0.1144712617974295,-0.27804342150216854,0.3011844417400675
3.091270828152201,-0.012487991145188504,0.11984996525810665,-0.2853880309701964,0.3097842673801519
3.0937577716985825,0.0019280103064341914,0.12522616595556002,-0.28793243658349077,0.3139910793328006
3.0962447152449637,0.0067665569498097655,0.1258114632493963,-0.3096186712510658,0.3342723921672036
3.0987316587913454,0.0020276514722119,0.12160585986564021,-0.32650473490247833,0.34842135186852735
3.1012186023377266,0.0020765065333337995,0.12697456853706868,-0.34337904761123816,0.36610930508928435
3.1037055458841083,0.0021247215229540095,0.12276397879979184,-0.35066481971050756,0.37153912945329004
3.10619248943049,-0.0026161041579692568,0.11855090015701952,-0.34357366507277476,0.36346117159958663
3.108679432976871,0.00700764550409283,0.11433533551627972,-0.3412592143895896,0.3599715647782908
3.111166376523253,0.0166307632913692,0.12448249779066778,-0.3580866952481241,0.37947141639072113
3.113653320069634,0.011888041996786725,0.1298387766954452,-0.36053730224684166,0.3833882885375054
3.116140263616016,0.007144694345708191,0.12082736863055699,-0.3486110534392619,0.369025698627494
3.1186272071623975,0.021554336394212115,0.11660188996158816,-0.35103838701210677,0.37052468111594244
3.1211141507087787,0.026386551005495917,0.11716234381634827,-0.3486657081587712,0.36876963124471523
3.1236010942551604,0.021641340974730028,0.11772033004551652,-0.346281438882464,0.3663840316658458
3.1260880378015417,0.01689551574764464,0.12306425518328767,-0.3486740013931069,0.3701402823304653
3.1285749813479233,0.0073606748188186355,0.1236173158455185,-0.346266608144866,0.3677444550592017
3.1310619248943046,0.007402030973703233,0.12895632197162277,-0.3438476817564897,0.3673087955498707
3.1335488684406863,0.021807990366609742,0.12950447026178402,-0.3557824516894623,0.37924681830145923
3.136035811987068,0.026636539239287882,0.13962697405946978,-0.3581289210433347,0.3853070479439911
3.138522755533449,0.012310873803593136,0.14017022350739916,-0.3700407229995104,0.3958906235943491
3.141009699079831,0.012349820163205238,0.14071102871131114,-0.38194107101502617,0.4072236405062508
3.143496642626212,0.017176574547849266,0.14124939317717367,-0.37467637210225924,0.4007852412425241
3.1459835861725938,0.007637526555329011,0.13699691713120998,-0.37218866335084044,0.3966747890176841
3.1484705297189755,0.007674695674812049,0.13753041080085593,-0.3649011588011124,0.3900338069233843
3.1509574732653567,0.012499681481983826,0.13327307117228848,-0.35760228264574323,0.38183418664426966
3.1534444168117384,0.002958873599839873,0.1433785151932523,-0.36465726590785685,0.3918431767064407
3.1559313603581196,-0.0017941117780367333,0.1439047299680949,-0.37170091987703024,0.3985892170915978
3.1584183039045013,-0.0017592717313797968,0.1396401225621604,-0.38352166931087517,0.40815601146767433
3.1609052474508825,-0.001725006652447847,0.1353731000796281,-0.3905427291913277,0.4133430478396011
3.163392190997264,-0.006479716925873347,0.13589206966322287,-0.38797571800437325,0.41113720226927
3.165879134543646,-0.011234996288186139,0.13640863185330554,-0.3853974643791407,0.40898012853384114
3.168366078090027,-0.011202438468592035,0.1321343872282088,-0.39717320044574755,0.4187260943243623
3.170853021636409,-0.006382040509437803,0.1374345496852012,-0.39457252863066294,0.4178713513011313
3.17333996518279,-0.0015622027663641513,0.13315550991676295,-0.382383874780178,0.4049077154001628
3.1758269087291717,-0.0015313255881451715,0.1384508852149886,-0.3749724715573368,0.3997190851093911
3.1783138522755534,-0.0015010026762156126,0.1389554696666142,-0.37712674515913847,0.4019147390599518
3.1808007958219346,-0.001471231045761301,0.13466926735585671,-0.3649047020338063,0.38896454550168735
3.1832877393683163,-0.006230411025867133,0.13516908904381308,-0.36224838200423726,0.38669547569007495
3.1857746829146976,-0.01099013629873935,0.1404549388869305,-0.36915780846181434,0.395127650895158
3.1882616264610792,-0.015750403860786355,0.1409500144367195,-0.36647939168519983,0.3929658080818781
3.190748570007461,-0.01093440406183932,0.1366543199207233,-0.37336676868256546,0.397739498040669
3.193235513553842,-0.02527255380841492,0.15150987620316014,-0.3802431567057294,0.41009608969683436
3.195722457100224,-0.025246026837329738,0.15678626765966364,-0.39668538645175744,0.42729216166704836
3.198209400646605,-0.010854820122074893,0.16206030526291482,-0.4131166754989479,0.4438994900167095
3.2006963441929868,-0.01082935055266665,0.16733199337924365,-0.4151718382662608,0.4477554311575126
3.203183287739368,-0.015592808451419526,0.15823612644803653,-0.426792915894632,0.4554492292742673
3.2056702312857497,-0.020356787455909076,0.16350312882520113,-0.4384031264407877,0.4683427945471273
3.2081571748321314,-0.02033288119880977,0.16397939169694808,-0.44042568811790694,0.47040137511839597
3.2106441183785126,-0.020309489948669435,0.15966491956388928,-0.4280722226144551,0.4573305037884505
3.2131310619248943,-0.02986341728974612,0.1697133302407492,-0.44443838497547183,0.47667590267731474
3.2156180054712755,-0.01547583691903287,0.16060580505140631,-0.446428570632353,0.47469168396065314
3.218104949017657,-0.005877165693281061,0.14670755855517292,-0.4292544017294606,0.45367057455594684
3.220591892564039,-0.025009417144774726,0.1567490153043276,-0.4264347271226274,0.4550190119554867
3.22307883611042,-0.024988554997104118,0.1619997600391483,-0.41402755597144214,0.4452944724979983
3.225565779656802,-0.0249681894543764,0.15288299081264212,-0.4016097208236644,0.4304497499412791
3.228052723203183,-0.029736720756051105,0.14855232563088272,-0.4035464576918777,0.4310473402392475
3.2305396667495647,-0.02014053253646314,0.15379617256992528,-0.41504938945043257,0.44308565699104663
3.233026610295946,-0.02491004162965743,0.15424932645521583,-0.43133013911520734,0.458758164826549
3.2355135538423276,-0.02010322834297551,0.1642770020644373,-0.43802352320150106,0.4682474560261325
3.2380004973887093,-0.020085299543135093,0.16951399428349356,-0.4447063749647402,0.4763424959521897
3.2404874409350906,-0.020067848812636013,0.16996030798902817,-0.4561671244771155,0.4872141934523381
3.2429743844814722,-0.015262469731147421,0.17040435140754528,-0.4771942019464426,0.5069367735055552
3.2454613280278535,-0.010457562516287766,0.17084612947449873,-0.4694804078318562,0.49970952953507425
3.247948271574235,-0.010441527383136251,0.16170884051371504,-0.44739097924859195,0.4758334402996462
3.250435215120617,-0.015214361224074269,0.16214610279960207,-0.44444476672431854,0.47334341244934386
3.252922158666998,-0.015199254288614406,0.167369518033452,-0.45106499103363795,0.4813555848163142
3.2554091022133798,-0.010396203464797582,0.14864867134317494,-0.45767487307939625,0.481321927598166
3.257896045759761,-0.010382012279333275,0.1490791976892485,-0.44512082725060687,0.4695369465919619
3.2603829893061427,-0.01994508093681502,0.15908429553636338,-0.44213330126474304,0.4703057254883648
3.262869932852524,-0.010354986397981436,0.15472195341561523,-0.44392391972096057,0.47022819472301747
3.2653568763989056,-0.010342145465801589,0.1503573864476917,-0.43133909737990095,0.4569110641697397
3.2678438199452873,-0.010329748379367842,0.15556740645978584,-0.4235324756856649,0.4513177147139624
3.2703307634916685,-0.005529388696851767,0.15598680870407877,-0.43008088956123025,0.45752817420878344
3.27281770703805,-0.0007294666159594065,0.15640400174027658,-0.4509843674070062,0.4773359859966707
3.2753046505844314,-0.0055067856537619475,0.16160739415410053,-0.4670893244587564,0.49428707403375693
3.277791594130813,-0.010284536045275183,0.16202018459607714,-0.47839578934865834,0.505191887469246
3.280278537677195,-0.005485908024851216,0.16243078170314806,-0.4944805974632356,0.5205044815360875
3.282765481223576,-0.005476108427883042,0.16762759413746364,-0.4961901643794224,0.5237687250177376
3.2852524247699577,-0.010255134128445753,0.1776106272658109,-0.49788972902718065,0.528720044035127
3.287739368316339,-0.010246175359750032,0.18759148315934215,-0.49957932048494413,0.533736869739784
3.2902263118627206,-0.015026035636157953,0.17841655395268852,-0.496470564618809,0.5277700919948105
3.292713255409102,-0.005441098550197865,0.17402786168744022,-0.49335189404205515,0.5231743433615786
3.2952001989554836,-0.0006449742570802663,0.18879062178844785,-0.5093769514340085,0.5432376952304261
3.2976871425018652,-0.005426062951393362,0.1843976131807552,-0.5110269430542616,0.5433051246153449
3.3001740860482465,0.008946058413986657,0.17521405133619616,-0.49830189850686324,0.5282847506812343
3.302661029594628,0.0041641664012282975,0.1708167484293921,-0.49035546077796255,0.5192727411876877
3.3051479731410094,-0.0006181225844984484,0.1712057100171811,-0.4823992563515791,0.5118796926491351
3.307634916687391,-0.005400805420146537,0.17159253835866295,-0.474433315130085,0.5045395310824298
3.3101218602337728,-0.0006070723430551817,0.1624004324149375,-0.46645766711245784,0.49392005850479986
3.312608803780154,0.008974676447342123,0.15320620445041655,-0.4728375523538233,0.4971197409230415
3.3150957473265357,0.004190830789398192,0.15358666675130284,-0.48878459772185145,0.5123639431464643
3.317582690872917,0.004195007082532065,0.14917661502378232,-0.48556841357506464,0.5079841974079324
3.3200696344192986,0.0041988051230476,0.14955286159688264,-0.4871310468864163,0.5095884076555642
3.3225565779656803,-0.0005861752944505971,0.15471541218003093,-0.4886841247965954,0.5125908467732594
3.3250435215120615,-0.005371527736557413,0.15987586918310726,-0.48065087121419303,0.5065712258471078
3.327530465058443,0.004207960868780225,0.1650342383568173,-0.4726081234158741,0.5006120704531225
3.3300174086048244,0.004210277029029708,0.17019052547212477,-0.4837095254043522,0.512793765913786
3.332504352151206,-0.005364576149020528,0.17534473631999425,-0.5043783013445324,0.5340150055003913
3.3349912956975873,-0.005362982279697559,0.17092007007051224,-0.5202492721636673,0.5476328488309178
3.337478239243969,-0.0005733415813913845,0.1664933391945067,-0.5265340655109458,0.5522304617278831
3.3399651827903507,-0.0005724575954375033,0.17164135618205023,-0.528021115756097,0.5552183188116415
3.342452126336732,-0.0005719239049990499,0.1767873202609529,-0.5438640673083377,0.5718760419978878
3.3449390698831136,-0.0005717374164485034,0.1723544306777698,-0.5501209347712663,0.5764888719928108
3.347426013429495,-0.0005718950391861988,0.1774963066194175,-0.5515801527461655,0.579435872923789
3.3499129569758765,-0.005360797006083717,0.1826361473691751,-0.5482417525884706,0.5778872898339894
3.3523999005222582,-0.0005732302720530824,0.17340874890799896,-0.5257405557657844,0.5536009887705206
3.3548868440686395,-0.00536280503760983,0.1785445371173937,-0.5175954170205852,0.5475508443359843
3.357373787615021,-0.005364308264635298,0.183678308013548,-0.5046527546423096,0.5370669412707777
3.3598607311614024,-0.005366140199935143,0.16965645430958087,-0.4821241969503909,0.5111319293828195
3.362347674707784,-0.010156701094121978,0.16520940193873246,-0.48352859889446087,0.5110745650244292
3.3648346182541653,-0.0005823746001795138,0.1655487536088076,-0.47534716900613816,0.5033504346514014
3.367321561800547,-0.0005851742579653929,0.16109770872380302,-0.47673355240550563,0.5032173428789437
3.3698085053469287,-0.0005882903693384955,0.16622148330554243,-0.4924761843154055,0.5197717958063083
3.37229544889331,-0.0005917198810974633,0.17134327679029937,-0.5082098867397793,0.5363172173385021
3.3747823924396916,-0.00538386306479377,0.16688628863012678,-0.5287230950248709,0.5544620190120484
3.377269335986073,-0.0053879102356111375,0.16242733157385159,-0.5348622279750703,0.5590073975658686
3.3797562795324545,-0.005392261674357357,0.16754321838559694,-0.5362041243750237,0.5617959322652261
3.382243223078836,-0.0053969143463469815,0.17744555188359312,-0.5519024297070914,0.5797519663479597
3.3847301666252174,-0.014978671862459048,0.1825575315805672,-0.5675919662672158,0.5964161744274188
3.387217110171599,-0.014983917916761014,0.17809076032412463,-0.5689075564057884,0.596319247085457
3.3897040537179803,-0.010201052810069389,0.18319885757776389,-0.5558492324873008,0.5853496836532441
3.392190997264362,-0.014995283489134315,0.1835166195768836,-0.552359043529659,0.5822402606801129
3.3946779408107433,-0.019789800304573446,0.18383245585198793,-0.5536486186794427,0.5837060912705323
3.397164884357125,-0.024584600253184596,0.18414637262688371,-0.5453527804918767,0.5761284095681006
3.3996518279035066,-0.015014470376495725,0.18924677945907042,-0.5466251748123341,0.5786526242876044
3.402138771449888,-0.010233020964017736,0.17998006931762944,-0.5574658342516248,0.5858888089283569
3.4046257149962695,-0.010240249029923987,0.18028826506736362,-0.5635095815050288,0.5917362331893895
3.4071126585426508,-0.01503615159441618,0.18538296966387247,-0.5695448525932072,0.5991446156076049
3.4095996020890325,-0.005467112402600838,0.18089897943457656,-0.5612064702984227,0.5896668825559974
3.412086545635414,0.004101661551961733,0.17641310732066584,-0.5432828707257737,0.5712220983873588
3.4145734891817954,-0.005483440050978727,0.18150216627530158,-0.5349276999816261,0.5649077346656288
3.417060432728177,-0.019857204296004405,0.1770125493415251,-0.5313525876098169,0.560413529053758
3.4195473762745583,-0.010289208313361109,0.17730947281606868,-0.5277691631920121,0.5568525896271154
3.42203431982094,-0.010298272404099529,0.18239294304601694,-0.5337542663073407,0.5641514485391173
3.424521263367321,-0.010307586993305418,0.19226296638950924,-0.5445195266092941,0.5775576243573691
3.427008206913703,-0.0007403425130276808,0.19255433925457455,-0.5552765737854077,0.5877157434233523
3.4294951504600846,-0.005538552644579198,0.18805547134109357,-0.5564486342357107,0.5873930697663238
3.431982094006466,-0.005548601193654301,0.1883431756796301,-0.5480357410324217,0.5795231766282085
3.4344690375528475,-0.005558888574807741,0.19341745867027305,-0.5348263305984116,0.5687533898466147
3.4369559810992287,-0.0055694118897003375,0.1937015200824055,-0.5359740493465974,0.5699293629951175
3.4394429246456104,-0.0007917649272060623,0.1987721729763572,-0.5466905271162084,0.5817057126073635
3.441929868191992,-0.005591154765085982,0.19426421382036674,-0.5573989904528176,0.5903079538178971
3.4444168117383733,-0.005602368566973437,0.19933126233411125,-0.5728878758883855,0.6066010690867406
3.446903755284755,-0.0008254034652961928,0.1996081150041058,-0.5835804100181612,0.6167740070912019
3.4493906988311362,-0.0008370632410729106,0.19509477828660904,-0.5846882227807448,0.6163789346238859
3.451877642377518,-0.0008489417224585849,0.20015646860739844,-0.5857881540974841,0.6190404624161254
3.4543645859238996,0.003927367254210168,0.20042798247874316,-0.5820918339494057,0.6156441370829672
3.456851529470281,0.0039150598833708194,0.19112092306168638,-0.5735992956572762,0.6046144944544125
3.4593384730166625,0.003902542312003432,0.2009657167673744,-0.5794641858413314,0.6133361165177529
3.4618254165630438,0.003889817358275205,0.1964435468506074,-0.5853213278966791,0.6174190268116616
3.4643123601094254,0.003876887831746778,0.18713122645648728,-0.5720171419139781,0.6018610610579531
3.4667993036558067,-0.0009246467870402397,0.20175918201863574,-0.5778588878423214,0.6120690457447382
3.4692862472021884,-0.005726380385737306,0.20202019349337252,-0.5789045824802521,0.6131683827694125
3.47177319074857,-0.00573990686090825,0.19270267072666458,-0.5655774525995927,0.5975325269179961
3.4742601342949513,-0.0009652234384532332,0.1881718302117421,-0.5713963548661614,0.601584045413323
3.476747077841333,-0.0009791339940093957,0.18363927516699396,-0.5676309027917288,0.5965980086217102
3.479234021387714,-0.005781635771818672,0.1838934154576486,-0.5686463397797432,0.5976695368728244
3.481720964934096,-0.015372726025440264,0.18414585431429842,-0.5648658926398014,0.5943227179187716
3.4842079084804776,-0.0058103854162925295,0.19876180825456968,-0.575443208109931,0.6088307669288416
3.486694852026859,-0.005825031138750825,0.20379926723915975,-0.5860131096914003,0.6204671119770742
3.4891817955732405,-0.015416660474933563,0.1944698345153828,-0.5774220175694484,0.6094853372564529
3.4916687391196217,-0.010643254115111966,0.1947155332575785,-0.6071308050574729,0.6376795685919984
3.4941556826660034,-0.010658422642181975,0.20453637004347325,-0.6272554724240127,0.6598470704107515
3.4966426262123846,-0.01546216336769729,0.20477873817428316,-0.6138540365400811,0.647294514329306
3.4991295697587663,-0.00590086033196513,0.20501945087763174,-0.6100221607608542,0.6435797013658561
3.501616513305148,-0.0011281241478903192,0.2004701114245342,-0.625336685197988,0.6566852427861204
3.5041034568515292,-0.005932355477632545,0.18634232309013,-0.6214904167575703,0.6488520573579449
3.506590400397911,-0.01073674503269545,0.1913665123956605,-0.5984833889046648,0.6284256412298816
3.509077343944292,-0.0011760802146520977,0.20117747598327718,-0.5898344583418531,0.6232001670852637
3.511564287490674,-0.005980778318353586,0.18704480053770478,-0.5955436585238107,0.6242545765354135
3.5140512310370555,-0.015574030086709267,0.1824873159110454,-0.5820921996561861,0.6102257777102968
3.5165381745834368,-0.00601381631234732,0.19229343203663163,-0.5590569218195558,0.5912339400147985
3.5190251181298184,-0.006030554322061676,0.187732735608531,-0.5695334883276573,0.5997068800098625
3.5215120616761997,-0.001259031570668756,0.18317044320632858,-0.5847915126794874,0.6128083792890415
3.5239990052225814,-0.0012760521254571722,0.19297177141212218,-0.5808890116832099,0.6121043838801153
3.5264859487689626,-0.0060816134240971875,0.19798311356814136,-0.57697963201759,0.610032618015733
3.5289728923153443,-0.015675712915343698,0.19820447629997862,-0.592217020348139,0.6247013219057417
3.531459835861726,-0.01090473477787629,0.19363586623515028,-0.6074475967635458,0.6376569177441896
3.533946779408107,0.0034429201968044776,0.19385409664352604,-0.6083061846574367,0.6384572646445857
3.536433722954489,-0.0061515687160191845,0.20364757747619544,-0.604369624008589,0.6377874411070463
3.53892066650087,-0.0109577790884276,0.19907429876371374,-0.6004263514579975,0.6326629852267144
3.541407610047252,-0.01576411174619613,0.19928788042059198,-0.6012648036281671,0.6336272804920074
3.5438945535936335,-0.02057056420637554,0.204288329081046,-0.6020966104814462,0.6361424352012219
3.5463814971400147,-0.015800327357064214,0.20928724805973786,-0.6077102086002562,0.6429327337925606
3.5488684406863964,-0.011030205379354507,0.2094962406719052,-0.6276824378657597,0.6618123473398444
3.5513553842327776,-0.00626019582554499,0.20491531355347536,-0.6237061049334027,0.6565354378186222
3.5538423277791593,-0.0014902962598404845,0.20033287666088295,-0.6149348562787829,0.6467459778930009
3.5563292713255406,-0.001508907578738894,0.20532574327087216,-0.6205223383528775,0.6536122015742517
3.5588162148719222,-0.00631602737049064,0.19595190341782498,-0.6117381643779467,0.6423866611405572
3.561303158418304,-0.006334846594853616,0.19136497701855593,-0.6077359807527589,0.6371842017911387
3.563790101964685,-0.011142169505046984,0.1915649707080771,-0.622881030528184,0.6517684129623943
3.566277045511067,-0.01116118708532432,0.1821866811597217,-0.6284429268437002,0.654413532247786
3.568763989057448,-0.020757106933859126,0.18238372828808247,-0.6196332994107898,0.6462508085652399
3.5712509326038298,-0.015987910098755165,0.18736771540507924,-0.6108173911916452,0.6391088791650543
3.5737378761502114,0.0031464057578171056,0.18277343918071276,-0.606783638476335,0.6337210852273405
3.5762248196965927,-0.01123819024199968,0.1829661162053844,-0.6075320742021422,0.6345849965005119
3.5787117632429744,-0.02562287254340767,0.19273415642721314,-0.6082743279525928,0.638592706423479
3.5811987067893556,-0.016065622244936406,0.19292395319091815,-0.6137988359174571,0.6436045112540417
3.5836856503357373,-0.011296856981327041,0.19311231976107912,-0.6193172276105425,0.6488249497640872
3.586172593882119,-0.011316574478301367,0.1932992627594552,-0.62482953582969,0.6541441879940674
3.5886595374285,-0.006547965833864633,0.19827319212573835,-0.6255473900152158,0.6562504641728948
3.591146480974882,-0.011356238760558524,0.20803411447676323,-0.6166824195692815,0.65092577422525
3.593633424521263,-0.0065877777417819305,0.2082168264656934,-0.6221766737768508,0.6561260999465314
3.596120368067645,-0.006607790516225176,0.19882133470372843,-0.627664975320382,0.6584351959553909
3.598607311614026,-0.0018394682341837942,0.2037896624005513,-0.6283589534820475,0.6605820044216836
3.6010942551604077,-0.01143642198105621,0.2087566062000894,-0.6194702375021883,0.653799271589473
3.6035811987067894,-0.006668229652411539,0.1993569627428471,-0.6201524731799655,0.6514420571869597
3.6060681422531706,0.0028883042803342085,0.1947443519079135,-0.6208288863490345,0.6506629012223084
3.6085550857995523,-0.0019204313082620272,0.19491878028935217,-0.6167111061188173,0.6467840500323069
3.6110420293459335,-0.0019408209946202293,0.1998802544772813,-0.6173759715142602,0.6489290971432954
3.6135289728923152,0.0028271373500706187,0.20484037773739638,-0.6180351115530609,0.6511028890809807
3.616015916438697,-0.0067701674402093626,0.20022235001079114,-0.6186885585260509,0.6503155826689492
3.618502859985078,-0.006790716662302854,0.19560298451535818,-0.6193363446760003,0.6495260958735473
3.62098980353146,-0.0020229115486172233,0.2005590944643676,-0.6199785021967514,0.6516144456115349
3.623476747077841,-0.002043556665614954,0.21030228310536314,-0.6301918698729718,0.6643591041426065
3.6259636906242227,-0.002064246632616229,0.21046734704030534,-0.6451880764777336,0.6786519132172122
3.628450634170604,-0.0020849794031002067,0.21541950278790756,-0.6506019440919975,0.6853413740441965
3.6309375777169857,-0.0021057529444430956,0.21558195026003135,-0.6560103113459146,0.6905284498596314
3.6334245212633673,0.002661838082344159,0.20137788936308842,-0.6518364035352047,0.6822395742552751
3.6359114648097486,-0.0021474142789911776,0.2015377465603736,-0.6332918492218855,0.6645905814616954
3.6383984083561303,-0.006956701397185627,0.20169631842658786,-0.6243186968349637,0.6561277587321515
3.6408853519025115,-0.002189214655065219,0.1970652081711206,-0.6201285748259107,0.6506911235355437
3.643372295448893,-0.00699856537145821,0.19243282563787334,-0.6015679016287496,0.6316354269436221
3.645859238995275,-0.011807944957504701,0.192587580664493,-0.602155532143632,0.6323137580991757
3.648346182541656,-0.01182894815887553,0.19274107644157157,-0.6171030946500586,0.6466106061526368
3.650833126088038,-0.007061573055820114,0.1881049161531161,-0.6176802007670776,0.6457260686348747
3.653320069634419,-0.011871027703831694,0.1834675096170164,-0.6182520919367942,0.6450092228550204
3.6558070131808007,-0.007103696930563008,0.1884056699645722,-0.6236072029001836,0.6514853048948006
3.658293956727182,0.002452017820384178,0.19334259703877654,-0.6289571616962952,0.6580079661145067
3.6607809002735636,-0.007145898190264899,0.18870149067540698,-0.6295135963020968,0.6572265091832995
3.6632678438199453,-0.011955426513128975,0.18884756730443053,-0.6396417479129539,0.6670441526413758
3.6657547873663265,-0.007188161994569731,0.18899243006704225,-0.6545532443793434,0.6813294049305596
3.668241730912708,-0.002420909456419096,0.184347682096754,-0.659882906846768,0.6851535444304307
3.6707286744590895,-0.002442070414771902,0.19406694312080486,-0.665207572997117,0.69294231887862
3.673215618005471,-0.012040046400320914,0.1942082029756338,-0.6657388704854643,0.6935921225732085
3.675702561551853,-0.01684962567714432,0.18955987141141462,-0.6710536368611706,0.6975169089560308
3.678189505098234,-0.012082403164611177,0.1944871648106581,-0.6763634996452836,0.7038741545153764
3.6806764486446157,-0.012103587078035882,0.19941328294586924,-0.6529380696891742,0.6828178945259342
3.683163392190997,-0.012124772366207792,0.19476142558096443,-0.6342962009394189,0.6636344577592709
3.6856503357373787,-0.007357553992668742,0.19968521239298997,-0.6348031339917988,0.66550983206486
3.68813727928376,-0.007378736896677784,0.19503103648760778,-0.6353052861296078,0.6646084242137199
3.6906242228301416,-0.007399916071362256,0.1903757108833135,-0.6262258812057748,0.6545659052716841
3.6931111663765233,-0.007421089844992457,0.19529604858942085,-0.6362953695640208,0.6656330945030773
3.6955981099229045,0.006922953400242071,0.19542684600434734,-0.646360168272544,0.6752933040925996
3.698085053469286,0.00211339206416028,0.20034491611859684,-0.6420550976467627,0.672589994167902
3.7005719970156674,-0.0074845622652075505,0.20047345863179933,-0.6377453978501766,0.6685542751094914
3.703058940562049,8.424872549055573,-11.55492926817243,0.4248060347781788,14.3064785334296
3.7055458841084308,7.946011094811127,-10.870061280434282,0.2519539797556245,13.467026597106459
3.708032827654812,7.299555539474716,-9.902678602117184,0.05995285046449794,12.30244483486857
3.7105197712011937,6.519024707855493,-8.695876856803105,-0.15598578631625415,10.869235898435868
3.713006714747575,5.652302634709018,-7.3214820880069205,-0.34797792720697984,9.25600959794057
3.7154936582939566,4.704177724892923,-5.8178015160116185,-0.54475402187526,7.501523811295616
3.7179806018403383,3.722534013132459,-4.237507571071472,-0.7511025033086938,5.690156840043399
3.7204675453867195,2.745678727498091,-2.662003103374791,-0.9095625612515832,3.9309434299978285
3.722954488933101,1.778400272801311,-1.1104417199539147,-1.0680182584156768,2.3529664987039745
3.7254414324794825,0.868582683723115,0.3788693588637173,-1.2168928175883131,1.5423378355754218
3.727928376025864,0.011437558405125559,1.729315686178396,-1.303513831593186,2.165597347006058
3.7304153195722454,-0.7643046817838652,2.9456856715243136,-1.3614001529379962,3.3338620395031318
3.732902263118627,-1.4490672287709039,3.9848836912203436,-1.4097054240872513,4.468373669328996
3.7353892066650087,-2.018908064538086,4.827756138176679,-1.424487657539867,5.4233185587095045
3.73787615021139,-2.4881923976439366,5.474303018571375,-1.4057468823128811,6.175371992355208
3.7403630937577717,-2.847343420061575,5.914947531931501,-1.3630599339799119,6.704617904168129
3.742850037304153,-3.101149533739741,6.149689684412148,-1.301215244709642,7.0092062858960125
3.7453369808505346,-3.244822334001403,6.188106288796662,-1.2154244399449805,7.092163843982644
3.7478239243969163,-3.2927270294662336,6.039774157856424,-1.12005275832421,6.969608407214675
3.7503108679432975,-3.2544404254484984,5.72863531431147,-1.0294654383994182,6.668466400607323
3.752797811489679,-3.1251741173166883,5.273843377548703,-0.9197204920731359,6.198872721551855
3.7552847550360604,-2.9288701203762986,4.6993403702630125,-0.8147599643636099,5.596955770519057
3.757771698582442,-2.675105239986833,4.043433525096987,-0.7241606902400459,4.902035436649983
3.7602586421288233,-2.373456281523092,3.3156996547590585,-0.6144038747003773,4.123669608748693
3.762745585675205,-2.038288453695134,2.5448691852254712,-0.5237967724580148,3.3023237347683656
3.7652325292215867,-1.6887553685483094,1.778826155740393,-0.45712781489453924,2.4950116284893618
3.767719472767968,-1.3248570248623075,1.0079937656920603,-0.40003182002018,1.7121106929838745
3.7702064163143496,-0.9561702280717221,0.2706792476567821,-0.36687402567620353,1.0593041635331348
3.772693359860731,-0.597060186947031,-0.40917537576249763,-0.3289240397299249,0.7950448911098403
3.7751803034071125,-0.26189211027368225,-1.02199329193759,-0.30533550316001623,1.0983112198639395
3.777667246953494,0.04454559978876277,-1.543832478293658,-0.29610844357163124,1.5726039685341293
3.7801541904998754,0.3270413477058357,-1.984269735511035,-0.3012428884772014,2.033477244581894
3.782641134046257,0.5808067312878016,-2.328939847683171,-0.31116205865525437,2.420355159885075
3.7851280775926384,0.7818997350486973,-2.563477598917596,-0.32107757811091453,2.6992360784094296
3.78761502113902,0.9446855700499572,-2.692671386617177,-0.36450829731756684,2.876764905476434
3.7901019646854013,1.0739526406974966,-2.7308864148398344,-0.4175122268101532,2.964022831348278
3.792588908231783,1.1649125447416036,-2.687699484337696,-0.4705125869893454,2.9668386962423288
3.7950758517781646,1.207988476597431,-2.543956975955537,-0.5139325981602312,2.862705009349854
3.797562795324546,1.2079688406261064,-2.323600900435857,-0.5573490938129755,2.6774890992876235
3.8000497388709276,9.515829028477098,-13.308109474588477,0.2659389002757919,16.362380737090763
3.802536682417309,8.76403019839252,-11.75179062716024,0.02141641604424649,14.659920426994939
3.8050236259636905,7.854214123825119,-9.98957130545594,-0.21352582599632086,12.70928037490912
3.807510569510072,6.829476435640647,-8.10764276344402,-0.4532530622673967,10.61042213594972
3.8099975130564534,5.742489571329014,-6.192196255105921,-0.6881885124907878,8.473079981169455
3.812484456602835,4.617195548444296,-4.300692614517972,-0.903966992969087,6.374292746769702
3.8149714001492163,3.501478401126006,-2.4905926757696886,-1.0958001265466262,4.434431281177909
3.817458343695598,2.4097033402583476,-0.8145688696484545,-1.25411113264758,2.836016107937893
3.8199452872419792,1.3706007866704204,0.7082251962869295,-1.3836884405572931,2.0723713821632233
3.822432230788361,0.41768956449777384,2.0251170912184304,-1.474955269499679,2.539893078942538
3.8249191743347426,-0.45381872870119344,3.126530014194975,-1.547065258519769,3.5177481834691973
3.827406117881124,-1.2247704787817202,4.012463970890835,-1.5760764166786814,4.481511655078336
3.8298930614275055,-1.8808004749329699,4.668553757002002,-1.557200366217156,5.2685555505349315
3.8323800049738868,-2.4219087163200794,5.109164588130765,-1.5191675525162704,5.854662643689632
3.8348669485202684,-2.82415318552126,5.3438732765428085,-1.461978000932902,6.218537005297147
3.83735389206665,-3.111475898332027,5.382256634486996,-1.3808433334009358,6.368414014240766
3.8398408356130314,-3.298242063921461,5.253045087477042,-1.2757635750716876,6.332492092594137
3.842327779159413,-3.3748748748719692,4.975392254369201,-1.1563155576334978,6.122203375803878
3.8448147227057943,-3.3605279437017153,4.5780285606435775,-1.051229725952398,5.775515344901643
3.847301666252176,-3.2552012696622152,4.075319221803051,-0.9317756849466825,5.298374089535938
3.8497886097985576,-3.073260061979865,3.5247250832151655,-0.8075302659924919,4.745600009619494
3.852275553344939,-2.829069529895586,2.9358229570283885,-0.7024355103224345,4.137161646124126
3.8547624968913206,-2.5417832859845255,2.3181896553732972,-0.5973378291811091,3.491629710230004
3.857249440437702,-2.2209781361952903,1.7005556036444238,-0.4778720370280638,2.837779929155414
3.8597363839840835,-1.8810192898111975,1.1116512272195749,-0.38713378806103016,2.218980529315003
3.8622233275304647,-1.5123299395275778,0.5610533381769742,-0.31554629984816884,1.6436216601209914
3.8647102710768464,-1.1484289079369723,0.058338748578018684,-0.25353278985148364,1.1775275970017995
3.867197214623228,-0.8036814043643606,-0.3821273262136642,-0.21545849202790635,0.9156131579150741
3.8696841581696093,-0.47329902486736286,-0.7555564774927717,-0.20132343026658006,0.9140069371706018
3.872171101715991,-0.15728176883797218,-1.0475834899310126,-0.2159160316698081,1.0811052011330253
3.8746580452623722,0.12042834771685113,-1.2629967614996234,-0.23050589999029647,1.289494775647689
3.877144988808754,0.36461972869788606,-1.411373093507863,-0.25945826875583755,1.4806215414005874
3.8796319323551356,0.5800807779925765,-1.5022892872833213,-0.30756156474566865,1.6395002067067594
3.882118875901517,0.7524462861931867,-1.5309569342107265,-0.36045060134950546,1.7435392694249954
3.8846058194478985,0.8960814638005055,-1.4925876256931532,-0.4181254018095739,1.790421364309977
3.8870927629942797,0.9918326980594698,-1.4063349697536096,-0.485374392579649,1.7880431899324682
3.8895797065406614,1.0444883928032123,-1.276987364472539,-0.5334671767624144,1.7338511932706393
3.8920666500870427,1.0636253551716475,-1.109333207949111,-0.5911341971950055,1.6466203877992225
3.8945535936334243,1.0636087956117293,-0.9321029149025344,-0.6487986700426962,1.5559624765146511
3.897040537179806,1.0300735046352196,-0.7357196735082756,-0.7064606180017137,1.4496280446121241
3.8995274807261873,0.9773846926625207,-0.5201834786012554,-0.764120063658396,1.345269921073843
3.902014424272569,0.9007539568195695,-0.30464793831639536,-0.8026234162077852,1.2443361303488687
3.90450136781895,0.8097581041801515,-0.11305506412800259,-0.8267591013361564,1.1627640545065834
3.906988311365332,0.7043971351643563,0.07853716567374658,-0.8652575612208491,1.1184873971885734
3.9094752549117135,0.5846710501792562,0.2653403528577192,-0.8989652047253838,1.1047099977276047
3.911962198458095,0.47931026954093725,0.4282008892125444,-0.9039400372820818,1.1091446826322304
3.9144491420044765,0.3691611803493949,0.5671187797889874,-0.9041240974153357,1.1293113259829655
3.9169360855508577,18.833228665785562,-6.131803895186228,0.26406459989920883,19.80806025585817
3.9194230290972394,17.40148045081486,-5.509258512537272,0.048407063234853,18.252829766417783
3.9219099726436206,15.46216157972486,-4.72869643445882,-0.18161337938772348,16.170095674001306
3.9243969161900023,13.111040119252083,-3.833213285860767,-0.4164199428046995,13.666246839286295
3.926883859736384,10.463037749404505,-2.8754814983141874,-0.6224938251386529,10.868810944852552
3.9293708032827652,7.64744136013264,-1.874654680165548,-0.799835047642734,7.914380937885895
3.931857746829147,4.783961034739797,-0.8642516497441128,-0.9580204380981137,4.954898309330656
3.934344690375528,1.9683648399113738,0.10305516132118919,-1.0874732108926288,2.251150482238668
3.93683163392191,-0.694002351036827,1.0081121446229897,-1.1881933869421566,1.7057939160854338
3.9393185774682915,-3.1265260847239618,1.817400481773312,-1.2553925837297353,3.828070063216298
3.9418055210146727,-5.2525919077797925,2.5021897576839627,-1.284282418625656,5.958192399035403
3.9442924645610544,-7.029104190090593,3.067268380489564,-1.298804928809309,7.778388989771568
3.9467794081074357,-8.41296730155285,3.49348274170244,-1.2941717314252497,9.200941308039654
3.9492663516538173,-9.380239225357663,3.7664676361354417,-1.2703828468252976,10.187690560500068
3.951753295200199,-9.930919961307652,3.8910114718618294,-1.2034962786466306,10.733664092227565
3.9542402387465803,-10.084163122499975,3.8910562702161737,-1.1318192735771735,10.867919747919462
3.956727182292962,-9.863910725363294,3.7666020359109904,-1.0697170615900635,10.612649070176715
3.959214125839343,-9.313258399618986,3.512860370317897,-0.9980360493027867,10.003651631036114
3.961701069385725,-8.460936565039177,3.1729269079911924,-0.9215646598209641,9.08318193934826
3.964188012932106,-7.373982867969888,2.7563784602223746,-0.8498797194569772,7.918051596866211
3.966674956478488,-6.114646551448205,2.2823686449229252,-0.7877696510892971,6.574092340668945
3.9691619000248695,-4.726023245240993,1.7700510799835287,-0.7160808608811511,5.0971706210043
3.9716488435712507,-3.2799389990489836,1.2385793832743999,-0.6539669814445848,3.5664760673491953
3.9741357871176324,-1.833854652622327,0.702318769324354,-0.6110048386372178,2.0565994878750513
3.9766227306640136,-0.4308658357617807,0.18521125928214577,-0.5632524349607042,0.7329405736352289
3.9791096742103953,0.8667782084404041,-0.2792243190840189,-0.5250749993653159,1.0511776433855398
3.981596617756777,2.0399238667631536,-0.6957763645891217,-0.4964725507265495,2.2117592828641452
3.984083561303158,3.040687106052959,-1.045291259467683,-0.48223351112629587,3.251301439929778
3.98657050484954,3.849914313067456,-1.3229805959362164,-0.4632042859309706,4.0971546328751405
3.989057448395921,4.4484518745536334,-1.5432095795135896,-0.4537501036352438,4.7303392101488075
3.991544391942303,4.855453403810414,-1.6724593825366942,-0.4634477892995239,5.156290526746507
3.994031335488684,5.0517652875637395,-1.7298836138870541,-0.4922973612296655,5.362386271997065
3.9965182790350657,5.0469643324510285,-1.7059054625455552,-0.5307220309769445,5.353842386019588
3.9990052225814474,4.860204151739139,-1.6244669407562249,-0.5404145900568373,5.152914240246829
4.001492166127829,-0.019191182327444878,0.21431513452677287,-0.5548938796755785,0.5951524981614118
4.00397910967421,-0.01441502916023335,0.2095614707439455,-0.5741599176833212,0.6113782905535443
4.006466053220592,-0.0048503722007506855,0.20001894718807822,-0.593424318496016,0.6262455805250637
4.008952996766973,-0.009650824784179723,0.20005277809178246,-0.5983218897751534,0.6309543059726004
4.0114399403133545,-0.004874370372779491,0.2048745643849359,-0.617583068951209,0.6506966986804543
4.013926883859736,-0.004886219001111192,0.20011910033527247,-0.6512078734190094,0.6812805764573318
4.016413827406118,-0.0048979674322017774,0.1905747934702231,-0.6800427071784014,0.7062583277935306
4.0189007709524995,-0.009698019079329656,0.19539526125656392,-0.7088759907170985,0.7353764545528582
4.02138771449888,-0.01449797072469533,0.2097921045378941,-0.7377077410889221,0.7670955804488075
4.023874658045262,-0.024086225800566297,0.20982331085489614,-0.7521727652731212,0.7812616955092833
4.026361601591644,-0.019309171147018633,0.20985409428907387,-0.7666362900573525,0.795074075928258
4.028848545138025,-0.00974361353527703,0.20509605561896294,-0.7667331221939584,0.7937499673728983
4.031335488684407,-0.014543166386377482,0.20991440888260193,-0.7572516816031758,0.7859425373625679
4.033822432230788,-0.01934261988826519,0.21473235149468817,-0.7477687914122786,0.7782302263037334
4.0363093757771695,-0.014565167558204584,0.21476148416842955,-0.7430728713150572,0.7736226026123001
4.038796319323551,-0.014576019523939276,0.20521340759520212,-0.7383755342515617,0.7665007714172738
4.041283262869933,-0.019375175961101943,0.20524173904608833,-0.7193115864082316,0.748270490685897
4.043770206416315,-0.009809023772807235,0.20526967584841493,-0.6954578504601567,0.7251851339740429
4.046257149962695,-0.00024277311301540427,0.20529722194822897,-0.6716027456493734,0.7022800411817366
4.048744093509077,-0.005041634144219098,0.21011278458996108,-0.657323094425502,0.6901061155997017
4.051231037055459,-0.009840397115511323,0.21492796435546602,-0.6334652992037704,0.669006090086404
4.05371798060184,-0.009850658924976441,0.20537755516400313,-0.6143945855291655,0.6478870907603843
4.056204924148222,-0.014649226439912066,0.2006151741550295,-0.6001109688734321,0.6329251321434076
4.058691867694603,-0.009870889934245008,0.2054292284850492,-0.5954028679164622,0.6299231520647616
4.061178811240985,0.004484350349078237,0.2006661086869852,-0.6002702979058032,0.6329387230384566
4.063665754787366,-0.00031392576277033957,0.1959026251935856,-0.6003480640161811,0.6315027593566791
4.066152698333748,-0.014688911888023126,0.21029239505616548,-0.6195781978730839,0.654458401145994
4.068639641880129,-0.014698591691788054,0.2246818087414657,-0.6435955044279194,0.6818453909038957
4.07112658542651,-0.01470817540939201,0.21991725669413986,-0.6628231918409835,0.6985087786549421
4.073613528972892,-0.009929260002537688,0.2199407592195528,-0.6724728714816326,0.7075961352699883
4.076100472519274,-0.005150249081084302,0.2151755133587714,-0.6869097678893912,0.7198416880374915
4.0785874160656554,-0.009947949582638893,0.21040992609168052,-0.7013454922116065,0.7322955674755555
4.081074359612036,-0.014745555170908031,0.21043240437602417,-0.710991655484916,0.741625486602203
4.083561303158418,-0.009966259516836495,0.20087774186616558,-0.7350018852369367,0.7620229424419305
4.0860482467048,-0.014763676220404698,0.20568795875681412,-0.7446457756818052,0.7726725268532868
4.088535190251181,-0.024349402287087818,0.20570944533771174,-0.7399233408453547,0.768372188213914
4.091022133797563,-0.014781421448074927,0.21051901179831534,-0.716046191323132,0.7464977514078177
4.093509077343944,-0.00521334732423645,0.22490506498560192,-0.7017447608431056,0.7369227752059563
4.095996020890325,-0.010010390222903454,0.22013718848219277,-0.6970190631017985,0.7310240515828246
4.098482964436707,-0.0148073405362103,0.2201574023719739,-0.6779270950848293,0.7129331563359118
4.100969907983089,-0.014815795303499468,0.22496571011509525,-0.6779876935124207,0.7144903015943298
4.1034568515294705,-0.010035754890914406,0.22019690518859525,-0.6732588551521417,0.7084242228154245
4.105943795075851,-0.0052556229912956165,0.2250046042895173,-0.6876826098659929,0.7235758878214588
4.108430738622233,-0.005263803303789061,0.23460040749118338,-0.6973169542043962,0.7357417980794256
4.110917682168615,-0.014848699533733911,0.22983070488380042,-0.697373497890803,0.734419792996949
4.113404625714996,-0.010068295470699484,0.22984911309791078,-0.6926406571813075,0.7298513994959077
4.115891569261378,0.013865811808487116,0.23944403878095244,-0.6926952515445812,0.7330432592673186
4.118378512807759,0.013857992017961618,0.23467346863634075,-0.6927488903808801,0.7315495239206448
4.1208654563541405,0.004273454709794344,0.22511421258751563,-0.6880131829832408,0.7239176825321951
4.123352399900522,0.004265812750648745,0.22513148385609272,-0.702430158459606,0.737638468150392
4.125839343446904,-0.0053185475609353605,0.22514847903998536,-0.7072694092877772,0.742260157812918
4.1283262869932855,-0.010114416689757821,0.2299536046759174,-0.6833773344797471,0.7211002309034898
4.130813230539666,-0.010121795066987349,0.22997005731755849,-0.6642727694648016,0.7030270195735415
4.133300174086048,-0.010129086449439662,0.22040943681678593,-0.6691093396053667,0.7045496622505207
4.13578711763243,-0.005347887958544129,0.20606014964400732,-0.6787334435957924,0.7093436914728505
4.138274061178811,-0.010143410002122322,0.20128740888817687,-0.6883566899860369,0.717254796004823
4.140761004725192,-0.019727249711792127,0.19651441101461886,-0.697979090541347,0.7253839596727653
4.143247948271574,-0.014945794263184375,0.2061063690681686,-0.7028122536019339,0.7325628136546726
4.1457348918179555,-0.014952657399283864,0.22048647947006028,-0.7028561907238853,0.7367799498027157
4.148221835364337,-0.01974783958658355,0.2205011319789043,-0.6933225100388505,0.7278096106117915
4.150708778910719,-0.8673019223509262,-1.943842761207783,4.88033662866752,5.324323704840584
4.1531957224571,-1.1067287001133463,-1.9150981756097583,1.6624880598536969,2.7670048765830737
4.155682666003481,-1.2360221186665368,-1.7235481160656199,-1.5409945215670984,2.621646982666826
4.158169609549863,-1.2647589851356893,-1.4122882095062206,-4.552940203781908,4.931879740667385
4.160656553096245,-1.1689972834080886,-1.0052604696030794,-7.191389671554919,7.354807180919759
4.163143496642626,-0.9870442405392645,-0.5311953133699234,-9.298325626149675,9.365643824299514
4.165630440189007,-0.7428418736278991,-0.023611561162661943,-10.773191608571596,10.79879757149068
4.168117383735389,-0.45554379645635407,0.47918356332063583,-11.548949982966757,11.567859903496169
4.1706043272817706,-0.1395152194905766,0.9101524164382062,-11.592081936622224,11.62859430640613
4.173091270828152,0.15257142023718306,1.2692950010108652,-10.936106303208595,11.010577138049719
4.175578214374534,0.41592771889416735,1.5518229165174149,-9.67679115945942,9.80925264102037
4.178065157920915,0.6266116593624538,1.7242173424927945,-7.9290581952918515,8.13852145540741
4.180552101467296,0.7606812245210544,1.7625362650912306,-5.807829100519529,6.116865935423309
4.183039045013678,0.8229248171671288,1.6955101069684648,-3.4567559847810463,3.9371463924854697
4.18552598856006,0.8037656301336459,1.542292484118025,-1.0290677642559505,2.0208131428169764
4.188012932106441,0.7367224861331043,1.2837297859492094,1.3124298383350208,1.9781795331717074
4.190499875652822,0.6074301746719216,0.9533408383736433,3.414507907007046,3.5967616571336167
4.192986819199204,0.4158886952141271,0.5942212739213222,5.167033155760558,5.217690481613153
4.195473762745586,0.21477048374441773,0.23988991846057806,6.483814315292085,6.491804187500836
4.197960706291967,0.018440749682083646,-0.10007641876341244,7.278660116396052,7.279371431714138
4.200447649838348,-0.17788891083760344,-0.39694731524566196,7.53241693644803,7.54496630477359
4.20293459338473,-0.3502764817601716,-0.6459343651041454,7.264238379482448,7.301307009819719
4.205421536931111,-0.4795683503540435,-0.827883952517261,6.5028548562703286,6.572860786842781
4.207908480477493,-0.5370340972495071,-0.9188540583644149,5.339246020842342,5.444285671533239
4.210395424023875,-0.5514041429229973,-0.9188446801478569,3.8548147206837022,4.0009897032944775
4.212882367570256,-0.537043697892317,-0.8326442187113876,2.1261754000540627,2.345705471749257
4.215369311116637,-0.4700107461149829,-0.679406284880941,0.30176855311212414,0.8795267256011441
4.217856254663019,-0.36467049811313285,-0.47349608618329264,-1.5034841491316744,1.6179146153351762
4.220343198209401,-0.2353881644109369,-0.23406723348663583,-3.1746610355733766,3.191969258706083
4.222830141755782,-0.10610576217512985,0.024515065640082767,-4.596840435015939,4.598130207617834
4.225317085302163,0.02796511134757923,0.29267400692721157,-5.712561516013397,5.720122306036891
4.227804028848545,0.1572476489477842,0.5273139628419443,-6.445209833746295,6.468656478707741
4.2302909723949265,0.24822302681281522,0.7332233390336036,-6.789996993107936,6.833980560578038
4.232777915941308,0.3200448576519903,0.8816717178887457,-6.742134598900745,6.807066378310769
4.23526485948769,0.3679247375713805,0.9822359083351615,-6.320776272437042,6.407212239214734
4.237751803034071,0.36792064939453556,1.0205507026786025,-5.569017651540712,5.673697819249869
4.240238746580452,0.3439746091467859,1.00619290980559,-4.544319583906405,4.6670743709690345
4.242725690126834,0.29129821293036373,0.9391625319413546,-3.332873337061047,3.4748993641760846
4.245212633673216,0.21467986348699067,0.8146711679702006,-2.011293371801788,2.1806140381008574
4.247699577219597,0.11890796355730265,0.6566608366776858,-0.6657709554772389,0.942652387352124
4.250186520765978,0.013559319201439157,0.4842851535087993,0.6222910479706929,0.7886457464734791
4.25267346431236,-0.07742405356062282,0.2975441206064602,1.7667013713703206,1.793254227202323
4.2551604078587415,-0.14925375199079188,0.10122614341375602,2.71478757087762,2.720771024835673
4.257647351405123,-0.21629498663296476,-0.061573146084118235,3.423454009376492,3.430832570656462
4.260134294951505,-0.25939414478947215,-0.1908537458050903,3.830451436556004,3.8439652290899886
4.262621238497886,-0.2785512270443965,-0.2914040570074703,3.9309914420347347,3.9516073726875596
4.265108182044267,-0.268977830661993,-0.3536472710089993,3.7250740188372156,3.7514786300198737
4.267595125590649,-0.23546235954747313,-0.3680065791473699,3.2557947899556066,3.284976572117598
4.270082069137031,-0.19237002424695515,-0.334481979420965,2.5614609751462663,2.5903603509904567
4.2725690126834115,-0.144489228666141,-0.26743867980909686,1.6899566008904756,1.7170771379154344
4.275055956229793,-0.09181997339045944,-0.17166508167026384,0.7083193070330349,0.7345856304707041
4.277542899776175,-0.024785452364841587,-0.04237277974232212,-0.3116248631760712,0.315467631400634
4.2800298433225565,0.03746072054403249,0.08691940465469106,-1.3076266730461832,1.311047598125649
4.282516786868938,0.09491854475085587,0.22578828006382157,-2.236590499085559,2.249961541482785
4.285003730415319,0.1332228097096052,0.3598686384069114,-3.0075366845177847,3.031918643805601
4.287490673961701,0.15716191815580915,0.47000686826592064,-3.5917348156494704,3.6257641002530883
4.289977617508082,0.1619474661847552,0.560991374804868,-3.97960809198793,4.022215666796714
4.292464561054464,0.15715625985313153,0.6232453532073983,-4.147214502999494,4.1967274148072775
4.294951504600846,0.12842308861660723,0.6519804019581068,-4.070612038070959,4.124494308241374
4.2974384481472265,0.09968996849397316,0.642408119522297,-3.797684736314788,3.852925594698764
4.299925391693608,0.0757453022234717,0.5993169109866767,-3.3571630234836602,3.4110792539677948
4.30241233523999,0.037435475942560914,0.5418603913797444,-2.734681695369434,2.7880993658035034
4.304899278786372,-0.015239510929194011,0.46046175578904736,-2.0164320174130257,2.0683943898797583
4.307386222332753,-0.048760835729115326,0.35990940924403647,-1.264663238376535,1.3157832300437704
4.309873165879134,-0.07270530567629296,0.25935696671631936,-0.5128941870247914,0.5793207615316361
4.312360109425516,-0.10622653462940662,0.17795804315844022,0.20535630795492033,0.2917607838641613
4.314847052971897,-0.1253825065631265,0.0965590269418164,0.8326274013481161,0.8475333669606877
4.317333996518279,-0.1253848187321447,0.010371516380074386,1.330611861296724,1.3365466121853165
4.319820940064661,-0.11581027835077762,-0.051874066989598955,1.68973287593899,1.6944911128202402
4.322307883611042,-0.1110240959522758,-0.08538931825006646,1.8764716168851763,1.8816916364082874
4.324794827157423,-0.08229585218560898,-0.09975104246365651,1.8956164823817687,1.9000222961946978
4.327281770703805,-0.04877916090134793,-0.0997476413907088,1.7519558707477785,1.7554709828273594
4.329768714250187,-0.02483923262814558,-0.07101390352862014,1.4407013737339174,1.4426643442778793
4.332255657796568,0.003889142028899506,-0.0279150373148509,1.0288906329671317,1.029276595158714
4.334742601342949,0.018252349224226583,0.03912576539647983,0.5404656602634557,0.5421873326573358
4.337229544889331,0.03740400167662067,0.11095489281147808,-0.034150355733654436,0.12196841548928303
4.3397164884357124,0.046978888864542545,0.18278394307915002,-0.613554563224179,0.6419238178317751
4.342203431982094,0.04218860690904391,0.2450361110102497,-1.1498629335801152,1.1764384132938797
4.344690375528475,0.0469751718550635,0.30249980135881405,-1.6430754713087055,1.6713496944114536
4.347177319074857,0.05176177650744945,0.3599634188610872,-2.069250164246368,2.100963870859989
4.349664262621238,0.023029597071643093,0.4078501582747851,-2.3805029835601994,2.415298442984854
4.35215120616762,-0.0009141404400038189,0.4222180043791548,-2.567257126912387,2.601745190166997
4.354638149714002,-0.010492629934724551,0.4270089751391306,-2.6343010018591935,2.6687054030987887
4.357125093260382,-0.024859485239273615,0.4126462652601086,-2.576846209249947,2.6097952640705935
4.359612036806764,-0.039226303576424315,0.38870668271147535,-2.3948927531885253,2.426549584770883
4.362098980353146,-0.05359308548678032,0.35519022880482654,-2.1171710576354688,2.1474276715968124
4.3645859238995275,-0.06795983150839491,0.29773169487375784,-1.7628347398461557,1.789091674800236
4.367072867445909,-0.06796133221579709,0.24506150211761213,-1.3654026269722852,1.3888838022813514
4.36955981099229,-0.06317439478237857,0.19717965179708852,-0.9344515295011888,0.9571157089015162
4.372046754538672,-0.07275263301944673,0.15887454847631544,-0.49871187113794946,0.5284388310663118
4.374533698085053,-0.0631772242120765,0.1205693867417974,-0.09649088216595025,0.16684971986670938
4.377020641631435,-0.04402497552530582,0.09662937776498826,0.2530578204745595,0.27443340835362406
4.379507585177817,-0.029661097441572082,0.08226611941956996,0.5164154099437948,0.5237674777353124
4.3819945287241975,-0.015297187159117487,0.06790280624251244,0.7031586893452886,0.7065953137633828
4.384481472270579,-0.0009332451934426778,0.08226985931693331,0.7701920253197834,0.7745740484710347
4.386968415816961,0.013430727943010645,0.09663685986599235,0.7414574310517708,0.7478490417188016
4.3894553593633425,0.023006328420624722,0.12536901897951935,0.6456853231052797,0.6581460465131233
4.391942302909724,0.02779355573330311,0.16367793445011625,0.47329889154014104,0.5015723165200437
4.394429246456105,0.04215761933908957,0.1971983974137177,0.219509729795071,0.2980754842075799
4.396916190002487,0.042156502136869556,0.22593040895147887,-0.07737493875168333,0.2425048484220988
4.399403133548868,0.032578606950729005,0.2546623734490763,-0.3838362939849187,0.4617841385990253
4.40189007709525,0.02300073992847279,0.28818269527656915,-0.7094511456160291,0.7660934850982752
4.404377020641631,0.013422900580732755,0.31212616550723693,-1.0207006734178545,1.0674421680680939
4.4068639641880125,0.0038450884216429393,0.3217043818395582,-1.2936428637486834,1.333049268754774
4.409350907734394,-0.005732697031111289,0.34085936187856225,-1.499547299591855,1.5378101547683758
4.411837851280776,-0.010522052935932724,0.34564909001093014,-1.652779193759475,1.6885683493266093
4.414324794827158,-0.015311383088201902,0.33607356720978965,-1.73897333908827,1.7712165748685262
4.416811738373538,-0.015312284638980211,0.3312864077145039,-1.7581297383229728,1.7891353573089015
4.41929868191992,-0.01531316137621469,0.3073455958667144,-1.710248394155938,1.737712685665546
4.421785625466302,-0.02967922372469234,0.2786163425557566,-1.5953293092277132,1.6197479827247878
4.424272569012683,-0.029680052222558873,0.25946385865627164,-1.4325260994088413,1.456136471947683
4.426759512559065,-0.020104050646275406,0.23552293510643096,-1.2409923805191738,1.2633041258225124
4.429246456105446,-0.024893236049638556,0.20679357279086297,-1.0303049616878113,1.051147738915494
4.4317333996518276,-0.02968239891998764,0.18285257922045117,-0.78131023207251,0.8029706029951633
4.434220343198209,-0.020106329740672724,0.17327676189177632,-0.5514690339066703,0.5784005498487154
4.436707286744591,-0.015318642233184854,0.1637009116857464,-0.3503581761726515,0.38701873455640307
4.439194230290973,-0.010530933513382967,0.14933662610980525,-0.17318925784357653,0.22892541905811137
4.441681173837353,-0.005743204013331338,0.14454911593872044,-0.029539087806487174,0.1476481934174738
4.444168117383735,-0.005743857481247339,0.1493383819724805,0.06622712177833456,0.16346551895725817
4.446655060930117,-0.005744491020544862,0.15891602167704333,0.10932096543722025,0.19297247111147625
4.449142004476498,-0.00574510505072795,0.17328203582506863,0.0997424410625225,0.20002056074522698
4.45162894802288,0.003831106653578664,0.1828596185350948,0.04706835323226777,0.18885906741533223
4.454115891569261,0.003830530400162957,0.19722557719350142,-0.05827810671208944,0.20569136827879297
4.456602835115643,-0.0057468342176172915,0.22116831585311214,-0.20672013410408674,0.30278980148749784
4.459089778662024,-0.005747374320803578,0.24511102859262568,-0.3599505043118221,0.43551901704019014
4.461576722208406,-0.01053630026824387,0.2690537161183215,-0.5323344291839955,0.5965575079362184
4.464063665754788,-0.02011361245343668,0.269054362521981,-0.7095067006051732,0.7590748089626446
4.466550609301168,-0.015325697984198972,0.27384338840599165,-0.8771021104179173,0.918984869566383
4.46903755284755,-0.01532617052637164,0.2738439877975418,-1.0351206603848677,1.0708408858049212
4.471524496393932,-0.020115030460060523,0.28342137131277756,-1.1404667223449572,1.1753283085774264
4.4740114399403135,-0.015327068199914917,0.2834219263131801,-1.2218707179017532,1.2544046231581036
4.476498383486694,-0.02011589739823033,0.26905725010880177,-1.279332648697391,1.3074740835623966
4.478985327033076,-0.02011630846055046,0.24990414995838206,-1.2889104997334204,1.3130677919877394
4.481472270579458,-0.02011670506908264,0.2499046430694647,-1.2649694825354256,1.2895754356362623
4.483959214125839,-0.02490549090142652,0.2307515034735137,-1.2075095986301267,1.229612122019061
4.486446157672221,-0.024905859669616837,0.20680994171353184,-1.1165308495068622,1.1357956646060736
4.488933101218602,-0.0009641984404168968,0.19723357164105249,-1.0111868498993761,1.03024310571357
4.4914200447649835,0.0038238625600106046,0.17808037721313585,-0.8819007945832826,0.8997089830383355
4.493906988311365,-0.0057532736866835466,0.15413876229714374,-0.7430378948998158,0.7588788911662775
4.496393931857747,-0.005753590912911777,0.16371595399123384,-0.6089633621552668,0.6306127130395482
4.4988808754041285,-0.00575389608855531,0.1685047262572299,-0.48446560098042113,0.5129657577504979
4.501367818950509,-0.0009657862178342747,0.15413986964733084,-0.38390982261259055,0.41369890507027623
4.503854762496891,-0.005754471581480958,0.16850541786672135,-0.3025076249741989,0.3463207371226144
4.506341706043273,-0.0057547425336030855,0.18765935480494766,-0.25941262255614106,0.3202250134653635
4.508828649589654,-0.000966599384486122,0.1876596643407189,-0.24025960657455236,0.3048635145211707
4.511315593136036,-0.0057552524005822225,0.19244836354515993,-0.23547177153384702,0.30416517018010575
4.513802536682417,-0.0009670886013861124,0.20202545287722184,-0.26420273182874965,0.3325932987544754
4.5162894802287985,0.008609488396836007,0.2116025294650874,-0.3120872785808473,0.37715808783383903
4.51877642377518,-0.00575594161894899,0.2211795937468941,-0.38391381616252573,0.44310649035467253
4.521263367321562,-0.015332959013248548,0.24033345279115315,-0.49883595887704857,0.5539247079083979
4.5237503108679435,-0.005756354106696504,0.24033368709377267,-0.60418127119366,0.6502525857125645
4.526237254414324,-0.005756547097942766,0.22596870038287298,-0.7095265607165704,0.7446629652060726
4.528724197960706,-0.010545134938648726,0.22596891297823207,-0.8292370383420948,0.8595389550577722
4.531211141507088,-0.00575690793504996,0.22596911530708752,-0.9297938817353639,0.9568760868441412
4.533698085053469,-0.010545479630769461,0.2163925011073542,-0.99204347849507,1.0154246328018333
4.53618502859985,-0.015334043642758088,0.2068158773886899,-1.044716249396128,1.0651009256341881
4.538671972146232,-0.015334196903485975,0.20202764783105653,-1.0638701786636169,1.082991258105337
4.5411589156926135,-0.015334342981259408,0.1924510061442155,-1.054293670418577,1.0718244610593952
4.543645859238995,-0.015334482119289006,0.17808595266941118,-1.0303519353972703,1.045741298628365
4.546132802785377,-0.015334614556009818,0.17808610102012157,-0.9728913610688412,0.9891751160550455
4.548619746331758,-0.02012314384540248,0.17329783823842915,-0.8962771581202169,0.913099023011408
4.551106689878139,-0.015334860255440508,0.16372116463889297,-0.8340281504956195,0.8500839567412817
4.553593633424521,-0.01054657065091369,0.15893288716804754,-0.7622023222720582,0.778667626688682
4.556080576970903,-0.005758275251252554,0.15893300612327588,-0.6760112707848176,0.6944667712694067
4.558567520517284,-0.010546780911791842,0.17329832843418114,-0.6041854165888783,0.6286362722945272
4.561054464063665,-0.01054687788159775,0.1780868377798983,-0.5563015669359395,0.5842068056766154
4.563541407610047,-0.015335373006609365,0.18287534107359216,-0.49884089917334684,0.5315268635977938
4.566028351156429,-0.015335459846842814,0.1876638385797662,-0.4509570271507961,0.48868715245634453
4.56851529470281,-0.010547138598285266,0.19245233055501165,-0.42222675805675536,0.4641385320007214
4.571002238249192,-0.005758812772602262,0.20681762388875846,-0.4174384957392263,0.4658986919927656
4.573489181795573,-0.005758885876846309,0.22118291218150254,-0.4365922407061884,0.48945666820718986
4.575976125341954,-0.010547358093166537,0.23554819566685126,-0.4605343801651731,0.517383914089697
4.578463068888336,-0.005759019638207574,0.2355482646100362,-0.503630124547076,0.5560210909842326
4.580950012434718,-0.0009706773256346057,0.23554832919087065,-0.546725861022276,0.5953092681200507
4.5834369559810995,-0.005759137964596928,0.24512519626168006,-0.5993983966651513,0.6476094250682092
4.58592389952748,-0.005759191758193505,0.24033684942555933,-0.6616477318919145,0.7039692398103957
4.588410843073862,-0.005759242186314628,0.23076009552085397,-0.7238970604612778,0.7598094134056468
4.590897786620244,-0.00575928940410958,0.23554854801973724,-0.7717811727949613,0.8069463839496479
4.593384730166625,-0.010547736882643988,0.23554859382520332,-0.8148768759001257,0.8483034349117802
4.595871673713007,-0.015336181447997144,0.23076023311493632,-0.8436073634869672,0.8747335979474538
4.598358617259388,-0.020124623242224915,0.22597186938050484,-0.8675494425315815,0.8967219867098271
4.6008455608057695,-0.020124659082788154,0.22597190610715812,-0.8819147100343141,0.9106271794910412
4.603332504352151,-0.020124692423510004,0.22597194013333688,-0.8723379563403562,0.9013555519576248
4.605819447898533,-0.015336320073373155,0.22118356829141295,-0.8436075850621076,0.8722563448722149
4.608306391444914,-0.010547945477808351,0.22597200068906442,-0.8340308230405107,0.8641655038422056
4.610793334991295,-0.015336375398422974,0.22118362418596282,-0.8053004439782399,0.8352641528821578
4.613280278537677,-0.02491320663179364,0.22118364887826703,-0.7622048514479314,0.7940397407979944
4.615767222084059,-0.02491322932982315,0.22597207489562354,-0.7334744656113035,0.7678989772958815
4.61825416563044,-0.020124846921660944,0.22597209572160226,-0.7047440767351887,0.7403597849706363
4.620741109176821,-0.010548059512188124,0.22597211479537904,-0.6616484750747169,0.6992520023519896
4.623228052723203,-0.015336480483628623,0.2211837289102947,-0.6281296774362062,0.6661113579908391
4.6257149962695845,-0.015336496651849163,0.22597214813584943,-0.5898224740525144,0.6318141900591593
4.628201939815966,-0.0009713014695355016,0.23554896925532454,-0.561092075067803,0.6085298489373251
4.630688883362348,0.0038170883721922455,0.23554898240652822,-0.5467268839753938,0.5953219120256165
4.633175826908729,-0.005759730532837626,0.24512580096473213,-0.5323616909775115,0.586113302028582
4.63566277045511,-0.01054814498559159,0.24991421505841416,-0.5371501095090672,0.5925357528423945
4.638149714001492,-0.000971348424075813,0.2594910314131287,-0.5419385264333201,0.6008609700540789
4.640636657547874,-0.005759760845269635,0.2547026368281897,-0.5658805551672295,0.6205863443297792
4.643123601094255,-0.0009713657192483294,0.24512583802054122,-0.5993993891974103,0.6475857069043924
4.645610544640636,0.0038170302451299154,0.2451258450233147,-0.6329182220023508,0.6787390701594416
4.648097488187018,0.0038170236626606235,0.2355490446234496,-0.6808022636542947,0.7204093588297372
4.6505844317333995,-0.0009713855282701411,0.23076064684618913,-0.7191094976555004,0.7552283689991143
4.653071375279781,-0.0057597940657606594,0.235549055072374,-0.7478399241026885,0.7840797693188386
4.655558318826163,-0.0009713953644477913,0.23554905939795612,-0.7813587530465966,0.8160917864767102
4.658045262372544,-0.01054820607807605,0.2307606598762928,-0.7957239679689572,0.828576115995549
4.660532205918925,-0.010548209654282215,0.2211838565573161,-0.8148775855484036,0.8444282341073598
4.663019149465307,-0.010548212779947663,0.22118385944860597,-0.8244543958951205,0.8536736000276802
4.665506093011689,-0.010548215498477231,0.2211838619529991,-0.8292428023948801,0.8582990102303276
4.6679930365580695,-0.010548217850496255,0.21160705747026975,-0.8053007885062282,0.8327053330199108
4.670479980104451,-0.015336623194240395,0.20681865599880567,-0.7765703708857323,0.8037852383676615
4.672966923650833,-0.015336624924383813,0.21639546421384992,-0.7526283562242213,0.7832698459593426
4.675453867197215,-0.020125029714307685,0.20681865890511641,-0.7238979379267345,0.7531315947607636
4.677940810743596,-0.02012503095368151,0.19245345006284342,-0.7047443259955788,0.7308268689196783
4.680427754289977,-0.02012503199073451,0.20203025763572002,-0.6664371005462346,0.6966775803034396
4.682914697836359,-0.01533662953077819,0.23554908164818977,-0.6089762616122698,0.6531237779149719
4.68540164138274,-0.010548226917542924,0.23554908227868543,-0.5993994557080882,0.6441074000169438
4.687888584929122,-0.010548227492641282,0.24033748610974515,-0.5993994562979257,0.6458738890395225
4.690375528475504,-0.005759824634720689,0.264279503120314,-0.604187860085128,0.6594844968788797
4.692862472021885,-0.015336631642367426,0.2642795034436647,-0.6281298770514478,0.6816348073970626
4.695349415568266,-0.010548228609199961,0.2594911003753273,-0.637706683972878,0.6885613342938116
