Time (s),Acceleration x (m/s^2),Acceleration y (m/s^2),Acceleration z (m/s^2),Absolute acceleration (m/s^2)
0.0,-0.17390940032129265,0.41340032064774085,1.7924226491653155,1.8476805075208687
0.002486943546381497,-0.7230417736564774,0.46916374893122853,-1.200627157678193,1.4779748311517102
0.004973887092762994,-1.329634994078453,0.6542144779085468,-4.4618264161961285,4.701470064655177
0.007460830639144491,-1.941016682673243,0.925456936167502,-7.675140678602503,7.9706838313569595
0.009947774185525988,-2.538033283767626,1.2589491655630232,-10.586784740293748,10.959314626759316
0.012434717731907486,-3.0728008217638347,1.6546912245361727,-12.95733860664191,13.419118141888552
0.014921661278288981,-3.5165889343414083,2.060010734987851,-14.609631526193997,15.167444586764086
0.01740860482467048,-3.845455662494989,2.441388932082184,-15.467049217230697,16.123818426729596
0.019895548371051976,-4.0450358538533635,2.774883857604596,-15.505649834559447,16.263070813168316
0.022382491917433474,-4.124906372639135,3.0365535533198895,-14.744587162870072,15.608919266518472
0.02486943546381497,-4.07070206646433,3.212032867611576,-13.308359859895024,14.282864300167494
0.02735637901019647,-3.8872113962119452,3.310898665441509,-11.34062019663999,12.437127033849146
0.029843322556577963,-3.5935880327143646,3.323574198465787,-9.02811607398166,10.269707894914122
0.032330266102959464,-3.218562453431783,3.240482718314704,-6.595902619343613,8.022830166356572
0.03481720964934096,-2.786076732490007,3.090354703153957,-4.235516136887895,5.9373489619918525
0.03730415319572246,-2.310496137358873,2.8923438244802315,-2.1480697373940068,4.279982335999432
0.03979109674210395,-1.8492815653744272,2.6464501404792875,-0.4963693050520419,3.2664848294572533
0.04227804028848545,-1.4215866872923495,2.3670389192668595,0.6333937291036165,2.8328377240637423
0.04476498383486695,-1.0465651738491841,2.1115710588092376,1.1358743207918227,2.616150124161269
0.04725192738124844,-0.733793889120464,1.8656814072344954,1.0110722988165737,2.2453257622102973
0.04973887092762994,-0.5024265038006914,1.6485236358780673,0.316448331867635,1.7521992228373569
0.05222581447401144,-0.38119349520208456,1.469674609398665,-0.8522296847569244,1.7411339333538896
0.05471275802039294,-0.3413645007689443,1.3530764023785533,-2.36088662914697,2.7424680761576536
0.05719970156677443,-0.402093191123272,1.293940669439462,-4.085024185979659,4.303880108740938
0.059686645113155926,-0.5633796235791372,1.2826906618428706,-5.8522600066719335,6.017610748456138
0.062173588659537427,-0.7964934355008029,1.3289032440902977,-7.499788549220522,7.65814689777944
0.06466053220591893,-1.082281070863968,1.4230016673595274,-8.927053514721589,9.104314939431825
0.06714747575230041,-1.3968005702935784,1.5506207794642726,-10.009556587601388,10.224808052734936
0.06963441929868192,-1.7208983777032107,1.692607024852916,-10.656318275456284,10.926276994236717
0.07212136284506342,-2.049786146934437,1.8441720578884824,-10.838608328970839,11.183828697547947
0.07460830639144492,-2.3403683052321487,2.000527532886445,-10.589945741914075,11.02843529385089
0.0770952499378264,-2.5926449096886186,2.1473082974728306,-9.93906110465139,10.493696974571169
0.0795821934842079,-2.7922508073985153,2.2557839892626586,-8.967357443984532,9.659126539486696
0.0820691370305894,-2.9343976520592143,2.3451082790227336,-7.7801798032260105,8.639526618471496
0.0845560805769709,-2.9903550807273787,2.4152812241860255,-6.463719612312554,7.520337633865354
0.0870430241233524,-2.9649115536614676,2.4327840588894714,-5.13289872100451,6.407479073575795
0.0895299676697339,-2.8867975476798753,2.431135663699295,-3.912215785600898,5.435940861498219
0.0920169112161154,-2.741647909675314,2.395970885922252,-2.9022274456934642,4.6562038071105185
0.09450385476249688,-2.539039503097988,2.3225013794481484,-2.1747599208428134,4.070665175267412
0.09699079830887838,-2.307702804634004,2.239457621350145,-1.7633322039338513,3.6674245914223116
0.09947774185525989,-2.0572146776416753,2.1420512653991537,-1.667944464492587,3.4062522792849506
0.10196468540164137,-1.7971519854315408,2.039859175265721,-1.888596871924566,3.3102233849544858
0.10445162894802287,-1.55624520454638,1.9424582145578584,-2.4109243855502527,3.465198326909698
0.10693857249440437,-1.3392827948771933,1.8402716335385632,-3.1439475114373003,3.8813250372177737
0.10942551604078588,-1.1510532162635385,1.7668183122886503,-4.030205578764061,4.5485302529949285
0.11191245958716736,-1.0107101384532515,1.7173099042602173,-4.993084303292489,5.37601889422166
0.11439940313354886,-0.9182536178590441,1.6821696595176068,-5.922450577403541,6.224813676882253
0.11688634667993036,-0.8832605174791702,1.6661860380174431,-6.756055326538805,7.014314551706046
0.11937329022631185,-0.905730893614961,1.6741474996464738,-7.422072669353147,7.662263439179055
0.12186023377269335,-0.9760879958696232,1.6916888909391128,-7.872618740953257,8.11126900797995
0.12434717731907485,-1.0847550737876566,1.7331754782793505,-8.083751692893996,8.338323107255047
0.12683412086545634,-1.2317321834942752,1.784242108055801,-8.04589488653417,8.332893170872387
0.12932106441183785,-1.4026541710926577,1.835312029902691,-7.787778909634446,8.123134205227453
0.13180800795821934,-1.5735790759830435,1.8863853000189628,-7.31898073651003,7.720238314320626
0.13429495150460083,-1.749295357424056,1.937461974526463,-6.692172971191111,7.183242459125419
0.13678189505098234,-1.9298030712893244,1.9741768995078095,-5.988758637458309,6.594447993747428
0.13926883859736383,-2.076795046824091,2.00131853424739,-5.256621935675096,5.995867553295001
0.14175578214374532,-2.185482936448736,2.0188869346286147,-4.562800679307536,5.447145138456659
0.14424272569012683,-2.270232005796639,2.0125169464921098,-3.950390665038009,4.980940094648881
0.14672966923650832,-2.3071002938692615,1.9965738355173528,-3.4768528993240864,4.625745878253842
0.14921661278288983,-2.296087856199027,1.9854228672996208,-3.1804947751528125,4.396529360774841
0.15170355632927132,-2.261136764848154,1.9455452741457002,-3.0421628454746497,4.260591585858126
0.1541904998756528,-2.192670268563734,1.905671531439901,-3.0570688730046403,4.217233333202909
0.15667744342203432,-2.0906884226593703,1.861013291236648,-3.2491550401798097,4.288514547710809
0.1591643869684158,-1.9647680890140284,1.811570608821822,-3.5801142860696924,4.467585479392108
0.1616513305147973,-1.814909322789609,1.7621319427116018,-4.01642795285723,4.746651275790768
0.1641382740611788,-1.6698425989923038,1.7174857513310045,-4.51978897919461,5.115332249999354
0.1666252176075603,-1.5247795693073745,1.69199729965336,-5.023159883598224,5.515427708999726
0.1691121611539418,-1.3892970953011266,1.6569362226757318,-5.502598814249886,5.912205829942943
0.1715991047003233,-1.2825488450994518,1.6314561885037153,-5.9150103058292824,6.2684868790753345
0.1740860482467048,-1.1949580668241828,1.6299224618268657,-6.212510489471443,6.532982366027682
0.1765729917930863,-1.1361016217950781,1.6331814839956929,-6.37115751268516,6.674552921818535
0.1790599353394678,-1.101191161286505,1.6412333095439684,-6.400528345990169,6.69873360105295
0.18154687888584928,-1.0998035464481688,1.6540779929063592,-6.29583474971059,6.601748029352567
0.1840338224322308,-1.1271504283821172,1.6669271850969891,-6.081018903854332,6.405302899758223
0.18652076597861228,-1.1736550547822382,1.6797809403489574,-5.7656577782268545,6.118981926007247
0.18900770952499377,-1.2441058832143839,1.702216119433536,-5.3928471656309025,5.790348842493107
0.19149465307137528,-1.3385029678340088,1.7198675664168834,-5.000894455300584,5.455133361703387
0.19398159661775677,-1.4376927494241054,1.7375237385417486,-4.604165019616767,5.126820136459383
0.19646854016413826,-1.5225216686753589,1.7503962863045062,-4.236177843986503,4.829820091533094
0.19895548371051977,-1.6121433927475268,1.7536968600946876,-3.920875106917812,4.5877794846672
0.20144242725690126,-1.6969811687839624,1.7570023201548275,-3.686987389977256,4.422745556109704
0.20392937080328274,-1.7674582438323996,1.750735913337199,-3.572822081106896,4.3536240656704335
0.20641631434966426,-1.813997864843846,1.7444744996652313,-3.554437324816286,4.355204269570768
0.20890325789604575,-1.850965295273058,1.7382181324105628,-3.6270448786244813,4.427519548426886
0.21139020144242726,-1.8639953785540153,1.727178461412283,-3.7714912898145414,4.5477214908109955
0.21387714498880875,-1.8387229580207136,1.706567136396183,-3.987776718672416,4.711224539901028
0.21636408853519024,-1.7943017001482695,1.6811726136143192,-4.237594098639908,4.89929216241995
0.21885103208157175,-1.7546736746299691,1.660571752523644,-4.4874247661942235,5.096406506742978
0.22133797562795324,-1.6911085145324534,1.639976202503712,-4.751634090727489,5.303526796846255
0.22382491917433472,-1.613183079380577,1.6289628227775006,-4.982338198176365,5.484484793177783
0.22631186272071624,-1.535262631914165,1.6083780525275644,-5.160383634104729,5.619027545753829
0.22879880626709773,-1.4525588214853888,1.5877987507387479,-5.285770557059815,5.707048482762607
0.2312857498134792,-1.3794369106202111,1.5768017762752775,-5.324980302045585,5.722286715048433
0.23377269335986073,-1.3063201451345208,1.5658103745984895,-5.2875898336445175,5.667172196046755
0.23625963690624222,-1.2523621906565294,1.5548245976876793,-5.187964519451928,5.558854777852426
0.2387465804526237,-1.2223515027429102,1.5486329007187782,-5.026104516791538,5.39945679408205
0.24123352399900522,-1.2067113268777627,1.5520237387430256,-4.816375192634192,5.202153391458101
0.2437204675453867,-1.1910765051122056,1.5602087600453411,-4.597083930235353,4.998609334362974
0.24620741109176822,-1.1993891059461577,1.568399612783948,-4.3682308859678685,4.793730556254365
0.2486943546381497,-1.236437584483563,1.5765963483096894,-4.139393022522004,4.598805120977714
0.2511812981845312,-1.2687031691501227,1.5800106145244117,-3.939300915542935,4.429913427666367
0.2536682417309127,-1.3057627181375893,1.573854059200295,-3.7871083337057776,4.303977510043827
0.2561551852772942,-1.35240468619963,1.5629151366194938,-3.6780270287515577,4.218955437517214
0.2586421288236757,-1.403840721330509,1.5663475108934755,-3.6264223653669543,4.192272947671896
0.26112907237005717,-1.4457056647640865,1.5745744260792396,-3.6466597078999925,4.226993792001
0.2636160159164387,-1.4875763742150006,1.5732307227799143,-3.700431983833548,4.287322619444394
0.2661029594628202,-1.5294529006354987,1.5623164514250467,-3.7877393468682747,4.373445807309129
0.26858990300920166,-1.5426048749331884,1.5561968722696504,-3.9181587569977054,4.489247882492933
0.2710768465555832,-1.5557627677356813,1.5405068255104433,-4.058171543981789,4.611107822345991
0.2735637901019647,-1.5689266296239932,1.5200347644880283,-4.202989457148622,4.736787606732852
0.27605073364834615,-1.5485776878112496,1.5091459490453327,-4.35261264878986,4.860128724747139
0.27853767719472766,-1.5138696059073475,1.5078404289251097,-4.463945640954643,4.948958943877902
0.2810246207411092,-1.48874445071486,1.4825994304877672,-4.536988585212287,4.999872651694593
0.28351156428749064,-1.454048659024951,1.4717302297573138,-4.552588019485269,5.00063046496685
0.28599850783387215,-1.400205474139865,1.465656069412635,-4.53947451453066,4.97147382087955
0.28848545138025367,-1.3415801558329044,1.4500117886693917,-4.507225027452872,4.921122732659936
0.2909723949266352,-1.2925379637459256,1.4295858398806816,-4.431897691739813,4.832813591621397
0.29345933847301664,-1.2530789474274593,1.4283202885361315,-4.327857867064665,4.726590675385733
0.29594628201939815,-1.2040495430114642,1.4222731667766355,-4.20947091272058,4.603503190831911
0.29843322556577967,-1.1741802197007658,1.4162329265184637,-4.076736977656838,4.472605423630191
0.30092016911216113,-1.1443174133598848,1.4197764228508156,-3.9488098237182268,4.349520255993216
0.30340711265854264,-1.1240379796391136,1.4233268974333841,-3.820901195759385,4.229492497260637
0.30589405620492416,-1.1229187740517232,1.4220959950970407,-3.7121648548451294,4.130795504734679
0.3083809997513056,-1.1170178287308683,1.4304489738039097,-3.6417545616460956,4.06894204721933
0.31086794329768713,-1.1207004022333653,1.4244438648027582,-3.5857284465531247,4.017767814092862
0.31335488684406865,-1.138754946335664,1.4136575224328254,-3.553663462799518,3.990452909804991
0.3158418303904501,-1.1616047027126406,1.4028783975604764,-3.574290176497348,4.0116011204394955
0.3183287739368316,-1.1892497195382694,1.4160485541799193,-3.623666716830032,4.068226748582069
0.32081571748321314,-1.216901641523797,1.4100724096467459,-3.6634860026121068,4.109779008283185
0.3233026610295946,-1.2445605165574847,1.3849500110442856,-3.7224785987318363,4.162194653122549
0.3257896045759761,-1.2674379890631142,1.3837770351827743,-3.791067843101665,4.230063040927297
0.3282765481223576,-1.2903225099600468,1.3778231089110413,-3.8501002665773925,4.2879599767089935
0.3307634916687391,-1.3084257233811112,1.362299875521939,-3.8852108029164754,4.320034931288329
0.3332504352151206,-1.3121708699920545,1.3515725914312253,-3.92513001533786,4.353755447802508
0.3357373787615021,-1.3302884168734983,1.350429706254882,-3.9363392234724977,4.368992349026433
0.3382243223078836,-1.3292595877935267,1.344506056167696,-3.9332037797279025,4.364025614003484
0.3407112658542651,-1.3090844296130904,1.3385900904649648,-3.930089036082432,4.353289021611334
0.3431982094006466,-1.3032818122851666,1.3374702582804623,-3.8886879075592375,4.313845594874202
0.34568515294702806,-1.2783329591273629,1.326781395304408,-3.837730955231555,4.257072105339506
0.3481720964934096,-1.253391529828901,1.3256771603061341,-3.772429916493577,4.190422142846697
0.3506590400397911,-1.2236691673247888,1.329369195289563,-3.6927849316203876,4.111112895512449
0.3531459835861726,-1.1891659177168787,1.313915528812761,-3.608372947085778,4.0200553381732504
0.35563292713255407,-1.1546702302730596,1.3176234324324925,-3.5239825055987826,3.9354602717014306
0.3581198706789356,-1.1297589574264366,1.3117625310550363,-3.4348253427808846,3.8464400911979646
0.3606068142253171,-1.1144321448136,1.2963328693416878,-3.3792088236869713,3.7870160004432747
0.36309375777169856,-1.0991130312738266,1.3048533150283324,-3.3667098929982,3.7743114779875175
0.36558070131808007,-1.0838016621295337,1.3038050891981563,-3.349444655097674,3.754106185367714
0.3680676448644616,-1.0780748891854945,1.3171302526090396,-3.3465668603961376,3.754542225109731
0.37055458841084304,-1.0579907408452465,1.3113100260053394,-3.367653452204559,3.7656298498606686
0.37304153195722456,-1.0570680851962473,1.3054980664843616,-3.3935509534504966,3.7865427783137013
0.3755284755036061,-1.0609417569622335,1.3044828210112784,-3.414682693238195,3.8062226337249516
0.37801541904998753,-1.0552465907055804,1.2986875264184248,-3.43583721016655,3.8216635112520856
0.38050236259636905,-1.063924647389039,1.3024774359671036,-3.4570146390455125,3.844389852902578
0.38298930614275056,-1.0773991645702972,1.2919105761828344,-3.4686383075734373,3.8550322444093457
0.385476249689132,-1.0860933796434167,1.281352199979668,-3.4850735595769677,3.8687465677348873
0.38796319323551354,-1.0947957397990289,1.2755907534563844,-3.4919553184852674,3.875494991415042
0.39045013678189505,-1.093929482101719,1.2602610692551965,-3.494072120530884,3.872141482172723
0.3929370803282765,-1.0978598600517948,1.2401515931235871,-3.47705888818499,3.8513907563562224
0.395424023874658,-1.1113753203423733,1.2439927872339558,-3.436127350077001,3.819639292302797
0.39791096742103954,-1.1105338895774084,1.238265870417343,-3.3952196542735855,3.7807544731846834
0.400397910967421,-1.1049124174350364,1.2229708845690341,-3.3447591251124074,3.728793751299262
0.4028848545138025,-1.0897225434637432,1.2220498880072934,-3.2895342964030156,3.6744982021663057
0.40537179806018403,-1.079329520323844,1.2163493089883497,-3.2343337014637434,3.6201342996279977
0.4078587416065655,-1.0737333905445985,1.2058691888698339,-3.188734276439826,3.5742202199050648
0.410345685152947,-1.058568986523516,1.2049747787898426,-3.1575245536606165,3.5415383414158783
0.4128326286993285,-1.043413157088168,1.199300909783508,-3.121551048356233,3.5030150779130462
0.41531957224571003,-1.0330543475736287,1.1840592193448878,-3.0951790984991785,3.4712146536540476
0.4178065157920915,-1.013127389860864,1.1736149580669866,-3.0784088315991163,3.44679562961779
0.420293459338473,-0.9979975355791797,1.1679681663989687,-3.061663568021082,3.425482815967855
0.4227804028848545,-0.9780880195821238,1.1623304812861932,-3.049731837584991,3.4071296721663824
0.425267346431236,-0.9725524964702599,1.1471251361696304,-3.0474021696026377,3.39829581109732
0.4277542899776175,-0.9622373941061386,1.1319289775868386,-3.054674689555341,3.3967928214607053
0.430241233523999,-0.947142753457399,1.1263188518901457,-3.0571843124512927,3.392941124135266
0.43272817707038047,-0.9512106319164355,1.1159295886445155,-3.0597195660657643,3.3929315253993635
0.435215120616762,-0.950499053495077,1.110338033830114,-3.0814341876187967,3.410503724186601
0.4377020641631435,-0.9450080586286389,1.0999674199589393,-3.098386283929491,3.4209598244186665
0.44018900770952496,-0.9538913008549825,1.0943945926367749,-3.0962107679375066,3.4196680040219674
0.4426759512559065,-0.9675720136107737,1.093619590640771,-3.065330955380775,3.3953576065816264
0.445162894802288,-0.9716850268324281,1.0928540492392205,-3.053631001317058,3.3857294718440683
0.44764983834866945,-0.971018783557063,1.0825212001910283,-3.0515342204345046,3.3803240562653873
0.45013678189505096,-0.9703617266406446,1.0674094850264388,-3.015945103651367,3.3431855703044775
0.4526237254414325,-0.9745022987573889,1.0666725550465157,-2.980382594481286,3.312117974870445
0.45511066898781394,-0.969075329117921,1.0659452381195063,-2.9544236193048796,3.286938570536602
0.45759761253419545,-0.9732344699921232,1.0652275718834598,-2.9284914906882396,3.264652741795827
0.46008455608057697,-0.9774029535444932,1.0597311904644808,-2.8882211173420487,3.2280284931055543
0.4625714996269584,-0.9815808183960679,1.059032937757485,-2.838401020721328,3.1845834925041956
0.46505844317333994,-0.9666144897019795,1.0535560441835252,-2.8029733350236796,3.146582817405451
0.46754538671972146,-0.9468692156743289,1.0480889499314967,-2.786726580624997,3.1242433954034556
0.4700323302661029,-0.9462870509800618,1.0474200949967272,-2.780084067398038,3.117918449872593
0.47251927381248443,-0.9361376135763577,1.0419727092195703,-2.7591038947106767,3.094303647045395
0.47500621735886595,-0.9116325378350811,1.0413236355271323,-2.7525165979085884,3.080872671778135
0.4774931609052474,-0.9015022811828644,1.0454729100109401,-2.755533888547909,3.081993994069523
0.4799801044516289,-0.8913816709755733,1.0352669552858678,-2.7442138643544887,3.065460599220527
0.48246704799801043,-0.8716939377009028,1.0298594203334395,-2.7233450424253487,3.039254672905309
0.48495399154439195,-0.8615927315794141,1.0244619373373325,-2.7168695525864113,3.0287364464301816
0.4874409350907734,-0.8515012827202667,1.014286138284509,-2.715210700867434,3.020960104816908
0.4899278786371549,-0.8414196276832051,1.0041204616054167,-2.6992149861019517,3.0003343867746772
0.49241482218353644,-0.8313478028374273,0.9987533455329434,-2.697612939769428,2.9942883941443115
0.4949017657299179,-0.8212858443610831,0.9886080181410677,-2.6960394629077538,2.986718104749197
0.4973887092762994,-0.8112337882407783,0.9832613205866394,-2.670552649353855,2.959181396385859
0.4998756528226809,-0.8107684769117111,0.9827132871871036,-2.6546714322265395,2.944546033100438
0.5023625963690624,-0.8198899459759343,0.9821755487404205,-2.634030710878081,2.928311137482637
0.5048495399154439,-0.8194446175612591,0.9720713325246786,-2.61341899737708,2.906264098910807
0.5073364834618254,-0.8094325268832749,0.966765882219587,-2.597624803225722,2.8874680785999924
0.5098234270082069,-0.8185841288855115,0.9710476346639141,-2.5818598327176936,2.8773275240491256
0.5123103705545884,-0.8181690384733513,0.9657630098941792,-2.566124192897636,2.861309514919841
0.5147973141009698,-0.8081872902791998,0.9509120410271026,-2.5504179902394046,2.8393718197650637
0.5172842576473514,-0.80779253202141,0.9360715676186222,-2.534741330644648,2.820225588099602
0.5197712011937329,-0.8026195879804012,0.9356068323432303,-2.5095175128007696,2.7959321334379563
0.5222581447401143,-0.8070337021622835,0.9399410610717556,-2.4986886580623437,2.788949193629001
0.5247450882864959,-0.8114581017749869,0.929920672831962,-2.4639476440435004,2.75576753397017
0.5272320318328774,-0.8063160138293971,0.9199109096910278,-2.457967010866561,2.7455388218771555
0.5297189753792588,-0.8059726817404973,0.9194886101927202,-2.4376512316685073,2.7271220719361096
0.5322059189256404,-0.800851332123827,0.9190769993961345,-2.412577215529355,2.7030712546795517
0.5346928624720219,-0.7957404013575728,0.9138877054769479,-2.4018986775880418,2.6902622143526855
0.5371798060184033,-0.790639922300914,0.9230743730083573,-2.400827315798928,2.690938420909526
0.5396667495647849,-0.7759731209733112,0.9179066131560929,-2.394998020891478,2.679683256473206
0.5421536931111663,-0.7708936431166149,0.9031728601234337,-2.355680473048686,2.638035010261242
0.5446406366575478,-0.7706131176712395,0.8980267578696657,-2.3403356116323994,2.6224925948516398
0.5471275802039294,-0.7703431733773458,0.9120451435082391,-2.3393867289321104,2.626401571745974
0.5496145237503108,-0.7605070354541519,0.8973440141033631,-2.314526696726258,2.596272532012185
0.5521014672966923,-0.7458931388808135,0.8826538196384854,-2.294486032687267,2.569066074305765
0.5545884108430739,-0.7408667250757481,0.8823397999300877,-2.2792648339741426,2.5539097889816524
0.5570753543894553,-0.726274212013463,0.8724599680258682,-2.2736516004734995,2.5412894811845383
0.5595622979358368,-0.711692437388265,0.8625911600091707,-2.2728580248374843,2.53307189709052
0.5620492414822184,-0.7114866420123517,0.8814638250378035,-2.2577305891623585,2.5259729075846593
0.5645361850285998,-0.7112916465732811,0.89077076557817,-2.228269388229574,2.50291686434341
0.5670231285749813,-0.7015306748758248,0.8713583971706602,-2.2036281295046845,2.4713129460381715
0.5695100721213628,-0.6917805638025739,0.8663223783122347,-2.1885953098941027,2.4533699766056563
0.5719970156677443,-0.7011949566729905,0.8756627374093249,-2.168805812423731,2.4417572051606173
0.5744839592141259,-0.7010434633993383,0.8802258893791772,-2.1682017460816905,2.4428177102722985
0.5769709027605073,-0.6913261136113705,0.8704350555715203,-2.1628411860516454,2.431762936104193
0.5794578463068888,-0.6911965500153953,0.8606554737292933,-2.1527242235165343,2.419235849959289
0.5819447898532704,-0.6862895918705382,0.8652523813868853,-2.1234857390950506,2.3935009445466195
0.5844317333996518,-0.6813936715118825,0.8507069826668225,-2.1038562426844543,2.369432589422388
0.5869186769460333,-0.6765088177486163,0.8505381279670701,-2.089047420334616,2.3548244970749033
0.5894056204924149,-0.6716350591840597,0.8455922309530488,-2.059905747528333,2.325796973614333
0.5918925640387963,-0.6619840208950744,0.8262925117215163,-2.0403733290241792,2.298718225585875
0.5943795075851778,-0.6571325377130369,0.8117926100816462,-2.035238655691515,2.2875809929979205
0.5968664511315593,-0.6475038309813858,0.8068809556720544,-2.0349250078299423,2.2828135874953763
0.5993533946779408,-0.637886331797546,0.7971923646403272,-2.0059136485278035,2.2508007916928343
0.6018403382243223,-0.6378568743720449,0.7923036695256831,-1.9960886967082256,2.240307251707649
0.6043272817707038,-0.6330502761063881,0.7826380893760123,-1.995873430839211,2.235349141174683
0.6068142253170853,-0.6234665641553134,0.768195649669613,-1.9813259188156405,2.2146077551931387
0.6093011688634667,-0.609105765465611,0.7537647789947419,-1.9763882611225352,2.201200066845219
0.6117881124098483,-0.5947563100962038,0.744133905729176,-1.9666953310686495,2.1852599074943546
0.6142750559562298,-0.5995718378585418,0.7345146513994605,-1.9474588079888306,2.1660087651454267
0.6167619995026112,-0.6043987617929419,0.7249070406417302,-1.923467177243273,2.1425484971783013
0.6192489430489928,-0.5948718980511813,0.7200995012015996,-1.9090857302167965,2.1253291961574345
0.6217358865953743,-0.5949332891384737,0.724880460613744,-1.89952614439626,2.11839488149628
0.6242228301417557,-0.5950061541085735,0.7248847329205481,-1.8852116933307954,2.1055909688540018
0.6267097736881373,-0.5950905184463884,0.710535535273578,-1.8709308599123755,2.0879118167690325
0.6291967172345188,-0.585609600786532,0.7009865045350516,-1.8614721264142045,2.0734992552423672
0.6316836607809002,-0.5761402328350091,0.7010260673949458,-1.8328935545682086,2.0452075438537
0.6341706043272818,-0.5762592460877807,0.6962890370506045,-1.8139256420097087,2.026627587041795
0.6366575478736632,-0.5716014552290218,0.6771986298082326,-1.8093568691518005,2.0147204490402357
0.6391444914200447,-0.576532094654385,0.6724852883250143,-1.7904568925441495,1.9975889475162307
0.6416314349664263,-0.5718975753067698,0.6677838251637436,-1.7811678046380273,1.986343581073308
0.6441183785128077,-0.5576979211995965,0.6583058593162059,-1.7719128740201295,1.9708041020960645
0.6466053220591892,-0.562663576057274,0.6440514128828163,-1.7435385620135957,1.9419884756317038
0.6490922656055708,-0.5772177568306726,0.6489625243538271,-1.7151985558805833,1.922560475748725
0.6515792091519522,-0.5630532603376016,0.6490971988046019,-1.6916813322983248,1.897403983741844
0.6540661526983337,-0.5632657396298569,0.6396670543799581,-1.6681985606789418,1.8733202266967586
0.6565530962447153,-0.5587016043837087,0.6398257256144553,-1.6495387164501931,1.8553981834008422
0.6590400397910967,-0.539784070704459,0.6495732335495585,-1.6596438876956423,1.8621842182490462
0.6615269833374782,-0.5352435810481917,0.6497559857336268,-1.6841489353104606,1.882823987620013
0.6640139268838597,-0.5259265444560275,0.6499508094250248,-1.6703814930009973,1.8679424822504422
0.6665008704302412,-0.5166213863586974,0.6597345316702443,-1.651860453612489,1.852239257582615
0.6689878139766227,-0.5121165319748708,0.6791071726632789,-1.6429510960817826,1.850064376826118
0.6714747575230042,-0.5028351963501149,0.674549929144072,-1.6292882787963165,1.833696031794745
0.6739617010693857,-0.4983542075989834,0.6652164341641491,-1.620448876117182,1.8211876291648574
0.6764486446157671,-0.4938851836627363,0.660683513922574,-1.6020677451756615,1.8019562537261784
0.6789355881621487,-0.47985133894987725,0.6561627844456601,-1.5741449524353825,1.7716487345016405
0.6814225317085302,-0.4801947108985709,0.642077458227623,-1.565410983652935,1.75879560224611
0.6839094752549116,-0.4805501101718789,0.6327927641524902,-1.5519238874322525,1.743508773460228
0.6863964188012932,-0.47134075054050023,0.6330971242519499,-1.5384721316696357,1.729124221038004
0.6888833623476747,-0.4621434588436424,0.6238369437444602,-1.5202673769909865,1.7070331005799062
0.6913703058940561,-0.45774665838739775,0.6193774508790464,-1.5116748966734157,1.6965616473193177
0.6938572494404377,-0.46293877226499985,0.6149302604119196,-1.4983295434418693,1.6844711196061561
0.6963441929868192,-0.4585662067552106,0.6057069868877871,-1.4658661693907913,1.6510383237547748
0.6988311365332006,-0.45420578784571186,0.6060728579211667,-1.4478036591870271,1.633940831969328
0.7013180800795822,-0.44985753467056533,0.6016626809933348,-1.444142073624338,1.627856293415352
0.7038050236259636,-0.4407330628304902,0.6020532799758369,-1.4261510529434993,1.6095404966677478
0.7062919671723452,-0.4364091976740833,0.5976678652477583,-1.4225610765978018,1.6035397973282255
0.7087789107187267,-0.4416743610165426,0.598083260258309,-1.4285838001669333,1.6104755513449982
0.7112658542651081,-0.4325865545380894,0.593722674964416,-1.4107004586771748,1.5905073171934885
0.7137527978114897,-0.4330878129089499,0.5893745290730077,-1.3928531263669068,1.5732028543199232
0.7162397413578712,-0.43360134734403455,0.5946156454004876,-1.3798302635615087,1.5638124729051828
0.7187266849042526,-0.42933877216543564,0.5902924266306586,-1.3668435233138876,1.549528362905035
0.7212136284506342,-0.4298769114430515,0.5859816951585797,-1.3443161547247406,1.5281867130382505
0.7237005719970157,-0.4304273790727174,0.5768950632078731,-1.3266134228643747,1.5092974578700373
0.7261875155433971,-0.4309901920574691,0.5726093527527212,-1.332888995491409,1.5133496260982529
0.7286744590897787,-0.4267769638669322,0.5635477722758067,-1.32004729656839,1.4974142825891625
0.7311614026361601,-0.43215292103890546,0.5497103366903218,-1.2880883793086557,1.4656429559536814
0.7336483461825416,-0.4375412732965779,0.5358854640197865,-1.2609543128950822,1.4382702720957563
0.7361352897289232,-0.4285768268298067,0.5364383787185105,-1.2434335525973115,1.4204123451950215
0.7386222332753046,-0.4196248075373439,0.5274270784686101,-1.2451029563733282,1.4158197887345298
0.7411091768216861,-0.41547363446437563,0.5136399806645402,-1.2372321549867191,1.4025647136603672
0.7435961203680677,-0.40175811316194504,0.5094423091319982,-1.2293980051317241,1.390093702901733
0.7460830639144491,-0.38805506556981817,0.5052572708858989,-1.2311773628708291,1.3862428872831167
0.7485700074608306,-0.37915291009466034,0.49629647605241756,-1.2138398570723634,1.36509132294977
0.7510569510072121,-0.3846284682507276,0.5017135511504089,-1.186962342535626,1.3448178867766876
0.7535438945535936,-0.3853281414177433,0.5071432992478355,-1.1649100767488054,1.3276624531300643
0.7560308380999751,-0.37167513740347,0.4886437165635096,-1.1668367198891456,1.3184927077472017
0.7585177816463566,-0.36282308372503563,0.48931044559228143,-1.1640118982996341,1.3137690061927092
0.7610047251927381,-0.3635603977262023,0.4947782887771046,-1.1612240609345132,1.3135535914203411
0.7634916687391196,-0.3547334799368274,0.48110524171235847,-1.1632616561172568,1.307851587904324
0.7659786122855011,-0.33634234395576734,0.4722333329877957,-1.1509711149392263,1.2887455142683786
0.7684655558318826,-0.3275406164509726,0.4585857677434362,-1.1291408844630126,1.261959943408599
0.770952499378264,-0.328328310597089,0.4497393641932135,-1.1169246210820454,1.2480326856391724
0.7734394429246456,-0.32434022939587515,0.44090573038300374,-1.0903803506770764,1.2200507188768026
0.7759263864710271,-0.3251531922388134,0.4368732807924043,-1.0590849217414462,1.190900387670394
0.7784133300174085,-0.32597880834472437,0.4280652197333965,-1.0326151821391694,1.164386589676967
0.7809002735637901,-0.3172402834005123,0.42405836459276136,-1.0253363824255395,1.154028418678941
0.7833872171101716,-0.3133028394831645,0.42485272591043755,-1.027671755925569,1.1553214902653224
0.785874160656553,-0.31895489181769365,0.4256599107000718,-1.0204677286952286,1.1507705974259286
0.7883611042029346,-0.315042838816334,0.43605673573051007,-1.0085127427639797,1.1430203057613315
0.790848047749316,-0.301566691961493,0.44167800096354304,-0.9965952395335549,1.13102785009773
0.7933349912956975,-0.29768007580589506,0.4425237161166593,-0.9751384498173898,1.1114565502842488
0.7958219348420791,-0.29380619476960446,0.4433822940226735,-0.968084427044122,1.1045801902185053
0.7983088783884605,-0.2947334630229912,0.4394653406690483,-0.9562795941329707,1.092917317105922
0.800795821934842,-0.2860966812447011,0.44513807512003334,-0.9445123899785219,1.0826369990739002
0.8032827654812236,-0.27268426318431843,0.44603529631380745,-0.9327828495292749,1.0692932419697014
0.805769709027605,-0.26886142902190746,0.44694541626587814,-0.9115142004677619,1.0501927493518342
0.8082566525739865,-0.2698397854463093,0.4335032335068605,-0.9046484930938217,1.0388105983900704
0.8107435961203681,-0.26604253561625596,0.4248623696061933,-0.8930321472000387,1.0241059905093943
0.8132305396667495,-0.2670464957621131,0.42581123596930226,-0.8766651952362885,1.01053001148665
0.815717483213131,-0.2680632719438781,0.42677303383788967,-0.8411824590680332,0.980602401394264
0.8182044267595125,-0.2690928733326198,0.4181709642511642,-0.8201027931408831,0.9590862949383813
0.820691370305894,-0.265346905570048,0.4095818413273924,-0.8182146313561347,0.9527021822196025
0.8231783138522755,-0.2664021840499624,0.40579407566263814,-0.8067875837509693,0.9415652716642708
0.825665257398657,-0.26268191067626906,0.40680767433106935,-0.7953984863036858,0.9312105143872589
0.8281522009450385,-0.25418609378506307,0.4078342408852693,-0.8032009810123846,0.9359867275829448
0.8306391444914201,-0.2552799514651534,0.39450857203623846,-0.8110414826924153,0.9373330004208933
0.8331260880378015,-0.2468098783551561,0.3811958842162193,-0.8045548088597645,0.9238689618427737
0.835613031584183,-0.24792949544840065,0.37747299033682236,-0.7885293896926004,0.9086987903348976
0.8380999751305646,-0.24906200360878322,0.3689746865081136,-0.7773304613912497,0.8957772307511034
0.840586918676946,-0.24541900681318302,0.37964299520300093,-0.7757464528975788,0.8978540259391002
0.8430738622233275,-0.24657731879232253,0.380747502171638,-0.7694121792550082,0.8931764305772365
0.845560805769709,-0.2381717364685063,0.36749980956675854,-0.7535392615310315,0.871552238682662
0.8480477493160905,-0.22977907315899027,0.3638419392643355,-0.7616465467397724,0.8748056020568554
0.850534692862472,-0.22139933533403972,0.3554086863795529,-0.760215234795762,0.8679056419081337
0.8530216364088535,-0.22260933589843368,0.351776862431219,-0.7396685416005884,0.8487705395480193
0.855508579955235,-0.21904387094953254,0.343369665459309,-0.7191601023639063,0.8264830290999673
0.8579955235016165,-0.210702946340039,0.3397639065878244,-0.7034783417213415,0.8091458589693219
0.860482467047998,-0.2071633743579499,0.3361711867829653,-0.683046473735212,0.7889741540637102
0.8629694105943795,-0.1940599504846402,0.3278031068144389,-0.6530761151765301,0.7560572421671311
0.8654563541407609,-0.19054629323888184,0.32423647721676296,-0.642297705447632,0.744300695584995
0.8679432976871425,-0.19183400433337566,0.31110609172714376,-0.6267692468173216,0.7255528749059356
0.870430241233524,-0.17876947531565818,0.3027771638092909,-0.6160675641872739,0.7093460226664239
0.8729171847799054,-0.16571792077150832,0.31361490673192494,-0.6197694818506445,0.7140944962837357
0.875404128326287,-0.15267934512211828,0.31488890368634603,-0.6282982102116197,0.7191833181093903
0.8778910718726685,-0.16359576918688257,0.3161759642321398,-0.6081349424659273,0.7046693723314558
0.8803780154190499,-0.16494837373839072,0.3126876877741278,-0.5832217110469742,0.6820037538907175
0.8828649589654315,-0.15673716258866105,0.2948472702033915,-0.5822889511032603,0.6712390583537814
0.885351902511813,-0.14375054266757564,0.2961735371007972,-0.5718178540148635,0.659817126760274
0.8878388460581944,-0.14514213066381565,0.2879360706905221,-0.5518084338005611,0.6391134222591148
0.890325789604576,-0.14175831650173865,0.2845000828873383,-0.5509911237983918,0.6361029287504689
0.8928127331509574,-0.13838750650576015,0.2858655754532724,-0.5454239202212303,0.6311556717130944
0.8952996766973389,-0.13981810679911427,0.28724414663864506,-0.5303184319623995,0.6191089904419981
0.8977866202437205,-0.13647331334324347,0.2790589911824872,-0.5296166872372012,0.6139973299736555
0.9002735637901019,-0.12356472521937983,0.27088691691452205,-0.5241650837791756,0.6028241850881783
0.9027605073364834,-0.12503436123044193,0.2723047314743434,-0.5139636320050851,0.5949303096123759
0.905247450882865,-0.12172861009668712,0.26894722571027474,-0.5085891483752576,0.5880589992325553
0.9077343944292464,-0.11364747362011673,0.2656028035626159,-0.5032532387929898,0.5802796049114518
0.9102213379756279,-0.11036776004419763,0.27184827210313767,-0.4979559118867769,0.5779641993113646
0.9127082815220094,-0.11667787409327585,0.27331842161364683,-0.47833196573004777,0.5631324491942132
0.9151952250683909,-0.10384739705105633,0.2748016554692332,-0.463535021045292,0.5487849737906189
0.9176821686147724,-0.10060674984689905,0.2762979735371589,-0.44877668136132165,0.5365284689829406
0.9201691121611539,-0.10695593329055597,0.27301897217729953,-0.4292685496158697,0.5198561517613457
0.9226560557075354,-0.1037413347131646,0.2745414575238452,-0.419375841437871,0.5118704648728118
0.9251429992539169,-0.10053976117073837,0.2665002189232517,-0.4047333519453957,0.49491382728649413
0.9276299428002984,-0.11171642284298267,0.2728372720987631,-0.3853410856295092,0.48518912647879414
0.9301168863466799,-0.098964093189921,0.26961059938524334,-0.3851410629959968,0.48043460059352505
0.9326038298930613,-0.09580159528040044,0.26160860285464027,-0.3801912707617259,0.47134107513481416
0.9350907734394429,-0.1070173320659158,0.2631964910351994,-0.3752801149807752,0.4707018875633835
0.9375777169858244,-0.10866928638099971,0.2647974556697479,-0.37998440444397197,0.4757256078375095
0.9400646605322058,-0.10075745746705034,0.2568346883177255,-0.3655737207971903,0.45799592541417844
0.9425516040785874,-0.10243545765241607,0.2536733969572236,-0.33683646834716363,0.43393780858190595
0.9450385476249689,-0.1089148824699836,0.2505251761026468,-0.3320798740626252,0.4300027421333049
0.9475254911713503,-0.10583052061851933,0.2378132167661362,-0.32257351784890886,0.4144983710226911
0.9500124347177319,-0.09797077388495162,0.22511432305960666,-0.3131058022756683,0.3978818598540164
0.9524993782641133,-0.10448925382446855,0.21721689559367752,-0.3084651293358682,0.39147403478690984
0.9549863218104948,-0.10623234523749697,0.20454412483753526,-0.30865149712666096,0.3852133913284183
0.9574732653568764,-0.09841164269355712,0.2014612176819197,-0.308876499850566,0.38167547184416095
0.9599602089032578,-0.10496916049262206,0.20317976755681189,-0.2947749244963713,0.3730855112582199
0.9624471524496394,-0.09717447622022846,0.19054615775224004,-0.2902887840434669,0.36058049753730703
0.9649340959960209,-0.07981599051353899,0.17792559462190782,-0.2618992510568443,0.3265261509701065
0.9674210395424023,-0.08641252374144626,0.1701064777008754,-0.21918312741488322,0.2905934984794625
0.9699079830887839,-0.08823365291908963,0.16708880302638507,-0.2291780542715376,0.2970293355275272
0.9723949266351654,-0.06612576151297056,0.1640841631383645,-0.2200579759247976,0.28235038816443386
0.9748818701815468,-0.06318447596483351,0.16588095704087502,-0.2013996925523216,0.26845969170793016
0.9773688137279284,0.9165780979797573,-1.5561344183911268,7.5648565684982145,7.777449751669776
0.9798557572743098,0.5651515637475353,-1.4920623340362726,4.006500390012514,4.312504107108361
0.9823427008206913,0.18977003178862178,-1.3226323601668788,0.3379723563144488,1.3782577185557146
0.9848296443670729,-0.18562447710354762,-1.0669981150812802,-3.1438465180236683,3.3251635077055255
0.9873165879134543,-0.522724731988074,-0.7443132172517148,-6.142075217870664,6.209052366729448
0.9898035314598358,-0.8071655183396177,-0.38809649528463663,-8.422081970702346,8.469569043633696
0.9922904750062174,-1.053312041368964,-0.02707837463915208,-9.86415668312441,9.920271496491107
0.9947774185525988,-1.1989150529767973,0.33874113897519287,-10.382108084430218,10.456591755456452
0.9972643620989803,-1.2679165646447692,0.6758432164349464,-10.004666583046921,10.107310715815434
0.9997513056453619,-1.2603165710686448,0.9554974317656342,-8.818023426692127,8.958733747305592
1.0022382491917432,-0.022109866565582892,0.11946664495510051,-0.12799076097319073,0.17647311509369457
1.0047251927381249,-10.386217343901667,5.824407758789373,0.45523660304120206,11.916563129533536
1.0072121362845063,-9.229439363434107,4.088183071392935,0.25791575912429643,10.097638948156911
1.0096990798308878,-7.919445401548677,2.3902785623617295,0.05576805940939522,8.272494010287756
1.0121860233772693,-6.484965871949377,0.7642130480372078,-0.14162967467485643,6.531375269258915
1.0146729669236507,-4.993038414721436,-0.7612830587274886,-0.3007586045543498,5.059687761572142
1.0171599104700322,-3.505912266448999,-2.138325731965422,-0.44077232763593166,4.1301498763159445
1.0196468540164139,-2.04274103365325,-3.3525497691186352,-0.5616708275041855,3.965835977881259
1.0221337975627953,-0.646620339276535,-4.380013161155398,-0.6395120706026045,4.473433674875156
1.0246207411091768,0.6249889839558852,-5.191985495888522,-0.698238056039644,5.275875377838735
1.0271076846555582,1.7672985400221384,-5.774101571257855,-0.7378487657856585,6.083421231999164
1.0295946282019397,2.7420011098358144,-6.159880218570649,-0.7391905679946014,6.783000596291512
1.0320815717483214,3.5490967010508925,-6.3493214460561465,-0.7309938634899371,7.310562375578146
1.0345685152947028,4.207738934779564,-6.3376368587868335,-0.7084702293208274,7.640198816977684
1.0370554588410843,4.655678575865731,-6.143980078599733,-0.6381008220839455,7.735050540697827
1.0395424023874658,4.907280842454214,-5.782716324173976,-0.5629812509718999,7.605140448507983
1.0420293459338472,5.0104297761076895,-5.287364427631789,-0.49268830140756137,7.300915757234598
1.0445162894802287,4.965125385360807,-4.681866414616101,-0.38891472508468716,6.835466178692732
1.0470032330266104,4.771367678922691,-3.9901643109301936,-0.26602570969595796,6.225602816909248
1.0494901765729918,4.453098682278301,-3.240988545858651,-0.15754005569256613,5.509892330857594
1.0519771201193733,4.03904882440602,-2.448704338883645,-0.058669336441711906,4.723717861625708
1.0544640636657547,3.5435833244964616,-1.6516189262484784,0.049740085169981185,3.9098979438425614
1.0569510072121362,2.995432611873504,-0.8784627377140899,0.14853462021158315,3.125120133247497
1.0594379507585177,2.4041735027516173,-0.11965897663673086,0.22334908358901728,2.4174890517151852
1.0619248943048993,1.7889596201571276,0.5769083136264226,0.3029139206059952,1.9039318706773392
1.0644118378512808,1.1928866038888746,1.1968739128035168,0.37286394719674476,1.7304661614739163
1.0668987813976623,0.6111660607124799,1.749814617068485,0.42362238312755274,1.901270909512899
1.0693857249440437,0.06295161416471085,2.2117883991976157,0.4743428685966933,2.2629564700938536
1.0718726684904252,-0.4230263054075488,2.582795248413499,0.4962950111077564,2.663848961248471
1.0743596120368066,-0.856344494051891,2.853258347144217,0.4846904352727428,3.018167309160647
1.0768465555831883,-1.2130609244055908,3.0231776843046014,0.47304799277132936,3.2916400958583036
1.0793334991295698,-1.502752392180693,3.097341651976698,0.45179090590389315,3.47216144266536
1.0818204426759512,-1.7254188862819855,3.0901154487307188,0.4065539941523415,3.5624668377100774
1.0843073862223327,-1.8762719921276274,2.9919222563833774,0.36606770738156946,3.550493056333497
1.0867943297687142,-1.955311698290478,2.81712727320165,0.33512047935340483,3.4455414155935222
1.0892812733150956,-1.952961186537716,2.5800956973018,0.29455872772492064,3.2492639239429275
1.0917682168614773,-1.8883740583939181,2.299981129970304,0.25395929057016886,2.9866980269022005
1.0942551604078588,-1.780703915219768,1.9672067524222605,0.2181106031363047,2.662401373883215
1.0967421039542402,-1.634739148251708,1.6057145689660572,0.17743589120123637,2.2982982520340887
1.0992290475006217,-1.4504797452431504,1.239446583761794,0.13672359099378006,1.912802307007614
1.1017159910470031,-1.2422909037463192,0.863614380900013,0.11512734919192269,1.517356515443921
1.1042029345933846,-1.0101726111909692,0.48779475428512464,0.08391677975705747,1.1249153090936495
1.1066898781397663,-0.763701661486566,0.13114130431573434,0.04309191705722171,0.7760767892229737
1.1091768216861477,-0.5172432517024396,-0.19676917539617733,0.030960022505954754,0.554271786050286
1.1116637652325292,-0.2612205621468413,-0.4911482947038863,0.037944324794976225,0.5575864069926687
1.1141507087789106,-0.02436399953116586,-0.7328424536446305,0.04010284313454804,0.7343431788779079
1.116637652325292,0.19332644951348482,-0.9410052789620162,0.02785880717361522,0.9610630386467938
1.1191245958716736,0.3822739918733282,-1.1204251875821234,0.03951948024020702,1.1845031849470316
1.1216115394180552,0.5376902379122064,-1.2519485799722367,0.07029649625372514,1.3643414661389337
1.1240984829644367,0.6739404114319119,-1.3355754700230362,0.10103627964500994,1.4993884900494512
1.1265854265108182,0.7862361231090742,-1.3617290651261056,0.13173886859676465,1.5779190149022098
1.1290723700571996,0.8697889837757926,-1.3591397993764303,0.16240430176047127,1.6217795866815674
1.131559313603581,0.9198106044190184,-1.3134424771264626,0.18824421493429533,1.6145025776312676
1.1340462571499625,0.931512596179934,-1.2246371128292348,0.2092586477018763,1.5528171033958322
1.1365332006963442,0.9240485869548969,-1.1214541409987215,0.23981285007114828,1.4727645380289984
1.1390201442427257,0.8878417848713692,-0.9943167697247397,0.2703300559099997,1.3601497022929951
1.1415070877891071,0.8420458181310502,-0.8528018205161654,0.29123349954600997,1.2333406083339231
1.1439940313354886,0.7770838951654918,-0.6921209050580712,0.32167683568648187,1.0892046244674343
1.14648097488187,-5.555910301809842,3.4190050874842104,0.744732371838472,6.566000409356049
1.1489679184282517,-5.041500063085214,2.6220299992547083,0.6458151161584862,5.719164394152231
1.1514548619746332,-4.440910861418461,1.839432428121854,0.5516494766694287,4.838338359581765
1.1539418055210147,-3.7685078910976495,1.076000761858177,0.46223549661021224,3.9462755883378344
1.1564287490673961,-3.067386766184076,0.34131179142248813,0.3823616229886113,3.1099124944376997
1.1589156926137776,-2.3710662939510527,-0.34069248239823,0.30245109329823094,2.4144364563414675
1.161402636160159,-1.6795464582818131,-0.946070058950341,0.23208075875863088,1.9415937630089528
1.1638895797065407,-1.0119808561944692,-1.4700325509932581,0.16167385775106702,1.7919931335147323
1.1663765232529222,-0.3970998912019287,-1.9173683780583546,0.10080724237908356,1.9606508921495394
1.1688634667993036,0.16030804993012648,-2.2737123465267874,0.049480958544698694,2.2798936095527025
1.171350410345685,0.6554545805804821,-2.539064472870645,0.0029066492668547994,2.622303863629801
1.1738373538920666,1.0787629109517007,-2.727789983652509,-0.01018521875800893,2.9333720104414116
1.176324297438448,1.4110794447491017,-2.820735282321644,-0.004159808282864219,3.153999054586502
1.1788112409848297,1.695499828984794,-2.8274771923774202,0.0066177183707925025,3.2968759057171684
1.1812981845312112,1.8937168543676446,-2.7719577474077335,0.04608942587351983,3.35738551749828
1.1837851280775926,2.005730538310432,-2.649388561205545,0.09989015276098989,3.3244838371056127
1.186272071623974,2.0650597216088755,-2.459769651010426,0.14886633467426158,3.2151360119663104
1.1887590151703555,2.0621276153159736,-2.2174662441485387,0.20738323092033895,3.035215750198646
1.191245958716737,2.006511043905401,-1.9416319713913595,0.25628727798583206,2.8038731159774017
1.1937329022631187,1.9029984286692732,-1.6418436569940735,0.31473213933972666,2.533004132065867
1.1962198458095001,1.7515897877175273,-1.3372549319762819,0.373141058947013,2.235073105606016
1.1987067893558816,1.5810155592193862,-1.0135006042384123,0.4363024911495632,1.9279920998460367
1.201193732902263,1.4056409715198588,-0.6801574984048024,0.5042164873829478,1.6409372412131944
1.2036806764486445,1.2111008331781985,-0.37553285914349255,0.5577294862134785,1.3852264566536996
1.206167619995026,0.9973951628500766,-0.08047309139996228,0.6016299432190664,1.1675751016075901
1.2086545635414077,0.7980428025679627,0.1906565765178403,0.6263411044247746,1.032242909392977
1.2111415070877891,0.6034669646157316,0.4234909161819651,0.6462282328632956,0.9803712880438629
1.2136284506341706,0.40409086141052714,0.6276067156470169,0.6756565919714248,1.0068224491315128
1.216115394180552,0.2238565287444665,0.7982155528880721,0.7002610256661921,1.0851844628453728
1.2186023377269335,0.07234079258074899,0.9305290057623745,0.7056763782647337,1.1700840019747112
1.221089281273315,-0.055244730947006326,1.0293354586505914,0.7062679144041812,1.2495590556871101
1.2235762248196966,-0.15890002225419364,1.0802696825355969,0.7020356891568458,1.2981085905762544
1.226063168366078,-0.2434134649465265,1.0976968682062482,0.6738261447078973,1.310812802302063
1.2285501119124596,-0.3087850391800985,1.0959822063361688,0.6407929501971008,1.3065759840320255
1.231037055458841,-0.36459153162300606,1.0607604675625275,0.5981477585527379,1.2711886152480858
1.2335239990052225,-0.3964677122138469,1.0063968423304464,0.5698326430130312,1.222591711130086
1.236010942551604,-0.40441356072490864,0.9281029076905298,0.5414824506397373,1.1480978092970262
1.2384978860979856,-0.38842905680191964,0.8163018372604607,0.5130972388395758,1.0394684209670004
1.240984829644367,-0.35809098660536365,0.6805704178272229,0.49425387204188276,0.9141619869245917
1.2434717731907485,-0.3181877328502287,0.544850646027434,0.48495240841532095,0.7957917430086222
1.24595871673713,-0.2639308714864126,0.4043540984652476,0.48040450318615946,0.6811389201556178
1.2484456602835114,-0.20968559162124256,0.26865756159571097,0.4662450053159155,0.5775199890204163
1.250932603829893,-0.14587506563740504,0.13776101512397831,0.45683918406184,0.498958587617243
1.2534195473762746,-0.09165288571705577,0.01645284196685104,0.45218709909202914,0.4616753405308913
1.255906490922656,-0.02786541735814574,-0.09526697838717801,0.4427120038037131,0.4537027627946138
1.2583934344690375,0.03591055414050526,-0.20218686987726064,0.4571443785242941,0.5011487614130216
1.260880378015419,0.09009824360038576,-0.299518449908597,0.47633067074369784,0.5698419984755987
1.2633673215618004,0.1442744792438423,-0.3824733359923984,0.49548253827635413,0.642342528440251
1.2658542651081819,0.19843928277149914,-0.4462631457452222,0.505023235977907,0.7025506480495802
1.2683412086545636,0.24780427268189198,-0.48609949688833565,0.5193180356650071,0.7532535433713247
1.270828152200945,0.29236947091134435,-0.5163476205282467,0.5383669995507567,0.8012077127383673
1.2733150957473265,0.327346496192685,-0.5417959412342284,0.5669585935238821,0.849788572103726
1.275802039293708,0.3479469673748337,-0.5432908670766832,0.5667856539435423,0.8587654137600598
1.2782889828400894,0.37811292334397417,-0.5304092261499278,0.5761554706450713,0.8696312185857491
1.280775926386471,0.39869077321816193,-0.5079394433293376,0.5807028972894415,0.8684311519397291
1.2832628699328525,0.4001037328700545,-0.4758815402707004,0.5852164011658871,0.8538293000480358
1.285749813479234,0.4015054382074532,-0.44860074869077815,0.5992728532288769,0.8494570037695638
1.2882367570256155,0.4028959119694697,-0.4021550738432196,0.6132955114944654,0.8367706996058204
1.290723700571997,0.3946983703664422,-0.3556981509631978,0.6224960376397668,0.8184187773052211
1.2932106441183784,0.37212443304016196,-0.3044415987824003,0.6412397069618034,0.8014671811865446
1.29569758766476,0.35911613966472605,-0.2483854394501992,0.6599497784925941,0.7913238518021478
1.2981845312111415,0.3604619167427004,-0.20189490517365316,0.6786263182392531,0.7944986003536217
1.300671474757523,0.34743136764347043,-0.15060480833398282,0.6876925859006509,0.7850550657238332
1.3031584183039044,0.33438972572752806,-0.09930357468907669,0.6967254547871704,0.7791688186564898
1.305645361850286,0.31654861118169475,-0.05277963009155373,0.7153017985373644,0.783993224195496
1.3081323053966674,0.29390804761997136,-0.025398207128729755,0.7338448778346098,0.7909205485415274
1.310619248943049,0.256891252121884,0.016359494721801315,0.7284127437253076,0.7725580066931755
1.3131061924894305,0.2342286684349033,0.053339839366253194,0.7133706741402133,0.7527323072006861
1.315593136035812,0.2163435138487081,0.08075440057972028,0.7030839473298336,0.7400356925110412
1.3180800795821934,0.19844740907730296,0.09860315536618147,0.6927642285810656,0.7273418954103913
1.3205670231285749,0.18054037825829106,0.10688608063887406,0.6680463768556972,0.7002181260478845
1.3230539666749563,0.18656446223340817,0.11517995986157548,0.6528724779914281,0.6887054480986938
1.325540910221338,0.17821245878218017,0.13306157640864136,0.6472426015356909,0.6843888140700666
1.3280278537677195,0.17463800562901954,0.1270120836828661,0.641580010704466,0.6769456496256457
1.330514797314101,0.18062953063781306,0.12097347484269738,0.6454615823020387,0.6810890273538437
1.3330017408604824,0.17703344517058572,0.10058051639666488,0.658887386797014,0.6896302411204025
1.3354886844068639,0.17821498393052515,0.08498679800872244,0.6722806883201926,0.7006744324016716
1.3379756279532453,0.1841741717581391,0.07419229597546906,0.6904299612639964,0.7184136369362094
1.340462571499627,0.19012263027115872,0.03946656658621306,0.6989700670381769,0.7254401278084093
1.3429495150460085,0.20084878782475557,0.004751602568918933,0.7026894806301804,0.7308456194614287
1.34543645859239,0.21156426622957447,-0.029952620034122912,0.6967998706811489,0.7288255332886141
1.3479234021387714,0.21748068739163073,-0.055069318623430785,0.7052433260462916,0.7400666376582726
1.3504103456851528,0.22817488327252966,-0.08017532396355254,0.7232315159490117,0.762597984255793
1.3528972892315343,0.23885847596686882,-0.11005906358084072,0.7316108999397155,0.7774450964075259
1.355384232777916,0.2399546843421404,-0.13514375512216237,0.7447467610968044,0.7940338930111458
1.3578711763242974,0.2314635339989498,-0.16500622959641653,0.757850769501097,0.8094073215695007
1.360358119870679,0.24211547055153515,-0.1852813014910848,0.7565577888743391,0.815676865964121
1.3628450634170604,0.2527569065020532,-0.20075739865435072,0.7360794898583034,0.8037428707547021
1.3653320069634418,0.2633878677242263,-0.21143454569289455,0.73472317325486,0.8086382858202833
1.3678189505098233,0.2692199768610579,-0.21731276729153537,0.73333530029727,0.810854424314908
1.370305894056205,0.2654648566444222,-0.2566993147750747,0.7319159457730642,0.8197969748639693
1.3727928376025864,0.26648774317559054,-0.25776816317794315,0.754407201342211,0.8405892984376719
1.3752797811489679,0.26750025936200805,-0.26361496729822953,0.7720787224099936,0.8585771912534342
1.3777667246953493,0.268502431518133,-0.269451348806395,0.7753537779295403,0.8636382726896407
1.3802536682417308,0.2790710926850207,-0.27048892944773684,0.7881744603606347,0.8787854776286257
1.3827406117881123,0.28484105938742066,-0.2619393310417313,0.7818104259019734,0.8723383427939888
1.385227555334494,0.281023954875233,-0.2485909821219927,0.7706269608952496,0.8571101752194653
1.3877144988808754,0.26761980580247224,-0.24480911793562088,0.7737777552605429,0.8545664861309589
1.3902014424272569,0.2589938488671728,-0.23622855388003883,0.7768976759316608,0.8523213843893055
1.3926883859736383,0.2503577075684753,-0.21327250874452375,0.7656215900961989,0.8332710027035365
1.3951753295200198,0.26086502208871576,-0.2046714279517392,0.7591031884355974,0.8283589824841887
1.3976622730664012,0.26178539948801405,-0.19127172379144763,0.7764961618808162,0.8414646499544052
1.400149216612783,0.2579072701488624,-0.17307342190423247,0.7747049584461401,0.8346486338611682
1.4026361601591644,0.25880746785352626,-0.1644417579605273,0.772883269555166,0.8314871890391253
1.4051231037055458,0.2549092131817585,-0.15101154777714676,0.7758195769136584,0.8304692712252999
1.4076100472519273,0.2557893400725757,-0.13757122051975879,0.7643603458668,0.8176801119898136
1.4100969907983087,0.2566594725813476,-0.13369760874129,0.7624476718814357,0.8155216660557192
1.4125839343446904,0.24315442819938593,-0.13460233510002206,0.7652932307392266,0.8141962868882614
1.4150708778910719,0.23921625105634903,-0.12113181235894421,0.7633202951360971,0.8090458600731327
1.4175578214374533,0.2496333720757613,-0.11722808322882905,0.7756825579222788,0.8232512827905403
1.4200447649838348,0.245675399013365,-0.11810277056291829,0.7975916955767488,0.8428862194555126
1.4225317085302163,0.2417075695813875,-0.11417909395781045,0.814682578166023,0.8574188695481374
1.4250186520765977,0.24251831492438547,-0.11024548303407,0.8173784793029739,0.8596957473611353
1.4275055956229794,0.23853085629821325,-0.10151356083402074,0.8104678827853125,0.8509172471316281
1.4299925391693609,0.2297452216708592,-0.10234856374295598,0.8083160792731423,0.8465417765192353
1.4324794827157423,0.24489185900297328,-0.10317371160568989,0.8061347463649717,0.8488050816703111
1.4349664262621238,0.26002877980183847,-0.10877743428840247,0.7991355618768079,0.8473872448838029
1.4374533698085052,0.25121399564408375,-0.10958295175611532,0.8160490270822329,0.8608443003963654
1.4399403133548867,0.25675476133902775,-0.1151670973142278,0.8329332069446433,0.8791838232162453
1.4424272569012684,0.2718627018810824,-0.12074149436568415,0.8354229732791847,0.8868028988554189
1.4449142004476498,0.27259582905059776,-0.12630616969157726,0.8426720213521932,0.894627224092656
1.4474011439940313,0.2733193812568915,-0.12228434348956707,0.8594688366759566,0.9101338506233282
1.4498880875404128,0.28361019365471674,-0.1182528492951076,0.8570830817253192,0.9104998008187852
1.4523750310867942,0.2938914881826059,-0.1285769240198622,0.8594568557011986,0.9173714182534721
1.4548619746331757,0.29458648684340305,-0.13410298138856502,0.8665902414034647,0.9250640271590694
1.4573489181795574,0.2952720249847963,-0.13004264514150243,0.878483321830382,0.9358576841743426
1.4598358617259388,0.2959481313767256,-0.125972749033874,0.8807709702155435,0.9376630161944945
1.4623228052723203,0.3109800448122273,-0.12668172355389773,0.8638764633070064,0.9268437792906756
1.4648097488187017,0.3260025842239124,-0.13216959592217048,0.8613187079276763,0.9303850835181638
1.4672966923650832,0.32665056860511155,-0.1280711834504027,0.8635209812075821,0.9320790240028657
1.4697836359114647,0.32728923693104905,-0.12396332010327837,0.8465413505036299,0.9160335187395959
1.4722705794578463,0.33749542491593365,-0.13421124321656652,0.8295335132412305,0.9055615215076565
1.4747575230042278,0.3381155484106828,-0.1444497702542935,0.8268627637090997,0.9049253506296668
1.4772444665506093,0.31957282996470954,-0.14510212205030548,0.8385291864164888,0.9090173903438006
1.4797314100969907,0.3153861220673959,-0.14095672944823967,0.8405908494504679,0.9088070101783512
1.4822183536433722,0.3207670507020694,-0.14159042666027633,0.8426246443175636,0.9126640350913602
1.4847052971897536,0.3261388385874781,-0.1517916446258778,0.8494190593791586,0.9224532420941413
1.4871922407361353,0.33628991845833023,-0.15240679772990706,0.8561857765290704,0.932401643703872
1.4896791842825168,0.3320667065020849,-0.14822431700512073,0.8581364778320939,0.9320069529273095
1.4921661278288982,0.3230460388816749,-0.1392442302096577,0.8696364588031518,0.9380912905274766
1.4946530713752797,0.32359315513324,-0.14462017842797437,0.8763205952020723,0.9452858359421972
1.4971400149216612,0.31934287492322966,-0.15477538286708636,0.8877657795549379,0.9560666139211604
1.4996269584680426,0.31508363125082006,-0.16013306477781875,0.8943952912691842,0.9616980972019382
1.5021139020144243,0.32518066380658256,-0.1606932520948008,0.8962092165533697,0.9668276708998856
1.5046008455608058,0.3161151791280272,-0.16603277943584116,0.893207641774481,0.9619332521784788
1.5070877891071872,0.3022524170051478,-0.16178646485911585,0.8949674600964688,0.9583830854249193
1.5095747326535687,0.2931692139562804,-0.16710794970629061,0.915853968157851,0.9760439261924975
1.5120616761999501,0.2984424065477068,-0.18678566539877473,0.9127716229055647,0.9783193703520892
1.5145486197463316,0.2941300081507747,-0.1825124135152234,0.9000857212803819,0.9643534354347227
1.5170355632927133,0.28980885542555723,-0.17823023883779365,0.9065267703320448,0.9682695781898223
1.5195225068390947,0.28069057511703566,-0.18830437954683577,0.9177296473734291,0.9779946032490208
1.5220094503854762,0.26677519733564536,-0.1935812506187129,0.9193292298612903,0.976631424531246
1.5244963939318577,0.2576395588768903,-0.19406088034861746,0.9017487987145074,0.9576996729471177
1.5269833374782391,0.25807209325970537,-0.1945317003890179,0.9032956681948345,0.9593679439898132
1.5294702810246208,0.272861234046071,-0.20457054574904232,0.9096047161782721,0.9714335288258074
1.5319572245710023,0.2732765915981288,-0.20981223487198175,0.9158876273170673,0.9785455611722703
1.5344441681173837,0.2593181962415474,-0.21504519951749934,0.9365096996782825,0.9952591533510242
1.5369311116637652,0.2597164982648271,-0.21069266151882227,0.9379521982573742,0.9957903309957722
1.5394180552101466,0.2601063181139184,-0.21111985934462973,0.9393688247026954,0.9973167403366888
1.541904998756528,0.26527608955559023,-0.21632682153594507,0.926394457547822,0.9876109499094639
1.5443919423029098,0.2752258430751757,-0.22631357666646368,0.9086059920532552,0.9759774323595237
1.5468788858492912,0.28037880255556646,-0.22192654006069512,0.90036872692313,0.9687762933345254
1.5493658293956727,0.28073499855777584,-0.21753095031679015,0.8921059443812922,0.9602004320772812
1.5518527729420541,0.28108286499993285,-0.21791523942312985,0.8933945400520802,0.961586414610917
1.5543397164884356,0.2862108358362815,-0.22307943607802594,0.8946577963958031,0.9654499728120496
1.556826660034817,0.28175373177524843,-0.22823516568912128,0.9006842059488864,0.9709317664347971
1.5593136035811987,0.28207679348187675,-0.2285940536930977,0.9066854547202858,0.976678592273933
1.5618005471275802,0.2871800516943265,-0.22894453219570288,0.9078732288300806,0.9793476300782175
1.5642874906739617,0.2874867305435108,-0.2244982266898985,0.9042476178277603,0.9750445263538919
1.5667744342203431,0.29736207079459254,-0.22004356933651215,0.905385518010517,0.978042079757703
1.5692613777667246,0.31680610328380543,-0.22036899232301455,0.9017102124993617,0.9808210372850767
1.571748321313106,0.3075116323162098,-0.22068612122230036,0.8980101944792871,0.9745194084771481
1.5742352648594877,0.2982091087118879,-0.2209949849530295,0.8990739572363395,0.9726774575745752
1.5767222084058692,0.3032637733599508,-0.21650720913841148,0.9144783974759072,0.9874791275219557
1.5792091519522506,0.30831044725692847,-0.21679962938685815,0.9298583953988651,1.003341440728827
1.581696095498632,0.30856075806858874,-0.21229546804921062,0.9404256379417486,1.0122645344336827
1.5841830390450136,0.3135915434495764,-0.2029947541400201,0.9413918121341478,1.012800607367842
1.586669982591395,0.3138260278005506,-0.20326272665727751,0.937545411737327,1.0093532141143342
1.5891569261377767,0.30926424218938664,-0.2083110113396387,0.9528285438828732,1.0231911272974739
1.5916438696841582,0.3094830243505057,-0.203774427306465,0.9537224759456961,1.0231765833467859
1.5941308132305396,0.31448240540295413,-0.20401821361973127,0.9402272986280042,1.0122005670231216
1.596617756776921,0.30510880320910916,-0.2042539960803258,0.9314967159963885,1.001247825776682
1.5991047003233025,0.314881072178698,-0.19490499718840537,0.9275308189173312,0.9987249208800558
1.601591643869684,0.3198572269009422,-0.19991326270531395,0.9235412950161912,0.9975983569585648
1.6040785874160657,0.3008836853079593,-0.20491361184831902,0.9195282353158518,0.9889654978553636
1.6065655309624471,0.3010561085178437,-0.19554086385253067,0.9154917309144448,0.9833596083248629
1.6090524745088286,0.3012209145058814,-0.19573706453282647,0.9210086796240198,0.9885868832381237
1.61153941805521,0.2918013279085754,-0.20071383979890145,0.9169255594060957,0.9829478836378908
1.6140263616015915,0.29673939662454785,-0.20568281557657286,0.9128192682134468,0.9816306365198367
1.616513305147973,0.29688153868888134,-0.2010672144868968,0.9182667040662995,0.9857892333316399
1.6190002486943547,0.2922277854365235,-0.18686706580653212,0.9284795550894369,0.9911562253667967
1.6214871922407361,0.2971433781813163,-0.18223601210780416,0.9434579127915139,1.0057917202457378
1.6239741357871176,0.29726313833253293,-0.18717408269562785,0.9536250621021907,1.016267813971132
1.626461079333499,0.29737550059734463,-0.18731609692726847,0.9541926913311265,1.0168594793349401
1.6289480228798805,0.3022688996989211,-0.1826620841336406,0.935584085525436,1.0000247525905086
1.631434966426262,0.302366560414842,-0.17800047697812804,0.9408949663115127,1.0041877535062285
1.6339219099726436,0.29766851417801043,-0.18290811145602204,0.9461834088853074,1.008625284642009
1.636408853519025,0.2977515990760051,-0.18780821029239725,0.9466611017760371,1.009997613968158
1.6388957970654066,0.2978274432488712,-0.18791239954311711,0.9519049435239655,1.0149558006926092
1.641382740611788,0.3074728848103505,-0.17364390195365242,0.9475498161159983,1.0112084026553334
1.6438696841581695,0.31232274528473714,-0.1689447635210275,0.9383842148665931,1.003320868443472
1.646356627704551,0.29801184620779964,-0.18339182029014278,0.9483502484158493,1.010847077405834
1.6488435712509326,0.30284744564957433,-0.17388947179072023,0.9295639756416989,0.9929971342088196
1.651330514797314,0.3124643651668565,-0.17395657068519332,0.9011791019470614,0.9695455851943174
1.6538174583436955,0.3077090230056848,-0.17880474308065697,0.901502946054844,0.9692076870995276
1.656304401890077,0.3077350639835178,-0.17885721177051073,0.9113819868810697,0.9784211249858352
1.6587913454364585,0.31733092296516274,-0.1836908128354744,0.9020858967361285,0.973755716019323
1.6612782889828401,0.3221314215418294,-0.1837287690805458,0.8975567844869605,0.9711503975754653
1.6637652325292216,0.32692499459299706,-0.18375951327664497,0.9025831457505191,0.9773964629576901
1.666252176075603,0.3317116736842257,-0.17899467155851445,0.9219534761731474,0.9960270775096834
1.6687391196219845,0.32691468374621135,-0.17422267670542935,0.9317258515068616,1.002666352229632
1.671226063168366,0.32689926631634814,-0.169443558179728,0.9414771707715559,1.010917164168651
1.6737130067147474,0.33166545297560246,-0.16465734544658606,0.946419123050033,1.0162790810509785
1.6761999502611291,0.3220596620275783,-0.1694408746141094,0.95612860740804,1.0230418123416805
1.6786868938075106,0.32681234498226663,-0.1742173685109254,0.9514521030096184,1.02098927743885
1.681173837353892,0.3363467267898056,-0.1646216466465913,0.9515433155996362,1.022577179790944
1.6836607809002735,0.3362976290820434,-0.15501894845325292,0.9611907409785427,1.0300556345405019
1.686147724446655,0.33145348677348674,-0.15019770672261723,0.9516640517192823,1.0188646781264898
1.6886346679930364,0.34096794474037156,-0.1453695476054242,0.9516937602514144,1.0213287707750895
1.691121611539418,0.3456874212966112,-0.1453229038921764,0.9517031524530601,1.022916140271258
1.6936085550857995,0.3456119480369339,-0.1548462083719957,0.9516923208522119,1.0242769354242716
1.696095498632181,0.34552995987533547,-0.15478587723053616,0.9564497613046239,1.0286621247334566
1.6985824421785625,0.3310762784429072,-0.14993034325259114,0.9563987597107655,1.0231271658751593
1.701069385724944,0.3261929519309781,-0.14985644254032549,0.9754814252171506,1.0394338873656037
1.7035563292713254,0.3356684152467595,-0.15456420455182673,0.9849674304489238,1.0520096089714035
1.706043272817707,0.33556068337211553,-0.1640536587412198,0.9800684646330815,1.0488320983550168
1.7085302163640885,0.32586978788640153,-0.16874802791752597,0.9703614269560656,1.0374335229340694
1.71101715991047,0.3209609703252324,-0.173435744845722,0.9606348132807465,1.027577319012657
1.7135041034568514,0.3064690522970761,-0.18290524228529392,0.9556771194649709,1.0201452662930777
1.715991047003233,0.30154767864671905,-0.17800293638816544,0.9507000347191745,1.0131370114032325
1.7184779905496144,0.2966200742906073,-0.16830566322163554,0.9504920548858689,1.0098244457061838
1.720964934095996,0.3012630774193775,-0.17296706548662355,0.9406880625160259,1.0027816704145536
1.7234518776423775,0.30111150961445277,-0.17762196263435515,0.9356533600704466,0.9988317741459228
1.725938821188759,0.2961654024099528,-0.1918471907096202,0.9401764433555293,1.0042166274307927
1.7284257647351404,0.2864247873311676,-0.18691235918620697,0.9542574048418313,1.0136974812584496
1.7309127082815219,0.2814665025345964,-0.18675951405234503,0.973107933662364,1.0300687155208443
1.7333996518279033,0.28607898284642375,-0.19138868468521197,0.9823629122905366,1.0409167615596957
1.735886595374285,0.27632024316038195,-0.18164628717076292,0.9580804165384436,1.0135414816264865
1.7383735389206665,0.27613233156215744,-0.17668596414698445,0.9433561686801575,0.9986930736955216
1.740860482467048,0.28072687620382164,-0.16693093831903338,0.9429786644031335,0.9979390155268739
1.7433474260134294,0.28052710190481167,-0.1619580456618861,0.9138523661658926,0.9695627935336271
1.7458343695598109,0.2851098467529182,-0.1617673154979693,0.9038613994853826,0.961468521876076
1.7483213131061923,0.2896867388615233,-0.16157037381699668,0.9034290500055882,0.9623967169320498
1.750808256652574,0.29425780965028026,-0.16615565323642612,0.9029786033396086,0.9641398849398122
1.7532952001989555,0.29403468720391734,-0.17552318304004233,0.9025101517085865,0.9652923696998074
1.755782143745337,0.2938058062326072,-0.1848845891774884,0.9068121906197302,0.9709853305523595
1.7582690872917184,0.2983596014307748,-0.18945149758409352,0.9158848122240233,0.9817104007625778
1.7607560308380998,0.2981192975155955,-0.18922393750072164,0.9057860920333081,0.9721775859355335
1.7632429743844813,0.2978733291483082,-0.19377874479361257,0.9100349453639414,0.9769556407203125
1.765729917930863,0.30719853429302924,-0.2079043519929753,0.9142662542882576,0.9866498582474359
1.7682168614772444,0.31172973429431927,-0.20765877169096258,0.9184801107969918,0.9919190020526174
1.770703805023626,0.3162553637594384,-0.2074072430255831,0.9274650101570163,1.0016119830711105
1.7731907485700074,0.3159870506359165,-0.2119381984771147,0.9124906243472122,0.988637828360252
1.7756776921163888,0.32050163281256183,-0.20688645722701837,0.9118642717833865,0.988443095466052
1.7781646356627703,0.3297991415173459,-0.20661725836060407,0.9303744475900935,1.0084913375565516
1.780651579209152,0.32472599467623375,-0.21113063098376106,0.9249256136380808,1.00275146757402
1.7831385227555334,0.32443583675637855,-0.2108497975428194,0.9290366848707912,1.0063922749760001
1.7856254663019149,0.33850550556245923,-0.20577478710534658,0.9474961562558875,1.0269752706000412
1.7881124098482963,0.33341620899394603,-0.20548243535970112,0.9467852961430339,1.0245934787289546
1.7905993533946778,0.32832159145081075,-0.20997277133333236,0.9508462126685462,1.0276147878754525
1.7930862969410595,0.32801008734861226,-0.20966901739233368,0.9453137873475548,1.022335498163929
1.795573240487441,0.32769332443827126,-0.2141480091628738,0.9493417248771294,1.0268846066148385
1.7980601840338224,0.3273713337664721,-0.2090445656479467,0.9389881000096718,1.0161546499223193
1.8005471275802039,0.3270441463548164,-0.1991471191097407,0.91904140735606,0.9956176761938627
1.8030340711265853,0.3219233898789793,-0.20839771506920357,0.9182321580637449,0.9950952581032836
1.8055210146729668,0.3263743052697414,-0.2128543658212334,0.9174068300105294,0.9967258700061087
1.8080079582193485,0.31645490686871325,-0.1981518902779955,0.9213539176076857,0.9941332512259404
1.81049490176573,0.3065304355528137,-0.20259754385129813,0.9348619151968443,1.004476716096639
1.8129818453121114,0.31096613217123126,-0.20224933876467022,0.9292004938062988,1.0005090144911997
1.8154687888584928,0.31539681762304694,-0.1971073038185538,0.9283117609150491,1.000044582625477
1.8179557324048743,0.3150341194192017,-0.19674827442894394,0.9274074040059812,0.9990199562041352
1.8204426759512558,0.31466647168198447,-0.18680706938477787,0.916910707165906,0.9872371115838383
1.8229296194976374,0.3190823085038875,-0.18643733069125812,0.9063985676856099,0.9788415404844528
1.825416563044019,0.3091280473455441,-0.17648547376477275,0.9006594794567953,0.9684496734683897
1.8279035065904004,0.29916892887894186,-0.16652833391681732,0.894905129650235,0.9581695701064549
1.8303904501367818,0.2939933871041247,-0.16614274643173177,0.8987124153158703,0.9600622528230759
1.8328773936831633,0.28402464602836563,-0.1609635299647172,0.9120814267797233,0.9687475350197163
1.8353643372295447,0.28841634954846385,-0.1557791164242328,0.9158586410018259,0.9727528843948435
1.8378512807759264,0.29759172160650904,-0.15058953437003586,0.9196209547778214,0.9782334798487434
1.8403382243223079,0.2828203728299937,-0.15018321565339265,0.9233684581750197,0.9773186128915191
1.8428251678686893,-11.798732016851359,4.8588980875909815,1.276654683554348,12.823759784560451
1.8453121114150708,-10.233339586878657,3.1929502453288863,1.155874349709567,10.782032084994004
1.8477990549614522,-8.466838830242455,1.622775524039481,1.0542330884282176,8.685169404419232
1.8502859985078337,-6.585420976298012,0.20583473515530226,0.9477889728106206,6.656458616279661
1.8527729420542154,-4.651335237833499,-1.0482953430644488,0.855695705744866,4.844177717820892
1.8552598856005968,-2.7411960376357,-2.1348263356488,0.7875301833820512,3.562561296296123
1.8577468291469783,-0.9220409918863688,-3.039393060955284,0.7049852685722602,3.2534710692744495
1.8602337726933598,0.7534574931555679,-3.733265127348077,0.6128494539491527,3.857531744298587
1.8627207162397412,2.223050204553791,-4.226019369721904,0.5350648453268967,4.804943944931726
1.8652076597861227,3.4675835592146598,-4.541597832899065,0.48120833845672806,5.734266132726103
1.8676946033325044,4.4774807806489525,-4.684788948388188,0.441703215705024,6.495397090462215
1.8701815468788858,5.228799882365124,-4.660381147663948,0.4261263726146076,7.017199180353993
1.8726684904252673,5.735906104395708,-4.4971048787689245,0.4296894946610408,7.301315237059229
1.8751554339716487,5.989222670131348,-4.233267396351913,0.4476042672122329,7.347903825000567
1.8776423775180302,6.007903222843633,-3.8784455351053833,0.4894475854879836,7.167761145767471
1.8801293210644117,5.830255019044604,-3.4470045330070054,0.5360659246758015,6.794194618441848
1.8826162646107933,5.480220105243553,-2.9676748379598297,0.5635173565311256,6.257592041423552
1.8851032081571748,4.976952124588017,-2.4548216878709472,0.5957439858993361,5.58131820150204
1.8875901517035563,4.349181526823096,-1.9323871272512025,0.6471111108707586,4.80294209340877
1.8900770952499377,3.6591575848932614,-1.4291016038955147,0.6840999962167533,3.9874501163227585
1.8925640387963192,2.9212455384969997,-0.9449651456404788,0.7162875364742973,3.152729366370094
1.8950509823427006,2.164175837249365,-0.4943429902460563,0.7676158360228289,2.348886144165449
1.8975379258890823,1.421467334041436,-0.08681197211440095,0.8285081758797936,1.6475835328592363
1.9000248694354638,0.7074852684389791,0.2872046876710921,0.894176240261741,1.1758286806873894
1.9025118129818452,0.05574849324283371,0.5750345249017221,0.9311012933409923,1.0957747112381562
1.9049987565282267,-0.5193777520719058,0.7910427218912104,0.9680138423300715,1.3537180785329528
1.9074857000746082,-1.0083166313974783,0.9735364775941631,0.9905487644337096,1.7162932608037467
1.9099726436209896,-1.4014913086719991,1.1033621511604652,0.9987061466911786,2.0442602310702385
1.9124595871673713,-1.6845365445604834,1.1757313117406425,1.021216495936006,2.294099086556411
1.9149465307137528,-1.8766059230174585,1.1858555285251389,1.0532914956306172,2.4570970879486276
1.9174334742601342,-1.972911011443557,1.1576767906665282,1.0805660224666287,2.52986488564756
1.9199204178065157,-1.9782401839283956,1.0959834740767667,1.0982517596448442,2.514114342730145
1.9224073613528971,-1.9117470245710795,1.0007755513884051,1.1159256001942843,2.4293246665240353
1.9248943048992788,-1.778219907558944,0.8720529952753613,1.1144340170881186,2.27255487164795
1.9273812484456603,-1.5680819971679059,0.728969391734358,1.0937770964455709,2.046124595579788
1.9298681919920417,-1.3148520876063814,0.590678326803932,1.0443781176087619,1.7800175703005778
1.9323551355384232,-1.0424721664928398,0.4476029666432062,0.9997559896649939,1.5121536537439262
1.9348420790848047,-0.7557306082150195,0.29495488077405074,0.9790644116016924,1.271492924066212
1.9373290226311861,-0.4642041905321298,0.15188765536279192,0.9631498557036728,1.079913438614967
1.9398159661775678,-0.18225809457552733,0.023189666658155694,0.9568008107159809,0.9742810503467552
1.9423029097239493,0.09489611175304768,-0.1055043223290304,0.936075345319237,0.9467700281327476
1.9447898532703307,0.3528932472179319,-0.2246175319424033,0.9057619479721968,0.9976930319403365
1.9472767968167122,0.5773681305308047,-0.32457318248152056,0.8754375103089984,1.0977670715570023
1.9497637403630936,0.7683207903109881,-0.4053713008420643,0.8451021171770403,1.2119572256592246
1.952250683909475,0.9209628518039926,-0.46222351055468414,0.8099674499561118,1.3106755579092964
1.9547376274558568,1.0257175368809506,-0.5142834517064951,0.7891872064790988,1.3926235604191661
1.9572245710022382,1.1017384872804863,-0.5423975377767483,0.7827614711480262,1.4562754904396336
1.9597115145486197,1.1490257314052104,-0.5417773921599731,0.7715367149328678,1.4862879184654436
1.9621984580950012,1.1436372810009676,-0.5315766548062744,0.7603014252532123,1.4725957448235347
1.9646854016413826,1.1190919876018022,-0.5165837556585737,0.7442672827349455,1.439847020163784
1.967172345187764,1.0706014761233105,-0.4920103179725994,0.7186459678497332,1.38011365502106
1.9696592887341458,0.9933773714247239,-0.462644771597851,0.6978027741951323,1.299141061786573
1.9721462322805272,0.8922081049492703,-0.4284871430164081,0.7104682051731697,1.2183602114438556
1.9746331758269087,0.7910357213642312,-0.3799606520222669,0.7231235208642257,1.1371082780397344
1.9771201193732901,0.6850718453575708,-0.3362189382835954,0.7405572077524916,1.0633868466914298
1.9796070629196716,0.5695281015595084,-0.29726202813935787,0.7723461554826212,1.0046121419375178
1.982094006466053,0.44919292118249554,-0.2583015445598713,0.7897600269759497,0.9445712617751673
1.9845809500124347,0.3480083486618177,-0.22412591710758045,0.7832220982729954,0.8858775833492983
1.9870678935588162,0.26118600845186757,-0.18036996201483557,0.7910396784543767,0.8523468936398231
1.9895548371051976,0.1791491216274167,-0.1413989153867572,0.7988476399131148,0.8308102146983869
1.992041780651579,0.10189771584417417,-0.11200120663846169,0.7922808548770206,0.8066203368297838
1.9945287241979606,0.039008625338466385,-0.0873884584948117,0.8048582286107528,0.8105277192615532
1.997015667744342,0.01442389424713697,-0.05319548699012078,0.827003036328831,0.8288376382974378
1.9995026112907237,0.004201533443192962,-0.02378752803041495,0.8395617464367682,0.8399091769072583
2.001989554837105,-0.17840615915210312,-0.49237014950252034,-1.4606875566184092,1.5517297637811804
2.0044764983834864,-0.21736453704611802,-0.45337867998475057,-2.1041584389507513,2.16339601220804
2.006963441929868,-0.21801844599551368,-0.4095954939028976,-2.5369486221192314,2.579032536183389
2.0094503854762498,-0.1755794554519039,-0.3466554070377854,-2.706385588597513,2.7341399142278044
2.011937329022631,-0.09004753824969769,-0.2693468484000143,-2.602892450915596,2.6183401984694905
2.0144242725690127,0.005058509471687733,-0.19682345690939362,-2.2743531616217627,2.282859471252391
2.016911216115394,0.11452711807217464,-0.12429685483219144,-1.7207676402366818,1.7290481313661605
2.0193981596617756,0.23356991120754378,-0.0661322776637081,-0.9948082429811214,1.0239979598972233
2.0218851032081573,0.34303330250891495,-0.012752944245160602,-0.1874545528151863,0.39111851603859715
2.0243720467545385,0.45249412546491763,0.03105271667392495,0.6486210736836568,0.7914698364559647
2.02685899030092,0.5284335836170845,0.06528467971738028,1.4798998930411464,1.5727707509752946
2.0293459338473014,0.5708517036842268,0.08036611292157181,2.2201907250785435,2.2938128161273528
2.031832877393683,0.5941137222809598,0.07629699101694198,2.8216096159979394,2.8844883724731525
2.0343198209400644,0.57906605271428,0.07223090206885097,3.245849418460363,3.2978892103797626
2.036806764486446,0.5400739314675795,0.0490142076340736,3.468968194904072,3.5110999104635088
2.0392937080328277,0.4867141916378602,0.0066468826047825225,3.4861776208644617,3.5199956377254584
2.041780651579209,0.40941005297443167,-0.040505888111566524,3.311842984973042,3.3372984996196227
2.0442675951255906,0.31294994512086544,-0.09244412951381742,2.9699063823157488,2.9877796948490927
2.046754538671972,0.22606431425529527,-0.13480265658504953,2.479521504471581,2.4934521694909484
2.0492414822183536,0.15354158988687805,-0.18194670417520298,1.8742072527920453,1.8892677018896804
2.0517284257647352,0.07143978153532216,-0.22908789379766548,1.216212948362065,1.2396607766780443
2.0542153693111165,0.008489335175821733,-0.2666494435900235,0.558211105436138,0.6186870233089036
2.056702312857498,-0.030521319886227527,-0.29941978159509075,-0.056702568562437605,0.30626612261173647
2.0591892564038794,-0.05038056105458755,-0.3130337225185036,-0.5710671564409147,0.6531814522255501
2.061676199950261,-0.060665169122160134,-0.31227969429100266,-0.9705173710816943,1.021324061100308
2.0641631434966428,-0.04700990834939367,-0.30673452810728685,-1.221534312279167,1.2603341137537918
2.066650087043024,0.004950456933817238,-0.2963982484648735,-1.3193294999436054,1.35222289513909
2.0691370305894057,0.05212032248418852,-0.2908476864451184,-1.2639028575006321,1.2979827956966907
2.071623974135787,0.11844173047279416,-0.2661408498302169,-1.0791963251731485,1.1178211412086319
2.0741109176821686,0.19433789975826765,-0.227066166267055,-0.7652098267791416,0.8215061424877091
2.07659786122855,0.2606552424880765,-0.18798886998575748,-0.34588530293562236,0.47214151846867614
2.0790848047749315,0.3221821873404317,-0.1489089851979255,0.14047009558118262,0.3817159879605878
2.081571748321313,0.3741303562818256,-0.10982653605737536,0.6459724111553111,0.7545301501515589
2.0840586918676944,0.41649977452769615,-0.07074154665994303,1.132314492611524,1.2085580411314782
2.086545635414076,0.4397136605812201,-0.036442444363602,1.5707659952144777,1.6315581407890616
2.0890325789604574,0.45334884615491916,-0.016506059788272687,1.9325965740273112,1.9851264806711515
2.091519522506839,0.44304014628758337,0.00822119642655661,2.19865269055148,2.242861077499556
2.0940064660532207,0.4087875859065022,0.013797283817329475,2.335415596124415,2.370962602415559
2.096493409599602,0.37932160978816815,0.00979898522161049,2.3572505750827695,2.3875952708722865
2.0989803531459836,0.34506543607359724,0.015379890176700162,2.2545808949570336,2.280886167282306
2.101467296692365,0.29165387951028376,0.011386361716703153,2.032195033033137,2.053048534972102
2.1039542402387466,0.252605787975418,0.007395182857071081,1.7331886929534317,1.7515157487815507
2.106441183785128,0.21834437938964324,-0.025324089889586787,1.4006575781533037,1.4178001371060953
2.1089281273315095,0.18408127491995607,-0.03888744682582823,1.0298133586572984,1.046858969950496
2.111415070877891,0.149816498979485,-0.042871718037949424,0.6445981242037124,0.6631664265483742
2.1139020144242724,0.1251268825474996,-0.07558415347394387,0.2881075776025579,0.323072247747222
2.116388957970654,0.1195892565286043,-0.10829435653707353,-0.03486980510822413,0.16506108336954733
2.1188759015170353,0.12362683847121869,-0.11706033389038861,-0.2860267248591075,0.3328633417703813
2.121362845063417,0.12766284584860144,-0.11624731869875982,-0.4318442861123284,0.46508142164859834
2.1238497886097987,0.14606251266017578,-0.1250089473865077,-0.5010528367058775,0.5366706995004418
2.12633673215618,0.17403745954846916,-0.13376843639506086,-0.4649218848468806,0.5141355763913256
2.1288236757025616,0.19722250043955525,-0.11858379214374093,-0.3426049721588562,0.412719029591308
2.131310619248943,0.21082925582402678,-0.11297386083427341,-0.15804404379970727,0.28668796299056315
2.1337975627953245,0.24358816935835947,-0.1169386653646991,0.07439576149858951,0.28025805436702245
2.1362845063417057,0.27634565141937306,-0.10174780864953314,0.3403493047886865,0.4500635342854627
2.1387714498880874,0.2851597089868243,-0.08176652342429636,0.6254514469071903,0.6922364743500911
2.141258393434469,0.29397238216662713,-0.05699483240161518,0.900971838513076,0.9494305799745667
2.1437453369808503,0.30757209770626237,-0.04179796819294346,1.1477569366886122,1.1889884991661257
2.146232280527232,0.3115936689945664,-0.031387550066225955,1.3610184082590138,1.3965840112490744
2.1487192240736133,0.30603711930370836,-0.02576360054731497,1.5168143065496427,1.5475943015075195
2.151206167619995,0.2861140685077326,-0.015349335458889612,1.6007794913072448,1.6262201087451102
2.1536931111663766,0.2661897496839117,-0.024086793803125506,1.6224908386602621,1.644358135568094
2.156180054712758,0.2414757825500653,-0.03761078795685613,1.5675832079151508,1.5865189058648048
2.1586669982591395,0.22633740002681701,-0.041556130233955546,1.4408450714384795,1.4591059079105526
2.161153941805521,0.2016210117140017,-0.04549964948673901,1.266218514656451,1.2829772318037382
2.1636408853519025,0.1721150437341996,-0.0685949811449067,1.0628572194526722,1.0788856884121512
2.166127828898284,0.16176153541223426,-0.09168853401227972,0.8451264641676008,0.865339425916025
2.1686147724446654,0.1514068961109195,-0.09562671682916868,0.6178147202776447,0.6432445458402374
2.171101715991047,0.15541635835587064,-0.10435156815505575,0.4000756689961662,0.44170582421307236
2.1735886595374283,0.16900154131188128,-0.11786310988408966,0.21585139463227776,0.2984041859660146
2.17607560308381,0.1825856607436771,-0.13137296052620906,0.06993036798873575,0.23555601166955184
2.178562546630191,0.19138033565636026,-0.14009273852733317,-0.032898940357370066,0.23944675512661817
2.181049490176573,0.20975079825616716,-0.1440224655895479,-0.07827125341452579,0.2662034129658611
2.1835364337229546,0.22812026406748098,-0.15752737331160827,-0.06618650437889251,0.2850164584415595
2.186023377269336,0.23691194853421976,-0.15187706334507656,-0.006221433314525626,0.28148289461544956
2.1885103208157175,0.25049108362122885,-0.13664836383950485,0.0920472194867461,0.299818693428199
2.1909972643620987,0.2640692879312866,-0.13578331284076617,0.233407923465629,0.37768896675847846
2.1934842079084804,0.2728581799862123,-0.12055151180656098,0.4034955345529063,0.501789696773829
2.195971151454862,0.27206937822667593,-0.10531819201255521,0.5831565051296774,0.6520622497986699
2.1984580950012433,0.2664913076526772,-0.10444858466945517,0.7484488840267716,0.8013132071136766
2.200945038547625,0.2704891998233717,-0.10836590432133919,0.9041611397668845,0.9499552321583482
2.2034319820940063,0.264909462974117,-0.09791655880648786,1.045504934001002,1.082979798095135
2.205918925640388,0.2545405218600545,-0.07788897249946203,1.1485383148677482,1.1789816919804386
2.208405869186769,0.23938239783408732,-0.06264837635006426,1.2036845402349314,1.2288552493490335
2.210892812733151,0.21943511216704137,-0.06656000124261086,1.230097287660051,1.2512878722843088
2.2133797562795325,0.19948708936782933,-0.05610504479270739,1.2038346045851487,1.2215402695254551
2.2158666998259138,0.18911515718330552,-0.05522554439402283,1.1248965548207366,1.1420186786903466
2.2183536433722955,0.17874252999655882,-0.06392152077288005,1.0315904285062913,1.0489107040321795
2.2208405869186767,0.1635808254283342,-0.05346257466784898,0.9143394823441913,0.9303943369944672
2.2233275304650584,0.15320687097751806,-0.033425533314026534,0.7683553761227326,0.7841935957458177
2.22581447401144,0.14283228409912696,-0.037329240482009585,0.6223685926375673,0.6396383342777413
2.2283014175578213,0.1276686821651113,-0.031654893391861005,0.4811675978475485,0.49882219467442146
2.230788361104203,0.13165810238609743,-0.030767722400526942,0.35911766411652835,0.3837264720424376
2.233275304650584,0.1356469520065705,-0.04424455447830988,0.2801608702129368,0.3144006828684171
2.235762248196966,0.1300584448281854,-0.052931796607219805,0.22035526146565054,0.26129182042075
2.238249191743347,0.138834617811204,-0.05682946898401475,0.17970089956827628,0.23408770355026318
2.240736135289729,0.14282187794937196,-0.05593759173887136,0.19650507253971838,0.24928166102697955
2.2432230788361105,0.1468086487541732,-0.06462139489624041,0.23246061503630777,0.2824298878844456
2.2457100223824917,0.165160160293771,-0.0733040918122656,0.2779907813982909,0.33155729967400444
2.2481969659288734,0.16435760934915866,-0.07719729909658968,0.35703764896983614,0.4005605191736786
2.2506839094752547,0.15876622582026234,-0.09066624657319888,0.46481287493450907,0.49947781876051933
2.2531708530216363,0.1627512395227393,-0.10413414739755256,0.5725860996353553,0.6043068162084823
2.255657796568018,0.176312670226912,-0.10323581133775406,0.6612037698166784,0.6920507319878328
2.2581447401143993,0.1707201176967339,-0.09275966137604863,0.7498195585455125,0.7745831677375731
2.260631683660781,0.16991561813498357,-0.08707092706810515,0.8240683154068495,0.845896714785071
2.263118627207162,0.17868759437849313,-0.08138122462110964,0.869584889745175,0.8914763264264131
2.265605570753544,0.1826708558980349,-0.07569057349523423,0.9007345505862663,0.9221824305040739
2.268092514299925,0.17228861539979146,-0.07957579972389617,0.8983637434727374,0.9181901167429463
2.2705794578463068,0.16669450542682152,-0.07388330935119125,0.8768377369481168,0.8955948964104649
2.2730664013926885,0.18504215843709249,-0.07297833159589695,0.8505217993143681,0.8734722482085673
2.2755533449390697,0.179447560319014,-0.07207248232797392,0.7906855687487973,0.8139898882915999
2.2780402884854514,0.1642759400397894,-0.07116578067006962,0.7164827163897112,0.7385110938229136
2.2805272320318326,0.1634693331218796,-0.07025824567714745,0.6422785098126429,0.6664683999441322
2.2830141755782143,0.16745095176013114,-0.07413829965674612,0.558496199748955,0.5877536166246805
2.285501119124596,0.1714324113841701,-0.073229154887676,0.47471264996825724,0.5100036086523699
2.287988062670977,0.18020213397863927,-0.07231923354184167,0.4005047239970114,0.44509202933152736
2.290475006217359,0.1841833314815724,-0.06662015108262853,0.3406608817978558,0.39295238962654966
2.29296194976374,0.19295282902648947,-0.07049713618672904,0.29996958308977817,0.3635689634978641
2.295448893310122,0.19693383837983192,-0.06958499754096881,0.2784308840275127,0.34806431268105126
2.2979358368565035,0.1913379745424536,-0.06867215704538987,0.2951984538028807,0.35842462636220573
2.3004227804028847,0.19531886903079787,-0.07254703653194783,0.31675352483987673,0.37913761170256394
2.3029097239492664,0.208876539994027,-0.07642125112385534,0.3622497658413355,0.42508176794037417
2.3053966674956476,0.21285739221394911,-0.08029481919646653,0.4173220220230718,0.4753032689508262
2.3078836110420293,0.19768463702683875,-0.06980254909599548,0.47239354167621705,0.5168242155647621
2.3103705545884106,0.18730030892492988,-0.05452126570196825,0.5322527828075643,0.5668747647792367
2.3128574981347922,0.18649282903292996,-0.048816197145941764,0.5873229932175885,0.6181511908478092
2.315344441681174,0.18568540842827164,-0.038322151569282425,0.6328158237814367,0.6606084506212826
2.317831385227555,0.1800896614223111,-0.018250743685617188,0.6783081350894555,0.7020450853932501
2.320318328773937,0.16970560556027658,-0.007755604741753519,0.7046463675641199,0.7248355987979614
2.322805272320318,0.15453325830090703,0.007528457326110072,0.7214073813036581,0.7378115039698199
2.3252922158666998,0.15372625029765574,0.013236214728347573,0.7238028261990532,0.7400658677608698
2.3277791594130814,0.16249619551583272,0.01894445634537778,0.7070443518948402,0.7257242048669289
2.3302661029594627,0.16168949787318654,0.019864761165182543,0.6902856243905191,0.7092477322479374
2.3327530465058444,0.1560945778023649,0.0207855148849041,0.6543730828763348,0.6730539996474336
2.3352399900522256,0.150499855649313,0.021706699949928243,0.6088835862175319,0.6275831490235401
2.3377269335986073,0.1496937516732384,0.027416702194531073,0.5633939930323564,0.583586057265058
2.3402138771449885,0.14888787940595094,0.037915504201280203,0.5083275484106284,0.5310386827397775
2.34270082069137,0.14329385229245672,0.029261072019798995,0.45326111047620543,0.4762719524711519
2.345187764237752,0.14248849365186578,0.025395404971479518,0.4221367470664852,0.446259263927055
2.347674707784133,0.14168341675548868,0.026318485844809114,0.3958008958885664,0.4212187109648201
2.350161651330515,0.14087863810806223,0.022453490856322755,0.37904201100354484,0.4049985136175548
2.352648594876896,0.14007417412741285,0.028165612892806724,0.36228333626390175,0.38943971515705417
2.3551355384232777,0.1392700411444353,0.019512818347251493,0.36946693851655077,0.39532608451380774
2.3576224819696594,0.1384662554030731,0.015648703564174138,0.3910160611183624,0.4151040181220936
2.3601094255160406,0.13766283306030158,0.02136165499587861,0.4173539471782899,0.43999056028016126
2.3625963690624223,0.13685979018611283,0.027074849202473494,0.43890383955730705,0.46054340729975696
2.3650833126088036,0.14563394940412633,0.023211462812809724,0.4460889808683053,0.4698333726727778
2.3675702561551852,0.15440851996971028,0.004983075844796847,0.45806303339796983,0.48341345104357725
2.3700571997015665,0.14881830773089788,-0.0036683116930094073,0.4939796591847667,0.5159227160291195
2.372544143247948,0.14322853837057536,-0.002742716324868777,0.5251084868158777,0.5442985023152929
2.37503108679433,0.13763922752366575,-0.006605364467204389,0.5466611612317553,0.563761131147144
2.377518030340711,0.13205039073806013,-0.010467869186425727,0.5825797470464433,0.5974496159912368
2.3800049738870928,0.12646204347461765,-0.023907053441113657,0.5993454687819142,0.6130083087474629
2.382491917433474,0.1352394110681051,-0.046922933480457285,0.5825931639930477,0.5999218738501618
2.3849788609798557,0.14880570216469746,-0.05557350888331847,0.5562648965488446,0.5784999455651052
2.3874658045262374,0.14321891536262,-0.0546471990816797,0.5395143267496127,0.5608686859267559
2.3899527480726186,0.13284427573557578,-0.06329763339968686,0.5275530980457326,0.5476919419229767
2.3924396916190003,0.1320470082702645,-0.05279440788962919,0.515592853639177,0.5348454474157311
2.3949266351653815,0.13603872458514887,-0.05186795837879554,0.49405683316324733,0.5150621070205371
2.397413578711763,0.14003103621170765,-0.06530670402416883,0.453368276002891,0.47897437340515253
2.3999005222581444,0.14402395791477385,-0.07395704731246111,0.4174692445368464,0.44776457590432434
2.402387465804526,0.13844069773160605,-0.07781900394290764,0.39593659093460687,0.4265998220862245
2.404874409350908,0.13764648021409986,-0.06731578290542117,0.374405150515809,0.4045456524006481
2.407361352897289,0.13685291654599618,-0.061601013043098174,0.3480865649924336,0.3790615547682369
2.4098482964436707,0.1360600211444669,-0.05588630652879978,0.3313460891095037,0.3625270188267723
2.412335239990052,0.14005621166014082,-0.045383275466727824,0.32418376740291244,0.3560484505853448
2.4148221835364336,0.13926469569588007,-0.03488033853306405,0.3313880474807416,0.36115001245541367
2.4173091270828153,0.138473890728684,-0.029165914335367304,0.3625357800233111,0.3891758738278468
2.4197960706291965,0.13289540750816242,-0.02824001809227994,0.3841081855801143,0.40742825894660323
2.4222830141755782,0.12731766333781036,-0.03210266495385916,0.3961053076949028,0.41730059103602213
2.4247699577219595,0.13131747875473931,-0.02638866004066287,0.42725760958543724,0.4477607693332512
2.427256901268341,0.13531806092814713,-0.01588642168595733,0.4344695044170024,0.4553318638923631
2.429743844814723,0.14410782690154644,-0.005384368154494723,0.43689464827124347,0.4600793310753731
2.432230788361104,0.14810998367092554,-0.014036127603464177,0.47284031026341644,0.49569298880567847
2.4347177319074857,0.13295933482542588,-0.013111294918476624,0.4944224994956734,0.512155932094131
2.437204675453867,0.12259791043019075,-0.01697509479951087,0.5207948713070891,0.5352996352185092
2.4396916190002487,0.12660253050297787,-0.01605073527657508,0.547169064187857,0.5618539059550013
2.44217856254663,0.13060799837358295,-0.0007614243112987751,0.563968313060661,0.5788948843638397
2.4446655060930116,0.1346143272463889,0.01931601692178475,0.5424622393198284,0.5592489666486684
2.4471524496393933,0.14340993355979792,0.03460476731647555,0.5065929006361589,0.5276364903412294
2.4496393931857745,0.14741802370502666,0.04510481247545961,0.4707255477929948,0.49532722433413373
2.452126336732156,0.14663861062773376,0.06039294471031331,0.4252834147253939,0.45389004476646816
2.4546132802785374,0.14107170718744855,0.07568074643988965,0.3989969616843432,0.4299155468040407
2.457100223824919,0.14029413279825642,0.08617980015121063,0.3775010187916088,0.41184514181961646
2.459587167371301,0.1395174968272982,0.08710168839944954,0.3512188192429804,0.3878227623972364
2.462074110917682,0.13874181187608337,0.08323480044850395,0.3488808225506439,0.38457138571658533
2.4645610544640637,0.1283902838196197,0.07457912231002162,0.3561218580980121,0.38583531237951296
2.467047998010445,0.137193345009597,0.06592304338398369,0.34421154506176954,0.37636345374881913
2.4695349415568266,0.14120899118853436,0.05726654981805357,0.32751513225577433,0.3612279042060075
2.472021885103208,0.13564883129452632,0.06776324110906806,0.32518627156875546,0.35880157955890457
2.4745088286495895,0.1253012808206907,0.07347108693896143,0.3324365980426016,0.362784375779107
2.4769957721959712,0.1293199651355581,0.07439007365907369,0.32532413319284004,0.3579012825896788
2.4794827157423525,0.12376287963940269,0.07530859100886289,0.33257933481356616,0.3627639014585266
2.481969659288734,0.10863003624868695,0.06186141551429847,0.36377904717289766,0.38465895890625634
2.4844566028351154,0.10786346339614605,0.043625340370621934,0.3949812910522752,0.4117619668444215
2.486943546381497,0.10709796286680584,0.03496556216105162,0.41660929694977966,0.43157371385714377
2.4894304899278787,0.101545143001191,0.0263052609348553,0.4382399084006501,0.45061912979254815
2.49191743347426,0.095993418695414,0.02722123009011579,0.4407195487743749,0.4518732703671912
2.4944043770206417,0.09044280144031602,0.01855984317055226,0.4432018677592957,0.4527165379088952
2.496891320567023,0.09447010928250155,-0.014044122892344468,0.4313216915581304,0.4417694427461343
2.4993782641134046,0.09371014358223695,-0.022706647935615276,0.42423266937259996,0.4350523424068386
2.501865207659786,0.09295131889635566,-0.007427744932075431,0.41235803023958795,0.422769753154623
2.5043521512061675,0.09698204969710145,-0.006514653349744215,0.3909094062735825,0.40281276368169266
2.506839094752549,0.09143713709097434,0.0039746305746612975,0.3742520426278375,0.3852805979266376
2.5093260382989304,0.08589339870164014,0.00967488410910633,0.3432323609712036,0.35394877163356586
2.511812981845312,0.0803508454278421,0.005797691229304736,0.31700400929306305,0.32708013313626333
2.5142999253916933,0.08438629472475145,-0.0028685573813409526,0.3003554253801486,0.31199784761134597
2.516786868938075,0.09321135400250702,-0.0019586643317976993,0.29328664345743505,0.30774867686388835
2.5192738124844567,0.09724922726694507,-0.0010494487656527163,0.2910092941883953,0.30683044642075147
2.521760756030838,0.10128832840095026,0.004647480201322107,0.2887350079956068,0.306020962328896
2.5242476995772196,0.1053286678833214,-0.004021503081385269,0.28167541506101834,0.3007512929563322
2.526734643123601,0.09021664282793795,-0.00790279763504298,0.3177145818496836,0.33036956938181133
2.5292215866699825,0.08947108678855442,-0.002208012375156443,0.32981489489908,0.3417423233769342
2.5317085302163638,0.0935152033526696,-0.006090772752177731,0.33234159695224186,0.3453015027994755
2.5341954737627455,0.09277219602445252,-0.00039747758750197093,0.3300831238721127,0.3428727271288933
2.536682417309127,0.09203047818578758,0.005295054442089775,0.32303950796216085,0.3359347707830858
2.5391693608555084,0.0912900598151507,0.015775214687178796,0.30642237796667615,0.32012092424306304
2.54165630440189,0.09055095080803599,0.026254587924070094,0.2993853789929517,0.3138795680417179
2.5441432479482713,0.09460156429738842,0.02236795235472755,0.3067169459491179,0.321753113726053
2.546630191494653,0.09386510337248022,0.028057312809824708,0.30447509358351077,0.31984832818997566
2.5491171350410347,0.1027067876415253,0.038534254264306345,0.311813466289685,0.330546835923347
2.551604078587416,0.10197301338806364,0.0490103617591755,0.3383089015832912,0.3567259787423681
2.5540910221337976,0.0868753867742087,0.05469722040143932,0.3504426068602555,0.365170014445085
2.556577965680179,0.09572114376265106,0.050806415364015756,0.3482146125220851,0.36468787418733417
2.5590649092265605,0.09977987374960084,0.06127995180754464,0.34599015869497585,0.3652676355944992
2.561551852772942,0.09426318265085765,0.07175260839593456,0.33419246866765384,0.3545681747270475
2.5640387963193234,0.09832469290193924,0.07743597049940876,0.31282157213392914,0.33692938541152656
2.566525739865705,0.09281080029416222,0.08790683351474726,0.3153963217945748,0.3403179334554371
2.5690126834120863,0.08250991713883205,0.0840115729823867,0.32755153691241645,0.34807447501205535
2.571499626958468,0.09136406894707216,0.08969219439103515,0.3157684232345339,0.3407371126561771
2.5739865705048492,0.09543124794558633,0.09537188005258956,0.3039890261176428,0.33258419473746853
2.576473514051231,0.0851346562408688,0.09147381234424978,0.2922133740831523,0.3178113025540505
2.5789604575976126,0.08920472242089272,0.08757478698967702,0.2900183020597158,0.3158123514811863
2.581447401143994,0.0932762451099578,0.09325159977766928,0.2926154347820784,0.3209674616462116
2.5839343446903755,0.08777242617195147,0.09413902996051071,0.2808511867914447,0.3089393870651322
2.5864212882367568,0.08705848399174732,0.08544866349607805,0.2643023923186725,0.291095187719723
2.5889082317831384,0.0959228302331655,0.07675729636806805,0.2621226920034214,0.28948433043741184
2.59139517532952,0.09521185987818526,0.0680649179843531,0.26473530633204945,0.28945278326594814
2.5938821188759014,0.08492558110990811,0.06894832445813925,0.2673518588802022,0.28886543964126266
2.596369062422283,0.08900601863302204,0.060253892045384116,0.2603955696725979,0.281706328584637
2.5988560059686643,0.08829956718958076,0.05634682030877114,0.24865486846466744,0.26981664391945376
2.601342949515046,0.07801783140290908,0.062015502234809894,0.251283394742984,0.2703258200908799
2.603829893061427,0.0821028357386967,0.06289471759312004,0.26828117448346944,0.2875263635211274
2.606316836607809,0.08140097470046881,0.06377285949884426,0.25655260355026854,0.2766086308835409
2.6088037801541906,0.07591225599380813,0.059861514490680445,0.2544049340242971,0.2721542613722856
2.611290723700572,0.07521349388589071,0.05594907581204511,0.2570497878755251,0.27360914128295744
2.6137776672469535,0.07451629260408454,0.05203553345003842,0.25969878684624526,0.275143298109002
2.6162646107933347,0.06903225629705534,0.04333247413536556,0.28150556905304747,0.2930674685665991
2.6187515543397164,0.06833819899586002,0.0442050979437858,0.30331654582323253,0.31404637730175233
2.621238497886098,0.07722253133287083,0.045076588413224705,0.30118972493741225,0.31418222192909884
2.6237254414324793,0.06695484062007351,0.036370129145240515,0.28470193719247305,0.29472178409077227
2.626212384978861,0.056688747294524555,0.0324509204064678,0.27300681980043784,0.2807123081779602
2.6286993285252422,0.06557787171542995,0.038107355886370264,0.26131599314676457,0.2721004889845951
2.631186272071624,0.06968020428147914,0.04376261937680859,0.2448410773923655,0.25829760142533725
2.633673215618005,0.06420734859509081,0.03983989473288574,0.24273570907559616,0.25422514684108527
2.636160159164387,0.058736118142273086,0.04549278579472871,0.2502115079096239,0.26100828305667984
2.6386471027107685,0.053266519691236525,0.046356073223323246,0.24811488342351673,0.257967445661208
2.6411340462571498,0.05258696325350887,0.04721815102385518,0.2508110681658291,0.2605784611298901
2.6436209898035314,0.06148585876380008,0.062444219904987275,0.24872327786133752,0.26371018254430845
2.6461079333499127,0.07038640611924474,0.06809225407563435,0.23706313133339307,0.256495086637303
2.6485948768962944,0.06492340182020773,0.08331585769017202,0.23498426378564297,0.2576318778284974
2.651081820442676,0.05946206221265393,0.08896140840302724,0.22333308363846882,0.2476439687840167
2.6535687639890573,0.07315600688676893,0.08981730053263526,0.20210961237322422,0.23295330912490095
2.656055707535439,0.0724864188333938,0.08588352513946385,0.19046748453273032,0.22115181091254255
2.65854265108182,0.06703011085046107,0.09631368662747386,0.1884067211592626,0.22196047974895097
2.661029594628202,0.06636389566036938,0.09716575957995222,0.19113893975598728,0.22445366063624894
2.663516538174583,0.06091097262892131,0.09322813856409562,0.20824096756871313,0.23614811661472393
2.666003481720965,0.060248154328013115,0.09886602484965668,0.22055921170359305,0.2490997728558085
2.6684904252673465,0.06437544661395056,0.09492579652602773,0.21372848236982378,0.24255920751221646
2.6709773688137277,0.0685044519479523,0.1005610583068175,0.2164792194426468,0.24833171129554535
2.6734643123601094,0.0630583693963469,0.11577180168600343,0.22402303933886536,0.2599342035423046
2.6759512559064906,0.06240241455263573,0.11182759829718858,0.20284113833768735,0.23988330597406146
2.6784381994528723,0.07132499629550082,0.11267045635881878,0.19602916562810613,0.23708504931671495
2.680925142999254,0.06588410350776386,0.11830036754906859,0.19879873698131334,0.2405340513994471
2.6834120865456352,0.06523335488125559,0.12392892028697844,0.1967846613137212,0.24153254604900773
2.685899030092017,0.06937275575296076,0.12955610637298287,0.19956376392968522,0.24783676041513844
2.688385973638398,0.06872550474584105,0.12560511102785066,0.18798244999859293,0.23629904872081647
2.69087291718478,0.05371480040966181,0.1264411361347717,0.16682914107884983,0.21611247766662722
2.6933598607311615,0.04349426114306909,0.14164098031736705,0.16483427511841064,0.22163992490401666
2.6958468042775428,0.042852295310980226,0.1424742156973906,0.1819978699318785,0.23507115095593292
2.6983337478239244,0.037423697924476085,0.14330604433993166,0.1943779265213923,0.24437662291933054
2.7008206913703057,0.04157368384413196,0.13934805508924075,0.19718605895996077,0.2450073335508287
2.7033076349166874,0.036148644616162295,0.13538864349049096,0.20478749439202204,0.24814255409571193
2.7057945784630686,0.03551379495699969,0.12663939850841466,0.21239384647149784,0.249819760839248
2.7082815220094503,0.03488073623007493,0.132253925769382,0.22000513196390692,0.2590560262410843
2.710768465555832,0.029461069727266254,0.1330786043972192,0.21804456078599976,0.25714062313478586
2.713255409102213,0.019254799989435356,0.12432502353654318,0.2113005526078684,0.24591742990765364
2.715742352648595,0.02341554476755947,0.1155699823526275,0.20456152689258467,0.23611464766586135
2.718229296194976,0.02757809849952264,0.11160187675005684,0.19782749957644796,0.2288039553846344
2.720716239741358,0.026954062193135453,0.11242069937260135,0.19588688971019685,0.22745682815969945
2.7232031832877395,0.021543440106037925,0.10844963628279114,0.18437450285801482,0.21498697803730402
2.7256901268341207,0.01613463974592,0.12363069684460104,0.17765556430123652,0.217040031628276
2.7281770703805024,0.015516068550417317,0.11965664731710879,0.1805184924764056,0.2171298868336331
2.7306640139268836,0.019687730567024664,0.1108926905418528,0.17859809233525326,0.21114467584166677
2.7331509574732653,0.0238612264533149,0.12128083605990891,0.1623175719468417,0.2040230219508696
2.7356379010196465,0.02324815679746406,0.12209065694772292,0.15083055909970255,0.19543915387336003
2.7381248445660282,0.027425332079420106,0.11811054958260314,0.14892547141963064,0.19204438757727404
2.74061178811241,0.036392756069549614,0.12370571704104227,0.16617912965149806,0.21034029631695766
2.743098731658791,0.03578522250856575,0.11493413589548007,0.1882263377380209,0.2234269275675959
2.745585675205173,0.03039113834992313,0.11094941265948455,0.19112509278124712,0.22307441482682205
2.748072618751554,0.03936412043973814,0.10696313730326246,0.17966381160568012,0.21276684873455287
2.7505595622979357,0.033973752352951636,0.10776370649572797,0.16341931415731636,0.19867839471438445
2.7530465058443174,0.03816205412011531,0.10377430700281609,0.15196842018392687,0.18793576003991333
2.7555334493906987,0.04714062578230671,0.09978333560924035,0.15009954591535646,0.18630304975617007
2.7580203929370803,0.0561210673132404,0.09579078583711587,0.15781270406412595,0.19295154420657237
2.7605073364834616,0.060314978619485315,0.10137345790678154,0.1607426971854249,0.19938076464968277
2.7629942800298433,0.05972236286101529,0.10216613549448628,0.14452432763865453,0.1867939001867718
2.7654812235762245,0.05434322313112572,0.10295721561507909,0.12352281750992056,0.16973880108295317
2.767968167122606,0.05375436909728992,0.09895828870000845,0.1025265820501513,0.1522956832164599
2.770455110668988,0.05316740039982937,0.10453455851907689,0.09590084295697032,0.15149659425185627
2.772942054215369,0.06215912657402306,0.10053240565687771,0.09406880513311933,0.15106111909679876
2.775428997761751,0.07115274380815428,0.0965286306767359,0.10660728656990948,0.16045436435807323
2.777915941308132,0.06578304490468373,0.09252322755808073,0.10957428182441475,0.15777984621627789
2.7804028848545137,0.06999204916329727,0.09330459365726052,0.0981813985435167,0.15246055609102568
2.7828898284008954,0.06941454925614238,0.09887272306679185,0.09637066410516937,0.15453640320373482
2.7853767719472766,0.05926214443119798,0.09007399665430427,0.09456528245496187,0.1434151989213504
2.7878637154936583,0.05868845047343335,0.0956388285467713,0.0975536673098798,0.14868704634358054
2.7903506590400395,0.04853985654100257,0.11077880968508946,0.10054742555737661,0.1572826981409035
2.792837602586421,0.04318157497016317,0.10676351446457,0.0987581638966315,0.15171114452789616
2.7953245461328025,0.042613608072393894,0.11232335718012632,0.09218589215950423,0.1514288442616055
2.797811489679184,0.042047554775261564,0.11309312229958124,0.09519582995179832,0.15368896256484513
2.800298433225566,0.04148341726328775,0.10428440098698077,0.10778798673202239,0.15560964070646802
2.802785376771947,0.03613279433756711,0.10505080106339992,0.1251739684526747,0.16736120222110665
2.8052723203183287,0.035572494697260426,0.1153923171240061,0.13298857424057786,0.1796294800659833
2.80775926386471,0.0302257136976517,0.1113669272176141,0.14080861963969582,0.18205288685231635
2.8102462074110917,0.024880856592582434,0.11691664265124757,0.14384571004930713,0.18702980151090767
2.8127331509574733,0.02432632857375372,0.1224646515446981,0.13731145068556927,0.18559039745961556
2.8152200945038546,0.014196921489739056,0.11843414207257918,0.1403594631837457,0.18419820165648454
2.8177070380502363,0.013646250369644175,0.11919031906576238,0.1290477391144762,0.17619838614104036
2.8201939815966175,0.017885913579624324,0.13430998408937977,0.13210670639069022,0.18923863137336222
2.822680925142999,0.007762299463757172,0.1398511155208082,0.13038275954170508,0.19135896057172128
2.825167868689381,0.007217426188028897,0.13102530507299193,0.11908750287793701,0.17720483952746016
2.827654812235762,0.016251295256217158,0.14135137107554252,0.09343254053063355,0.17021737376792342
2.8301417557821438,0.010921891510150994,0.15167569538869108,0.07257149305408461,0.16849755455169538
2.832628699328525,0.0008060229736923663,0.15242146656720967,0.06129277086379403,0.16428559554536332
2.8351156428749067,-0.004519502389182306,0.14358867986027102,0.05959638087778174,0.1555309085024287
2.837602586421288,-0.00026627999445272277,0.15390775049258387,0.07227073315784871,0.17003154247931726
2.8400895299676696,-0.0007995185987349496,0.18816707714081415,0.08495062430869993,0.2064560406482327
2.8425764735140513,0.0034575895837837267,0.1984826220115794,0.09763606072079867,0.22122410926342745
2.8450634170604325,0.002928238998786359,0.19921959052882166,0.09117343532884625,0.21911096536633828
2.847550360606814,-0.007175972646355833,0.19516638152898214,0.06556275417494462,0.20600943133153318
2.8500373041531954,0.006663778859858582,0.1958997972218075,0.054322846370205013,0.20340134743407995
2.852524247699577,0.010928671186442473,0.19663142990896887,0.062242120931367495,0.20653676839725682
2.855011191245959,0.0008303018664254092,0.20214967858549038,0.06537856678145282,0.21246067623869444
2.85749813479234,-0.004477715023197382,0.19808932901774634,0.05415538263328834,0.20540749175891274
2.8599850783387217,0.00458142789659588,0.19402718362613003,0.052514590271403705,0.20106048756240769
2.862472021885103,0.004065714705557721,0.18996323824274075,0.060456194708974564,0.1993928619545462
2.8649589654314846,0.0035519526688003733,0.1811090854315598,0.0636149908291248,0.19198954203759916
2.867445908977866,0.654262993916743,-1.3648243413710583,14.604371867096544,14.682591160297587
2.8699328525242476,0.31856490341418175,-1.2252416116065457,7.142421090715747,7.2537493506186586
2.8724197960706292,-0.041073251000750766,-0.9946810348987594,-0.4583877734308892,1.095991206153574
2.8749067396170105,-0.38634424236541565,-0.6779310184765237,-7.690483969207968,7.729967400970476
2.877393683163392,-0.6741524404529984,-0.3132987927588893,-14.04150833733857,14.061173280848989
2.8798806267097734,-0.9044978449744555,0.05133160524560676,-19.123600205032428,19.145047299162698
2.882367570256155,-1.0390732291333094,0.4063833651422355,-22.668608982672726,22.6960492999173
2.8848545138025368,-1.073090189430006,0.7231260633061831,-24.499363743892253,24.533512950933584
2.887341457348918,-1.0400675489819937,0.9776176794837519,-24.567980452135153,24.609411620966878
2.8898284008952997,-0.9256400977577977,1.155493000112958,-22.955861960656655,23.003555638653133
2.892315344441681,-0.7250194324204622,1.2423868116824752,-19.844967592598948,19.897032867202395
2.8948022879880626,-0.4717243762493384,1.2287223040517268,-15.51302473767312,15.568757782793083
2.897289231534444,-0.18969694593649522,1.1432298936931997,-10.328740448835251,10.393547939973955
2.8997761750808255,0.08275563181192785,0.9954863838483705,-4.6943406024424,4.799445314488267
2.902263118627207,0.3504217601195169,0.7807033678480999,1.0358329581885801,1.3435933446561614
2.9047500621735884,0.5749942121747036,0.5371880689558615,6.4164587265028725,6.464528749597901
2.90723700571997,0.742107777714926,0.26972888724299127,11.11234847215131,11.140366519683358
2.9097239492663514,0.8469740530661775,0.007056239432158051,14.840986401151733,14.86513680381896
2.912210892812733,0.870439424541758,-0.21731105438422116,17.38689436585298,17.410025404217087
2.9146978363591147,0.8268691016454578,-0.4033729973061726,18.6207854782101,18.643499513549806
2.917184779905496,0.7210514871892942,-0.5367643824235246,18.533082933034024,18.554869825793265
2.9196717234518776,0.5529865806138098,-0.6031200027769907,17.190824378105916,17.210287350737907
2.922158666998259,0.3466163979104219,-0.6120166679596757,14.742450317499065,14.759219108512793
2.9246456105446406,0.1354597616606964,-0.5586659775548395,11.408227304939398,11.422701399523291
2.927132554091022,-0.09484853880730293,-0.4670099510187793,7.456305927201694,7.471518762586864
2.9296194976374035,-0.30121287437149424,-0.3322601878373104,3.1739903841943615,3.205517272932263
2.932106441183785,-0.46447963256119784,-0.18314711068987455,-1.1466267210067649,1.2506146610946796
2.9345933847301664,-0.5942256208769923,-0.010093915645031704,-5.179933962232863,5.2139161700906875
2.937080328276548,-0.6712972269467314,0.1773225879956568,-8.657780753307957,8.68557717365228
2.9395672718229293,-0.6765408384471514,0.3503719776974932,-11.37905415468884,11.404531620552586
2.942054215369311,-0.648263682947348,0.47074702433312865,-13.190525260183112,13.214832772421893
2.9445411589156927,-0.5673121482209597,0.5623897419871291,-14.01079121355,14.033545372609922
2.947028102462074,-0.42889783205083054,0.6157233215494968,-13.844640418460877,13.86496075997038
2.9495150460084556,-0.2665395588298354,0.6355361639188377,-12.759110521896602,12.77770913982794
2.952001989554837,-0.08981413639689906,0.6122514600801825,-10.840392784263633,10.858040069302659
2.9544889331012185,0.09170162736167059,0.5602344176674046,-8.265658129199643,8.285129817933093
2.9569758766476,0.2444889079111317,0.48906184104121975,-5.259961513688128,5.288303266259842
2.9594628201939814,0.3829129138731407,0.38436851800776495,-2.0244158782534214,2.0958580833088094
2.961949763740363,0.48303162726033716,0.2700964629826239,1.2111354165138994,1.3315857649373508
2.9644367072867444,0.535268240000233,0.16539928710767127,4.2216374132056735,4.2586490183515435
2.966923650833126,0.5491995572556174,0.055911778329263306,6.815553977512968,6.837874106843335
2.9694105943795073,0.5200371741827364,-0.034424048797297324,8.801348974987128,8.81676626985056
2.971897537925889,0.4429926858924585,-0.1008197929517145,10.08804274076823,10.098267846020507
2.9743844814722706,0.3276428974115123,-0.1336986494471124,10.627751239738469,10.633641032630862
2.976871425018652,0.19792982368282408,-0.137849023511583,10.406109259885957,10.40890428897636
2.9793583685650336,0.053853463003084245,-0.1324245302882514,9.490154445506427,9.491231103037418
2.981845312111415,-0.09500937973456569,-0.09348315499167592,7.9852316673218375,7.986344011079428
2.9843322556577965,-0.21992828639975215,-0.035390109353302446,6.015839409199678,6.019962184954213
2.986819199204178,-0.32090325882771165,0.037066201581537506,3.7256297681532544,3.7396082648020235
2.9893061427505594,-0.39793429889707477,0.12388577613309781,1.2774084543445863,1.3436784403263422
2.991793086296941,-0.446233005209417,0.20112659606535566,-1.1516536122395635,1.251352006897939
2.9942800298433223,-0.4562225730888493,0.2879422730700969,-3.3891739150638527,3.431843471862583
2.996766973389704,-0.4279030045427499,0.36517919232153506,-5.296288760967713,5.326080309510385
2.9992539169360852,-0.36127430162083274,0.4136837390386101,-6.738922860241131,6.761267238708813
3.001740860482467,-0.237182853133733,0.13178650258666114,-0.0364772904970998,0.2737772466928028
3.0042278040288486,-0.2471647940275128,0.09409587999240943,-0.03779075154174194,0.2671565289119815
3.00671474757523,-0.24277962354767246,0.07076851051463207,-0.043887001909014955,0.25666358648427523
3.0092016911216115,-0.21923894059032834,0.042650779550024165,-0.03561243209620102,0.22617039458603067
3.0116886346679927,-0.2100615706550869,0.03368470242216892,-0.017755449330017825,0.2134848440153609
3.0141755782143744,-0.19609390275883376,0.03429347125639781,-0.004681267604965456,0.19912502388297065
3.016662521760756,-0.16775913259952302,0.03968868154215244,-0.02033190768259807,0.17358486248262672
3.0191494653071373,-0.13942247251684126,0.054658735453154694,-0.04076535724708741,0.15520314930931642
3.021636408853519,-0.09671871496849727,0.06962682524570596,-0.04682800742791926,0.12804400375895295
3.0241233523999003,-0.05880147569401084,0.08938135318041951,-0.05767347604137285,0.12154369452526545
3.026610295946282,-0.040035967151940244,0.10434551160020744,-0.058936557785129295,0.1263502366458415
3.029097239492663,-0.016480175277421405,0.12409610617232847,-0.06019406408129413,0.13890559778112363
3.031584183039045,-0.0024993126068945104,0.14384473264605546,-0.042292386552251315,0.14995399172348564
3.0340711265854265,0.006695021565918502,0.16359139013379043,-0.029173546824637242,0.16630713175929482
3.036558070131808,0.030256437869974673,0.18333607779060657,-0.020837550044248587,0.18698067532253046
3.0390450136781895,0.05381972365406129,0.18392518153286241,-0.022072804797204526,0.19290475309776953
3.0415319572245707,0.07259647286986326,0.1940891205224271,-0.04245612310922198,0.21152625597731228
3.0440189007709524,0.07222147279102087,0.20903949072124473,-0.05804549388243707,0.22865416937628225
3.046505844317334,0.06705993057586851,0.2144110814927389,-0.05447571277744245,0.23116390167657372
3.0489927878637153,0.07147705334584481,0.21499229552355592,-0.050900398814178516,0.23221004906966272
3.051479731410097,0.07110762826389883,0.2107831322218603,-0.052107961168076145,0.22847552000962554
3.0539666749564782,0.06595165241755796,0.22093720431875452,-0.05331000248964912,0.23665338593445023
3.05645361850286,0.06558592949889996,0.2310893013447024,-0.04492972222409897,0.2443817899994843
3.0589405620492416,0.06043364988294464,0.23166261619188955,-0.02696712657152922,0.2409294911266986
3.061427505595623,0.06007161719042675,0.2274455517547116,-0.0233642384471775,0.236402127408141
3.0639144491420045,0.05492302172556751,0.228014914288996,-0.019755854316631627,0.23536701815136574
3.0664013926883857,0.04019945707790873,0.2285823001306242,-0.02571878735917643,0.23351085693301699
3.0688883362347674,0.025477726763209807,0.22914770897663583,-0.02688783426395247,0.23212225813494825
3.0713752797811487,0.02033463426278026,0.23449954388508676,-0.032839808432367334,0.23765939167386033
3.0738622233275303,0.010404966422189299,0.2398494013139727,-0.043574716735186314,0.24399744788720587
3.076349166873912,-0.004311279985964367,0.24040887776171171,-0.04472735619152246,0.24457218164306083
3.0788361104202933,-0.014237301582093909,0.24096637640763197,-0.0362977338899757,0.24410043179173518
3.081323053966675,-0.024161504980917403,0.2367334938305774,-0.037439470308234135,0.24089051322361382
3.083809997513056,-0.019718683548999527,0.2277102299697087,-0.043364169429553456,0.23263969245182178
3.086296941059438,-0.034427663888856874,0.2330501980852966,-0.03970662870297481,0.23890222943998657
3.0887838846058195,-0.039558029471500666,0.2335997849148299,-0.045620468925427815,0.24127769145302025
3.091270828152201,-0.03989818704241754,0.22935899051662956,-0.06110569771757035,0.240689256415051
3.0937577716985825,-0.04981335001973752,0.2251162183087616,-0.052643499562153195,0.23649528458719282
3.0962447152449637,-0.05972671525177664,0.22087146842828176,-0.0585411088501715,0.2361748240305048
3.0987316587913454,-0.0552730762980258,0.21662474105139662,-0.06922172687233719,0.23403640501046086
3.1012186023377266,-0.05560604999136648,0.20758763307301997,-0.079896958341795,0.22927752212716285
3.1037055458841083,-0.07509084987531905,0.2607977912316235,-0.08577840807310011,0.2846261740210244
3.10619248943049,-0.07542025300064048,0.26133353613253396,-0.08207768098149693,0.28411296588771767
3.108679432976871,-0.07095947297194144,0.24750209466969064,-0.07837159204316713,0.26913684272080035
3.111166376523253,-0.06649691678333963,0.248033887134826,-0.07944855301324871,0.2688023840757388
3.113653320069634,-0.06682099145883497,0.25335210729550584,-0.07573176578451246,0.27274096780545354
3.116140263616016,-0.06714329741140951,0.24909154563714742,-0.08158644894913536,0.2705756255602303
3.1186272071623975,-0.06746383840370129,0.254405815925387,-0.09222420791519603,0.27888885455393864
3.1211141507087787,-0.07257102154773437,0.2597181120418668,-0.06933782494502694,0.27843811674980956
3.1236010942551604,-0.05852283406247416,0.2554516279059835,-0.05123453552166701,0.2670307733888398
3.1260880378015417,-0.05404969971886575,0.2559715740762969,-0.042702751980975506,0.2650779919222745
3.1285749813479233,-0.04957481575363765,0.251701144547269,-0.04853088675310069,0.2610869117601543
3.1310619248943046,-0.04030978275184516,0.2570055499522428,-0.06393054572114742,0.26788774882020905
3.1335488684406863,-0.03104300796691989,0.24315437107893967,-0.07932493154079268,0.2576434770809857
3.136035811987068,-0.036139705320414106,0.24366643191617499,-0.08992565028017552,0.26223278002896344
3.138522755533449,-0.036446265518912446,0.23938811996623022,-0.09094430809890497,0.25866168913627285
3.141009699079831,-0.04153949921783884,0.23510783936970903,-0.07280410792702341,0.2496030133219778
3.143496642626212,-0.06099621709931752,0.2260371876632079,-0.05944707602679955,0.24155186514547022
3.1459835861725938,-0.05650919666878573,0.21217616574011,-0.06045002878889427,0.2277415653693991
3.1484705297189755,-0.05680886194223206,0.2031015811707615,-0.05665936277071282,0.21837532474805443
3.1509574732653567,-0.052318410399063764,0.19402503160077123,-0.052863491219142134,0.20779190951103332
3.1534444168117384,-13.163262943841211,3.3069854828758536,0.2957026149145374,13.575532562265176
3.1559313603581196,-11.985610264291532,2.4407808120106074,0.19416399435817233,12.233150209021174
3.1584183039045013,-10.463190844695598,1.59372779253916,0.1117841623162441,10.58446156534088
3.1609052474508825,-8.686984352361076,0.8089220554540688,0.03898630187697272,8.72465311411865
3.163392190997264,-6.752758857939696,0.1198824251421362,-0.02901800063556692,6.753885254703538
3.165879134543646,-4.732340415506217,-0.4877563071774613,-0.09222875566067401,4.758304127186036
3.168366078090027,-2.7119202891204153,-0.9996289303284658,-0.1554343770409492,2.8944653216887395
3.170853021636409,-0.7489593229440451,-1.4013702330995583,-0.22342327870128997,1.6045861021172867
3.17333996518279,1.0799280255563104,-1.7025570208460623,-0.28661866468724284,2.036441800926623
3.1758269087291717,2.712492508851385,-1.8936124856072383,-0.33065533580493245,3.324562649029008
3.1783138522755534,4.124792105952714,-1.9936902393097218,-0.3603217062219617,4.595491531884635
3.1808007958219346,5.278519585885663,-2.0075786838844913,-0.38998299682597626,5.660850459814259
3.1832877393683163,6.1545213309360625,-1.959219834509606,-0.4004856053412844,6.471249021090784
3.1857746829146976,6.72885532004695,-1.848613689727253,-0.39661794617184576,6.989432901687857
3.1882616264610792,7.025463565342014,-1.6805486513658967,-0.383168433799014,7.233823340821632
3.190748570007461,7.044346062321704,-1.4789667345012718,-0.3553486761402187,7.206693189608065
3.193235513553842,6.799868016426033,-1.2438679375739292,-0.33710070111077606,6.920913911444608
3.195722457100224,6.344701859635964,-0.9896174689514599,-0.32363611677942394,6.429566451838414
3.198209400646605,5.693212797349098,-0.725792133647805,-0.2814361113676487,5.746185905620033
3.2006963441929868,4.888496454864084,-0.47633394660444184,-0.24880792297554954,4.9179464210625445
3.203183287739368,3.9736484574590367,-0.2364545028077516,-0.21617475657332896,3.98654290341195
3.2056702312857497,2.9965528337121055,-0.0013653972110398982,-0.16438301056310678,3.0010585671891485
3.2081571748321314,1.9859399988999797,0.2145681619841051,-0.12216311662196588,2.0012298724611526
3.2106441183785126,0.9801171749209122,0.41134617656968775,-0.12303390981846718,1.0700339697965993
3.2131310619248943,0.022179986972862775,0.5698150350893214,-0.11911136884632434,0.5825535548122645
3.2156180054712755,-0.8543527464053944,0.6995515460408623,-0.10560710235185233,1.109253731535646
3.218104949017657,-1.6351158199755444,0.8005557113139412,-0.10167473565201668,1.8234118962871706
3.220591892564039,-2.296167221877523,0.8680391295101062,-0.0881606675696851,2.4563485388868855
3.22307883611042,-2.8231417469100455,0.9067902059035817,-0.07943012023764595,2.9662614424001688
3.225565779656802,-3.220827803171928,0.9215973458005702,-0.07548310589477936,3.3509358550631023
3.228052723203183,-3.4557065722171476,0.9172489545390423,-0.05237762024476211,3.57575124595801
3.2305396667495647,-3.5660852854222522,0.8889566308480048,-0.03884409558038371,3.6754206586723104
3.233026610295946,-3.537598737657899,0.8367203768082856,-0.05403615761879266,3.6356052761507485
3.2355135538423276,-3.3750353370933226,0.7749054044930279,-0.05964659229769609,3.463365361684191
3.2380004973887093,-3.1214907184771343,0.7083001193659126,-0.041310202219985825,3.201109166748319
3.2404874409350906,-2.781753290012675,0.6273277169608913,-0.03733422657493968,2.8518564612262054
3.2429743844814722,-2.35582305659897,0.546353409444269,-0.03814187141098735,2.4186482018618216
3.2454613280278535,-1.8915840563550113,0.46537719905232144,-0.034156342838146614,1.948289720603776
3.247948271574235,-1.3890362942125438,0.38439908805193257,-0.02537765366798439,1.441467485183265
3.250435215120617,-0.8864870016813591,0.30820748206077253,-0.040536236694178385,0.9394116470608472
3.252922158666998,-0.41745500696714405,0.24637919004727493,-0.04611328160593331,0.48692691738161037
3.2554091022133798,0.0563669115142551,0.20370261768971343,-0.046897204713841845,0.21649788215423585
3.257896045759761,0.48230631224594467,0.1610241540948949,-0.062041632347661135,0.5122473242278788
3.2603829893061427,0.8555747868988577,0.11834380168084735,-0.07239296433220055,0.8667492213195837
3.262869932852524,1.1713839271296305,0.09002677285630112,-0.0875280204710247,1.1780943421204142
3.2653568763989056,1.4153685179397937,0.07607307009870823,-0.10265841066297199,1.4211241686950435
3.2678438199452873,1.592316957597936,0.066905889274405,-0.13693776146398662,1.5995942116637938
3.2703307634916685,1.6782872244369778,0.07689044288065006,-0.156847262961481,1.687353315643545
3.27281770703805,1.7020097332994022,0.08687312020174387,-0.17675213850016291,1.7133666827984806
3.2753046505844314,1.668272882412809,0.08727711719168463,-0.17749878823613052,1.6799575962519198
3.277791594130813,1.5674998600306151,0.09725604975528057,-0.16387562897991437,1.5790407759724137
3.280278537677195,1.423632677635416,0.12159832386519742,-0.14545948091457284,1.436201453065045
3.282765481223576,1.236671330095632,0.1411503289211713,-0.14140397091535206,1.2527068599739064
3.2852524247699577,1.0161926189076005,0.15591206763271526,-0.14213230598653404,1.0378620351283911
3.287739368316339,0.7813501521961403,0.18982555933925127,-0.13327928986231896,0.8150491840506285
3.2902263118627206,0.532143924792743,0.2045835802443574,-0.12921014624836857,0.5845740841783432
3.292713255409102,0.2829391414780258,0.21455134310312207,-0.13950169557897496,0.38150695888421865
3.2952001989554836,0.02894739373982036,0.23888246401887292,-0.14500033841482818,0.2809410638558753
3.2976871425018652,-0.19631250038310977,0.2488465259196153,-0.14091768532518323,0.3468731544907124
3.3001740860482465,-0.39762894942520527,0.24444353168284705,-0.13204215356689453,0.48507375925848517
3.302661029594628,-0.5702135552915706,0.2591923074557645,-0.12795056376344505,0.639292966995477
3.3051479731410094,-0.7140663232180964,0.26915083956916774,-0.13821973658398967,0.7755240705331758
3.307634916687391,-0.8339756617714561,0.25995392102168813,-0.13411926618020154,0.8837869783168363
3.3101218602337728,-0.9012111562863504,0.26990878136246454,-0.13001437663095317,0.9497031307741839
3.312608803780154,-0.9349264253105618,0.2798618103238,-0.13069348541822023,0.9846272598056904
3.3150957473265357,-0.9351214741204149,0.2706593976647871,-0.12179139678582374,0.9810921594001478
3.317582690872917,-0.9065847113220533,0.26145515973363453,-0.12246173826220463,0.9514470645771271
3.3200696344192986,-0.8445277388903085,0.27140271290505114,-0.12791612081606196,0.8962416349913834
3.3225565779656803,-0.7633157720903279,0.27656004369726883,-0.13336615545725294,0.8227532783970762
3.3250435215120615,-0.672525622875852,0.2769271552562804,-0.1244466465955476,0.7378796179538814
3.327530465058443,-0.5673688932483009,0.2725040507541352,-0.12509962524308804,0.6417287861232152
3.3300174086048244,-0.42869197525652447,0.27286754002941205,-0.13532510584971114,0.5258767805525159
3.332504352151206,-0.2948021008013771,0.27322922298551955,-0.13596948962261024,0.42432321293845
3.3349912956975873,-0.17048767854950453,0.2688006995514862,-0.14618640436945007,0.35027179366748323
3.337478239243969,-0.0509603105345951,0.25479356968181044,-0.13724544473212852,0.29385885812869705
3.3399651827903507,0.05899159456138375,0.2455730466375714,-0.13787704523299915,0.2877433041200716
3.342452126336732,0.15457962804916509,0.24113913374409357,-0.13371601054769222,0.3161058599701382
3.3449390698831136,0.2405921878730839,0.23191502771110795,-0.11039714538729406,0.35193282122226766
3.347426013429495,0.3026640586892706,0.21311232859355878,-0.08707407773991882,0.38026871030245
3.3499129569758765,0.34558363842845086,0.20867305639300993,-0.0781120323075779,0.4111860712683087
3.3523999005222582,0.37413932501489644,0.20423200457312518,-0.08829942718524642,0.4353018895614881
3.3548868440686395,0.3883311130463142,0.19021236994234414,-0.10327106721960533,0.4445747545279069
3.357373787615021,0.3785821904737722,0.18576776925527705,-0.1278153705709446,0.4406482815037286
3.3598607311614024,0.3592577618440736,0.19089820600945373,-0.1475671421500273,0.4327635912887859
3.362347674707784,0.3399346283781072,0.20560368372642257,-0.16252639685967551,0.4292356648842514
3.3648346182541653,0.30145917136949146,0.22030739931097365,-0.17269314963321136,0.4113829190962891
3.367321561800547,0.24861978870822427,0.23500935633224795,-0.2020094320353909,0.39730216149963343
3.3698085053469287,0.20057008824025635,0.24970955838296627,-0.2313216457774523,0.3950859750101354
3.37229544889331,0.15252166120524402,0.25961960575895926,-0.23668778927894962,0.38299648356740973
3.3747823924396916,0.08532088887730743,0.2695279054199773,-0.227684684229704,0.36299485025503336
3.377269335986073,0.027698185729325975,0.2842228643489091,-0.21388915234697592,0.35678900712199985
3.3797562795324545,-0.020346453691778676,0.2941276795906851,-0.20487801537485772,0.35902656066532573
3.382243223078836,-0.07317824480401092,0.2992423548537104,-0.1910744818024419,0.3625058620864791
3.3847301666252174,-0.12600878974784951,0.30914370050970685,-0.18684377674599695,0.3825684769649233
3.387217110171599,-0.16926128734699336,0.3094665103513834,-0.18260910874526992,0.39719641365471337
3.3897040537179803,-0.1933589364284718,0.3002107881547853,-0.16400528304412987,0.39295283239550816
3.392190997264362,-0.22703216238494223,0.3005301509994607,-0.13582071819153185,0.40038636578560577
3.3946779408107433,-0.2511273574088591,0.3008477960651903,-0.12678584936121773,0.41188468973085735
3.397164884357125,-0.26085612365635935,0.29637532387402254,-0.11774707854644895,0.412005612045124
3.3996518279035066,-0.26579527324701846,0.2919011416104391,-0.11349282436410668,0.4107724734400746
3.402138771449888,-0.2515796017011959,0.29700205980089356,-0.12359990877282989,0.40838640644218044
3.4046257149962695,-0.22778592114293905,0.29731287239178705,-0.12891473383026053,0.39610652425745174
3.4071126585426508,-0.2183562536591736,0.29762198663213324,-0.13901412153620285,0.3944403965435199
3.4095996020890325,-0.1945601848151165,0.302717809792159,-0.15389808726954257,0.3913775148700776
3.412086545635414,-0.16118612341971694,0.3078119425225303,-0.1544130331470246,0.38022696267917905
3.4145734891817954,-0.12781088160361365,0.3129043888151348,-0.1597125878664265,0.3738353764948644
3.417060432728177,-0.10879967481885383,0.31799515268263256,-0.15064315358098135,0.3683091718803134
3.4195473762745583,-0.0802104919560081,0.32308423815828835,-0.15593516566441323,0.36760430337107647
3.42203431982094,-0.05162014514857677,0.3233832459755197,-0.16122342962443525,0.3650128181621693
3.424521263367321,-0.027817043210334902,0.32846898684899495,-0.17129636426623307,0.3714944247568204
3.427008206913703,-0.008801191635137373,0.3287646582322936,-0.1909423884106367,0.3802928571098249
3.4294951504600846,0.0006390007626436156,0.324270264239634,-0.18664269433104863,0.37414851053982556
3.431982094006466,0.0196571417701899,0.3197742123254055,-0.18712771747945212,0.3710238978017137
3.4344690375528475,0.033888015932657056,0.3056997000027759,-0.17803226343895773,0.35538175393629545
3.4369559810992287,0.01938960115494076,0.2916235380857173,-0.15456794444668454,0.33062288796913747
3.4394429246456104,0.014469118506540535,0.30148774736854955,-0.15025359931505022,0.3371651840134837
3.441929868191992,0.02870336913580851,0.29698510550078394,-0.16508924362654298,0.3409963264468436
3.4444168117383733,0.028573524309194964,0.27332721339322275,-0.17034447305347555,0.32332870483861886
3.446903755284755,0.02365638517705554,0.2640328985381153,-0.17559610984178065,0.3179732533746362
3.4493906988311362,0.013951946250393032,0.26431376188400524,-0.18563257292766266,0.32328914868456765
3.451877642377518,-0.0005397979583246504,0.24543938779653152,-0.19087707129640208,0.31092578022811773
3.4543645859238996,-0.02460725625532384,0.23614020050355355,-0.19132962058336567,0.30491758733606744
3.456851529470281,-0.03430841752312597,0.23641620432940602,-0.17262502647192157,0.2947356255136054
3.4593384730166625,-0.053585303845398835,0.23190219365566822,-0.1634937245366057,0.2887563162484351
3.4618254165630438,-0.06807271074113302,0.2369633828038249,-0.17830094039885225,0.30426429972080704
3.4643123601094254,-0.06819383704730092,0.24202296951167623,-0.19310467312487312,0.3170408995147908
3.4667993036558067,-0.07310230152021258,0.24708095817535947,-0.19832813174853392,0.3251568763278268
3.4692862472021884,-0.08758651295256414,0.2521373532085871,-0.19397133195054295,0.32995381457544815
3.47177319074857,-0.10206967017324192,0.2571921590424773,-0.1896110960578845,0.3354376126651238
3.4742601342949513,-0.09739816536747575,0.26224538012539744,-0.180459036441734,0.332903147848655
3.476747077841333,-0.09751402060009107,0.25293181096188455,-0.16172676547783915,0.31565650932933015
3.479234021387714,-0.10241724133098218,0.2579818759562209,-0.15735631546789364,0.3190688791802968
3.481720964934096,-0.10253102637586747,0.2630303696466658,-0.1481940888342912,0.3188402024393666
3.4842079084804776,-6.543046250327881,5.008596583658148,0.27756258426316904,8.244667061800898
3.486694852026859,-5.863204715511133,3.5005064990862698,0.15265621741232138,6.830374748639479
3.4891817955732405,-5.058863678346526,2.054664099971018,0.02296477341766945,5.460244835226859
3.4916687391196217,-4.182695580798107,0.7333186340414866,-0.10193495679261666,4.2477157715738
3.4941556826660034,-13.544132776934799,2.8548336068549958,0.5345247356774667,13.852051266694016
3.4966426262123846,-11.557053104219436,0.8104361470315822,0.222883849762594,11.58757784925946
3.4991295697587663,-9.373647901086693,-1.0615803326133562,-0.08875377282898178,9.433986697485313
3.501616513305148,-7.051378012802333,-2.722908600889523,-0.35729251792742467,7.567286242213733
3.5041034568515292,-4.676434704548555,-4.111299409989902,-0.6114628211664677,6.256653351925317
3.506590400397911,-2.3350092415040438,-5.226752755255548,-0.8321110849748834,5.784774963662703
3.509077343944292,-0.10850448551932929,-6.074057035333982,-0.9952953084592071,6.156017774739524
3.511564287490674,1.921676701558886,-6.624481825614867,-1.1297459272465673,6.989486866955695
3.5140512310370555,3.7411691043746216,-6.89239233135617,-1.206732537117201,7.934583904213369
3.5165381745834368,5.306877087654709,-6.906518967762233,-1.240620363730443,8.797845620516235
3.5190251181298184,6.5757050161336235,-6.69080374670271,-1.2314094227805352,9.461665836553763
3.5215120616761997,7.538076077792847,-6.278765486673722,-1.1838881332773479,9.881653611787494
3.5239990052225814,8.174836653980469,-5.684769392875783,-1.117210124186487,10.019616551097386
3.5264859487689626,1.0065007530030978,0.5547527279415458,-0.6339379356007608,1.3125058709004482
3.5289728923153443,1.8874717630574012,-0.46015766435570726,-0.6821754406145946,2.059042997166895
3.531459835861726,2.6487336143387856,-1.3745130649661443,-0.6968910630970271,3.064430302570991
3.533946779408107,3.275921091541709,-2.164371452473404,-0.6924500286677819,3.9869348909270728
3.536433722954489,3.74030376940671,-2.8153676120885134,-0.6832175629389656,4.731062599135979
3.53892066650087,4.046670045923669,-3.2987711190484905,-0.6691936815536472,5.263577636919173
3.541407610047252,4.195019915769466,-3.6241587751399518,-0.6455899968260077,5.581174192329798
3.5438945535936335,4.1853533736284065,-3.791530575496152,-0.6219833310221006,5.681527103792977
3.5463814971400147,4.041612430794058,-3.810463321878392,-0.5552780698750652,5.582346773805238
3.5488684406863964,3.7637970819660107,-3.676168606074655,-0.47420464891265723,5.282542393919344
3.5513553842327776,3.356695725172154,-3.426953649743491,-0.42664711693346113,4.815957357708525
3.5538423277791593,2.858615581690652,-3.086760464570515,-0.3790866662798251,4.224154342595843
3.5563292713255406,2.3126522761278885,-2.650800642307408,-0.3027928926029695,3.5308339144383076
3.5588162148719222,1.704440593254946,-2.1382277912957433,-0.2408614413469401,2.745022779018868
3.561303158418304,1.0722877543750178,-1.5921375364673263,-0.16935031145911417,1.927013879348606
3.563790101964685,0.44971257747926613,-1.0364718894610778,-0.10741313175684297,1.1349242093020462
3.566277045511067,-0.1632849426745172,-0.471230845303223,-0.05026151444269189,0.5012451515012224
3.568763989057448,-0.7188207781165593,0.07485518106918043,0.0021045249741682426,0.7227108953173201
3.5712509326038298,-1.2216833373915321,0.5778441780502557,0.011377744436211756,1.3514967717442552
3.5737378761502114,-1.652719012433481,1.0329477473261455,0.020653758345842377,1.9490735646709354
3.5762248196965927,-1.9927741951669486,1.4305890872729234,0.039509357878312557,2.453425181029088
3.5787117632429744,-2.241848890788696,1.7372493796758777,0.03442570434158654,2.8363897802372198
3.5811987067893556,-2.4047315078060056,1.9720822428535905,0.024556395582992607,3.110055467958316
3.5836856503357373,-2.4766336480760516,2.1398760851739533,0.0194782228256134,3.273096895578611
3.586172593882119,-2.467132123406973,2.2214772984128817,0.023979573989045377,3.3199815242978525
3.5886595374285,-2.3810153422768594,2.2360395009186056,0.023695223728887882,3.2664458013954065
3.591146480974882,-2.208706503192697,2.183562697767564,-0.005316859922199768,3.105858776784145
3.593633424521263,-1.9645708212529307,2.064046894045502,-0.03911467571031402,2.8497996509216605
3.596120368067645,-1.677338721506627,1.8918573048082394,-0.06812143232394341,2.529274555670785
3.598607311614026,-1.3661638223518076,1.6909359517611855,-0.10191395171384521,2.1762477882849964
3.6010942551604077,-1.026257725574447,1.4612828400170192,-0.1404922491707481,1.791170156603358
3.6035811987067894,-0.6576204362698573,1.1933211680561944,-0.16949113000465488,1.373028510804132
3.6060681422531706,-0.30813599272623693,0.9205697642508128,-0.1984874161068344,0.9908550525777967
3.6085550857995523,0.03177240662330899,0.662182247019985,-0.22748112270730836,0.7008869204652421
3.6110420293459335,0.3477395467549753,0.4037934115488673,-0.24689545837439297,0.5873068013853834
3.6135289728923152,0.6206118093359556,0.16934527959288825,-0.26151884161585137,0.694427063216677
3.616015916438697,0.8551775926461128,-0.031585337045585415,-0.27613969091755486,0.8992104744609722
3.618502859985078,1.0466484883361313,-0.22772885311917257,-0.2811812147821282,1.1074278144536718
3.62098980353146,1.1854476847478892,-0.3903548435293578,-0.27664342833012867,1.2783562506512836
3.623476747077841,1.2715751768755128,-0.4907328831704165,-0.26731474997930604,1.3889490158487605
3.6259636906242227,1.3098193630451707,-0.5623817900936423,-0.2675604047645397,1.4503408605685597
3.628450634170604,1.3001802382745988,-0.5957247524607105,-0.2821688110561684,1.4577296973811775
3.6309375777169857,1.2426577975934565,-0.5955501683874773,-0.2824095639580442,1.4066391032532635
3.6334245212633673,1.1468288426841082,-0.5666464359833372,-0.26828267847120024,1.307011925497419
3.6359114648097486,1.0126933686005701,-0.509013550031076,-0.25894178285283864,1.1626235417493556
3.6383984083561303,0.8402513704089789,-0.4274399086275651,-0.24481008541279436,0.9739913854247008
3.6408853519025115,0.6534448597897041,-0.34107911982475736,-0.23546440771632327,0.773801420305763
3.643372295448893,0.47142744511496043,-0.24035437174677154,-0.23090476466177634,0.5773483094016251
3.645859238995275,0.25589189492606335,-0.12047725583251445,-0.22634276780060603,0.3622519559607976
3.648346182541656,0.05951064086324881,-0.010178186757795693,-0.23614364193847237,0.24373947462320625
3.650833126088038,-0.11771632194444792,0.10969645401030137,-0.2220001753302583,0.27417972631328613
3.653320069634419,-0.2997310149561941,0.2343582684079868,-0.20785439936712713,0.43355037842692445
3.6558070131808007,-0.4530146197744692,0.33986524509518423,-0.1841295221699326,0.5955118063376613
3.658293956727182,-0.5775671412307948,0.42621738933811804,-0.16040236511227057,0.7355093366758331
3.6607809002735636,-6.074707529454963,6.411881210312746,0.36610940573446804,8.840154315426044
3.6632678438199453,-5.562401096871916,4.98509548282842,0.23661217218003827,7.473116368384877
3.6657547873663265,-4.9016535123331595,3.5439433420451327,0.12148238442269665,6.049834670164057
3.668241730912708,-4.149925620460652,2.141097229769225,0.006354817886128572,4.669713094654911
3.6707286744590895,-3.3359478459410288,0.7909223612498897,-0.10877054201462677,3.430151198296344
3.673215618005471,-2.4932390167669087,-0.4443320150581711,-0.2095284998730449,2.541175697702448
3.675702561551853,-1.679259977518753,-1.535935473938693,-0.29591907021251806,2.2949030368002483
3.678189505098234,-0.8940107329193443,-2.4838880100939753,-0.3775190741656935,2.6667349865748777
3.6806764486446157,-0.14227969099788446,-3.264247601621477,-0.44954012287257683,3.2981270802129976
3.683163392190997,0.5041070937467031,-3.867437436577193,-0.5024054241208535,3.932379368523664
3.6856503357373787,1.0403612133133529,-4.279092299693225,-0.5313265889860688,4.435683747476173
3.68813727928376,1.4760594696764624,-4.50400058898072,-0.5602456484329306,4.7726981939096325
3.6906242228301416,1.8112018581845284,-4.590046332331307,-0.5747974068306068,4.9678334878434045
3.6931111663765233,2.040999970879903,-4.508499104509208,-0.574981878475775,4.982253427623652
3.6955981099229045,2.170242206460187,-4.27851251347977,-0.5560106743110822,4.829572282578657
3.698085053469286,2.1989285603174165,-3.95275899044847,-0.5322490185263664,4.554435142547659
3.7005719970156674,2.14621264113948,-3.5264501267755604,-0.4941201186755233,4.1576716908989075
3.703058940562049,2.0168828476682483,-2.999585917139898,-0.4607776021996095,3.643850723370979
3.7055458841084308,1.8205159819807541,-2.439204002703284,-0.4226446765827667,3.072885147559997
3.708032827654812,1.59541926609106,-1.850092781462684,-0.3797213559144339,2.4723256749005302
3.7105197712011937,1.3272274855046287,-1.2418290547337314,-0.3463728642092754,1.850309801227986
3.713006714747575,1.049459458945367,-0.638354833792578,-0.31781081216476004,1.2688048558092284
3.7154936582939566,0.7573267785898818,-0.07318893655523429,-0.2653047938404942,0.8057835339830178
3.7179806018403383,0.46040624659098994,0.4680338522659886,-0.22716204974386045,0.6947173494384438
3.7204675453867195,0.19221668171870854,0.9565831180758413,-0.2177478037437801,0.9997062671374477
3.722954488933101,-0.052030323804447054,1.3733052529207055,-0.20354324646882205,1.3892819459986752
3.7254414324794825,-0.28191158106024083,1.718200262127302,-0.17018318179130887,1.7494709473651822
3.727928376025864,-0.47827348119317165,1.976902941061633,-0.13682123678793623,2.0385315332432192
3.7304153195722454,-0.6171740120116932,2.1637785050111167,-0.12739944181761587,2.2536796129055685
3.732902263118627,-0.7321320011521486,2.278826959301587,-0.10361058403681511,2.3957889578748826
3.7353892066650087,-0.8183590496726665,2.326836712578573,-0.08939669372736248,2.468171872061181
3.73787615021139,-0.8662783552949886,2.3125961734866283,-0.09433459117118304,2.4713231811256535
3.7403630937577717,-0.8711015190452941,2.231316944028592,-0.10405908000938169,2.3975865893278
3.742850037304153,-0.8471937552148803,2.0925758361669464,-0.11857017380445356,2.2606790517676107
3.7453369808505346,-0.7993434714383023,1.9251032751441004,-0.12829107943843532,2.088403985431233
3.7478239243969163,-0.7467042852948012,1.714534056317821,-0.13322181039390202,1.8748179566869658
3.7503108679432975,-0.6557573778240207,1.4704449916460263,-0.15251599339427813,1.6172468396223754
3.752797811489679,-0.560021576533509,1.2263549096858632,-0.1526548185989185,1.3567881280196874
3.7552847550360604,-0.46907369231293494,0.9678986057894812,-0.1432151060090483,1.0850660839315247
3.757771698582442,-0.36854851943385136,0.7142296985486905,-0.15292728886594809,0.8181313031205482
3.7602586421288233,-0.26802286875293607,0.47492499991248893,-0.16742617048663533,0.5704573045200237
3.762745585675205,-0.1722851477898908,0.2499845151864264,-0.17713495746671626,0.3514985393123456
3.7652325292215867,-0.08612376404774197,0.039408249673226425,-0.18205366300044723,0.20521659067419207
3.767719472767968,3.808494802043372e-05,-0.1472269846864731,-0.18218230023983395,0.23423530261472383
3.7702064163143496,0.07183518508731168,-0.30034437595558083,-0.1775208822943899,0.35620317465633883
3.772693359860731,0.11969072559707844,-0.4103671122000554,-0.19201143883244498,0.46861010361693417
3.7751803034071125,0.16275831564306703,-0.4772951881300198,-0.21607717623713363,0.5486258397247186
3.777667246953494,0.18188433784551522,-0.539435825021803,-0.22098768756711884,0.6106623287273559
3.7801541904998754,0.19622240140412067,-0.5632701943507752,-0.21631979240004107,0.634484669035239
3.782641134046257,0.20098409893413238,-0.5583750974791843,-0.2212271169104607,0.6333393993474339
3.7851280775926384,0.2057462330288506,-0.5247505291327745,-0.22613286730708637,0.6073143369847391
3.78761502113902,0.1913551863768797,-0.4623964840416195,-0.22146024975441492,0.5472403110413833
3.7901019646854013,0.17217616492624316,-0.390466570221514,-0.211997680333452,0.47649951804385476
3.792588908231783,0.15778597132194855,-0.30417237909140393,-0.22168718836177703,0.4081206420066076
3.7950758517781646,0.12424258498413088,-0.1939370987546276,-0.22179836658863827,0.31975355137713346
3.797562795324546,0.08591121191285017,-0.0884911438821403,-0.20754282431972015,0.24142378259920982
3.8000497388709276,0.052368654805254045,0.02174229741256628,-0.21243939737784423,0.21987655868952913
3.802536682417309,0.004461296454103925,0.1271864237294449,-0.2077576783762023,0.24363813837617218
3.8050236259636905,-0.024292043806839136,0.22305283698319256,-0.20307448644467918,0.3026250460938986
3.807510569510072,-0.048256579829382085,0.3237067523641972,-0.2031782373468456,0.3852222152918707
3.8099975130564534,-0.08179752544770391,0.4195713684554896,-0.20806894347972893,0.4754194502097601
3.812484456602835,-0.10576127123610729,0.5010698838340835,-0.21295821387360014,0.5546239048537427
3.8149714001492163,-0.12972462767308424,0.5682023037115984,-0.20826925419178544,0.6189171343642785
3.817458343695598,-0.15368759857870828,0.6209686332932831,-0.21315568997262524,0.6742827816715506
3.8199452872419792,-0.1632849777943443,0.6545804744577057,-0.21325232346522505,0.7075409069289857
3.822432230788361,-0.15851676910443424,0.6786146390377432,-0.20377076351205403,0.7260633019688576
3.8249191743347426,-0.15853658955679073,0.6787059222579654,-0.19907623218938042,0.7248495880933188
3.827406117881124,-0.16813284622036523,0.6644311359375981,-0.2135339515258199,0.7178677711359656
3.8298930614275055,-0.16815192954458436,0.6549438985294258,-0.22799032025995913,0.7135868326719099
3.8323800049738868,-0.16338224656243772,0.6263021985962038,-0.24244535036359416,0.6911786674740142
3.8348669485202684,-0.15861220428887485,0.5832944446151718,-0.24732224711969053,0.653114487964117
3.83735389206665,-0.1394765964395221,0.5354974483763444,-0.24262102240340688,0.6042153578683708
3.8398408356130314,-0.12991744327440718,0.4876996183418063,-0.2379184946819528,0.5579737179378871
3.842327779159413,-0.12993474843383263,0.44947776628600566,-0.2284262724128272,0.5206648280462582
3.8448147227057943,-0.11558649893837392,0.396889880733283,-0.21414436732488262,0.46555303266361026
3.847301666252176,-0.10123790835290936,0.33951277344206066,-0.19028438777758083,0.4021519434863903
3.8497886097985576,-0.0916773835834192,0.2725580462014072,-0.16642315204195057,0.3322488476208879
3.852275553344939,-0.07732812155670421,0.23433293067486805,-0.16650268830054848,0.2976822231734212
3.8547624968913206,-0.0725553357828051,0.20089541535327227,-0.18573460476440218,0.2830558038046704
3.857249440437702,-0.053417013190937945,0.16745710199996067,-0.18581168635256518,0.2557757633038168
3.8597363839840835,-0.024701560613841655,0.13880639901003944,-0.20025276773879774,0.24490519490190985
3.8622233275304647,-0.02471620810803099,0.11973171476952826,-0.20032744038269712,0.23468629664974952
3.8647102710768464,-0.024730539227263093,0.11980986097561042,-0.1812473122951328,0.21867004955337552
3.867197214623228,-0.02953296074902212,0.12946403603486445,-0.1717428146787423,0.2170915170862666
3.8696841581696093,-0.024758266151081565,0.12475222838345656,-0.17181395876369798,0.21376652370167692
3.872171101715991,-0.019983265494291635,0.12961645965104873,-0.17667235240912937,0.22002926536727538
3.8746580452623722,-0.019996365500677737,0.13926833153566864,-0.18631800674360655,0.2334736011605514
3.877144988808754,-0.04873958615496382,0.15370784904572954,-0.20075093284467016,0.2574928875810499
3.8796319323551356,-0.04875209097803679,0.17293501717961268,-0.21518273841840418,0.28033354678826267
3.882118875901517,-0.058341109878429276,0.19694984092547685,-0.2104598211586488,0.2940854659185796
3.8846058194478985,-0.06314143622265495,0.220963921940863,-0.20094740194999083,0.30527324500879305
3.8870927629942797,-0.06794147663985495,0.23061205523219108,-0.1962222983051376,0.31032427333125184
3.8895797065406614,-0.0679528310999164,0.25462466567809683,-0.19628452104446836,0.32860146199892765
3.8920666500870427,-0.06317550287438611,0.27863654826362705,-0.20113408093653184,0.3494057651297177
3.8945535936334243,-0.06318630185676644,0.297859304603588,-0.20598258537760472,0.367615967498842
3.897040537179806,-0.058408424640635115,0.3170813429423762,-0.20125323839156728,0.3800723458425179
3.8995274807261873,-0.06799548772273506,0.3315142648726015,-0.2013112605516607,0.39376556196494966
3.902014424272569,-0.0680054776982989,0.35073488193651947,-0.19179145245693263,0.4054918786357353
3.90450136781895,-0.05843839774538989,0.36516639238369963,-0.19663584121649258,0.4188402971402013
3.906988311365332,-0.06802467094521164,0.37480880109277326,-0.20147922732441081,0.4309325611705943
3.9094752549117135,-0.07282228383678113,0.3940273228916147,-0.18716800790178567,0.44225838532498213
3.911962198458095,-0.06325443290130084,0.3988799460337722,-0.1824326132200742,0.4431568492033891
3.9144491420044765,-0.058474734523071004,0.40852028864365186,-0.1824846502556774,0.4512302831038417
3.9169360855508577,-0.06327159510668062,0.40858314559139064,-0.19211253257264538,0.4559064671401087
3.9194230290972394,-0.06806821107699873,0.4086453283364624,-0.19695106040070165,0.45870906457513877
3.9219099726436206,-0.06807618216041417,0.40391843836506647,-0.20178864719765777,0.4566214291584142
3.9243969161900023,-0.06808391470513742,0.39919088379155143,-0.20662530304773874,0.4546237972251631
3.926883859736384,-0.06809141172026584,0.38967426607705935,-0.20667263466149777,0.446313849113691
3.9293708032827652,-0.0824638861570226,0.3801569933106137,-0.20671905533666113,0.4405137908424275
3.931857746829147,-0.07289411442438676,0.37063907024810083,-0.21155297831741748,0.43294518700068946
3.934344690375528,-0.05374730943594885,0.35154369499179916,-0.21638601015370362,0.4162867378986862
3.93683163392191,-0.058542297367737195,0.33244767891215643,-0.21642975734176062,0.4009869070907256
3.9393185774682915,-0.07291387117383324,0.3133510267257762,-0.22126103628497873,0.39046349987874046
3.9418055210146727,-0.07292001714887286,0.29904214645625826,-0.22130305005163287,0.37910232684634587
3.9442924645610544,-0.06813754481085832,0.2847326394731091,-0.2213442116169979,0.3670267851404385
3.9467794081074357,-0.06814326365897189,0.2704225104525917,-0.20701932062110018,0.3473166244970144
3.9492663516538173,-0.06814877321263707,0.265688570697892,-0.18790519325144217,0.3324801250311633
3.951753295200199,-0.053788866331846596,0.2561656148968514,-0.19752066224295106,0.32791534945720546
3.9542402387465803,-0.04421715909995272,0.2418536476843065,-0.21671212375291127,0.32773844546920694
3.956727182292962,-0.0442220576205718,0.22754107700139814,-0.2119607639233987,0.31409854750721805
3.959214125839343,-0.05859196797851385,0.22280471409541347,-0.19763180204527586,0.3035346578471678
3.961701069385725,-0.05859647299760312,0.22285616023845867,-0.19766726399564583,0.3035963801818341
3.964188012932106,-0.05860078536568475,0.21811861336795157,-0.2072787556752953,0.30655222083249006
3.966674956478488,-0.05381650447056924,0.22295728800839454,-0.2121010762899065,0.31239883961504356
3.9691619000248695,-0.04903203632191605,0.21821857542751388,-0.20255742831091972,0.30174989479935305
3.9716488435712507,-0.05382419023092555,0.22784449676114926,-0.20737824071768962,0.3127553243056307
3.9741357871176324,-0.05382775888848251,0.2518350565287619,-0.21219831255212362,0.33368615070717283
3.9766227306640136,-0.05383114824796981,0.2566714359927347,-0.21701765276237772,0.3404037017818099
3.9791096742103953,-0.058622764244034176,0.26150725292385735,-0.20747106028095708,0.3389202157934791
3.981596617756777,-0.05862580283165997,0.25676570515592845,-0.21707736718873782,0.34130367042777604
3.984083561303158,-0.06820547654868125,0.2616004104293963,-0.2314713723086843,0.3559013317852672
3.98657050484954,-0.06820817467204543,0.2616461632271956,-0.2314994710886289,0.35595375393148965
3.989057448395921,-0.06821070638189008,0.26169137129808284,-0.22673847884343523,0.35290992061037674
3.991544391942303,-0.06342467087874537,0.26652444237528883,-0.22197680751279236,0.35260696296741945
3.994031335488684,-0.05863847398511185,0.2713569775357909,-0.22200286898149812,0.35546920221684264
3.9965182790350657,-0.05864052150485194,0.2809773844814667,-0.22202826843881063,0.36288228578747617
3.9990052225814474,-0.058642412582585846,0.29059726425774945,-0.23162982098006957,0.376215465544485
4.001492166127829,-0.07779776294587942,0.3050050245347675,-0.6290913973094341,0.7034461906070525
4.00397910967421,-0.06343413849904739,0.3050470563650918,-0.5764424247171664,0.6552583197014211
4.006466053220592,-0.058647171534075504,0.3098769773476766,-0.5142160169616794,0.603225781875256
4.008952996766973,-0.06822526776190829,0.3147063884637178,-0.40889335903554525,0.5204695737163046
4.0114399403133545,-0.07301481627340378,0.3099584873578083,-0.2939932823607183,0.4334022119853665
4.013926883859736,-0.06343901278154251,0.3147868915800349,-0.19345781166352616,0.3748882771532843
4.016413827406118,-0.04907466626207513,0.31003799210151595,-0.09771014837311043,0.3287539391553643
4.0189007709524995,-0.05865219895354179,0.3148654064393077,0.012403312776958941,0.32052167911409574
4.02138771449888,-0.06822959655262623,0.3196923321719516,0.09857533726453127,0.34143163622032985
4.023874658045262,-0.06823005469852073,0.3293071768221809,0.1320754972628233,0.3613066482200131
4.026361601591644,-0.06823038229329786,0.33413313793498256,0.15121101148456262,0.37304840024901886
4.028848545138025,-0.07780738822066946,0.3293818163587532,0.13682825885366334,0.36505936918594284
4.031335488684407,-0.0825958647444544,0.338995232846782,0.0841388283099267,0.3589138994175281
4.033822432230788,-0.08738421739141844,0.35818498821341427,0.002719518809030319,0.36870026174808596
4.0363093757771695,-0.09217244834974009,0.3534322633339744,-0.09306446731809714,0.3769232283600501
4.038796319323551,-0.09217215646903937,0.3486790789103087,-0.18405952436532402,0.40490827974676397
4.041283262869933,-0.10174855386197018,0.3487138423457079,-0.2750540631731919,0.4556411413871576
4.043770206416315,-0.0921712227401858,0.3487481543854525,-0.35168288124614655,0.5037873146976525
4.046257149962695,-0.08738218182062946,0.33920521243706725,-0.4139459859946548,0.5422611005459422
4.048744093509077,-0.0969582398411733,0.3392386338123963,-0.4522665781339015,0.5736103282202544
4.051231037055459,-0.08259217231847976,0.32969480924319194,-0.4666446649648339,0.5773018079915672
4.05371798060184,-0.07780280455584015,0.31536214604508617,-0.4618686570540014,0.5646496399748991
4.056204924148222,-0.07301333195570747,0.31060585815658026,-0.4283617549523058,0.5341355060939866
4.058691867694603,-0.06822375654317714,0.3010607395764904,-0.3613355624764001,0.4752425050238483
4.061178811240985,-0.05864567700506734,0.2915151975669712,-0.2990973132709893,0.4217577843381403
4.063665754787366,-0.04906749865090937,0.27718083273160543,-0.22728180440286927,0.3617925539176661
4.066152698333748,-0.05385443341297591,0.26284605229656943,-0.15067744616551693,0.3077207175168513
4.068639641880129,-0.058641273283819684,0.25329926346994336,-0.07886105211825445,0.2716953833762389
4.07112658542651,-0.05863961687881114,0.26290568008227577,-0.026197839086284702,0.27063689338301333
4.073613528972892,-0.04906106279555228,0.2485696761021421,-0.011841427160762308,0.25364165895482665
4.076100472519274,-0.049059226215478036,0.23423327196420773,-0.011849806495707327,0.23960895493680043
4.0785874160656554,-0.05863410902108035,0.23905008476448097,-0.021434580472133646,0.2470674867452572
4.081074359612036,-0.06342050311627861,0.23907810169775745,-0.04059575573719343,0.2506561675099957
4.083561303158418,-0.07299521698892658,0.22952892322160734,-0.0741217422041931,0.25200369236563946
4.0860482467048,-0.08256984914838839,0.23434456969695727,-0.11722414309176798,0.2747301531656818
4.088535190251181,-0.07777919144587664,0.2295830282630309,-0.1746913682051776,0.2987892963507811
4.091022133797563,-0.08256526227762417,0.22960951260290896,-0.2465234239754519,0.34685926451703536
4.093509077343944,-0.07777445013961509,0.23921242974036128,-0.3087783001782025,0.39826560270471123
4.095996020890325,-0.08256037007294198,0.2344497667585408,-0.3423023898555755,0.42302935352118737
4.098482964436707,-0.08734621717947572,0.24884035056555565,-0.36624931255851934,0.4513196657301128
4.100969907983089,-0.07776678322347391,0.2775957814881651,-0.38061907450311594,0.47747038688128124
4.1034568515294705,-0.07297568319412867,0.28719723991235746,-0.3949884884925119,0.4937849845758022
4.105943795075851,-0.06818451546185583,0.29200993940831355,-0.3949923506748796,0.4959212537829792
4.108430738622233,-0.06818168502054617,0.31118749684751545,-0.36626545714498526,0.4854243354675252
4.110917682168615,-0.05860198356572244,0.3207878991996065,-0.33753823382715353,0.46933051045706403
4.113404625714996,-0.0538106226977213,0.3303879566573298,-0.28008026674878117,0.43645932323802017
4.115891569261378,-0.0633844106795517,0.33998767275367703,-0.2082567717669388,0.40370791932837075
4.118378512807759,-0.05859292919476661,0.34479864768214696,-0.14600977132643145,0.37899616372445916
4.1208654563541405,-0.058589793113122235,0.3448208849373513,-0.0981276745377766,0.363267459396253
4.123352399900522,-0.07295181064689543,0.3448427913149512,-0.07418729377910083,0.3601975457395762
4.125839343446904,-0.06337175678842788,0.3448643702710035,-0.06461182809455757,0.3565418653827178
4.1283262869932855,-0.0633684563179977,0.3496740285625415,-0.06461287979603725,0.36119566960696003
4.130813230539666,-0.07773031407728431,0.34011815632568343,-0.08855566442416318,0.3599506461871409
4.133300174086048,-0.07293850832884896,0.33535037023961944,-0.1172865742250444,0.36267897279899514
4.13578711763243,-0.07772346048269996,0.3497358836438029,-0.1460172113534295,0.38688131336231474
4.138274061178811,-0.08250836536981104,0.34975587665508545,-0.1651707745916262,0.39549739365761105
4.140761004725192,-0.07771641780467187,0.3401987559333146,-0.17474726931052764,0.39027124319689677
4.143247948271574,-0.06813602254628143,0.33542973475942706,-0.21784233071192993,0.4057226954204224
4.1457348918179555,-0.07770919761851408,0.34023721975417054,-0.24657193085988993,0.4273146407374025
4.148221835364337,-0.07770552450550638,0.3306791975968264,-0.27051288161059084,0.4342396796461861
4.150708778910719,-0.07291340791730522,0.3354860914704818,-0.2896651881279695,0.4491917228060506
4.1531957224571,-0.07290965586808562,0.33071588801514284,-0.3040288555246029,0.4551069780788326
4.155682666003481,-0.06811746307463057,0.33073380041364064,-0.308815485541448,0.45759353100975303
4.158169609549863,-0.0681136375188941,0.3307514285478561,-0.2896598732276843,0.4449031549233844
4.160656553096245,-0.06810977720587358,0.3211919689596354,-0.2561388301830263,0.4164256512304812
4.163143496642626,-0.06331748012460803,0.3164206347726424,-0.22261757127660786,0.3920327849049715
4.165630440189007,-0.06810195752948939,0.3164374291298371,-0.203461311326814,0.38231796764012516
4.168117383735389,-0.06809800073719907,0.32124235515439414,-0.18430484517954326,0.3765664143364367
4.1706043272817706,-0.05851720768927077,0.32125860930906125,-0.15557137095054863,0.3617095645823794
4.173091270828152,-0.06808999955371531,0.31169779135707865,-0.15077971658807066,0.35288281923392756
4.175578214374534,-0.07287436095946098,0.29255990436215606,-0.1507762734667537,0.33709858315656716
4.178065157920915,-0.0776586964417218,0.278210161329111,-0.15077264287215186,0.3258284162537868
4.180552101467296,-0.08723141052020345,0.2686485652819268,-0.15555723268057697,0.32245840545506194
4.183039045013678,-0.08243889109758945,0.2542983125841034,-0.16513004739830528,0.31421606436063887
4.18552598856006,-0.07764634930336523,0.2543130195011223,-0.1747026881617515,0.31815891736498697
4.188012932106441,-0.09200739957200532,0.2591158823566877,-0.19864036933917362,0.33921143612309235
4.190499875652822,-0.08721481647898638,0.24955329081398459,-0.22736628864798014,0.3486813708575625
4.192986819199204,-0.07763381110802459,0.23520205443813502,-0.24172683711594267,0.34609085342024476
4.195473762745586,-0.0728411912074104,0.24479259605560255,-0.26566403560469,0.36851951648986775
4.197960706291967,-0.07762536119006774,0.2591713052697924,-0.265659065083355,0.37917041160420023
4.200447649838348,-0.08240951549299946,0.26397297498448635,-0.2752307529568707,0.3901602582774893
4.20293459338473,-0.07761684853829409,0.259197608044468,-0.22255305353488275,0.350339316706947
4.205421536931111,1.3493316181183668,-1.65136250756917,11.11160300860871,11.314389747926365
4.207908480477493,0.7555738961392016,-1.5603702596765232,6.778103542737147,6.996308662135757
4.210395424023875,0.12350895911519455,-1.34966815037544,2.334470932575611,2.6993727260532254
4.212882367570256,-0.48940235411366223,-1.0527750001430816,-1.960721046501443,2.2786568164890415
4.215369311116637,-1.0496412212943775,-0.6792676128749844,-5.848898619072024,5.981033877142301
4.217856254663019,-1.4949584002375969,-0.25308800244755436,-9.095430026268359,9.22094363490895
4.220343198209401,-1.7966234719817358,0.18266820396162098,-11.575816785542692,11.715833637657468
4.222830141755782,-1.930694420871178,0.5992705891159704,-13.184714027581546,13.338792680556516
4.225317085302163,-1.906748054478227,0.9823539457199448,-13.888602932829336,14.053255809374697
4.227804028848545,-1.7391495836812991,1.3079762598174614,-13.716213924847953,13.887763232531645
4.2302909723949265,-1.4326874127041749,1.5521955174324504,-12.72979625039541,12.90386053564744
4.232777915941308,-1.0160919623577116,1.6910697045692995,-11.044271592705542,11.219095089851171
4.23526485948769,-0.5468240733613253,1.7389640337744963,-8.817657264851096,9.004115287930851
4.237751803034071,-0.07276777977947396,1.7054553142546989,-6.23191259645915,6.461471008106424
4.240238746580452,0.3869233042589706,1.5713899352747482,-3.464208513791206,3.823573799351195
4.242725690126834,0.7891535480373171,1.3607099159624596,-0.6869275397430403,1.7164394083788324
4.245212633673216,1.0908273208525414,1.1021456787461377,1.9275478028347788,2.47387749763611
4.247699577219597,1.2919446218980464,0.8004856294326101,4.221200201098286,4.486471808306792
4.250186520765978,1.363775030458768,0.48446019041092825,6.0695311654878505,6.239694910700691
4.25267346431236,1.301530142434792,0.17322297740907588,7.391137836375199,7.506857227086836
4.2551604078587415,1.133940376981644,-0.1140723938642596,8.166866597337854,8.246001655851398
4.257647351405123,0.8753709433072125,-0.3678491143608569,8.391929041959086,8.445475729915927
4.260134294951505,0.5545522605933912,-0.540223148489734,8.066325167186141,8.103392558840644
4.262621238497886,0.19542634471539128,-0.6455597038435017,7.276246229776742,7.307441274740125
4.265108182044267,-0.1780647884393105,-0.7078007946752758,6.083941469928867,6.12756336918233
4.267595125590649,-0.5276139130088304,-0.6838507887732765,4.5851789511271015,4.665821937918907
4.270082069137031,-0.8053369964779142,-0.6024401037500524,2.8853035435394414,3.0555651351040938
4.2725690126834115,-1.0208108461621868,-0.47314554395652464,1.1423325539007756,1.603385528533217
4.275055956229793,-1.1596702527633067,-0.28160189716141293,-0.5623311641388629,1.3192236587443342
4.277542899776175,-1.188396393688591,-0.0756931943172936,-2.1377079502427163,2.4470003532343267
4.2800298433225565,-1.126142882856555,0.1445805668070803,-3.468876127432769,3.6499593039347293
4.282516786868938,-0.9776981242122345,0.35527737182189423,-4.50316326185252,4.6217523728467995
4.285003730415319,-0.7574273283289084,0.5659740295601008,-5.20705053288501,5.292201622373625
4.287490673961701,-0.4940609157284951,0.7431517189524519,-5.556595926512442,5.627799654959931
4.289977617508082,-0.21154090360038502,0.8676568288712865,-5.55658784859766,5.627898937060457
4.292464561054464,0.07097909419847409,0.958642974732129,-5.226179914923441,5.313848971128714
4.294951504600846,0.3247686571825572,1.001744948689038,-4.618044564473987,4.736591941721379
4.2974384481472265,0.5354625748392384,0.9921743495174602,-3.7848542361929702,3.949208996510787
4.299925391693608,0.6839072333474567,0.9395079859345787,-2.7936465789447205,3.025700839063466
4.30241233523999,0.7653142288588806,0.838957456677484,-1.7210360481941516,2.0619215703300546
4.304899278786372,0.7796835608571961,0.7000995704250856,-0.6196950827648209,1.2174020942906434
4.307386222332753,0.7270152288376683,0.5516647491184123,0.4241850553174107,1.0063886423923925
4.309873165879134,0.6073092323072673,0.3888645914375033,1.343566717345917,1.5248644851524287
4.312360109425516,0.43493078074509167,0.2212759060040015,2.1001426745769898,2.1560906901605086
4.314847052971897,0.22903348696208514,0.06805230806146678,2.660394101624723,2.671101688581347
4.317333996518279,0.013559367100736242,-0.06601779712643197,3.0099557864233475,3.0107102222228215
4.319820940064661,-0.19233796600566233,-0.16656919767426848,3.148827726906328,3.159090888929142
4.322307883611042,-0.3886585127936866,-0.23360189167625545,3.07222151772498,3.105506454241257
4.324794827157423,-0.5370950471268213,-0.26232747392518885,2.7897139635292003,2.8530318595371367
4.327281770703805,-0.6376475694198456,-0.2527459425527778,2.3396122889284072,2.4380854367246343
4.329768714250187,-0.6951044833970855,-0.2096456990297142,1.7793773318505384,1.9217974011492283
4.332255657796568,-0.6759469662095918,-0.13302674152494243,1.1329511070181404,1.3259632822903975
4.334742601342949,-0.6041170348416101,-0.04683108482763032,0.45779445243368677,0.7594249817928107
4.337229544889331,-0.508345109586972,0.06330648281725404,-0.19820860050589673,0.5492805389982317
4.3397164884357124,-0.3694775775259474,0.19738596318529789,-0.8159044402885378,0.9171559051980107
4.342203431982094,-0.20666805229112029,0.32667693811168874,-1.3569858420843932,1.4109713254879857
4.344690375528475,-0.048646954145047716,0.4368141993745125,-1.7927223876696647,1.845813297756523
4.347177319074857,0.114162523222195,0.5469513619756032,-2.0943836587843183,2.1676327604689436
4.349664262621238,0.23866474960727718,0.6379348143361412,-2.266758060375494,2.366878491668819
4.35215120616762,0.329648128020027,0.6953993481794805,-2.305057190714769,2.430131024085207
4.354638149714002,0.39190106148021725,0.7289217718124603,-2.1949158413984247,2.345755516296038
4.357125093260382,0.4110583397362236,0.7385020868832801,-1.9746412405117715,2.147920464013397
4.359612036806764,0.38711996250712266,0.7145634883815646,-1.6585985995044297,1.847000855056002
4.362098980353146,0.3296627361622887,0.6714711878806101,-1.280306743073405,1.4828136875976814
4.3645859238995275,0.2530518704010172,0.6044367836546676,-0.8589192859213242,1.080333936464022
4.367072867445909,0.13334534836948447,0.5230370839210714,-0.4231666493575119,0.6858708232727942
4.36955981099229,0.0040619930671808024,0.42248368691866967,-0.016144464620087007,0.4228115528671604
4.372046754538672,-0.1252213890987673,0.3219302074701549,0.34299365368777046,0.48678958620710866
4.374533698085053,-0.23535118507136354,0.24053026038068825,0.6303056876749249,0.7145139931370531
4.377020641631435,-0.3311157983860486,0.14955342723481957,0.8553684427246573,0.9293325951174403
4.379507585177817,-0.40772682592861786,0.07773012944341717,1.018181917611603,1.099535154033902
4.3819945287241975,-0.4460306546149318,0.029848771798513418,1.109169304501327,1.1958640558533655
4.384481472270579,-0.450815687953645,-0.008455854206485647,1.1091769889503595,1.1973219612086239
4.386968415816961,-0.4172935228039741,-0.022818537173427522,1.0038397598665298,1.0873586498031724
4.3894553593633425,-0.3646177726180628,-0.00845087236193054,0.8362532460323582,0.9123250675347525
4.391942302909724,-0.29757684087843705,0.020281931670116382,0.6207826563386973,0.6887194199312163
4.394429246456105,-0.21138232441875082,0.06337987630869657,0.3478511831058846,0.4119465273378856
4.396916190002487,-0.10124582006400823,0.11605455960269317,0.06534285852717403,0.16729933067860991
4.399403133548868,0.008890655447068074,0.17830598290441424,-0.20280030177556263,0.2701851766734197
4.40189007709525,0.09508508538399124,0.2549225508697446,-0.44221308879174615,0.5192100695317409
4.404377020641631,0.1764910829072009,0.32196224821602826,-0.6576839067628857,0.753230982393162
4.4068639641880125,0.2291666313023446,0.37942507624558397,-0.8156939333391211,0.9283519409537949
4.409350907734394,0.2435349238239353,0.43209943956453234,-0.9114547660638852,1.037674792685302
4.411837851280776,0.2339611703358841,0.47519693612194436,-0.9832736323351181,1.1168603284968612
4.414324794827158,0.21959898403015737,0.49435235720991955,-1.0119969196790013,1.1474954171175884
4.416811738373538,0.17650634822356015,0.5182961239871093,-0.9688942089533441,1.1128977272178266
4.41929868191992,0.11426006948264261,0.5230862210725502,-0.8970611307932046,1.044697674226435
4.421785625466302,0.04243695438141987,0.5039342463504295,-0.7964976859236561,0.9434824764793913
4.424272569012683,-0.02938619049872032,0.4704170076498633,-0.6528386650819584,0.8052043417072912
4.426759512559065,-0.11078617185036027,0.43211131278404524,-0.4900260855412739,0.6626607933325408
4.429246456105446,-0.1826093764370197,0.3938055662300193,-0.32242515790784765,0.5407282041916842
4.4317333996518276,-0.22570219101510874,0.3363461558475356,-0.15961268944163542,0.4353692986571599
4.434220343198209,-0.25442982557628446,0.28367509936341184,-0.015953890696945194,0.3813930056647476
4.436707286744591,-0.2735806834645771,0.24058080120776593,0.10855123775793629,0.3801432407573436
4.439194230290973,-0.278366361376628,0.19748645583419489,0.20911429205983723,0.4002718058116282
4.441681173837353,-0.2544216493617477,0.15918046764191507,0.27615846504998665,0.4078385645833601
4.444168117383735,-0.22090016070475083,0.14002804765537746,0.29531854627402865,0.39448419347670577
4.446655060930117,-0.17301349208238448,0.13045239028231226,0.28095974522366696,0.35480962925075454
4.449142004476498,-0.12512685344619012,0.13045349655593785,0.2570240780552613,0.3142232023851381
4.45162894802288,-0.08202864810070853,0.1448197708147645,0.20914633438635377,0.267289457920284
4.454115891569261,-0.02456526274273807,0.17355121406201057,0.13253811049863806,0.21974946364113557
4.456602835115643,0.01853288273409176,0.20707102064548666,0.022411002696784976,0.20910315247617495
4.459089778662024,0.04726578836402218,0.23580238489821248,-0.08292776280876701,0.2543891375782865
4.461576722208406,0.061633454187302095,0.278898921060438,-0.18347818634755342,0.3394812744602009
4.464063665754788,0.0760010902110097,0.31241861347505484,-0.29360547818782123,0.43541443772667543
4.466550609301168,0.07121508320584541,0.34593826971262986,-0.3845792186928989,0.5221551972146062
4.46903755284755,0.052063836549772535,0.3842462940091238,-0.44203419816556,0.5880051784498985
4.471524496393932,0.01854735030606869,0.4034006706643072,-0.4899124334495575,0.6348939263721586
4.4740114399403135,-0.014969165495525627,0.4129782072059802,-0.5186371181253797,0.6631436766192504
4.476498383486694,-0.053274114101082404,0.436920921108809,-0.5234198490729796,0.6838906059739422
4.478985327033076,-0.09636749543101591,0.4369215866694254,-0.5042606264721154,0.6741408951275879
4.481472270579458,-0.13467250275986076,0.42734541469402654,-0.46594785380260006,0.6464272495206738
4.483959214125839,-0.1729775393179258,0.4177692126547279,-0.4276351444852384,0.6223537265490957
4.486446157672221,-0.1921289917288843,0.3938277714084082,-0.37974569199928965,0.5798453704111903
4.488933101218602,-0.20649206985361496,0.36988630172025383,-0.30312588316400557,0.5209032080498979
4.4914200447649835,-0.2064899669465422,0.3363679977404326,-0.25044815458426406,0.46744605516375387
4.493906988311365,-0.1921226828979134,0.3124264735275717,-0.18819368308043494,0.4122357201846364
4.496393931857747,-0.1777554275542016,0.29327332652554583,-0.125939275337295,0.3653312704229128
4.4988808754041285,-0.16338820079632055,0.2693317508447093,-0.07805014134163102,0.324541400650185
4.501367818950509,-0.12507898589908972,0.2549669571839335,-0.049314684421680965,0.2882444102992952
4.503854762496891,-0.09155820265632308,0.23581373630726477,-0.03015609792710272,0.2547555945353066
4.506341706043273,-0.05803744761529428,0.22623729888777477,-0.015785978510489684,0.23409583048672183
4.508828649589654,-0.02451672063932475,0.2358144522654806,0.008160883833278731,0.23722589553654463
4.511315593136036,-0.005361231548487777,0.24060318052558038,0.008165665922977183,0.24080139406304774
4.513802536682417,0.023371036403688983,0.25018029098291583,-0.025348438804501328,0.2525449003419086
4.5162894802287985,0.03294966344429695,0.2741225909399181,-0.06365101033359011,0.28333783069190194
4.51877642377518,0.04252826300743606,0.2884880644445351,-0.09237683859372581,0.30588804617041704
4.521263367321562,0.04253002860914307,0.30764192209495755,-0.12589113342049174,0.335113313727865
4.5237503108679435,0.018589750448884723,0.32679576119606324,-0.16419389467321288,0.36619760158338605
4.526237254414324,-0.0005621513873887429,0.3363727757203998,-0.1977083155554311,0.39017372835673425
4.528724197960706,-0.024502483372706718,0.3603149828708383,-0.2312227992168907,0.4288254207137641
4.531211141507088,-0.04844284201566007,0.3698919633150233,-0.25516053883181655,0.4519664523441311
4.533698085053469,-0.07717163046208414,0.3698921209511217,-0.29825195412270133,0.4813832878568861
4.53618502859985,-0.10590044521388786,0.3746806663063684,-0.3174014149933768,0.5023386947469622
4.538671972146232,-0.12026407612913925,0.3651039866543644,-0.3413393411386618,0.5140787049539024
4.5411589156926135,-0.13462773298465203,0.3555272924995614,-0.36048892567746726,0.5239050942076723
4.543645859238995,-0.1346262056323202,0.3411621810539365,-0.346119748434333,0.5042962713333112
4.546132802785377,-0.14898991380389104,0.3172202495183454,-0.3269622290646801,0.47930259790107177
4.548619746331758,-0.14420003406417442,0.2932783050435819,-0.322169980570731,0.4589110048956012
4.551106689878139,-0.1250449695376894,0.2741247514492291,-0.31737779270020994,0.4376177408001654
4.553593633424521,-0.1106783333071854,0.25497118590346357,-0.2934320518684945,0.4041811081290538
4.556080576970903,-0.10110012517153893,0.2453944155247294,-0.25512116108077443,0.3681391874164266
4.558567520517284,-0.07715673164583631,0.2406060374599761,-0.2168103299713735,0.3329431568342483
4.561054464063665,-0.05800176580520733,0.2310292455253924,-0.19286476816340326,0.30648904698745344
4.563541407610047,-0.04842363076146905,0.2214524434877707,-0.17849607198777662,0.2885253549653703
4.566028351156429,-0.02926871302258377,0.21666403510368504,-0.16412743444442945,0.27338210696151954
4.56851529470281,-0.005325415695865476,0.22145242411959698,-0.15933566180414438,0.27286881339454006
4.571002238249192,-0.0005357551677539485,0.23581761095166387,-0.15454394704631547,0.28194691741036015
4.573489181795573,-0.014899731221057921,0.24539438604520614,-0.15454069310140817,0.29038462858289704
4.575976125341954,-0.024475327035086425,0.25975955643736137,-0.1305954796481057,0.2917691692049178
4.578463068888336,-0.02926254238880238,0.2789131225149708,-0.12101553284013455,0.3054399867186503
4.580950012434718,-0.03883818369999048,0.30285508465533884,-0.13537765890026243,0.33400107386657074
4.5834369559810995,-0.057990654064401514,0.3076434266247814,-0.1449514374799552,0.34499030875049186
4.58592389952748,-0.07714314661517097,0.32200856870371597,-0.15931367478461134,0.3674526232886118
4.588410843073862,-0.0771420478432795,0.34595051124151643,-0.16888756373012193,0.3926266177380456
4.590897786620244,-0.08671777744131198,0.34595043133625936,-0.1784615071852773,0.3988109620019811
4.593384730166625,-0.10108193185825654,0.35552715256142964,-0.19282390801109095,0.4168910800884386
4.595871673713007,-0.101080897580826,0.36510386859884436,-0.21676316906106052,0.43646815941484385
4.598358617259388,-0.1058682876569646,0.36989217644188077,-0.2263372732595439,0.4463819864095041
4.6008455608057695,-0.11544410185219017,0.36510367307529723,-0.23112302676609175,0.4472648949415234
4.603332504352151,-0.11065472664965315,0.3459499554753265,-0.24069723573348867,0.4357304206881044
4.605819447898533,-0.09150016181271975,0.3411614438519903,-0.25027149634708934,0.43289632969885505
4.608306391444914,-0.08671082702567057,0.3411613318445226,-0.21196177490317503,0.41089854695473
4.610793334991295,-0.08670991540939865,0.3411612164042972,-0.22632454062171625,0.41848821094075717
4.613280278537677,-0.06755541012304622,0.3459495011152547,-0.24068735646692296,0.4268198616768229
4.615767222084059,-0.05318932752814026,0.33158416963151804,-0.22631980199905755,0.4049664416837669
4.61825416563044,-0.048400070704289755,0.31243043216187916,-0.22631750657779826,0.38881223690700706
4.620741109176821,-0.04839923608988239,0.30285349890741387,-0.22631525971404898,0.3811578736350392
4.623228052723203,-0.038821613482156236,0.2932765634600356,-0.2071594475936145,0.3611555026239774
4.6257149962695845,-0.03403241259977047,0.28848802936510776,-0.1975804896008846,0.3513141017170383
4.628201939815966,-0.03882003652037591,0.2836994935199906,-0.19278998187374086,0.3451961398535908
4.630688883362348,-0.04360767836037244,0.27412255281478304,-0.18799952054599167,0.3352441249286823
4.633175826908729,-0.04839533787654038,0.2693340140933742,-0.19278591170855108,0.3347376997428459
4.63566277045511,-0.05318301482548421,0.2836990875129324,-0.20714915480809104,0.355280702627239
4.638149714001492,-0.06275911228401287,0.2741221433799561,-0.21193563600667353,0.3521340220362863
4.640636657547874,-0.07233522668826936,0.2693336017988228,-0.19756854810383828,0.3417693744000899
4.643123601094255,-0.07712295447442269,0.27412186626565127,-0.1879899071384017,0.3412198013857525
4.645610544640636,-0.08191069871935891,0.2789101303090411,-0.17841130922460913,0.34107303999721084
4.648097488187018,-0.08669845917980956,0.28369839409174746,-0.1784095604351812,0.346166683678635
4.6505844317333995,-0.0914862356127269,0.2884866577701648,-0.19756146684058784,0.36142055309319676
4.653071375279781,-0.0914856244550441,0.29327492149444856,-0.21671341458742788,0.3759581135201723
4.655558318826163,-0.08669662546434592,0.2884863787679901,-0.22628859646108346,0.37675884128962445
4.658045262372544,-0.08190764171895626,0.2980630463303364,-0.2454406251672232,0.3947043727173016
4.660532205918925,-0.0723302696570381,0.29806290771201827,-0.2454390802070634,0.39282757916838307
4.663019149465307,-0.0627529123579233,0.27890915639868696,-0.24064917096344374,0.37368471873736187
4.665506093011689,-0.06275237622185292,0.2741206157531213,-0.24064770349794173,0.3701233441721727
4.6679930365580695,-0.053175047727851366,0.27412047924970473,-0.22149266062920425,0.35641074837545367
4.670479980104451,-0.043597733277535466,0.2741203436776627,-0.1975492517378381,0.3406881741814335
4.672966923650833,-0.03880883595298629,0.27412020914117097,-0.18318268620411082,0.33196974460420164
4.675453867197215,-0.034019952196494896,0.26454326909852544,-0.20233498004880346,0.3347834262984599
4.677940810743596,-0.029231081771557088,0.25975473360443946,-0.20233369616776997,0.3305539326287924
4.680427754289977,-0.03401903108324217,0.25975460274765183,-0.19275564062120942,0.3252452691673252
4.682914697836359,-0.038806993256374434,0.2645428766119724,-0.2119080393916608,0.34116555138313015
4.68540164138274,-0.038806564737150606,0.27411955527638865,-0.20711845537639917,0.34575357497664316
4.687888584929122,-0.043594551933819614,0.2789078321745482,-0.18796369463762197,0.33914659707631095
4.690375528475504,-0.04359414797454836,0.2741193040558052,-0.17838577319950488,0.3299444296751363
4.692862472021885,-0.04359375594966225,0.2789075842665727,-0.18317309380620728,0.33651484129790127
4.695349415568266,-0.04838177895075996,0.2789074629066821,-0.18317204260175046,0.337167861146907
4.697836359114648,-0.057958216750452596,0.28848414999354777,-0.18795942565362367,0.34915756526020214
4.70032330266103,-0.057957859161788805,0.3028492422591462,-0.19274683907015167,0.3636318480923965
4.702810246207411,-0.06753431924143105,0.29806072315012244,-0.20232268560224576,0.36651814152846873
4.705297189753792,-0.07232238680532177,0.3028490126325689,-0.21668696468262993,0.37934323870224945
4.707784133300174,-0.06753365831156,0.31242570742652553,-0.22626286910574578,0.3916190797214448
4.710271076846555,-0.06274494018074489,0.31721400092793584,-0.22626199498879807,0.39465952450093567
4.712758020392937,-0.06274463551478054,0.3124254898493857,-0.22147274509226555,0.3880679744738219
4.715244963939319,-0.06274434077660546,0.31242538418113996,-0.21668352217943543,0.3853546700953676
4.7177319074857,-0.057955652430871085,0.322002087269353,-0.20231751905564188,0.38467724181622437
4.720218851032081,-0.05795537690490671,0.32200198585526385,-0.18316313849025967,0.374957117426147
4.722705794578463,-0.06274351398721645,0.3220018865986978,-0.1735855898966019,0.371152152816518
4.725192738124845,-0.053166450186888314,0.32679019283599375,-0.16879646941017157,0.3716325465356874
4.727679681671226,-0.048377798577385056,0.3220016946191584,-0.1735841798107174,0.3689945395441012
4.730166625217607,-0.043589155632530685,0.31242479527848177,-0.18794872056139056,0.36719747923184587
4.732653568763989,-0.04837732778903325,0.3172131081022851,-0.1975248811683361,0.3768031322540789
4.7351405123103705,-0.06274231484497816,0.32200142313392766,-0.20710106442296095,0.38795923169516733
4.737627455856752,-0.05795369667860717,0.3220013370546937,-0.2166772698005488,0.3924188212509006
4.740114399403133,-0.06274189301398198,0.3124244465432682,-0.22146509346037924,0.38806232432208604
4.742601342949515,-0.07710690365539469,0.30284755823676424,-0.2262529382068177,0.3858140875713466
4.745088286495896,-0.07231830848740317,0.30763588209019144,-0.22625240020818183,0.38866427967058237
4.747575230042278,-0.06752972059986467,0.31242420813436045,-0.2214634789578156,0.38886401415504723
4.75006217358866,-0.07231794644421913,0.30763572971816,-0.20230936731328342,0.3752315387595168
4.7525491171350405,-0.08668298583352163,0.3076356567898939,-0.20230888801992464,0.3782625061163508
4.755036060681422,-0.09147122530184876,0.3028471826942458,-0.22625044390629867,0.3889378671354342
4.757523004227804,-0.08668266466682822,0.2884819040942439,-0.23103840460304248,0.37962407424332495
4.7600099477741855,-0.09147091702966825,0.2980586442135351,-0.21667276962892323,0.3796748255432899
4.762496891320567,-0.08668236893143544,0.3028469831099101,-0.20230715178939818,0.374377232116856
4.764983834866948,-0.08189382683745677,0.29805851744101197,-0.18794155061420703,0.3617561404323221
4.76747077841333,-0.09147050053578332,0.3028468604644181,-0.18315277227936022,0.36555165347052754
4.769957721959711,-0.10104717989502832,0.30284680219397675,-0.18794081632598747,0.3704706042388984
4.772444665506093,-0.08668184814564045,0.30284674592332506,-0.2070940856213621,0.37698521803067947
4.774931609052475,-0.07710492504399236,0.29805828830409853,-0.22145896643714202,0.379246603818961
4.7774185525988555,-0.08189321706770408,0.30284663926787525,-0.21188184505104246,0.37857166056082253
4.779905496145237,-0.08189311077506478,0.31721179878409567,-0.21188154427030703,0.39015842382630767
4.782392439691619,-0.08668141264876872,0.3124233468991662,-0.22145806366625465,0.392639387923919
4.7848793832380005,-0.07710450925220896,0.3076348968615612,-0.22624619285554992,0.38957884297748774
4.787366326784382,-0.07710441703417453,0.2980580453171986,-0.2310343347424837,0.38491629393205884
4.789853270330763,-0.08189273252417245,0.28848119555172014,-0.2310340855971713,0.3785558988246604
4.792340213877145,-0.07710424561371054,0.2980579608108411,-0.2406106549775089,0.39073917129343727
4.794827157423526,-0.08189256943910816,0.29805792113639606,-0.24061042920579823,0.39171200635682296
4.797314100969908,-0.08189249389714232,0.3028462864523327,-0.24061021453286813,0.3953675873313525
4.799801044516289,-0.0866808254888079,0.30284625008041033,-0.23582160725533186,0.39349872572052325
4.8022879880626705,-0.072315547475584,0.29805781198245684,-0.23103301031720314,0.38398469962576887
4.804774931609052,-0.06273867632473068,0.30763458540105093,-0.21666761670837964,0.3814708845664963
4.807261875155434,-0.06273861522497381,0.3076345536955438,-0.19751382938659745,0.37092703496343005
4.809748818701816,-0.07231536404739908,0.30763452346710674,-0.1879368579571299,0.36768026121202113
4.812235762248196,-0.0771037127048591,0.30763449467599147,-0.18314829875099115,0.3662338927008372
4.814722705794578,-0.06752685443322393,0.3124228706025267,-0.1783597481062138,0.3660329573818196
4.81720964934096,-0.06273840239294726,0.3172112478862421,-0.18314801232881983,0.3716211475957253
4.819696592887341,-0.05794995314563195,0.3219996264868672,-0.20230149441160705,0.3846658955098988
4.822183536433723,-0.06752671653684444,0.32678800636407335,-0.19751296747167046,0.3877649170168933
4.824670479980104,-0.06752667585236477,0.32678798415722055,-0.1927244477973158,0.38534783160151614
4.827157423526486,-0.06273823430256126,0.32678796314635017,-0.18793593508245188,0.38216014260524206
4.829644367072867,-0.07231500506145111,0.3363647499319282,-0.1879358323484812,0.39203390418983247
4.832131310619249,-0.0771033747432594,0.33636473119270915,-0.18314733266305794,0.39067775499602714
4.834618254165631,-0.07710334324616458,0.34115311684985405,-0.18314724238229552,0.394807911608095
4.837105197712011,-0.07710331379135538,0.3459415035435316,-0.20230077118979573,0.4081005352796705
4.839592141258393,-0.07710328628239893,0.34594148791423596,-0.21666590221391857,0.41540888651788893
4.842079084804775,-0.07710326062554512,0.3459414732434385,-0.2118774252308384,0.4129315427905465
4.8445660283511565,-0.08668004337034185,0.33157624953176557,-0.20230054994580726,0.39797204886852555
4.847052971897538,-0.08189161782680682,0.3172110267021644,-0.20230048607127316,0.3850383866530796
4.849539915443919,-0.06752638722950294,0.3028458047171565,-0.2118772333659109,0.37572244599683363
4.852026858990301,-0.07710317473747463,0.2980573901803889,-0.20708877499401446,0.37103755621805146
4.854513802536682,-0.0818915603483466,0.298057379735162,-0.20230032068950976,0.3694182575644522
4.857000746083064,-0.06752633402328179,0.2836921600644424,-0.19751187023249805,0.35221014515682564
4.859487689629446,-0.07231472224947266,0.2741153444143358,-0.20230023005078834,0.34827291622520723
4.8619746331758265,-0.08189151499323027,0.2645385294300775,-0.2118769966182832,0.3486813953696102
4.864461576722208,-0.08667990554374855,0.25975011839821693,-0.21187695977528342,0.34623023570534384
4.86694852026859,-0.07710308719273584,0.2741153212466809,-0.20708852265028987,0.3520933847863395
4.8694354638149715,-0.07231467315628592,0.2693269113807273,-0.2023000883787205,0.3445166511296961
4.871922407361352,-0.07231466337171727,0.26932690537046167,-0.19751165678253813,0.3417268603138734
4.874409350907734,-0.07231465445850144,0.28369210982588333,-0.19751163101082625,0.35315926550420607
4.876896294454116,-0.06752624303853161,0.28369210479532647,-0.2070884142194025,0.3576683032168327
4.879383238000497,-0.06752623569703997,0.2693268902498649,-0.2118767962895074,0.34926858307752273
4.881870181546879,-0.06752622906069156,0.27411528940364427,-0.21666518039023508,0.35586905441402705
4.88435712509326,-0.06273781975849041,0.2836920922685904,-0.21666516305658767,0.3624376223933119
4.8868440686396415,-0.06273781438268444,0.26932687889660967,-0.21187674415032554,0.34837444762991404
4.889331012186023,-0.06752621288716881,0.25975006918429244,-0.21187673018020625,0.34193805968330565
4.891817955732405,-0.06752620858744995,0.26453846974792494,-0.2022999110597059,0.3398023614360773
4.8943048992787865,-0.07231460808248358,0.264538467282875,-0.2070883032709876,0.34365035801836796
4.896791842825167,-0.06752620137182386,0.2693268684073509,-0.22145350338042213,0.3551596881365919
4.899278786371549,-0.053160988418083255,0.2741152697795912,-0.21187668803848503,0.35050963289199794
4.901765729917931,-0.05794938910782843,0.269326864738499,-0.20229987374527347,0.3417898926024493
4.904252673464312,-0.05794938680622458,0.26932686322551724,-0.20708827036603594,0.3446456766148537
4.906739617010694,-0.04837257816168028,0.2693268619018241,-0.2022998612091662,0.3402970741942105
4.909226560557075,-0.05316097974641815,0.2836920707108006,-0.18793464619017008,0.34442228730209284
4.9117135041034565,-0.057949381572068914,0.2884804730343342,-0.1831462385111724,0.34658571642162306
4.914200447649838,-0.053160976972417784,0.29326887549744374,-0.20229984805928147,0.36021931005014907
4.91668739119622,-0.05794937920492432,0.3028456814058007,-0.2070882482032843,0.3714285662685154
4.919174334742602,-0.05794937828660485,0.3124224874253998,-0.20708824552008664,0.37927757978223
4.921661278288982,-0.0531609741971118,0.31721089022316473,-0.2166650499117324,0.38780482450198084
4.924148221835364,-0.057949376878661696,0.3124224864669509,-0.2070882414021593,0.379277576529191
4.926635165381746,-0.06273777967349464,0.31242248610675727,-0.19272302990263235,0.37240569957821246
4.929122108928127,-0.06273777924568252,0.3267876957731568,-0.1879346253287757,0.38215919516724517
4.931609052474508,-0.06752618222169543,0.33157609885539685,-0.19751143095979096,0.3918076823868896
4.93409599602089,-0.06752618194815224,0.3363645019857513,-0.20708823679764699,0.40073233119449664
4.936582939567272,-0.05794937509331943,0.33157609851605363,-0.2070882361684827,0.3952042215617227
