Time_s,Real,Imaginary,Magnitude
-2.4620741109177,2.747021684264437e-08,2.0006595653721433e-07,2.0194306073379306e-07
-2.459587167371318,2.1945980659498758e-08,2.0593243203593667e-07,2.0709850948604814e-07
-2.457100223824937,1.6100731992112026e-08,2.1176897714331092e-07,2.1238016209384048e-07
-2.454613280278555,9.927670550551471e-09,2.1756457804644042e-07,2.1779096460387414e-07
-2.4521263367321735,3.420193218538938e-09,2.2330773776628718e-07,2.2333392816128276e-07
-2.4496393931857923,-3.4280853498721068e-09,2.2898647139440405e-07,2.2901213035738137e-07
-2.4471524496394106,-1.0623311499988347e-08,2.345883019126739e-07,2.348287166031821e-07
-2.4446655060930294,-1.817137071808307e-08,2.401002566308552e-07,2.4078690152908347e-07
-2.4421785625466477,-2.6077865151844176e-08,2.4550886427738353e-07,2.468899704112107e-07
-2.439691619000266,-3.434809051793472e-08,2.508001527793751e-07,2.5314128062484423e-07
-2.4372046754538848,-4.298701240637988e-08,2.55959647768329e-07,2.595442631254124e-07
-2.434717731907503,-5.1999241992979505e-08,2.6097237184847e-07,2.6610242395750657e-07
-2.4322307883611214,-6.138901117247754e-08,2.658228446651249e-07,2.728193457924011e-07
-2.42974384481474,-7.116014712679137e-08,2.704950838109041e-07,2.796986894945606e-07
-2.4272569012683585,-8.131604634423271e-08,2.7497260660780195e-07,2.8674419571762284e-07
-2.4247699577219772,-9.185964810731722e-08,2.792384328036185e-07,2.939596865303491e-07
-2.4222830141755956,-1.0279340746853858e-07,2.8327508822135226e-07,3.0134906707306717e-07
-2.419796070629214,-1.141192677351382e-07,2.870646094003718e-07,3.089163272450846e-07
-2.4173091270828326,-1.2583863248582753e-07,2.90588549268332e-07,3.1666554342362063e-07
-2.414822183536451,-1.379523371442167e-07,2.938279838828361e-07,3.246008802147706e-07
-2.4123352399900693,-1.5046062013561065e-07,2.967635202818468e-07,3.327265922370297e-07
-2.409848296443688,-1.6336309365577666e-07,2.993753054818054e-07,3.410470259379348e-07
-2.4073613528973064,-1.7665871408226685e-07,3.0164303666224545e-07,3.495666214443548e-07
-2.404874409350925,-1.903457520609021e-07,3.0354597257549667e-07,3.5828991444699445e-07
-2.4023874658045434,-2.0442176230206326e-07,3.0506294621978906e-07,3.6722153811967395e-07
-2.3999005222581618,-2.188835531235388e-07,3.061723788137006e-07,3.7636622507396333e-07
-2.3974135787117805,-2.3372715577878022e-07,3.068522951094294e-07,3.8572880934973283e-07
-2.394926635165399,-2.4894779361158977e-07,3.070803400818649e-07,3.953142284422261e-07
-2.392439691619017,-2.6453985108041466e-07,3.068337970298033e-07,4.051275253662413e-07
-2.389952748072636,-2.8049684269764416e-07,3.060896071249412e-07,4.151738507580262e-07
-2.3874658045262542,-2.968113819315312e-07,3.0482439044348563e-07,4.254584650155028e-07
-2.384978860979873,-3.134751501205862e-07,3.0301446851431223e-07,4.359867404774315e-07
-2.3824919174334913,-3.304788654525687e-07,3.006358884166379e-07,4.467641636421594e-07
-2.3800049738871096,-3.4781225206246286e-07,2.9766444845903545e-07,4.5779633742657223e-07
-2.3775180303407284,-3.654640093061187e-07,2.940757254704562e-07,4.6908898346590697e-07
-2.3750310867943467,-3.834217812685387e-07,2.898451037325857e-07,4.806479444550788e-07
-2.372544143247965,-4.016721265680336e-07,2.8494780558150045e-07,4.924791865321813e-07
-2.370057199701584,-4.202004885198308e-07,2.793589237049889e-07,5.04588801704828e-07
-2.367570256155202,-4.389911657249627e-07,2.730534551603296e-07,5.169830103200258e-07
-2.365083312608821,-4.5802728315254303e-07,2.660063371355397e-07,5.296681635782599e-07
-2.362596369062439,-4.772907637858186e-07,2.58192484475237e-07,5.426507460924989e-07
-2.3601094255160575,-4.967623009046159e-07,2.4958682899025307e-07,5.559373784928101e-07
-2.3576224819696763,-5.164213310790423e-07,2.401643605680511e-07,5.695348200773247e-07
-2.3551355384232946,-5.362460079514506e-07,2.2990017009877015e-07,5.834499715102492e-07
-2.352648594876913,-5.562131768859401e-07,2.187694942293011e-07,5.976898775677018e-07
-2.3501616513305317,-5.762983505666459e-07,2.0674776195538355e-07,6.122617299320582e-07
-2.34767470778415,-5.964756856282962e-07,1.9381064305907114e-07,6.271728700356201e-07
-2.3451877642377688,-6.167179604044482e-07,1.7993409839616195e-07,6.424307919543257e-07
-2.342700820691387,-6.369965538808536e-07,1.6509443203532086e-07,6.580431453523002e-07
-2.3402138771450054,-6.572814259432975e-07,1.4926834524763518e-07,6.740177384780179e-07
-2.337726933598624,-6.775410990111073e-07,1.3243299234221132e-07,6.903625412128698e-07
-2.3352399900522425,-6.977426411493336e-07,1.1456603834014409e-07,7.070856881729421e-07
-2.332753046505861,-7.178516507542902e-07,9.564571847578948e-08,7.241954818648136e-07
-2.3302661029594796,-7.378322429087569e-07,7.565089951077712e-08,7.417003958961843e-07
-2.327779159413098,-7.576470375047249e-07,5.456114284252011e-08,7.596090782422021e-07
-2.3252922158667166,-7.772571492329227e-07,3.235676938519432e-08,7.779303545682843e-07
-2.322805272320335,-7.966221795397462e-07,9.018926197238834e-09,7.966732316103052e-07
-2.3203183287739533,-8.157002106534402e-07,-1.547034517458324e-08,8.158469006130301e-07
-2.317831385227572,-8.344478017824287e-07,-4.112803866873317e-08,8.35460740827637e-07
-2.3153444416811904,-8.528199875897227e-07,-6.797011203851729e-08,8.555243230692295e-07
-2.3128574981348087,-8.707702790481426e-07,-9.601141358064203e-08,8.76047413335222e-07
-2.3103705545884274,-8.882506667818364e-07,-1.2526560731011246e-07,8.970399764855233e-07
-2.3078836110420458,-9.052116270000775e-07,-1.5574509663351484e-07,9.185121799853884e-07
-2.3053966674956645,-9.216021301298178e-07,-1.8746094657766821e-07,9.404743977119276e-07
-2.302909723949283,-9.373696522536269e-07,-2.2042280463519482e-07,9.629372138251436e-07
-2.300422780402901,-9.524601894598152e-07,-2.5463882029388133e-07,9.859114267044918e-07
-2.29793583685652,-9.66818275211367e-07,-2.9011556332164107e-07,1.009408052951885e-06
-2.2954488933101382,-9.803870008400992e-07,-3.268579408841259e-07,1.0334383314621418e-06
-2.2929619497637566,-9.931080392719614e-07,-3.64869113577329e-07,1.058013727561843e-06
-2.2904750062173753,-1.0049216720887211e-06,-4.041504104629345e-07,1.0831459372175798e-06
-2.2879880626709936,-1.0157668200304284e-06,-4.447012431996628e-07,1.108846891314601e-06
-2.2855011191246124,-1.0255810770419883e-06,-4.865190193694128e-07,1.1351287600068903e-06
-2.2830141755782307,-1.034300747965831e-06,-5.295990551025519e-07,1.1620039571396447e-06
-2.280527232031849,-1.0418608899811988e-06,-5.739344871126574e-07,1.1894851447452737e-06
-2.278040288485468,-1.0481953578887446e-06,-6.195161842564773e-07,1.2175852376138678e-06
-2.275553344939086,-1.0532368533372297e-06,-6.663326587409274e-07,1.2463174079392706e-06
-2.2730664013927044,-1.0569169780867878e-06,-7.143699771047191e-07,1.2756950900417796e-06
-2.270579457846323,-1.0591662914007632e-06,-7.636116711081792e-07,1.3057319851685766e-06
-2.2680925142999415,-1.059914371655378e-06,-8.140386486707311e-07,1.3364420663729816e-06
-2.2656055707535603,-1.0590898822534398e-06,-8.656291050014515e-07,1.3678395834735954e-06
-2.2631186272071786,-1.05662064192507e-06,-9.183584340741986e-07,1.399939068094523e-06
-2.260631683660797,-1.052433699494738e-06,-9.7219914060466e-07,1.4327553387876871e-06
-2.2581447401144157,-1.0464554131901818e-06,-1.0271207526928744e-06,1.4663035062385313e-06
-2.255657796568034,-1.0386115345645494e-06,-1.0830897353003657e-06,1.500598978556078e-06
-2.2531708530216523,-1.0288272970986897e-06,-1.1400694047374405e-06,1.5356574666486591e-06
-2.250683909475271,-1.0170275095457659e-06,-1.1980198443417331e-06,1.5714949896863985e-06
-2.2481969659288894,-1.0031366540753725e-06,-1.2568978215351048e-06,1.6081278806516682e-06
-2.245710022382508,-9.870789892689372e-07,-1.316656706451766e-06,1.6455727919787072e-06
-2.2432230788361265,-9.687786580125312e-07,-1.3772463923362406e-06,1.6838467012836266e-06
-2.240736135289745,-9.481598003272282e-07,-1.438613217915365e-06,1.7229669171859833e-06
-2.2382491917433636,-9.251466711709672e-07,-1.5006998919540395e-06,1.7629510852231799e-06
-2.235762248196982,-8.996637632390279e-07,-1.5634454202100751e-06,1.8038171938589753e-06
-2.2332753046506,-8.716359347835123e-07,-1.6267850350084482e-06,1.8455835805872802e-06
-2.230788361104219,-8.409885424648479e-07,-1.6906501276606914e-06,1.888268938132559e-06
-2.2283014175578373,-8.076475792407471e-07,-1.7549681839600492e-06,1.931892320748098e-06
-2.225814474011456,-7.715398172901308e-07,-1.8196627229879307e-06,1.9764731506134707e-06
-2.2233275304650744,-7.325929559612755e-07,-1.8846532394717313e-06,2.0220312243324457e-06
-2.2208405869186927,-6.907357747249159e-07,-1.9498551499386315e-06,2.068586719532694e-06
-2.2183536433723114,-6.458982911040619e-07,-2.0151797429142054e-06,2.1161602015686125e-06
-2.2158666998259298,-5.980119235430421e-07,-2.0805341334186815e-06,2.1647726303286154e-06
-2.213379756279548,-5.470096591688171e-07,-2.1458212220173692e-06,2.214445367148194e-06
-2.210892812733167,-4.928262263876776e-07,-2.210939658685457e-06,2.265200181830225e-06
-2.208405869186785,-4.353982722502249e-07,-2.275783811750337e-06,2.317059259773771e-06
-2.205918925640404,-3.746645445070257e-07,-2.3402437421777237e-06,2.3700452092128227e-06
-2.2034319820940222,-3.1056607826660846e-07,-2.4042051834704053e-06,2.424181068566428e-06
-2.2009450385476406,-2.430463871562162e-07,-2.4675495274506036e-06,2.4794903139015057e-06
-2.1984580950012593,-1.7205165887434332e-07,-2.5301538161990634e-06,2.535996866509913e-06
-2.1959711514548776,-9.753095501240404e-08,-2.5918907404252957e-06,2.5937251006010675e-06
-2.193484207908496,-1.9436415010894908e-08,-2.6526286445447696e-06,2.652699851111674e-06
-2.1909972643621147,6.227653589680255e-08,-2.7122315387394355e-06,2.7129464216339017e-06
-2.188510320815733,1.4764897491283207e-07,-2.7705591182786035e-06,2.774490592463691e-06
-2.186023377269352,2.3671826624722838e-07,-2.827466790376657e-06,2.8373586287704213e-06
-2.18353643372297,3.295178422199164e-07,-2.8828057088639487e-06,2.9015772888895867e-06
-2.1810494901765884,4.2607698109086643e-07,-2.9364228169460457e-06,2.967173832739979e-06
-2.178562546630207,5.264205818304769e-07,-2.9881608983249234e-06,3.0341760303668523e-06
-2.1760756030838255,6.305689360559443e-07,-3.037858636953838e-06,3.102612170612652e-06
-2.173588659537444,7.385374973733493e-07,-3.0853506856948905e-06,3.1725110699167653e-06
-2.1711017159910626,8.503366483793002e-07,-3.1304677441454337e-06,3.2439020812459705e-06
-2.168614772444681,9.659714655901241e-07,-3.1730366458956075e-06,3.3168151031570607e-06
-2.1661278288982997,1.0854414825808144e-06,-3.212880455475204e-06,3.391280588993159e-06
-2.163640885351918,1.208740451631102e-06,-3.249818575243375e-06,3.467329556215595e-06
-2.1611539418055363,1.3358561041897635e-06,-3.2836668624688957e-06,3.544993595872548e-06
-2.158666998259155,1.4667699104836463e-06,-3.3142377568431435e-06,3.624304882206363e-06
-2.1561800547127734,1.6014568386123919e-06,-3.3413404186609614e-06,3.7052961824010513e-06
-2.1536931111663917,1.7398851134848308e-06,-3.364780877897367e-06,3.7880008664716406e-06
-2.1512061676200105,1.882015975967679e-06,-3.3843621944000126e-06,3.872452917296948e-06
-2.148719224073629,2.0278034426321473e-06,-3.399884629408795e-06,3.958686940797538e-06
-2.1462322805272476,2.1771940664989142e-06,-3.411145828604527e-06,4.046738176260498e-06
-2.143745336980866,2.3301266991965734e-06,-3.4179410168784033e-06,4.136642506812559e-06
-2.141258393434484,2.4865322549638114e-06,-3.420063205003589e-06,4.2284364700436065e-06
-2.138771449888103,2.646333476939211e-06,-3.4173034083783577e-06,4.322157268781819e-06
-2.1362845063417213,2.8094447061983212e-06,-3.4094508779982357e-06,4.417842782022546e-06
-2.1337975627953396,2.975771654010949e-06,-3.3962933438014207e-06,4.515531576012385e-06
-2.1313106192489584,3.1452111778061867e-06,-3.3776172705182463e-06,4.615262915490309e-06
-2.1288236757025767,3.3176510613465413e-06,-3.3532081261407747e-06,4.71707677508755e-06
-2.1263367321561955,3.4929697996262454e-06,-3.3228506631133443e-06,4.8210138508879854e-06
-2.1238497886098138,3.6710363890220667e-06,-3.2863292123289404e-06,4.927115572150782e-06
-2.121362845063432,3.8517101232381165e-06,-3.2434279899994967e-06,5.0354241131971366e-06
-2.118875901517051,4.034840395598512e-06,-3.193931417450522e-06,5.14598240546264e-06
-2.116388957970669,4.220266508255173e-06,-3.137624453871863e-06,5.2588341497175034e-06
-2.1139020144242875,4.4078174888881635e-06,-3.0742929420379953e-06,5.37402382845601e-06
-2.1114150708779063,4.597311915488951e-06,-3.003723966990387e-06,5.491596718457133e-06
-2.1089281273315246,4.788557749827429e-06,-2.925706227654364e-06,5.611598903518307e-06
-2.1064411837851433,4.981352180213677e-06,-2.8400304213411316e-06,5.734077287363908e-06
-2.1039542402387617,5.175481474175624e-06,-2.7464896410635845e-06,5.859079606730453e-06
-2.10146729669238,5.370720841682975e-06,-2.6448797855713e-06,5.986654444630287e-06
-2.0989803531459987,5.566834309556368e-06,-2.534999981986279e-06,6.116851243795648e-06
-2.096493409599617,5.763574607708465e-06,-2.4166530208966914e-06,6.249720320304813e-06
-2.0940064660532354,5.960683067871348e-06,-2.289645803740544e-06,6.38531287739253e-06
-2.091519522506854,6.157889535470358e-06,-2.1537898022849856e-06,6.523681019446163e-06
-2.0890325789604725,6.354912295310872e-06,-2.008901529980464e-06,6.6648777661898e-06
-2.086545635414091,6.55145801174864e-06,-1.8548030249415775e-06,6.808957067057912e-06
-2.0840586918677095,6.747221684018854e-06,-1.6913223442783117e-06,6.9559738157607605e-06
-2.081571748321328,6.941886617401496e-06,-1.5182940694723925e-06,7.10598386504311e-06
-2.0790848047749466,7.1351244109031285e-06,-1.33555982246453e-06,7.259044041638485e-06
-2.076597861228565,7.32659496213575e-06,-1.1429687920881134e-06,7.415212161420624e-06
-2.0741109176821833,7.515946490073519e-06,-9.403782704546428e-07,7.574547044754012e-06
-2.071623974135802,7.702815576367726e-06,-7.276541988638182e-07,7.737108532045897e-06
-2.0691370305894203,7.886827225896542e-06,-5.046717227818734e-07,7.902957499500968e-06
-2.066650087043039,8.067594947224477e-06,-2.713157553973054e-07,8.07215587508125e-06
-2.0641631434966574,8.24472085364055e-06,-2.748154923158548e-08,8.24476665467274e-06
-2.0616761999502757,8.417795785439168e-06,2.2692472475071006e-07,8.420853918461038e-06
-2.0591892564038945,8.58639945409999e-06,4.919853911213441e-07,8.600482847517656e-06
-2.056702312857513,8.750100609015054e-06,7.677706776804611e-07,8.78371974059917e-06
-2.054215369311131,8.908457227401226e-06,1.0543381175183978e-06,8.97063203116087e-06
-2.05172842576475,9.061016728025405e-06,1.3517319461387008e-06,9.161288304587304e-06
-2.049241482218368,9.207316209356534e-06,1.659982494367883e-06,9.35575831564109e-06
-2.046754538671987,9.346882712745292e-06,1.9791055778139343e-06,9.554113006132542e-06
-2.0442675951256053,9.479233511216016e-06,2.30910188366846e-06,9.756424522811723e-06
-2.0417806515792236,9.603876424438629e-06,2.6499563556836896e-06,9.962766235484825e-06
-2.0392937080328424,9.720310160429914e-06,3.0016375781902613e-06,1.0173212755357125e-05
-2.0368067644864607,9.828024684512833e-06,3.3640971600568685e-06,1.0387839953604226e-05
-2.034319820940079,9.926501616041138e-06,3.737269119527567e-06,1.0606724980173743e-05
-2.031832877393698,1.0015214653372742e-05,4.121069270907209e-06,1.0829946282819124e-05
-2.029345933847316,1.0093630027550632e-05,4.515394614100506e-06,1.1057583626367906e-05
-2.026858990300935,1.0161206985122802e-05,4.920122728044131e-06,1.1289718112226047e-05
-2.024372046754553,1.0217398300504485e-05,5.33511116910593e-06,1.1526432198120579e-05
-2.0218851032081715,1.026165081825602e-05,5.760196875557171e-06,1.1767809718082334e-05
-2.0193981596617903,1.0293406025616989e-05,6.19519557925923e-06,1.201393590267075e-05
-2.0169112161154086,1.0312100655604219e-05,6.639901225736875e-06,1.2264897399442649e-05
-2.014424272569027,1.0317167320945923e-05,7.094085403842857e-06,1.2520782293667229e-05
-2.0119373290226457,1.030803517908634e-05,7.5574967862496935e-06,1.2781680129288795e-05
-2.009450385476264,1.0284130628456777e-05,8.029860582035311e-06,1.304768193013944e-05
-2.0069634419298827,1.0244878036168121e-05,8.510878002658384e-06,1.3318880221403537e-05
-2.004476498383501,1.0189700497237505e-05,9.00022574264812e-06,1.3595369051336126e-05
-2.0019895548371194,1.0118020625417195e-05,9.497555476360264e-06,1.3877244013236513e-05
-1.999502611290738,1.0029261375647497e-05,1.0002493372180528e-05,1.4164602267680165e-05
-1.9970156677443565,9.922846898108855e-06,1.051463962557711e-05,1.4457542565009619e-05
-1.994528724197975,9.798203423797162e-06,1.1033568012432864e-05,1.4756165268086833e-05
-1.9920417806515935,9.6547601814961e-06,1.15588254641085e-05,1.506057237530917e-05
-1.9895548371052119,9.491950345966536e-06,1.2089931665709362e-05,1.5370867543890167e-05
-1.9870678935588304,9.309212017119476e-06,1.2626378679049168e-05,1.5687156113407846e-05
-1.984580950012449,9.105989229881195e-06,1.3167630591821688e-05,1.60095451296216e-05
-1.9820940064660675,8.88173299440209e-06,1.3713123194508887e-05,1.6338143368560223e-05
-1.9796070629196858,8.63590236620096e-06,1.4262263686567715e-05,1.6673061360882214e-05
-1.9771201193733043,8.367965545775518e-06,1.4814430413452327e-05,1.7014411416511224e-05
-1.9746331758269229,8.07740100714638e-06,1.5368972636037756e-05,1.7362307649547243e-05
-1.9721462322805414,7.763698654738392e-06,1.5925210334022068e-05,1.7716866003456423e-05
-1.9696592887341597,7.426361007937231e-06,1.6482434044888985e-05,1.8078204276540465e-05
-1.9671723451877783,7.064904412592363e-06,1.7039904740019523e-05,1.844644214768818e-05
-1.9646854016413968,6.678860278668203e-06,1.7596853739542297e-05,1.882170120241036e-05
-1.9621984580950154,6.267776343177073e-06,1.8152482667512456e-05,1.9204104959159912e-05
-1.9597115145486337,5.831217957455489e-06,1.8705963449007604e-05,1.959377889593939e-05
-1.9572245710022522,5.3687693977745845e-06,1.9256438350722115e-05,1.999085047719687e-05
-1.9547376274558708,4.880035198200361e-06,1.980302006663623e-05,2.03954491810127e-05
-1.9522506839094893,4.36464150454853e-06,2.0344791850323248e-05,2.0807706526578246e-05
-1.9497637403631076,3.822237448200348e-06,2.0880807695446912e-05,2.1227756101968482e-05
-1.9472767968167262,3.252496538473027e-06,2.1410092565984185e-05,2.1655733592210404e-05
-1.9447898532703447,2.6551180721596455e-06,2.19316426776893e-05,2.2091776807648394e-05
-1.9423029097239632,2.029828558778166e-06,2.244442583229319e-05,2.2536025712608277e-05
-1.9398159661775816,1.3763831599903629e-06,2.294738180590764e-05,2.29886224543622e-05
-1.9373290226312,6.945671415732378e-07,2.3439422793073697e-05,2.3449711392394918e-05
-1.9348420790848186,-1.5802663751500503e-08,2.391943390786416e-05,2.3919439127974207e-05
-1.9323551355384372,-7.548763844047503e-07,2.438627374341274e-05,2.4397954534025874e-05
-1.9298681919920555,-1.5227696308053149e-06,2.4838774991206065e-05,2.488540878531568e-05
-1.927381248445674,-2.3195620109259847e-06,2.527574512143112e-05,2.5381955388938816e-05
-1.9248943048992926,-3.1452956425594393e-06,2.5695967125627392e-05,2.588775021511964e-05
-1.9224073613529111,-3.999973664380984e-06,2.6098200322841472e-05,2.640295152832168e-05
-1.9199204178065294,-4.883558747975482e-06,2.6481181230431682e-05,2.692772001867026e-05
-1.917433474260148,-5.7959716130706e-06,2.6843624500612678e-05,2.746221883368883e-05
-1.9149465307137665,-6.737089548294985e-06,2.7184223923770726e-05,2.8006613610350223e-05
-1.912459587167385,-7.706744939858243e-06,2.750165349951657e-05,2.8561072507444506e-05
-1.9099726436210034,-8.7047238106217e-06,2.779456857637502e-05,2.912576623826433e-05
-1.907485700074622,-9.730764372102399e-06,2.8061607060940173e-05,2.9700868103609105e-05
-1.9049987565282405,-1.0784555592028546e-05,2.8301390697248885e-05,3.0286554025109556e-05
-1.902511812981859,-1.1865735780129126e-05,2.851252641704777e-05,3.088300257887312e-05
-1.9000248694354773,-1.2973891194918216e-05,2.869360776154496e-05,3.149039502945255e-05
-1.8975379258890959,-1.4108554674291972e-05,2.8843216375152135e-05,3.210891536413726e-05
-1.8950509823427144,-1.5269204292829926e-05,2.895992357163233e-05,3.273875032756995e-05
-1.892564038796333,-1.645526204875174e-05,2.9042291972973574e-05,3.338008945668862e-05
-1.8900770952499513,-1.7666092583541372e-05,2.908887722121158e-05,3.403312511599511e-05
-1.8875901517035698,-1.890100193731132e-05,2.9098229763322946e-05,3.4698052533152055e-05
-1.8851032081571883,-2.0159236343031817e-05,2.9068896709203842e-05,3.537506983490742e-05
-1.8826162646108069,-2.143998106280838e-05,2.8999423762640197e-05,3.606437808334926e-05
-1.8801293210644252,-2.2742359269434406e-05,2.8888357225063652e-05,3.676618131249038e-05
-1.8776423775180437,-2.406543097649902e-05,2.8734246071768735e-05,3.748068656518441e-05
-1.8751554339716623,-2.5408192020368273e-05,2.853564410014807e-05,3.8208103930373474e-05
-1.8726684904252808,-2.67695730974018e-05,2.82911121493782e-05,3.894864658066867e-05
-1.8701815468788991,-2.8148438859799974e-05,2.7999220390861333e-05,3.97025308102635e-05
-1.8676946033325177,-2.954358707351033e-05,2.7658550688598697e-05,4.046997607318134e-05
-1.8652076597861362,-3.0953747841652624e-05,2.7267699028533776e-05,4.125120502185744e-05
-1.8627207162397548,-3.237758289693829e-05,2.6825278015773402e-05,4.2046443546055675e-05
-1.860233772693373,-3.381368496658855e-05,2.63299194384461e-05,4.285592081212068e-05
-1.8577468291469916,-3.526057721326235e-05,2.5780276896822197e-05,4.367986930256615e-05
-1.8552598856006102,-3.671671275551955e-05,2.5175028496167037e-05,4.4518524855998476e-05
-1.8527729420542287,-3.818047427134892e-05,2.4512879601655366e-05,4.537212670737827e-05
-1.850285998507847,-3.965017368828614e-05,2.3792565653521326e-05,4.624091752861724e-05
-1.8477990549614656,-4.1124051963647464e-05,2.3012855040463927e-05,4.712514346951299e-05
-1.845312111415084,-4.2600278958387096e-05,2.2172552029174194e-05,4.802505419902028e-05
-1.8428251678687027,-4.4076953408073724e-05,2.1270499747689735e-05,4.894090294686001e-05
-1.840338224322321,-4.5552102994454166e-05,2.030558322012578e-05,4.987294654546504e-05
-1.8378512807759395,-4.702368452104783e-05,1.9276732450164146e-05,5.082144547226342e-05
-1.835364337229558,-4.8489584196174796e-05,1.818292555052619e-05,5.1786663892298593e-05
-1.8328773936831766,-4.994761802678293e-05,1.7023191915482796e-05,5.2768869701186224e-05
-1.830390450136795,-5.139553232638899e-05,1.5796615433295586e-05,5.376833456840864e-05
-1.8279035065904135,-5.2831004340392964e-05,1.4502337735311268e-05,5.47853339809447e-05
-1.825416563044032,-5.4251642991964346e-05,1.3139561478268225e-05,5.582014728723621e-05
-1.8229296194976505,-5.5654989751629646e-05,1.1707553656203266e-05,5.687305774149021e-05
-1.8204426759512689,-5.703851963361386e-05,1.020564893817806e-05,5.79443525483156e-05
-1.8179557324048874,-5.839964232190694e-05,8.633253027880109e-06,5.9034322907695534e-05
-1.815468788858506,-5.973570342893357e-05,6.989846040980248e-06,6.014326406029284e-05
-1.8129818453121245,-6.104398588960829e-05,5.274985895967884e-06,6.127147533308919e-05
-1.8104949017657428,-6.232171149345274e-05,3.48831171400926e-06,6.241926018535669e-05
-1.8080079582193613,-6.356604255733654e-05,1.629547223220593e-06,6.358692625496083e-05
-1.8055210146729799,-6.477408374128631e-05,-3.0149583742780805e-07,6.477478540499504e-05
-1.8030340711265984,-6.594288400967416e-05,-2.304914319513559e-06,6.598315377074392e-05
-1.8005471275802167,-6.706943873996507e-05,-4.380710276973781e-06,6.7212351806976e-05
-1.7980601840338353,-6.815069198105482e-05,-6.528787593581243e-06,6.846270433556295e-05
-1.7955732404874538,-6.918353886308217e-05,-8.748948631503506e-06,6.973454059342679e-05
-1.7930862969410724,-7.016482816043295e-05,-1.104089090650896e-05,7.102819428081017e-05
-1.7905993533946907,-7.109136500949286e-05,-1.3404203795532454e-05,7.234400360987158e-05
-1.7881124098483092,-7.195991378252387e-05,-1.5838365282467038e-05,7.368231135360187e-05
-1.7856254663019278,-7.276720111885928e-05,-1.8342738748173994e-05,7.504346489506117e-05
-1.7831385227555463,-7.350991911441885e-05,-2.0916569810861446e-05,7.642781627693574e-05
-1.7806515792091646,-7.418472867034629e-05,-2.3558983223090222e-05,7.783572225141067e-05
-1.7781646356627832,-7.4788263001364e-05,-2.6268979831811373e-05,7.926754433035821e-05
-1.7756776921164017,-7.531713130422541e-05,-2.904543360795432e-05,8.072364883584e-05
-1.7731907485700202,-7.576792258642053e-05,-3.188708875219802e-05,8.22044069509194e-05
-1.7707038050236386,-7.613720965506297e-05,-3.479255688367373e-05,8.371019477078455e-05
-1.768216861477257,-7.64215532656464e-05,-3.7760314318442284e-05,8.524139335417733e-05
-1.7657299179308756,-7.661750643011207e-05,-4.07886994446974e-05,8.679838877512717e-05
-1.7632429743844942,-7.672161888342157e-05,-4.387591020172076e-05,8.838157217498708e-05
-1.7607560308381125,-7.673044170756414e-05,-4.702000166971098e-05,8.999133981477063e-05
-1.758269087291731,-7.664053211166278e-05,-5.021888377766905e-05,9.162809312778394e-05
-1.7557821437453496,-7.644845836657313e-05,-5.347031913659838e-05,9.329223877255464e-05
-1.7532952001989681,-7.615080489208506e-05,-5.677192100532468e-05,9.498418868605044e-05
-1.7508082566525864,-7.57441774945562e-05,-6.012115139629298e-05,9.670436013718727e-05
-1.748321313106205,-7.52252087525067e-05,-6.351531932874386e-05,9.845317578062432e-05
-1.7458343695598235,-7.459056354741795e-05,-6.695157923667698e-05,0.00010023106371083981
-1.743347426013442,-7.383694473666196e-05,-7.042692953905594e-05,0.00010203845751648749
-1.7408604824670604,-7.296109896519248e-05,-7.39382113796907e-05,0.00010387579633502904
-1.738373538920679,-7.195982261230273e-05,-7.748210754424687e-05,0.00010574352490763826
-1.7358865953742975,-7.082996786944747e-05,-8.105514156180925e-05,0.00010764209363437658
-1.733399651827916,-6.956844894479838e-05,-8.465367699839525e-05,0.00010957195862963139
-1.7309127082815343,-6.817224838987656e-05,-8.827391694978857e-05,0.00011153358177781791
-1.7284257647351529,-6.663842354327636e-05,-9.19119037410004e-05,0.00011352743078933836
-1.7259388211887714,-6.496411308616525e-05,-9.55635188396047e-05,0.00011555397925679387
-1.72345187764239,-6.314654370390198e-05,-9.922448299012592e-05,0.00011761370671144835
-1.7209649340960083,-6.118303684778063e-05,-0.00010289035657655681,0.00011970709867993582
-1.7184779905496268,-5.907101559057339e-05,-0.00010655654021998601,0.0001218346467412093
-1.7159910470032453,-5.68080115691918e-05,-0.00011021827561820275,0.00012399684858372626
-1.7135041034568639,-5.439167200745621e-05,-0.00011387064663400943,0.0001261942080628669
-1.7110171599104822,-5.1819766811610336e-05,-0.00011750858063883057,0.00012842723525857832
-1.7085302163641007,-4.909019573088438e-05,-0.00012112685011804807,0.00013069644653324213
-1.7060432728177193,-4.6200995575060975e-05,-0.00012472007454431824,0.0001330023645897587
-1.7035563292713378,-4.3150347480657724e-05,-0.00012828272252494,0.00013534551852984367
-1.7010693857249561,-3.993658421700748e-05,-0.0001318091142291381,0.00013772644391253302
-1.6985824421785747,-3.65581975231695e-05,-0.00013529342410090495,0.00014014568281288728
-1.6960954986321932,-3.301384546628611e-05,-0.00013872968386281675,0.0001426037838808946
-1.6936085550858118,-2.930235981164549e-05,-0.0001421117858159847,0.00014510130240056237
-1.69112161153943,-2.5422753394413087e-05,-0.00014543348644103908,0.00014763880034919356
-1.6886346679930486,-2.1374227482644855e-05,-0.00014868841030476904,0.0001502168464568445
-1.6861477244466672,-1.715617912089764e-05,-0.0001518700542767342,0.00015283601626595256
-1.6836607809002857,-1.2768208443429515e-05,-0.00015497179205986383,0.000155496892191132
-1.681173837353904,-8.210125945690718e-06,-0.00015798687903872396,0.00015820006357912913
-1.6786868938075226,-3.4819597024917496e-06,-0.00016090845744879835,0.00016094612676893324
-1.676199950261141,1.416037479040704e-06,-0.00016372956186976086,0.00016373568515203366
-1.6737130067147596,6.483380983887566e-06,-0.00016644312504534905,0.00016656934923281634
-1.671226063168378,1.171934740340116e-05,-0.00016904198403206222,0.00016944773668909713
-1.6687391196219965,1.7122967652094052e-05,-0.00017151888667849151,0.0001723714724327778
-1.666252176075615,2.2693020199937464e-05,-0.00017386649843668353,0.00017534118867062597
-1.6637652325292336,2.8428024433339086e-05,-0.00017607740950649134,0.00017835752496516422
-1.661278288982852,3.4326234158239195e-05,-0.0001781441423134246,0.00018142112829566445
-1.6587913454364704,4.038563125896284e-05,-0.00018005915932004486,0.00018453265311924125
-1.656304401890089,4.660391952666079e-05,-0.00018181487117046826,0.00018769276143203138
-1.6538174583437075,5.297851867137294e-05,-0.00018340364516705415,0.00019090212283045914
-1.6513305147973258,5.95065585318997e-05,-0.0001848178140778416,0.00019416141457257165
-1.6488435712509444,6.618487349785237e-05,-0.00018604968527278094,0.000197471321639441
-1.646356627704563,7.300999715835582e-05,-0.00018709155018627638,0.00020083253679662342
-1.6438696841581815,7.997815719203654e-05,-0.00018793569410300293,0.00020424576065566598
-1.6413827406117998,8.708527051300593e-05,-0.00018857440626341183,0.00020771170173565503
-1.6388957970654183,9.432693868765246e-05,-0.00018899999028475895,0.00021123107652479343
-1.6364088535190369,0.0001016984436371119,-0.00018920477489292102,0.00021480460954200153
-1.6339219099726554,0.00010919474364033494,-0.0001891811249596647,0.00021843303339852865
-1.6314349664262737,0.00011681046965272153,-0.00018892145283943301,0.00022211708885957308
-1.6289480228798923,0.0001245399219552415,-0.0001884182299991088,0.00022585752490588996
-1.6264610793335108,0.00013237706714901626,-0.0001876639989335855,0.00022965509879538913
-1.6239741357871293,0.00014031553551023372,-0.0001866513853593588,0.00023351057612470472
-1.6214871922407477,0.00014834861872025406,-0.00018537311067770405,0.00023742473089073015
-1.6190002486943662,0.0001564692679856554,-0.00018382200469837392,0.00024139834555210988
-1.6165133051479847,0.00016467009256285558,-0.00018199101861409906,0.0002454322110906732
-1.6140263616016033,0.00017294335870183654,-0.00017987323821551482,0.00024952712707280436
-1.6115394180552216,0.00018128098902331542,-0.00017746189733548585,0.0002536839017107351
-1.6090524745088401,0.00018967456234352396,-0.00017475039151114408,0.0002579033519237497
-1.6065655309624587,0.0001981153139605685,-0.0001717322918512776,0.0002621863033992947
-1.6040785874160772,0.00020659413641607692,-0.00016840135909605,0.00026653359065397625
-1.6015916438696955,0.00021510158074558713,-0.000164751557855377,0.00027094605709444077
-1.599104700323314,0.00022362785823084883,-0.0001607770710115838,0.0002754245550781202
-1.5966177567769326,0.00023216284266686207,-0.0001564723142713583,0.0002799699459738364
-1.5941308132305512,0.00024069607315617327,-0.00015183195085128346,0.00028458310022225225
-1.5916438696841695,0.00024921675744251325,-0.0001468509062806433,0.00028926489739615274
-1.589156926137788,0.00025771377579550907,-0.00014152438330449125,0.0002940162262605492
-1.5866699825914066,0.00026617568545773946,-0.00013584787686933772,0.00029883798483259155
-1.584183039045025,0.00027459072566494584,-0.0001298171891731809,0.00030373108044127946
-1.5816960954986434,0.00028294682324971683,-0.0001234284447609475,0.00030869642978695555
-1.579209151952262,0.0002912315988384372,-0.00011667810564581601,0.0003137349590005688
-1.5767222084058805,0.0002994323736507605,-0.0001095629864362363,0.00031884760370270234
-1.574235264859499,0.00030753617691024195,-0.000102080269447904,0.00032403530906233705
-1.5717483213131174,0.0003155297538742102,-9.422751977931389e-05,0.000329299029855359
-1.569261377766736,0.00032339957449026166,-8.600270032896537e-05,0.00033463973052277597
-1.5667744342203545,0.00033113184268613466,-7.740418673171636e-05,0.00034005838522864484
-1.564287490673973,0.00033871250629899277,-6.843078219124703e-05,0.00034555597791769007
-1.5618005471275913,0.0003461272676494265,-5.908173218506419e-05,0.00035113350237259524
-1.5593136035812099,0.0003533615947647447,-4.935673901793267e-05,0.00035679196227096817
-1.5568266600348284,0.0003604007332552939,-3.925597619921209e-05,0.0003625323712419439
-1.554339716488447,0.00036722971884678966,-2.8780102619004266e-05,0.0003683557529224331
-1.5518527729420653,0.0003738333905707459,-1.7930276497677648e-05,0.0003742631410129817
-1.5493658293956838,0.00038019640461427136,-6.7081690828040704e-06,0.00038025557933324557
-1.5468788858493023,0.00038630324882955836,4.884021932738552e-06,0.0003863341218770498
-1.5443919423029209,0.00039213825790250495,1.6843559298200507e-05,0.0003924998328670262
-1.5419049987565392,0.0003976856291789448,2.9167153424941812e-05,0.00039875378680881174
-1.5394180552101577,0.00040292943914599176,4.1850949966271276e-05,0.00040509706854479065
-1.5369311116637763,0.0004078536605650159,5.4890517784762174e-05,0.0004115307733073707
-1.5344441681173948,0.00041244218025173574,6.828083733487165e-05,0.0004180560067717679
-1.5319572245710131,0.00041667881749788294,8.201628948896914e-05,0.0004246738851082939
-1.5294702810246317,0.00042054734312782835,9.609064483497845e-05,0.00043138553503412394
-1.5269833374782502,0.00042403149918246637,0.00011049705347406446,0.00043819209386452906
-1.5244963939318688,0.0004271150192215711,0.00012522803534684293,0.0004450947095635638
-1.522009450385487,0.0004297816492346894,0.00014027547111669953,0.00045209454079418124
-1.5195225068391056,0.00043201516914952105,0.0001556305936388072,0.0004591927569677649
-1.5170355632927242,0.000433799414925579,0.00017128398004344526,0.00046639053829306833
-1.5145486197463427,0.00043511830121972165,0.0001872255444621639,0.00047368907582452234
-1.512061676199961,0.0004359558446090273,0.00020344453142523842,0.00048108957150992703
-1.5095747326535796,0.00043629618735521167,0.00021992950995873133,0.0004885932382374747
-1.507087789107198,0.0004361236216936568,0.00023666836840927698,0.0004962012998821155
-1.5046008455608166,0.0004354226146288411,0.00025364831002451423,0.0005039149913512282
-1.502113902014435,0.0004341778332167855,0.0002708558493167905,0.0005117355586295941
-1.4996269584680535,0.0004323741703138811,0.00028827680923742465,0.0005196642588236444
-1.497140014921672,0.00042999677077022107,0.0003058963191884994,0.0005277023602049647
-1.4946530713752906,0.00042703105804435044,0.00032369881389869196,0.0005358511422530491
-1.492166127828909,0.0004234627612150938,0.00034166803318917607,0.0005441118956972651
-1.4896791842825274,0.0004192779423648884,0.0003597870226551701,0.0005524859225580381
-1.487192240736146,0.0004144630243078073,0.0003780381352880702,0.00056097453618721
-1.4847052971897645,0.0004090048186342672,0.0003964030340625073,0.0005695790613075687
-1.4822183536433828,0.00040289055404312874,0.0004148626955120403,0.0005783008340515299
-1.4797314100970014,0.00039610790493076724,0.00043339741431637285,0.0005871412019989395
-1.47724446655062,0.00038864502020539033,0.000451986808922341,0.0005961015242139958
-1.4747575230042385,0.0003804905522937968,0.0004706098282199394,0.0006051831712812571
-1.4722705794578568,0.0003716336863065095,0.0004892447592938834,0.000614387525340721
-1.4697836359114753,0.0003620641693260912,0.0005078692362702215,0.0006237159801219547
-1.4672966923650939,0.0003517723397823253,0.0005264602502765207,0.0006331699409772612
-1.4648097488187124,0.0003407491568767906,0.0005449941605331179,0.0006427508249138553
-1.4623228052723307,0.0003289862300183153,0.0005634467065918072,0.0006524600606250302
-1.4598358617259493,0.00031647584822964856,0.0005817930217372361,0.0006622990885202996
-1.4573489181795678,0.00030321100948474535,0.000600007647565002,0.0006722693607544866
-1.4548619746331863,0.00028918544993495585,0.0006180645497492783,0.0006823723412557553
-1.4523750310868047,0.0002743936729814902,0.0006359371350113973,0.0006926095057525396
-1.4498880875404232,0.00025883097815055967,0.0006535982692995411,0.0007029823417993734
-1.4474011439940417,0.0002424934897267022,0.0006710202971882208,0.0007134923488015848
-1.4449142004476603,0.00022537818509893917,0.0006881750625047967,0.0007241410380388426
-1.4424272569012786,0.00020748292277350265,0.0007050339301887999,0.0007349299326875323
-1.4399403133548971,0.00018880647000626388,0.0007215678093881886,0.0007458605678419362
-1.4374533698085157,0.00016934853000703925,0.0007377471777951619,0.0007569344905342015
-1.4349664262621342,0.00014910976866746353,0.0007535421072224266,0.0007681532597530779
-1.4324794827157525,0.00012809184076332326,0.0007689222904191537,0.0007795184464613867
-1.429992539169371,0.00010629741558175609,0.000783857069124133,0.0007910316336122319
-1.4275055956229896,8.373020192318218e-05,0.0007983154633517994,0.0008026944161638943
-1.4250186520766082,6.0394972427296724e-05,0.0008122662019050549,0.0008145084010934186
-1.4225317085302265,3.629758717212619e-05,0.0008256777541068786,0.0008264752074088474
-1.420044764983845,1.1445016494730549e-05,0.00083851836274088,0.0008385964661601016
-1.4175578214374636,-1.4154637018075701e-05,0.0008507560781889638,0.0008508738204484728
-1.415070877891082,-4.049211742095339e-05,0.0008623587937523399,0.0008633089254347038
-1.4125839343447004,-6.755699523517813e-05,0.0008732942821400983,0.0008759034483456469
-1.410096990798319,-9.533764825989658e-05,0.0008835302331075392,0.0008886590684794649
-1.4076100472519375,-0.00012382124342159048,0.0008930342922244014,0.0009015774772093667
-1.405123103705556,-0.00015299371971385975,0.0009017741007510277,0.0009146603779858444
-1.4026361601591744,-0.00018283977227943234,0.0009097173365984174,0.0009279094863373868
-1.400149216612793,-0.00021334283768614375,0.0009168317563460032,0.0009413265298696692
-1.3976622730664114,-0.00024448508044832835,0.0009230852382887945,0.0009549132482631636
-1.39517532952003,-0.00027624738084465006,0.0009284458264834443,0.0009686713932691804
-1.3926883859736483,-0.0003086093240830044,0.0009328817757605537,0.0009826027287042982
-1.3902014424272668,-0.0003415491908624965,0.0009363615976684011,0.0009967090304431614
-1.3877144988808854,-0.0003750439493819939,0.0009388541073110644,0.0010109920864096312
-1.385227555334504,-0.00040906924884394824,0.0009403284710417273,0.0010254536965662684
-1.3827406117881222,-0.00044359941450137575,0.0009407542549697736,0.001040095672902112
-1.3802536682417408,-0.00047860744429510183,0.0009401014742380643,0.001054919839418745
-1.3777667246953593,-0.0005140650071272996,0.0009383406430246271,0.001069928032114619
-1.3752797811489779,-0.0005499424428162939,0.0009354428252208295,0.0010851220989676138
-1.3727928376025962,-0.0005862087637765371,0.000931379685735904,0.001100503899915819
-1.3703058940562147,-0.0006228316584663201,0.0009261235423755743,0.0011160753068365004
-1.3678189505098333,-0.0006597774966444483,0.0009196474182404359,0.0011318382035232395
-1.3653320069634518,-0.0006970113364757999,0.0009119250945875595,0.0011477944856612223
-1.3628450634170701,-0.0007344969335239456,0.0009029311640968339,0.0011639460608006468
-1.3603581198706887,-0.0007721967516676892,0.0008926410844813628,0.0011802948483282448
-1.3578711763243072,-0.0008100719759763495,0.0008810312323793926,0.0011968427794368727
-1.3553842327779257,-0.0008480825275770752,0.0008680789574631474,0.0012135917970931684
-1.352897289231544,-0.000886187080545474,0.0008537626366980526,0.0012305438560032396
-1.3504103456851626,-0.0009243430808488453,0.0008380617286839754,0.0012477009225763634
-1.3479234021387811,-0.0009625067673693098,0.0008209568280082338,0.0012650649748866892
-1.3454364585923997,-0.001000633195031847,0.0008024297195383911,0.0012826380026328954
-1.342949515046018,-0.0010386762600601734,0.0007824634325810333,0.001300422007095805
-1.3404625714996365,-0.0010765887273808522,0.0007610422948312121,0.0013184190010939163
-1.337975627953255,-0.0011143222601937997,0.0007381519860354776,0.0013366310089368487
-1.3354886844068736,-0.0011518274517246826,0.0007137795912900132,0.0013550600663766585
-1.333001740860492,-0.0011890538591722184,0.0006879136538938522,0.0013737082205570207
-1.3305147973141105,-0.001225950039860644,0.0006605442276758382,0.0013925775299602477
-1.328027853767729,-0.0012624635896048818,0.0006316629287126647,0.0014116700643521149
-1.3255409102213476,-0.0012985411832931919,0.0006012629863540043,0.0014309879047245011
-1.3230539666749659,-0.001334128617688967,0.0005693392934698931,0.0014505331432357797
-1.3205670231285844,-0.0013691708564506232,0.0005358884558341243,0.0014703078831489736
-1.318080079582203,-0.0014036120773652482,0.0005009088405568237,0.0014903142387676395
-1.3155931360358213,-0.0014373957217887058,0.00046440062347824436,0.0015105543353694552
-1.3131061924894398,-0.0014704645462816418,0.0004263658354352624,0.001531030309137505
-1.3106192489430584,-0.0015027606764275651,0.000386808407311403,0.0015517443070892244
-1.308132305396677,-0.0015342256628159527,0.0003457342137805567,0.0015726984870029948
-1.3056453618502952,-0.0015648005391698653,0.00030315111565437804,0.001593895017342358
-1.3031584183039138,-0.0015944258825942536,0.00025906900074277765,0.0016153360771778503
-1.3006714747575323,-0.00162304187591754,0.0002134998231370747,0.001637023856106407
-1.2981845312111508,-0.0016505883720956953,0.00016645764082495246,0.0016589605541683405
-1.2956975876647692,-0.0016770049606443542,0.00011795865154680917,0.001681148381761858
-1.2932106441183877,-0.0017022310360610238,6.802122680296877e-05,0.0017035895595551081
-1.2907237005720062,-0.0017262058681957646,1.6665943921771736e-05,0.001726286318395734
-1.2882367570256248,-0.001748868674525096,-3.60843839010513e-05,0.0017492408992179104
-1.285749813479243,-0.0017701586942802086,-9.020467968073412e-05,0.0017724555529468483
-1.2832628699328616,-0.0017900152643768894,-0.0001456675769277945,0.0017959325404007468
-1.2807759263864802,-0.0018083778970908319,-0.0002024433962256711,0.0018196741321901688
-1.2782889828400987,-0.0018251863594183609,-0.00026050012418804834,0.0018436826086148446
-1.275802039293717,-0.0018403807540587843,-0.0003198033948810475,0.001867960259557848
-1.2733150957473356,-0.0018539016019509906,-0.0003803164737940576,0.0018925093843771541
-1.2708281522009541,-0.001865689926293107,-0.0004420002444417733,0.0019173322917945565
-1.2683412086545727,-0.0018756873379704156,-0.0005048131976780047,0.001942431299781909
-1.265854265108191,-0.0018838361223130007,-0.0005687114238005259,0.001967808735444709
-1.2633673215618095,-0.0018900793271009837,-0.0006336486075238692,0.0019934669349029707
-1.260880378015428,-0.0018943608517315506,-0.0006995760258952375,0.0020194082431693842
-1.2583934344690466,-0.0018966255374584277,-0.0007664425492263103,0.002045635014024739
-1.255906490922665,-0.0018968192586109134,-0.000834194645111452,0.0020721496098906264
-1.2534195473762835,-0.0018948890146960082,-0.0009027763856002545,0.002098954401699348
-1.250932603829902,-0.0018907830232838922,-0.0009721294575896113,0.002126051768761064
-1.2484456602835206,-0.0018844508135734167,-0.0010421931764979333,0.0021534440986281404
-1.2459587167371389,-0.001875843320531178,-0.0011129045032807477,0.0021811337869566834
-1.2434717731907574,-0.0018649129794942897,-0.0011841980648442745,0.0022091232373652662
-1.240984829644376,-0.0018516138211239585,-0.001256006177909815,0.002237414861290791
-1.2384978860979945,-0.0018359015665938105,-0.001328258876378723,0.002266011077841517
-1.2360109425516128,-0.0018177337228939298,-0.0014008839422439902,0.0022949143136472196
-1.2335239990052314,-0.0017970696781287158,-0.001473806940090731,0.0023241270027064462
-1.23103705545885,-0.001773870796683775,-0.0015469512552242094,0.002353651586230912
-1.2285501119124684,-0.0017481005141345867,-0.0016202381354596495,0.0023834905124869637
-1.2260631683660868,-0.0017197244317668004,-0.0016935867366044337,0.0024136462366341305
-1.2235762248197053,-0.0016887104105759614,-0.0017669141716585045,0.002444121220560734
-1.2210892812733238,-0.0016550286646117593,-0.001840135563754886,0.0024749179327165772
-1.2186023377269424,-0.001618651853530046,-0.001913164102857218,0.0025060388479426488
-1.2161153941805607,-0.0015795551742136145,-0.0019859111062269187,0.002537486447297882
-1.2136284506341792,-0.0015377164513209122,-0.0020582860826676027,0.0025692632178829253
-1.2111415070877978,-0.0014931162266201726,-0.0021301968005494982,0.0026013716526609152
-1.2086545635414163,-0.0014457378469646968,-0.0022015493596117823,0.0026338142502752857
-1.2061676199950346,-0.0013955675507639018,-0.0022722482665352432,0.0026665935148645313
-1.2036806764486532,-0.0013425945528030855,-0.0023421965142729484,0.0026997119558739716
-1.2011937329022717,-0.0012868111272642672,-0.002411295665120815,0.002733172087864496
-1.1987067893558903,-0.0012282126887991015,-0.002479445937504914,0.002766976430318253
-1.1962198458095086,-0.0011667978715045166,-0.002546546296456634,0.002801127507441328
-1.1937329022631271,-0.001102568605651026,-0.0026124945477412997,0.002835627847963351
-1.1912459587167457,-0.0010355301920133917,-0.002677187435600225,0.002870479984934053
-1.1887590151703642,-0.0009656913736531895,-0.002740520744060405,0.0029056864555167647
-1.1862720716239825,-0.0008930644050029425,-0.002802389401760271,0.0029412498007788373
-1.183785128077601,-0.0008176651181017312,-0.002862687590234143,0.0029771725654790114
-1.1812981845312196,-0.0007395129858326896,-0.0029213088555920252,0.0030134572978516836
-1.1788112409848381,-0.0006586311820137015,-0.0029781462235255415,0.003050106549388105
-1.1763242974384565,-0.0005750466381931992,-0.0030330923175648033,0.003087122874614473
-1.173837353892075,-0.0004887900970044908,-0.0030860394805050768,0.003124508830866974
-1.1713504103456935,-0.000399896161933264,-0.00313687989891597,0.003162266978063684
-1.168863466799312,-0.0003084033433545386,-0.003185505730640008,0.0032003998784734056
-1.1663765232529304,-0.00021435410069724675,-0.0032318092351813436,0.003238910096481399
-1.163889579706549,-0.00011779488059671574,-0.0032756829068793553,0.0032778001983519945
-1.1614026361601675,-1.8776150897596872e-05,-0.0033170196107559736,0.0033170727519881505
-1.158915692613786,8.264756962762725e-05,-0.0033557127209194507,0.0033567303266878582
-1.1564287490674043,0.00018641768597643118,-0.0033916562614015266,0.00339677549289749
-1.1539418055210229,0.0002924715061596299,-0.0034247450492989277,0.003437210821962016
-1.1514548619746414,0.0004007422251156568,-0.0034548748400843703,0.00347803888587213
-1.14896791842826,0.0005111589134183381,-0.0034819424749464555,0.0035192622570083157
-1.1464809748818783,0.0006236465108961726,-0.0035058460300120505,0.0035608835078817483
-1.1439940313354968,0.0007381258252777271,-0.003526484967299308,0.003602905210872182
-1.1415070877891154,0.0008545135359731848,-0.0035437602872437214,0.0036453299379626937
-1.139020144242734,0.000972722203097604,-0.0035575746826343848,0.0036881602604713643
-1.1365332006963522,0.0010926602818370037,-0.0035678326937921352,0.0037313987487798943
-1.1340462571499708,0.001214232142252782,-0.0035744408648162034,0.003775047972059135
-1.1315593136035893,0.0013373380946156434,-0.0035773079007207433,0.0038191104979915474
-1.1290723700572078,0.0014618744203538049,-0.003576344825277901,0.0038635888924906073
-1.1265854265108262,0.0015877334086955611,-0.0035714651393790636,0.003908485719417168
-1.1240984829644447,0.0017148033990794784,-0.0035625849797214855,0.003953803540292774
-1.1216115394180632,0.001842968829400042,-0.003549623277622918,0.003999544914009921
-1.1191245958716818,0.001972110290149929,-0.003532501917762642,0.0040457123965393265
-1.1166376523253,0.002102104584513494,-0.0035111458966432005,0.004092308540634129
-1.1141507087789186,0.0022328247944596877,-0.003485483480563175,0.004139335895531157
-1.1116637652325372,0.0023641403528749027,-0.0034554463628878197,0.004186797006649132
-1.1091768216861557,0.0024959171217700782,-0.0034209698204006227,0.004234694415283929
-1.106689878139774,0.0026280174765880384,-0.0033819928685159795,0.004283030658300861
-1.1042029345933926,0.0027603003966303295,-0.0033384584151297503,0.004331808267823981
-1.1017159910470111,0.002892621561614598,-0.003290313412882057,0.004381029770922499
-1.0992290475006297,0.0030248334543657787,-0.0032375090096039227,0.0044306976892942015
-1.096742103954248,0.003156785469636485,-0.003180000696717218,0.00448081453894602
-1.0942551604078665,0.003288324029043457,-0.003117748455355377,0.004531382829871631
-1.091768216861485,0.0034192927020991123,-0.0030507168999705002,0.00458240506572628
-1.0892812733151036,0.0035495323333079015,-0.0029788754191913728,0.004633883743498623
-1.086794329768722,0.003678881175289597,-0.0029021983136952984,0.0046858213531798245
-1.0843073862223405,0.003807175027881909,-0.0028206649308563847,0.004738220377429766
-1.081820442675959,0.003934247383166739,-0.0027342597959318397,0.004791083291240465
-1.0793334991295775,0.004059929576355004,-0.0026429727395480525,0.004844412561596737
-1.0768465555831959,0.004184050942455998,-0.00254679902124813,0.004898210647134049
-1.0743596120368144,0.004306438978648291,-0.0024457394488630445,0.004952479997793655
-1.071872668490433,0.00442691951225984,-0.0023398004934692992,0.005007223054475013
-1.0693857249440515,0.004545316874255763,-0.0022289943996971918,0.005062442248685473
-1.0668987813976698,0.004661454078123083,-0.002113339291155099,0.005118140002187343
-1.0644118378512883,0.004775153004032267,-0.001992859270737026,0.005174318726642271
-1.0619248943049069,0.004886234588146076,-0.0018675845155830583,0.005230980823253002
-1.0594379507585254,0.004994519016937166,-0.0017375513664642241,0.005288128682402565
-1.0569510072121437,0.005099825926366056,-0.001602802411367098,0.005345764683290837
-1.0544640636657623,0.005201974605762427,-0.001463386563055556,0.005403891193568641
-1.0519771201193808,0.005300784206242774,-0.0013193591303917813,0.005462510568969271
-1.0494901765729994,0.005396073953488703,-0.0011707818832017447,0.00552162515293755
-1.0470032330266177,0.005487663364700765,-0.0010177231104751725,0.00558123727625642
-1.0445162894802362,0.005575372469533749,-0.000860257671694465,0.005641349256671142
-1.0420293459338548,0.005659022034810254,-0.0006984670410921187,0.005701963398511075
-1.0395424023874733,0.005738433792800496,-0.00053243934464195,0.005763081992309101
-1.0370554588410916,0.005813430672847652,-0.00036226938959441567,0.005824707314418727
-1.0345685152947102,0.005883837036109161,-0.00018805868637365147,0.005886841626628868
-1.0320815717483287,0.005949478913176228,-9.915462659000291e-06,0.00594948717577644
-1.0295946282019472,0.006010184244325049,0.00017204533051798997,0.0060126461933566406
-1.0271076846555656,0.006065783122145521,0.000357702020823857,0.00607632089513111
-1.024620741109184,0.006116108036284917,0.000546926224975493,0.00614051348073391
-1.0221337975628026,0.006160994120036424,0.0007395828675411091,0.006205226133275379
-1.0196468540164212,0.006200279398494882,0.0009355302083288575,0.006270461018943973
-1.0171599104700395,0.006233805037994643,0.0011346198784923276,0.006336220286605993
-1.014672966923658,0.006261415596537556,0.0013366969254746605,0.0064025060674033855
-1.0121860233772766,0.006282959274912207,0.0015415998669020816,0.006469320474349515
-1.0096990798308951,0.006298288168199081,0.001749160753529665,0.006536665601923126
-1.0072121362845134,0.006307258517349997,0.0019592052413306836,0.006604543525660324
-1.004725192738132,0.0063097309605243896,0.00217155267281176,0.0066729563017448226
-1.0022382491917505,0.006305570783859292,0.002386016167624938,0.006741905966596351
-0.999751305645369,0.00629464817134469,0.0026024027225369463,0.006811394536457329
-0.9972643620989875,0.0062768384534709135,0.002820513320805374,0.006881424006977894
-0.9947774185526059,0.006252022354310367,0.0030401430509989277,0.006951996352799216
-0.9922904750062245,0.006220086236691379,0.0032610812352888304,0.007023113527135273
-0.9898035314598429,0.0061809223451186205,0.0034831115672249576,0.007094777461353031
-0.9873165879134614,0.0061344290460906194,0.003706012258999486,0.0071669900645511386
-0.9848296443670799,0.006080511065462367,0.003929556198187659,0.007239753223137191
-0.9823427008206984,0.006019079722498142,0.004153511113942925,0.007313068800403542
-0.9798557572743168,0.005950053160257712,0.004377639752611076,0.0073869386361018015
-0.9773688137279354,0.005873356571957214,0.004601700062715069,0.0074613645460160204
-0.9748818701815538,0.0057889224229449865,0.004825445389248821,0.0075363483215346375
-0.9723949266351724,0.005696690667931657,0.005048624677205299,0.007611891729221189
-0.9699079830887908,0.005596608963113488,0.0052709826842509706,0.00768799651038395
-0.9674210395424093,0.005488632872828438,0.005492260202444455,0.007764664380644417
-0.9649340959960278,0.005372726070384524,0.00571219428888469,0.007841897029504812
-0.9624471524496463,0.005248860532701826,0.0059305185051591325,0.007919696119914565
-0.9599602089032647,0.005117016728410625,0.00614696316544964,0.007998063287835927
-0.9574732653568833,0.004977183799050695,0.006361255593139214,0.008077000141808694
-0.9549863218105017,0.004829359733019286,0.0065731203857492815,0.008156508262514107
-0.9524993782641202,0.004673551531918445,0.006782279688023422,0.008236589202338085
-0.9500124347177387,0.0045097753689563895,0.006988453472959068,0.00831724448493366
-0.9475254911713572,0.004338056739061392,0.0071913598305757016,0.008398475604782914
-0.9450385476249756,0.004158430600372138,0.007390715264193305,0.00848028402675826
-0.9425516040785942,0.0039709415067728905,0.007586234993982092,0.008562671185683253
-0.9400646605322126,0.0037756437311486615,0.007777633267530149,0.008645638485892981
-0.9375777169858311,0.003572601379041305,0.007964623677162434,0.008729187300794061
-0.9350907734394496,0.0033618884923944936,0.008146919483731275,0.008813318972424338
-0.9326038298930681,0.0031435891430834006,0.008324233946584825,0.008898034811012317
-0.9301168863466865,0.002917797515932282,0.008496280659407421,0.00898333609453644
-0.9276299428003051,0.0026846179809323517,0.008662773891612371,0.009069224068284245
-0.9251429992539235,0.0024441651543808634,0.00882342893495529,0.009155699944411452
-0.922656055707542,0.002196563948672366,0.008977962455023606,0.009242764901501098
-0.9201691121611605,0.0019419496104827157,0.00912609284724559,0.009330420084122744
-0.917682168614779,0.0016804677470976838,0.009267540597050334,0.00941866660239185
-0.9151952250683975,0.0014122743406486604,0.009402028643798452,0.009507505531529348
-0.912708281522016,0.0011375357500296463,0.009529282748092054,0.009596937911421558
-0.9102213379756344,0.0008564287002822735,0.009649031862061343,0.009686964746180414
-0.907734394429253,0.000569140259247826,0.009761008502214707,0.00977758700370416
-0.9052474508828714,0.00027586780129833314,0.009864949124428922,0.00986880561523856
-0.9027605073364899,-2.3181042027160683e-05,0.009960594500646007,0.009960621474938647
-0.9002735637901084,-0.0003277884446414368,0.010047690096834141,0.010053035439431183
-0.8977866202437269,-0.000637726461928882,0.010125986451760693,0.01014604832737778
-0.8952996766973453,-0.0009527571202966108,0.01019523955611718,0.010239660919038888
-0.8928127331509639,-0.0012726325203726134,0.010255211231527585,0.010333873955838608
-0.8903257896045823,-0.0015970949539503684,0.010305669508964097,0.01042868813993045
-0.8878388460582008,-0.0019258770347637662,0.01034638900608719,0.010524104133764181
-0.8853519025118193,-0.0022587018431588658,0.010377151303020292,0.01062012255965368
-0.8828649589654378,-0.00259528308471322,0.01039774531606353,0.010716743999346051
-0.8803780154190562,-0.0029353252628352253,0.01040796766884531,0.010813968993591945
-0.8778910718726748,-0.003278523865359137,0.010407623060405966,0.010911798041717206
-0.8754041283262932,-0.0036245655651336206,0.010396524629703065,0.011010231601195991
-0.8729171847799118,-0.003973128434582603,0.010374494316024736,0.011109270087225277
-0.8704302412335302,-0.004323882174200531,0.010341363214793956,0.011208913872301041
-0.8679432976871487,-0.0046764883549236394,0.010296971928244684,0.011309163285795967
-0.8654563541407672,-0.005030600674301678,0.010241170910448787,0.011410018613539021
-0.8629694105943857,-0.0053858652263742346,0.010173820806171754,0.011511480097396705
-0.8604824670480041,-0.0057419207851373295,0.010094792783034804,0.01161354793485624
-0.8579955235016227,-0.006098399101466653,0.01000396885646122,0.011716222278610768
-0.8555085799552411,-0.0064549252133435445,0.009901242206885916,0.011819503236146488
-0.8530216364088596,-0.006811117769211572,0.009786517488708712,0.011923390869332058
-0.8505346928624781,-0.007166589364270241,0.009659711130474646,0.01202788519401009
-0.8480477493160966,-0.007520946889494521,0.009520751625767189,0.012132986179590986
-0.845560805769715,-0.007873791893147577,0.009369579814304823,0.012238693748649195
-0.8430738622233336,-0.00822472095453517,0.009206149152735581,0.01234500777652181
-0.840586918676952,-0.008573326069730708,0.009030425974629655,0.012451928090909862
-0.8380999751305706,-0.008919195048979358,0.00884238973917647,0.012559454471482078
-0.835613031584189,-0.009261911925471348,0.008642033268099194,0.012667586649481487
-0.8331260880378075,-0.009601057375153911,0.008429362970307693,0.012776324307334714
-0.830639144491426,-0.009936209147233274,0.008204399053818645,0.012885667078264225
-0.8281522009450445,-0.010266942504997613,0.007967175724481784,0.012995614545903495
-0.8256652573986629,-0.0105928306765745,0.007717741371059562,0.013106166243915194
-0.8231783138522815,-0.010913445315216392,0.007456158736219816,0.013217321655612596
-0.8206913703058999,-0.011228356968689913,0.00718250507301118,0.013329080213584081
-0.8182044267595184,-0.01153713555732675,0.006896872286403505,0.013441441299321063
-0.8157174832131369,-0.011839350860275315,0.00659936705948881,0.013554404242849177
-0.8132305396667554,-0.012134573009475999,0.006290110963950965,0.013667968322363042
-0.8107435961203738,-0.01242237299086467,0.005969240554427638,0.013782132763864512
-0.8082566525739924,-0.012702323152293098,0.005636907446402205,0.013896896740804614
-0.8057697090276108,-0.012973997717638321,0.005293278377279661,0.014012259373729161
-0.8032827654812293,-0.013236973306557511,0.004938535250316335,0.014128219729928225
-0.8007958219348478,-0.013490829459329135,0.004572875161091145,0.01424477682308948
-0.7983088783884663,-0.013735149166206807,0.004196510406223002,0.014361929612955548
-0.7958219348420847,-0.013969519400697733,0.003809668474058081,0.01447967700498538
-0.7933349912957033,-0.014193531656164172,0.0034125920170689967,0.014598017850019828
-0.7908480477493217,-0.014406782485132916,0.003005538805728583,0.014716950943951434
-0.7883611042029403,-0.014608874040685777,0.0025887816636399044,0.014836475027398554
-0.7858741606565587,-0.014799414619291799,0.002162608383726277,0.014956588785383886
-0.7833872171101772,-0.014978019204431165,0.001727321625305646,0.015077290847017488
-0.7809002735637957,-0.015144310010350137,0.0012832387918953684,0.01519857978518442
-0.7784133300174142,-0.015297917025276537,0.0008306918896173908,0.015320454116236955
-0.7759263864710326,-0.015438478553416764,0.0003700273660943281,0.015442912299691663
-0.7734394429246512,-0.015565641755046567,-9.83940702470454e-05,0.015565952737931236
-0.7709524993782696,-0.015679063184000898,-0.0005741976505268054,0.015689573775911278
-0.7684655558318881,-0.01577840932186124,-0.001056994765453121,0.01581377370087206
-0.7659786122855066,-0.015863357108133337,-0.0015463832050665695,0.01593855074205545
-0.7634916687391251,-0.0159335944657031,-0.0020419474181738043,0.016063903070426908
-0.7610047251927435,-0.015988820820854607,-0.0025432587914324453,0.016189828798402785
-0.7585177816463621,-0.016028747617130967,-0.003049875948023644,0.01631632597958299
-0.7560308380999805,-0.01605309882231656,-0.0035613450658212565,0.016443392608489003
-0.753543894553599,-0.016061611427817844,-0.004077200214942991,0.016571026620307506
-0.7510569510072175,-0.016054035939719588,-0.00459696371453975,0.016699225890639463
-0.748570007460836,-0.01603013686079399,-0.005120146508655254,0.016827988235255
-0.7460830639144544,-0.01598969316274159,-0.0056462485609595475,0.016957311409853952
-0.743596120368073,-0.015932498747945605,-0.00617475926813425,0.017087193109832234
-0.7411091768216914,-0.01585836290002447,-0.006705157891660567,0.017217630970054226
-0.73862223327531,-0.01576711072247227,-0.007236914007733147,0.01734862256463101
-0.7361352897289284,-0.015658583564681843,-0.007769487974997809,0.017480165406704818
-0.7336483461825469,-0.015532639434652223,-0.008302331419781903,0.017612256948239518
-0.7311614026361654,-0.015389153397689054,-0.008834887738462116,0.017744894579817396
-0.7286744590897839,-0.015228017960415716,-0.009366592616585248,0.017878075630442244
-0.7261875155434023,-0.015049143439422043,-0.00989687456433263,0.018011797367348818
-0.7237005719970209,-0.01485245831388792,-0.010425155467892253,0.018146056995818737
-0.7212136284506393,-0.014637909561531241,-0.010950851156275726,0.01828085165900301
-0.7187266849042578,-0.014405462977241275,-0.011473371983092794,0.01841617843775108
-0.7162397413578763,-0.014155103473773065,-0.011992123422769176,0.01855203435044662
-0.7137527978114948,-0.013886835363892236,-0.012506506680669332,0.01868841635285009
-0.7112658542651132,-0.013600682623375729,-0.013015919316560437,0.01882532133794814
-0.7087789107187318,-0.013296689134289807,-0.013519755880829785,0.01896274613580987
-0.7062919671723502,-0.012974918907985206,-0.01401740856284359,0.019100687513450215
-0.7038050236259688,-0.012635456287266776,-0.014508267850811782,0.01923914217470021
-0.7013180800795872,-0.01227840612721476,-0.014991723202501106,0.019378106760084564
-0.6988311365332057,-0.011903893954155568,-0.015467163726115386,0.019517577846706314
-0.6963441929868242,-0.011512066102300662,-0.015933978870641047,0.019657551948138795
-0.6938572494404427,-0.011103089827594366,-0.01639155912493482,0.019798025514324993
-0.6913703058940611,-0.010677153398334959,-0.016839296724809417,0.019938994931484207
-0.6888833623476797,-0.01023446616215705,-0.01727658636735428,0.02008045652202632
-0.6863964188012981,-0.009775258588987446,-0.01770282593170906,0.02022240654447347
-0.6839094752549166,-0.009299782289613616,-0.01811741720548938,0.020364841193389497
-0.6814225317085351,-0.008808310009528862,-0.01851976661604728,0.020507756599316893
-0.6789355881621536,-0.008301135597746489,-0.018909285965732197,0.020651148828721624
-0.676448644615772,-0.007778573950302201,-0.019285393170303124,0.0207950138839457
-0.6739617010693906,-0.007240960928193886,-0.019647512999627175,0.020939347703167573
-0.671474757523009,-0.006688653249535476,-0.019995077819787276,0.021084146160370607
-0.6689878139766275,-0.006122028355733319,-0.02032752833570773,0.02122940506531927
-0.666500870430246,-0.005541484251522878,-0.020644314333395898,0.021375120163543676
-0.6640139268838645,-0.004947439318734465,-0.020944895420886924,0.02152128713633201
-0.6615269833374829,-0.0043403321036904275,-0.02122874176696875,0.02166790160073119
-0.6590400397911015,-0.0037206210781650984,-0.02149533483675709,0.021814959109555745
-0.6565530962447199,-0.0030887843738750674,-0.02174416812318146,0.021962455151404988
-0.6540661526983385,-0.00244531949049733,-0.021974747873438207,0.022110385150688423
-0.6515792091519569,-0.0017907429772490023,-0.022186593809460742,0.022258744467659637
-0.6490922656055754,-0.0011255900880937696,-0.022379239841453756,0.022407528398458543
-0.6466053220591939,-0.000450414410676533,-0.022552234773535226,0.022556732175162176
-0.6441183785128124,0.00023421253087926804,-0.022705143000528744,0.0227063509658439
-0.6416314349664308,0.0009277016991421156,-0.022837545194948558,0.022856379874641328
-0.6391444914200494,0.0016294469923056683,-0.022949038983220517,0.02300681394183273
-0.6366575478736678,0.0023388257186459063,-0.023039239610184746,0.023157648143922245
-0.6341706043272863,0.003055199096227084,-0.02310778059092917,0.0233088773937337
-0.6316836607809048,0.0037779127775468073,-0.023154314349008033,0.023460496540513173
-0.6291967172345233,0.0045062973987759014,-0.023178512840105792,0.023612500370040514
-0.6267097736881417,0.005239669153211998,-0.02318006816021403,0.023764883604749456
-0.6242228301417603,0.005977330388533132,-0.023158693137397983,0.023917640903856844
-0.6217358865953787,0.006718570227400286,-0.02311412190623919,0.024070766863500546
-0.6192489430489972,0.007462665210925342,-0.023046110464052492,0.02422425601688657
-0.6167619995026157,0.008208879964484843,-0.022954437207987715,0.02437810283444492
-0.6142750559562342,0.00895646788532672,-0.022838903452141058,0.02453230172399462
-0.6117881124098526,0.009704671851383354,-0.022699333923815943,0.02468684703091777
-0.6093011688634712,0.010452724950669989,-0.022535577238090073,0.0248417330383426
-0.6068142253170896,0.011199851230616325,-0.022347506349862968,0.024996953967335773
-0.6043272817707082,0.011945266466644216,-0.022135018982577824,0.02515250397710366
-0.6018403382243266,0.01268817894927522,-0.02189803803283153,0.025308377165202973
-0.5993533946779451,0.013427790289017758,-0.021636511950108652,0.025464567567760388
-0.5968664511315636,0.014163296238254764,-0.021350415090898064,0.02562106915970154
-0.5943795075851821,0.014893887529322086,-0.02103974804647473,0.02577787585498916
-0.5918925640388005,0.015618750727938002,-0.020704537943655062,0.025934981506870524
-0.5894056204924191,0.0163370691011169,-0.020344838717859946,0.02609237990813413
-0.5869186769460375,0.017048023498670958,-0.019960731357848215,0.0262500647913757
-0.584431733399656,0.017750793247378598,-0.01955232412151087,0.02640802982927347
-0.5819447898532745,0.01844455705687071,-0.019119752722147595,0.02656626863487286
-0.579457846306893,0.019128493936261894,-0.018663180484677005,0.026724774761880347
-0.5769709027605114,0.019801784120530155,-0.018182798471264305,0.026883541704966846
-0.57448395921413,0.020463610005624133,-0.017678825575883725,0.027042562900080325
-0.5719970156677484,0.02111315709125712,-0.017151508587365888,0.02720183172476785
-0.569510072121367,0.021749614930324616,-0.016601122220516327,0.027361341498506987
-0.5670231285749854,0.022372178083863836,-0.0160279691149265,0.02752108548304654
-0.5645361850286039,0.02298004708045489,-0.015432379801135336,0.027681056882756717
-0.5620492414822224,0.0235724293789459,-0.014814712633837697,0.027841248844988658
-0.5595622979358409,0.02414854033336952,-0.014175353691872785,0.028001654460443327
-0.5570753543894593,0.024707604158902278,-0.013514716644766783,0.028162266763549795
-0.5545884108430779,0.025248854897707066,-0.012833242585641325,0.028323078732852898
-0.5521014672966963,0.025771537383485265,-0.012131399830341897,0.028484083291410278
-0.5496145237503148,0.02627490820355607,-0.011409683682679857,0.02864527330719868
-0.5471275802039333,0.02675823665727138,-0.010668616165723632,0.028806641593529803
-0.5446406366575518,0.02722080570956643,-0.009908745719117212,0.028968180909475276
-0.5421536931111702,0.027661912938441627,-0.00913064686244545,0.02912988396030113
-0.5396667495647888,0.02808087147516518,-0.00833491982470994,0.029291743397911435
-0.5371798060184072,0.028477010935984662,-0.007522190140020684,0.02945375182130138
-0.5346928624720257,0.028849678344132892,-0.006693108209654152,0.029615901777019556
-0.5322059189256442,0.029198239040914564,-0.005848348830670777,0.029778185759639482
-0.5297189753792627,0.029522077584661764,-0.004988610691328627,0.029940596212240444
-0.5272320318328811,0.029820598636349234,-0.004114615833575671,0.03010312552689746
-0.5247450882864997,0.030093227830666144,-0.0032271090829447974,0.030265766045180557
-0.5222581447401181,0.030339412631346725,-0.002326857446222004,0.030428510058663077
-0.5197712011937367,0.03055862316957118,-0.0014146494773003301,0.030591349809439245
-0.5172842576473551,0.030750353064257416,-0.0004912946116774764,0.030754277490650773
-0.5147973141009736,0.030914120223075985,0.00044237752990198144,0.030917285247022544
-0.512310370554592,0.03104946762303354,0.0013855178681159922,0.031080365175407396
-0.5098234270082106,0.03115596406948469,0.0023372586214570144,0.031243509325339817
-0.507336483461829,0.03123320493244874,0.003296714091717785,0.03140670969959876
-0.5048495399154476,0.03128081285912519,0.004262981477896425,0.03156995825477918
-0.502362596369066,0.031298438461522096,0.00523514171780743,0.0317332469018727
-0.4998756528226845,0.031285760978131585,0.0062122603566415685,0.03189656750685693
-0.49738870927630296,0.031242488908610467,0.007193388441678076,0.03205991189129371
-0.49490176572992145,0.031168360620447155,0.008177563442312545,0.03222327183293602
-0.49241482218353994,0.031063144926622814,0.009163810194523218,0.0323866390663437
-0.4899278786371584,0.03092664163330092,0.01015114186886206,0.03255000528350781
-0.4874409350907769,0.030758682056609265,0.011138560961016468,0.03271336213448347
-0.4849539915443954,0.030559129507607745,0.01212506030395321,0.03287670122803144
-0.4824670479980139,0.030327879744567618,0.013109624100618625,0.03304001413226809
-0.47998010445163236,0.03006486139172082,0.014091228976134575,0.033203292375323865
-0.47749316090525085,0.02977003632367209,0.015068845048396624,0.03336652744601006
-0.47500621735886933,0.029443400014703188,0.01604143701594674,0.03352971079449404
-0.4725192738124878,0.02908498185223492,0.017007965261963034,0.033692833832982584
-0.4700323302661063,0.028694845413751616,0.01796738697317703,0.033855887936413566
-0.4675453867197248,0.028273088706532033,0.01891865727250143,0.034018864443155654
-0.46505844317334327,0.027819844369571686,0.019860730364122618,0.034181754655716136
-0.46257149962696176,0.027335279837123482,0.020792560689786483,0.034344549841456705
-0.46008455608058024,0.02681959746332682,0.02171310409498058,0.03450724123331723
-0.4575976125341987,0.02627303460743888,0.022621319003693338,0.0346698200305473
-0.4551106689878172,0.025695863679227982,0.0235161676004076,0.03483227739944559
-0.4526237254414357,0.02508839214413368,0.024396617017966964,0.03499460447410691
-0.4501367818950542,0.024450962487846287,0.025261640529933668,0.035156792357176926
-0.44764983834867267,0.02378395214000602,0.02611021874603963,0.0353188321206143
-0.44516289480229115,0.023087773356769918,0.02694134080931771,0.035480714806460464
-0.44267595125590964,0.02236287306204519,0.027754005593485145,0.0356424314276166
-0.4401890077095281,0.021609732647236427,0.028547222899140474,0.03580397296862802
-0.4377020641631466,0.020828867729405464,0.02932001464732389,0.03596533038647575
-0.4352151206167651,0.020020827867793294,0.030071416068983326,0.03612649461137514
-0.4327281770703836,0.0191861962387056,0.030800476888881167,0.03628745654758161
-0.43024123352400206,0.018325589268814536,0.0315062625024726,0.03644820707420327
-0.42775428997762055,0.017439656226982854,0.03218785514428266,0.036608737046020384
-0.42526734643123904,0.016529078774767777,0.03284435504630893,0.0367690372943116
-0.4227804028848575,0.015594570475816286,0.03347488158497681,0.03692909862768682
-0.420293459338476,0.014636876264414926,0.034078574415177795,0.03708891183292661
-0.4178065157920945,0.013656771873511416,0.03465459458992527,0.037248467675828095
-0.415319572245713,0.012655063222577772,0.03520212566416926,0.03740775690205715
-0.41283262869933146,0.011632585765737544,0.03572037478132003,0.03756677023800694
-0.41034568515294995,0.010590203800632997,0.03620857374104071,0.03772549839166243
-0.40785874160656843,0.009528809738560207,0.036665980046881784,0.03788393205347107
-0.4053717980601869,0.008449323336452288,0.037091877932344704,0.03804206189721947
-0.4028848545138054,0.007352690891343171,0.037485579363977506,0.038199878580915635
-0.4003979109674239,0.006239884397996047,0.03784642502012434,0.038357372747677185
-0.39791096742104237,0.005111900670430409,0.03817378524397047,0.03851453502662501
-0.39542402387466086,0.003969760428133867,0.03846706096954621,0.03867135603378246
-0.39293708032827934,0.002814507347792744,0.038725684619377546,0.03882782637297991
-0.3904501367818978,0.0016472070814259933,0.03894912097249655,0.03898393663676451
-0.3879631932355163,0.0004689462418542014,0.03913686800155263,0.03913967740731524
-0.3854762496891348,-0.0007191686435161782,0.039288457677794604,0.03929503925736269
-0.3829893061427533,-0.0019160122095679924,0.03940345674272557,0.039450012751114025
-0.38050236259637177,-0.003120441359936109,0.03948146744526461,0.039604588445182574
-0.37801541904999025,-0.004331296401941689,0.03952212824328475,0.03975875688952207
-0.37552847550360874,-0.005547402208838989,0.03952511446843277,0.039912508628365435
-0.3730415319572272,-0.006767569408173625,0.039490138953174506,0.04006583420116793
-0.3705545884108457,-0.007990595595009961,0.039416952619049025,0.04021872414355468
-0.3680676448644642,-0.009215266568746201,0.03930534502515632,0.04037116898827221
-0.3655807013180827,-0.0104403575921977,0.03915514487594591,0.04052315926614401
-0.36309375777170116,-0.01166463467159192,0.03896622048741833,0.040674685507030094
-0.36060681422531965,-0.0128868558560837,0.03873848021089673,0.040825738240790166
-0.35811987067893813,-0.014105772555365974,0.038471872813573414,0.040976307998250465
-0.3556329271325566,-0.015320130873918824,0.03816638781508425,0.041126385312174135
-0.3531459835861751,-0.016528672960409135,0.037822055779413964,0.04127596071823479
-0.3506590400397936,-0.017730138370725623,0.03743894856148605,0.041425024755993516
-0.3481720964934121,-0.018923265443106085,0.03701717950784297,0.04157356796987868
-0.34568515294703056,-0.02010679268378889,0.036556903610876344,0.04172158091016891
-0.34319820940064905,-0.021279460161598332,0.0360583176161199,0.04186905413397863
-0.34071126585426753,-0.022440010909851434,0.03552166008217426,0.04201597820624653
-0.338224322307886,-0.02358719233395441,0.03494721139288817,0.04216234370072625
-0.3357373787615045,-0.024719757623040576,0.034335293721477825,0.042308141200979595
-0.333250435215123,-0.02583646716398534,0.03368627094632378,0.042453361301372006
-0.33076349166874147,-0.026936089956120672,0.0330005485182433,0.04259799460806993
-0.32827654812235996,-0.028017405024960782,0.032278573279095155,0.042742031740040314
-0.32578960457597844,-0.029079202833241447,0.03152083323163295,0.042885463330051755
-0.3233026610295969,-0.030120286687568092,0.03072785726058382,0.04302828002567736
-0.3208157174832154,-0.031139474138963456,0.02990021480498917,0.04317047249029905
-0.3183287739368339,-0.03213559837560275,0.029038515481905166,0.0433120314041132
-0.3158418303904524,-0.033107509606023995,0.028143408661621558,0.04345294746513758
-0.31335488684407087,-0.03405407643110235,0.02721558299461849,0.04359321139021909
-0.31086794329768935,-0.034974187203082506,0.026255765890542192,0.04373281391604271
-0.30838099975130784,-0.03586675136996786,0.025264722949541487,0.04387174580014089
-0.3058940562049263,-0.036730700803574705,0.02424325734636847,0.04400999782190375
-0.3034071126585448,-0.0375649911095697,0.023192209167707166,0.044147560783589515
-0.3009201691121633,-0.03836860291782228,0.02211245470325493,0.04428442551133549
-0.2984332255657818,-0.03914054315141802,0.02100490569114142,0.04442058285616884
-0.29594628201940026,-0.039879846272696806,0.01987050851833037,0.04455602369501759
-0.29345933847301875,-0.040585575504699094,0.018710243376708,0.04469073893172138
-0.29097239492663723,-0.04125682402642467,0.017525123375621444,0.04482471949804176
-0.2884854513802557,-0.041892716140333006,0.016316193611688207,0.04495795635467222
-0.2859985078338742,-0.04249240841053936,0.015084530196755328,0.04509044049224735
-0.2835115642874927,-0.043055090770189625,0.013831239244943413,0.04522216293235133
-0.2810246207411112,-0.043579987596526384,0.012557455819766507,0.04535311472852533
-0.27853767719472966,-0.04406635875219183,0.011264342842373078,0.04548328696727398
-0.27605073364834815,-0.044513500591346414,0.0099530899620074,0.045612670769070406
-0.27356379010196663,-0.04492074692921912,0.008624912389842898,0.04574125728935984
-0.2710768465555851,-0.04528746997374335,0.007281049697390471,0.04586903771956171
-0.2685899030092036,-0.04561308121797227,0.005922764580734615,0.04599600328806993
-0.2661029594628221,-0.04589703229201013,0.004551341591898507,0.0461221452612513
-0.26361601591644057,-0.04613881577323897,0.0031680858386875367,0.04624745494444183
-0.26112907237005906,-0.04633796595366699,0.0017743216544046446,0.04637192368294085
-0.25864212882367754,-0.0464940595632711,0.0003713912388767918,0.046495542863002635
-0.256155185277296,-0.046606716448256126,-0.0010393467277268257,0.04661830391282575
-0.2536682417309145,-0.046675600203203015,-0.0024565184967630786,0.046740198303539364
-0.251181298184533,-0.04670041875613135,-0.003878736687108827,0.04686121755018695
-0.24869435463815148,-0.04668092490555472,-0.005304601743682491,0.04698135321270683
-0.24620741109176997,-0.046616916808662694,-0.006732703416859834,0.047100596896909645
-0.24372046754538845,-0.046508238419819985,-0.008161622261117453,0.04721894025545245
-0.24123352399900694,-0.04635477987863063,-0.009589931151205756,0.04733637498880924
-0.23874658045262542,-0.04615647784687467,-0.011016196814123946,0.04745289284623801
-0.2362596369062439,-0.04591331579368448,-0.012438981375142105,0.047568485626743776
-0.2337726933598624,-0.04562532422838955,-0.013856843916090714,0.04768314518003789
-0.23128574981348088,-0.04529258088052032,-0.015268342044114407,0.047796863407493034
-0.22879880626709936,-0.044915210826525345,-0.016672033469066674,0.04790963226309401
-0.22631186272071785,-0.04449338656281977,-0.018066477587702873,0.048021443754384156
-0.22382491917433633,-0.04402732802484787,-0.019450237072813552,0.04813228994340707
-0.22133797562795482,-0.043517302551908,-0.020821879465425467,0.048242162947643684
-0.2188510320815733,-0.04296362479755429,-0.022179978768186445,0.048351054940944396
-0.2163640885351918,-0.04236665658545583,-0.023523117038041254,0.04845895815445617
-0.21387714498881027,-0.04172680671066127,-0.02484988597629808,0.04856586487754442
-0.21139020144242876,-0.04104453068628403,-0.026158888514181643,0.048671767458709526
-0.20890325789604725,-0.04032033043569066,-0.027448740391966476,0.04877665830649794
-0.20641631434966573,-0.03955475393034281,-0.02871807172978448,0.048880529890407455
-0.20392937080328422,-0.03874839477351094,-0.029965528588204057,0.04898337474178688
-0.2014424272569027,-0.03790189173014582,-0.03118977451668244,0.04908518545472951
-0.19895548371052119,-0.03701592820326118,-0.0323894920880024,0.04918595468696076
-0.19646854016413967,-0.03609123165724859,-0.033563384416812905,0.04928567516071929
-0.19398159661775816,-0.035128572988612834,-0.034710176660407044,0.049384339663631885
-0.19149465307137664,-0.03412876584468248,-0.03582861749988571,0.049481941049581736
-0.18900770952499513,-0.033092665890916945,-0.03691748059987238,0.04957847223956998
-0.1865207659786136,-0.03202117002749711,-0.03797556604496498,0.0496739262225705
-0.1840338224322321,-0.03091521555595136,-0.03900170175113274,0.04976829605637757
-0.18154687888585058,-0.02977577929663339,-0.039994744850291045,0.049861574868446584
-0.17905993533946907,-0.02860387665793182,-0.040953583046314024,0.049953755856727296
-0.17657299179308755,-0.027400560658154067,-0.041877135940774066,0.05004483229048981
-0.17408604824670604,-0.026166920901088537,-0.04276435632672939,0.05013479751114294
-0.17159910470032452,-0.024904082506309655,-0.043614231448914485,0.050223644933044834
-0.169112161153943,-0.02361320499535004,-0.04442578422872439,0.05031136804430587
-0.1666252176075615,-0.022295481134921656,-0.04519807445242224,0.05039796040758348
-0.16413827406117998,-0.020952135738424662,-0.04593019992103998,0.050483415660868995
-0.16165133051479846,-0.019584424427038814,-0.04662129756048418,0.050567727518266055
-0.15916438696841695,-0.018193632351744735,-0.047270544490404555,0.050650889770760876
-0.15667744342203543,-0.016781072877675936,-0.04787715905042805,0.05073289628698381
-0.15419049987565392,-0.015348086232252872,-0.04844040178241066,0.0508137410139624
-0.1517035563292724,-0.013896038118598405,-0.04895957636740939,0.05089341797786559
-0.1492166127828909,-0.0124263182957828,-0.049434030516128616,0.05097192128473913
-0.14672966923650937,-0.010940339127490022,-0.04986315681164927,0.05104924512123186
-0.14424272569012786,-0.009439534100742164,-0.05024639350330467,0.0511253837553129
-0.14175578214374635,-0.007925356316358849,-0.05058322525062415,0.05120033153697962
-0.13926883859736483,-0.006399276952868764,-0.05087318381632412,0.051274082898956075
-0.13678189505098332,-0.0048627837056279015,-0.0511158487073866,0.05134663235738208
-0.1342949515046018,-0.0033173792029332285,-0.05131084776332666,0.051417974512492595
-0.13180800795822029,-0.001764579400954908,-0.05145785769081299,0.05148810404928731
-0.12932106441183877,-0.00020591195933986173,-0.0515566045438702,0.05155701573819044
-0.12683412086545726,0.0013570854006316766,-0.05160686414895626,0.0516247044357005
-0.12434717731907574,0.0029228665534287994,-0.051608462474275224,0.051691165085030015
-0.12186023377269423,0.004489878640260508,-0.05156127594275216,0.051756392716734996
-0.11937329022631271,0.006056563751721034,-0.05146523168816587,0.05182038244933411
-0.1168863466799312,0.007621360620118992,-0.05132030775400351,0.05188312948991737
-0.11439940313354968,0.009182706319501537,-0.05112653323467112,0.05194462913474447
-0.11191245958716817,0.010739037971372274,-0.050883988358764384,0.052004876769832314
-0.10942551604078665,0.012288794454089232,-0.05059280451417447,0.05206386787153185
-0.10693857249440514,0.013830418113920986,-0.05025316421487549,0.0521215980070941
-0.10445162894802362,0.015362356475732768,-0.04986530100931134,0.05217806283522525
-0.10196468540164211,0.016883063951270167,-0.04942949933037173,0.05223325810663066
-0.09947774185526059,0.018391003543007947,-0.04894609428701919,0.05228717966454782
-0.09699079830887908,0.019884648541531987,-0.04841547139770078,0.05233982344526806
-0.09450385476249756,0.021362484214427106,-0.0478380662657504,0.05239118547864682
-0.09201691121611605,0.02282300948465033,-0.047214364197059606,0.052441261888602785
-0.08952996766973453,0.02426473859637779,-0.04654489976036603,0.05249004889360523
-0.08704302412335302,0.025686202766326337,-0.04583025629058045,0.052537542807150006
-0.0845560805769715,0.027085951818564418,-0.045071065335644145,0.052583740038223754
-0.08206913703058999,0.02846255580084464,-0.044268006047478645,0.052628637091756435
-0.07958219348420847,0.02981460658050952,-0.04342180451765983,0.05267223056906196
-0.07709524993782696,0.031140719418044152,-0.04253323305851749,0.05271451716826701
-0.07460830639144544,0.03243953451637429,-0.041603109430429865,0.052755493684727865
-0.07212136284506393,0.03370971854403505,-0.040632296016149747,0.05279515701143504
-0.06963441929868242,0.03494996613036534,-0.03962169894306597,0.05283350413940608
-0.0671474757523009,0.03615900133091474,-0.03857226715436858,0.05287053215806585
-0.06466053220591939,0.03733557906128389,-0.037484991430151104,0.05290623825561483
-0.06217358865953787,0.03847848649765592,-0.036360903359545865,0.05294061971938488
-0.059686645113156356,0.039586544442315706,-0.03520107426505012,0.052973673936182776
-0.05719970156677484,0.040658608652494,-0.03400661408026135,0.053005398392621195
-0.054712758020393326,0.041693571130917796,-0.03277867018229838,0.053035790675437275
-0.05222581447401181,0.042690361376492486,-0.031518426180242816,0.053064848471798515
-0.049738870927630296,0.043647947593589725,-0.030227100660990477,0.05309256956959614
-0.04725192738124878,0.044565337858463915,-0.028905945893956734,0.0531189518577258
-0.04476498383486727,0.04544158124137137,-0.02755624649613146,0.053143993326355436
-0.04227804028848575,0.04627576888302002,-0.026179318059029916,0.053167692067180555
-0.03979109674210424,0.04706703502403196,-0.02477650573913394,0.05319004627366654
-0.03730415319572272,0.04781455798615811,-0.02334918281346417,0.053211054241278165
-0.03481720964934121,0.04851756110404294,-0.02189874920196867,0.05323071436769625
-0.03233026610295969,0.04917531360639664,-0.020426629958454828,0.05324902515302137
-0.029843322556578178,0.04978713144549387,-0.01893427373183205,0.05326598519996443
-0.027356379010196663,0.050352378073981664,-0.017423151199470154,0.05328159321402456
-0.024869435463815148,0.050870465168042056,-0.01589475347451387,0.05329584800365364
-0.022382491917433633,0.05134085329602192,-0.014350590489027213,0.05330874848040801
-0.01989554837105212,0.051763052531708,-0.012792189354871999,0.05332029365908691
-0.017408604824670604,0.052136623011493896,-0.011221092704253354,0.053330482657857906
-0.014921661278289089,0.0524611754347535,-0.009638857011890895,0.05333931469836918
-0.012434717731907574,0.05273637150680597,-0.008047050900797598,0.05334678910584858
-0.00994777418552606,0.05296192432392712,-0.006447253433669439,0.05335290530918955
-0.0074608306391445445,0.053137598699933654,-0.0048410523919071285,0.05335766284102388
-0.00497388709276303,0.0532632114339383,-0.0032300425443070246,0.05336106133778122
-0.002486943546381515,0.05333863151894645,-0.0016158239074715538,0.05336310053973536
0.0,0.05336378029103736,0.0,0.05336378029103736
0.002486943546381515,0.05333863151894645,0.0016158239074715538,0.05336310053973536
0.00497388709276303,0.0532632114339383,0.0032300425443070246,0.05336106133778122
0.0074608306391445445,0.053137598699933654,0.0048410523919071285,0.05335766284102388
0.00994777418552606,0.05296192432392712,0.006447253433669439,0.05335290530918955
0.012434717731907574,0.05273637150680597,0.008047050900797598,0.05334678910584858
0.014921661278289089,0.0524611754347535,0.009638857011890895,0.05333931469836918
0.017408604824670604,0.052136623011493896,0.011221092704253354,0.053330482657857906
0.01989554837105212,0.051763052531708,0.012792189354871999,0.05332029365908691
0.022382491917433633,0.05134085329602192,0.014350590489027213,0.05330874848040801
0.024869435463815148,0.050870465168042056,0.01589475347451387,0.05329584800365364
0.027356379010196663,0.050352378073981664,0.017423151199470154,0.05328159321402456
0.029843322556578178,0.04978713144549387,0.01893427373183205,0.05326598519996443
0.03233026610295969,0.04917531360639664,0.020426629958454828,0.05324902515302137
0.03481720964934121,0.04851756110404294,0.02189874920196867,0.05323071436769625
0.03730415319572272,0.04781455798615811,0.02334918281346417,0.053211054241278165
0.03979109674210424,0.04706703502403196,0.02477650573913394,0.05319004627366654
0.04227804028848575,0.04627576888302002,0.026179318059029916,0.053167692067180555
0.04476498383486727,0.04544158124137137,0.02755624649613146,0.053143993326355436
0.04725192738124878,0.044565337858463915,0.028905945893956734,0.0531189518577258
0.049738870927630296,0.043647947593589725,0.030227100660990477,0.05309256956959614
0.05222581447401181,0.042690361376492486,0.031518426180242816,0.053064848471798515
0.054712758020393326,0.041693571130917796,0.03277867018229838,0.053035790675437275
0.05719970156677484,0.040658608652494,0.03400661408026135,0.053005398392621195
0.059686645113156356,0.039586544442315706,0.03520107426505012,0.052973673936182776
0.06217358865953787,0.03847848649765592,0.036360903359545865,0.05294061971938488
0.06466053220591939,0.03733557906128389,0.037484991430151104,0.05290623825561483
0.0671474757523009,0.03615900133091474,0.03857226715436858,0.05287053215806585
0.06963441929868242,0.03494996613036534,0.03962169894306597,0.05283350413940608
0.07212136284506393,0.03370971854403505,0.040632296016149747,0.05279515701143504
0.07460830639144544,0.03243953451637429,0.041603109430429865,0.052755493684727865
0.07709524993782696,0.031140719418044152,0.04253323305851749,0.05271451716826701
0.07958219348420847,0.02981460658050952,0.04342180451765983,0.05267223056906196
0.08206913703058999,0.02846255580084464,0.044268006047478645,0.052628637091756435
0.0845560805769715,0.027085951818564418,0.045071065335644145,0.052583740038223754
0.08704302412335302,0.025686202766326337,0.04583025629058045,0.052537542807150006
0.08952996766973453,0.02426473859637779,0.04654489976036603,0.05249004889360523
0.09201691121611605,0.02282300948465033,0.047214364197059606,0.052441261888602785
0.09450385476249756,0.021362484214427106,0.0478380662657504,0.05239118547864682
0.09699079830887908,0.019884648541531987,0.04841547139770078,0.05233982344526806
0.09947774185526059,0.018391003543007947,0.04894609428701919,0.05228717966454782
0.10196468540164211,0.016883063951270167,0.04942949933037173,0.05223325810663066
0.10445162894802362,0.015362356475732768,0.04986530100931134,0.05217806283522525
0.10693857249440514,0.013830418113920986,0.05025316421487549,0.0521215980070941
0.10942551604078665,0.012288794454089232,0.05059280451417447,0.05206386787153185
0.11191245958716817,0.010739037971372274,0.050883988358764384,0.052004876769832314
0.11439940313354968,0.009182706319501537,0.05112653323467112,0.05194462913474447
0.1168863466799312,0.007621360620118992,0.05132030775400351,0.05188312948991737
0.11937329022631271,0.006056563751721034,0.05146523168816587,0.05182038244933411
0.12186023377269423,0.004489878640260508,0.05156127594275216,0.051756392716734996
0.12434717731907574,0.0029228665534287994,0.051608462474275224,0.051691165085030015
0.12683412086545726,0.0013570854006316766,0.05160686414895626,0.0516247044357005
0.12932106441183877,-0.00020591195933986173,0.0515566045438702,0.05155701573819044
0.13180800795822029,-0.001764579400954908,0.05145785769081299,0.05148810404928731
0.1342949515046018,-0.0033173792029332285,0.05131084776332666,0.051417974512492595
0.13678189505098332,-0.0048627837056279015,0.0511158487073866,0.05134663235738208
0.13926883859736483,-0.006399276952868764,0.05087318381632412,0.051274082898956075
0.14175578214374635,-0.007925356316358849,0.05058322525062415,0.05120033153697962
0.14424272569012786,-0.009439534100742164,0.05024639350330467,0.0511253837553129
0.14672966923650937,-0.010940339127490022,0.04986315681164927,0.05104924512123186
0.1492166127828909,-0.0124263182957828,0.049434030516128616,0.05097192128473913
0.1517035563292724,-0.013896038118598405,0.04895957636740939,0.05089341797786559
0.15419049987565392,-0.015348086232252872,0.04844040178241066,0.0508137410139624
0.15667744342203543,-0.016781072877675936,0.04787715905042805,0.05073289628698381
0.15916438696841695,-0.018193632351744735,0.047270544490404555,0.050650889770760876
0.16165133051479846,-0.019584424427038814,0.04662129756048418,0.050567727518266055
0.16413827406117998,-0.020952135738424662,0.04593019992103998,0.050483415660868995
0.1666252176075615,-0.022295481134921656,0.04519807445242224,0.05039796040758348
0.169112161153943,-0.02361320499535004,0.04442578422872439,0.05031136804430587
0.17159910470032452,-0.024904082506309655,0.043614231448914485,0.050223644933044834
0.17408604824670604,-0.026166920901088537,0.04276435632672939,0.05013479751114294
0.17657299179308755,-0.027400560658154067,0.041877135940774066,0.05004483229048981
0.17905993533946907,-0.02860387665793182,0.040953583046314024,0.049953755856727296
0.18154687888585058,-0.02977577929663339,0.039994744850291045,0.049861574868446584
0.1840338224322321,-0.03091521555595136,0.03900170175113274,0.04976829605637757
0.1865207659786136,-0.03202117002749711,0.03797556604496498,0.0496739262225705
0.18900770952499513,-0.033092665890916945,0.03691748059987238,0.04957847223956998
0.19149465307137664,-0.03412876584468248,0.03582861749988571,0.049481941049581736
0.19398159661775816,-0.035128572988612834,0.034710176660407044,0.049384339663631885
0.19646854016413967,-0.03609123165724859,0.033563384416812905,0.04928567516071929
0.19895548371052119,-0.03701592820326118,0.0323894920880024,0.04918595468696076
0.2014424272569027,-0.03790189173014582,0.03118977451668244,0.04908518545472951
0.20392937080328422,-0.03874839477351094,0.029965528588204057,0.04898337474178688
0.20641631434966573,-0.03955475393034281,0.02871807172978448,0.048880529890407455
0.20890325789604725,-0.04032033043569066,0.027448740391966476,0.04877665830649794
0.21139020144242876,-0.04104453068628403,0.026158888514181643,0.048671767458709526
0.21387714498881027,-0.04172680671066127,0.02484988597629808,0.04856586487754442
0.2163640885351918,-0.04236665658545583,0.023523117038041254,0.04845895815445617
0.2188510320815733,-0.04296362479755429,0.022179978768186445,0.048351054940944396
0.22133797562795482,-0.043517302551908,0.020821879465425467,0.048242162947643684
0.22382491917433633,-0.04402732802484787,0.019450237072813552,0.04813228994340707
0.22631186272071785,-0.04449338656281977,0.018066477587702873,0.048021443754384156
0.22879880626709936,-0.044915210826525345,0.016672033469066674,0.04790963226309401
0.23128574981348088,-0.04529258088052032,0.015268342044114407,0.047796863407493034
0.2337726933598624,-0.04562532422838955,0.013856843916090714,0.04768314518003789
0.2362596369062439,-0.04591331579368448,0.012438981375142105,0.047568485626743776
0.23874658045262542,-0.04615647784687467,0.011016196814123946,0.04745289284623801
0.24123352399900694,-0.04635477987863063,0.009589931151205756,0.04733637498880924
0.24372046754538845,-0.046508238419819985,0.008161622261117453,0.04721894025545245
0.24620741109176997,-0.046616916808662694,0.006732703416859834,0.047100596896909645
0.24869435463815148,-0.04668092490555472,0.005304601743682491,0.04698135321270683
0.251181298184533,-0.04670041875613135,0.003878736687108827,0.04686121755018695
0.2536682417309145,-0.046675600203203015,0.0024565184967630786,0.046740198303539364
0.256155185277296,-0.046606716448256126,0.0010393467277268257,0.04661830391282575
0.25864212882367754,-0.0464940595632711,-0.0003713912388767918,0.046495542863002635
0.26112907237005906,-0.04633796595366699,-0.0017743216544046446,0.04637192368294085
0.26361601591644057,-0.04613881577323897,-0.0031680858386875367,0.04624745494444183
0.2661029594628221,-0.04589703229201013,-0.004551341591898507,0.0461221452612513
0.2685899030092036,-0.04561308121797227,-0.005922764580734615,0.04599600328806993
0.2710768465555851,-0.04528746997374335,-0.007281049697390471,0.04586903771956171
0.27356379010196663,-0.04492074692921912,-0.008624912389842898,0.04574125728935984
0.27605073364834815,-0.044513500591346414,-0.0099530899620074,0.045612670769070406
0.27853767719472966,-0.04406635875219183,-0.011264342842373078,0.04548328696727398
0.2810246207411112,-0.043579987596526384,-0.012557455819766507,0.04535311472852533
0.2835115642874927,-0.043055090770189625,-0.013831239244943413,0.04522216293235133
0.2859985078338742,-0.04249240841053936,-0.015084530196755328,0.04509044049224735
0.2884854513802557,-0.041892716140333006,-0.016316193611688207,0.04495795635467222
0.29097239492663723,-0.04125682402642467,-0.017525123375621444,0.04482471949804176
0.29345933847301875,-0.040585575504699094,-0.018710243376708,0.04469073893172138
0.29594628201940026,-0.039879846272696806,-0.01987050851833037,0.04455602369501759
0.2984332255657818,-0.03914054315141802,-0.02100490569114142,0.04442058285616884
0.3009201691121633,-0.03836860291782228,-0.02211245470325493,0.04428442551133549
0.3034071126585448,-0.0375649911095697,-0.023192209167707166,0.044147560783589515
0.3058940562049263,-0.036730700803574705,-0.02424325734636847,0.04400999782190375
0.30838099975130784,-0.03586675136996786,-0.025264722949541487,0.04387174580014089
0.31086794329768935,-0.034974187203082506,-0.026255765890542192,0.04373281391604271
0.31335488684407087,-0.03405407643110235,-0.02721558299461849,0.04359321139021909
0.3158418303904524,-0.033107509606023995,-0.028143408661621558,0.04345294746513758
0.3183287739368339,-0.03213559837560275,-0.029038515481905166,0.0433120314041132
0.3208157174832154,-0.031139474138963456,-0.02990021480498917,0.04317047249029905
0.3233026610295969,-0.030120286687568092,-0.03072785726058382,0.04302828002567736
0.32578960457597844,-0.029079202833241447,-0.03152083323163295,0.042885463330051755
0.32827654812235996,-0.028017405024960782,-0.032278573279095155,0.042742031740040314
0.33076349166874147,-0.026936089956120672,-0.0330005485182433,0.04259799460806993
0.333250435215123,-0.02583646716398534,-0.03368627094632378,0.042453361301372006
0.3357373787615045,-0.024719757623040576,-0.034335293721477825,0.042308141200979595
0.338224322307886,-0.02358719233395441,-0.03494721139288817,0.04216234370072625
0.34071126585426753,-0.022440010909851434,-0.03552166008217426,0.04201597820624653
0.34319820940064905,-0.021279460161598332,-0.0360583176161199,0.04186905413397863
0.34568515294703056,-0.02010679268378889,-0.036556903610876344,0.04172158091016891
0.3481720964934121,-0.018923265443106085,-0.03701717950784297,0.04157356796987868
0.3506590400397936,-0.017730138370725623,-0.03743894856148605,0.041425024755993516
0.3531459835861751,-0.016528672960409135,-0.037822055779413964,0.04127596071823479
0.3556329271325566,-0.015320130873918824,-0.03816638781508425,0.041126385312174135
0.35811987067893813,-0.014105772555365974,-0.038471872813573414,0.040976307998250465
0.36060681422531965,-0.0128868558560837,-0.03873848021089673,0.040825738240790166
0.36309375777170116,-0.01166463467159192,-0.03896622048741833,0.040674685507030094
0.3655807013180827,-0.0104403575921977,-0.03915514487594591,0.04052315926614401
0.3680676448644642,-0.009215266568746201,-0.03930534502515632,0.04037116898827221
0.3705545884108457,-0.007990595595009961,-0.039416952619049025,0.04021872414355468
0.3730415319572272,-0.006767569408173625,-0.039490138953174506,0.04006583420116793
0.37552847550360874,-0.005547402208838989,-0.03952511446843277,0.039912508628365435
0.37801541904999025,-0.004331296401941689,-0.03952212824328475,0.03975875688952207
0.38050236259637177,-0.003120441359936109,-0.03948146744526461,0.039604588445182574
0.3829893061427533,-0.0019160122095679924,-0.03940345674272557,0.039450012751114025
0.3854762496891348,-0.0007191686435161782,-0.039288457677794604,0.03929503925736269
0.3879631932355163,0.0004689462418542014,-0.03913686800155263,0.03913967740731524
0.3904501367818978,0.0016472070814259933,-0.03894912097249655,0.03898393663676451
0.39293708032827934,0.002814507347792744,-0.038725684619377546,0.03882782637297991
0.39542402387466086,0.003969760428133867,-0.03846706096954621,0.03867135603378246
0.39791096742104237,0.005111900670430409,-0.03817378524397047,0.03851453502662501
0.4003979109674239,0.006239884397996047,-0.03784642502012434,0.038357372747677185
0.4028848545138054,0.007352690891343171,-0.037485579363977506,0.038199878580915635
0.4053717980601869,0.008449323336452288,-0.037091877932344704,0.03804206189721947
0.40785874160656843,0.009528809738560207,-0.036665980046881784,0.03788393205347107
0.41034568515294995,0.010590203800632997,-0.03620857374104071,0.03772549839166243
0.41283262869933146,0.011632585765737544,-0.03572037478132003,0.03756677023800694
0.415319572245713,0.012655063222577772,-0.03520212566416926,0.03740775690205715
0.4178065157920945,0.013656771873511416,-0.03465459458992527,0.037248467675828095
0.420293459338476,0.014636876264414926,-0.034078574415177795,0.03708891183292661
0.4227804028848575,0.015594570475816286,-0.03347488158497681,0.03692909862768682
0.42526734643123904,0.016529078774767777,-0.03284435504630893,0.0367690372943116
0.42775428997762055,0.017439656226982854,-0.03218785514428266,0.036608737046020384
0.43024123352400206,0.018325589268814536,-0.0315062625024726,0.03644820707420327
0.4327281770703836,0.0191861962387056,-0.030800476888881167,0.03628745654758161
0.4352151206167651,0.020020827867793294,-0.030071416068983326,0.03612649461137514
0.4377020641631466,0.020828867729405464,-0.02932001464732389,0.03596533038647575
0.4401890077095281,0.021609732647236427,-0.028547222899140474,0.03580397296862802
0.44267595125590964,0.02236287306204519,-0.027754005593485145,0.0356424314276166
0.44516289480229115,0.023087773356769918,-0.02694134080931771,0.035480714806460464
0.44764983834867267,0.02378395214000602,-0.02611021874603963,0.0353188321206143
0.4501367818950542,0.024450962487846287,-0.025261640529933668,0.035156792357176926
0.4526237254414357,0.02508839214413368,-0.024396617017966964,0.03499460447410691
0.4551106689878172,0.025695863679227982,-0.0235161676004076,0.03483227739944559
0.4575976125341987,0.02627303460743888,-0.022621319003693338,0.0346698200305473
0.46008455608058024,0.02681959746332682,-0.02171310409498058,0.03450724123331723
0.46257149962696176,0.027335279837123482,-0.020792560689786483,0.034344549841456705
0.46505844317334327,0.027819844369571686,-0.019860730364122618,0.034181754655716136
0.4675453867197248,0.028273088706532033,-0.01891865727250143,0.034018864443155654
0.4700323302661063,0.028694845413751616,-0.01796738697317703,0.033855887936413566
0.4725192738124878,0.02908498185223492,-0.017007965261963034,0.033692833832982584
0.47500621735886933,0.029443400014703188,-0.01604143701594674,0.03352971079449404
0.47749316090525085,0.02977003632367209,-0.015068845048396624,0.03336652744601006
0.47998010445163236,0.03006486139172082,-0.014091228976134575,0.033203292375323865
0.4824670479980139,0.030327879744567618,-0.013109624100618625,0.03304001413226809
0.4849539915443954,0.030559129507607745,-0.01212506030395321,0.03287670122803144
0.4874409350907769,0.030758682056609265,-0.011138560961016468,0.03271336213448347
0.4899278786371584,0.03092664163330092,-0.01015114186886206,0.03255000528350781
0.49241482218353994,0.031063144926622814,-0.009163810194523218,0.0323866390663437
0.49490176572992145,0.031168360620447155,-0.008177563442312545,0.03222327183293602
0.49738870927630296,0.031242488908610467,-0.007193388441678076,0.03205991189129371
0.4998756528226845,0.031285760978131585,-0.0062122603566415685,0.03189656750685693
0.502362596369066,0.031298438461522096,-0.00523514171780743,0.0317332469018727
0.5048495399154476,0.03128081285912519,-0.004262981477896425,0.03156995825477918
0.507336483461829,0.03123320493244874,-0.003296714091717785,0.03140670969959876
0.5098234270082106,0.03115596406948469,-0.0023372586214570144,0.031243509325339817
0.512310370554592,0.03104946762303354,-0.0013855178681159922,0.031080365175407396
0.5147973141009736,0.030914120223075985,-0.00044237752990198144,0.030917285247022544
0.5172842576473551,0.030750353064257416,0.0004912946116774764,0.030754277490650773
0.5197712011937367,0.03055862316957118,0.0014146494773003301,0.030591349809439245
0.5222581447401181,0.030339412631346725,0.002326857446222004,0.030428510058663077
0.5247450882864997,0.030093227830666144,0.0032271090829447974,0.030265766045180557
0.5272320318328811,0.029820598636349234,0.004114615833575671,0.03010312552689746
0.5297189753792627,0.029522077584661764,0.004988610691328627,0.029940596212240444
0.5322059189256442,0.029198239040914564,0.005848348830670777,0.029778185759639482
0.5346928624720257,0.028849678344132892,0.006693108209654152,0.029615901777019556
0.5371798060184072,0.028477010935984662,0.007522190140020684,0.02945375182130138
0.5396667495647888,0.02808087147516518,0.00833491982470994,0.029291743397911435
0.5421536931111702,0.027661912938441627,0.00913064686244545,0.02912988396030113
0.5446406366575518,0.02722080570956643,0.009908745719117212,0.028968180909475276
0.5471275802039333,0.02675823665727138,0.010668616165723632,0.028806641593529803
0.5496145237503148,0.02627490820355607,0.011409683682679857,0.02864527330719868
0.5521014672966963,0.025771537383485265,0.012131399830341897,0.028484083291410278
0.5545884108430779,0.025248854897707066,0.012833242585641325,0.028323078732852898
0.5570753543894593,0.024707604158902278,0.013514716644766783,0.028162266763549795
0.5595622979358409,0.02414854033336952,0.014175353691872785,0.028001654460443327
0.5620492414822224,0.0235724293789459,0.014814712633837697,0.027841248844988658
0.5645361850286039,0.02298004708045489,0.015432379801135336,0.027681056882756717
0.5670231285749854,0.022372178083863836,0.0160279691149265,0.02752108548304654
0.569510072121367,0.021749614930324616,0.016601122220516327,0.027361341498506987
0.5719970156677484,0.02111315709125712,0.017151508587365888,0.02720183172476785
0.57448395921413,0.020463610005624133,0.017678825575883725,0.027042562900080325
0.5769709027605114,0.019801784120530155,0.018182798471264305,0.026883541704966846
0.579457846306893,0.019128493936261894,0.018663180484677005,0.026724774761880347
0.5819447898532745,0.01844455705687071,0.019119752722147595,0.02656626863487286
0.584431733399656,0.017750793247378598,0.01955232412151087,0.02640802982927347
0.5869186769460375,0.017048023498670958,0.019960731357848215,0.0262500647913757
0.5894056204924191,0.0163370691011169,0.020344838717859946,0.02609237990813413
0.5918925640388005,0.015618750727938002,0.020704537943655062,0.025934981506870524
0.5943795075851821,0.014893887529322086,0.02103974804647473,0.02577787585498916
0.5968664511315636,0.014163296238254764,0.021350415090898064,0.02562106915970154
0.5993533946779451,0.013427790289017758,0.021636511950108652,0.025464567567760388
0.6018403382243266,0.01268817894927522,0.02189803803283153,0.025308377165202973
0.6043272817707082,0.011945266466644216,0.022135018982577824,0.02515250397710366
0.6068142253170896,0.011199851230616325,0.022347506349862968,0.024996953967335773
0.6093011688634712,0.010452724950669989,0.022535577238090073,0.0248417330383426
0.6117881124098526,0.009704671851383354,0.022699333923815943,0.02468684703091777
0.6142750559562342,0.00895646788532672,0.022838903452141058,0.02453230172399462
0.6167619995026157,0.008208879964484843,0.022954437207987715,0.02437810283444492
0.6192489430489972,0.007462665210925342,0.023046110464052492,0.02422425601688657
0.6217358865953787,0.006718570227400286,0.02311412190623919,0.024070766863500546
0.6242228301417603,0.005977330388533132,0.023158693137397983,0.023917640903856844
0.6267097736881417,0.005239669153211998,0.02318006816021403,0.023764883604749456
0.6291967172345233,0.0045062973987759014,0.023178512840105792,0.023612500370040514
0.6316836607809048,0.0037779127775468073,0.023154314349008033,0.023460496540513173
0.6341706043272863,0.003055199096227084,0.02310778059092917,0.0233088773937337
0.6366575478736678,0.0023388257186459063,0.023039239610184746,0.023157648143922245
0.6391444914200494,0.0016294469923056683,0.022949038983220517,0.02300681394183273
0.6416314349664308,0.0009277016991421156,0.022837545194948558,0.022856379874641328
0.6441183785128124,0.00023421253087926804,0.022705143000528744,0.0227063509658439
0.6466053220591939,-0.000450414410676533,0.022552234773535226,0.022556732175162176
0.6490922656055754,-0.0011255900880937696,0.022379239841453756,0.022407528398458543
0.6515792091519569,-0.0017907429772490023,0.022186593809460742,0.022258744467659637
0.6540661526983385,-0.00244531949049733,0.021974747873438207,0.022110385150688423
0.6565530962447199,-0.0030887843738750674,0.02174416812318146,0.021962455151404988
0.6590400397911015,-0.0037206210781650984,0.02149533483675709,0.021814959109555745
0.6615269833374829,-0.0043403321036904275,0.02122874176696875,0.02166790160073119
0.6640139268838645,-0.004947439318734465,0.020944895420886924,0.02152128713633201
0.666500870430246,-0.005541484251522878,0.020644314333395898,0.021375120163543676
0.6689878139766275,-0.006122028355733319,0.02032752833570773,0.02122940506531927
0.671474757523009,-0.006688653249535476,0.019995077819787276,0.021084146160370607
0.6739617010693906,-0.007240960928193886,0.019647512999627175,0.020939347703167573
0.676448644615772,-0.007778573950302201,0.019285393170303124,0.0207950138839457
0.6789355881621536,-0.008301135597746489,0.018909285965732197,0.020651148828721624
0.6814225317085351,-0.008808310009528862,0.01851976661604728,0.020507756599316893
0.6839094752549166,-0.009299782289613616,0.01811741720548938,0.020364841193389497
0.6863964188012981,-0.009775258588987446,0.01770282593170906,0.02022240654447347
0.6888833623476797,-0.01023446616215705,0.01727658636735428,0.02008045652202632
0.6913703058940611,-0.010677153398334959,0.016839296724809417,0.019938994931484207
0.6938572494404427,-0.011103089827594366,0.01639155912493482,0.019798025514324993
0.6963441929868242,-0.011512066102300662,0.015933978870641047,0.019657551948138795
0.6988311365332057,-0.011903893954155568,0.015467163726115386,0.019517577846706314
0.7013180800795872,-0.01227840612721476,0.014991723202501106,0.019378106760084564
0.7038050236259688,-0.012635456287266776,0.014508267850811782,0.01923914217470021
0.7062919671723502,-0.012974918907985206,0.01401740856284359,0.019100687513450215
0.7087789107187318,-0.013296689134289807,0.013519755880829785,0.01896274613580987
0.7112658542651132,-0.013600682623375729,0.013015919316560437,0.01882532133794814
0.7137527978114948,-0.013886835363892236,0.012506506680669332,0.01868841635285009
0.7162397413578763,-0.014155103473773065,0.011992123422769176,0.01855203435044662
0.7187266849042578,-0.014405462977241275,0.011473371983092794,0.01841617843775108
0.7212136284506393,-0.014637909561531241,0.010950851156275726,0.01828085165900301
0.7237005719970209,-0.01485245831388792,0.010425155467892253,0.018146056995818737
0.7261875155434023,-0.015049143439422043,0.00989687456433263,0.018011797367348818
0.7286744590897839,-0.015228017960415716,0.009366592616585248,0.017878075630442244
0.7311614026361654,-0.015389153397689054,0.008834887738462116,0.017744894579817396
0.7336483461825469,-0.015532639434652223,0.008302331419781903,0.017612256948239518
0.7361352897289284,-0.015658583564681843,0.007769487974997809,0.017480165406704818
0.73862223327531,-0.01576711072247227,0.007236914007733147,0.01734862256463101
0.7411091768216914,-0.01585836290002447,0.006705157891660567,0.017217630970054226
0.743596120368073,-0.015932498747945605,0.00617475926813425,0.017087193109832234
0.7460830639144544,-0.01598969316274159,0.0056462485609595475,0.016957311409853952
0.748570007460836,-0.01603013686079399,0.005120146508655254,0.016827988235255
0.7510569510072175,-0.016054035939719588,0.00459696371453975,0.016699225890639463
0.753543894553599,-0.016061611427817844,0.004077200214942991,0.016571026620307506
0.7560308380999805,-0.01605309882231656,0.0035613450658212565,0.016443392608489003
0.7585177816463621,-0.016028747617130967,0.003049875948023644,0.01631632597958299
0.7610047251927435,-0.015988820820854607,0.0025432587914324453,0.016189828798402785
0.7634916687391251,-0.0159335944657031,0.0020419474181738043,0.016063903070426908
0.7659786122855066,-0.015863357108133337,0.0015463832050665695,0.01593855074205545
0.7684655558318881,-0.01577840932186124,0.001056994765453121,0.01581377370087206
0.7709524993782696,-0.015679063184000898,0.0005741976505268054,0.015689573775911278
0.7734394429246512,-0.015565641755046567,9.83940702470454e-05,0.015565952737931236
0.7759263864710326,-0.015438478553416764,-0.0003700273660943281,0.015442912299691663
0.7784133300174142,-0.015297917025276537,-0.0008306918896173908,0.015320454116236955
0.7809002735637957,-0.015144310010350137,-0.0012832387918953684,0.01519857978518442
0.7833872171101772,-0.014978019204431165,-0.001727321625305646,0.015077290847017488
0.7858741606565587,-0.014799414619291799,-0.002162608383726277,0.014956588785383886
0.7883611042029403,-0.014608874040685777,-0.0025887816636399044,0.014836475027398554
0.7908480477493217,-0.014406782485132916,-0.003005538805728583,0.014716950943951434
0.7933349912957033,-0.014193531656164172,-0.0034125920170689967,0.014598017850019828
0.7958219348420847,-0.013969519400697733,-0.003809668474058081,0.01447967700498538
0.7983088783884663,-0.013735149166206807,-0.004196510406223002,0.014361929612955548
0.8007958219348478,-0.013490829459329135,-0.004572875161091145,0.01424477682308948
0.8032827654812293,-0.013236973306557511,-0.004938535250316335,0.014128219729928225
0.8057697090276108,-0.012973997717638321,-0.005293278377279661,0.014012259373729161
0.8082566525739924,-0.012702323152293098,-0.005636907446402205,0.013896896740804614
0.8107435961203738,-0.01242237299086467,-0.005969240554427638,0.013782132763864512
0.8132305396667554,-0.012134573009475999,-0.006290110963950965,0.013667968322363042
0.8157174832131369,-0.011839350860275315,-0.00659936705948881,0.013554404242849177
0.8182044267595184,-0.01153713555732675,-0.006896872286403505,0.013441441299321063
0.8206913703058999,-0.011228356968689913,-0.00718250507301118,0.013329080213584081
0.8231783138522815,-0.010913445315216392,-0.007456158736219816,0.013217321655612596
0.8256652573986629,-0.0105928306765745,-0.007717741371059562,0.013106166243915194
0.8281522009450445,-0.010266942504997613,-0.007967175724481784,0.012995614545903495
0.830639144491426,-0.009936209147233274,-0.008204399053818645,0.012885667078264225
0.8331260880378075,-0.009601057375153911,-0.008429362970307693,0.012776324307334714
0.835613031584189,-0.009261911925471348,-0.008642033268099194,0.012667586649481487
0.8380999751305706,-0.008919195048979358,-0.00884238973917647,0.012559454471482078
0.840586918676952,-0.008573326069730708,-0.009030425974629655,0.012451928090909862
0.8430738622233336,-0.00822472095453517,-0.009206149152735581,0.01234500777652181
0.845560805769715,-0.007873791893147577,-0.009369579814304823,0.012238693748649195
0.8480477493160966,-0.007520946889494521,-0.009520751625767189,0.012132986179590986
0.8505346928624781,-0.007166589364270241,-0.009659711130474646,0.01202788519401009
0.8530216364088596,-0.006811117769211572,-0.009786517488708712,0.011923390869332058
0.8555085799552411,-0.0064549252133435445,-0.009901242206885916,0.011819503236146488
0.8579955235016227,-0.006098399101466653,-0.01000396885646122,0.011716222278610768
0.8604824670480041,-0.0057419207851373295,-0.010094792783034804,0.01161354793485624
0.8629694105943857,-0.0053858652263742346,-0.010173820806171754,0.011511480097396705
0.8654563541407672,-0.005030600674301678,-0.010241170910448787,0.011410018613539021
0.8679432976871487,-0.0046764883549236394,-0.010296971928244684,0.011309163285795967
0.8704302412335302,-0.004323882174200531,-0.010341363214793956,0.011208913872301041
0.8729171847799118,-0.003973128434582603,-0.010374494316024736,0.011109270087225277
0.8754041283262932,-0.0036245655651336206,-0.010396524629703065,0.011010231601195991
0.8778910718726748,-0.003278523865359137,-0.010407623060405966,0.010911798041717206
0.8803780154190562,-0.0029353252628352253,-0.01040796766884531,0.010813968993591945
0.8828649589654378,-0.00259528308471322,-0.01039774531606353,0.010716743999346051
0.8853519025118193,-0.0022587018431588658,-0.010377151303020292,0.01062012255965368
0.8878388460582008,-0.0019258770347637662,-0.01034638900608719,0.010524104133764181
0.8903257896045823,-0.0015970949539503684,-0.010305669508964097,0.01042868813993045
0.8928127331509639,-0.0012726325203726134,-0.010255211231527585,0.010333873955838608
0.8952996766973453,-0.0009527571202966108,-0.01019523955611718,0.010239660919038888
0.8977866202437269,-0.000637726461928882,-0.010125986451760693,0.01014604832737778
0.9002735637901084,-0.0003277884446414368,-0.010047690096834141,0.010053035439431183
0.9027605073364899,-2.3181042027160683e-05,-0.009960594500646007,0.009960621474938647
0.9052474508828714,0.00027586780129833314,-0.009864949124428922,0.00986880561523856
0.907734394429253,0.000569140259247826,-0.009761008502214707,0.00977758700370416
0.9102213379756344,0.0008564287002822735,-0.009649031862061343,0.009686964746180414
0.912708281522016,0.0011375357500296463,-0.009529282748092054,0.009596937911421558
0.9151952250683975,0.0014122743406486604,-0.009402028643798452,0.009507505531529348
0.917682168614779,0.0016804677470976838,-0.009267540597050334,0.00941866660239185
0.9201691121611605,0.0019419496104827157,-0.00912609284724559,0.009330420084122744
0.922656055707542,0.002196563948672366,-0.008977962455023606,0.009242764901501098
0.9251429992539235,0.0024441651543808634,-0.00882342893495529,0.009155699944411452
0.9276299428003051,0.0026846179809323517,-0.008662773891612371,0.009069224068284245
0.9301168863466865,0.002917797515932282,-0.008496280659407421,0.00898333609453644
0.9326038298930681,0.0031435891430834006,-0.008324233946584825,0.008898034811012317
0.9350907734394496,0.0033618884923944936,-0.008146919483731275,0.008813318972424338
0.9375777169858311,0.003572601379041305,-0.007964623677162434,0.008729187300794061
0.9400646605322126,0.0037756437311486615,-0.007777633267530149,0.008645638485892981
0.9425516040785942,0.0039709415067728905,-0.007586234993982092,0.008562671185683253
0.9450385476249756,0.004158430600372138,-0.007390715264193305,0.00848028402675826
0.9475254911713572,0.004338056739061392,-0.0071913598305757016,0.008398475604782914
0.9500124347177387,0.0045097753689563895,-0.006988453472959068,0.00831724448493366
0.9524993782641202,0.004673551531918445,-0.006782279688023422,0.008236589202338085
0.9549863218105017,0.004829359733019286,-0.0065731203857492815,0.008156508262514107
0.9574732653568833,0.004977183799050695,-0.006361255593139214,0.008077000141808694
0.9599602089032647,0.005117016728410625,-0.00614696316544964,0.007998063287835927
0.9624471524496463,0.005248860532701826,-0.0059305185051591325,0.007919696119914565
0.9649340959960278,0.005372726070384524,-0.00571219428888469,0.007841897029504812
0.9674210395424093,0.005488632872828438,-0.005492260202444455,0.007764664380644417
0.9699079830887908,0.005596608963113488,-0.0052709826842509706,0.00768799651038395
0.9723949266351724,0.005696690667931657,-0.005048624677205299,0.007611891729221189
0.9748818701815538,0.0057889224229449865,-0.004825445389248821,0.0075363483215346375
0.9773688137279354,0.005873356571957214,-0.004601700062715069,0.0074613645460160204
0.9798557572743168,0.005950053160257712,-0.004377639752611076,0.0073869386361018015
0.9823427008206984,0.006019079722498142,-0.004153511113942925,0.007313068800403542
0.9848296443670799,0.006080511065462367,-0.003929556198187659,0.007239753223137191
0.9873165879134614,0.0061344290460906194,-0.003706012258999486,0.0071669900645511386
0.9898035314598429,0.0061809223451186205,-0.0034831115672249576,0.007094777461353031
0.9922904750062245,0.006220086236691379,-0.0032610812352888304,0.007023113527135273
0.9947774185526059,0.006252022354310367,-0.0030401430509989277,0.006951996352799216
0.9972643620989875,0.0062768384534709135,-0.002820513320805374,0.006881424006977894
0.999751305645369,0.00629464817134469,-0.0026024027225369463,0.006811394536457329
1.0022382491917505,0.006305570783859292,-0.002386016167624938,0.006741905966596351
1.004725192738132,0.0063097309605243896,-0.00217155267281176,0.0066729563017448226
1.0072121362845134,0.006307258517349997,-0.0019592052413306836,0.006604543525660324
1.0096990798308951,0.006298288168199081,-0.001749160753529665,0.006536665601923126
1.0121860233772766,0.006282959274912207,-0.0015415998669020816,0.006469320474349515
1.014672966923658,0.006261415596537556,-0.0013366969254746605,0.0064025060674033855
1.0171599104700395,0.006233805037994643,-0.0011346198784923276,0.006336220286605993
1.0196468540164212,0.006200279398494882,-0.0009355302083288575,0.006270461018943973
1.0221337975628026,0.006160994120036424,-0.0007395828675411091,0.006205226133275379
1.024620741109184,0.006116108036284917,-0.000546926224975493,0.00614051348073391
1.0271076846555656,0.006065783122145521,-0.000357702020823857,0.00607632089513111
1.0295946282019472,0.006010184244325049,-0.00017204533051798997,0.0060126461933566406
1.0320815717483287,0.005949478913176228,9.915462659000291e-06,0.00594948717577644
1.0345685152947102,0.005883837036109161,0.00018805868637365147,0.005886841626628868
1.0370554588410916,0.005813430672847652,0.00036226938959441567,0.005824707314418727
1.0395424023874733,0.005738433792800496,0.00053243934464195,0.005763081992309101
1.0420293459338548,0.005659022034810254,0.0006984670410921187,0.005701963398511075
1.0445162894802362,0.005575372469533749,0.000860257671694465,0.005641349256671142
1.0470032330266177,0.005487663364700765,0.0010177231104751725,0.00558123727625642
1.0494901765729994,0.005396073953488703,0.0011707818832017447,0.00552162515293755
1.0519771201193808,0.005300784206242774,0.0013193591303917813,0.005462510568969271
1.0544640636657623,0.005201974605762427,0.001463386563055556,0.005403891193568641
1.0569510072121437,0.005099825926366056,0.001602802411367098,0.005345764683290837
1.0594379507585254,0.004994519016937166,0.0017375513664642241,0.005288128682402565
1.0619248943049069,0.004886234588146076,0.0018675845155830583,0.005230980823253002
1.0644118378512883,0.004775153004032267,0.001992859270737026,0.005174318726642271
1.0668987813976698,0.004661454078123083,0.002113339291155099,0.005118140002187343
1.0693857249440515,0.004545316874255763,0.0022289943996971918,0.005062442248685473
1.071872668490433,0.00442691951225984,0.0023398004934692992,0.005007223054475013
1.0743596120368144,0.004306438978648291,0.0024457394488630445,0.004952479997793655
1.0768465555831959,0.004184050942455998,0.00254679902124813,0.004898210647134049
1.0793334991295775,0.004059929576355004,0.0026429727395480525,0.004844412561596737
1.081820442675959,0.003934247383166739,0.0027342597959318397,0.004791083291240465
1.0843073862223405,0.003807175027881909,0.0028206649308563847,0.004738220377429766
1.086794329768722,0.003678881175289597,0.0029021983136952984,0.0046858213531798245
1.0892812733151036,0.0035495323333079015,0.0029788754191913728,0.004633883743498623
1.091768216861485,0.0034192927020991123,0.0030507168999705002,0.00458240506572628
1.0942551604078665,0.003288324029043457,0.003117748455355377,0.004531382829871631
1.096742103954248,0.003156785469636485,0.003180000696717218,0.00448081453894602
1.0992290475006297,0.0030248334543657787,0.0032375090096039227,0.0044306976892942015
1.1017159910470111,0.002892621561614598,0.003290313412882057,0.004381029770922499
1.1042029345933926,0.0027603003966303295,0.0033384584151297503,0.004331808267823981
1.106689878139774,0.0026280174765880384,0.0033819928685159795,0.004283030658300861
1.1091768216861557,0.0024959171217700782,0.0034209698204006227,0.004234694415283929
1.1116637652325372,0.0023641403528749027,0.0034554463628878197,0.004186797006649132
1.1141507087789186,0.0022328247944596877,0.003485483480563175,0.004139335895531157
1.1166376523253,0.002102104584513494,0.0035111458966432005,0.004092308540634129
1.1191245958716818,0.001972110290149929,0.003532501917762642,0.0040457123965393265
1.1216115394180632,0.001842968829400042,0.003549623277622918,0.003999544914009921
1.1240984829644447,0.0017148033990794784,0.0035625849797214855,0.003953803540292774
1.1265854265108262,0.0015877334086955611,0.0035714651393790636,0.003908485719417168
1.1290723700572078,0.0014618744203538049,0.003576344825277901,0.0038635888924906073
1.1315593136035893,0.0013373380946156434,0.0035773079007207433,0.0038191104979915474
1.1340462571499708,0.001214232142252782,0.0035744408648162034,0.003775047972059135
1.1365332006963522,0.0010926602818370037,0.0035678326937921352,0.0037313987487798943
1.139020144242734,0.000972722203097604,0.0035575746826343848,0.0036881602604713643
1.1415070877891154,0.0008545135359731848,0.0035437602872437214,0.0036453299379626937
1.1439940313354968,0.0007381258252777271,0.003526484967299308,0.003602905210872182
1.1464809748818783,0.0006236465108961726,0.0035058460300120505,0.0035608835078817483
1.14896791842826,0.0005111589134183381,0.0034819424749464555,0.0035192622570083157
1.1514548619746414,0.0004007422251156568,0.0034548748400843703,0.00347803888587213
1.1539418055210229,0.0002924715061596299,0.0034247450492989277,0.003437210821962016
1.1564287490674043,0.00018641768597643118,0.0033916562614015266,0.00339677549289749
1.158915692613786,8.264756962762725e-05,0.0033557127209194507,0.0033567303266878582
1.1614026361601675,-1.8776150897596872e-05,0.0033170196107559736,0.0033170727519881505
1.163889579706549,-0.00011779488059671574,0.0032756829068793553,0.0032778001983519945
1.1663765232529304,-0.00021435410069724675,0.0032318092351813436,0.003238910096481399
1.168863466799312,-0.0003084033433545386,0.003185505730640008,0.0032003998784734056
1.1713504103456935,-0.000399896161933264,0.00313687989891597,0.003162266978063684
1.173837353892075,-0.0004887900970044908,0.0030860394805050768,0.003124508830866974
1.1763242974384565,-0.0005750466381931992,0.0030330923175648033,0.003087122874614473
1.1788112409848381,-0.0006586311820137015,0.0029781462235255415,0.003050106549388105
1.1812981845312196,-0.0007395129858326896,0.0029213088555920252,0.0030134572978516836
1.183785128077601,-0.0008176651181017312,0.002862687590234143,0.0029771725654790114
1.1862720716239825,-0.0008930644050029425,0.002802389401760271,0.0029412498007788373
1.1887590151703642,-0.0009656913736531895,0.002740520744060405,0.0029056864555167647
1.1912459587167457,-0.0010355301920133917,0.002677187435600225,0.002870479984934053
1.1937329022631271,-0.001102568605651026,0.0026124945477412997,0.002835627847963351
1.1962198458095086,-0.0011667978715045166,0.002546546296456634,0.002801127507441328
1.1987067893558903,-0.0012282126887991015,0.002479445937504914,0.002766976430318253
1.2011937329022717,-0.0012868111272642672,0.002411295665120815,0.002733172087864496
1.2036806764486532,-0.0013425945528030855,0.0023421965142729484,0.0026997119558739716
1.2061676199950346,-0.0013955675507639018,0.0022722482665352432,0.0026665935148645313
1.2086545635414163,-0.0014457378469646968,0.0022015493596117823,0.0026338142502752857
1.2111415070877978,-0.0014931162266201726,0.0021301968005494982,0.0026013716526609152
1.2136284506341792,-0.0015377164513209122,0.0020582860826676027,0.0025692632178829253
1.2161153941805607,-0.0015795551742136145,0.0019859111062269187,0.002537486447297882
1.2186023377269424,-0.001618651853530046,0.001913164102857218,0.0025060388479426488
1.2210892812733238,-0.0016550286646117593,0.001840135563754886,0.0024749179327165772
1.2235762248197053,-0.0016887104105759614,0.0017669141716585045,0.002444121220560734
1.2260631683660868,-0.0017197244317668004,0.0016935867366044337,0.0024136462366341305
1.2285501119124684,-0.0017481005141345867,0.0016202381354596495,0.0023834905124869637
1.23103705545885,-0.001773870796683775,0.0015469512552242094,0.002353651586230912
1.2335239990052314,-0.0017970696781287158,0.001473806940090731,0.0023241270027064462
1.2360109425516128,-0.0018177337228939298,0.0014008839422439902,0.0022949143136472196
1.2384978860979945,-0.0018359015665938105,0.001328258876378723,0.002266011077841517
1.240984829644376,-0.0018516138211239585,0.001256006177909815,0.002237414861290791
1.2434717731907574,-0.0018649129794942897,0.0011841980648442745,0.0022091232373652662
1.2459587167371389,-0.001875843320531178,0.0011129045032807477,0.0021811337869566834
1.2484456602835206,-0.0018844508135734167,0.0010421931764979333,0.0021534440986281404
1.250932603829902,-0.0018907830232838922,0.0009721294575896113,0.002126051768761064
1.2534195473762835,-0.0018948890146960082,0.0009027763856002545,0.002098954401699348
1.255906490922665,-0.0018968192586109134,0.000834194645111452,0.0020721496098906264
1.2583934344690466,-0.0018966255374584277,0.0007664425492263103,0.002045635014024739
1.260880378015428,-0.0018943608517315506,0.0006995760258952375,0.0020194082431693842
1.2633673215618095,-0.0018900793271009837,0.0006336486075238692,0.0019934669349029707
1.265854265108191,-0.0018838361223130007,0.0005687114238005259,0.001967808735444709
1.2683412086545727,-0.0018756873379704156,0.0005048131976780047,0.001942431299781909
1.2708281522009541,-0.001865689926293107,0.0004420002444417733,0.0019173322917945565
1.2733150957473356,-0.0018539016019509906,0.0003803164737940576,0.0018925093843771541
1.275802039293717,-0.0018403807540587843,0.0003198033948810475,0.001867960259557848
1.2782889828400987,-0.0018251863594183609,0.00026050012418804834,0.0018436826086148446
1.2807759263864802,-0.0018083778970908319,0.0002024433962256711,0.0018196741321901688
1.2832628699328616,-0.0017900152643768894,0.0001456675769277945,0.0017959325404007468
1.285749813479243,-0.0017701586942802086,9.020467968073412e-05,0.0017724555529468483
1.2882367570256248,-0.001748868674525096,3.60843839010513e-05,0.0017492408992179104
1.2907237005720062,-0.0017262058681957646,-1.6665943921771736e-05,0.001726286318395734
1.2932106441183877,-0.0017022310360610238,-6.802122680296877e-05,0.0017035895595551081
1.2956975876647692,-0.0016770049606443542,-0.00011795865154680917,0.001681148381761858
1.2981845312111508,-0.0016505883720956953,-0.00016645764082495246,0.0016589605541683405
1.3006714747575323,-0.00162304187591754,-0.0002134998231370747,0.001637023856106407
1.3031584183039138,-0.0015944258825942536,-0.00025906900074277765,0.0016153360771778503
1.3056453618502952,-0.0015648005391698653,-0.00030315111565437804,0.001593895017342358
1.308132305396677,-0.0015342256628159527,-0.0003457342137805567,0.0015726984870029948
1.3106192489430584,-0.0015027606764275651,-0.000386808407311403,0.0015517443070892244
1.3131061924894398,-0.0014704645462816418,-0.0004263658354352624,0.001531030309137505
1.3155931360358213,-0.0014373957217887058,-0.00046440062347824436,0.0015105543353694552
1.318080079582203,-0.0014036120773652482,-0.0005009088405568237,0.0014903142387676395
1.3205670231285844,-0.0013691708564506232,-0.0005358884558341243,0.0014703078831489736
1.3230539666749659,-0.001334128617688967,-0.0005693392934698931,0.0014505331432357797
1.3255409102213476,-0.0012985411832931919,-0.0006012629863540043,0.0014309879047245011
1.328027853767729,-0.0012624635896048818,-0.0006316629287126647,0.0014116700643521149
1.3305147973141105,-0.001225950039860644,-0.0006605442276758382,0.0013925775299602477
1.333001740860492,-0.0011890538591722184,-0.0006879136538938522,0.0013737082205570207
1.3354886844068736,-0.0011518274517246826,-0.0007137795912900132,0.0013550600663766585
1.337975627953255,-0.0011143222601937997,-0.0007381519860354776,0.0013366310089368487
1.3404625714996365,-0.0010765887273808522,-0.0007610422948312121,0.0013184190010939163
1.342949515046018,-0.0010386762600601734,-0.0007824634325810333,0.001300422007095805
1.3454364585923997,-0.001000633195031847,-0.0008024297195383911,0.0012826380026328954
1.3479234021387811,-0.0009625067673693098,-0.0008209568280082338,0.0012650649748866892
1.3504103456851626,-0.0009243430808488453,-0.0008380617286839754,0.0012477009225763634
1.352897289231544,-0.000886187080545474,-0.0008537626366980526,0.0012305438560032396
1.3553842327779257,-0.0008480825275770752,-0.0008680789574631474,0.0012135917970931684
1.3578711763243072,-0.0008100719759763495,-0.0008810312323793926,0.0011968427794368727
1.3603581198706887,-0.0007721967516676892,-0.0008926410844813628,0.0011802948483282448
1.3628450634170701,-0.0007344969335239456,-0.0009029311640968339,0.0011639460608006468
1.3653320069634518,-0.0006970113364757999,-0.0009119250945875595,0.0011477944856612223
1.3678189505098333,-0.0006597774966444483,-0.0009196474182404359,0.0011318382035232395
1.3703058940562147,-0.0006228316584663201,-0.0009261235423755743,0.0011160753068365004
1.3727928376025962,-0.0005862087637765371,-0.000931379685735904,0.001100503899915819
1.3752797811489779,-0.0005499424428162939,-0.0009354428252208295,0.0010851220989676138
1.3777667246953593,-0.0005140650071272996,-0.0009383406430246271,0.001069928032114619
1.3802536682417408,-0.00047860744429510183,-0.0009401014742380643,0.001054919839418745
1.3827406117881222,-0.00044359941450137575,-0.0009407542549697736,0.001040095672902112
1.385227555334504,-0.00040906924884394824,-0.0009403284710417273,0.0010254536965662684
1.3877144988808854,-0.0003750439493819939,-0.0009388541073110644,0.0010109920864096312
1.3902014424272668,-0.0003415491908624965,-0.0009363615976684011,0.0009967090304431614
1.3926883859736483,-0.0003086093240830044,-0.0009328817757605537,0.0009826027287042982
1.39517532952003,-0.00027624738084465006,-0.0009284458264834443,0.0009686713932691804
1.3976622730664114,-0.00024448508044832835,-0.0009230852382887945,0.0009549132482631636
1.400149216612793,-0.00021334283768614375,-0.0009168317563460032,0.0009413265298696692
1.4026361601591744,-0.00018283977227943234,-0.0009097173365984174,0.0009279094863373868
1.405123103705556,-0.00015299371971385975,-0.0009017741007510277,0.0009146603779858444
1.4076100472519375,-0.00012382124342159048,-0.0008930342922244014,0.0009015774772093667
1.410096990798319,-9.533764825989658e-05,-0.0008835302331075392,0.0008886590684794649
1.4125839343447004,-6.755699523517813e-05,-0.0008732942821400983,0.0008759034483456469
1.415070877891082,-4.049211742095339e-05,-0.0008623587937523399,0.0008633089254347038
1.4175578214374636,-1.4154637018075701e-05,-0.0008507560781889638,0.0008508738204484728
1.420044764983845,1.1445016494730549e-05,-0.00083851836274088,0.0008385964661601016
1.4225317085302265,3.629758717212619e-05,-0.0008256777541068786,0.0008264752074088474
1.4250186520766082,6.0394972427296724e-05,-0.0008122662019050549,0.0008145084010934186
1.4275055956229896,8.373020192318218e-05,-0.0007983154633517994,0.0008026944161638943
1.429992539169371,0.00010629741558175609,-0.000783857069124133,0.0007910316336122319
1.4324794827157525,0.00012809184076332326,-0.0007689222904191537,0.0007795184464613867
1.4349664262621342,0.00014910976866746353,-0.0007535421072224266,0.0007681532597530779
1.4374533698085157,0.00016934853000703925,-0.0007377471777951619,0.0007569344905342015
1.4399403133548971,0.00018880647000626388,-0.0007215678093881886,0.0007458605678419362
1.4424272569012786,0.00020748292277350265,-0.0007050339301887999,0.0007349299326875323
1.4449142004476603,0.00022537818509893917,-0.0006881750625047967,0.0007241410380388426
1.4474011439940417,0.0002424934897267022,-0.0006710202971882208,0.0007134923488015848
1.4498880875404232,0.00025883097815055967,-0.0006535982692995411,0.0007029823417993734
1.4523750310868047,0.0002743936729814902,-0.0006359371350113973,0.0006926095057525396
1.4548619746331863,0.00028918544993495585,-0.0006180645497492783,0.0006823723412557553
1.4573489181795678,0.00030321100948474535,-0.000600007647565002,0.0006722693607544866
1.4598358617259493,0.00031647584822964856,-0.0005817930217372361,0.0006622990885202996
1.4623228052723307,0.0003289862300183153,-0.0005634467065918072,0.0006524600606250302
1.4648097488187124,0.0003407491568767906,-0.0005449941605331179,0.0006427508249138553
1.4672966923650939,0.0003517723397823253,-0.0005264602502765207,0.0006331699409772612
1.4697836359114753,0.0003620641693260912,-0.0005078692362702215,0.0006237159801219547
1.4722705794578568,0.0003716336863065095,-0.0004892447592938834,0.000614387525340721
1.4747575230042385,0.0003804905522937968,-0.0004706098282199394,0.0006051831712812571
1.47724446655062,0.00038864502020539033,-0.000451986808922341,0.0005961015242139958
1.4797314100970014,0.00039610790493076724,-0.00043339741431637285,0.0005871412019989395
1.4822183536433828,0.00040289055404312874,-0.0004148626955120403,0.0005783008340515299
1.4847052971897645,0.0004090048186342672,-0.0003964030340625073,0.0005695790613075687
1.487192240736146,0.0004144630243078073,-0.0003780381352880702,0.00056097453618721
1.4896791842825274,0.0004192779423648884,-0.0003597870226551701,0.0005524859225580381
1.492166127828909,0.0004234627612150938,-0.00034166803318917607,0.0005441118956972651
1.4946530713752906,0.00042703105804435044,-0.00032369881389869196,0.0005358511422530491
1.497140014921672,0.00042999677077022107,-0.0003058963191884994,0.0005277023602049647
1.4996269584680535,0.0004323741703138811,-0.00028827680923742465,0.0005196642588236444
1.502113902014435,0.0004341778332167855,-0.0002708558493167905,0.0005117355586295941
1.5046008455608166,0.0004354226146288411,-0.00025364831002451423,0.0005039149913512282
1.507087789107198,0.0004361236216936568,-0.00023666836840927698,0.0004962012998821155
1.5095747326535796,0.00043629618735521167,-0.00021992950995873133,0.0004885932382374747
1.512061676199961,0.0004359558446090273,-0.00020344453142523842,0.00048108957150992703
1.5145486197463427,0.00043511830121972165,-0.0001872255444621639,0.00047368907582452234
1.5170355632927242,0.000433799414925579,-0.00017128398004344526,0.00046639053829306833
1.5195225068391056,0.00043201516914952105,-0.0001556305936388072,0.0004591927569677649
1.522009450385487,0.0004297816492346894,-0.00014027547111669953,0.00045209454079418124
1.5244963939318688,0.0004271150192215711,-0.00012522803534684293,0.0004450947095635638
1.5269833374782502,0.00042403149918246637,-0.00011049705347406446,0.00043819209386452906
1.5294702810246317,0.00042054734312782835,-9.609064483497845e-05,0.00043138553503412394
1.5319572245710131,0.00041667881749788294,-8.201628948896914e-05,0.0004246738851082939
1.5344441681173948,0.00041244218025173574,-6.828083733487165e-05,0.0004180560067717679
1.5369311116637763,0.0004078536605650159,-5.4890517784762174e-05,0.0004115307733073707
1.5394180552101577,0.00040292943914599176,-4.1850949966271276e-05,0.00040509706854479065
1.5419049987565392,0.0003976856291789448,-2.9167153424941812e-05,0.00039875378680881174
1.5443919423029209,0.00039213825790250495,-1.6843559298200507e-05,0.0003924998328670262
1.5468788858493023,0.00038630324882955836,-4.884021932738552e-06,0.0003863341218770498
1.5493658293956838,0.00038019640461427136,6.7081690828040704e-06,0.00038025557933324557
1.5518527729420653,0.0003738333905707459,1.7930276497677648e-05,0.0003742631410129817
1.554339716488447,0.00036722971884678966,2.8780102619004266e-05,0.0003683557529224331
1.5568266600348284,0.0003604007332552939,3.925597619921209e-05,0.0003625323712419439
1.5593136035812099,0.0003533615947647447,4.935673901793267e-05,0.00035679196227096817
1.5618005471275913,0.0003461272676494265,5.908173218506419e-05,0.00035113350237259524
1.564287490673973,0.00033871250629899277,6.843078219124703e-05,0.00034555597791769007
1.5667744342203545,0.00033113184268613466,7.740418673171636e-05,0.00034005838522864484
1.569261377766736,0.00032339957449026166,8.600270032896537e-05,0.00033463973052277597
1.5717483213131174,0.0003155297538742102,9.422751977931389e-05,0.000329299029855359
1.574235264859499,0.00030753617691024195,0.000102080269447904,0.00032403530906233705
1.5767222084058805,0.0002994323736507605,0.0001095629864362363,0.00031884760370270234
1.579209151952262,0.0002912315988384372,0.00011667810564581601,0.0003137349590005688
1.5816960954986434,0.00028294682324971683,0.0001234284447609475,0.00030869642978695555
1.584183039045025,0.00027459072566494584,0.0001298171891731809,0.00030373108044127946
1.5866699825914066,0.00026617568545773946,0.00013584787686933772,0.00029883798483259155
1.589156926137788,0.00025771377579550907,0.00014152438330449125,0.0002940162262605492
1.5916438696841695,0.00024921675744251325,0.0001468509062806433,0.00028926489739615274
1.5941308132305512,0.00024069607315617327,0.00015183195085128346,0.00028458310022225225
1.5966177567769326,0.00023216284266686207,0.0001564723142713583,0.0002799699459738364
1.599104700323314,0.00022362785823084883,0.0001607770710115838,0.0002754245550781202
1.6015916438696955,0.00021510158074558713,0.000164751557855377,0.00027094605709444077
1.6040785874160772,0.00020659413641607692,0.00016840135909605,0.00026653359065397625
1.6065655309624587,0.0001981153139605685,0.0001717322918512776,0.0002621863033992947
1.6090524745088401,0.00018967456234352396,0.00017475039151114408,0.0002579033519237497
1.6115394180552216,0.00018128098902331542,0.00017746189733548585,0.0002536839017107351
1.6140263616016033,0.00017294335870183654,0.00017987323821551482,0.00024952712707280436
1.6165133051479847,0.00016467009256285558,0.00018199101861409906,0.0002454322110906732
1.6190002486943662,0.0001564692679856554,0.00018382200469837392,0.00024139834555210988
1.6214871922407477,0.00014834861872025406,0.00018537311067770405,0.00023742473089073015
1.6239741357871293,0.00014031553551023372,0.0001866513853593588,0.00023351057612470472
1.6264610793335108,0.00013237706714901626,0.0001876639989335855,0.00022965509879538913
1.6289480228798923,0.0001245399219552415,0.0001884182299991088,0.00022585752490588996
1.6314349664262737,0.00011681046965272153,0.00018892145283943301,0.00022211708885957308
1.6339219099726554,0.00010919474364033494,0.0001891811249596647,0.00021843303339852865
1.6364088535190369,0.0001016984436371119,0.00018920477489292102,0.00021480460954200153
1.6388957970654183,9.432693868765246e-05,0.00018899999028475895,0.00021123107652479343
1.6413827406117998,8.708527051300593e-05,0.00018857440626341183,0.00020771170173565503
1.6438696841581815,7.997815719203654e-05,0.00018793569410300293,0.00020424576065566598
1.646356627704563,7.300999715835582e-05,0.00018709155018627638,0.00020083253679662342
1.6488435712509444,6.618487349785237e-05,0.00018604968527278094,0.000197471321639441
1.6513305147973258,5.95065585318997e-05,0.0001848178140778416,0.00019416141457257165
1.6538174583437075,5.297851867137294e-05,0.00018340364516705415,0.00019090212283045914
1.656304401890089,4.660391952666079e-05,0.00018181487117046826,0.00018769276143203138
1.6587913454364704,4.038563125896284e-05,0.00018005915932004486,0.00018453265311924125
1.661278288982852,3.4326234158239195e-05,0.0001781441423134246,0.00018142112829566445
1.6637652325292336,2.8428024433339086e-05,0.00017607740950649134,0.00017835752496516422
1.666252176075615,2.2693020199937464e-05,0.00017386649843668353,0.00017534118867062597
1.6687391196219965,1.7122967652094052e-05,0.00017151888667849151,0.0001723714724327778
1.671226063168378,1.171934740340116e-05,0.00016904198403206222,0.00016944773668909713
1.6737130067147596,6.483380983887566e-06,0.00016644312504534905,0.00016656934923281634
1.676199950261141,1.416037479040704e-06,0.00016372956186976086,0.00016373568515203366
1.6786868938075226,-3.4819597024917496e-06,0.00016090845744879835,0.00016094612676893324
1.681173837353904,-8.210125945690718e-06,0.00015798687903872396,0.00015820006357912913
1.6836607809002857,-1.2768208443429515e-05,0.00015497179205986383,0.000155496892191132
1.6861477244466672,-1.715617912089764e-05,0.0001518700542767342,0.00015283601626595256
1.6886346679930486,-2.1374227482644855e-05,0.00014868841030476904,0.0001502168464568445
1.69112161153943,-2.5422753394413087e-05,0.00014543348644103908,0.00014763880034919356
1.6936085550858118,-2.930235981164549e-05,0.0001421117858159847,0.00014510130240056237
1.6960954986321932,-3.301384546628611e-05,0.00013872968386281675,0.0001426037838808946
1.6985824421785747,-3.65581975231695e-05,0.00013529342410090495,0.00014014568281288728
1.7010693857249561,-3.993658421700748e-05,0.0001318091142291381,0.00013772644391253302
1.7035563292713378,-4.3150347480657724e-05,0.00012828272252494,0.00013534551852984367
1.7060432728177193,-4.6200995575060975e-05,0.00012472007454431824,0.0001330023645897587
1.7085302163641007,-4.909019573088438e-05,0.00012112685011804807,0.00013069644653324213
1.7110171599104822,-5.1819766811610336e-05,0.00011750858063883057,0.00012842723525857832
1.7135041034568639,-5.439167200745621e-05,0.00011387064663400943,0.0001261942080628669
1.7159910470032453,-5.68080115691918e-05,0.00011021827561820275,0.00012399684858372626
1.7184779905496268,-5.907101559057339e-05,0.00010655654021998601,0.0001218346467412093
1.7209649340960083,-6.118303684778063e-05,0.00010289035657655681,0.00011970709867993582
1.72345187764239,-6.314654370390198e-05,9.922448299012592e-05,0.00011761370671144835
1.7259388211887714,-6.496411308616525e-05,9.55635188396047e-05,0.00011555397925679387
1.7284257647351529,-6.663842354327636e-05,9.19119037410004e-05,0.00011352743078933836
1.7309127082815343,-6.817224838987656e-05,8.827391694978857e-05,0.00011153358177781791
1.733399651827916,-6.956844894479838e-05,8.465367699839525e-05,0.00010957195862963139
1.7358865953742975,-7.082996786944747e-05,8.105514156180925e-05,0.00010764209363437658
1.738373538920679,-7.195982261230273e-05,7.748210754424687e-05,0.00010574352490763826
1.7408604824670604,-7.296109896519248e-05,7.39382113796907e-05,0.00010387579633502904
1.743347426013442,-7.383694473666196e-05,7.042692953905594e-05,0.00010203845751648749
1.7458343695598235,-7.459056354741795e-05,6.695157923667698e-05,0.00010023106371083981
1.748321313106205,-7.52252087525067e-05,6.351531932874386e-05,9.845317578062432e-05
1.7508082566525864,-7.57441774945562e-05,6.012115139629298e-05,9.670436013718727e-05
1.7532952001989681,-7.615080489208506e-05,5.677192100532468e-05,9.498418868605044e-05
1.7557821437453496,-7.644845836657313e-05,5.347031913659838e-05,9.329223877255464e-05
1.758269087291731,-7.664053211166278e-05,5.021888377766905e-05,9.162809312778394e-05
1.7607560308381125,-7.673044170756414e-05,4.702000166971098e-05,8.999133981477063e-05
1.7632429743844942,-7.672161888342157e-05,4.387591020172076e-05,8.838157217498708e-05
1.7657299179308756,-7.661750643011207e-05,4.07886994446974e-05,8.679838877512717e-05
1.768216861477257,-7.64215532656464e-05,3.7760314318442284e-05,8.524139335417733e-05
1.7707038050236386,-7.613720965506297e-05,3.479255688367373e-05,8.371019477078455e-05
1.7731907485700202,-7.576792258642053e-05,3.188708875219802e-05,8.22044069509194e-05
1.7756776921164017,-7.531713130422541e-05,2.904543360795432e-05,8.072364883584e-05
1.7781646356627832,-7.4788263001364e-05,2.6268979831811373e-05,7.926754433035821e-05
1.7806515792091646,-7.418472867034629e-05,2.3558983223090222e-05,7.783572225141067e-05
1.7831385227555463,-7.350991911441885e-05,2.0916569810861446e-05,7.642781627693574e-05
1.7856254663019278,-7.276720111885928e-05,1.8342738748173994e-05,7.504346489506117e-05
1.7881124098483092,-7.195991378252387e-05,1.5838365282467038e-05,7.368231135360187e-05
1.7905993533946907,-7.109136500949286e-05,1.3404203795532454e-05,7.234400360987158e-05
1.7930862969410724,-7.016482816043295e-05,1.104089090650896e-05,7.102819428081017e-05
1.7955732404874538,-6.918353886308217e-05,8.748948631503506e-06,6.973454059342679e-05
1.7980601840338353,-6.815069198105482e-05,6.528787593581243e-06,6.846270433556295e-05
1.8005471275802167,-6.706943873996507e-05,4.380710276973781e-06,6.7212351806976e-05
1.8030340711265984,-6.594288400967416e-05,2.304914319513559e-06,6.598315377074392e-05
1.8055210146729799,-6.477408374128631e-05,3.0149583742780805e-07,6.477478540499504e-05
1.8080079582193613,-6.356604255733654e-05,-1.629547223220593e-06,6.358692625496083e-05
1.8104949017657428,-6.232171149345274e-05,-3.48831171400926e-06,6.241926018535669e-05
1.8129818453121245,-6.104398588960829e-05,-5.274985895967884e-06,6.127147533308919e-05
1.815468788858506,-5.973570342893357e-05,-6.989846040980248e-06,6.014326406029284e-05
1.8179557324048874,-5.839964232190694e-05,-8.633253027880109e-06,5.9034322907695534e-05
1.8204426759512689,-5.703851963361386e-05,-1.020564893817806e-05,5.79443525483156e-05
1.8229296194976505,-5.5654989751629646e-05,-1.1707553656203266e-05,5.687305774149021e-05
1.825416563044032,-5.4251642991964346e-05,-1.3139561478268225e-05,5.582014728723621e-05
1.8279035065904135,-5.2831004340392964e-05,-1.4502337735311268e-05,5.47853339809447e-05
1.830390450136795,-5.139553232638899e-05,-1.5796615433295586e-05,5.376833456840864e-05
1.8328773936831766,-4.994761802678293e-05,-1.7023191915482796e-05,5.2768869701186224e-05
1.835364337229558,-4.8489584196174796e-05,-1.818292555052619e-05,5.1786663892298593e-05
1.8378512807759395,-4.702368452104783e-05,-1.9276732450164146e-05,5.082144547226342e-05
1.840338224322321,-4.5552102994454166e-05,-2.030558322012578e-05,4.987294654546504e-05
1.8428251678687027,-4.4076953408073724e-05,-2.1270499747689735e-05,4.894090294686001e-05
1.845312111415084,-4.2600278958387096e-05,-2.2172552029174194e-05,4.802505419902028e-05
1.8477990549614656,-4.1124051963647464e-05,-2.3012855040463927e-05,4.712514346951299e-05
1.850285998507847,-3.965017368828614e-05,-2.3792565653521326e-05,4.624091752861724e-05
1.8527729420542287,-3.818047427134892e-05,-2.4512879601655366e-05,4.537212670737827e-05
1.8552598856006102,-3.671671275551955e-05,-2.5175028496167037e-05,4.4518524855998476e-05
1.8577468291469916,-3.526057721326235e-05,-2.5780276896822197e-05,4.367986930256615e-05
1.860233772693373,-3.381368496658855e-05,-2.63299194384461e-05,4.285592081212068e-05
1.8627207162397548,-3.237758289693829e-05,-2.6825278015773402e-05,4.2046443546055675e-05
1.8652076597861362,-3.0953747841652624e-05,-2.7267699028533776e-05,4.125120502185744e-05
1.8676946033325177,-2.954358707351033e-05,-2.7658550688598697e-05,4.046997607318134e-05
1.8701815468788991,-2.8148438859799974e-05,-2.7999220390861333e-05,3.97025308102635e-05
1.8726684904252808,-2.67695730974018e-05,-2.82911121493782e-05,3.894864658066867e-05
1.8751554339716623,-2.5408192020368273e-05,-2.853564410014807e-05,3.8208103930373474e-05
1.8776423775180437,-2.406543097649902e-05,-2.8734246071768735e-05,3.748068656518441e-05
1.8801293210644252,-2.2742359269434406e-05,-2.8888357225063652e-05,3.676618131249038e-05
1.8826162646108069,-2.143998106280838e-05,-2.8999423762640197e-05,3.606437808334926e-05
1.8851032081571883,-2.0159236343031817e-05,-2.9068896709203842e-05,3.537506983490742e-05
1.8875901517035698,-1.890100193731132e-05,-2.9098229763322946e-05,3.4698052533152055e-05
1.8900770952499513,-1.7666092583541372e-05,-2.908887722121158e-05,3.403312511599511e-05
1.892564038796333,-1.645526204875174e-05,-2.9042291972973574e-05,3.338008945668862e-05
1.8950509823427144,-1.5269204292829926e-05,-2.895992357163233e-05,3.273875032756995e-05
1.8975379258890959,-1.4108554674291972e-05,-2.8843216375152135e-05,3.210891536413726e-05
1.9000248694354773,-1.2973891194918216e-05,-2.869360776154496e-05,3.149039502945255e-05
1.902511812981859,-1.1865735780129126e-05,-2.851252641704777e-05,3.088300257887312e-05
1.9049987565282405,-1.0784555592028546e-05,-2.8301390697248885e-05,3.0286554025109556e-05
1.907485700074622,-9.730764372102399e-06,-2.8061607060940173e-05,2.9700868103609105e-05
1.9099726436210034,-8.7047238106217e-06,-2.779456857637502e-05,2.912576623826433e-05
1.912459587167385,-7.706744939858243e-06,-2.750165349951657e-05,2.8561072507444506e-05
1.9149465307137665,-6.737089548294985e-06,-2.7184223923770726e-05,2.8006613610350223e-05
1.917433474260148,-5.7959716130706e-06,-2.6843624500612678e-05,2.746221883368883e-05
1.9199204178065294,-4.883558747975482e-06,-2.6481181230431682e-05,2.692772001867026e-05
1.9224073613529111,-3.999973664380984e-06,-2.6098200322841472e-05,2.640295152832168e-05
1.9248943048992926,-3.1452956425594393e-06,-2.5695967125627392e-05,2.588775021511964e-05
1.927381248445674,-2.3195620109259847e-06,-2.527574512143112e-05,2.5381955388938816e-05
1.9298681919920555,-1.5227696308053149e-06,-2.4838774991206065e-05,2.488540878531568e-05
1.9323551355384372,-7.548763844047503e-07,-2.438627374341274e-05,2.4397954534025874e-05
1.9348420790848186,-1.5802663751500503e-08,-2.391943390786416e-05,2.3919439127974207e-05
1.9373290226312,6.945671415732378e-07,-2.3439422793073697e-05,2.3449711392394918e-05
1.9398159661775816,1.3763831599903629e-06,-2.294738180590764e-05,2.29886224543622e-05
1.9423029097239632,2.029828558778166e-06,-2.244442583229319e-05,2.2536025712608277e-05
1.9447898532703447,2.6551180721596455e-06,-2.19316426776893e-05,2.2091776807648394e-05
1.9472767968167262,3.252496538473027e-06,-2.1410092565984185e-05,2.1655733592210404e-05
1.9497637403631076,3.822237448200348e-06,-2.0880807695446912e-05,2.1227756101968482e-05
1.9522506839094893,4.36464150454853e-06,-2.0344791850323248e-05,2.0807706526578246e-05
1.9547376274558708,4.880035198200361e-06,-1.980302006663623e-05,2.03954491810127e-05
1.9572245710022522,5.3687693977745845e-06,-1.9256438350722115e-05,1.999085047719687e-05
1.9597115145486337,5.831217957455489e-06,-1.8705963449007604e-05,1.959377889593939e-05
1.9621984580950154,6.267776343177073e-06,-1.8152482667512456e-05,1.9204104959159912e-05
1.9646854016413968,6.678860278668203e-06,-1.7596853739542297e-05,1.882170120241036e-05
1.9671723451877783,7.064904412592363e-06,-1.7039904740019523e-05,1.844644214768818e-05
1.9696592887341597,7.426361007937231e-06,-1.6482434044888985e-05,1.8078204276540465e-05
1.9721462322805414,7.763698654738392e-06,-1.5925210334022068e-05,1.7716866003456423e-05
1.9746331758269229,8.07740100714638e-06,-1.5368972636037756e-05,1.7362307649547243e-05
1.9771201193733043,8.367965545775518e-06,-1.4814430413452327e-05,1.7014411416511224e-05
1.9796070629196858,8.63590236620096e-06,-1.4262263686567715e-05,1.6673061360882214e-05
1.9820940064660675,8.88173299440209e-06,-1.3713123194508887e-05,1.6338143368560223e-05
1.984580950012449,9.105989229881195e-06,-1.3167630591821688e-05,1.60095451296216e-05
1.9870678935588304,9.309212017119476e-06,-1.2626378679049168e-05,1.5687156113407846e-05
1.9895548371052119,9.491950345966536e-06,-1.2089931665709362e-05,1.5370867543890167e-05
1.9920417806515935,9.6547601814961e-06,-1.15588254641085e-05,1.506057237530917e-05
1.994528724197975,9.798203423797162e-06,-1.1033568012432864e-05,1.4756165268086833e-05
1.9970156677443565,9.922846898108855e-06,-1.051463962557711e-05,1.4457542565009619e-05
1.999502611290738,1.0029261375647497e-05,-1.0002493372180528e-05,1.4164602267680165e-05
2.0019895548371194,1.0118020625417195e-05,-9.497555476360264e-06,1.3877244013236513e-05
2.004476498383501,1.0189700497237505e-05,-9.00022574264812e-06,1.3595369051336126e-05
2.0069634419298827,1.0244878036168121e-05,-8.510878002658384e-06,1.3318880221403537e-05
2.009450385476264,1.0284130628456777e-05,-8.029860582035311e-06,1.304768193013944e-05
2.0119373290226457,1.030803517908634e-05,-7.5574967862496935e-06,1.2781680129288795e-05
2.014424272569027,1.0317167320945923e-05,-7.094085403842857e-06,1.2520782293667229e-05
2.0169112161154086,1.0312100655604219e-05,-6.639901225736875e-06,1.2264897399442649e-05
2.0193981596617903,1.0293406025616989e-05,-6.19519557925923e-06,1.201393590267075e-05
2.0218851032081715,1.026165081825602e-05,-5.760196875557171e-06,1.1767809718082334e-05
2.024372046754553,1.0217398300504485e-05,-5.33511116910593e-06,1.1526432198120579e-05
2.026858990300935,1.0161206985122802e-05,-4.920122728044131e-06,1.1289718112226047e-05
2.029345933847316,1.0093630027550632e-05,-4.515394614100506e-06,1.1057583626367906e-05
2.031832877393698,1.0015214653372742e-05,-4.121069270907209e-06,1.0829946282819124e-05
2.034319820940079,9.926501616041138e-06,-3.737269119527567e-06,1.0606724980173743e-05
2.0368067644864607,9.828024684512833e-06,-3.3640971600568685e-06,1.0387839953604226e-05
2.0392937080328424,9.720310160429914e-06,-3.0016375781902613e-06,1.0173212755357125e-05
2.0417806515792236,9.603876424438629e-06,-2.6499563556836896e-06,9.962766235484825e-06
2.0442675951256053,9.479233511216016e-06,-2.30910188366846e-06,9.756424522811723e-06
2.046754538671987,9.346882712745292e-06,-1.9791055778139343e-06,9.554113006132542e-06
2.049241482218368,9.207316209356534e-06,-1.659982494367883e-06,9.35575831564109e-06
2.05172842576475,9.061016728025405e-06,-1.3517319461387008e-06,9.161288304587304e-06
2.054215369311131,8.908457227401226e-06,-1.0543381175183978e-06,8.97063203116087e-06
2.056702312857513,8.750100609015054e-06,-7.677706776804611e-07,8.78371974059917e-06
2.0591892564038945,8.58639945409999e-06,-4.919853911213441e-07,8.600482847517656e-06
2.0616761999502757,8.417795785439168e-06,-2.2692472475071006e-07,8.420853918461038e-06
2.0641631434966574,8.24472085364055e-06,2.748154923158548e-08,8.24476665467274e-06
2.066650087043039,8.067594947224477e-06,2.713157553973054e-07,8.07215587508125e-06
2.0691370305894203,7.886827225896542e-06,5.046717227818734e-07,7.902957499500968e-06
2.071623974135802,7.702815576367726e-06,7.276541988638182e-07,7.737108532045897e-06
2.0741109176821833,7.515946490073519e-06,9.403782704546428e-07,7.574547044754012e-06
2.076597861228565,7.32659496213575e-06,1.1429687920881134e-06,7.415212161420624e-06
2.0790848047749466,7.1351244109031285e-06,1.33555982246453e-06,7.259044041638485e-06
2.081571748321328,6.941886617401496e-06,1.5182940694723925e-06,7.10598386504311e-06
2.0840586918677095,6.747221684018854e-06,1.6913223442783117e-06,6.9559738157607605e-06
2.086545635414091,6.55145801174864e-06,1.8548030249415775e-06,6.808957067057912e-06
2.0890325789604725,6.354912295310872e-06,2.008901529980464e-06,6.6648777661898e-06
2.091519522506854,6.157889535470358e-06,2.1537898022849856e-06,6.523681019446163e-06
2.0940064660532354,5.960683067871348e-06,2.289645803740544e-06,6.38531287739253e-06
2.096493409599617,5.763574607708465e-06,2.4166530208966914e-06,6.249720320304813e-06
2.0989803531459987,5.566834309556368e-06,2.534999981986279e-06,6.116851243795648e-06
2.10146729669238,5.370720841682975e-06,2.6448797855713e-06,5.986654444630287e-06
2.1039542402387617,5.175481474175624e-06,2.7464896410635845e-06,5.859079606730453e-06
2.1064411837851433,4.981352180213677e-06,2.8400304213411316e-06,5.734077287363908e-06
2.1089281273315246,4.788557749827429e-06,2.925706227654364e-06,5.611598903518307e-06
2.1114150708779063,4.597311915488951e-06,3.003723966990387e-06,5.491596718457133e-06
2.1139020144242875,4.4078174888881635e-06,3.0742929420379953e-06,5.37402382845601e-06
2.116388957970669,4.220266508255173e-06,3.137624453871863e-06,5.2588341497175034e-06
2.118875901517051,4.034840395598512e-06,3.193931417450522e-06,5.14598240546264e-06
2.121362845063432,3.8517101232381165e-06,3.2434279899994967e-06,5.0354241131971366e-06
2.1238497886098138,3.6710363890220667e-06,3.2863292123289404e-06,4.927115572150782e-06
2.1263367321561955,3.4929697996262454e-06,3.3228506631133443e-06,4.8210138508879854e-06
2.1288236757025767,3.3176510613465413e-06,3.3532081261407747e-06,4.71707677508755e-06
2.1313106192489584,3.1452111778061867e-06,3.3776172705182463e-06,4.615262915490309e-06
2.1337975627953396,2.975771654010949e-06,3.3962933438014207e-06,4.515531576012385e-06
2.1362845063417213,2.8094447061983212e-06,3.4094508779982357e-06,4.417842782022546e-06
2.138771449888103,2.646333476939211e-06,3.4173034083783577e-06,4.322157268781819e-06
2.141258393434484,2.4865322549638114e-06,3.420063205003589e-06,4.2284364700436065e-06
2.143745336980866,2.3301266991965734e-06,3.4179410168784033e-06,4.136642506812559e-06
2.1462322805272476,2.1771940664989142e-06,3.411145828604527e-06,4.046738176260498e-06
2.148719224073629,2.0278034426321473e-06,3.399884629408795e-06,3.958686940797538e-06
2.1512061676200105,1.882015975967679e-06,3.3843621944000126e-06,3.872452917296948e-06
2.1536931111663917,1.7398851134848308e-06,3.364780877897367e-06,3.7880008664716406e-06
2.1561800547127734,1.6014568386123919e-06,3.3413404186609614e-06,3.7052961824010513e-06
2.158666998259155,1.4667699104836463e-06,3.3142377568431435e-06,3.624304882206363e-06
2.1611539418055363,1.3358561041897635e-06,3.2836668624688957e-06,3.544993595872548e-06
2.163640885351918,1.208740451631102e-06,3.249818575243375e-06,3.467329556215595e-06
2.1661278288982997,1.0854414825808144e-06,3.212880455475204e-06,3.391280588993159e-06
2.168614772444681,9.659714655901241e-07,3.1730366458956075e-06,3.3168151031570607e-06
2.1711017159910626,8.503366483793002e-07,3.1304677441454337e-06,3.2439020812459705e-06
2.173588659537444,7.385374973733493e-07,3.0853506856948905e-06,3.1725110699167653e-06
2.1760756030838255,6.305689360559443e-07,3.037858636953838e-06,3.102612170612652e-06
2.178562546630207,5.264205818304769e-07,2.9881608983249234e-06,3.0341760303668523e-06
2.1810494901765884,4.2607698109086643e-07,2.9364228169460457e-06,2.967173832739979e-06
2.18353643372297,3.295178422199164e-07,2.8828057088639487e-06,2.9015772888895867e-06
2.186023377269352,2.3671826624722838e-07,2.827466790376657e-06,2.8373586287704213e-06
2.188510320815733,1.4764897491283207e-07,2.7705591182786035e-06,2.774490592463691e-06
2.1909972643621147,6.227653589680255e-08,2.7122315387394355e-06,2.7129464216339017e-06
2.193484207908496,-1.9436415010894908e-08,2.6526286445447696e-06,2.652699851111674e-06
2.1959711514548776,-9.753095501240404e-08,2.5918907404252957e-06,2.5937251006010675e-06
2.1984580950012593,-1.7205165887434332e-07,2.5301538161990634e-06,2.535996866509913e-06
2.2009450385476406,-2.430463871562162e-07,2.4675495274506036e-06,2.4794903139015057e-06
2.2034319820940222,-3.1056607826660846e-07,2.4042051834704053e-06,2.424181068566428e-06
2.205918925640404,-3.746645445070257e-07,2.3402437421777237e-06,2.3700452092128227e-06
2.208405869186785,-4.353982722502249e-07,2.275783811750337e-06,2.317059259773771e-06
2.210892812733167,-4.928262263876776e-07,2.210939658685457e-06,2.265200181830225e-06
2.213379756279548,-5.470096591688171e-07,2.1458212220173692e-06,2.214445367148194e-06
2.2158666998259298,-5.980119235430421e-07,2.0805341334186815e-06,2.1647726303286154e-06
2.2183536433723114,-6.458982911040619e-07,2.0151797429142054e-06,2.1161602015686125e-06
2.2208405869186927,-6.907357747249159e-07,1.9498551499386315e-06,2.068586719532694e-06
2.2233275304650744,-7.325929559612755e-07,1.8846532394717313e-06,2.0220312243324457e-06
2.225814474011456,-7.715398172901308e-07,1.8196627229879307e-06,1.9764731506134707e-06
2.2283014175578373,-8.076475792407471e-07,1.7549681839600492e-06,1.931892320748098e-06
2.230788361104219,-8.409885424648479e-07,1.6906501276606914e-06,1.888268938132559e-06
2.2332753046506,-8.716359347835123e-07,1.6267850350084482e-06,1.8455835805872802e-06
2.235762248196982,-8.996637632390279e-07,1.5634454202100751e-06,1.8038171938589753e-06
2.2382491917433636,-9.251466711709672e-07,1.5006998919540395e-06,1.7629510852231799e-06
2.240736135289745,-9.481598003272282e-07,1.438613217915365e-06,1.7229669171859833e-06
2.2432230788361265,-9.687786580125312e-07,1.3772463923362406e-06,1.6838467012836266e-06
2.245710022382508,-9.870789892689372e-07,1.316656706451766e-06,1.6455727919787072e-06
2.2481969659288894,-1.0031366540753725e-06,1.2568978215351048e-06,1.6081278806516682e-06
2.250683909475271,-1.0170275095457659e-06,1.1980198443417331e-06,1.5714949896863985e-06
2.2531708530216523,-1.0288272970986897e-06,1.1400694047374405e-06,1.5356574666486591e-06
2.255657796568034,-1.0386115345645494e-06,1.0830897353003657e-06,1.500598978556078e-06
2.2581447401144157,-1.0464554131901818e-06,1.0271207526928744e-06,1.4663035062385313e-06
2.260631683660797,-1.052433699494738e-06,9.7219914060466e-07,1.4327553387876871e-06
2.2631186272071786,-1.05662064192507e-06,9.183584340741986e-07,1.399939068094523e-06
2.2656055707535603,-1.0590898822534398e-06,8.656291050014515e-07,1.3678395834735954e-06
2.2680925142999415,-1.059914371655378e-06,8.140386486707311e-07,1.3364420663729816e-06
2.270579457846323,-1.0591662914007632e-06,7.636116711081792e-07,1.3057319851685766e-06
2.2730664013927044,-1.0569169780867878e-06,7.143699771047191e-07,1.2756950900417796e-06
2.275553344939086,-1.0532368533372297e-06,6.663326587409274e-07,1.2463174079392706e-06
2.278040288485468,-1.0481953578887446e-06,6.195161842564773e-07,1.2175852376138678e-06
2.280527232031849,-1.0418608899811988e-06,5.739344871126574e-07,1.1894851447452737e-06
2.2830141755782307,-1.034300747965831e-06,5.295990551025519e-07,1.1620039571396447e-06
2.2855011191246124,-1.0255810770419883e-06,4.865190193694128e-07,1.1351287600068903e-06
2.2879880626709936,-1.0157668200304284e-06,4.447012431996628e-07,1.108846891314601e-06
2.2904750062173753,-1.0049216720887211e-06,4.041504104629345e-07,1.0831459372175798e-06
2.2929619497637566,-9.931080392719614e-07,3.64869113577329e-07,1.058013727561843e-06
2.2954488933101382,-9.803870008400992e-07,3.268579408841259e-07,1.0334383314621418e-06
2.29793583685652,-9.66818275211367e-07,2.9011556332164107e-07,1.009408052951885e-06
2.300422780402901,-9.524601894598152e-07,2.5463882029388133e-07,9.859114267044918e-07
2.302909723949283,-9.373696522536269e-07,2.2042280463519482e-07,9.629372138251436e-07
2.3053966674956645,-9.216021301298178e-07,1.8746094657766821e-07,9.404743977119276e-07
2.3078836110420458,-9.052116270000775e-07,1.5574509663351484e-07,9.185121799853884e-07
2.3103705545884274,-8.882506667818364e-07,1.2526560731011246e-07,8.970399764855233e-07
2.3128574981348087,-8.707702790481426e-07,9.601141358064203e-08,8.76047413335222e-07
2.3153444416811904,-8.528199875897227e-07,6.797011203851729e-08,8.555243230692295e-07
2.317831385227572,-8.344478017824287e-07,4.112803866873317e-08,8.35460740827637e-07
2.3203183287739533,-8.157002106534402e-07,1.547034517458324e-08,8.158469006130301e-07
2.322805272320335,-7.966221795397462e-07,-9.018926197238834e-09,7.966732316103052e-07
2.3252922158667166,-7.772571492329227e-07,-3.235676938519432e-08,7.779303545682843e-07
2.327779159413098,-7.576470375047249e-07,-5.456114284252011e-08,7.596090782422021e-07
2.3302661029594796,-7.378322429087569e-07,-7.565089951077712e-08,7.417003958961843e-07
2.332753046505861,-7.178516507542902e-07,-9.564571847578948e-08,7.241954818648136e-07
2.3352399900522425,-6.977426411493336e-07,-1.1456603834014409e-07,7.070856881729421e-07
2.337726933598624,-6.775410990111073e-07,-1.3243299234221132e-07,6.903625412128698e-07
2.3402138771450054,-6.572814259432975e-07,-1.4926834524763518e-07,6.740177384780179e-07
2.342700820691387,-6.369965538808536e-07,-1.6509443203532086e-07,6.580431453523002e-07
2.3451877642377688,-6.167179604044482e-07,-1.7993409839616195e-07,6.424307919543257e-07
2.34767470778415,-5.964756856282962e-07,-1.9381064305907114e-07,6.271728700356201e-07
2.3501616513305317,-5.762983505666459e-07,-2.0674776195538355e-07,6.122617299320582e-07
2.352648594876913,-5.562131768859401e-07,-2.187694942293011e-07,5.976898775677018e-07
2.3551355384232946,-5.362460079514506e-07,-2.2990017009877015e-07,5.834499715102492e-07
2.3576224819696763,-5.164213310790423e-07,-2.401643605680511e-07,5.695348200773247e-07
2.3601094255160575,-4.967623009046159e-07,-2.4958682899025307e-07,5.559373784928101e-07
2.362596369062439,-4.772907637858186e-07,-2.58192484475237e-07,5.426507460924989e-07
2.365083312608821,-4.5802728315254303e-07,-2.660063371355397e-07,5.296681635782599e-07
2.367570256155202,-4.389911657249627e-07,-2.730534551603296e-07,5.169830103200258e-07
2.370057199701584,-4.202004885198308e-07,-2.793589237049889e-07,5.04588801704828e-07
2.372544143247965,-4.016721265680336e-07,-2.8494780558150045e-07,4.924791865321813e-07
2.3750310867943467,-3.834217812685387e-07,-2.898451037325857e-07,4.806479444550788e-07
2.3775180303407284,-3.654640093061187e-07,-2.940757254704562e-07,4.6908898346590697e-07
2.3800049738871096,-3.4781225206246286e-07,-2.9766444845903545e-07,4.5779633742657223e-07
2.3824919174334913,-3.304788654525687e-07,-3.006358884166379e-07,4.467641636421594e-07
2.384978860979873,-3.134751501205862e-07,-3.0301446851431223e-07,4.359867404774315e-07
2.3874658045262542,-2.968113819315312e-07,-3.0482439044348563e-07,4.254584650155028e-07
2.389952748072636,-2.8049684269764416e-07,-3.060896071249412e-07,4.151738507580262e-07
2.392439691619017,-2.6453985108041466e-07,-3.068337970298033e-07,4.051275253662413e-07
2.394926635165399,-2.4894779361158977e-07,-3.070803400818649e-07,3.953142284422261e-07
2.3974135787117805,-2.3372715577878022e-07,-3.068522951094294e-07,3.8572880934973283e-07
2.3999005222581618,-2.188835531235388e-07,-3.061723788137006e-07,3.7636622507396333e-07
2.4023874658045434,-2.0442176230206326e-07,-3.0506294621978906e-07,3.6722153811967395e-07
2.404874409350925,-1.903457520609021e-07,-3.0354597257549667e-07,3.5828991444699445e-07
2.4073613528973064,-1.7665871408226685e-07,-3.0164303666224545e-07,3.495666214443548e-07
2.409848296443688,-1.6336309365577666e-07,-2.993753054818054e-07,3.410470259379348e-07
2.4123352399900693,-1.5046062013561065e-07,-2.967635202818468e-07,3.327265922370297e-07
2.414822183536451,-1.379523371442167e-07,-2.938279838828361e-07,3.246008802147706e-07
2.4173091270828326,-1.2583863248582753e-07,-2.90588549268332e-07,3.1666554342362063e-07
2.419796070629214,-1.141192677351382e-07,-2.870646094003718e-07,3.089163272450846e-07
2.4222830141755956,-1.0279340746853858e-07,-2.8327508822135226e-07,3.0134906707306717e-07
2.4247699577219772,-9.185964810731722e-08,-2.792384328036185e-07,2.939596865303491e-07
2.4272569012683585,-8.131604634423271e-08,-2.7497260660780195e-07,2.8674419571762284e-07
2.42974384481474,-7.116014712679137e-08,-2.704950838109041e-07,2.796986894945606e-07
2.4322307883611214,-6.138901117247754e-08,-2.658228446651249e-07,2.728193457924011e-07
2.434717731907503,-5.1999241992979505e-08,-2.6097237184847e-07,2.6610242395750657e-07
2.4372046754538848,-4.298701240637988e-08,-2.55959647768329e-07,2.595442631254124e-07
2.439691619000266,-3.434809051793472e-08,-2.508001527793751e-07,2.5314128062484423e-07
2.4421785625466477,-2.6077865151844176e-08,-2.4550886427738353e-07,2.468899704112107e-07
2.4446655060930294,-1.817137071808307e-08,-2.401002566308552e-07,2.4078690152908347e-07
2.4471524496394106,-1.0623311499988347e-08,-2.345883019126739e-07,2.348287166031821e-07
2.4496393931857923,-3.4280853498721068e-09,-2.2898647139440405e-07,2.2901213035738137e-07
2.4521263367321735,3.420193218538938e-09,-2.2330773776628718e-07,2.2333392816128276e-07
2.454613280278555,9.927670550551471e-09,-2.1756457804644042e-07,2.1779096460387414e-07
2.457100223824937,1.6100731992112026e-08,-2.1176897714331092e-07,2.1238016209384048e-07
2.459587167371318,2.1945980659498758e-08,-2.0593243203593667e-07,2.0709850948604814e-07
2.4620741109177,2.747021684264437e-08,-2.0006595653721433e-07,2.0194306073379306e-07
