Time (s),Acceleration x (m/s^2),Acceleration y (m/s^2),Acceleration z (m/s^2),Absolute acceleration (m/s^2)
0.0,0.5180339897364006,0.935956990825747,-1.4020150892289547,1.7635251667111174
0.002486943546381497,-0.2776735112856153,0.25321122802203155,2.2368307049947274,2.2681777063698774
0.004973887092762994,-1.0159185039448841,-0.3241895698198416,6.210863688696668,6.301747142135137
0.007460830639144491,-1.639240139743693,-0.757938150990351,10.194472700164102,10.353204919775555
0.009947774185525988,-2.109331183502865,-1.0336692803837078,13.866834981017634,14.064382766893145
0.012434717731907486,-2.3783075934401685,-1.1370177228968572,16.959800209408677,17.16344893820165
0.014921661278288981,-2.4270157477330723,-1.0727718567112614,19.248313693373042,19.430358332639887
0.01740860482467048,-2.274609251159612,-0.8505084633324941,20.60787721066884,20.750465416989208
0.019895548371051976,-1.94503011185646,-0.48459272759077543,20.98581858884878,21.081331886096127
0.022382491917433474,-1.4717971446394813,-0.008543447602438858,20.410868511895007,20.463866038345078
0.02486943546381497,-0.9075827776446044,0.539332175190472,19.002737326853868,19.03204170883613
0.02735637901019647,-0.3050594390468214,1.1015733260587346,16.914654203986398,16.953231311300815
0.029843322556577963,0.2783120396192609,1.6350844002276037,14.342943943403066,14.438524839846604
0.032330266102959464,0.7946476334201151,2.115923406196595,11.527026975057996,11.74652917273462
0.03481720964934096,1.1960633173824204,2.4962063358561357,8.720688938821302,9.149427801673522
0.03730415319572246,1.4490402764537698,2.7567796010104813,6.115466231348226,6.862833140773073
0.03979109674210395,1.5248480988617952,2.8928548234162443,3.9124720558780686,5.099137999896827
0.04227804028848545,1.4378520026764399,2.899643624820926,2.2793007923455484,3.9586062742526353
0.04476498383486695,1.216782415887838,2.7819344336030145,1.2877787542109387,3.2981953793365615
0.04725192738124844,0.8712161531639007,2.53493887149021,0.9810018349386602,2.8543470825880277
0.04973887092762994,0.4442488523735119,2.2017525934026407,1.3350282814289791,2.612924039769555
0.05222581447401144,-0.021023848655882804,1.8111060442882863,2.2588786940122185,2.8953549109102696
0.05471275802039294,-0.486294715458829,1.3917296690833725,3.647208462966422,3.9338942022408263
0.05719970156677443,-0.8988913036508343,0.962777106071236,5.380307768511559,5.539192812645163
0.059686645113155926,-1.2396599921317248,0.5673440101239837,7.271429144280319,7.398129352897582
0.062173588659537427,-1.4702935465624367,0.2437376327800871,9.16734394703892,9.28769972544373
0.06466053220591893,-1.5860035558886743,-0.012830404318629363,10.924400340079764,11.038935396536269
0.06714747575230041,-1.572424802458325,-0.1832064629431447,12.403734889895356,12.504348187181034
0.06963441929868192,-1.4247688753029284,-0.24344850155901043,13.49521458277416,13.572400309306518
0.07212136284506342,-1.1813429933800879,-0.19834489856905657,14.136590438076052,14.187251361017745
0.07460830639144492,-0.8756659723705622,-0.07183764567328699,14.327862718187543,14.35477626484412
0.0770952499378264,-0.5316798213581744,0.13128487869309913,14.045089668750434,14.05576262445596
0.0795821934842079,-0.16374974283001875,0.4110226993982571,13.345732391702935,13.35306431904851
0.0820691370305894,0.1658750274795614,0.7194918080897343,12.330347618711476,12.352435200595604
0.0845560805769709,0.42846407703408207,1.0327502129986477,11.080338468000923,11.136608776158857
0.0870430241233524,0.6335942198150164,1.3412211322985392,9.701050074231686,9.813800910139648
0.0895299676697339,0.7429582365559602,1.6113857675423615,8.312192781853396,8.499476447158385
0.0920169112161154,0.7613445378283578,1.819302126904155,7.028688531817953,7.300134807765421
0.09450385476249688,0.6791763241975552,1.9649702351394505,5.955882458253679,6.308321833964115
0.09699079830887838,0.5108188127850848,2.0244481003816786,5.151235661896878,5.558287039640209
0.09947774185525989,0.2993676405887755,2.0121009573056785,4.657844033328585,5.0826845549804505
0.10196468540164137,0.04003441135755839,1.9231404272834567,4.494861446328208,4.88915649972799
0.10445162894802287,-0.2384504479634334,1.7527781316649245,4.66228816118822,4.98658407057703
0.10693857249440437,-0.502568107154926,1.5536865316211361,5.107452001466333,5.362143460236089
0.10942551604078588,-0.7331649460049579,1.321077248456285,5.782469193823623,5.9765981889331075
0.11191245958716736,-0.9110873443481351,1.0597387100915752,6.620302351417365,6.766204956020782
0.11439940313354886,-1.0219700853861413,0.8079781676662687,7.534760473895444,7.646559159113764
0.11688634667993036,-1.041871145726986,0.5993144689746916,8.439652560671972,8.524811356380729
0.11937329022631185,-0.985155728588324,0.41459402526260325,9.258364417562383,9.319856849959612
0.12186023377269335,-0.8853426505163888,0.27297047431262866,9.938223866738785,9.981314448212032
0.12434717731907485,-0.718489888261185,0.19838585720157575,10.431347133443147,10.457943759949359
0.12683412086545634,-0.5181162584641694,0.18605179505774516,10.732946072544257,10.747054997713201
0.12932106441183785,-0.3081637711740502,0.22639150566199606,10.799925312086883,10.806692591646858
0.13180800795821934,-0.09820922652667724,0.32419341672849256,10.637073513051869,10.642465848932506
0.13429495150460083,0.09259376865323748,0.45551553602140205,10.292274966030323,10.302766229800847
0.13678189505098234,0.23072639753162805,0.6203578878778402,9.789471944733718,9.811821417876434
0.13926883859736383,0.316188666468009,0.8091436899651707,9.157395125910346,9.198509350751339
0.14175578214374532,0.35376898509344584,1.002719353280539,8.453505605941317,8.520114766007477
0.14424272569012683,0.33867895634943285,1.1867196921112968,7.754418094194559,7.852006561554227
0.14672966923650832,0.2613417798081208,1.327625907433039,7.11759368645683,7.2450693551856915
0.14921661278288983,7.079307486046774,8.612831407221181,5.934905416686129,12.630144957055078
0.15170355632927132,8.318785431765505,5.866333505670144,5.54231806657654,11.590226460712614
0.1541904998756528,9.170404822247372,3.2012400394028466,5.317339459498193,11.073317539080612
0.15667744342203432,9.653319276788235,0.7420495188377962,5.274335060101226,11.025235638036573
0.1591643869684158,9.791470817954325,-1.458565595444029,5.384574702826033,11.269159645039117
0.1616513305147973,9.64710869482429,-3.3622980528562696,5.628905028421347,11.664318504952726
0.1641382740611788,9.23938652654373,-4.916475392885522,6.0025378872592015,12.065175289390073
0.1666252176075603,8.611399948809405,-6.097155574974751,6.4671663061264715,12.375611306715228
0.1691121611539418,7.830186613869104,-6.913915381844059,6.98927171478206,12.568371709110426
0.1715991047003233,6.929265350677726,-7.357177982967726,7.4874515094281495,12.577945630316815
0.1740860482467048,5.932578181498706,-7.446096967777812,7.95212913571275,12.40468466847086
0.1765729917930863,4.878432338505381,-7.21419113570367,8.354574425638468,12.068246337284172
0.1790599353394678,3.8051350538201514,-6.694979286211601,8.65648040419784,11.586045632953224
0.18154687888584928,2.731839946232572,-5.945922235406628,8.857847322571345,11.012647270811833
0.1840338224322308,1.682489037801403,-5.010115589470813,8.92515660831734,10.372581552591962
0.18652076597861228,0.6810243505336976,-3.9306549546243863,8.887138931773194,9.741410623260467
0.18900770952499377,-0.25818890025574875,-2.7745779537279107,8.767736559565707,9.19989938572555
0.19149465307137528,-1.1303623059446193,-1.6041338063607926,8.562161338004344,8.784165924515904
0.19398159661775677,-1.9067654413609147,-0.44805290890001226,8.265625112997999,8.49453143888262
0.19646854016413826,-2.5778214946660207,0.664934342237403,7.930800569893552,8.365697760334923
0.19895548371051977,-3.138742057393809,1.6677903240312855,7.576841570384843,8.369095199034179
0.20144242725690126,-3.5847387211304635,2.5365730433031906,7.22290197574976,8.45309809798007
0.20392937080328274,-3.9110230775146486,3.2617057167941503,6.902500856806046,8.577840274453004
0.20641631434966426,-4.108018314917263,3.8192463512422385,6.653945687265639,8.702726605854847
0.20890325789604575,-4.190089638363464,4.194829759983724,6.482025117167101,8.784651245914725
0.21139020144242726,-4.142871833009336,4.402821176233862,6.4058930060737085,8.808160224467962
0.21387714498880875,-3.980730103985762,4.462374236484863,6.40160758322469,8.760112763933021
0.21636408853519024,-3.722818059796969,4.359123753942958,6.435650270772406,8.618522414905769
0.21885103208157175,-3.37392409903938,4.1265885749732405,6.536751733582067,8.43452549463611
0.22133797562795324,-2.943625023683013,3.7887107392554924,6.685758602859563,8.229132727178081
0.22382491917433472,-2.4750164589933967,3.379009093064954,6.839575492748114,8.020174676670356
0.22631186272071624,-1.9872520136879865,2.902272062709406,6.9982026468076795,7.832444955291832
0.22879880626709773,-1.4755432799362374,2.4015953010130877,7.147275098166325,7.682996114126415
0.2312857498134792,-0.9638322698831565,1.9009208474725081,7.2676394761559555,7.573708224390753
0.23377269335986073,-0.4760609957274969,1.409825531576296,7.335354006307446,7.484761886592528
0.23625963690624222,-0.03617146972191135,0.9618281993673106,7.364784140228606,7.427413230222404
0.2387465804526237,0.35104790910825273,0.5617172769187209,7.346353312435276,7.376155362030209
0.24123352399900522,0.6760203383632901,0.223857996896075,7.275273360268407,7.310042295861653
0.2437204675453867,0.9291690155893239,-0.04217281140403584,7.165909733850203,7.2260221366421264
0.24620741109176822,1.1200707515595132,-0.2363751253747708,7.008685866196519,7.101556819417689
0.2486943546381497,1.2391487437114268,-0.3443837124978688,6.827544013055897,6.947621679444762
0.2511812981845312,1.2768261894282342,-0.3997173735081643,6.6607916396235485,6.793835762157711
0.2536682417309127,1.252256705960481,-0.3975876826283753,6.498852177372605,6.630332001215432
0.2561551852772942,1.194170717144765,-0.3427830207726592,6.341725863893174,6.46227752683121
0.2586421288236757,1.0882030168802166,-0.24966857554703448,6.218143356168916,6.317580787091726
0.26112907237005717,0.953507222253418,-0.1278211312888624,6.1328932940489675,6.207889691407555
0.2636160159164387,0.7948717403352205,0.03233614089365355,6.07639910688393,6.128253651386442
0.2661029594628202,0.6218733814618849,0.19249603663671166,6.072603046724376,6.107396252886975
0.26858990300920166,0.4536657625553546,0.35265857808608736,6.083198121910039,6.110276596621667
0.2710768465555832,0.2902488872013112,0.5032469806935962,6.122549776752717,6.150050220031829
0.2735637901019647,0.13641116225063654,0.6442612664979634,6.185869841727069,6.220825209205335
0.27605073364834615,-0.007847408821244711,0.7852782641243783,6.263581743427,6.312620675323635
0.27853767719472766,-0.12816161263318546,0.8927791722606573,6.3413205045611996,6.405140575424046
0.2810246207411092,-0.238896655781201,0.9811292227427852,6.428663163870494,6.507487705587211
0.28351156428749064,-0.35441774491665445,1.0455400340701333,6.516033146240622,6.608892029959457
0.28599850783387215,-0.43162924690254467,1.0955884346472298,6.569911859377443,6.674605581223718
0.28848545138025367,-0.4896847718213969,1.1264860428615013,6.585511130325998,6.699083431945235
0.2909723949266352,-0.552526333131554,1.133444477043803,6.610715222067655,6.729898771796044
0.29345933847301664,-0.6057887177844206,1.1404057753898977,6.6024287339063825,6.727523354805256
0.29594628201939815,-0.6542603260682605,1.1330047494756865,6.5558634911128175,6.685140421165987
0.29843322556577967,-0.6979411550066834,1.1208182274208813,6.490173334959018,6.623118998824045
0.30092016911216113,-0.7272543950383784,1.1038462306464252,6.390993282870408,6.526267738739319
0.30340711265854264,-0.7422000432984065,1.0820887805147241,6.282265578226172,6.417837472899529
0.30589405620492416,-0.7667201135791791,1.0603343016495794,6.173567253831578,6.310713208616213
0.3083809997513056,-0.7864493931664386,1.0385828152951746,6.064898535234045,6.2032371512720985
0.31086794329768713,-0.7726574594408554,1.0168343426360036,5.961048050679865,6.096314090703316
0.31335488684406865,-0.7444979230421295,0.9903005014761823,5.862016024469414,5.991511004060179
0.3158418303904501,-0.7115475880252708,0.9685581195203143,5.786956293554496,5.9104372041688515
0.3183287739368316,-0.659441241899694,0.9420304111309279,5.735869080971765,5.849998133423771
0.32081571748321314,-0.6025440921526871,0.9011405906093508,5.699177802479168,5.801356856055586
0.3233026610295946,-0.5408561363666315,0.8650422921172178,5.686459486473778,5.777252376234266
0.3257896045759761,-0.4743773721799516,0.828947133152655,5.692925950745484,5.772485870183636
0.3282765481223576,-0.4078962006074651,0.7784899245108572,5.713789012433912,5.78098700497116
0.3307634916687391,-0.32225900611852354,0.7424011068071525,5.72031847142282,5.777287744687301
0.3332504352151206,-0.2509846097620323,0.7158922973516375,5.7268797568204795,5.776906335126527
0.3357373787615021,-0.18449620276021914,0.6798099034300717,5.733473087111938,5.776581514552654
0.3382243223078836,-0.13715899299302445,0.6437307521863251,5.759252293397258,5.796739501622511
0.3407112658542651,-0.09939617179498964,0.6220200740204584,5.78027557622352,5.814496909323975
0.3431982094006466,-0.0664193338771443,0.6051010826664938,5.772601135463733,5.804608747996202
0.34568515294702806,-0.04301688064732803,0.5929737984342465,5.760171203516063,5.7907720272400525
0.3481720964934096,-0.03876561688988531,0.5952150482089724,5.738197592174983,5.76911564570429
0.3506590400397911,-0.04887713748442074,0.5926712388885189,5.706680515869623,5.737582302867673
0.3531459835861726,-0.07335144068705471,0.6044960038673544,5.6656201883396395,5.698249553245642
0.35563292713255407,-0.10261171816948081,0.6354777665127826,5.615016822631446,5.651793969605749
0.3581198706789356,-0.13665796830022436,0.6664629335239776,5.554870631094424,5.59637703967993
0.3606068142253171,-0.18027859282432418,0.6878747181738323,5.494758632017829,5.540581596102335
0.36309375777169856,-0.21910838026175594,0.7140783502695465,5.434681036345831,5.485770168302861
0.36558070131808007,-0.2627241357902538,0.7450738495898048,5.3746380543144285,5.432392955940696
0.3680676448644616,-0.3015490513624778,0.7808612358453704,5.333783508729045,5.399066828444846
0.37055458841084304,-0.33558312562787895,0.811863722038128,5.321694415039034,5.3937158049368366
0.37304153195722456,-0.3504611473311309,0.8428697310623203,5.290486948130892,5.368659473990974
0.3755284755036061,-0.3653367285152302,0.8690908791026557,5.244949718691912,5.3290043566268555
0.37801541904998753,-0.37542146467773563,0.8809503789542938,5.228178563245629,5.315154366102796
0.38050236259636905,-0.37113854805199686,0.8832366533037703,5.206654864460813,5.294063249074649
0.38298930614275056,-0.3764299941696324,0.8807381247677408,5.180378827515125,5.268180329250027
0.385476249689132,-0.3721421887355084,0.8782432158926579,5.173292673451012,5.260490285142655
0.38796319323551354,-0.3630635341120855,0.8661751391935175,5.180608202648798,5.265052312267265
0.39045013678189505,-0.35877083603814297,0.8493223170754218,5.178383601463866,5.259821445161779
0.3929370803282765,-0.35926409366781076,0.8324731718723257,5.185772685387317,5.264439249853236
0.395424023874658,-0.3501780962502255,0.8108393192060994,5.183622042597249,5.258328877235059
0.39791096742103954,-0.3410896496919962,0.7796323746268494,5.162355067158528,5.232024333669583
0.400397910967421,-0.3511523665962297,0.7484291635735498,5.141125572300692,5.207170666265669
0.4028848545138025,-0.35642422973905763,0.7315949147331084,5.1055685472505745,5.170019297979725
0.40537179806018403,-0.35690523855396855,0.7195528401181936,5.084414610354018,5.147466325194447
0.4078587416065655,-0.3621721991708289,0.7218797649497444,5.048933539346044,5.113121256300256
0.410345685152947,-0.37222511113458934,0.7098452878129216,5.018279144394504,5.081885224702955
0.4128326286993285,-0.37748716740523625,0.6978146371021314,4.987663218292161,5.050368918050851
0.41531957224571003,-0.36838156099836944,0.6857878311769763,4.94272074641445,5.003648498936534
0.4178065157920915,-0.36885030822733755,0.6929185016041546,4.902605536599118,4.965050618799075
0.420293459338473,-0.37889340885943545,0.6952646499931068,4.862529379299352,4.926575394059904
0.4227804028848545,-0.36020363615491097,0.7071915044410424,4.832069274143167,4.89681120256553
0.425267346431236,-0.3558766198747215,0.7191222763685896,4.7920718000474976,4.858779389286312
0.4277542899776175,-0.35154714999140924,0.731056983761708,4.7569023583792145,4.825572479957956
0.430241233523999,-0.33285001653279095,0.7382072412104637,4.745714753030214,4.814306552517202
0.43272817707038047,-0.32372723614439514,0.7357846632290646,4.729778753890974,4.7976020525699345
0.435215120616762,-0.309813598964393,0.7381544775368374,4.6995177433319455,4.7672133913537715
0.4377020641631435,-0.324627928389156,0.7501051051360788,4.678873926161531,4.749726537134076
0.44018900770952496,-0.3202861914247501,0.7524829503508437,4.663059086459098,4.73423001963306
0.4426759512559065,-0.3159420016165474,0.7357112240688695,4.64249660417364,4.711036517940629
0.445162894802288,-0.30680695596321506,0.7285203636631743,4.612398261761512,4.679646370571173
0.44764983834866945,-0.3072462647994507,0.7069683699058618,4.591917857464844,4.656169472107419
0.45013678189505096,-0.3124715252334024,0.680632066733482,4.585843978746203,4.646596976471102
0.4526237254414325,-0.3224827377481496,0.6638766813248935,4.546292775723306,4.605812128902613
0.45511066898781394,4.125511991649961,4.372503207382223,3.8364067892912423,7.1313848966898
0.45759761253419545,4.948687857681322,2.9096582928260624,3.840034760690039,6.906626517850942
0.46008455608057697,5.489350377277658,1.5808928335449932,3.8532815826738167,6.890570997460625
0.4625714996269584,5.785806776300775,0.38141844312207973,3.8665706286096544,6.969319084922751
0.46505844317333994,5.833268650675492,-0.6552460383764847,3.8990556909514833,7.046914630028002
0.46754538671972146,5.665254822835036,-1.5147353842451388,3.945948544713998,7.068242031047778
0.4700323302661029,5.324860921799296,-2.2018379811394175,3.9880957541106747,7.007648826507285
0.47251927381248443,4.821663753292041,-2.7069770058339504,4.030285899113679,6.842468143040096
0.47500621735886595,4.22270096282707,-3.044517651785114,4.07730755884974,6.612467624340026
0.4774931609052474,3.5423377593410423,-3.2144599025688803,4.119584101636665,6.31283473860468
0.4799801044516289,2.8140929649982547,-3.2455341617638185,4.152327298262083,5.974481835500141
0.48246704799801043,2.0666969985892587,-3.1616824297091357,4.185114128621597,5.637610534605723
0.48495399154439195,1.314515068890507,-2.958116286903305,4.213156361794402,5.313105340769319
0.4874409350907734,7.4863667791558095,0.4872032475969319,3.5708661077987864,8.308678554159066
0.4899278786371549,8.333516434735184,-0.19028811683075153,3.6037848703239153,9.081352934832122
0.49241482218353644,8.816749874128204,-0.7672186357346265,3.651113160985421,9.573626799300209
0.4949017657299179,8.97437432250043,-1.248376696580888,3.708062745416724,9.790177127144773
0.4973887092762994,8.820754988363118,-1.6337622835978087,3.7746337917042148,9.73256174013373
0.4998756528226809,8.365468676854519,-1.9090101711352363,3.8316728537834086,9.397185901925777
0.5023625963690624,7.646822612982388,-2.0932739568679497,3.8743916946788275,8.824205513059896
0.5048495399154439,6.727066038303459,-2.2057072385537593,3.9171556898220956,8.090900481665182
0.5073364834618254,5.649294581041094,-2.241521597432076,3.9503881971668804,7.248759565846429
0.5098234270082069,4.456603869366498,-2.200717018146037,3.978877783749211,6.366784263694118
0.5123103705545884,3.192089531398898,-2.1072355020239613,4.002624612404038,5.536323764492028
0.5147973141009698,1.9180008084869167,-1.9706538405170533,4.012052038442795,4.864027674641055
0.5172842576473514,0.6822217319665355,-1.7813952118792984,4.016737029573144,4.446680982172882
0.5197712011937329,-0.49609408679970846,-1.5729784243317282,4.031044955935945,4.355421208465076
0.5222581447401143,-1.5786394232194505,-1.3262498496563704,4.011880346939134,4.510678996604907
0.5247450882864959,-2.536683859392229,-1.055574682962074,3.9975505875447483,4.850712691325977
0.5272320318328774,-3.3367085741483997,-0.794471732723768,3.992844238579422,5.263802290782722
0.5297189753792588,-3.959559956330238,-0.5237873709779688,3.969031036732396,5.630779309146734
0.5322059189256404,-4.419603218073035,-0.2578867930885964,3.930899541037925,5.920419698381459
0.5346928624720219,-4.707261554961196,-0.006346791184666634,3.902391922912412,6.1144921578644675
0.5371798060184033,-4.817746565949961,0.24519785912077086,3.883508336269684,6.192934761622811
0.5396667495647849,-4.770211866646493,0.468016752246071,3.8407301108784937,6.142081790214675
0.5421536931111663,-4.574234266067538,0.6573214991251859,3.7979994154466006,5.981679549575632
0.5446406366575478,-4.253755783240824,0.8418425338481079,3.7648932078142456,5.74260898734159
0.5471275802039294,-3.837506840564271,0.9976378538950657,3.7174696216711016,5.435192768149941
0.5496145237503108,-3.3302758438839555,1.1247074732613462,3.6796708229998147,5.088779958143508
0.5521014672966923,-2.760793215697067,1.237416615816494,3.6419201536289325,4.734634248423661
0.5545884108430739,-2.176942991831429,1.3118232787807016,3.6042177611140085,4.410254728920383
0.5570753543894553,-1.5691483683203293,1.3622926858496374,3.552198582134319,4.115359368346686
0.5595622979358368,-0.9661397678085965,1.3840364473505278,3.5002279723740317,3.8859463193829047
0.5620492414822184,-0.4014360163102423,1.3914197868044909,3.4626712865986615,3.7533041892893415
0.5645361850285998,0.12017448003390109,1.3844427176841845,3.4107982487706465,3.68302433307426
0.5670231285749813,0.5843265083938585,1.348740043413644,3.3637626151337017,3.6708903693913713
0.5695100721213628,0.9766548558913143,1.3130421972118735,3.3263529310471665,3.7070956746597656
0.5719970156677443,1.2875827129201043,1.253407175686436,3.2889925309844923,3.747848804253544
0.5744839592141259,1.5123216731464044,1.174623395278609,3.270835168414518,3.790147709884328
0.5769709027605073,1.6700253467901285,1.1054212889429351,3.2670925792765644,3.8320796973097706
0.5794578463068888,1.7415401174611214,1.0314356596626635,3.2729764985804977,3.848271905805319
0.5819447898532704,1.7316543853233326,0.9430897136527534,3.269333450444397,3.817929586621763
0.5844317333996518,1.6595217604544314,0.8547486736409855,3.241798361374353,3.740837390788624
0.5869186769460333,1.5107770296428318,0.7712009556255919,3.2191017868255987,3.638655584305556
0.5894056204924149,1.3189390128332175,0.6972349755157732,3.2060322647167796,3.5361532225090224
0.5918925640387963,1.093584513322082,0.6136971325300007,3.178647912108304,3.4170680132833064
0.5943795075851778,0.825136721078137,0.5349526490395942,3.146525668365097,3.2966117039873652
0.5968664511315593,0.5375376492660334,0.4801551506467452,3.128819278553749,3.2107640478429205
0.5993533946779408,0.2499409076840721,0.4253626329812521,3.106375260238143,3.1453093781518966
0.6018403382243223,-0.032865103876341006,0.37536351150505753,3.0935589532829093,3.116421806857836
0.6043272817707038,-0.30130358234912785,0.3253693949496417,3.0712168733678498,3.1030665760124623
0.6068142253170853,-0.5505861280339699,0.28016869859714477,3.0585027617914395,3.120269015316295
0.6093011688634667,-0.7711359379555793,0.24933824095991453,3.0458399389853,3.1518187015007055
0.6117881124098483,-0.9677414191446337,0.22808963049915354,3.018863321114628,3.178377586983735
0.6142750559562298,-1.1260373653954379,0.20684607226541285,2.9967266466396065,3.207976938906854
0.6167619995026112,-1.2412353771875808,0.19997278782035433,2.989006846431508,3.242655748836911
0.6192489430489928,-1.322912265006041,0.21704659531475845,2.9669736238497624,3.255785399878397
0.6217358865953743,-1.34712601613785,0.23412548956654144,2.9210502945846857,3.225228375125316
0.6242228301417557,-1.3378186511171952,0.24642107858407614,2.8895442065783534,3.1937357143348755
0.6267097736881373,-1.3093553838814564,0.2730869868864019,2.8820322868986272,3.177278415001144
0.6291967172345188,-1.2425826051694313,0.3093348222999903,2.8602074284569543,3.1337654820929663
0.6316836607809002,-1.1422887223648681,0.3360109825992694,2.838434959734003,3.0780578172460404
0.6341706043272818,-1.0324157561759395,0.36748068870964623,2.821503401614704,3.0268475011962854
0.6366575478736632,-0.9129637107522106,0.4133207581449061,2.799836064067069,2.973788622601563
0.6391444914200447,-0.7743557836453596,0.4448007817649313,2.7877982727038306,2.927335618683682
0.6416314349664263,-0.6357455923714559,0.46670917358029396,2.7853901422191143,2.894890007460586
0.6441183785128077,-0.5019215445279281,0.49819955747091216,2.768669769747029,2.857561955555221
0.6466053220591892,-0.3776720477542783,0.5249067339828373,2.742425671384324,2.817634081654891
0.6490922656055708,-0.2677855097318583,0.5420423102109733,2.730599975549014,2.7967293704878693
0.6515792091519522,-0.16747353154302022,0.5591831031193069,2.7092507764952796,2.771420736106646
0.6540661526983337,-0.071947714311516,0.5811175262595749,2.683166587437774,2.7463169862314087
0.6565530962447153,-0.005150079124144891,0.6030571864508709,2.652347517308762,2.7200462948301043
0.6590400397910967,0.042496176133537344,0.6154252870998769,2.621582077398089,2.6931852512448557
0.6615269833374782,0.07099104689463431,0.6277986448023514,2.581293568071314,2.6574889184568957
0.6640139268838597,0.08991133519239021,0.6306004627805519,2.555424111972231,2.6336160281833396
0.6665008704302412,0.08968022973854607,0.6286191541253539,2.5535506208191663,2.63131627852396
0.6689878139766227,0.06550932252513472,0.6362199384758656,2.527789165521618,2.6074480525564483
0.6714747575230042,0.04134062542627745,0.624672405495923,2.4925050591875486,2.5699233707591795
0.6739617010693857,-0.001979479606269985,0.6274953879209013,2.462063613958816,2.5407698871368614
0.6764486446157671,-0.05487419073819261,0.6159584752295268,2.426888124409139,2.504436461245197
0.6789355881621487,-0.10776670617425549,0.5948500800500658,2.3965554974264522,2.471626697731712
0.6814225317085302,-0.175022240759628,0.5689586149180772,2.375854235610916,2.449291742345192
0.6839094752549116,-0.24227558945620756,0.5478608955966666,2.359996033954194,2.434836812283291
0.6863964188012932,-0.2999499505845672,0.5315569311154982,2.353769393120336,2.431615327279931
0.6888833623476747,-0.3576221357846523,0.4961047138098018,2.34759760284385,2.4259488832095517
0.6913703058940561,-0.40571534345303895,0.47502307576563885,2.3271155485700143,2.4095058910115545
0.6938572494404377,-0.42986436870362854,0.4683120257339146,2.301900131376433,2.388062759593812
0.6963441929868192,-0.47795324985177934,0.44724115245064633,2.2911050580118184,2.3827770236294867
0.6988311365332006,-0.5116747654843742,0.4213872711212949,2.266000001051993,2.36096046190193
0.7013180800795822,-0.540605727428325,0.40990400349884837,2.2409502619855806,2.3413957207840657
0.7038050236259636,-0.5599577375862634,0.39842614800096987,2.2207443346903615,2.324650826114097
0.7062919671723452,-0.5601539945769195,0.3869537129130869,2.1862286954721544,2.2897819945321394
0.7087789107187267,-0.5651365202973714,0.3754867064274192,2.156557046228712,2.2607759391227247
0.7112658542651081,-0.5461749001571744,0.3688135399632557,2.136517877926144,2.235853101507333
0.7137527978114897,-0.5272111561249823,0.35256901156537035,2.1117460672784896,2.204932643806833
0.7162397413578712,-0.5130336969236138,0.35548354906804924,2.0918185066304362,2.182951394905236
0.7187266849042526,-0.48448891470948224,0.35840354700913,2.0911004906760073,2.176208600546036
0.7212136284506342,-0.4559420249160969,0.34696380315341324,2.0808616832553835,2.158298486220963
0.7237005719970157,-0.41781622641006544,0.345106341734831,2.080255780440825,2.1496820458418058
0.7261875155433971,-0.38926513801426066,0.3528311702923612,2.079706057411679,2.1450395025821707
0.7286744590897787,-0.36071195866383227,0.3509846829903265,2.0744241916965747,2.134605137235668
0.7311614026361601,-0.3369450972887598,0.3539320971418154,2.059621859853186,2.116799974858095
0.7336483461825416,-0.3131761562120249,0.36646182332585875,2.044875947429217,2.100926275039081
0.7361352897289232,-0.2750399311493644,0.35984344878585217,2.0158213224000123,2.066075960656645
0.7386222332753046,-0.2656320576933847,0.35801899719517616,1.9964000783327416,2.0455686899231806
0.7411091768216861,-0.26101052498517396,0.37535368549312764,1.9722470812615231,2.0245432652603172
0.7435961203680677,-0.23723332219842214,0.3926939072833493,1.9481508095313416,2.001444411083252
0.7460830639144491,-0.23260768170322263,0.40525126603695716,1.9241113371966723,1.9800351916419745
0.7485700074608306,-0.2423452060189341,0.40823736513160025,1.8857635273810738,1.9446061365661327
0.7510569510072121,-0.24250388441548407,0.4112290178123965,1.8474726621602429,1.9081594997475977
0.7535438945535936,-0.2522373360771677,0.41422623059037766,1.8140272159997464,1.8777384759886584
0.7560308380999751,-0.26675716361801044,0.4315942198440572,1.7902156623959318,1.8607270280274941
0.7585177816463566,-0.28127496968306653,0.4346025719756872,1.780826473876238,1.8545452095315897
0.7610047251927381,-0.2910023569481555,0.4280396965362727,1.7714945087182628,1.845560388602661
0.7634916687391196,-0.3055161380805341,0.42627080962401687,1.757431430871983,1.8340153074557215
0.7659786122855011,-0.3248163191370689,0.4292959172827735,1.7338489033195028,1.8154979056213905
0.7684655558318826,-0.33932609956396903,0.4275382188223764,1.7199006046769902,1.8044359840036952
0.770952499378264,-0.3634106954387084,0.42578612342022115,1.7060097926716677,1.7955028736117613
0.7734394429246456,-0.3731280963056952,0.4336164434806613,1.692176530704737,1.7862556388651232
0.7759263864710271,-0.3876319216213161,0.44145237803346804,1.673612477890905,1.77372980887264
0.7784133300174085,-0.41649898423023085,0.4445055293354172,1.664682905660431,1.7726324339446768
0.7809002735637901,-0.4214220638026025,0.4427759028703151,1.6558110678767992,1.7650374921019591
0.7833872171101716,-0.43113158652132855,0.44105190734902866,1.6326318141185086,1.7452472232736846
0.785874160656553,-0.4552043653161449,0.4393335480688898,1.6095104129217832,1.72937813966909
0.7883611042029346,-0.46012158326179314,0.4376208302340401,1.586446921898336,1.708811779699208
0.790848047749316,-0.4698252633043113,0.4454905655960921,1.5634413976968942,1.6922017096394002
0.7933349912956975,-0.4795270084951372,0.44378914589166607,1.5548591059647423,1.6865591591429658
0.7958219348420791,-0.47486161527208565,0.44209338268617726,1.531969681504597,1.6636920441364793
0.7983088783884605,-0.46540589670126364,0.43561487749106265,1.5091383880409062,1.6382495672010922
0.800795821934842,-0.4607366658752341,0.42914203836538567,1.495942085017382,1.6230477152876241
0.8032827654812236,3.4895788099856953,6.6475991863611945,0.4149900772070634,7.519305285582673
0.805769709027605,4.389683273400935,4.644373508648574,0.39233348971304416,6.402612755411889
0.8082566525739865,5.08867669342676,2.7800172069531865,0.4080424652348462,5.81288437994559
0.8107435961203681,5.581770660187841,1.088049108884452,0.4429634394597812,5.704053924620287
0.8132305396667495,5.883330377065015,-0.3932235547206542,0.49709646039968547,5.917373233169005
0.815717483213131,5.98377903081275,-1.673377586320981,0.5752299784307766,6.239927368494065
0.8182044267595125,5.892693421442239,-2.728470965225835,0.6629988296929117,6.527477078884552
0.820691370305894,5.634015558901355,-3.553715284118358,0.7795566726138681,6.706618540243346
0.8231783138522755,5.241264259754629,-4.173052555696091,0.9105383414258181,6.7612350014172256
0.825665257398657,4.728804727261638,-4.591271179467788,1.0272134594474789,6.670572140622842
0.8281522009450385,4.125367374619485,-4.822736361675229,1.1583124888896812,6.451289003890393
0.8306391444914201,3.4405290017208467,-4.896178518613463,1.2751050511688184,6.118471769104636
0.8331260880378015,2.698231618396611,-4.816386050068257,1.377591186673385,5.689972401286977
0.835613031584183,1.9319940410955103,-4.588147355917555,1.4657709348431123,5.189622487992037
0.8380999751305646,1.1705466829237623,-4.2593464660142395,1.5300675275292743,4.674753308277492
0.840586918676946,0.4234663436844138,-3.858713797022063,1.5752694055972825,4.1893280620849795
0.8430738622233275,-0.2805165635601803,-3.386249345774777,1.6061650089667854,3.758342747837269
0.845560805769709,-0.9222484324096436,-2.8802603357605827,1.6131775666517676,3.427649870448589
0.8480477493160905,-1.5160944797268958,-2.359900377278331,1.6346143399256583,3.246480602502866
0.850534692862472,-2.0333242925131016,-1.8203810641169154,1.641744942634947,3.1848895355705453
0.8530216364088535,-2.4404190544696416,-1.2856444100788371,1.6010505843643177,3.189340007631482
0.855508579955235,-2.766109192482264,-0.7939976390191767,1.5604153302034245,3.2736353367833706
0.8579955235016165,-3.0103947135349847,-0.3310755383609385,1.5342044210605135,3.394977253087566
0.860482467047998,-3.1636988179909156,0.10312189442045971,1.4793222570620372,3.4939975209357406
0.8629694105943795,-3.2116563029123535,0.47028743519573935,1.4005572706007285,3.5351756884166585
0.8654563541407609,-3.1877859985839465,0.7895746995882469,1.3218515064148875,3.540155248574422
0.8679432976871425,-3.0968763153873833,1.0609836898488902,1.2336281850662019,3.498309277625755
0.870430241233524,-2.934138857082406,1.274937601496895,1.155040946105041,3.401287448530443
0.8729171847799054,-2.70915043740802,1.4362248399215405,1.086089814868565,3.2529723283909067
0.875404128326287,-2.4410646767619584,1.554422213741545,1.017198009122657,3.0675261962159714
0.8778910718726685,-2.139458388919179,1.6247413215239401,0.9483655523444732,2.8489408173315303
0.8803780154190499,-1.8043315810314589,1.6376053584248256,0.8891692737237271,2.593836109237352
0.8828649589654315,-1.4548378735491205,1.6217447460722516,0.820455581601566,2.3280370746848176
0.885351902511813,-1.1053424836191232,1.577159486081968,0.7613781099562846,2.0709685359638454
0.8878388460581944,-0.770210628405105,1.5038495799793994,0.72151368520157,1.8372179972027145
0.890325789604576,-0.449442315126167,1.406603432520071,0.6769203095863308,1.6244238106275308
0.8928127331509574,-0.13824914769721572,1.2949978516897147,0.6275980010398534,1.4456872115465373
0.8952996766973389,0.12985004338850378,1.1690328387434517,0.6214308097747914,1.3302913452195058
0.8977866202437205,0.3596436541846888,1.0334967981668397,0.6057463153589246,1.2507548874129333
0.9002735637901019,0.5607084840500725,0.9027549409963047,0.5853329362869371,1.2132498233592532
0.9027605073364834,0.7091025090862025,0.7624420582567595,0.5841327034194066,1.1938824380127284
0.905247450882865,0.8191909319424098,0.6365001674460986,0.5829920168202332,1.1899940915028564
0.9077343944292464,0.9053389552535873,0.5105640594103193,0.6058529055237969,1.203067756110531
0.9102213379756279,0.9436045550779681,0.39899894482802667,0.6287733644505415,1.2020589245874025
0.9127082815220094,0.9339877240614751,0.30180482432772404,0.6421765975726075,1.172949275610396
0.9151952250683909,0.8956420681176672,0.21898169844892257,0.6604278245560131,1.1341484073459942
0.9176821686147724,0.8142023699046155,0.14574116432192552,0.6739502475591106,1.0669465414542516
0.9201691121611539,0.7183990419501405,0.06771801234764308,0.6875322777967359,0.99668628247988
0.9226560557075354,0.5938668668864822,0.028007872682105805,0.7011739222605282,0.9192971041920871
0.9251429992539169,0.4597594505756031,-0.006908077732124429,0.7148751870409171,0.8499841216036449
0.9276299428002984,0.31607678558598756,-0.027453032158040624,0.7238476740084643,0.7903250334694611
0.9301168863466799,0.15803046115388536,-0.03841539390778337,0.7280913874561694,0.746033804615749
0.9326038298930613,0.004774083105416993,-0.04458356638156946,0.7228179274605218,0.7242073201225747
0.9350907734394429,-0.15326916266648977,-0.04116914642691949,0.7128156998441639,0.7302688250133188
0.9375777169858244,-0.31131088031911613,-0.02338373097914559,0.6885078995760576,0.7559790941938823
0.9400646605322058,-0.4549858673799557,0.0039842762981749935,0.6498945273747712,0.7933416103323889
0.9425516040785874,-0.5890825346682849,0.03614647165396745,0.6209175996712073,0.8566583132414555
0.9450385476249689,-0.7040240830527342,0.06831445124981528,0.6255191320087938,0.9442409429149117
0.9475254911713503,-0.7902337134119205,0.09569981116009796,0.6014498792796719,0.9976821803331979
0.9500124347177319,-0.8572882399154794,0.12787935733310318,0.5582866452968034,1.0310093281081731
0.9524993782641133,-0.9147644767424814,0.16485308898960183,0.5439134595536199,1.0769458855220844
0.9549863218104948,-0.9626624314405514,0.2066210052636217,0.5391767041789901,1.122551876330222
0.9574732653568764,-0.9866169016053143,0.22924108860106962,0.5105575504625026,1.1342986377363524
0.9599602089032578,-0.9866278948019634,0.2470785479239308,0.49157481530167324,1.1296584486845689
0.9624471524496394,-0.9674838219243777,0.2744985920679395,0.4726516848366291,1.111203868743979
0.9649340959960209,-0.9387614971948588,0.2923476065405479,0.4442113443348479,1.078917971905785
0.9674210395424023,-0.8860957182419764,0.3006255900445418,0.4206189947946264,1.0258955629392472
0.9699079830887839,-0.8382169125846597,0.3184861544781965,0.3875094164236099,0.976833952601073
0.9723949266351654,-0.7855482811866643,0.3315640884120077,0.37840142176571767,0.9328496571227995
0.9748818701815468,-0.7137246216984359,0.33985939029199264,0.36456457933594066,0.8705254581542183
0.9773688137279284,-0.6418995550193788,0.34816046179923177,0.35557568334889034,0.8122098327916014
0.9798557572743098,-0.5700730887741398,0.3564673012094217,0.3514347205176698,0.7586558021667992
0.9823427008206913,-0.4934568272732776,0.35999150339304586,0.3234112567746372,0.6911500299546727
0.9848296443670729,-0.42162758479426193,0.3539446631358665,0.2954472937187482,0.6247685556968571
0.9873165879134543,-0.34979696565931984,0.3479035851000427,0.27711962213323105,0.565853432154648
0.9898035314598358,0.21045216115546794,0.1407553277696203,-12.320284103793599,12.322885318488513
0.9922904750062174,-0.43597498739370677,-0.2100392711586747,-7.641069199473851,7.656378334187109
0.9947774185525988,-1.0345167490429388,-0.49857887114236954,-2.5835110007003514,2.827248642326971
0.9972643620989803,-1.546865904892487,-0.7057098612150594,2.4262225777637703,2.9626637562817866
0.9997513056453619,-1.920350026086065,-0.8027018238533219,6.99548244355357,7.298551161619162
1.0022382491917432,-2.145392313654136,-0.7895547615390066,10.750773116740689,10.991143139300364
1.0047251927381249,-2.1932623553499933,-0.6902106934387997,13.4478860062081,13.643035901026586
1.0072121362845063,-2.097478982094499,-0.5094580255211858,14.933592183085244,15.088775333034844
1.0096990798308878,-1.8676190082103263,-0.2568735671578186,15.160007590713091,15.276773708470367
1.0121860233772693,-1.5084708447029311,0.03881225891573559,14.170227834685054,14.250345524500238
1.0146729669236507,-1.077495339104047,0.32013860995957133,12.122270199450728,12.174272862223393
1.0171599104700322,-0.6177881289870553,0.5775286763546377,9.241189615115019,9.279805334533636
1.0196468540164139,-0.14371443200583486,0.8301360683216723,5.795136640839116,5.8560557046438175
1.0221337975627953,0.30163011426198527,1.0013463295933978,2.0857806582002603,2.3332715555078836
1.0246207411091768,0.6751498722365643,1.0911594569457068,-1.5756321454028575,2.0320120491989977
1.0271076846555582,0.9385376076571692,1.10436385039349,-4.897009196676015,5.106972824224958
1.0295946282019397,1.1013701194646937,1.0361711032297087,-7.648507166305189,7.796558764496025
1.0320815717483214,1.1492821899974228,0.9009464219475269,-9.629013145714099,9.739119475999885
1.0345685152947028,1.0726970049131577,0.7226318195999708,-10.704451873623587,10.782307986965108
1.0370554588410843,0.8859797664706436,0.5108040991984182,-10.860458172573683,10.908502770434437
1.0395424023874658,0.6274376935298881,0.2941936769551581,-10.116185689154678,10.139893533774424
1.0420293459338472,0.29707077838830787,0.08237735572102434,-8.600921347130232,8.606444393338538
1.0445162894802287,-0.06681376009398554,-0.1007028517721631,-6.4966245075913545,6.497748466625155
1.0470032330266104,-0.4354855096972928,-0.24547014283335988,-3.999619742390088,4.030739548010451
1.0494901765729918,-0.7897908648414418,-0.3375593115305757,-1.3205968341414192,1.575338661155857
1.0519771201193733,-1.096211009984941,-0.3626051520112952,1.3058124171452068,1.7430740499037745
1.0544640636657547,-1.3308039362255053,-0.34933808838482205,3.683283437226615,3.931876536161527
1.0569510072121362,-1.479204441300165,-0.27860451163621525,5.634645264349693,5.832228862804048
1.0594379507585177,-1.5414125329052748,-0.16476963607135886,7.011457355893949,7.180782400483105
1.0619248943048993,-1.5270050253759557,-0.026987079394841018,7.751470428217763,7.900491532146096
1.0644118378512808,-1.4311935230843371,0.1347431538917636,7.816377213496732,7.947466474399889
1.0668987813976623,-1.24918963040019,0.29647904260744573,7.244484896249732,7.3573728984872915
1.0693857249440437,-1.0288773882141091,0.42949016217317393,6.126773096739377,6.227391031428109
1.0718726684904252,-0.7750452075312642,0.5337765078542005,4.57816345105387,4.673884146897491
1.0743596120368066,-0.506846709314535,0.6189148814792711,2.73273120778733,2.8474144537236357
1.0768465555831883,-0.24343551452362955,0.6705400681985125,0.7532820346844034,1.0374577854396414
1.0793334991295698,-0.013542050755451618,0.6742868530852899,-1.1782247879976957,1.3575933847933046
1.0818204426759512,0.17325686767818727,0.6349436344176946,-2.9325024172929153,3.0054520106822533
1.0843073862223327,0.31217282978965344,0.5572988103975276,-4.370687204357996,4.417119024666201
1.0867943297687142,0.4032058279158206,0.4509291824708561,-5.387434324353573,5.421287731387457
1.0892812733150956,0.42241383779640207,0.3493535686095095,-5.9348597930429845,5.960120982777136
1.0917682168614773,0.3745852550976124,0.24778356014726555,-5.993810046867795,6.010613087194111
1.0942551604078588,0.2692968788108302,0.13185394170197062,-5.593015556226433,5.601047159511379
1.0967421039542402,0.14006752453407048,0.02071832105860061,-4.794725615510631,4.796815807209026
1.0992290475006217,-0.01789121869185545,-0.04731608079142413,-3.6707663265012274,3.671114862134261
1.1017159910470031,-0.20936776182061942,-0.08661447945467549,-2.3264826149671,2.3374897401882078
1.1042029345933846,-0.38647807927671907,-0.09717688065108598,-0.8959498273421911,0.9805787806234639
1.1066898781397663,-0.5348569687208715,-0.0790032901746347,0.5059103024801388,0.740444954742243
1.1091768216861477,-0.668869647729559,-0.036882117213387744,1.7737528465098968,1.8960342973495938
1.1116637652325292,-0.7789393172711937,0.038763438931959104,2.811809682661398,2.9179655165366736
1.1141507087789106,-0.8315471617061341,0.12399135564529873,3.5338894947581636,3.632522470622638
1.116637652325292,-0.8362699952706807,0.20443641687811098,3.892108192455943,3.9861821252068568
1.1191245958716736,-0.8218382454753642,0.2896754231106988,3.9104077344881834,4.006322328822956
1.1216115394180552,-0.7643099033000365,0.35576635150869684,3.5792112556217965,3.6771582149151643
1.1240984829644367,-0.6684733796389724,0.41228600240770863,2.9368259231052054,3.040030083681742
1.1265854265108182,-0.5678475053006614,0.4544459661104514,2.0838081466320215,2.2070859333882376
1.1290723700571996,-0.45764388452322496,0.47266942952764435,1.1015607218984957,1.2830784616230726
1.131559313603581,-0.33786252485702184,0.47174478945953036,0.061909637246909455,0.5835469435007112
1.1340462571499625,-0.22765704712537263,0.44688363599457936,-0.9633191196911302,1.0860554505125757
1.1365332006963442,-0.13660426550252125,0.39329755915041176,-1.897511158671164,1.9426508416770982
1.1390201442427257,-0.06470418751335086,0.33492856879589805,-2.6592636868339294,2.6810533628018325
1.1415070877891071,-0.03111043395513871,0.2813534647686682,-3.1959043319439226,3.208415828750404
1.1439940313354886,-0.02145780237387751,0.20863022359411554,-3.488279545707319,3.4945788296273563
1.14648097488187,-0.035746300267210096,0.14070085493098983,-3.512447377206569,3.5154460749962313
1.1489679184282517,-0.07876433844361122,0.1015073683685479,-3.268407892819406,3.270932240308221
1.1514548619746332,-0.14093511774091474,0.06231933690341318,-2.818410402778709,2.82261998959406
1.1539418055210147,-0.22225864562772762,0.032713560025763755,-2.2151274113646195,2.226490182135271
1.1564287490673961,-0.30836971960166376,0.03184364379776161,-1.5064430202220755,1.5380105574388416
1.1589156926137776,-0.3992683471109405,0.03097916101009801,-0.7593949449601922,0.8585194254370051
1.161402636160159,-0.4758009223121479,0.049273717588505406,-0.03144409522633218,0.47937787604632426
1.1638895797065407,-0.5427558559527575,0.08193890278937399,0.6295254252958777,0.8352246189231329
1.1663765232529222,-0.5857679454881504,0.11939790248126991,1.1612643022880071,1.306106705000318
1.1688634667993036,-0.6335676182455219,0.1616507091061985,1.5254652373626438,1.6596936672307054
1.171350410345685,-0.6478476550564702,0.20390891171892234,1.7125513513861126,1.8423131003103037
1.1738373538920666,-0.6333964666240185,0.22701888934664627,1.7129457645597501,1.8403564470979972
1.176324297438448,-0.6093676736005518,0.2501342475127437,1.526648403063417,1.6626940337849887
1.1788112409848297,-0.5661844767048235,0.2780433817136121,1.1680244023787267,1.3274614828040918
1.1812981845312112,-0.513423689924899,0.28680426745803267,0.6945345272138628,0.9100762510363741
1.1837851280775926,-0.4462969172757895,0.281205300111218,0.14448592834244778,0.5469310218569542
1.186272071623974,-0.37916937604146095,0.2612464716529219,-0.4294490341513235,0.6296392678449116
1.1887590151703555,-0.31682947685278273,0.24129298395898946,-0.979386404150981,1.0572610605458002
1.191245958716737,-0.2640656303279773,0.21176802223915825,-1.471807436145438,1.5102296121638605
1.1937329022631187,-0.2208778437521312,0.1822483849201677,-1.8588281753041773,1.880756146067655
1.1962198458095001,-0.1920545277176596,0.15273406372419984,-2.1260834906772894,2.140197104280138
1.1987067893558816,-0.18238409280380138,0.11843664698948331,-2.2639966552707964,2.274416859710491
1.201193732902263,-0.18228973961552863,0.08893293295184712,-2.277356152684166,2.2863704122256614
1.2036806764486445,-0.19655987870525216,0.0785881231044181,-2.1422200472244697,2.1526538527455146
1.206167619995026,-0.22998292061169967,0.07303699895573024,-1.8921072436691677,1.9074318778228705
1.2086545635414077,-0.2681936625785356,0.07706795523315924,-1.5605366474190596,1.5852892285980587
1.2111415070877891,-0.3064037084760237,0.09068098328167196,-1.1858155678159914,1.2281143408378363
1.2136284506341706,-0.33982466216028945,0.1186644777047694,-0.7918861048581238,0.8698538166546561
1.216115394180552,-0.3876101440746826,0.14186481644291415,-0.41226716579883416,0.5833793499343127
1.2186023377269335,-0.4210297414449481,0.17464720061759875,-0.08047765850288968,0.4628653598865132
1.221089281273315,-0.45444867136500045,0.19785800804728693,0.1986939284784448,0.5339950032238614
1.2235762248196966,-0.47829013431239226,0.22107403641178758,0.3821518794260683,0.6509034038202925
1.226063168366078,-0.4925541373903455,0.24908368001038772,0.469896107901425,0.724882480219223
1.2285501119124596,-0.5020290910072847,0.2675217198012323,0.452349720226108,0.7267883792216602
1.231037055458841,-0.5019265989157462,0.2811765499641443,0.34387783872712063,0.670255571343128
1.2335239990052225,-0.4922466681731651,0.285259757979067,0.13969197185713078,0.5858274138781757
1.236010942551604,-0.45862409586047403,0.2701945279467006,-0.12668914595870007,0.5471665961477569
1.2384978860979856,-0.43457771224601766,0.2599228671513236,-0.4073815709212063,0.6499057079110607
1.240984829644367,-0.405742314379155,0.2448679595767409,-0.7023853930181829,0.8473089068517672
1.2434717731907485,-0.36254110261354855,0.22502979578941984,-1.0021238961775651,1.0891862849702887
1.24595871673713,-0.3289161005289092,0.20519676961851152,-1.2587131383423422,1.3170612286771803
1.2484456602835114,-0.3048673150870738,0.18536887151553616,-1.4529995979520685,1.496166277518718
1.250932603829893,-0.2999715598740814,0.16075768855472727,-1.599348577259816,1.6351580482466352
1.2534195473762746,-0.29507522853751744,0.14094001771459963,-1.6546645392432655,1.686667784870212
1.255906490922656,-0.29017832798950366,0.12112744595640779,-1.6333127872890518,1.6633057389790482
1.2583934344690375,-0.2900692684456234,0.1204735767869769,-1.564023835306843,1.595250645073793
1.260880378015419,-0.29474805678416094,0.12940159373559856,-1.4420093745230869,1.4775020222158128
1.2633673215618004,-0.30900310318659163,0.13833468027623663,-1.2768463066809979,1.3209677862957054
1.2658542651081819,-0.31846920453588656,0.16163803642941765,-1.0924767440374534,1.1493715349360074
1.2683412086545636,-0.34229998093982195,0.16579282895789405,-0.8889007827972488,0.9668511471487354
1.270828152200945,-0.37091863256677954,0.16516425777320487,-0.6852721329929441,0.7965285684064838
1.2733150957473265,-0.38038314960656305,0.18369432937353514,-0.5103213118409275,0.6624671980314549
1.275802039293708,-0.39463555543433004,0.19265261367998088,-0.3832020304570918,0.5828344939321352
1.2782889828400894,-0.41367585680577973,0.19203910048220285,-0.30391438721303743,0.5480608409411182
1.280775926386471,-0.4183504471773407,0.20100739279813773,-0.26288167437354204,0.5334115140624758
1.2832628699328525,-0.41344773658886336,0.20519227035090104,-0.2840460079762046,0.5419640517132381
1.285749813479234,-0.41333294170255686,0.19980531945194402,-0.33388866474233936,0.5676688531364081
1.2882367570256155,-0.40842926256068657,0.18005812636076657,-0.4315633584409948,0.6208722281865139
1.290723700571997,-0.3987367058276391,0.17946950384775118,-0.5770701900811233,0.7240236651283567
1.2932106441183784,-0.38904368146949825,0.16930902146796623,-0.7321020346270668,0.8461642393453364
1.29569758766476,-0.37456179279298507,0.1543650719677392,-0.891870590800167,0.9795704481037284
1.2981845312111415,-0.35050264308598233,0.15379125800376237,-1.0515875578332778,1.119080089018832
1.300671474757523,-0.32644304557833814,0.1436455522996849,-1.1968878288271085,1.2488953444930493
1.3031584183039044,-0.31195981348083857,0.12871634745115035,-1.308617894067197,1.3514316912078947
1.305645361850286,-0.31184135666477547,0.12336884264489267,-1.3915662609426782,1.4314054497786621
1.3081323053966674,-0.31172247170090295,0.12281462373721164,-1.4217910174196096,1.4607340717536925
1.310619248943049,-0.3068147617812066,0.1126884698949433,-1.413657478522154,1.4509519137020828
1.3131061924894305,-0.3114834433594216,0.11214398347862309,-1.3815309597668985,1.4206428127125916
1.315593136035812,-0.3209401195884324,0.1259695568397139,-1.3110463572377267,1.3556228975781368
1.3180800795821934,-0.3303963936014179,0.13022316236001874,-1.2117805841060925,1.2627478105054744
1.3205670231285749,-0.34464067515237706,0.139269998936411,-1.107675763987169,1.168383038946472
1.3230539666749563,-0.35888456733477997,0.14832165213743176,-1.0035204076944453,1.076034689879037
1.325540910221338,-0.37312807654240804,0.15258970748489675,-0.8945262198771324,0.981165296156685
1.3280278537677195,-0.3825828058286282,0.16643936373549595,-0.7950585189388786,0.8978806789622247
1.330514797314101,-0.3920371648672488,0.18508220631866612,-0.7338478337140959,0.8523386678895937
1.3330017408604824,-0.39670275667115873,0.1989414172978572,-0.6917406603008533,0.8218612448463775
1.3354886844068639,-0.40136799087349884,0.21280538865215748,-0.673525511862211,0.8124155418666473
1.3379756279532453,-0.4060328737666309,0.21230889903446082,-0.6935677086620977,0.8312484163516982
1.340462571499627,-0.4059090083020455,0.20702874365462964,-0.7470789581402126,0.8750714218941389
1.3429495150460085,-0.4105732073715278,0.20654171767829732,-0.8053289515884767,0.9272456848211482
1.34543645859239,-0.39608346060394795,0.19648259962566428,-0.8778946073118874,0.9829478425974347
1.3479234021387714,-0.3815933874901738,0.17685137793435723,-0.9743528440627571,1.061250860064052
1.3504103456851528,-0.37189139753923917,0.1668016542801003,-1.0659733544749912,1.1412384483029527
1.3528972892315343,-0.36218909359857515,0.14717980373332784,-1.1479678482249245,1.2127130801252626
1.355384232777916,-0.36206328845549296,0.14671623452517224,-1.2155480354265098,1.276782089766965
1.3578711763242974,-0.3667255849152282,0.15104572496188462,-1.2591372233077465,1.3201246201703154
1.360358119870679,-0.36181077912118087,0.13622624666738803,-1.2835239294887444,1.3404843556489525
1.3628450634170604,-0.3521072804767103,0.1357766110680143,-1.3030734786581277,1.3566190754445455
1.3653320069634418,-0.3615571116450634,0.12575478970537013,-1.3082091793276227,1.363066054522676
1.3678189505098233,-0.34706464878367627,0.12052598064295017,-1.2893543404303855,1.3406770668703019
1.370305894056205,-0.3373603178331659,0.12009017194306582,-1.2560858845990097,1.3061337538455573
1.3727928376025864,-0.3372325281110101,0.1196589483078343,-1.20361552492008,1.255680840721447
1.3752797811489679,-0.3371044789521045,0.1240207010404828,-1.16067379813407,1.2149832219792627
1.3777667246953493,-0.33697617631025806,0.12838701476446612,-1.1224724181476748,1.1789743417322964
1.3802536682417308,-0.3416360294378138,0.12796947406445547,-1.0746462926322238,1.1348814991753768
1.3827406117881123,-0.34629564092465115,0.12755647012733595,-1.0315607495828143,1.0955861007125904
1.385227555334494,-0.35095501665905826,0.12714799078163397,-0.9932159074323366,1.0610437663238053
1.3877144988808754,-0.3556141625073568,0.1267440238181976,-0.9787654982903895,1.049050704586328
1.3902014424272569,-0.36027308431384597,0.12155615367025385,-0.9786328347368993,1.049902290216236
1.3926883859736383,-0.36014338458043005,0.1115843680544013,-0.9976064397017073,1.0664768807552576
1.3951753295200198,-0.3552250691071866,0.11119386461160774,-1.0356864331800502,1.1005431900305795
1.3976622730664012,-0.35988335363293633,0.10601942102476425,-1.049777305666824,1.1148042596570986
1.400149216612783,-0.3645414372726893,0.10084942822218457,-1.0733980011611575,1.1380880174917702
1.4026361601591644,-0.35962251911915477,0.10526068041703462,-1.116125447436584,1.1773462453819517
1.4051231037055458,-0.3499150082036278,0.10009955186551966,-1.1540177493971928,1.210048511082752
1.4076100472519273,-0.34020731353500205,0.09973124003131728,-1.1774982222774977,1.229711104238534
1.4100969907983087,-0.3400762474200342,0.08979052242188823,-1.2105090049204446,1.2605737752982065
1.4125839343446904,-0.3447334121820473,0.09900780639353446,-1.2482618166100927,1.2987691226727966
1.4150708778910719,-0.3493904101218208,0.10344106274552134,-1.2668147637090001,1.3181780447641005
1.4175578214374533,-0.3492588435175523,0.10787868216577179,-1.2948983894596964,1.3455041392973703
1.4200447649838348,-0.3443387179451211,0.12668586194997156,-1.3037823976141887,1.3544249704663227
1.4225317085302163,-0.34420684559836184,0.13592057279884262,-1.307832122157338,1.359182700895397
1.4250186520765977,-0.3536516353280893,0.14515960862319144,-1.3070476874598373,1.3618055839362602
1.4275055956229794,-0.35830788268111813,0.15919135998177047,-1.2822756049546733,1.3408792469667599
1.4299925391693609,-0.35338718982210815,0.15886220080043012,-1.257458016297937,1.3157964764831471
1.4324794827157423,-0.3532547721741446,0.1633257315365344,-1.2182298369202709,1.2788855164589754
1.4349664262621238,-0.3626990384968358,0.16300513269496886,-1.174167999187711,1.2396740523734076
1.4374533698085052,-0.3625663809253402,0.17226560135195346,-1.158791452398436,1.2263471972235782
1.4399403133548867,-0.36243361149377296,0.1767419146319824,-1.1529467096545503,1.2214261919704572
1.4424272569012684,-0.367089138892988,0.17164565627069317,-1.137480284382276,1.2075090329136986
1.4449142004476498,-0.36695616182992463,0.16655361993556417,-1.1315459168912199,1.2011632258156182
1.4474011439940313,-0.36203468562914226,0.1662541959450321,-1.1447205411680255,1.2120621636863096
1.4498880875404128,-0.3619015222327948,0.16595896794855935,-1.1626390749121907,1.2289201395329312
1.4523750310867942,-0.37613348355998083,0.16566792288794696,-1.180513242775035,1.2500135097254756
1.4548619746331757,-0.38557696158484533,0.16059264435708798,-1.212708382997107,1.2826227866828428
1.4573489181795574,-0.37107834825843256,0.16030992588359227,-1.2496478175221402,1.313399436851127
1.4598358617259388,-0.36615647203210455,0.16003135100729082,-1.281754868595387,1.342600513363597
1.4623228052723203,-0.3612345314512684,0.15496850324154998,-1.2994528587604144,1.357602060933305
1.4648097488187017,-0.3658893383194227,0.14990977271427353,-1.312318724137139,1.3705941709973812
1.4672966923650832,-0.3657556878153308,0.1544319528479665,-1.3107757878560822,1.3695837386810035
1.4697836359114647,-0.36083358505550195,0.1589582237585523,-1.3139777932583154,1.3718623233329474
1.4722705794578463,-0.3606998417738648,0.15391176553699593,-1.3123480640484786,1.3696899826742532
1.4747575230042278,-0.3605660597201964,0.153657774851244,-1.305886730854093,1.3634363751254306
1.4772444665506093,-0.3652206472616687,0.1534078350637924,-1.3137475378629517,1.3721707904944485
1.4797314100969907,-0.36508680278127825,0.1531619328336249,-1.3119885996558693,1.3704236705710233
1.4822183536433722,-0.3649529345997121,0.16728526475721628,-1.2958216443675248,1.356587165754265
1.4847052971897536,-0.3648190476940899,0.1766242041657864,-1.2748236103629669,1.3377085947980187
1.4871922407361353,-0.35510834037764427,0.18596714096942524,-1.2585714362734617,1.3208662957050388
1.4896791842825168,-0.34060922090128476,0.1953140617355933,-1.2614304643136247,1.3211241578190607
1.4921661278288982,-0.3404753074535812,0.19508814636919514,-1.269035617036053,1.328320073305171
1.4946530713752797,-0.34512979827796175,0.19486618803482303,-1.267021817250006,1.3275660790657908
1.4971400149216612,-0.34020748827426794,0.1850713665946384,-1.2506007946588316,1.3091962776499153
1.4996269584680426,-0.34007359224094325,0.18006887849155984,-1.2437146991380459,1.3018836745243054
1.5021139020144243,-0.3495165183125349,0.17028190354651862,-1.2367868575681005,1.2964564991938292
1.5046008455608058,-0.3445942546784457,0.16528723484164365,-1.2393942103546305,1.2969822971110931
1.5070877891071872,-0.33967201606731356,0.15550805215814112,-1.304209328026845,1.3566583225327913
1.5095747326535687,-0.34432661386420366,0.140944341898543,-1.306733858499987,1.3586682823554341
1.5120616761999501,-0.3537696494699911,0.13117289708708268,-1.3044287760956141,1.3579004844695508
1.5145486197463316,-0.3488475143013665,0.12619370408883324,-1.3068710221634188,1.3585033337303083
1.5170355632927133,-0.34392542299396955,0.1164299426100679,-1.31884913496088,1.3679194672585173
1.5195225068390947,-0.3581569934805262,0.12103521226114555,-1.3307864430094938,1.3834444374401058
1.5220094503854762,-0.3628118104674205,0.11606748275219836,-1.3283178717322404,1.3818583280243848
1.5244963939318577,-0.353101475239395,0.10631514369819106,-1.3305971700129415,1.38075066193801
1.5269833374782391,-0.35775641230018884,0.10135498801773801,-1.3280476670290433,1.3791204044749912
1.5294702810246208,-0.36241141624755285,0.10597540529285299,-1.3254579021312836,1.3781913769414627
1.5319572245710023,-0.3622780882967024,0.10581117180838584,-1.3371932215202484,1.3894341038779339
1.5344441681173837,-0.36214483628033467,0.09607387047427318,-1.344100148360436,1.3953437855435356
1.5369311116637652,-0.3620116646877092,0.09112869746653995,-1.3461788193005564,1.3969804216256412
1.5394180552101466,-0.3618785779849798,0.08618723566517028,-1.3386409678688302,1.3893681965745557
1.541904998756528,-0.35216877397458957,0.08124947125604765,-1.3358519410714411,1.3838803165037394
1.5443919423029098,-0.35203587035779327,0.08589219705164242,-1.3330234728269215,1.381397228403356
1.5468788858492912,-0.35669146821124004,0.09532699588981464,-1.3349441038849044,1.3850602153470213
1.5493658293956727,-0.35177036194793926,0.08561183731388766,-1.3368255685417711,1.3849817236845667
1.5518527729420541,-0.3468493625594688,0.08547712737769642,-1.3338796012781664,1.3808858064006064
1.5543397164884356,-0.35150528101443856,0.09013444888033639,-1.3404715500371616,1.3887203310656295
1.556826660034817,-0.3513729116569593,0.08521857796810695,-1.3374479396976966,1.3854573686977196
1.5593136035811987,-0.34645225876916574,0.08988311401768856,-1.3439625218761915,1.390806745022322
1.5618005471275802,-0.34632013325093636,0.09933963979276106,-1.3504386284390613,1.3976732407503103
1.5642874906739617,-0.34618813601835996,0.0992229314053259,-1.3520879947418525,1.3992259864516439
1.5667744342203431,-0.3460562712850177,0.09910978155824601,-1.3584875662667795,1.4053704705157464
1.5692613777667246,-0.34113613992139014,0.09900017630344005,-1.3696374820180903,1.4149493747189097
1.571748321313106,-0.33621614941582845,0.09410569836256144,-1.3711726711986874,1.4149246184282946
1.5742352648594877,-0.3360847072339643,0.08921473708830341,-1.3630932731289427,1.406746413181725
1.5767222084058692,-0.34074181749843024,0.09390408514445792,-1.3597646372436376,1.4049494055293494
1.5792091519522506,-0.33582227434827616,0.09380851858440975,-1.3563984998467102,1.4004976003170646
1.581696095498632,-0.3356912918218147,0.08892802341400152,-1.3625718073503936,1.4061290008172929
1.5841830390450136,-0.33556047065353706,0.08883939227158999,-1.373496296350302,1.4166811014382894
1.586669982591395,-0.3402182181960272,0.093542611147162,-1.370018493622398,1.4147258847423743
1.5891569261377767,-0.34008773181843877,0.09824926270301226,-1.361715346002752,1.4069759296073585
1.5916438696841582,-0.3303806121877909,0.10295933291473425,-1.3629522037829602,1.4061972418336819
1.5941308132305396,-0.3302504765502523,0.11724961439189974,-1.3497871908243226,1.394538744477949
1.596617756776921,-0.3349089255280677,0.11717807649561074,-1.3365856576798265,1.3828795718807154
1.5991047003233025,-0.32520234976022355,0.11232151182323813,-1.3281361483880012,1.3719760635531304
1.601591643869684,-0.32507276974624366,0.12662192292752783,-1.3196504004699126,1.3649844674782052
1.6040785874160657,-0.3297317860415482,0.12656047251229108,-1.3302821681683596,1.3763688643947871
1.6065655309624471,-0.3391794024996883,0.12650235647962615,-1.3504547859214178,1.3981321976454895
1.6090524745088286,-0.34383881631145646,0.13602436740684842,-1.356226378320411,1.4057303259811234
1.61153941805521,-0.3437100312861856,0.13118447462497373,-1.352385489989734,1.4015321849761975
1.6140263616015915,-0.3435814545314864,0.13113627734407984,-1.3628742789432362,1.4116200761319178
1.616513305147973,-0.3434530898126731,0.1358797614896039,-1.3829044833781214,1.431379804465486
1.6190002486943547,-0.35290174751375275,0.13583810634332583,-1.398111034953235,1.4483459878741705
1.6214871922407361,-0.35756222139528815,0.15016491110621955,-1.3989172687470521,1.4516782589456192
1.6239741357871176,-0.35743451515695557,0.15012974177382343,-1.4044769398562682,1.4570016632037832
1.626461079333499,-0.3620954391172816,0.15009779422252167,-1.424366996830356,1.4773164171969155
1.6289480228798805,-0.3619681902918255,0.14528065104584353,-1.4298571617467495,1.4820995045373686
1.631434966426262,-0.35705277231510957,0.1404667014766936,-1.4305243833329033,1.4810866239864675
1.6339219099726436,-0.352137592120363,0.1356559314267627,-1.4263688037602318,1.47544277417187
1.636408853519025,-0.3567994599395793,0.14042513344782392,-1.41739056528181,1.4683395681064046
1.6388957970654066,-0.3614615727020121,0.13562068016958184,-1.3892246002685145,1.4418711549306635
1.641382740611788,-0.3661239339561088,0.13081936414377848,-1.3801782776905025,1.4338941799376972
1.6438696841581695,-0.3659981439086329,0.1308095746023512,-1.3615213201064815,1.415911752637398
1.646356627704551,-0.3515073994247243,0.1308028941374726,-1.347619080028009,1.3988366716027318
1.6488435712509326,-0.3418053172701481,0.14037611530346172,-1.352836910033787,1.402392253904592
1.651330514797314,-0.3464687075488566,0.1547408206952574,-1.3723865494855065,1.4238785510389402
1.6538174583436955,-0.3511323637421141,0.15953178626907683,-1.3823261245249867,1.435120149061254
1.656304401890077,-0.35579628927106044,0.1499605946240128,-1.382655777954085,1.4355543109575686
1.6587913454364585,-0.3508836808952125,0.15954605492425245,-1.3925292659115485,1.4448917113682331
1.6612782889828401,-0.3459713486344048,0.1595577331728606,-1.3880047147060832,1.4393442716520206
1.6637652325292216,-0.355424505807913,0.14999561529806238,-1.397812687219739,1.450070885332821
1.666252176075603,-0.35051273583140374,0.1452248971926413,-1.3884345032175638,1.4393400635255145
1.6687391196219845,-0.34560125198261826,0.14524556479241868,-1.3646587090713176,1.4152137265120124
1.671226063168366,-0.35505526751862737,0.14526920071720806,-1.374369481076961,1.4269053417047313
1.6737130067147474,-0.35014436579309505,0.14529579091178402,-1.412778559045579,1.4627560290944734
1.6761999502611291,-0.3452337600219634,0.13574851468528193,-1.432002052941181,1.4792714044170259
1.6786868938075106,-0.349900260080399,0.1357809712740372,-1.4416169126044434,1.4896731140997408
1.681173837353892,-0.34499025590130405,0.14060474331848027,-1.4416232812655352,1.488981415464045
1.6836607809002735,-0.3352921539988195,0.13585460682441042,-1.4272328988616305,1.472369196336828
1.686147724446655,-0.33995957082777317,0.12631895108520785,-1.4032343119950443,1.4493431345133134
1.6886346679930364,-0.3398388962603136,0.12157456872122552,-1.3887812772507644,1.4349161254977396
1.691121611539418,-0.3301417301094193,0.11683304239887304,-1.3695087279905511,1.4135762016241342
1.6936085550857995,-0.33002168876959637,0.1120943581121967,-1.350205210873602,1.3944653354060652
1.696095498632181,-0.3442671786544518,0.11214690518321024,-1.3596012891740905,1.4069870234528523
1.6985824421785625,-0.3441477829155168,0.12177907294190904,-1.3737550896534234,1.421432687622225
1.701069385724944,-0.3296635046063839,0.12183723412503733,-1.3639363357606022,1.4084902079519974
1.7035563292713254,-0.3247563633624686,0.11710977807953649,-1.3588755907935433,1.402042890542495
1.706043272817707,-0.3342147655182719,0.12196190080193459,-1.3633614014510442,1.4090168649466939
1.7085302163640885,-0.33409669746683096,0.13639358833710213,-1.367817104470685,1.4146191874424308
1.71101715991047,-0.33397896882385736,0.1316744068176492,-1.3818196498682962,1.4276924198823664
1.7135041034568514,-0.3290731792246885,0.14132316555017077,-1.386215567732119,1.4317314673600794
1.715991047003233,-0.33374454156655214,0.14618623732807468,-1.3810050014232278,1.4282614077841556
1.7184779905496144,-0.3384162521258308,0.1510520115568963,-1.3949185142134493,1.4433086749527058
1.720964934095996,-0.33829991048001506,0.15113207101242798,-1.4088026361576773,1.4567129435699104
1.7234518776423775,-0.34297232614840406,0.14642640180197697,-1.408292300614626,1.4568314630109955
1.725938821188759,-0.33806829202968863,0.13693499004436216,-1.3981760542050896,1.444969771354001
1.7284257647351404,-0.33795302092546287,0.1370230318311676,-1.3832424435280277,1.430505929097199
1.7309127082815219,-0.34262651565749225,0.13711370666455158,-1.3634916118376097,1.4125517595254375
1.7333996518279033,-0.342511972388108,0.12284179073880752,-1.3580773156421024,1.405979570279301
1.735886595374285,-0.3471862005421545,0.1229376901438024,-1.3622112948184384,1.4111242132554163
1.7383735389206665,-0.3422839929242678,0.13261298774027663,-1.366316885890818,1.414767249055464
1.740860482467048,-0.3421705622423823,0.12792565312109572,-1.3608174253484044,1.4089960012447116
1.7433474260134294,-0.34684591122500574,0.12324088245529952,-1.3600782662442565,1.4090079103936388
1.7458343695598109,-0.34194483262129727,0.128135468605596,-1.3545227449896018,1.4028816178014982
1.7483213131061923,-0.337044135763649,0.12824418784741098,-1.372881424515283,1.4194536719979343
1.750808256652574,-0.34172062996620495,0.12356702643168971,-1.37684722122229,1.423990895179183
1.7532952001989555,-0.3416091079233795,0.1188923739445733,-1.3664202780260641,1.4134838362709388
1.755782143745337,-0.33670957227243936,0.11900861998737655,-1.3751195610335945,1.4207357934635187
1.7582690872917184,-0.33181042895296015,0.1191273475362693,-1.3742147931345965,1.4187162448364845
1.7607560308380998,-0.33648848720690866,0.11446013958318657,-1.3828597303661372,1.4278048394106606
1.7632429743844813,-0.33159013633653733,0.10979538577674708,-1.3866893054647758,1.4300049913003556
1.765729917930863,-0.33148058886852905,0.10992147578192402,-1.3857036610671383,1.4290335013321322
1.7682168614772444,-0.3409482506712668,0.11962679928033193,-1.4038449563480189,1.4495988901091312
1.770703805023626,-0.34083951099397924,0.1101809227283268,-1.4028061072522178,1.4478178001848165
1.7731907485700074,3.1404380348769267,6.086241596193231,-2.5126504398123295,7.295073683714474
1.7756776921163888,3.710365951828723,3.5245815355801846,-2.463674922568117,5.679716949068294
1.7781646356627703,4.088757323320676,1.1544599802498148,-2.400308091368684,4.879773891124141
1.780651579209152,4.299554163493515,-0.957085436865339,-2.3081848784715184,4.972916244164858
1.7831385227555334,4.357121679864318,-2.762170696094375,-2.2016706359775586,5.609050710845104
1.7856254663019149,4.271036676647082,-4.24164219767049,-2.08555390926616,6.370464499138102
1.7881124098482963,4.06524116803372,-5.381134745128081,-1.969411646953585,7.025765377142711
1.7905993533946778,3.763677168233075,-6.1662831419823725,-1.8580323942499177,7.459262563541856
1.7930862969410595,3.3902866914707994,-6.616241014971338,-1.7418394863159659,7.635620067462921
1.795573240487441,2.93549292874728,-6.778892410735059,-1.6160446615421282,7.561884778224638
1.7980601840338224,2.6051972204934084,-7.271941371010897,-10.11413924806929,12.726507635263573
1.8005471275802039,1.4800261268834982,-7.434588250992457,-6.291647264372791,9.851314891797058
1.8030340711265853,0.42189224326410296,-7.295563483977858,-2.33984370539072,7.6732071638483825
1.8055210146729668,-0.5261088027742868,-6.883597503244495,1.4635438949733803,7.0571003812858075
1.8080079582193485,-1.3065161736649045,-6.236997548689034,4.8503648095633345,8.008318282901309
1.81049490176573,-1.8810226451051162,-5.38449405354695,7.576410327926128,9.483301949278342
1.8129818453121114,-2.249628219339268,-4.393124677593796,9.531547032688211,10.733627550575742
1.8154687888584928,-2.412332898595326,-3.2820430473804354,10.60564150658478,11.360932547317471
1.8179557324048743,-2.3835018950460762,-2.1230752259594743,10.746021172306605,11.210062476830045
1.8204426759512558,-2.196654034129766,-0.9832588730406298,10.010146729027149,10.29539336274844
1.8229296194976374,-1.9044617545498355,0.11346398157235527,8.522516522520318,8.733449291447744
1.825416563044019,-1.5356554783928837,1.1144208881750077,6.426782511963342,6.70102269212668
1.8279035065904004,-1.1381192410104084,1.9956698170098148,3.900115479893751,4.526468179694734
1.8303904501367818,-0.764525481058991,2.7189035283805194,1.1484166288970599,3.0489008447891197
1.8328773936831633,-0.4388162172578552,3.255391589255074,-1.6319896449547748,3.6679046161481326
1.8353643372295447,-0.19451027495111162,3.6003455832272793,-4.2208369288620275,5.551196893082714
1.8378512807759264,-0.050761269506858026,3.772919110516058,-6.440954439774322,7.4648100723479756
1.8403382243223079,-0.007569202996516089,3.7491701414820398,-8.15826702439192,8.97851072750348
1.8428251678686893,-0.060145674156017626,3.5626174863540347,-9.257853142561196,9.919864195916466
1.8453121114150708,-0.20849068502645443,3.241991552065412,-9.706194110434957,10.23543754310721
1.8477990549614522,-0.40950860775114917,2.806445938933674,-9.536808890511118,9.949600993110804
1.8502859985078337,-0.6440458310598919,2.279922650622145,-8.79279325178585,9.106374442882103
1.8527729420542154,-0.888160340347438,1.7007289007801636,-7.545973383032154,7.786078723050822
1.8552598856005968,-1.1083333143529543,1.107171903083136,-5.906482699439591,6.110709470876564
1.8577468291469783,-1.2806227384416506,0.5423472745523004,-4.017973439289977,4.251852034498358
1.8602337726933598,-1.400240211245256,0.011043405672771733,-2.0528282606365593,2.4849342996677266
1.8627207162397412,-1.428878508138801,-0.45800929644275445,-0.1451225948155077,1.5074902567429542
1.8652076597861227,-1.3617492277250096,-0.8408688279747498,1.5662797236698598,2.2393422065081126
1.8676946033325044,-1.2084291785530485,-1.1375352016792541,2.9616684737586123,3.394962085663627
1.8701815468788858,-0.9832835724782785,-1.3336432203237258,3.9787942743905287,4.310017946707871
1.8726684904252673,-0.6958892180213528,-1.424404493289428,4.5601961479895685,4.827895905298744
1.8751554339716487,-0.3749765369699169,-1.4146074365707495,4.681931940385786,4.905324484403027
1.8776423775180302,-0.054064354418082466,-1.3234056760953625,4.344001514176911,4.54143971589532
1.8801293210644117,0.2476937145151784,-1.1555876278022157,3.6086539752935565,3.797251434280046
1.8826162646107933,0.511144054724884,-0.9446721275239822,2.5525036397973473,2.7692866417870126
1.8851032081571748,0.7171330511195562,-0.7002359944638608,1.290472050486768,1.6339915465014987
1.8875901517035563,0.8417186853015832,-0.43664445111657857,-0.07688445962744339,0.9513463838208078
1.8900770952499377,0.8753241488478374,-0.168262719948316,-1.4729515739586994,1.721653579471784
1.8925640387963192,0.8323146499503694,0.08096716996276676,-2.7732309425372135,2.896569215430494
1.8950509823427006,0.7174785901741929,0.29667999620836705,-3.891531441775646,3.968225234262413
1.8975379258890823,0.5356043710977436,0.47887574637031305,-4.770392367825158,4.824192923775463
1.9000248694354638,0.2962687976333406,0.5988239881378234,-5.347564613330569,5.389138397087767
1.9025118129818452,0.013837078026643218,0.6756783224330354,-5.594317893992453,5.63499115874891
1.9049987565282267,-0.26380675622082117,0.7238039468874038,-5.510652345243322,5.56424077734719
1.9074857000746082,-0.5222974968369534,0.7096820259593302,-5.115721715605656,5.191054991491726
1.9099726436209896,-0.7616351454971733,0.6524661606607878,-4.47177538329156,4.582856670710563
1.9124595871673713,-0.9435124773015234,0.5808867586746969,-3.6458511296377303,3.810495463940086
1.9149465307137528,-1.0727178972198688,0.48057859783168055,-2.6810447191818056,2.9274016229349753
1.9174334742601342,-1.1300977936075343,0.3611184725946659,-1.6635475461452955,2.043261611407545
1.9199204178065157,-1.1108637647680428,0.24165998409801892,-0.6843394078680713,1.3269281355635303
1.9224073613528971,-1.043746232234274,0.13177992686653806,0.20390712507572495,1.0716110591463865
1.9248943048992788,-0.9287451976046301,0.03626669213600042,0.9389426756760582,1.3211723064149756
1.9273812484456603,-0.7658606624648915,-0.044879732146812845,1.4728830770917263,1.660705062150388
1.9298681919920417,-0.5790346449896873,-0.1068709546832931,1.7722093726518278,1.86746581804547
1.9323551355384232,-0.38742076002110426,-0.14970698746332722,1.8512866390991647,1.897305786502997
1.9348420790848047,-0.21017262238864268,-0.15423422916373752,1.7149031467493057,1.7346047190579537
1.9373290226311861,-0.05207863694852827,-0.13002949835115007,1.358270359491998,1.365473626381114
1.9398159661775678,0.06770758149422515,-0.09145801688032096,0.8340605812778978,0.8417873476627592
1.9423029097239493,0.14439762810792506,-0.03851979661267624,0.19494611627591318,0.2456388364761127
1.9447898532703307,0.17320309807290596,0.014419940661899222,-0.5207659410848855,0.5490031086112098
1.9472767968167122,0.15412398990194745,0.07693798978777666,-1.2460380762313363,1.2578889243308287
1.9497637403630936,0.08716030211986306,0.14903433900149077,-1.942563194287505,1.950220478886352
1.952250683909475,3.8988027559196383,6.637592619150707,-3.3573323446828827,8.398212856317967
1.9547376274558568,4.449541999263993,3.999455640803679,-3.7760972699780346,7.07481307302929
1.9572245710022382,4.823109768994627,1.5193374303824605,-4.0416170855505715,6.473441336518535
1.9597115145486197,5.029082870324505,-0.7309359739394337,-4.129949905569939,6.548467617474129
1.9621984580950012,5.091403318439102,-2.717845760517225,-4.03151905393287,7.040043977930673
1.9646854016413826,5.019647918574665,-4.412661520991358,-3.770266677543189,7.67354922738372
1.967172345187764,4.84254708926032,-5.767499233689129,-3.374923326387827,8.252540044210932
1.9696592887341458,4.57446603907566,-6.77757050678613,-2.883796356855349,8.670494965394187
1.9721462322805272,4.234558379932371,-7.457240561704458,-2.3016743018520227,8.879168095040868
1.9746331758269087,3.837189320432902,-7.825663023153125,-1.6908065338848868,8.878279696417446
1.9771201193732901,3.391935665870817,-7.882837902525191,-1.094288811935753,8.651117208940242
1.9796070629196716,2.927527834832643,-7.671860841062097,-0.5456400881004733,8.229555947563892
1.982094006466053,2.4439658259935695,-7.226250673329949,-0.10232133082797823,7.629032534153225
1.9845809500124347,1.9268844280797068,-6.574737830540028,0.24524413816565804,6.855669611847909
1.9870678935588162,1.4098024630312063,-5.760417953829766,0.4731141741735492,5.94926844321023
1.9895548371051976,0.8831431229165024,-4.845540297582838,0.5669234393821121,4.957883090309283
1.992041780651579,0.35648321309623276,-3.8492584862648505,0.5218834028727439,3.9007990798675363
1.9945287241979606,-0.13665844445621703,-2.8146681609081474,0.36193595390476396,2.841131820454693
1.997015667744342,-0.6106470609598587,-1.832748995712472,0.11102298199516447,1.93498961673573
1.9995026112907237,-1.0702710409819125,-0.855616968553675,-0.2069136230796289,1.3857755032679089
2.001989554837105,-1.4963767724773585,0.059267069681378626,-0.553566761321294,1.5965876706269906
2.0044764983834864,-1.874599046710637,0.8783842847428889,-0.9145713490704246,2.263210394583809
2.006963441929868,-2.1953610582557403,1.5873694556980014,-1.28513910904398,2.99848870176012
2.0094503854762498,-2.463451211636883,2.167068958329347,-1.607809327169612,3.653741996201082
2.011937329022631,-2.664504298086357,2.6174827817367046,-1.8634285156700177,4.174106503219695
2.0144242725690127,-2.803308722107078,2.9529761250167774,-2.04241999313944,4.555226362623094
2.016911216115394,-2.8607108715898146,3.1496069607398516,-2.1543606911827435,4.769167714149553
2.0193981596617756,-2.8462875543366724,3.2169520847545634,-2.18488552453101,4.819113851413319
2.0218851032081573,-2.7552503681782756,3.174165099586456,-2.114841004321235,4.705239754182317
2.0243720467545385,-2.597176120895861,3.0356112044771417,-1.9681692712979917,4.45353224622664
2.02685899030092,-2.386430023580373,2.80607879206394,-1.7688124659288675,4.086297099372756
2.0293459338473014,-2.127800480671814,2.504721464981651,-1.5407127284031343,3.6297328020324664
2.031832877393683,-1.8356527032406509,2.165058035862829,-1.3030237953100006,3.123294439644299
2.0343198209400644,-1.509986692385793,1.796665300774778,-1.0557457896757771,2.5734539410310884
2.036806764486446,-1.1747444657976527,1.3995432491811775,-0.8228208508456127,2.0039411215994143
2.0392937080328277,7.549779785990523,4.986373853003705,-1.5331993454191828,9.176807683048825
2.041780651579209,9.33590703359473,2.8175447482660094,-1.3768649404920712,9.848526570648076
2.0442675951255906,10.647981758374117,0.8067340251261075,-1.2253071622467608,10.748567949071976
2.046754538671972,11.486003959281723,-0.9742322769983516,-1.1311985688041233,11.582617393501579
2.0492414822183536,11.84518523195971,-2.501412151858287,-1.065808861549284,12.153247486258877
2.0517284257647352,11.754255995301902,-3.7700172064474184,-1.0578685814195552,12.389295769960249
2.0542153693111165,11.261100281493555,-4.760893837761607,-1.0834358325357307,12.274050793748291
2.056702312857498,10.418390526050244,-5.464465249400042,-1.142510735325697,11.819838086688353
2.0591892564038794,9.278799164497523,-5.885519854885489,-1.2303050066011494,11.056631869905006
2.061676199950261,7.904575439011519,-6.076730100906426,-1.3180883462749655,10.057152602942457
2.0641631434966428,6.367545398418619,-6.03330759427006,-1.4010724705629585,8.88309850197375
2.066650087043024,4.7395350915562675,-5.783982764988446,-1.4553154820996266,7.618109520229775
2.0691370305894057,3.0780053573090957,-5.367062849676415,-1.4999711131009992,6.366270018789469
2.071623974135787,1.4499938412133722,-4.830431891551982,-1.5206742722381499,5.2676374819008
2.0741109176821686,-0.08703861782573105,-4.19803191719388,-1.488694657917197,4.455026316789019
2.07659786122855,-1.485207987533868,-3.4842281465025016,-1.4327628080826287,4.049505871997161
2.0790848047749315,-2.706207042267541,-2.7416930259029773,-1.372032453731622,4.089365507997087
2.081571748321313,-3.7596125895766246,-2.003945388501383,-1.2634080823893186,4.44372410557245
2.0840586918676944,-4.60232900047782,-1.2853504540846998,-1.1212550211152994,4.9082350026084915
2.086545635414076,-5.210414259259368,-0.5906966357614007,-1.0030342265414056,5.3388591410718735
2.0890325789604574,-5.588656770121691,0.03692042683545882,-0.8752269919016911,5.656895782980097
2.091519522506839,-5.760998550536786,0.5975007239935892,-0.7378334333592846,5.838707869883761
2.0940064660532207,-5.713074391404459,1.0814674393981307,-0.6195840866848261,5.847450321693451
2.096493409599602,-5.5023451334197135,1.4696669501313386,-0.5252674707318548,5.719408083655598
2.0989803531459836,-5.13838758406465,1.762099246595127,-0.4740373139979379,5.4527728812030345
2.101467296692365,-4.645143760772588,1.9635527225497236,-0.4515285214204283,5.063277383092205
2.1039542402387466,-4.060920890928556,2.0979693850744625,-0.46252961089872,4.594179759657628
2.106441183785128,-3.400084185306181,2.1461956114041914,-0.5022522933710878,4.052034727859119
2.1089281273315095,-2.6865756613100964,2.117808198733714,-0.5706966827744946,3.4682120832350107
2.111415070877891,-1.9587025462968481,2.0415375575772954,-0.6534976827620831,2.903696004275213
2.1139020144242724,-1.2595604709329846,1.9125952752451187,-0.7650206165849767,2.4144916257106654
2.116388957970654,-0.5939378393135584,1.7357697457262407,-0.8861119839269023,2.037364281419959
2.1188759015170353,0.028588541155587538,1.5350029763292055,-1.0071950907859275,1.8361626814986185
2.121362845063417,0.5744998464769843,1.319871764439703,-1.1186932428327765,1.8230705196801817
2.1238497886097987,1.039007672583921,1.0903761008412136,-1.2206065520501213,1.938643169817909
2.12633673215618,1.4316888253802567,0.8608811863164219,-1.3081467267706817,2.121814593321744
2.1288236757025616,1.733389690857743,0.6409638183657496,-1.371737071676181,2.3015510054388644
2.131310619248943,1.9345334616579246,0.4258355845671069,-1.4018008911163982,2.4266852695997745
2.1337975627953245,2.049485347033417,0.22986168581788524,-1.3935498924285064,2.4890174537353547
2.1362845063417057,2.083033749605639,0.05783051641312342,-1.3757146058578407,2.4969911188058576
2.1387714498880874,2.0303902653648063,-0.09983473927480002,-1.3291415281115366,2.4287998696073965
2.141258393434469,1.8963432969511722,-0.21440367027273233,-1.2681959788027974,2.2913768512336956
2.1437453369808503,1.7144116669362697,-0.30981830209267924,-1.20724327720764,2.1195827595075953
2.146232280527232,1.475018568018216,-0.38129024028649927,-1.1271299190217103,1.8951210720400244
2.1487192240736133,1.1877408061857715,-0.4240310903677811,-1.0422212228436134,1.6360793579844934
2.151206167619995,0.8813088007183301,-0.4476176677727861,-0.9668825069317304,1.3827250489292935
2.1536931111663766,0.5509341476624178,-0.45204998125888785,-0.9106906858829014,1.1563888385705496
2.156180054712758,0.21577045967573621,-0.42775123290460426,-0.8592806573502205,0.9838146454573212
2.1586669982591395,-0.1146054572156277,-0.3890866413517502,-0.8270177385654165,0.9211303736191985
2.161153941805521,-0.42103999033535927,-0.3360562152429911,-0.8091136331348547,0.9720459477770211
2.1636408853519025,-0.6939563336384678,-0.2734483665030849,-0.7912032376791451,1.0873600900594576
2.166127828898284,-0.9429312943518559,-0.2108399103389047,-0.7828634650744011,1.2435626637239
2.1686147724446654,-1.1631764697321352,-0.15301925859882504,-0.7793060178888016,1.408443205371927
2.171101715991047,-1.325961440425005,-0.08562120981180321,-0.7948962116238523,1.548342572016136
2.1735886595374283,-1.4360746103090034,-0.013434175749894806,-0.843999361432223,1.6657808035723773
2.17607560308381,-1.5126695932142604,0.04438822189203817,-0.8787315389527866,1.7499453505832876
2.178562546630191,-1.5365927763990617,0.10221118469942958,-0.918246461958157,1.792969897030653
2.181049490176573,-1.5126325637139129,0.169611510975487,-0.9673326379085019,1.8034848959240366
2.1835364337229546,-1.4407889556796658,0.23701238578023132,-1.002048153989735,1.7709173297294187
2.186023377269336,-1.3402155660890802,0.2661065742898434,-1.0223931136360704,1.7065398182516012
2.1885103208157175,-1.2157007987646116,0.2999896981638339,-1.0331560232479458,1.6233710664832157
2.1909972643620987,-1.057667847558549,0.32908494257623744,-1.0343369855505316,1.5155233996436017
2.1934842079084804,-0.8900587295558597,0.3438154927390742,-1.0211476995929214,1.3975536696277244
2.195971151454862,-0.708085041910374,0.348969743863202,-0.9792230574269905,1.2577925524130869
2.1984580950012433,-0.5213235917276564,0.3541244945176847,-0.9564471939112824,1.1454141956733364
2.200945038547625,-0.35371639606453203,0.3544913333485131,-0.9480318070226534,1.072167758044759
2.2034319820940063,-0.1956866487266277,0.35007025235980294,-0.9252465777774361,1.0084263363111714
2.205918925640388,-0.05681115679130716,0.3312844369528354,-0.8928800100743608,0.9540501025069461
2.208405869186769,0.06291007931400594,0.3172874924885174,-0.8605090107719189,0.9192958112537074
2.210892812733151,0.14432344588998822,0.2697721845217145,-0.8281336797266707,0.8828429532328014
2.2133797562795325,0.20179415248885688,0.25098774837152504,-0.8101193263940711,0.87178498083443
2.2158666998259138,0.24489900535187237,0.23699215962905562,-0.78252403330427,0.8535131336111721
2.2183536433722955,0.2688496007687169,0.23257381384487408,-0.7645015125067225,0.8431092748540459
2.2208405869186767,0.2592807283978094,0.21857909000553422,-0.7704170723663175,0.8417516142542488
2.2233275304650584,0.23055759782880986,0.19979638373665232,-0.78590560096114,0.8430438983190173
2.22581447401144,0.17789180537949803,0.1953793006622373,-0.7966019860036315,0.8392814126700127
2.2283014175578213,0.10607175401765172,0.1670206065999551,-0.8168715347617699,0.8404916444161997
2.230788361104203,0.03425105668136452,0.14823911720952365,-0.8419259408552868,0.8555625404608999
2.233275304650584,-0.037570286963137745,0.148611631586411,-0.8621884942159213,0.8757088232189884
2.235762248196966,-0.114180680560555,0.13461931898053514,-0.8824476943680306,0.8999297317854921
2.238249191743347,-0.19079172110556947,0.12541578520246377,-0.8931268305060556,0.9218493018873358
2.240736135289729,-0.2578266022631541,0.13536623277961235,-0.8942259980954361,0.9404460162504203
2.2432230788361105,-0.3392273409310669,0.12616342775306633,-0.8953220988720112,0.9657090970194642
2.2457100223824917,-0.40626351747420786,0.1217493793650255,-0.9107804375210726,1.0046860018818622
2.2481969659288734,-0.449358325529361,0.12691248361343277,-0.9214474951142684,1.0330029861872814
2.2506839094752547,-0.4972421852863189,0.132075926572238,-0.9081697523511902,1.0437749471480198
2.2531708530216363,-0.5307614837223705,0.142028104313205,-0.9044661260822302,1.058271566398801
2.255657796568018,-0.5547046244069258,0.15676900962461504,-0.8911830962611216,1.0613581175921116
2.2581447401143993,-0.5690716075796307,0.1619334253705702,-0.8683207557490906,1.0507358676994818
2.260631683660781,-0.5690740301503985,0.17667495769407093,-0.8550328103142171,1.042180598160245
2.263118627207162,-0.5690771023009149,0.1914167928528756,-0.8369541421075546,1.0300395006698915
2.265605570753544,-0.5642924209221694,0.19658211714132312,-0.8092964395453528,1.0059976104100607
2.268092514299925,-0.5451431795753698,0.1921709235308935,-0.7864250039491534,0.9759995066211286
2.2705794578463068,-0.5307829917341257,0.19733681831076444,-0.7587631196624702,0.9467807961377167
2.2730664013926885,-0.502058244300065,0.20250298788462473,-0.7454644905737222,0.9212965035634312
2.2755533449390697,-0.47333414740751456,0.202881022012793,-0.7465292069126228,0.9069243523958014
2.2780402884854514,-0.43982229790006167,0.20325931713246215,-0.7475921485699981,0.8908714970941385
2.2805272320318326,-0.4063110992523899,0.20363786639669446,-0.7438650016988753,0.8717179766178688
2.2830141755782143,-0.3823773582500195,0.20401666299466426,-0.7449246620343359,0.8618282862546992
2.285501119124596,-0.3488674617470457,0.21397250679221536,-0.7507712182914759,0.8550731908694355
2.287988062670977,-0.3153582165099402,0.21914018108959432,-0.7566163554852778,0.8484936847591353
2.290475006217359,-0.29142642929560236,0.21473127586357643,-0.7672485648911209,0.8483567910104031
2.29296194976374,-0.2722836968904726,0.21511099440800718,-0.7922447407240352,0.8649062843524946
2.295448893310122,-0.24835321275111963,0.21070252345092122,-0.8124513568961049,0.8753011361781219
2.2979358368565035,-0.22442338028548517,0.20629425971696636,-0.8087148869379366,0.8642586091940155
2.3004227804028847,-0.21485940953257182,0.20188619664607943,-0.8097658372013807,0.8617675518139204
2.3029097239492664,-0.1957192839592922,0.20226673103402915,-0.8156042937341415,0.8628025455191344
2.3053966674956476,-0.17657981026516745,0.20743585639171913,-0.8118651322403352,0.8563498448986053
2.3078836110420293,-0.1813830051010427,0.20302835630448568,-0.8033368413223219,0.8482160035208669
2.3103705545884106,-0.19097525522536432,0.20340943431482472,-0.8043847158397117,0.8513998573838287
2.3128574981347922,-0.20056815734788852,0.19900227739888177,-0.752759597143406,0.8040376255147341
2.315344441681174,-0.214950114809364,0.19459528252887015,-0.7346528291299403,0.7898010225288866
2.317831385227555,-0.22933272430029475,0.20455365335267128,-0.7356992855848858,0.7973011566183955
2.320318328773937,-0.24850438914215472,0.21451217363125963,-0.722380226627866,0.7934753278343633
2.322805272320318,-0.27725351264676656,0.2053172238401797,-0.6994841385559845,0.7799376467204394
2.3252922158666998,-0.3060032881553462,0.20569921769289845,-0.6813763139216533,0.774741157868106
2.3277791594130814,-0.3299653123197728,0.2060813423750969,-0.6824220448916609,0.7855230578178614
2.3302661029594627,-0.34913958510251036,0.20167518842739884,-0.6834678000047365,0.7935361145884252
2.3327530465058444,-0.36352610645637107,0.20205755638590306,-0.6893020640150009,0.8050564089697763
2.3352399900522256,-0.3779132796447578,0.20244003686023238,-0.6807713046885819,0.8045184800507836
2.3377269335986073,-0.40187791124167194,0.19803422049437724,-0.6722408126471162,0.807855877133564
2.3402138771449885,-0.41626638788953463,0.19362850460722925,-0.6876526847659346,0.8268227853348201
2.34270082069137,-0.4210787095022577,0.1940112865518766,-0.6886997743691605,0.8302138508370802
2.345187764237752,-0.4211032793043397,0.18960575375456745,-0.6897473709169635,0.8300781585998812
2.347674707784133,-0.41634009719020904,0.18520030363649997,-0.6860071502006644,0.8235557292143874
2.350161651330515,-0.4067891630445301,0.18079493033247873,-0.701421207545657,0.8307562460789583
2.352648594876896,-0.41160409002344345,0.17638962801113722,-0.7024707980455815,0.8330644932421082
2.3551355384232777,-0.40684286139049297,0.17677279419515735,-0.684367596327764,0.8155542541949056
2.3576224819696594,-0.3829286703603608,0.17715601980023576,-0.6949957131546007,0.8130422272174351
2.3601094255160406,-0.3590151300598167,0.1583856858146948,-0.6960479991343327,0.7990373621938879
2.3625963690624223,-0.35904425692610126,0.15398060978372596,-0.6779477244083836,0.7824550617457146
2.3650833126088036,-0.34949722754289775,0.1543639794030831,-0.6694253852918219,0.7707833007210468
2.3675702561551852,-0.33037404172622775,0.16432419236271922,-0.6609042511482155,0.7569305627519387
2.3700571997015665,-0.3208283125635324,0.16949603310450234,-0.6380191876317127,0.7339810591335153
2.372544143247948,-0.3160716365308155,0.16509109274400258,-0.6247122865696895,0.7193203662581831
2.37503108679433,-0.2969504001332836,0.1654745757110141,-0.6209836227986063,0.7079421128384291
2.377518030340711,-0.2921950230693872,0.16585807318695833,-0.6316216740857712,0.7154248885261977
2.3800049738870928,-0.28265189182456213,0.17102998302666172,-0.6422613045276826,0.7222485239442894
2.382491917433474,-0.27310940947590573,0.17141349315668952,-0.6433257811514963,0.719610586271936
2.3849788609798557,-0.2779327857312285,0.1717970014971244,-0.6443919838759058,0.7224969702298063
2.3874658045262374,-0.2875452136868636,0.17696890600052884,-0.6406715822688742,0.724196326925338
2.3899527480726186,-0.31631190303074846,0.18214079801121752,-0.6465298587897532,0.7424482127433502
2.3924396916190003,-0.3163488202768481,0.18252426890578466,-0.6428132722658209,0.7393244131172979
2.3949266351653815,-0.3211747883744633,0.1829077167336215,-0.6438871043765904,0.7424278286207745
2.397413578711763,-0.3212130003801216,0.1880795395761896,-0.6449630231303551,0.7446670437355466
2.3999005222581444,-0.32125185930131106,0.18846292558598732,-0.6173106795438414,0.7209670633973914
2.402387465804526,-0.3165029614949066,0.18884627290831268,-0.604025774048452,0.7075904006847739
2.404874409350908,-0.3213315165890341,0.20359478636085138,-0.6051083768027468,0.7147453590360586
2.407361352897289,-0.3213723142799342,0.21355484755076093,-0.6014049442940212,0.7145444313122623
2.4098482964436707,-0.3166253542147639,0.2139380480776878,-0.5977039492211169,0.70941603749946
2.412335239990052,-0.3118790393509604,0.21910959285397658,-0.594005460572582,0.7057761940283609
2.4148221835364336,-0.3071333693156048,0.22428107354206483,-0.5950979502673199,0.7062396738421755
2.4173091270828153,-0.3119651503663466,0.22466408183562647,-0.58182787323274,0.6973663877623266
2.4197960706291965,-0.3024323655085891,0.23462382274070892,-0.5494068939673262,0.6695980951611267
2.4222830141755782,-0.29768862762046044,0.2397950813725167,-0.5457191131031554,0.666280384276094
2.4247699577219595,-0.3025223396090699,0.24975465947872655,-0.5516109843981862,0.6768839147170038
2.427256901268341,-0.30735669441048763,0.26450255219719887,-0.5431405579003687,0.6778136936903072
2.429743844814723,-0.3169800949116103,0.2553083347746168,-0.5394615131508687,0.675779143320202
2.432230788361104,-0.3170273307079621,0.2509024223320053,-0.5453623193403896,0.6788802643354811
2.4347177319074857,-0.32186361130680846,0.2512848100989906,-0.5416894286686595,0.6783566003226658
2.437204675453867,-0.32670053292401935,0.24209028337463456,-0.5332313095476522,0.6705792816656008
2.4396916190002487,-0.3315380950856207,0.24726085405075748,-0.529564833320455,0.6719332936598941
2.44217856254663,-0.3267994906668452,0.2524313074868276,-0.525901660980141,0.6686494067306797
2.4446655060930116,-0.3316383324546197,0.24323642907235232,-0.517453453130841,0.6609886686912128
2.4471524496393933,-0.33647781330380855,0.23882982746894976,-0.5185854832691366,0.6627125385806767
2.4496393931857745,-0.34131793269969213,0.23442309476650047,-0.5197210079013832,0.6645013503344631
2.452126336732156,-0.3413702867970274,0.225227823084583,-0.5112832831454472,0.6547303571878217
2.4546132802785374,-0.34142327838096986,0.2160324112129901,-0.5172143879730484,0.6563159154258281
2.457100223824919,-0.34626531022643314,0.2116252579709963,-0.5231491744052494,0.6620951393556614
2.459587167371301,-0.34153117181683645,0.20242955224629666,-0.5242993007157661,0.6576557014701986
2.462074110917682,-0.34158607254720874,0.18844528959647633,-0.5206648281108492,0.6506032088462421
2.4645610544640637,-0.35600681848199084,0.1840376755691815,-0.5122458174091555,0.6503894973688846
2.467047998010445,-0.3560629891128486,0.18441830245983937,-0.5086191356825811,0.6476761441342742
2.4695349415568266,-0.35133139048363493,0.18479876259279093,-0.5097848429752379,0.6461152487925657
2.472021885103208,-0.3513888286279036,0.18039064832117235,-0.5157429989442832,0.6496196855439851
2.4745088286495895,-0.35144689960794606,0.17598235866742362,-0.5217052595398641,0.6531929972356902
2.4769957721959712,-0.34671719947572355,0.18115069600286082,-0.5228832803256349,0.6530201497034422
2.4794827157423525,-0.3371997275931587,0.18153044612569413,-0.5240655231196598,0.6490775236304033
2.481969659288734,-0.3324712899524447,0.18191000814371394,-0.5204636427134037,0.6438251417054123
2.4844566028351154,-0.33253188589477845,0.18707778119293117,-0.5264429067938696,0.6501674287953735
2.486943546381497,-0.3230163047900367,0.19703376111714377,-0.5276381627407449,0.6492794983368922
2.4894304899278787,-0.31828975591957603,0.19262433050688443,-0.5144726608688686,0.6348973304464767
2.49191743347426,-0.3183522385934081,0.18821469522274636,-0.5108884743503843,0.6306979883742209
2.4944043770206417,-0.31841534879081157,0.18380485119212864,-0.4929436427697347,0.6149520246445495
2.496891320567023,-0.32805589244157,0.19376000433100726,-0.4750034318895793,0.6089268167447259
2.4993782641134046,-0.32812025554314633,0.2037149406609977,-0.45706789712766493,0.5983926317485194
2.501865207659786,-0.3138200340434828,0.19451604291080216,-0.4391370935180898,0.5737254496884772
2.5043521512061675,-0.3186740504425504,0.1948937270395268,-0.4164226723913149,0.5594144772405727
2.506839094752549,-0.3187402873860863,0.20484798911156554,-0.4128667046166772,0.5603721845586659
2.5093260382989304,-0.31880714743120514,0.21001361525741746,-0.4141040341183615,0.5632280771763903
2.511812981845312,-0.3140862264838865,0.21996740823606675,-0.4153463110788742,0.5652861014387393
2.5142999253916933,-0.3045775237598987,0.23470936419267963,-0.42617039525971023,0.5740010099427189
2.516786868938075,-0.30464624842541044,0.24466267265847996,-0.4322111294392137,0.5826453642510065
2.5192738124844567,-0.30471559303447837,0.24503892651156978,-0.4238917593348166,0.5766974005284421
2.521760756030838,-0.30957396009152954,0.24541492861743608,-0.4107891435643811,0.5699230162271137
2.5242476995772196,-0.30964454212948034,0.2649442885085165,-0.40248014036530044,0.5727700078324034
2.526734643123601,-0.30492733831127794,0.2653197758997199,-0.38938799431367954,0.5612470714834139
2.5292215866699825,-0.314575961070515,0.2609065970554587,-0.3810895628872064,0.5588018813605227
2.5317085302163638,-0.32901360290828774,0.2756467649067509,-0.3823732998640068,0.5748394822479922
2.5341954737627455,-0.3338750529947574,0.27602145256671573,-0.39323925532305815,0.585061966988391
2.536682417309127,-0.33873711709098175,0.27160746305700023,-0.3993222690039744,0.5898912806660662
2.5391693608555084,-0.33881139098643476,0.2815584060654861,-0.40541079354965426,0.5986870686885264
2.54165630440189,-0.34367468042084504,0.2771438581024155,-0.3971396679441792,0.5938357684588178
2.5441432479482713,-0.34853858116231284,0.27272902558620604,-0.3888741507164113,0.5891378183848408
2.546630191494653,-0.35819149560886115,0.282679114960513,-0.3806142900576237,0.5942018742459844
2.5491171350410347,-0.35826821286653776,0.2782637028113015,-0.37236013378289456,0.5868891461627607
2.551604078587416,-0.36313394195252974,0.2594827856714219,-0.3641117293315812,0.5759990688313819
2.5540910221337976,-0.36321187527171517,0.25506678002045424,-0.35586912376779267,0.5688802702323709
2.556577965680179,-0.3632904151791396,0.24107366583930911,-0.3476323637808587,0.557624155206804
2.5590649092265605,-0.36815796401906775,0.2366570530163412,-0.3441898990061425,0.5567885898533689
2.561551852772942,-0.3730261174843382,0.23702853486285225,-0.33596496874428716,0.5551607613007421
2.5640387963193234,-0.35395285797574005,0.23261130139422637,-0.3564764418054427,0.5535938012367725
2.566525739865705,-0.3588222176878997,0.21861694597042192,-0.36741713682231847,0.5581595698387757
2.5690126834120863,-0.36848058232023645,0.2141990785771073,-0.35921029197720244,0.5573968233428401
2.571499626958468,5.846784768884008,3.700526909809911,-1.2129221626587832,7.02495350280343
2.5739865705048492,7.1012636807160785,2.570833615131918,-1.2143044042751523,7.649291897031485
2.576473514051231,8.044495778250875,1.493812428624513,-1.177385624988739,8.266294502867614
2.5789604575976126,8.676481062551789,0.49340536368845456,-1.1452614980215028,8.76563724897322
2.581447401143994,9.021161551294025,-0.4016571629308836,-1.0987784530617688,9.096702605889242
2.5839343446903755,9.092902455523284,-1.196163557707098,-1.0331481293897617,9.229251181959965
2.5864212882367568,8.930011002897789,-1.8709602104889345,-0.9483705692375537,9.17305812462258
2.5889082317831384,8.556429211125812,-2.416470317742604,-0.8540226211099373,8.932030243953813
2.59139517532952,8.000887501246934,-2.823117075911277,-0.7548927298240731,8.517866743818695
2.5938821188759014,7.282539487671138,-3.100477294696458,-0.6557693398303837,7.942189513697041
2.596369062422283,6.449269204741311,-3.2581277837768567,-0.5518640885725326,7.246587052047282
2.5988560059686643,5.544172283491087,-3.291280142847575,-0.45275382308955336,6.463385901526826
2.601342949515046,4.581613935043302,-3.2334531981436663,-0.3680153900555414,5.6197723407346505
2.603829893061427,3.5903245804928208,-3.0798585493152637,-0.28328361917867717,4.738798253352451
2.606316836607809,2.6038230442659334,-2.8352846026308236,-0.19377014644404156,3.8543845284842413
2.6088037801541906,1.6460513441594382,-2.5428269908991252,-0.12341702739549021,3.031614404225137
2.611290723700572,0.745739901301596,-2.2024857170240812,-0.06743589729251553,2.3262886610074944
2.6137776672469535,-0.09711128309017289,-1.8238375905282274,-0.025826794353065452,1.8266037285721786
2.6162646107933347,-0.8633485945054606,-1.4212478242328932,0.01577545352703069,1.6629988089157703
2.6187515543397164,-1.5338184184234713,-1.013870034257608,0.04300559889066946,1.8391250279947113
2.621238497886098,-2.09894394695234,-0.6256462400208724,0.05107520128125209,2.1908006724223092
2.6237254414324793,-2.5635135821496124,-0.24699963767783117,0.06392624052330831,2.5761788119433713
2.626212384978861,-2.93710412938271,0.11249296335711012,0.06240506691715986,2.939920020343881
2.6286993285252422,-3.20056197408506,0.42888954372911936,0.04651164440227262,3.229505615995184
2.631186272071624,-3.3634639216010744,0.7117669073469548,0.016245937275366273,3.4379885998624666
2.633673215618005,-3.4497519872246905,0.9563366481793141,0.0003383301115889026,3.579855956945588
2.636160159164387,-3.4450609596760047,1.1482335535750878,-0.0012112120799301351,3.6313753285049084
2.6386471027107685,-3.354179240944993,1.301822830825738,-0.012344740536439858,3.597973520728631
2.6411340462571498,-3.2010488462915014,1.4075276706417332,-0.05221590282039834,3.497223807604204
2.6436209898035314,-2.990458177682722,1.4701364737149314,-0.09209431293737325,3.3335600678991595
2.6461079333499127,-2.7367724437150516,1.4896492374372037,-0.12719160114143513,3.1185182318973577
2.6485948768962944,-2.4543568529734445,1.4756427658612492,-0.19102662389681768,2.8701707797993077
2.651081820442676,-2.1384230007501484,1.4376938630598488,-0.2548689941520763,2.589357985717176
2.6535687639890573,-1.8129129022478092,1.3614373165241789,-0.29956513114550987,2.286898341806946
2.656055707535439,-1.4874033626966379,1.2708151403277537,-0.33469187368714515,1.9847817347405547
2.65854265108182,-1.171471187315334,1.1610389286419238,-0.3458840436360333,1.6852275538258916
2.661029594628202,-0.8555395680298173,1.032108678977946,-0.3522952857447539,1.386112638296118
2.663516538174583,-0.5683389233169577,0.8936011955071681,-0.3635024377773419,1.1196723854052082
2.666003481720965,-0.30029244507956077,0.7503048790999749,-0.369928723869446,0.8888083173084992
2.6684904252673465,-0.05140013184947487,0.6070081306459727,-0.36678577113062616,0.7110785091172069
2.6709773688137277,0.14960759793113962,0.47328775437420934,-0.35886201296544407,0.612507694767109
2.6734643123601094,0.3266727623553193,0.33956694125136977,-0.360522689074239,0.5932936967413243
2.6759512559064906,0.4750069596056612,0.22499930218500053,-0.3478258122507736,0.6302690642300809
2.6784381994528723,0.5802449812358529,0.11043122153887497,-0.33034821818772997,0.6767637979382255
2.680925142999254,0.6471752320925811,0.01501631025777872,-0.3176667422352768,0.7210918316901238
2.6834120865456352,0.6949513269950393,-0.05166862733549804,-0.3002046061206638,0.7587817864702364
2.685899030092017,0.7092080575319971,-0.12314241678268933,-0.2875386445114678,0.7751248904317821
2.688385973638398,0.6899454252648363,-0.17546304376346944,-0.2844572884148704,0.7666341490587004
2.69087291718478,0.6515286417276072,-0.18947689725969719,-0.27180695189720794,0.7309378117776051
2.6933598607311615,0.5987461118254593,-0.1987028027586497,-0.27352967856917765,0.6876032252021553
2.6958468042775428,0.5268094338347196,-0.19835235916720118,-0.2608950751803789,0.6204337822989878
2.6983337478239244,0.4261418027230891,-0.19321397201506763,-0.24347997470610494,0.5274570817543442
2.7008206913703057,0.3302620433529102,-0.1641340302127383,-0.23086120978565816,0.4350975699049735
2.7033076349166874,0.22959335071550804,-0.1350545525359732,-0.20388519280131234,0.33544300663017934
2.7057945784630686,0.1193473231342504,-0.10118713782120681,-0.1769171590432066,0.23618277152171438
2.7082815220094503,0.004312365585052241,-0.05774338488759678,-0.15474553682740755,0.165224320737653
2.710768465555832,-0.09635790698349841,-0.019088505818328994,-0.13737035081704008,0.1688781530459567
2.713255409102213,-0.19702870285307444,0.024354303922013543,-0.11521481870286365,0.22953844191382117
2.715742352648595,-0.2977000203326713,0.06779663892491383,-0.10264417444628826,0.32211413024477537
2.718229296194976,-0.3792182444381052,0.1064500937986681,-0.09965844171776261,0.4062879574760695
2.720716239741358,-0.45594858341553024,0.14510306980892995,-0.09668083721795462,0.48815079214497703
2.7232031832877395,-0.5278910355382931,0.18854396823788333,-0.0937113839610646,0.5683305348513992
2.7256901268341207,-0.5711035824662617,-0.2612211582482853,-6.808879963027536,6.837780498549236
2.7281770703805024,-1.1170989910037052,-0.5721230733737452,-3.1188563233425457,3.361919055010382
2.7306640139268836,-1.5721152476694416,-0.8016226189710389,0.5807359046625677,1.8577942206189004
2.7331509574732653,-1.89784512412696,-0.9257777804114911,3.9451316602185766,4.474700484986128
2.7356379010196465,-2.0895002152695348,-0.9589537696126442,6.7061803360011485,7.089320008353003
2.7381248445660282,-2.1327153093381965,-0.8724201685934401,8.677134181457031,8.977875536242642
2.74061178811241,-2.027490404522979,-0.6901189958805389,9.733494689517665,9.96633836671104
2.743098731658791,-1.7977675156034296,-0.4407806733050259,9.856108226483602,10.028415877608781
2.745585675205173,-1.4818538673081714,-0.11961679944034831,9.112012418740493,9.232495295533353
2.748072618751554,-1.1084798777132367,0.22070018731179752,7.596975312915342,7.680590479710514
2.7505595622979357,-0.7063759648827833,0.5418630585259532,5.507321425680452,5.578814557208202
2.7530465058443174,-0.31863775682960693,0.815141392432805,3.0728940972658023,3.195099942528513
2.7555334493906987,0.021215925085402182,1.0549003971604707,0.5426902815031855,1.1864980847201376
2.7580203929370803,0.29403146947489867,1.2228328443291412,-1.8534466807455123,2.2398748332391754
2.7605073364834616,0.47586686164286796,1.3045735221752524,-3.943134288145343,4.180510657696982
2.7629942800298433,0.5619337001865489,1.304910832231338,-5.544413232407228,5.723554826781378
2.7654812235762245,0.5474435837152012,1.223844772724315,-6.5663038680164405,6.701778643927539
2.767968167122606,0.45155012745151335,1.0709521485363096,-6.936980162426009,7.033671146417637
2.770455110668988,0.2838301399895681,0.8653865712045512,-6.6947493591464635,6.756413430791492
2.772942054215369,0.07301404321663983,0.6167248456400101,-5.9018607179797495,5.934445257997497
2.775428997761751,-0.16653295092898057,0.3489089867288544,-4.63971711170016,4.655796986700403
2.777915941308132,-0.3965036138954875,0.09545781601203229,-3.0854894791803105,3.112325920690562
2.7804028848545137,-0.607321137041001,-0.12447505491639754,-1.3684647257827294,1.5023410759560611
2.7828898284008954,-0.7798319050710908,-0.3061012244093966,0.3389746135534928,0.903736437455898
2.7853767719472766,-0.8853054960386855,-0.43505548416537443,1.878811214154105,2.1220204226279007
2.7878637154936583,-0.9333187145473905,-0.5017610291894607,3.1217581715723988,3.2966986570077506
2.7903506590400395,-0.9142947519075584,-0.4918526511527548,3.991201018187029,4.124019821895728
2.792837602586421,-0.8425988160191985,-0.4196955616347311,4.444044109921144,4.542647375720205
2.7953245461328025,-0.72301930812978,-0.3092317788420713,4.470710626241127,4.5393429829172005
2.797811489679184,-0.5651330327951761,-0.15088449772595558,4.099930973475891,4.141446059491449
2.800298433225566,-0.3928820045202981,0.026615860213146103,3.3891659781752743,3.4119658118321667
2.802785376771947,-0.22541983447785371,0.2136924867691241,2.4293952904293317,2.449171300223366
2.8052723203183287,-0.07711173050835818,0.39598017042856304,1.3163869639454528,1.3768155843104604
2.80775926386471,0.052042309520481916,0.5495368930503322,0.165062666008291,0.5761465807530254
2.8102462074110917,0.14767707779186415,0.6695742497873352,-0.9335979524038791,1.158336450266559
2.8127331509574733,0.18585055986027427,0.7560922391255875,-1.874250030058798,2.0295391299114502
2.8152200945038546,0.17135116121381536,0.789937246282312,-2.585067528671752,2.7084933452579287
2.8177070380502363,0.11375569067277735,0.7806860764092352,-3.0277432329098524,3.1288400712550155
2.8201939815966175,0.027429360389544355,0.7331271313501215,-3.192700347070476,3.275906480154306
2.822680925142999,-0.07805102079194667,0.6424720063204936,-3.055996865200428,3.1237764133924486
2.825167868689381,-0.20747385397705506,0.5278743131495305,-2.6511516209012136,2.711143966589438
2.827654812235762,-0.3368971203373363,0.3989108570380644,-2.04999067404958,2.115441160903485
2.8301417557821438,-0.46153241431398695,0.2699468465191317,-1.3195516809147065,1.4237626585962102
2.832628699328525,-0.5670145236958484,0.1409822801767575,-0.536449104120635,0.793195508508274
2.8351156428749067,-0.6485550429005684,0.031170769888163807,0.22270259399254932,0.6864340506838142
2.837602586421288,-0.6917887596935699,-0.05948768573902985,0.9148077746110452,1.148470172569478
2.8400895299676696,-0.7110808817504589,-0.10705107148397053,1.4776171859221794,1.6433041411830789
2.8425764735140513,-0.6872777934929953,-0.12109619535643557,1.8632467863557025,1.989649125052771
2.8450634170604325,-0.6299562992532273,-0.09683465539382041,2.0621197611841193,2.1583697085810187
2.847550360606814,-0.5630584133124743,-0.04384325958306379,2.069447699279781,2.1451272195996225
2.8500373041531954,-0.48179573001863907,0.023512780779844977,1.8756537864728386,1.9366871464008046
2.852524247699577,-0.3670146337471182,0.12438707765229351,1.5381988553550237,1.5862621489170428
2.855011191245959,-0.29054117194769935,0.2204724031590377,1.1097553354737641,1.1681520268201184
2.85749813479234,-0.22364492233214672,0.311768755998274,0.5999000267690562,0.7121073308281397
2.8599850783387217,-0.16153747920223208,0.40785294151984974,0.07088216597772323,0.4443677087132897
2.862472021885103,-0.12337245344988149,0.47520613520156196,-0.4342026231714353,0.6554186075878559
2.8649589654314846,-0.11393824599464264,0.523405142414783,-0.8626819100373186,1.0154579976110343
2.867445908977866,-0.13802325774466312,0.5572383652212332,-1.1714600703487772,1.3045626515328592
2.8699328525242476,-0.16210866303421495,0.5575521890916444,-1.3701139160884708,1.48807116941728
2.8724197960706292,-0.19577126606907075,0.5387118227494159,-1.4394898390488269,1.549408859311545
2.8749067396170105,-0.26295308100455606,0.49114045832682196,-1.3700110373953507,1.478950139524776
2.877393683163392,-0.3253468788207445,0.42920330456796885,-1.1664659189882691,1.2847991315266414
2.8798806267097734,-0.3781642537285981,0.3576887635866095,-0.8863153279460843,1.0278639574118744
2.882367570256155,-0.4309820098888153,0.28138523750664035,-0.5582896882013255,0.7593487477347971
2.8848545138025368,-0.47422333816967027,0.20986953178233225,-0.20154261678287178,0.556374353484242
2.887341457348918,-0.5030998327485846,0.14793004855767933,0.14561865626075488,0.5442403274557289
2.8898284008952997,-0.5128230877919002,0.10035518998652782,0.4544637077827147,0.6925286602165024
2.892315344441681,-0.5081815040954971,0.062356551591939535,0.6962621148957666,0.8642440125741836
2.8948022879880626,-0.48438667580359074,0.03872253554739036,0.8710138748927747,0.9973941330843078
2.897289231534444,-0.4510154070103433,0.03902994735630827,0.9643537753632785,1.0653245694194564
2.8997761750808255,-0.42243290511926085,0.05370197925047826,0.9667050074733101,1.0563389765491424
2.902263118627207,-0.37469715096046496,0.07795022679149932,0.8876443759253387,0.966636814375813
2.9047500621735884,-0.32696175523596094,0.13571670547231385,0.7415370889960613,0.8217057063742418
2.90723700571997,-0.2935919253166388,0.19348259095146458,0.5475367585354132,0.6507136340663917
2.9097239492663514,-0.26501085196102875,0.24645947881865782,0.3152201900044762,0.4799341564664187
2.912210892812733,-0.2460069358778266,0.29943577131348054,0.07331780239601571,0.39440676184654505
2.9146978363591147,-0.22700336780411418,0.3476230640439901,-0.15422838836782304,0.4428980914705753
2.917184779905496,-0.22715375838816568,0.38623295262732604,-0.3434763661166098,0.5645801428723497
2.9196717234518776,-0.24645810498639342,0.4104770326896596,-0.484849324393835,0.6814043287537512
2.922158666998259,-0.25618598502276424,0.4203553031863758,-0.5687704564968143,0.7522165060822505
2.9246456105446406,-0.2754910091138438,0.4206561664020372,-0.5952397621186343,0.7792029779471269
2.927132554091022,-0.31394998122511164,0.41137962130968164,-0.5642572407086544,0.7656265520684934
2.9296194976374035,-0.3476208820694131,0.3829488602504405,-0.47582289147362644,0.7027784368263946
2.932106441183785,-0.3765037089507943,0.35451749549597045,-0.3634555366210712,0.6320898864615306
2.9345933847301664,-0.40059845916297254,0.30693191276401377,-0.21757836823541687,0.549569532343916
2.937080328276548,-0.41032832334876645,0.26892253098395,-0.04776819144320754,0.49292033912872607
2.9395672718229293,-0.4200585087423364,0.226124139210798,0.10766776894509,0.48905380641630136
2.942054215369311,-0.43457741592704996,0.18811354310952355,0.24872951491832573,0.5348930800884943
2.9445411589156927,-0.4347314288745934,0.1644675483534046,0.36105183874007807,0.5885570660270051
2.947028102462074,-0.4205205448278646,0.1456093473427531,0.43984633954891983,0.6257031349374
2.9495150460084556,-0.4110983743009802,0.15069255240790724,0.49468982667783123,0.6606270834008104
2.952001989554837,-0.39209970455593657,0.15098674268423862,0.5064286897699883,0.658034339986445
2.9544889331012185,-0.3778897427667222,0.1656455305183,0.4798513353010847,0.6328478517457593
2.9569758766476,-0.3636800828162385,0.19945731830372093,0.4005925566954023,0.5766461834972092
2.9594628201939814,-0.3446823185776146,0.22369168519989513,0.3069595841292667,0.512901605628625
2.961949763740363,-0.32568485055490826,0.25271384025689736,0.20852922808466978,0.46197331730734165
2.9644367072867444,-0.3018992726018821,0.3008889925326619,0.09572468598853234,0.4368530326465285
2.966923650833126,-0.29726759848460016,0.32990991456943686,0.011641592016387037,0.4442342889790145
2.9694105943795073,-0.31178982535803407,0.34935341212031235,-0.058085259276039025,0.47184170979478157
2.971897537925889,-0.3119471271255162,0.3735846942663632,-0.1326094764306518,0.5044420751197967
2.9743844814722706,-0.3216815175247195,0.39302695349468486,-0.1736238279239526,0.5367442766469763
2.976871425018652,-0.33141618704180165,0.38852657565931503,-0.18112830857459628,0.5418459681440604
2.9793583685650336,-0.3459395361146006,0.3888139798249002,-0.1790649295836122,0.5503768913764884
2.981845312111415,-0.3652515618514375,0.3938891651416574,-0.14828007205118254,0.5572650694403968
2.9843322556577965,-0.37977545471088026,0.3750217108453171,-0.09356213346223541,0.5418713430549816
2.986819199204178,-0.3799344051424377,0.35615363270238065,-0.034064721046972224,0.5218773491138011
2.9893061427505594,-0.38967042682880826,0.3420733332053958,0.03021217146004851,0.5193938603213621
2.991793086296941,-0.39940671020159246,0.31841560157287985,0.09926855053759809,0.5203541684323414
2.9942800298433223,-0.39477804236322156,0.294757243632112,0.153950809595214,0.5161708895131143
2.996766973389704,-0.3901496303292275,0.28546346853781523,0.2182009721361311,0.5303939952118856
2.9992539169360852,-0.3807330678251859,0.2713806622096153,0.2632886253498281,0.5365873954869879
3.001740860482467,-0.37131675520867435,0.2572972271757519,0.2796369699154919,0.5312954270032321
3.0042278040288486,-0.3571122861880808,0.25278996929175834,0.3007648366024167,0.5309344973322833
3.00671474757523,-0.3429080611039449,0.25307048445919555,0.2979418132219216,0.5199999351350394
3.0092016911216115,-0.3334924802884025,0.25813877190684087,0.27595631103239526,0.5039888347662979
3.0116886346679927,-0.32407713742463873,0.2679948308703337,0.225231531534984,0.4770497491584724
3.0141755782143744,-0.31466202950790423,0.277850257271822,0.16970949967550553,0.45278501803854027
3.016662521760756,-0.3196123634862189,0.28291664704023134,0.12375543396043476,0.4444201834980825
3.0191494653071373,-0.314986119737015,0.29755920939247327,0.09694614977602534,0.4440228537785532
3.021636408853519,-0.31514850519221715,0.3217779435912149,0.07491644610583492,0.4565874496783814
3.0241233523999003,-0.32009951681488724,0.3268424289839049,0.05287792877172315,0.46052768581314485
3.026610295946282,-0.3250507482399314,0.33190627812773243,0.03083060711233898,0.4655859670639337
3.029097239492663,-0.3252137930944963,0.3513347002661531,0.02792810394283407,0.47956236489101106
3.031584183039045,-0.3349538582793026,0.3468204681257241,0.029805219030219376,0.4830806095969666
3.0340711265854265,-0.3494825374062308,0.34230559760356805,0.03646196229528975,0.4905513640762367
3.036558070131808,-0.3544346174390315,0.3425784913220231,0.0383215372098622,0.494421339516968
3.0390450136781895,-0.35459849861528714,0.3332739386286043,0.049749164037743654,0.48916928839788465
3.0415319572245707,-0.35476258116524984,0.319180342158484,0.08511006323194081,0.48474354320483976
3.0440189007709524,-0.3645036686322418,0.3050861045531792,0.11088542223038189,0.4880942864867469
3.046505844317334,-0.3694565479508709,0.2909912251402327,0.1366520585405926,0.489742604881145
3.0489927878637153,-0.3744096193299272,0.2721072999331873,0.1671983865353539,0.4921181221858591
3.051479731410097,-0.3745744763306124,0.2627995382330641,0.20252441745156702,0.5003856265701093
3.0539666749564782,-0.365162712507239,0.25827953606590537,0.21389974278736368,0.4957874799957781
3.05645361850286,-0.35575113136827297,0.24897048614362838,0.2252663907462864,0.48917289094987615
3.0589405620492416,-0.3607049397357956,0.23966079114526728,0.23662437311105045,0.49349411578293106
3.061427505595623,-0.35129371454248126,0.24950406371693168,0.238396895203266,0.49243540828302956
3.0639144491420045,-0.34667106591761343,0.2593466899483614,0.23058396916347235,0.49052064214139546
3.0664013926883857,-0.35162539402313475,0.26440026589631804,0.2179740106296233,0.4909792130405641
3.0688883362347674,-0.3517914857334221,0.2694531942642562,0.2053554354155569,0.4883985341792627
3.0713752797811487,-0.347169337877574,0.27929387776167314,0.1831514495488431,0.4817427454454794
3.0738622233275303,-0.35212415723950763,0.28913391246345865,0.15136206587113143,0.4801044849122295
3.076349166873912,-0.3618675373158708,0.30376170109112133,0.1339293139978608,0.491076721868144
3.0788361104202933,-0.36682266827707904,0.3183888397315142,0.12606480379361784,0.501819347956034
3.081323053966675,-0.3717779502486659,0.3282269244774394,0.11819174197247762,0.5098245248254608
3.083809997513056,-0.3719449767098215,0.328487551427624,0.12467535201865765,0.511655236016951
3.086296941059438,-0.37690055109505766,0.3239591233273251,0.13593884098220066,0.5152503347794655
3.0887838846058195,-0.391433073513059,0.3194300429276802,0.14719381939962872,0.5262332409056938
3.091270828152201,-0.3868121208249165,0.31490030966538507,0.16322870461300631,0.5248137115720828
3.0937577716985825,-0.3774028997692228,0.3103699229829737,0.1888319141281425,0.5238510567327065
3.0962447152449637,-0.38235902039968517,0.3058388823288132,0.20963825233208766,0.5326199764053133
3.0987316587913454,-0.38252686620241866,0.296518783836762,0.22564773373414582,0.5340103859233746
3.1012186023377266,-0.37311803061948245,0.2871980302871049,0.22728356636305236,0.5228361052116255
3.1037055458841083,-0.37328612368962094,0.2874534277862111,0.22412257168767447,0.5217307068068375
3.10619248943049,-0.3686659322046189,0.29249657248527994,0.2305299746548446,0.524035193186775
3.108679432976871,-0.37362266287346557,0.2975390605412529,0.23214058044595376,0.5310486191020696
3.111166376523253,-0.3690026991584183,0.29779248811681747,0.22895440435856074,0.5265581423168636
3.113653320069634,-0.35480603779853365,0.29804525802100157,0.2257598651645445,0.515447200987854
3.116140263616016,-0.35497469213009886,0.2982973697482314,0.22734538178857733,0.5164051466360163
3.1186272071623975,-0.3599318522429915,0.30333722611894665,0.22413416334597258,0.521344928226416
3.1211141507087787,-0.35531230490267096,0.3131648266389546,0.2065494191024264,0.5167027241950685
3.1236010942551604,-0.35069285347215795,0.31341496085881415,0.18895637507432816,0.5068717064976173
3.1260880378015417,-0.35565030131059483,0.3088760316159962,0.20008546738697142,0.511786805211531
3.1285749813479233,-0.3606078384921042,0.30912484507394833,0.21120629246862954,0.5198117745898839
3.1310619248943046,-0.3655654617277843,0.31416140076114685,0.21753046349465244,0.5288241627276995
3.1335488684406863,-0.3609463610845701,0.3096204882507809,0.19990438382376574,0.5158574270055674
3.136035811987068,-0.35632733990722487,0.30507891372323526,0.20142370012185395,0.5105035002178602
3.138522755533449,-0.370862008177837,0.31011348336453404,0.19814641271229938,0.5224662692891628
3.141009699079831,-0.371031539351872,0.3151473900850781,0.19007253866072205,0.5225991299497041
3.143496642626212,-0.3712011400848542,0.3106038268008944,0.19635570845345462,0.5223223026694472
3.1459835861725938,-0.3713708070684239,0.31084800303519255,0.19784232615258546,0.5231484907280968
3.1484705297189755,-0.37154053699139367,0.31109151503555177,0.1897440059182003,0.5204066574678442
3.1509574732653567,-0.366921923219561,0.30654595905517024,0.19121437864778912,0.5149418038515184
3.1534444168117384,-0.36230336575675814,0.29242293135285546,0.2022534620922336,0.5076232486283175
3.1559313603581196,-0.35768486128404614,0.2926644481149041,0.2132844674952139,0.509000199662933
3.1584183039045013,-0.35306640648014087,0.28811689565041254,0.20994220291233567,0.5017399341369143
3.1609052474508825,-0.34844799802154647,0.2787802735553413,0.2113802997723937,0.49377735810857265
3.163392190997264,-0.3581948425436071,0.2885965980328282,0.2128103730324522,0.5068331051649771
3.165879134543646,-0.36794172675782355,0.27925864212756535,0.22859765105943985,0.5153866408458352
3.168366078090027,-0.3681118406941646,0.27949682537423826,0.2443769424258253,0.5228239595149773
3.170853021636409,-0.3634935843418178,0.2797343407506556,0.24099465250997731,0.5181286614261662
3.17333996518279,-0.36845216432900285,0.28475959120118777,0.23760441337778282,0.5227818660171701
3.1758269087291717,-0.37341077068091005,0.2945725763555167,0.2437830505783154,0.5344518520414233
3.1783138522755534,-0.37358099674170714,0.3043848925286552,0.2260117599004552,0.5322539239305891
3.1808007958219346,-0.3737512424949706,0.3189849426818592,0.21302098041856787,0.5355551540436999
3.1832877393683163,-0.3739215046028856,0.31443070986017796,0.21438753804597965,0.5335222388777038
3.1857746829146976,-0.3788801830469952,0.32424101695804675,0.22053464553381552,0.5452687044608727
3.1882616264610792,-0.37426206452676897,0.3340506536724397,0.23625072571197236,0.5545054892084093
3.190748570007461,-0.3744323556628575,0.32949440970599664,0.24717058824576021,0.5566502085587456
3.193235513553842,-0.3746026497940982,0.3249374946889132,0.24371744623623215,0.5525483818521035
3.195722457100224,-0.3699845402588967,0.34432192489768676,0.23067972285965332,0.555571131840417
3.198209400646605,-0.3653664270359832,0.33497526348951556,0.21763424472566406,0.5413554448162695
3.2006963441929868,-0.36553671010391997,0.3160511234319867,0.22373464519641928,0.5325059535041704
3.203183287739368,-0.37528378944123353,0.3162799243390304,0.22982733118228005,0.5419331280846783
3.2056702312857497,-0.38024245174529814,0.3117196493068688,0.24548912962498726,0.5495619843450841
3.2081571748321314,-0.3804126936746559,0.3023702980390266,0.28029686757462,0.5609883676308819
3.2106441183785126,-0.3757945118882182,0.3025970802057194,0.291154935664947,0.5635225857730906
3.2131310619248943,-0.3807531130063284,0.2980347855610552,0.2876401611591568,0.5626140140274679
3.2156180054712755,-0.37613488040778126,0.2934718171461719,0.2745409681049118,0.5504324653274317
3.218104949017657,-0.3715166173940164,0.2936965780080034,0.26622258729411286,0.5432832989509937
3.220591892564039,-0.381263530587691,0.29870906787898077,0.24831982969922883,0.5442901108886462
3.22307883611042,-0.37185679340938727,0.3037208831770437,0.22562111967526022,0.5304985761772347
3.225565779656802,-0.3720268224449197,0.31352042696660476,0.21728009163819983,0.5328317304422574
3.228052723203183,-0.37219680771892666,0.3185308923569936,0.22808517014204988,0.5403843427604377
3.2305396667495647,-0.36757834257781236,0.31396387578372753,0.23888276323697788,0.539214361642126
3.233026610295946,-0.3629598270101989,0.3093961836491532,0.24967289235099877,0.5383329709899325
3.2355135538423276,-0.36791806432675145,0.30961621904121595,0.25087877236690304,0.5423707805326963
3.2380004973887093,-0.3824530511993858,0.3050471750928523,0.26644244150391216,0.5570598621678059
3.2404874409350906,-0.39219957434107755,0.31963106818512443,0.281998711511827,0.5792303506868547
3.2429743844814722,-0.3732156138263387,0.3294258815019506,0.28318239423237834,0.572715962943491
3.2454613280278535,-0.3638083928960343,0.3248548081941669,0.28435872151992747,0.5645768996805589
3.247948271574235,-0.37834311819187794,0.3154946546998705,0.2903161186778167,0.571807520929461
3.250435215120617,-0.37372415651442303,0.3109222274631782,0.3010546077775178,0.5718183746235831
3.252922158666998,-0.35952831119036976,0.311137526293638,0.2926321943762371,0.5583016818897965
3.2554091022133798,-0.36448599883050736,0.30177534104593295,0.2842025140001123,0.551986837497821
3.257896045759761,-0.3742320061658201,0.30677768814333106,0.294919202260278,0.5666916977010515
3.2603829893061427,-0.3648243132897956,0.3117793574527301,0.2960518616485821,0.5638704213616808
3.262869932852524,-0.36499333682264046,0.3119919454877862,0.28760051466143643,0.5597081078631096
3.2653568763989056,-0.37473907346610624,0.3122038554089439,0.28393039383773555,0.5643731824416325
3.2678438199452873,-0.37011950332394616,0.3219918937031454,0.2802531185155299,0.5649858730879754
3.2703307634916685,-0.3654998330661162,0.31741404362136283,0.2717803081121257,0.555163344374379
3.27281770703805,-0.37045686604611505,0.32241232162392297,0.2728771954042024,0.5618273386969527
3.2753046505844314,-0.3754137923401809,0.3321983242555433,0.26917859332355043,0.5689888902439774
3.277791594130813,-0.38037060866931505,0.32283003478597916,0.2654729281590509,0.565134414882621
3.280278537677195,-0.38532731175879964,0.3182494696944258,0.2569718196336659,0.561955850787127
3.282765481223576,-0.38549549501802943,0.31845662886485737,0.25325209750487865,0.5604980160872879
3.2852524247699577,-0.38087515518128123,0.3234515121876145,0.25910218828230924,0.5628682870294798
3.287739368316339,-0.39540830558910833,0.3284457162391181,0.2745221152265973,0.5827406870926056
3.2902263118627206,-0.39557611974317275,0.3286508376022117,0.26120467510608414,0.5768186212883346
3.292713255409102,-0.3861669977126403,0.3288552795068127,0.26703392452381536,0.573217115784664
3.2952001989554836,-0.38633454953276297,0.3194822352283784,0.26806787034611546,0.5684924501707174
3.2976871425018652,-0.3865019653222115,0.32447372129105334,0.2595181327874023,0.5674650881348172
3.3001740860482465,-0.38666924184572093,0.324676124342715,0.2701151553699983,0.5726167003051073
3.302661029594628,-0.3916247791939234,0.3153010409987358,0.28070534847774553,0.5758300155406874
3.3051479731410094,-0.3870033641819316,0.31550208448264483,0.2960771391595447,0.5804953415264649
3.307634916687391,-0.3823818002322965,0.31570244810271886,0.3018653412454597,0.5805226620315349
3.3101218602337728,-0.3873368907735899,0.3206905351348288,0.31243518854872043,0.5920202980664508
3.312608803780154,-0.3827150193186797,0.3256779422209011,0.3182098983411983,0.594806226819839
3.3150957473265357,-0.3876697959492411,0.33066466932989247,0.3096126879538552,0.596227314684915
3.317582690872917,-0.38783600751122793,0.3356507164375069,0.3010087913771997,0.594713766995202
3.3200696344192986,-0.38321365081813064,0.3358476802059047,0.31155184597895946,0.5972528101281275
3.3225565779656803,-0.38337952933082037,0.3264671573040596,0.30293464933890846,0.5876479133615659
3.3250435215120615,-0.38833363987643776,0.32666276100934555,0.2943108389352975,0.5866263250185166
3.327530465058443,-0.3980759792891655,0.32206928136382507,0.3144108589406027,0.6008721124374191
3.3300174086048244,-0.38866452780881977,0.31747512169770964,0.3201391037751691,0.5952643226666594
3.332504352151206,-0.36488768560442086,0.33203389530908867,0.3258608077545446,0.5912485067806276
3.3349912956975873,-0.37462948273528307,0.3465919889405158,0.3219991886430922,0.6034540029025063
3.337478239243969,-0.3843710928230418,0.34199578934155683,0.3085542708951099,0.5999233242781504
3.3399651827903507,-0.3797473027783438,0.33261050651098634,0.295102885653737,0.5847422304999739
3.342452126336732,-0.37033491612133046,0.34237815709527464,0.28164505746865487,0.5776631292986175
3.3449390698831136,-0.3657107363801959,0.34735672454487565,0.27775761757623485,0.5758040733721113
3.347426013429495,-0.3658747604507263,0.34275780559862,0.26907538065631087,0.5689892917349115
3.3499129569758765,-0.36603858191674876,0.3381582069634468,0.2699635813545509,0.5667588125879763
3.3523999005222582,-0.36141379437059096,0.33355792871286694,0.29478745435951836,0.5733938138978576
3.3548868440686395,-0.35678879805385466,0.3241685676073227,0.31002820119846675,0.573150060786575
3.357373787615021,-0.3569519932169281,0.3195669303754518,0.33005105664258316,0.5817829908496917
3.3598607311614024,-0.36669178011913883,0.32454142043289025,0.3357024322605824,0.593705413660017
3.362347674707784,-0.3620661391070196,0.3247268279213573,0.3174055463004848,0.580763017660422
3.3648346182541653,-0.36701708373945374,0.3249115562711933,0.30867924693076887,0.5792684495472963
3.367321561800547,-0.37196780434250665,0.32030720227951903,0.31431196243462445,0.5828797140311394
3.3698085053469287,-0.37212989457207024,0.3300673793524602,0.3247269111698561,0.5940308916081188
3.37229544889331,-0.3722917547343193,0.33503847434111034,0.31119369824752674,0.5896553635480221
3.3747823924396916,-0.37245338182491755,0.32085527742439446,0.3024427686559328,0.5771839039649053
3.377269335986073,-0.37740317616978625,0.31624820867157766,0.3176277607751796,0.5859466539592825
3.3797562795324545,-0.377564328143997,0.326005671557954,0.32322987649337875,0.5944005996234403
3.382243223078836,-0.3777252380937898,0.32139724632423317,0.3192491409712037,0.5898241767244383
3.3847301666252174,-0.3778859030554654,0.3167881431015873,0.31526238603933265,0.5852716082204992
3.387217110171599,-0.3780463200758404,0.3121783620679297,0.31605804023647543,0.5833241248777747
3.3897040537179803,-0.3829948895327011,0.3027795000885769,0.30248251552711736,0.5743310746265322
3.392190997264362,-0.38794320517400815,0.30774517063815754,0.29847785378487934,0.5781834048914056
3.3946779408107433,-0.3881028607586622,0.3031333573162742,0.29925567698682265,0.5762530894110114
3.397164884357125,-0.39305066001758276,0.2937324636522174,0.30960441377494163,0.5801917567256397
3.3996518279035066,-0.3979981967319731,0.28911929650344836,0.324735686173911,0.589445330872501
3.402138771449888,-0.39336866137408577,0.2940822594150001,0.3350727129104101,0.5945561386370624
3.4046257149962695,-0.3887388577089235,0.2942561426585768,0.3358271160527355,0.5920172538545146
3.4071126585426508,-0.38410878287250805,0.29921775311539456,0.34136413097075646,0.594642994386249
3.4095996020890325,-0.3794784340126347,0.3041786877137276,0.3468953797724179,0.5973817543643067
3.412086545635414,2.40721452081266,5.504556549248957,-0.15993826736911743,6.010025357888264
3.4145734891817954,3.0630682777905105,3.910189423924387,-0.1496300711227061,4.96934178373362
3.417060432728177,3.5321745877845334,2.3541288500969935,-0.13453916128142573,4.246914261833895
3.4195473762745583,3.828898663558904,0.8938356678925437,-0.11466551234952327,3.9335169195927513
3.42203431982094,3.94845210458467,-0.45632491243927764,-0.07085548553556364,3.975365008114639
3.424521263367321,3.895623316960783,-1.672410873999687,-0.01747426527682805,4.2394745557755025
3.427008206913703,3.6943543200547118,-2.7304801998816766,0.05026657728315875,4.59415962857676
3.4294951504600846,3.3733755365414204,-3.6161676798104514,0.10842505109051714,4.946522737312121
3.431982094006466,2.9614173890826416,-4.3103197001832445,0.16657798834419246,5.232265006318929
3.4344690375528475,2.4872103003273107,-4.832089873950522,0.22951381793236614,5.4394838193169885
3.4369559810992287,1.9603310796296154,-5.171901394133149,0.30202096875194506,5.539194764400697
3.4394429246456104,1.404721746291331,-5.344119470345014,0.36494585310601124,5.537692802379318
3.441929868191992,0.8395359162803877,-5.339167295590023,0.4087116899450436,5.420200476967671
3.4444168117383733,0.303080818832298,-5.185775289426141,0.45726052146755514,5.214710971823809
3.446903755284755,-0.19506673675309694,-4.917462274723164,0.49622716331447414,4.946284226843838
3.4493906988311362,-0.6549067478305797,-4.524651444459478,0.5160348344510339,4.60083313026784
3.451877642377518,-1.057285598487451,-4.0312848148474725,0.5406255770876935,4.202545194259092
3.4543645859238996,-1.3926264794662981,-3.48045801537158,0.5604226101948697,3.7903918016601668
3.456851529470281,-1.6561409848438586,-2.862594238984987,0.5466955394629345,3.3520329281822834
3.4593384730166625,-1.8286754987507252,-2.2112123085143196,0.5377516170669114,2.9193647861674497
3.4618254165630438,-1.9581140518162194,-1.559831046778104,0.5431676752593297,2.5617015161528154
3.4643123601094254,-2.010937818239179,-0.9132388566636174,0.5198481097677305,2.2689464901962544
3.4667993036558067,-1.987146795475322,-0.2858009476911949,0.4677929462000652,2.061374495084181
3.4692862472021884,-1.9202598042375623,0.3033290673083946,0.43488624336401216,1.9921175375745088
3.47177319074857,-1.815065245331973,0.8397859788329827,0.4115512202192875,2.0418317124387286
3.4742601342949513,-1.6667747129393164,1.323569787349817,0.3786342890798622,2.161790658353901
3.476747077841333,-1.4945418178569636,1.7307384767342673,0.3600774921364529,2.314901017433559
3.479234021387714,-1.2983665576167314,2.0612920474712517,0.3510924516510414,2.4612896076065662
3.481720964934096,-1.087825736406483,2.3200189033753094,0.33252557991685805,2.5838780555796594
3.4842079084804776,-0.872496158429745,2.4973422383088764,0.31874211246064554,2.6645007667426417
3.486694852026859,-0.6763198378669145,2.6028388594244922,0.2953768648777473,2.705443797887424
3.4891817955732405,-0.4753547557109633,2.6508739772040752,0.2767950726749433,2.707343808800779
3.4916687391196217,-0.3079081361350947,2.6462359954978174,0.2773619713477622,2.6784887581090255
3.4941556826660034,-0.16919157344580973,2.5697713015633723,0.2587703598561468,2.5883030019694098
3.4966426262123846,-0.04483985532524602,2.4310567025892946,0.26411589359234533,2.4457727836162553
3.4991295697587663,0.06035861724683149,2.258822619054442,0.2790333880910172,2.276792133396782
3.501616513305148,0.1272502333132291,2.0578574548451822,0.2891576588721243,2.0819659166337403
3.5041034568515292,0.1797770117829658,1.823372807216317,0.3040655380416304,1.8572732753922
3.506590400397911,0.20836214830613425,1.574522290033507,0.30460343776724663,1.6171946329860025
3.509077343944292,0.2082172418363406,1.320882710530669,0.3147134000822689,1.3737285317587762
3.511564287490674,0.1889191012711669,1.0528772626698126,0.31045343379881807,1.113832254708787
3.5140512310370555,0.15046772885051604,0.7944479636642319,0.2966119676319874,0.8612588250567864
3.5165381745834368,0.10243993343778916,0.5455948141350486,0.28755423691779214,0.62518403717879
3.5190251181298184,0.030470507277505207,0.3111062180326618,0.29285707365137803,0.42834658432160194
3.5215120616761997,-0.03671012752033456,0.10055898263725105,0.3125205031659384,0.3303464958958843
3.5239990052225814,-0.11346717874608042,-0.09083529472286411,0.34175614745220706,0.3713800152692108
3.5264859487689626,-0.20458904756697388,-0.2534998067489085,0.36619882183730645,0.49012284941749734
3.5289728923153443,-0.28613371524612236,-0.39222295609388547,0.3762717449449209,0.6142408129809274
3.531459835861726,-0.34852437302535455,-0.5022163387608032,0.3863401519757339,0.7231522678797706
3.533946779408107,-0.4109146320862734,-0.5643263407823846,0.3916156648238154,0.8004235645574364
3.536433722954489,-0.4685160870269197,-0.6024949780647981,0.39209830867740614,0.8580493028165691
3.53892066650087,-0.5213287357837473,-0.6262990565438886,0.41173012529937836,0.9129928012096739
3.541407610047252,-0.5597757696707859,-0.6117965589039125,0.41699231658113334,0.928184536546957
3.5438945535936335,-0.5886455899813057,-0.5829295010228237,0.4126733109480849,0.9255321146972765
3.5463814971400147,-0.6127265980269556,-0.5253326722066805,0.41792674675732044,0.9088845174567864
3.5488684406863964,-0.617653581856654,-0.4485828783535919,0.4183874390937117,0.8705001982330286
3.5513553842327776,-0.6177917494597639,-0.35746852203192736,0.3996902030113354,0.8180480721372606
3.5538423277791593,-0.6179295022037106,-0.25198960248027236,0.380988676774912,0.7684321709055325
3.5563292713255406,-0.598913224873135,-0.14172292556828792,0.3670712886559073,0.7166057280786147
3.5588162148719222,-0.5846849321543445,-0.04103370047647292,0.3579380635724423,0.6867749935875017
3.561303158418304,-0.5608794121901245,0.07402009018665412,0.3535890264088355,0.6671505739836608
3.563790101964685,-0.5322850664235447,0.18907323725967018,0.34444739537422997,0.6616041786185
3.566277045511067,-0.5036902963168146,0.28018372495005384,0.3353015986034418,0.6668088154461004
3.568763989057448,-0.47988350335136704,0.3665051673576545,0.3357284675155867,0.6908891505798945
3.5712509326038298,-0.44649947574669463,0.44324916199033026,0.3313628168914935,0.7110787001911031
3.5737378761502114,-0.40832661502293044,0.5104157096858426,0.3269930747557943,0.7308757022698424
3.5762248196965927,-0.38451853268064107,0.5727932146118091,0.33219607241526994,0.7657028138960537
3.5787117632429744,-0.3798636302789903,0.6208048709845793,0.3421834311768812,0.8042291750607515
3.5811987067893556,-0.365631486154617,0.6496622763503734,0.3569551756283289,0.8265376303522024
3.5836856503357373,-0.34661050190605497,0.6689422382259971,0.3669345236764183,0.8380116364227969
3.586172593882119,-0.33716588579110046,0.6930099674588099,0.3769099031478209,0.8579071771639738
3.5886595374285,6.265910542579739,4.332321568457916,-0.07759378356276869,7.61817995950379
3.591146480974882,7.223459898153391,2.881559805802198,-0.04847265461132544,7.777153040341309
3.593633424521263,7.807514238234843,1.4595278298197756,-0.024143824290272065,7.942800701925585
3.596120368067645,8.042015581047663,0.10932127131781577,0.004969538376656146,8.042760125882632
3.598607311614026,7.955694348115553,-1.1163874322462346,0.05323266764164103,8.033817721134787
3.6010942551604077,7.60601138086391,-2.208021473287888,0.10628037778990596,7.920736296016608
3.6035811987067894,7.040850714056804,-3.1416388342529746,0.15932428970163315,7.7116053822670105
3.6060681422531706,6.284154365837117,-3.922027917497918,0.22672963749176667,7.411093401639187
3.6085550857995523,5.417325194170426,-4.525246705448858,0.2749776220251654,7.064055683329797
3.6110420293459335,4.478670427119324,-4.9321415838421805,0.3280102839627226,6.670239886556086
3.6135289728923152,3.482555276123734,-5.166654568287566,0.38582764731545716,6.242705635595596
3.616015916438697,2.4864405824862743,-5.233574061103589,0.4149109128032116,5.809030494743007
3.618502859985078,1.5334219775277491,-5.137688464599233,0.42962531429935247,5.378829206354107
3.62098980353146,0.623499462665388,-4.883786181073818,0.4491244889473176,4.943868105943341
3.623476747077841,-0.20023133082158726,-4.505386032738868,0.47819686387875215,4.535115007413212
3.6259636906242227,-0.9186167882762684,-4.031218438476025,0.4881120429316326,4.163271822601423
3.628450634170604,-1.5268685050241313,-3.485225413836617,0.48844685645436314,3.8362356481930817
3.6309375777169857,-2.02019807641087,-2.8626185544409517,0.503143344703572,3.539624059343489
3.6334245212633673,-2.398605501124094,-2.1873398758211025,0.5082595146794748,3.2857406800662248
3.6359114648097486,-2.662090777872187,-1.5072734101016345,0.5277374065314966,3.104369052268777
3.6383984083561303,-2.8202307120256753,-1.2677406649826226,-16.509080793159256,16.7961488531676
3.6408853519025115,-3.3327120210850065,-0.9132868542100026,-6.563249724047536,7.417365383595941
3.643372295448893,-3.6919639518697025,-0.5061612198396459,3.612421286674019,5.190027413683909
3.645859238995275,-3.8692560832509018,-0.04157535743379448,13.055463194946093,13.6168274712839
3.648346182541656,-3.859800010723112,0.47089392749319714,20.937482249613332,21.295491545550234
3.650833126088038,-3.6731725397630286,1.002516216156899,26.597678815697453,26.868824939947185
3.653320069634419,-3.323738879189096,1.5532915097032443,29.60988502084068,29.836307506099924
3.6558070131808007,-2.840229447802146,2.104066196006761,29.777776352005937,29.986829814827455
3.658293956727182,-2.265739874385441,2.6021678397093493,27.201909301956487,27.4198600345856
3.6607809002735636,-1.629000577782955,3.0092892154233186,22.270144562615634,22.531506902652538
3.6632678438199453,-0.9778955901409135,3.3350071309739673,15.518783328771294,15.903181705376257
3.6657547873663265,-0.36509734694868967,3.5410143609923685,7.646932508053645,8.434906968083926
3.668241730912708,0.17587532956550628,3.5937920834400665,-0.5696865388609336,3.6429131780905264
3.6707286744590895,0.6067152138302736,3.5172823161314093,-8.355352451342842,9.085774200816608
3.673215618005471,0.936999113456183,3.2971198503278996,-15.020535128597407,15.406668757245113
3.675702561551853,1.1140545928679035,2.9380930905817126,-19.99541455289912,20.24080314086138
3.678189505098234,1.1522468629527212,2.4880860713372743,-22.868188016156083,23.03198359399015
3.6806764486446157,1.0994599578183348,1.9710408104469628,-23.466472976355682,23.574757008828847
3.683163392190997,0.9461170717068462,1.4061109224518766,-21.838153444284416,21.903817733347875
3.6856503357373787,0.6970066087994667,0.8363920385045187,-18.203495950323255,18.236025736662555
3.68813727928376,0.41437781309946675,0.30019138644645826,-13.01739878761785,13.027451594090088
3.6906242228301416,0.11259589538482255,-0.18812582247343967,-6.844893525741166,6.848403941026855
3.6931111663765233,-0.1748203203069335,-0.5902523603950385,-0.2414349276954706,0.6612494367902708
3.6955981099229045,-0.41914041328050156,-0.891823016050505,6.146542580364102,6.225031138093316
3.698085053469286,-0.6203643827845612,-1.1024145947645083,11.730065412063555,11.798076304104292
3.7005719970156674,-0.7545502114879119,-1.2028734819302658,16.054235273923133,16.116907918880262
3.703058940562049,-0.8264863020033612,-1.2171416928147907,18.735979922204265,18.79365470452803
3.7055458841084308,-0.8122306370437544,-1.1404308227539373,19.58376324591098,19.633748596259796
3.708032827654812,-0.740513635867407,-0.9966828869963587,18.626315686713376,18.667655805784555
3.7105197712011937,-0.6496425243951707,-0.8002630941407767,15.99771255925794,16.030884677957904
3.713006714747575,-0.5204636887261956,-0.5894786693784535,12.013988504293836,12.039696314037124
3.7154936582939566,-0.3769191448644343,-0.3978484345712161,7.153983875390352,7.174945066549379
3.7179806018403383,-0.2525277154764516,-0.22058398500929477,1.8773854127638483,1.907092952528749
3.7204675453867195,-0.14250099668842048,-0.072050529255264,-3.327389723513977,3.3312190238664248
3.722954488933101,-0.07078100457020389,0.05732874073913896,-7.952770760171058,7.9532923559337645
3.7254414324794825,-0.04215614193262221,0.12924659982776676,-11.606108603685545,11.606904787427753
3.727928376025864,-0.04704960164746953,0.17722187267823974,-14.004887436979836,14.006087725687228
3.7304153195722454,-0.10461499653045951,0.19646615740457163,-14.98630152605594,14.987954386051852
3.732902263118627,-0.21006392281766917,0.19176785877028557,-14.512043623317545,14.514830756450394
3.7353892066650087,-0.3250891535251387,0.1822805915086887,-12.658728160927872,12.664213667814074
3.73787615021139,-0.4449022849328361,0.18236956704159502,-9.670563687339685,9.682509939732276
3.7403630937577717,-0.5742917199835839,0.22076520676053057,-5.8923152208008815,5.9243503371626725
3.742850037304153,-0.6893154417202174,0.25916028558141857,-1.6783245862763083,1.8327829246029446
3.7453369808505346,-0.7708198365277273,0.30713161163196645,2.5452403413856235,2.677077033382694
3.7478239243969163,-0.8188049040944515,0.37904439636894516,6.380942107189158,6.444419159294919
3.7503108679432975,-0.8572126607320748,0.4796870446170076,9.512746112500537,9.563328489986468
3.752797811489679,-0.8381590729696006,0.5994827512486034,11.662924985178662,11.708360662814865
3.7552847550360604,-0.7855861571625732,0.7192779045040125,12.668673032690194,12.713370234656304
3.757771698582442,-0.7138591230477473,0.8390725059133812,12.506048258715186,12.554476515054358
3.7602586421288233,-0.6038243571415897,0.9397129437339555,11.246876733261612,11.302207772116029
3.762745585675205,-0.48421227918547355,1.011622412872121,9.03481057606524,9.10415529211357
3.7652325292215867,-0.37417650230191113,1.0739545281645135,6.094904763227829,6.200100842426455
3.767719472767968,-0.2641402197134631,1.0884020646123465,2.7336171272229866,2.954158375607095
3.7702064163143496,6.051667271820183,5.623101791365789,-1.4033941577646,8.379228227404269
3.772693359860731,7.152904053447165,3.61205363676294,-4.582727069968106,9.23105385481483
3.7751803034071125,7.92374151195791,1.6297353611817131,-7.197030661919415,10.827694456550727
3.777667246953494,8.359391244082708,-0.2663921939388514,-9.030826764552309,12.308786244954964
3.7801541904998754,8.445488039888692,-2.0092913805078805,-9.950040065322248,13.204802815082251
3.782641134046257,8.229915932586295,-3.575020180311411,-9.901998108213043,13.362703771397697
3.7851280775926384,7.765347358684293,-4.901329348565037,-8.925008100373708,12.805444880044833
3.78761502113902,7.080512738068594,-5.954700060397451,-7.153145315440434,11.694426080276726
3.7901019646854013,6.218507700564375,-6.730343910851669,-4.773157463653367,10.33200848592114
3.792588908231783,5.22721627929644,-7.228260898282793,-2.0244646918593476,9.14713085796693
3.7950758517781646,4.164099314007601,-7.443662617718314,0.8295708364150709,8.569482133476097
3.797562795324546,3.048310417858367,-7.376549067497962,3.516010150916985,8.72169707856104
3.8000497388709276,1.932522027229009,-7.060439069196026,5.795433104556526,9.336567147776782
3.802536682417309,0.8694065784785894,-6.533639847699268,7.509822406606485,9.992084368985001
3.8050236259636905,-0.1314591219367964,-5.810516611285616,8.501160766255053,10.29801530220657
3.807510569510072,-1.0365562509813862,-4.95331860142835,8.721564168976363,10.083426777751551
3.8099975130564534,-1.8171543889606898,-3.99077623635095,8.185397843324854,9.285961603164731
3.812484456602835,-2.473253536122607,-2.9611967409108253,6.959699454295913,7.957580391453844
3.8149714001492163,-2.990488482775801,-1.9076757432770406,5.188121119924633,6.2848109647077175
3.817458343695598,-3.3928012458115413,-0.8733088716128234,3.0574105880474782,4.649895502344417
3.8199452872419792,-3.6610382122596343,0.10838505256776632,0.7926228329768303,3.7474256585823755
3.822432230788361,-3.809564592412524,0.9943104011164943,-1.3907639776983105,4.175602950376732
3.8249191743347426,-3.8383803866224535,1.7748903691344875,-3.3012136930750575,5.364831000339205
3.827406117881124,-3.7714276118638526,2.4501249583711204,-4.780708985578797,6.563684708146486
3.8298930614275055,-3.627859881811342,3.010437363941304,-5.704751350959987,7.4005600072257955
3.8323800049738868,-3.4028887935585055,3.42709716768612,-6.0254567381805275,7.722096609197104
3.8348669485202684,-3.1060911541801413,3.7096811780161336,-5.738036726170407,7.505638025610061
3.83735389206665,-2.7757741906932036,3.8581893967078553,-4.880798523827169,6.812689777817636
3.8398408356130314,-2.4071495002525642,3.9061406487866708,-3.583029003221716,5.821546214073863
3.842327779159413,-2.005005486673054,3.843958129402047,-1.9979570531098387,4.773666671255596
3.8448147227057943,-1.5932841670699207,3.686007050313192,-0.2548695457340191,4.023699901500721
3.847301666252176,2.974771733407571,8.493629722888404,0.3198458164992033,9.005182623453344
3.8497886097985576,4.186157404639189,6.449046754410823,1.8713937383246613,7.9130419170400605
3.852275553344939,5.1389697942901496,4.4379821213051756,3.135635760326341,7.479098039007664
3.8547624968913206,5.852362515047504,2.527473471877431,4.016803833159123,7.534784813958467
3.857249440437702,6.335912372937829,0.7701932444789414,4.4334951173516295,7.771284461848531
3.8597363839840835,6.608772980608107,-0.8194933490932821,4.361767613188434,7.9606825316604235
3.8622233275304647,6.6709443374052775,-2.2080674837573673,3.8542937739924703,8.014526864501937
3.8647102710768464,6.555945265898647,-3.376375544384296,2.987688069600768,7.95654511376703
3.867197214623228,6.263775765396217,-4.30526391584022,1.8672953896846813,7.826683607795737
3.8696841581696093,5.832743061749129,-4.994732596266444,0.6224026404292573,7.704260534237044
3.872171101715991,5.291577574149165,-5.459146793759065,-0.6320684820282843,7.629062033108774
3.8746580452623722,4.649856108487124,-5.693718103127691,-1.752465861718254,7.557163771151642
3.877144988808754,3.945885890557653,-5.727176942418097,-2.6334446093199686,7.436773608321277
3.8796319323551356,3.2036089361746396,-5.5786769230299065,-3.2175438688052234,7.192866951026587
3.882118875901517,2.432602051173367,-5.257794849716815,-3.4281491709520573,6.731579766992353
3.8846058194478985,1.6711724612914223,-4.7884727371876865,-3.2700489030725723,6.034526359098509
3.8870927629942797,0.9336853756469965,-4.2090178101073,-2.767185065848529,5.122978869286174
3.8895797065406614,0.23450600333909,-3.55773729313456,-1.9865952899325796,4.081549774110909
3.8920666500870427,-0.41200044655044893,-2.8442079910023077,-0.9617983828249184,3.030564236778983
3.8945535936334243,-0.9866803616385498,-2.111525531679665,0.18749558812070433,2.3382114537703815
3.897040537179806,-1.4751685328802855,-1.3596899132481433,1.3224229421802285,2.4028485800386026
3.8995274807261873,-1.8918301711705068,-0.6174315537063011,2.3759460483451758,3.0992519653474875
3.902014424272569,-2.207934857539311,0.07215391899162471,3.252296855596706,3.931617651818041
3.90450136781895,-2.447424609557768,0.6994897001379701,3.8461305061857125,4.612146239082241
3.906988311365332,-2.6055110248927758,1.2645757916705307,4.1287165953991405,5.043227177000975
3.9094752549117135,-2.6821941045490587,1.7338933722896033,4.095266735036196,5.193434419730508
3.911962198458095,-2.6870506561893572,2.131384460543484,3.73141573016645,5.068185503600624
3.9144491420044765,-2.6248690841733917,2.4283186384618527,3.089836032254235,4.725860326455605
3.9169360855508577,-2.495649389557675,2.619907504680241,2.2471421092758703,4.259322583223798
3.9194230290972394,-2.3233335900174135,2.7300930777600647,1.3086788490408896,3.8162714150940067
3.9219099726436206,-2.1270752999242464,2.7445101497047157,0.33190710606510976,3.488115195981426
3.9243969161900023,1.8089264561773004,5.794774493966386,-1.0949757906149555,6.168516705158089
3.926883859736384,2.7617534154435504,4.545052225800022,-1.8754254661534624,5.639326408540366
3.9293708032827652,3.523044712477344,3.2857527221803227,-2.454763414936343,5.406836267239827
3.931857746829147,4.092800346121161,2.0456064050103766,-2.7803171861252904,5.354034356715749
3.934344690375528,4.499750735124031,0.8724973094764947,-2.8616635721363144,5.403529090639278
3.93683163392191,4.734319071655927,-0.20484414251171446,-2.679648945552972,5.443919237678821
3.9393185774682915,4.786928547870894,-1.1768411423226917,-2.2342732923296804,5.412173051695819
3.9418055210146727,4.686309582469663,-2.0147632680395486,-1.611727858276602,5.349620100356032
3.9442924645610544,4.465980997457424,-2.6850916944225913,-0.8742618726913527,5.28384684667807
3.9467794081074357,4.130731194902002,-3.221345242712509,-0.06975935500087616,5.2387853310565395
3.9492663516538173,3.6997137868163383,-3.594793490983294,0.7251652553571475,5.20925013747199
3.951753295200199,3.192082385198749,-3.8150132438675906,1.4243207122133796,5.174205784081387
3.9542402387465803,2.6365674086720823,-3.891581305995625,1.9750345925524009,5.098691440303586
3.956727182292962,2.042745662563717,-3.834074481994481,2.3342112799088603,4.93168118136786
3.959214125839343,1.4489243721072504,-3.6712231897696332,2.4779087710095524,4.660181694165452
3.961701069385725,0.8551035359594207,-3.4030274273019723,2.439645902335153,4.2736015089103105
3.964188012932106,0.2804367660434628,-3.0438524025306655,2.2002690737533737,3.7662801575368965
3.966674956478488,-0.24634551909126506,-2.598486516751691,1.7837203149252012,3.16140419029164
3.9691619000248695,-0.7252433208317174,-2.1291790111022206,1.2666140919454492,2.5814128677226433
3.9716488435712507,-1.1658334472194407,-1.6311414802329418,0.7159880641791094,2.1289502256368102
3.9741357871176324,-1.5393854797478121,-1.1187391320732536,0.150995857698355,1.908948571840656
3.9766227306640136,-1.8458994198458734,-0.6111255778708533,-0.37569007827168477,1.9803944493527297
3.9791096742103953,-2.090163672276897,-0.12745442887108194,-0.7922436813142077,2.2389012615403976
3.981596617756777,-2.2530246252160713,0.34185112360431447,-1.0603577123436043,2.5134320421817877
3.984083561303158,-2.3536358934146207,0.7584838550324542,-1.165666948965141,2.733803049421123
3.98657050484954,-2.4063626883167886,1.1176553641344453,-1.1081713788341832,2.875374533094594
3.989057448395921,-2.4016282047784427,1.4289424595940377,-0.8926593930154887,2.9336897209413206
3.991544391942303,-2.334644040988795,1.6827683368153434,-0.5622266092253216,2.9322978760067624
3.994031335488684,-2.224563811751501,1.864767787883677,-0.150391838628261,2.9066580054091222
3.9965182790350657,-2.0761759219220104,1.989306024807647,0.30932610752225287,2.891976410674814
3.9990052225814474,-1.8942687763683148,2.0611714529565615,0.7546779979622045,2.899348346821267
4.001492166127829,-1.6836307799709809,2.089940881021249,1.1617218279010935,2.9243910639398805
4.00397910967421,-1.458627144263248,2.0564606977718243,1.492150382499327,2.9296990479321634
4.006466053220592,-1.233623080790624,1.9846729218622263,1.7172332534691392,2.899938371595628
4.008952996766973,-1.0086185911496075,1.879365958666091,1.8226052423953618,2.805569057894065
4.0114399403133545,-0.7740368703078784,1.7213861969563289,1.784324344133907,2.597328797194665
4.013926883859736,-0.5586083398072729,1.5394640587097173,1.6311209899759067,2.3113953684519695
4.016413827406118,-0.3431793879979992,1.3431763526224292,1.3725719978431599,1.9508584510040539
4.0189007709524995,-0.1564804364447987,1.1325230807506395,1.0374077988508468,1.543797135811384
4.02138771449888,-0.003299890121767929,0.9218694551116093,0.6304168074242611,1.1168166960721841
4.023874658045262,0.13072745926681872,0.7112154777624715,0.21863668106573186,0.7554595440675146
4.026361601591644,0.24081320672483414,0.5101379574009446,-0.15004853609176116,0.5837347850673165
4.028848545138025,0.3221689472453729,0.32342529940467024,-0.45648521992448465,0.6455815292228376
4.031335488684407,0.36042946917035196,0.15586590915135767,-0.6719429397554464,0.7782743077920486
4.033822432230788,0.3843251907141061,0.002671385378062663,-0.7629028616745686,0.8542445579976017
4.0363093757771695,0.39385611015886063,-0.1313698665376588,-0.7676722016635527,0.872754998009497
4.038796319323551,0.3650802091752028,-0.22710423125753598,-0.6814625459082198,0.8057611882327161
4.041283262869933,0.3315163092675549,-0.2988969166858024,-0.48990867404056715,0.6627616004377798
4.043770206416315,0.2596455854461791,-0.34674792076617855,-0.22652939898224922,0.48884099582647134
4.046257149962695,0.1781984558759221,-0.36586883812255455,0.06557965961754064,0.4122079428410659
4.048744093509077,0.09196332211045918,-0.36104807002009376,0.3864185119067063,0.5367794964629516
4.051231037055459,0.005728585694308938,-0.3418624210449459,0.6976799413840666,0.7769556179257884
4.05371798060184,-0.08529415847777655,-0.30352348582312905,0.9466915215015845,0.9978108221499907
4.056204924148222,-0.18110491219971353,-0.24124285898153097,1.1334532621488442,1.1729080968721741
4.058691867694603,-0.2673384673131468,-0.17417415174968864,1.2388115598483562,1.2792421866312038
4.061178811240985,-0.3535716322700954,-0.10231736207683184,1.2436128110373517,1.2969404633616475
4.063665754787366,-0.4398044088902957,-0.016095681272842555,1.1813758485910224,1.2606886549299703
4.066152698333748,-0.5116715890408801,0.0653372794292717,1.0473122787369586,1.1674501206938304
4.068639641880129,-0.5739615778783717,0.14198152207638115,0.8653641275396602,1.0480676117141647
4.07112658542651,-0.6170975706063347,0.2329906619951414,0.6451082110179112,0.9226367996930885
4.073613528972892,-0.6650215856783371,0.30963428130752657,0.40090974842622806,0.8359759111135558
4.076100472519274,-0.698580011672788,0.37191238205573107,0.166287572215996,0.8086930253864014
4.0785874160656554,-0.7129844471365195,0.43419017624112266,-0.030027888565829386,0.8353260471783382
4.081074359612036,-0.7273885072252755,0.48689085926175446,-0.1880366248784302,0.8952734339696089
4.083561303158418,-0.7082733705784972,0.5348028364745501,-0.28858501448310037,0.9332451724793762
4.0860482467048,-0.6891578623270244,0.5779261099141846,-0.3077310319046642,0.9505974625070307
4.088535190251181,-0.6796187910069699,0.6018954716522518,-0.2789934915949921,0.9497353464190047
4.091022133797563,-0.6557141419189367,0.6114993270393847,-0.17843036824535652,0.9141826180770893
4.093509077343944,-0.6174439169716057,0.611526081423913,-0.025195266512763936,0.8693882563743166
4.095996020890325,-0.5983269413221977,0.6259177534330194,0.1519814022224537,0.8791282667484409
4.098482964436707,-0.5744212002903739,0.6163671185273372,0.34831124309902783,0.91169559734262
4.100969907983089,-0.5313614858424484,0.6068161953289812,0.5398522478921866,0.970572703667521
4.1034568515294705,-0.49787821983342523,0.5972649858558383,0.7074508116153755,1.0512349099840286
4.105943795075851,-0.45960619424115157,0.5733482821620828,0.8463185391614232,1.1208127301968744
4.108430738622233,-0.42612221765065006,0.5398544895803106,0.9420902287006108,1.1664291720068967
4.110917682168615,-0.40221469533196297,0.511148820080789,0.9804006783221393,1.176535281011784
4.113404625714996,-0.3735184192791118,0.48723127566981983,0.9756151059559475,1.1527077515576274
4.115891569261378,-0.35439860141304413,0.45852505170994595,0.922945116169851,1.0898033213341343
4.118378512807759,-0.34006684037837337,0.4250301502011773,0.8080255068106155,0.9742696260078714
4.1208654563541405,-0.3161579281837903,0.39632337978077903,0.6500098988866192,0.8243427233650572
4.123352399900522,-0.3018254800847663,0.3676163391217395,0.4728403166466357,0.6706849918286231
4.125839343446904,-0.3018579013802423,0.32933222357325054,0.3148239942205251,0.5465272668827703
4.1283262869932855,-0.30188998409215895,0.31498985836374915,0.17117253577572455,0.46867495172141477
4.130813230539666,-0.2971333268871798,0.29585882555399223,0.03230914208027613,0.42055265932721764
4.133300174086048,-0.30674154503745243,0.26236232048221275,-0.05867054965367302,0.40788061495667927
4.13578711763243,-0.3163494305767147,0.25280757168597834,-0.09697812885502444,0.41640531697397243
4.138274061178811,-0.31638017886262804,0.2528293711755105,-0.10655560495309402,0.4187758415346716
4.140761004725192,-0.3259874051781819,0.23848570431641836,-0.05388414761166338,0.4074883076383147
4.143247948271574,-0.3403827082080978,0.22414178303273768,0.04188263690412697,0.409699990507953
4.1457348918179555,-0.3643544932808501,0.23852802920528138,0.16637954557173273,0.4661887715026574
4.148221835364337,-0.3787491491263627,0.27685604146845266,0.28608776201018316,0.5494964906471382
4.150708778910719,-0.3787782744382665,0.2768765786085501,0.40100729300335125,0.6172037508070434
4.1531957224571,-0.39317229115507707,0.28647367577467486,0.530291758539752,0.7196255739057422
4.155682666003481,-0.4075659913349957,0.29128212494737094,0.640422342007918,0.813078157220842
4.158169609549863,-0.4171709736791981,0.3056671380244893,0.7122454366811226,0.8802031484956273
4.160656553096245,-0.426775643531679,0.33441712025860326,0.7553378556786026,0.9297889741522456
4.163143496642626,-0.44116840623847153,0.34880165365536797,0.7696996054033765,0.9532731186883566
4.165630440189007,-0.4459840538662416,0.36318595009844,0.7361770789019086,0.9342175882268651
4.168117383735389,-0.4412225884443214,0.3871468181462716,0.669135492387845,0.8901136660715939
4.1706043272817706,-0.4364608186442419,0.3871654364695343,0.5781516586798467,0.8213735215129014
4.173091270828152,-0.441275553138955,0.39197222689791156,0.4775907938424986,0.7592491730785794
4.175578214374534,-0.43651318068080447,0.4111439979747118,0.3578760972647306,0.6983254577717595
4.178065157920915,-0.4365389132654363,0.4159503316755315,0.25731480146500374,0.6555850885040988
4.180552101467296,-0.4509295595691461,0.4111796332128863,0.1759069123256296,0.6350979454117645
4.183039045013678,-0.4461662983862278,0.4016203077939262,0.11844083897626945,0.6118753711218968
4.18552598856006,-0.44140274503507215,0.39684916394068637,0.08970499047378411,0.6003104426551485
4.188012932106441,-0.44142730487363663,0.38728939688844033,0.08491096916196383,0.5933472972165951
4.190499875652822,-0.4270863666586955,0.3777294118278345,0.12321239391397754,0.5833211526762428
4.192986819199204,-0.42711035235032707,0.3777460172641489,0.1758788503281643,0.5966981453268512
4.195473762745586,-0.43192245734619106,0.3777624084157005,0.23333353721257843,0.6194400584077013
4.197960706291967,-0.41758066708291697,0.3729901838153147,0.30994166990573646,0.6399680691159151
4.200447649838348,-0.40802700020002447,0.3730061519508818,0.3961264470737884,0.6800998341102121
4.20293459338473,-0.4032614587350889,0.38259871798403555,0.4727342606718139,0.7297117679721945
4.205421536931111,-0.3937072380845324,0.3826142704688338,0.5253999059050969,0.7598974472990636
4.207908480477493,-0.4033063568862911,0.3874180211954372,0.578065404471662,0.8043061310837228
4.210395424023875,-0.39853999393373196,0.39222156866660374,0.6355191647188736,0.8464966003575946
4.212882367570256,-0.3841965545817595,0.37787130141793,0.6546655617218988,0.8479273027167037
4.215369311116637,-0.37942965414510865,0.3683092378615336,0.6498698103309462,0.8378241626489418
4.217856254663019,-0.38423929465601503,0.3779005897625489,0.6259203186872302,0.8259690894011458
4.220343198209401,-0.3794718648640726,0.3827033423171833,0.5636634782623986,0.7798572056287136
4.222830141755782,-0.3794925767595294,0.37792909399640395,0.5014065203042009,0.7336576275812152
4.225317085302163,-0.3843014323700222,0.3683662499052449,0.43436104611028625,0.6870595340790537
4.227804028848545,-0.3891100304010611,0.36838002178274154,0.352950253591068,0.6416263224941501
4.2302909723949265,-0.38434156623589244,0.3779704114003031,0.2906929704732306,0.6124397721517797
4.232777915941308,-0.4083032684587886,0.38756061388197915,0.23801239453434775,0.6111993851589513
4.23526485948769,-0.41789950920649066,0.3732086143840512,0.1996969334472638,0.5948138657376189
4.237751803034071,-0.41791869381649127,0.3684332378996875,0.18532339813957854,0.5871489140997628
4.240238746580452,-0.42751443758471996,0.3732344861729282,0.19010338951289718,0.5985080406447698
4.242725690126834,-0.4275331292419684,0.3684587476595693,0.20924850840412113,0.6019396677372554
4.245212633673216,-0.4179747707975059,0.3636828307302227,0.23797035558584057,0.602990879308159
4.247699577219597,-0.413204574218633,0.35890673710775456,0.28105733840733116,0.6152603461699362
4.250186520765978,-0.4132225415086739,0.34455366186725245,0.3432978641542288,0.6382190205954974
4.25267346431236,-0.41802867466778154,0.34456562331872886,0.40553832344754603,0.6767087803495478
4.2551604078587415,-0.41804616905218167,0.3493658165227398,0.4629903168063514,0.7149679060421185
4.257647351405123,-0.4228518332959176,0.33980062989186655,0.5156538480076378,0.7484430719578556
4.260134294951505,-0.42286886274821855,0.3254468717531598,0.5587405174460649,0.7726090261262715
4.262621238497886,-0.41809725939525527,0.3206697537465346,0.5778851188139935,0.7820393978747809
4.265108182044267,-0.41332542853968235,0.33025768086375695,0.5730876557035209,0.7799599392063522
4.267595125590649,-0.4133417754802162,0.3302686381671611,0.5443481316458616,0.7591071631464619
4.270082069137031,-0.4133578988708754,0.3302794339536508,0.5012433567524148,0.7288306797467553
4.2725690126834115,-0.4133738006817952,0.3302900698718365,0.45335014107452665,0.6967752720629145
4.275055956229793,-0.4133894828787906,0.325512144242293,0.43418731120537757,0.6821785996465769
4.277542899776175,-0.41340494742323386,0.32552246533876295,0.405447643874302,0.6642712683215011
4.2800298433225565,-0.4134201962719314,0.33032103478654085,0.34318912571263027,0.6307194469138976
4.282516786868938,-0.4230120380176282,0.3207542409218007,0.300084196418263,0.6098138997408493
4.285003730415319,-0.4230268613263871,0.3111872953149861,0.2617676491466714,0.5867806747916001
4.287490673961701,-0.4086762648202824,0.31598540952857546,0.23781629359723233,0.568699971832885
4.289977617508082,-0.4182674769991562,0.3207833751951603,0.2330185360917767,0.5763222139386901
4.292464561054464,-0.41828167655300114,0.31600438725958657,0.2569511862156162,0.5838169625875121
4.294951504600846,-0.40871886540871927,0.32080206058047267,0.28567223025546085,0.5929365026314344
4.2974384481472265,-0.41830946540969377,0.33038799340672487,0.3191816710435855,0.6213018382146004
4.299925391693608,-0.41832305855005,0.3303969773384319,0.3622679146769734,0.6445109665113882
4.30241233523999,-0.40875964674016674,0.32082901392838625,0.4053541572364967,0.6590354298293204
4.304899278786372,-0.41356124848625164,0.33520292796329176,0.43407519142795437,0.6868880410793932
4.307386222332753,-0.4135742524058567,0.3352114944168494,0.4484310198637509,0.6960609081239116
4.309873165879134,-0.4183754670324467,0.344796731418449,0.4579984517429576,0.70970796755455
4.312360109425516,-0.4183880876121821,0.354381833846916,0.47714269953147337,0.7268426457856364
4.314847052971897,-0.41361211602566894,0.3448131899319984,0.4914985557202325,0.7290692345376989
4.317333996518279,-0.40404755414723503,0.35439802773872175,0.496277619388124,0.7315352784268181
4.319820940064661,-0.4040596138057598,0.3591943321595359,0.4819030862414806,0.7242343020690601
4.322307883611042,-0.4040714902220691,0.35920210467990143,0.4627401685363992,0.7116378185522814
4.324794827157423,-0.3897179752900817,0.36399815341731845,0.42921206187598493,0.6845420001835189
4.327281770703805,-0.3993062974204558,0.36879407651972995,0.40047238173428745,0.675153848072872
4.329768714250187,-0.4088944418529882,0.37358987544673505,0.3669443236129464,0.6643885882872587
4.332255657796568,-0.4089056037815161,0.38796235828987014,0.347781502885395,0.6623220953606996
4.334742601342949,-0.4184933983147384,0.38318110656945814,0.4100215680784345,0.7000586912211797
4.337229544889331,-0.4185042139917766,0.37361133167986926,0.40043561493538604,0.6892603905616228
4.3397164884357124,-0.40414964930548186,0.3688298416863831,0.39563809852568,0.6752050771115115
4.342203431982094,-0.4089485293039108,0.35925983136422435,0.3908406174250967,0.6701215667928568
4.344690375528475,-0.41853564582461833,0.35926651208131455,0.3764663668411501,0.6678109304971573
4.347177319074857,-0.40896898405704707,0.36884988523577933,0.38603417181667865,0.672553529147896
4.349664262621238,-0.40897896570650555,0.37364474225590305,0.3908136141833918,0.6779450337873479
4.35215120616762,-0.4185655925487622,0.36407427788135616,0.386016292327934,0.6758371201873513
4.354638149714002,-0.4137868497502674,0.36408051008504083,0.3764306112313687,0.6674385214550144
4.357125093260382,-0.4090079490321268,0.37366344022931886,0.3716333791493227,0.6671006201716656
4.359612036806764,-0.4185941021075126,0.3736694563862981,0.3812014042921046,0.6783541815228228
4.362098980353146,-0.42818010075970214,0.3736753665409336,0.3859810749032775,0.6869882593098512
4.3645859238995275,-0.42340073676386836,0.37846957534881565,0.3716071825022844,0.6786746653914418
4.367072867445909,-0.4138328184885492,0.37847527749552956,0.3668101484473567,0.6701125445307425
4.36955981099229,-0.4042647509737062,0.3689040709778695,0.37158997413132866,0.6615128958219931
4.372046754538672,-0.39948493925093764,0.3641211670647686,0.38115825758359634,0.661403098206455
4.374533698085053,-0.3947049817027811,0.36891497037540066,0.376361386829954,0.658436155936657
4.377020641631435,-0.3995016866641941,0.3689202722385341,0.37156457309617785,0.6586076198285553
4.379507585177817,-0.4042982491802899,0.36892547725501457,0.38592143088657593,0.6697002559919103
4.3819945287241975,-0.4090946709281262,0.3689305866961847,0.3954899447812945,0.6781449137204336
4.384481472270579,-0.413890953576021,0.36893560182417895,0.3954817126008727,0.6810469769018554
4.386968415816961,-0.4138986954631483,0.3641521205715974,0.41462715536758843,0.6898076362226686
4.3894553593633425,-0.40911789824009864,0.34979174086180675,0.40504224093873553,0.6736400623331438
4.391942302909724,-0.40912537018910805,0.3497964805307747,0.3906689869367348,0.66510405477509
4.394429246456105,-0.4043443063021361,0.349801130842736,0.39544941094492536,0.665007808822198
4.396916190002487,-0.3995631115229501,0.3545940963338752,0.40022990062518105,0.667511517952448
4.399403133548868,-0.40914699742676897,0.359386974890465,0.3954336502417881,0.6729992830366204
4.40189007709525,-0.4091539490170596,0.3546029610691628,0.3906374673025308,0.6676435013207337
4.404377020641631,-0.40437237120984826,0.34503045937825316,0.40499496591850104,0.6682693730195718
4.4068639641880125,-0.40916747555240446,0.35461148759794936,0.4145641302811178,0.6819316302255657
4.409350907734394,-0.4043856503403651,0.35461562697569793,0.41455655782665346,0.6790707891918566
4.411837851280776,-0.4235457203832965,0.34504287867148165,0.4241258625569717,0.6916128343709389
4.414324794827158,-0.41876365403588334,0.35462366375781285,0.4193300285556063,0.6906219035673172
4.416811738373538,-0.08358164034630537,0.03380454099316488,-10.594004966964906,10.594388603297118
4.41929868191992,-0.4475063947202412,-0.7036057482561586,-7.309167575537587,7.356578937902088
4.421785625466302,-0.7922774206395611,-1.2925756110707156,-3.703507088573364,4.001802091146345
4.424272569012683,-1.0987411063419574,-1.6852210131341776,-0.030808881501268814,2.012001756722367
4.426759512559065,-1.352532243375577,-1.8863303566630198,3.4886604934585925,4.190267022811048
4.429246456105446,-1.5153436066770938,-1.867173220640902,6.682518517256412,7.102017728480441
4.4317333996518276,-1.596752004376312,-1.6469032172640592,9.359229057527813,9.636237633111142
4.434220343198209,-1.61112264791345,-1.2494623620580994,11.375140015083426,11.556413056981462
4.436707286744591,-1.5297251188356742,-0.7275230904803496,12.624906517259184,12.738038049712063
4.439194230290973,-1.3765014352035196,-0.1337578379969857,13.055856127887141,13.128900433487612
4.441681173837353,-1.1801820183879252,0.4552189433139642,12.735026493776077,12.797693295280078
4.444168117383735,-0.9359784665070127,0.9915232212882397,11.686359631821144,11.765635360335516
4.446655060930117,-0.6678327975908075,1.4512129803529343,10.000835205372658,10.12762186127148
4.449142004476498,-0.3948986263386562,1.7816157850041159,7.817316910954704,8.0274867434807
4.45162894802288,-0.12675276079886028,1.9587896196503798,5.284245251702238,5.637035649750484
4.454115891569261,0.1030859743887673,1.9875228886128018,2.5740027473273095,3.253669327716631
4.456602835115643,0.2850407711968879,1.8630271895625508,-0.15060488913235304,1.8907142520551385
4.459089778662024,0.4143232249286043,1.6044561367629795,-2.7267719446626035,3.190803733812329
4.461576722208406,0.4813565275772833,1.250116957749368,-4.986904302956952,5.163691609841195
4.464063665754788,0.4813522744671145,0.8335284767272033,-6.811291880939061,6.878965534220695
4.466550609301168,0.42388727089387157,0.38820951789329294,-8.123320225439649,8.14363054989884
4.46903755284755,0.30896151552317863,-0.018802271323621778,-8.870316899919487,8.87571589498439
4.471524496393932,0.14615181367199664,-0.3683532767065816,-9.023551484464258,9.032249215000503
4.4740114399403135,-0.04538822269144743,-0.6317130774074395,-8.597389189067707,8.620685725116358
4.476498383486694,-0.24650498158823686,-0.7897280592279423,-7.663656063591667,7.708181327297968
4.478985327033076,-0.45719846430998623,-0.8423982212603411,-6.275024544640635,6.347802630421995
4.481472270579458,-0.6535266555360022,-0.7753583526451928,-4.536839505366,4.64878375082799
4.483959214125839,-0.821124346575446,-0.6029736624541551,-2.597541448824991,2.7901691720245503
4.486446157672221,-0.9647799420079332,-0.35397456972903396,-0.5624752482146107,1.171527523095285
4.488933101218602,-1.0653398298007,-0.0714567034817688,1.4390722066444255,1.791921825685686
4.4914200447649835,-1.108438801230438,0.24936834046953393,3.282602429229346,3.473657993194509
4.493906988311365,-1.1036536641646044,0.56540493309494,4.857982142959646,5.013753548999675
4.496393931857747,-1.0461960164987463,0.8431342519953136,6.107750507753469,6.253800263582799
4.4988808754041285,-0.9600078760394503,1.0442490714425436,6.945716263589295,7.089079323830086
4.501367818950509,-0.8450892439808116,1.1831146022227377,7.352725796909324,7.495099241292311
4.503854762496891,-0.6918633148653712,1.2501540385113614,7.314413897456518,7.45266466639737
4.506341706043273,-0.5242721064669144,1.21663696119357,6.864299388157852,6.990970807207383
4.508828649589654,-0.37104603986858314,1.1065053876689168,6.05505470520284,6.16649955968875
4.511315593136036,-0.22260830958000272,0.9484897386481861,4.939352284762251,5.034519662966968
4.513802536682417,-0.0837473200609568,0.7473784182318899,3.589018176272168,3.666965991561442
4.5162894802287985,0.021594910958767533,0.5127482338315414,2.11418565571139,2.1755822389173165
4.51877642377518,0.09820678568220408,0.2781180094512239,0.6058343857603017,0.6738171138407687
4.521263367321562,0.13651149636227342,0.06264135912559965,-0.8450559709146326,0.8583000189273222
4.5237503108679435,0.1269322352630368,-0.10973969979962206,-2.1570825583062225,2.1635987977002347
4.526237254414324,0.08383421126115116,-0.22465995662797056,-3.253630923741258,3.26245528076865
4.528724197960706,0.007217423283255642,-0.2916962172736197,-4.072451824525137,4.082891455506588
4.531211141507088,-0.08855291977199835,-0.29648327105782224,-4.584814841218793,4.595244398057344
4.533698085053469,-0.20347681895589892,-0.23902111727158415,-4.781143167679305,4.791436517392323
4.53618502859985,-0.32318906534778435,-0.1384633684959078,-4.6758020143794194,4.689002852851578
4.538671972146232,-0.4572664666175458,-0.013963637320512756,-4.259214575204005,4.283712922487961
4.5411589156926135,-0.5769786038615679,0.1584200935390112,-3.5984184971762208,3.647823586218353
4.543645859238995,-0.6679602681261717,0.33080379155373585,-2.7269326040899156,2.8269707277490728
4.546132802785377,-0.7541534770091837,0.47924544078767717,-1.6878525263920423,1.9097826604744363
4.548619746331758,-0.8068278115740041,0.6181102518587669,-0.5721579277447564,1.1663601910487937
4.551106689878139,-0.82598327279493,0.7186678054935718,0.5435367381390463,1.2223599990578897
4.553593633424521,-0.8211966682759139,0.7665528923710796,1.5969822274961327,1.9525162072895679
4.556080576970903,-0.7876795956490124,0.7857075297242995,2.52114089323206,2.755708052605392
4.558567520517284,-0.7206436525353366,0.7617665082152953,3.2777055081637876,3.441361487147961
4.561054464063665,-0.6440308564669404,0.6803646184977268,3.8379456517388064,3.950632681468363
4.563541407610047,-0.56262961168371,0.5941742977012572,4.163554096754252,4.243203729800309
4.566028351156429,-0.4764399190943176,0.48404193314253074,4.230588825958877,4.284760600532435
4.56851529470281,-0.37588497295592593,0.3499675254111496,4.062991855295618,4.095322893000625
4.571002238249192,-0.2801183874366797,0.2398351082915524,3.7086472173002,3.7269359227840053
4.573489181795573,-0.20350537337367408,0.13927947239604332,3.153189701336899,3.1628181264562087
4.575976125341954,-0.14125752831176436,0.06745423157072672,2.449291743245359,2.454288859566338
4.578463068888336,-0.09816325642573674,0.03393619301309725,1.6687793921398235,1.672008477771236
4.580950012434718,-0.07901096187957032,0.024360147310960922,0.8308062606038469,0.8349102895118097
4.5834369559810995,-0.09337745214681195,0.04830290164565598,0.01677520437806379,0.10646091469993052
4.58592389952748,-0.12689751808866845,0.0961876499092007,-0.7302181473646563,0.7473778072921284
4.588410843073862,-0.1652059505557144,0.16801439262638151,-1.3766549720996482,1.3966748921761685
4.590897786620244,-0.2178795569893633,0.25420632367337914,-1.912958463908355,1.9420356435936055
4.593384730166625,-0.28491833817976875,0.33560983027789826,-2.26730257371368,2.3096478905623163
4.595871673713007,-0.36632229490649576,0.43137852622234796,-2.4157452856465413,2.4811498829685434
4.598358617259388,-0.44293781465716414,0.5127819920781227,-2.4061706336471094,2.4997592678653286
4.6008455608057695,-0.5051880915496311,0.5654550183699958,-2.2385786184565974,2.3635119243732237
4.603332504352151,-0.5674383362926871,0.60855121885713,-1.912969240820086,2.086090162910244
4.605819447898533,-0.6249001463034167,0.6324937873692096,-1.4915917446502256,1.7364891351861038
4.608306391444914,-0.653631505707206,0.637282724368955,-0.9600809207378447,1.3248089637366642
4.610793334991295,-0.6584208185409053,0.6085528203506136,-0.35195559307972957,0.9631859887606683
4.613280278537677,-0.653633295471617,0.5654576890431358,0.25138138112170516,0.9000952626370976
4.615767222084059,-0.6344805338748603,0.5032089275664746,0.830776387825928,1.1601612729348563
4.61825416563044,-0.5961741311158615,0.4409601496347628,1.376652619631205,1.5636629698611924
4.620741109176821,-0.5530792978308452,0.38349975899386246,1.8459144458920687,1.9647821549450297
4.623228052723203,-0.5004076313645781,0.3116741427807903,2.1906778326415584,2.268615863303694
4.6257149962695845,-0.4429475356922862,0.24463691468783288,2.4061543757946318,2.45878600523907
4.628201939815966,-0.3950642214197012,0.20154168840010245,2.5019208812266136,2.540925596535025
4.630688883362348,-0.3471808825409181,0.1871768676346468,2.4540353315703776,2.4855299542703446
4.633175826908729,-0.29929751968063,0.17760043617957244,2.2816513393416518,2.30804110763602
4.63566277045511,-0.2657793434144887,0.18717760437846742,2.00871092037681,2.0348448777751464
4.638149714001492,-0.24662635434727864,0.2159083726070259,1.6495792838722636,1.6818301929151391
4.640636657547874,-0.2322617464332799,0.24942753127309603,1.242563655626908,1.2884580127028329
4.643123601094255,-0.2418391335388198,0.287735080738615,0.7972408415190042,0.8814026336382224
4.645610544640636,-0.26099330627826167,0.340407827999353,0.33276445406895583,0.5428878126990012
4.648097488187018,-0.28493586189687203,0.3930805634427812,-0.10776987759946621,0.49730787372533286
4.6505844317333995,-0.31845520427086244,0.4265996741293665,-0.49084333100089417,0.7241050853864595
4.653071375279781,-0.3567629306262545,0.45533037035519097,-0.8116675035700158,0.9966993885763203
4.655558318826163,-0.3902822348591472,0.4696958458081384,-1.041511976136535,1.2073448582952193
4.658045262372544,-0.4381667307779946,0.4744845041305723,-1.1612231361682523,1.3287455740634255
4.660532205918925,-0.48126280561940205,0.4601195389974704,-1.1851661943721021,1.3593905938038393
4.663019149465307,-0.5099936532511501,0.44096616067898164,-1.1229179581311088,1.309766934196216
4.665506093011689,-0.5339360808129667,0.4122359661576822,-0.9601132182230909,1.1733897996806386
4.6679930365580695,-0.5530900887946959,0.3787173590505062,-0.7350592019453632,0.9948102908261801
4.670479980104451,-0.562667274356673,0.3547755496088105,-0.45254431334886824,0.8045225340390408
4.672966923650833,-0.5483024280094754,0.32125692483562096,-0.11735695648011557,0.6462307788632491
4.675453867197215,-0.533937566817112,0.29252669497006645,0.21783043141592628,0.6466152560677306
4.677940810743596,-0.5099958845924011,0.273373263604634,0.5434410429820176,0.7938242316485542
4.680427754289977,-0.4812657851001611,0.25900822768522636,0.8451096675457386,1.0064354763699386
4.682914697836359,-0.4429588654557155,0.2637967974331019,1.118047901080656,1.2311914619313424
4.68540164138274,-0.414228739367149,0.2781621664621263,1.3431021296049828,1.4327885293783034
4.687888584929122,-0.3950754072525629,0.29731593170070436,1.4723883192208547,1.553193066954926
4.690375528475504,-0.356768449599521,0.31168128675122286,1.5202716792004978,1.592373991786994
4.692862472021885,-0.3232498834104324,0.34041184513230105,1.5106942254629772,1.5819506168899269
4.695349415568266,-0.3088849190385608,0.369142397114794,1.4484443606525517,1.5263246930005732
4.697836359114648,-0.3040967502271597,0.38350773296404217,1.3239452774591527,1.4115183712755324
4.70032330266103,-0.3040969740314207,0.4026614661821242,1.1611389918217352,1.2660390927186254
4.702810246207411,-0.3040971874982408,0.42181519366417364,0.9600255030846085,1.0918113956279905
4.705297189753792,-0.31846260094752143,0.4266037056593728,0.7158164072793056,0.892077507179069
4.707784133300174,-0.33761640808948357,0.43139221233353586,0.46681893032702426,0.7197249430059613
4.710271076846555,-0.36155860926688105,0.4266039072457173,0.2178214749146612,0.6001347486575929
4.712758020392937,-0.3902892048144783,0.41702719391078924,-0.012022346302316578,0.5712984164746456
4.715244963939319,-0.4094429850981939,0.4074504758385591,-0.20834732398093259,0.6140586744906417
4.7177319074857,-0.4285967570776447,0.38829694657293556,-0.36636505541055087,0.6846116072060967
4.720218851032081,-0.4525389243844205,0.3787202195747392,-0.4621335245914544,0.7495251012134734
4.722705794578463,-0.47169268068147074,0.3547782784171467,-0.4956527321169162,0.7707355205906044
4.725192738124845,-0.49084642958509533,0.32604792991072706,-0.48607629185304546,0.7638767122625963
4.727679681671226,-0.5100001713837726,0.3116827875019461,-0.41425059109479,0.7272206591254429
4.730166625217607,-0.5147886963976088,0.2973176413904488,-0.2897524370504012,0.6613332417150795
4.732653568763989,-0.5052120049003136,0.2925292983728234,-0.1508890568408674,0.6029760092874485
4.7351405123103705,-0.49563530711926823,0.2925293552802235,0.03106996890602609,0.5763619733567578
4.737627455856752,-0.4812701999934318,0.28774100561903326,0.2273942197279073,0.6050818315583721
4.740114399403133,-0.46690508709530076,0.2925294594928154,0.39498806521069163,0.6779302447048035
4.742601342949515,-0.44296316202943314,0.3068947170398806,0.5673703280746363,0.782502280790045
4.745088286495896,-0.42859803831534904,0.3164715684333541,0.7253873945259794,0.9000207798776768
4.747575230042278,-0.4046561029032431,0.3308368204437473,0.8546740541008084,1.001831973003098
4.75006217358866,-0.38071416265844915,0.34999047319683463,0.9600187096260733,1.090446022418982
4.7525491171350405,-0.37113742775996694,0.35477891353309854,1.031844553977475,1.1525251629986153
4.755036060681422,-0.3567722851380524,0.35956735153123454,1.0605747800404846,1.175327191801388
4.757523004227804,-0.3519839449586839,0.3595673839847833,1.027055774069785,1.1436891903766615
4.7600099477741855,-0.3471956007799032,0.3499906076834485,0.9648063588533962,1.0834618224706838
4.762496891320567,-0.35677246275503277,0.3404138293741039,0.8642497273064915,0.9950355554244169
4.764983834866948,-0.36634932110933144,0.34041385579992145,0.7301742823151951,0.8850129382400848
4.76747077841333,-0.36634936938227447,0.335625477098882,0.600887250017875,0.7796934067687674
4.769957721959711,-0.3855030276698357,0.32604869336634223,0.46681182335986904,0.6876289793319321
4.772444665506093,-0.4046566828589565,0.3308371179754155,0.3327364052575863,0.6196077347777654
4.774931609052475,-0.41902193179171066,0.32604873441297366,0.20823780195785524,0.5703070565046497
4.7774185525988555,-0.4381755812653582,0.3164719460844285,0.1076812230381865,0.5511329952658429
4.779905496145237,-0.4429640181497329,0.3404139796340564,0.031066668124980268,0.5595211674048091
4.782392439691619,-0.4381756459106383,0.34999080193732546,-0.04075947642605193,0.5622746597779977
4.7848793832380005,-0.447752481289736,0.3452024130696625,-0.083855194366377,0.5715581196277909
4.787366326784382,-0.4525409111405408,0.3499908297049781,-0.09822048603878564,0.5804602665223392
4.789853270330763,-0.45732933891289285,0.3547792452719776,-0.0838553517759113,0.5848505425557196
4.792340213877145,-0.4621177647311976,0.3547792565167449,-0.040759791900187636,0.5840226964514987
4.794827157423526,-0.46211778539450865,0.3691444767840433,0.040642999916691736,0.5928510316768609
4.797314100969908,-0.4477525943766353,0.3930865028142647,0.1555646200522176,0.6157919579515044
4.799801044516289,-0.43338740174811635,0.41224012470443405,0.2704862449720711,0.656452107262519
4.8022879880626705,-0.4333874175747574,0.4122401325489018,0.36625426111285364,0.7013620779450338
4.804774931609052,-0.4190222220349197,0.41702854300191383,0.46202228148377067,0.7503046160226187
4.807261875155434,-0.40944542850555876,0.421816952793304,0.5769439191037424,0.8236743205774445
4.809748818701816,-0.3998686337576382,0.42181695865043567,0.6535583338766582,0.8746216134123013
4.812235762248196,-0.3902918378781074,0.42181696393889156,0.6966539288802025,0.9030968754265055
4.814722705794578,-0.39029184759031543,0.421816968701604,0.7253843171626908,0.9254402676378715
4.81720964934096,-0.3855034530119271,0.41224016633860927,0.7397494985007818,0.930475248224885
4.819696592887341,-0.3855034608581507,0.39787496020867597,0.7397494726806411,0.9242005651512846
4.822183536433723,-0.3902918711996535,0.397874963629373,0.7062306262165876,0.8996632307779813
4.824670479980104,-0.3950802807829785,0.3882981600333837,0.663134975515046,0.8640670605341978
4.827157423526486,-0.39508028635096093,0.3787213560935747,0.6008857137494203,0.8127619203756188
4.829644367072867,-0.4046570979240819,0.37393295516055547,0.5194828407427945,0.7572553358555155
4.832131310619249,-0.4142339089177606,0.3691445539424354,0.4572335828896623,0.7189714753206589
4.834618254165631,-0.4142339127440236,0.35956774914550893,0.38540752010889,0.6703862000737153
4.837105197712011,-0.4190223194131638,0.3595677507555721,0.3040046522499633,0.6303074647657522
4.839592141258393,-0.4285991289713622,0.3547793488348616,0.23696699577223512,0.6047470188434312
4.842079084804775,-0.4381759381414016,0.3547793500455563,0.193871357182557,0.5961984930546632
4.8445660283511565,-0.44296434364309345,0.34999094776702755,0.16514092971463334,0.5882028561007098
4.847052971897538,-0.43817594219337797,0.3499909486584012,0.16035251989139176,0.5832707356754506
4.849539915443919,-0.42859913714707276,0.3499909494164313,0.16992932096226454,0.5788495997746967
4.852026858990301,-0.428599138496944,0.3404141434161887,0.1747177195436702,0.5745479023376908
4.854513802536682,-0.42859913963166013,0.33083733731268383,0.18908292550156247,0.5735005832336836
4.857000746083064,-0.4333875438983805,0.3260489344393669,0.21302493874815198,0.582676836148453
4.859487689629446,-0.43817594800129644,0.3260489348081892,0.23696695256197486,0.595364935063276
4.8619746331758265,-0.41902233536114647,0.32604893510966093,0.2800625801501191,0.6002688351213937
4.864461576722208,-0.40465712591994235,0.3212605320332256,0.33752341812469666,0.6171529606042881
4.86694852026859,-0.40944552965676906,0.32126053222825535,0.3997726597836877,0.6562561625112697
4.8694354638149715,-0.3998687233456734,0.32126053238223484,0.45723349843106575,0.6871432148134238
4.871922407361352,-0.3950803202823227,0.3212605325020679,0.49554072405631366,0.7105331789692516
