Time (s),Acceleration x (m/s^2),Acceleration y (m/s^2),Acceleration z (m/s^2),Absolute acceleration (m/s^2)
0.0,-0.6538577841930147,0.0987643940070323,2.2813874848645668,2.375292248033923
0.002486943546381497,-0.5918632306926788,0.07783408982689,-1.3633565256802758,1.488321620316035
0.004973887092762994,-0.6160583857899774,0.19098083348124983,-4.759101388316993,4.802608420196266
0.007460830639144491,-0.7216548835332749,0.4286278812862021,-7.70473415521687,7.750318447270972
0.009947774185525988,-0.8942875513521087,0.7524680696050021,-10.042237508475157,10.110019416247615
0.012434717731907486,-1.1148028133767467,1.1337710414091278,-11.637536146830161,11.745657480781109
0.014921661278288981,-1.3832007070389907,1.5438064396362106,-12.409227205585283,12.581156638356163
0.01740860482467048,-1.6563856399073664,1.9442671005479704,-12.366887483171713,12.627893488931308
0.019895548371051976,-1.91999243949105,2.3016342636897127,-11.563189407945458,11.945343885192896
0.022382491917433474,-2.1740211432781766,2.587177571888889,-10.074747424906256,10.626400679230983
0.02486943546381497,-2.384952965531965,2.781743474573974,-8.016483205658686,8.814198794714263
0.02735637901019647,-2.547999540454019,2.8853320344136457,-5.555990858373276,6.75917724470182
0.029843322556577963,-2.6583725022617064,2.8835781040731727,-2.8417108779819724,4.843272422351697
0.032330266102959464,-2.6921298719061473,2.790846956095781,-0.046025776061098256,3.8779515664356254
0.03481720964934096,-2.678002106876151,2.6119270563387325,2.620374709207507,4.567299185374409
0.03730415319572246,-2.620777648072461,2.3659720805734423,5.018626889403594,6.136197130286317
0.03979109674210395,-2.496514516486694,2.086500914484059,7.024232286024505,7.741182726508957
0.04227804028848545,-2.348308379606831,1.802244040384783,8.517480823844453,9.017212175134402
0.04476498383486695,-2.171370871728967,1.5084131172965618,9.445700074078411,9.80874158516118
0.04725192738124844,-1.9657020304799986,1.2528922407112955,9.761006011217901,10.035485129803131
0.04973887092762994,-1.7743975233793683,1.0644118927857158,9.458610239593337,9.682291408185277
0.05222581447401144,-1.5878805814320684,0.9190301190977878,8.595973606655154,8.789581522860457
0.05471275802039294,-1.4253048555731966,0.8359005950515357,7.2353453631298645,7.421620191029239
0.05719970156677443,-1.3058239967453367,0.8341769959928109,5.496435599543407,5.710677006366902
0.059686645113155926,-1.2102844293353057,0.8994941739656893,3.5133196163381513,3.8232568440318206
0.062173588659537427,-1.1578398042984037,1.0126985776329354,1.4057075039508735,2.0837862194143937
0.06466053220591893,-1.1628553692748556,1.1737902688761497,-0.6923254372654686,1.7914604980977187
0.06714747575230041,-1.1918123387062491,1.3444620829506106,-2.6275502937215665,3.183082702227613
0.06963441929868192,-1.2542875569207272,1.5342908882494957,-4.289833781756001,4.725458674066105
0.07212136284506342,-1.3454926582884896,1.728911536497782,-5.612138247635305,6.024581421569006
0.07460830639144492,-1.455850873861673,1.8900168627508536,-6.522637634351021,6.9452478154100925
0.0770952499378264,-1.5805738380142302,2.008030121916532,-6.98302470818232,7.435928503087152
0.0795821934842079,-1.7005079751599403,2.078162972152122,-6.998087865336759,7.495580196581202
0.0820691370305894,-1.810864919673533,2.1147806848239497,-6.563038695426964,7.129165871255932
0.0845560805769709,-1.9116447092493256,2.0987297079825367,-5.716184417994196,6.382304927068986
0.0870430241233524,-1.9932705749395438,2.034798506204961,-4.553293092469405,5.37084821342992
0.0895299676697339,-2.050954151114519,1.9277755439919075,-3.1509791650483576,4.225091854215245
0.0920169112161154,-2.0703302655010094,1.7920260924069056,-1.590645485293254,3.166666699228142
0.09450385476249688,-2.065764165743963,1.6514922290749674,0.0032094673043907562,2.644771913010125
0.09699079830887838,-2.037255889522969,1.5061740149389937,1.5396060364490562,2.9646852227755724
0.09947774185525989,-1.9991706844733903,1.3608599141802968,2.917987759157972,3.7898912509828526
0.10196468540164137,-1.9323549749825097,1.2442804074984715,4.056951785682973,4.662733884019168
0.10445162894802287,-1.8463856053528531,1.151647152266277,4.89424887951041,5.3562209683288975
0.10693857249440437,-1.7604162265202086,1.087748612411088,5.415513837282875,5.797417740356493
0.10942551604078588,-1.674446876131019,1.0573732517729069,5.596804648955361,5.936836936712855
0.11191245958716736,-1.5884775918228997,1.0700979374233144,5.428544514396744,5.756515109003718
0.11439940313354886,-1.5120852178645323,1.1163459230625585,4.939463859991202,5.284972388781422
0.11688634667993036,-1.4500581951940026,1.167386849018201,4.187023531997518,4.582207642851959
0.11937329022631185,-1.3976081580977564,1.2519511953687674,3.223895973306771,3.7301736696661054
0.12186023377269335,-1.3834655640926845,1.346097005575222,2.0979652234422215,2.850861658204733
0.12434717731907485,-1.3789000308395947,1.445035936284168,0.9145761617233585,2.196803065318948
0.12683412086545634,-7.230552050009001,-4.8437503852508845,0.5978906351953448,8.723547097033508
0.12932106441183785,-5.655390848609888,-3.126321518398886,-0.6908382249646596,6.498814456500255
0.13180800795821934,-4.123325643870457,-1.437618174971437,-1.821547229033615,4.731447420188453
0.13429495150460083,-2.691817313159915,0.18405247804082725,-2.746352337727081,3.8499619381286663
0.13678189505098234,-1.3704427006282274,1.7099600801858361,-3.422157915128988,4.063648787434062
0.13926883859736383,-0.16877865040867335,3.1065858675876594,-3.8298103419729106,4.934248599433535
0.14175578214374532,0.8748675734611979,4.316469059664178,-3.9597328056813037,5.922565517283939
0.14424272569012683,1.7509191268838786,5.353974925531843,-3.8215021070061477,6.80695553430195
0.14672966923650832,2.4354339558198728,6.2143151209185215,-3.4486370633493735,7.512798983730631
0.14921661278288983,2.9523540394524543,6.8639708815215466,-2.869868088841053,8.004163509324076
0.15170355632927132,3.2968909370633814,7.326884282772053,-2.1282908076207345,8.311578965865975
0.1541904998756528,3.4738330145961034,7.603055383388366,-1.2765776505172166,8.455981165658349
0.15667744342203432,3.511910654617403,7.702061048616918,-0.38176625836889144,8.473547445944122
0.1591643869684158,3.4063354164743593,7.633478143590312,0.489105727937023,8.37331081181747
0.1616513305147973,3.1714724728184804,7.4164603399666955,1.2929426840660803,8.169077206418377
0.1641382740611788,2.8312638029657924,7.079738115928475,1.9770721789942751,7.877027416041407
0.1666252176075603,2.404862982936596,6.637676739579483,2.507975394929863,7.492133144000233
0.1691121611539418,1.911423588776481,6.0998530755843445,2.8473451107117445,6.997794070915564
0.1715991047003233,1.3700991965570228,5.490209198448459,3.019123348293764,6.4136319385623315
0.1740860482467048,0.7952549790561689,4.8278987792355,2.9850028864165186,5.7316035571358395
0.1765729917930863,0.21562131904015946,4.1320754888864535,2.7449837303338533,4.96542808616522
0.1790599353394678,-0.35922501397783935,3.407527788257581,2.351738321773814,4.155834618041784
0.18154687888584928,-0.9244956537763797,2.6925629613219675,1.8435738924540193,3.391659212166281
0.1840338224322308,-1.4562486208231493,2.0063346786452603,1.2635860773631062,2.782568716723773
0.18652076597861228,-1.9353303388760876,1.3344777874232023,0.616563284877655,2.4303260624778895
0.18900770952499377,-2.376106054904464,0.7057227646055357,-0.03524523683151237,2.4789447011491497
0.19149465307137528,-2.7354801760023015,0.1296464737306633,-0.6487438529244329,2.814343367139059
0.19398159661775677,-3.046971562356392,-0.3841742217942452,-1.1952021385716822,3.2954716940896476
0.19646854016413826,-3.305791847558174,-0.8117972487336163,-1.6267360557123185,3.772737031306055
0.19895548371051977,-3.4736338419233213,-1.1771645671886737,-1.9241919862569947,4.141782621767481
0.20144242725690126,-3.5648627922567084,-1.4419688942314708,-2.068416312166148,4.366447876705095
0.20392937080328274,-3.593843945328296,-1.6349405935545414,-2.0689858353719304,4.457515836740797
0.20641631434966426,-3.5653657412318296,-1.7608680123861267,-1.9402657611766774,4.424603965304553
0.20890325789604575,-3.4794282167044797,-1.7910206748507491,-1.6774676816514011,4.257707551714546
0.21139020144242726,-3.3360314084464853,-1.7349753317750776,-1.3141104154795649,3.9832312441134214
0.21387714498880875,-3.163905773042357,-1.6070971374469096,-0.8693475714337069,3.6536045420705414
0.21636408853519024,-2.9534745404758413,-1.4169628429757237,-0.3719095649770221,3.296833675533879
0.21885103208157175,-2.7143145539729923,-1.1741491996141384,0.13031957509599756,2.960255568784109
0.22133797562795324,-2.470367866681222,-0.8786561521184783,0.6133978365422657,2.692770123174556
0.22382491917433472,-2.207269305145169,-0.5496372586717579,1.0438064004279681,2.502732647154033
0.22631186272071624,-1.944172519110753,-0.1966692709629918,1.397603254409729,2.402453005355824
0.22879880626709773,-1.6954427549620075,0.16109425253043397,1.6652115960548954,2.3818915074342057
0.2312857498134792,-1.4610800490798044,0.5284417697838022,1.8226894129196545,2.3950370163821426
0.23377269335986073,-1.2506612444427498,0.891008125341143,1.870036709111499,2.41972856353757
0.23625963690624222,-1.0641863773453089,1.2296397602750062,1.8168302953282414,2.4383147679901813
0.2387465804526237,-0.8968670807174478,1.5299715188260032,1.6582817722564567,2.427978963066072
0.24123352399900522,-0.7726454073661779,1.8063686650032538,1.4039679504933318,2.414761827891548
0.2437204675453867,-0.6771561834905503,2.03488923609887,1.0874076571872706,2.4045311628132495
0.24620741109176822,-0.6056110418841189,2.2155332858509644,0.7229661061550328,2.407910393975347
0.2486943546381497,-0.567586825254627,2.367454481122196,0.3393737211239518,2.4580825956378503
0.2511812981845312,-0.5678719729421122,2.4619224554143395,-0.04421588086969663,2.5269538575620296
0.2536682417309127,-0.5921013109573343,2.49893726199218,-0.4230142928009908,2.6027317367958402
0.2561551852772942,-0.6402748752233282,2.5168061805230675,-0.7347722678517083,2.6989174777612788
0.2586421288236757,-0.7028158949732091,2.4963756506695916,-0.9699129957775074,2.768857668942396
0.26112907237005717,-0.7749360027104827,2.4280689185728903,-1.1428016829860788,2.7932132335846545
0.2636160159164387,-0.8614236375287182,2.331039650132845,-1.2199195027324485,2.768393058604874
0.2661029594628202,-0.9574904318296938,2.210076301124201,-1.2060548548846395,2.69365801408179
0.26858990300920166,-1.0487712113227552,2.0795441337970924,-1.110784542681472,2.580361827025308
0.2710768465555832,-1.1352660116257562,1.9394432002744462,-0.9532621760529114,2.441101722693376
0.2735637901019647,-1.2313400782644588,1.784985149191541,-0.7382761550184611,2.29072522408156
0.27605073364834615,-1.3274166401093956,1.6161700323356245,-0.48976849292939306,2.148002254776605
0.27853767719472766,-1.3995537160158849,1.4617283212464547,-0.2221043965468752,2.035861157376235
0.2810246207411092,-1.462116551346861,1.2977180507699557,0.06471613727834935,1.9560278953636734
0.28351156428749064,-1.5151051814488254,1.1432928854634492,0.3515394983638256,1.9303477281863772
0.28599850783387215,-1.5585196416121665,1.0080296830712479,0.6144236731562369,1.9551531309282244
0.28848545138025367,-1.592359967070563,0.8775632845626824,0.8294266480517969,1.9984184115544592
0.2909723949266352,-1.6070493863597526,0.7614705473342522,0.9917600226774699,2.036181000608246
0.29345933847301664,-1.6169531445591143,0.6597515219664445,1.0918469932894137,2.059596902112591
0.29594628201939815,-1.6172828734082607,0.5771946621836985,1.1153223527729992,2.047608732465295
0.29843322556577967,-1.6080386079080005,0.513800018212802,1.0909165238459355,2.0099446473070532
0.30092016911216113,-1.5940087863197436,0.4504140268209893,1.0138411059333023,1.9420634887927075
0.30340711265854264,-1.5799818468445945,0.4157671577993567,0.8697308917691,1.8508475869072754
0.30589405620492416,-1.5515926143415135,0.40028265419628073,0.6968931105603335,1.7473768487867778
0.3083809997513056,-1.5136295268892264,0.3895953555586622,0.4857509582604642,1.6367079394915707
0.31086794329768713,-1.490034635785637,0.3932821178528574,0.25545805069440597,1.5620924606847864
0.31335488684406865,-1.4568659590628732,0.4161313935418698,0.02995640695703372,1.5154277104781537
0.3158418303904501,-1.4045467246507641,0.4437780216234857,-0.1859655671883953,1.4846796376265643
0.3183287739368316,-1.3809610002590702,0.49537566415279155,-0.38273106270868595,1.516223400173428
0.32081571748321314,-1.3573784004081606,0.5517707564365686,-0.5220328506990768,1.5554566489498203
0.3233026610295946,-1.3194337495143764,0.6129633468761344,-0.6278129454691648,1.5845436499099124
0.3257896045759761,-1.2910690984910111,0.688530290325825,-0.6857061348163356,1.615897979793067
0.3282765481223576,-1.2627076749430626,0.7449528115686548,-0.6765588032679073,1.6146569846575654
0.3307634916687391,-8.656374659533844,-4.135459251520504,0.1561967759266949,9.594750799266029
0.3332504352151206,-5.774131414500051,-2.474903092507052,0.0839470062256602,6.282737143082748
0.3357373787615021,-3.0786392287683775,-0.8622216326865995,0.03564213381043757,3.197298235461756
0.3382243223078836,-0.6177821695174563,0.6451243353594796,0.016070563992025555,0.8933635766437578
0.3407112658542651,1.5366136795414491,2.037558052060061,0.03959750867193712,2.5523307736971956
0.3431982094006466,3.3462410580087543,3.2863491443690434,0.06312733985785712,4.690565528594203
0.34568515294702806,4.811099932117443,4.362767239045775,0.09144846271055584,6.495289320749591
0.3481720964934096,5.902459848249127,5.257235575935356,0.15329129894235827,7.905760961691474
0.3506590400397911,6.639474386059841,5.9697542013274,0.20556022041094657,8.931004442481608
0.3531459835861726,7.041297125277217,6.4907463546737505,0.24825522880687423,9.579732987185903
0.35563292713255407,7.107928032419899,6.8154236785486475,0.2717995191301643,9.851219001259773
0.3581198706789356,6.901616317243411,6.96772823524958,0.29055830293255624,9.811522240617803
0.3606068142253171,6.455880769654666,6.95244847359324,0.290166371794097,9.492056300575026
0.36309375777169856,5.799451776314258,6.764796035555417,0.24668171060444166,8.91386325757848
0.36558070131808007,4.980213337238311,6.447866596113917,0.17925793408632273,8.149211123330952
0.3680676448644616,4.050837855838251,6.020813813443106,0.10704865691278975,7.257475161885599
0.37055458841084304,3.0687861389213675,5.4932145388741285,0.030053880426008206,6.29235707602983
0.37304153195722456,2.0436349601677017,4.893799236815887,-0.04214958744083752,5.303535745934107
0.3755284755036061,1.0136915132558193,4.236933161512233,-0.10956174544471509,4.357886744195381
0.37801541904998753,0.04120500854269282,3.546558373642552,-0.181759399032714,3.551451904435683
0.38050236259636905,-5.590401857208397,-1.142123032139283,0.48345996758763654,5.726322684400693
0.38298930614275056,-4.719360977000643,-0.44862890767556896,0.3155000664485641,4.751123679717009
0.385476249689132,-3.843535689070572,0.18741461861751452,0.1619082862907142,3.851506864280569
0.38796319323551354,-3.0108100591146867,0.7564307833502171,0.03704983807108064,3.1045993996918666
0.39045013678189505,-2.2163957162265078,1.2536312262444318,-0.05428687394318743,2.5469488190783998
0.3929370803282765,-1.4890231126615032,1.650285570211228,-0.11689025217475546,2.2258247065618235
0.395424023874658,-0.8430574906334912,1.9559706645141754,-0.15554869909539626,2.135594196176683
0.39791096742103954,-0.28328728563450495,2.1850517615264327,-0.1894158271868882,2.211465858280617
0.400397910967421,0.19507587356572276,2.3279520968081964,-0.1945496190971916,2.3441981818464006
0.4028848545138025,0.5824551483187904,2.379883309027921,-0.16137326748415326,2.455430694573004
0.40537179806018403,0.8788505066995904,2.3695758598834837,-0.13298240157792307,2.530800720720245
0.4078587416065655,1.079473513545903,2.3066065975780994,-0.09022340749342561,2.5483008703247108
0.410345685152947,1.2034777503807996,2.1909755634602757,-0.037884687995877186,2.5000335727598233
0.4128326286993285,1.2460747822099694,2.022682798663796,0.009668547460176313,2.3757191643121494
0.41531957224571003,1.226418190725165,1.835247167349126,0.03807108937159498,2.2076419890123757
0.4178065157920915,-7.44588761221778,-3.8636298981793966,0.799102259436598,8.426591407260744
0.420293459338473,-4.606876276201969,-2.4517172050926552,0.6838585423909631,5.263258380887352
0.4227804028848545,-2.0072895806062805,-1.0637356603876063,0.5494641328829175,2.337232519223445
0.425267346431236,0.32414202340142906,0.27637275938460304,0.39113062785611774,0.5783019293688663
0.4277542899776175,2.310804051537917,1.5255124641734412,0.23280004412778155,2.7787046448837405
0.430241233523999,3.9574848760524888,2.6549530736700238,0.06489557522475309,4.76599137675026
0.43272817707038047,5.235454046040228,3.6599062239472393,-0.07906395549142964,6.388360020016458
0.435215120616762,6.13513472396627,4.521218340896953,-0.23259737119168733,7.624657035196072
0.4377020641631435,6.70441091222842,5.224524253510447,-0.366974251930861,8.507611266219598
0.44018900770952496,6.991166613313892,5.76982400051839,-0.47261779109290636,9.07692939206483
0.4426759512559065,6.942729360073379,6.137964007148339,-0.5782584086721556,9.284959661057956
0.445162894802288,6.6117715584948105,6.328944311686498,-0.602493248343487,9.172461902698165
0.44764983834866945,6.084484437899173,6.352341758836587,-0.5979947467982054,8.816506928103362
0.45013678189505096,5.35607956461289,6.251252016320875,-0.6126469374549011,8.254760828999983
0.4526237254414325,4.517536571460406,6.020886718434337,-0.5842005774124921,7.549867804495012
0.45511066898781394,3.6023742515145805,5.661245902567515,-0.5270208769423164,6.730865948898831
0.45759761253419545,2.6297461879801585,5.196271622487329,-0.45547304636307473,5.841597340096844
0.46008455608057697,1.66668999735806,4.66427114169586,-0.36476868275948604,4.966521622068337
0.4625714996269584,0.7227824563990903,4.074821303547081,-0.2644845932244042,4.146870535135202
0.46505844317333994,-0.16366923813012163,3.4374989511681573,-0.16898598821806843,3.4455395692121016
0.46754538671972146,-0.9639346960089787,2.781034540740344,-0.04475404504464109,2.943692602754003
0.4700323302661029,-1.6828023501642249,2.115004914935873,0.0746924124604238,2.703821091788489
0.47251927381248443,-2.2963302135054176,1.4633521261596596,0.18935338365703558,2.7295396312375098
0.47500621735886595,-2.7949415088071867,0.8404414199474022,0.2992288678583428,2.9338673680615464
0.4774931609052474,-3.1690594587480003,0.2510612349649821,0.38037684772927527,3.2016645894082614
0.4799801044516289,-3.4282608991909425,-0.27126957042946254,0.4567393390913228,3.469174368151023
0.48246704799801043,-3.577334262581696,-0.7313393646703161,0.5235279377976099,3.688666316463435
0.48495399154439195,-3.6162795779481463,-1.1339365164224364,0.5711658363345613,3.832691015690781
0.4874409350907734,-3.5738272941421547,-1.4694841846206927,0.5709226138610664,3.906094971736316
0.4899278786371549,-3.445189036675058,-1.714040318470379,0.5515286893335514,3.887344287161357
0.49241482218353644,-3.249518447561014,-1.8819700939710433,0.5081956584201546,3.7893857553537376
0.4949017657299179,-3.010757572035362,-1.9780618807137968,0.4457119233836373,3.6298827915164993
0.4973887092762994,-2.719329631991655,-2.0071040485223572,0.38323109640179,3.401482968099653
0.4998756528226809,-2.4087534791063008,-1.9786733707737365,0.30159956304409086,3.1318052186788683
0.5023625963690624,-2.093394351674135,-1.87840460447679,0.21039412875619945,2.820455541070601
0.5048495399154439,-1.7732522779281967,-1.720662926795991,0.14313361553969095,2.474993289026285
0.5073364834618254,-1.467480899281663,-1.5198135151299823,0.08545281214753153,2.114387734932312
0.5098234270082069,-1.1904454537258153,-1.251914320549422,0.013409700646628053,1.7276080760301555
0.5123103705545884,-0.9229923559077905,-0.9840029574457932,-0.049053703738300314,1.3500307311971553
0.5147973141009698,-0.6938520535755013,-0.6969257806801967,-0.08278378914805984,0.9869089987295446
0.5172842576473514,-0.5030245744522506,-0.40025956527120177,-0.10693417033105845,0.6516719718373278
0.5197712011937329,-0.34093313951759857,-0.10358108647331332,-0.1119280421588531,0.3734867249552952
0.5222581447401143,-0.21236617960854232,0.18832128354300237,-0.11691901946974959,0.3069761508498327
0.5247450882864959,-0.12690052877851488,0.46587076905036384,-0.11233029722499488,0.49573925942424596
0.5272320318328774,-0.07017100437513318,0.7290674007250875,-0.09816187707114388,0.7389851140349044
0.5297189753792588,-0.04696603692263929,0.9683344023656204,-0.06483695405872325,0.9716383864589825
0.5322059189256404,-0.05728565351996906,1.1836718041734833,-0.031509143204614176,1.1854760276783365
0.5346928624720219,-0.09634147784038494,1.3511376195107803,-0.01733205957007833,1.3546789093725007
0.5371798060184033,-0.16413353677173834,1.4850970880639638,-0.003152091698135351,1.4941429364526466
0.5396667495647849,-0.2415082438145459,1.5807618359998004,0.020607565183420107,1.5992369698473814
0.5421536931111663,-0.3284656256441324,1.6381318925666504,0.04915850584181136,1.6714611342685737
0.5446406366575478,-0.4250057088290261,1.6667840934145053,0.06813551835971587,1.721464932973955
0.5471275802039294,-0.5215517131899821,1.657141660672841,0.10148061733850078,1.7402393481255245
0.5496145237503108,-0.6276804717215078,1.6187814295128646,0.13004018745300883,1.7410762595214093
0.5521014672966923,-0.7242383973883932,1.5564918315456904,0.1394490166548099,1.7223919722775531
0.5545884108430739,-0.8208023229691177,1.4606960881814715,0.14407231277386146,1.6816974599279628
0.5570753543894553,-0.9030070645320726,1.3409710338713414,0.12954486367488727,1.6218529353740276
0.5595622979358368,-0.9804294546383501,1.2116819061462492,0.09107826381999118,1.5613168183764383
0.5620492414822184,-1.0482811157789096,1.0967707489370357,0.08134494747190146,1.519347351299823
0.5645361850285998,-1.101773670335183,0.9627187660898446,0.07640289572533021,1.4651177583049866
0.5670231285749813,-1.1313303372584367,0.8238911944127816,0.05709849295240588,1.4007017063349512
0.5695100721213628,-1.1513163519913205,0.6754996571913323,0.056950560005907036,1.3360660520772152
0.5719970156677443,-1.1665201432253598,0.5366977940709732,0.06638228781312883,1.2857761760300537
0.5744839592141259,-1.1769417362209464,0.42185084113509896,0.06145165729788715,1.2517692634067283
0.5769709027605073,-1.1251203162835965,0.2974400010220508,0.056523875904076704,1.1651442952996498
0.5794578463068888,-1.1116123781776792,0.1874073159717553,0.05638734439266102,1.128708604558869
0.5819447898532704,-1.0981107202667533,0.0965412147005984,0.06104206016210334,1.1040350960044107
0.5844317333996518,-1.0798269640445033,0.020053319041875017,0.06091121392817733,1.0817294411563219
0.5869186769460333,-1.0471843275719315,-0.05163315273408697,0.07514841628658075,1.0511461757738174
0.5894056204924149,-1.0097596420786266,-0.09457615935755026,0.1133304711505616,1.0204915386130298
0.5918925640387963,-0.9867065453218422,-0.1327176930048406,0.14672695582916084,1.0063461592237455
0.5943795075851778,-0.9492946417424446,-0.16126932617349476,0.1705494641914278,0.977883036022894
0.5968664511315593,-0.9071007622302554,-0.17065422828394605,0.20395160666650902,0.9452782216531543
0.5993533946779408,-0.8792785442018891,-0.1560839723202847,0.21341455711880108,0.9181714098681613
0.6018403382243223,-0.8466743983973337,-0.13671214811162358,0.19414990929338316,0.879341762696058
0.6043272817707038,-0.8428071719656159,-0.09817352248846856,0.17009967681612181,0.8653876990617686
0.6068142253170853,-0.8102160488551498,-0.05004487912658595,0.14605225999069305,0.824794397651702
0.6093011688634667,-0.7872082793056359,-0.006691405265832007,0.12200765575963324,0.7966351222333427
0.6117881124098483,-0.7642070802384275,0.05582893817253831,0.10275426434509072,0.77310269089243
0.6142750559562298,-0.7364240717796927,0.12315096346079413,0.07392687264740339,0.7503011100866966
0.6167619995026112,-0.7230128905413993,0.18569788594745518,0.04510228412803308,0.7478405985020801
0.6192489430489928,-0.7143967530976147,0.2386813240572141,0.030645705528446143,0.7538372865263799
0.6217358865953743,-0.6962104725858093,0.29167810593149124,0.006615116987429559,0.7548701208755686
0.6242228301417557,-0.6876076852690989,0.3351114461861826,0.006529338447455402,0.7649487842115211
0.6267097736881373,-0.6981652206531794,0.3833465757944099,0.0016579466470201254,0.7964873013991413
0.6291967172345188,-0.689575874923576,0.4363835155239739,-0.022364271754247156,0.8163612071557391
0.6316836607809002,-0.6714164773516464,0.4654918659763667,-0.02723009361292661,0.8174498402639898
0.6341706043272818,-0.672417470372462,0.47546005075079734,-0.02251632902826195,0.8238413071671998
0.6366575478736632,-0.6877904730611288,0.49980691312384495,-0.013011384818589988,0.8503128726386162
0.6391444914200447,-0.6888050877731751,0.5289556662447419,-0.00829207116181685,0.868513272344633
0.6416314349664263,-0.7041917565896293,0.5293875064166049,0.0012184150062726218,0.8809873134920311
0.6441183785128077,-0.7052200816292886,0.5346212761823597,0.010731666749940416,0.8850256725944774
0.6466053220591892,-0.6966784881344279,0.5446569945981659,0.034612890375852245,0.8849916439007486
0.6490922656055708,-0.692932207869012,0.5355526638740424,0.04892006558942441,0.8771344670585465
0.6515792091519522,-0.698769665837224,0.5216735125379288,0.0488647853387274,0.8733899855300187
0.6540661526983337,-0.695037270322308,0.5078079622325751,0.05360065913493628,0.8624492821630644
0.6565530962447153,-0.6961002527301041,0.4795908210749298,0.07749289313058583,0.8488628075230935
0.6590400397910967,-0.6971702310653978,0.45617572017959995,0.10617627351814463,0.8398904808505432
0.6615269833374782,-0.6886704198926481,0.4088322572135632,0.1109203764910962,0.8085258757110869
0.6640139268838597,-0.6897544535779693,0.380656079404023,0.12045561804874794,0.7969754155163074
0.6665008704302412,-0.7004223530858018,0.3429167839290641,0.09647476766825136,0.7858058120166502
0.6689878139766227,-0.7063089292990251,0.31955640424582965,0.09643866119536781,0.7812099682385103
0.6714747575230042,-0.7026257996203236,0.29620974700463343,0.10119368131334738,0.7691965871286711
0.6739617010693857,-0.713315001253242,0.2728768285724543,0.1107398239493147,0.7717145606978001
0.6764486446157671,-0.7144345380769959,0.24476926175175073,0.11071187503221935,0.7632730965840059
0.6789355881621487,-0.7107728337712826,0.22146386906178028,0.10110983041485433,0.7513104979524733
0.6814225317085302,-0.7166951185348485,0.20296066613710995,0.10108729919429926,0.7517071018614215
0.6839094752549116,-0.7178362025228066,0.1748944584073877,0.10106747050893894,0.7457154409217047
0.6863964188012932,-0.7141961057292715,0.1564188743005528,0.09147353346047638,0.7368245035285226
0.6888833623476747,-0.7105632513465594,0.14753392871949078,0.08667069371563052,0.7308749574563013
0.6913703058940561,-0.7117260624447037,0.14345123300306994,0.08187054362346657,0.730640150913119
0.6938572494404377,-0.7081077520103486,0.1298055916059333,0.08186148213740374,0.7245463286271265
0.6963441929868192,-0.6997083395481464,0.125750631981421,0.08664350485443073,0.716178803658982
0.6988311365332006,-0.6961046510805944,0.13128636805824856,0.09142820401524254,0.714252694908052
0.7013180800795822,-0.6925083025463135,0.12247079692031626,0.08185036518406186,0.7080016436948703
0.7038050236259636,-0.6841309097608295,0.13282275525214926,0.07706359713159472,0.7011531815557948
0.7062919671723452,-0.6853377016976697,0.14318864297184675,0.06749108867109932,0.7033816886260071
0.7087789107187267,-0.6817634872850876,0.1487800697155901,0.05313283522104584,0.6998285932414641
0.7112658542651081,-0.6734082852887291,0.14959704819716757,0.043565638805233675,0.6911989296934133
0.7137527978114897,-0.6746373243114884,0.15042799420811725,0.03878949477171112,0.6922923701011635
0.7162397413578712,-0.6758738162308663,0.15127291997726866,0.03401599511320974,0.6934306019411501
0.7187266849042526,-0.6675409728003975,0.1617086441318305,0.01966832846729183,0.6871298851737955
0.7212136284506342,-0.6640040222510757,0.1721583717756907,0.019688506678985362,0.6862415637611237
0.7237005719970157,-0.6556861760880995,0.17783371109114565,0.03407652495718416,0.68022819690648
0.7261875155433971,-0.6425874523329297,0.1739462700187735,0.04367876519509828,0.66714599097809
0.7286744590897787,-0.6342846755231646,0.16049605957791968,0.07243723913445699,0.6582728828965901
0.7311614026361601,-0.6259894601108568,0.15184830050751463,0.08683311863909715,0.6499697693196923
0.7336483461825416,-0.6224902270639533,0.15279140666470958,0.07250118882009815,0.6450548186945357
0.7361352897289232,-0.623786993905245,0.14896017838444564,0.07253707459841685,0.6454153513056258
0.7386222332753046,-0.6298797780325629,0.1499314323624752,0.07736396433785231,0.6520837002737322
0.7411091768216861,-0.6120381767967971,0.15091677509307422,0.06303983640768607,0.6335145016773877
0.7435961203680677,-0.5989926272674114,0.14712781283019316,0.05350670234689581,0.6191136632517099
0.7460830639144491,-0.6003199531073402,0.14814136154861535,0.05834136370022058,0.621074571866115
0.7485700074608306,-0.6016549612525766,0.1491690270223085,0.0775438153386272,0.6247024366207424
0.7510569510072121,-0.59820926515426,0.1549992214262197,0.08717203549849906,0.6240817633388157
0.7535438945535936,-0.5947712847785822,0.14168993677401476,0.08722601898492677,0.617606102437588
0.7560308380999751,-0.5817642300051333,0.12839479472300797,0.08249416389058517,0.6014483599623793
0.7585177816463566,1.6530542167560003,-0.9862189602615263,0.2118401612443197,1.9365155137592207
0.7610047251927381,1.6947761779080714,-0.961178566374856,-4.073719148543398,4.515674725981961
0.7634916687391196,1.568896241800568,-0.8690863597069012,-7.770302301070949,7.974606220258968
0.7659786122855011,1.2897796023777288,-0.7243075427966612,-10.528355859312619,10.631765137529333
0.7684655558318826,0.8909450669911232,-0.5220537051397587,-12.161132099165334,12.204894801545626
0.770952499378264,0.3963346364778467,-0.2814784530709784,-12.587228169604765,12.596611618102187
0.7734394429246456,-0.14137926827690525,-0.03131219980304678,-11.797067269442996,11.797955954788026
0.7759263864710271,-0.6838894362225832,0.19971464121427518,-9.895994277211202,9.92160740170105
0.7784133300174085,-1.1881002528619689,0.42596728617729207,-7.147371381042305,7.257957563825136
0.7809002735637901,-1.620492910212049,0.613926917842734,-3.8624448023036546,4.233365491348687
0.7833872171101716,-1.961913810124271,0.7396515253718015,-0.34288395575312336,2.12456103335585
0.785874160656553,-2.174055741042297,0.8222947275726629,3.066546113937603,3.8479074901897765
0.7883611042029346,-2.247341911205077,0.8427029164554476,6.02108036206597,6.481828646124323
0.790848047749316,-2.1913491420061737,0.8008760970763111,8.286087020265887,8.608289707744401
0.7933349912956975,-2.025231061353089,0.7159678875377566,9.684395159984444,9.919762118245819
0.7958219348420791,-1.7537760870656574,0.5975550990670833,10.091506289161742,10.260180400176958
0.7983088783884605,-1.4105030567588173,0.46000294597765246,9.536150821957568,9.650870120489452
0.800795821934842,-1.01456559795976,0.2889462224270365,8.12846202894687,8.19662907712978
0.8032827654812236,-0.6042709513500811,0.11790375554235544,6.02166881055742,6.053060378210062
0.805769709027605,-0.21313795416418438,-0.033970837743438675,3.440826116991797,3.4475884575591578
0.8082566525739865,0.13010295981074707,-0.19061957061308865,0.654084528305674,0.6936059191075947
0.8107435961203681,0.4062981635550909,-0.3328888265990555,-2.0464633588732895,2.112795647428705
0.8132305396667495,0.6058708368168102,-0.43204818282534374,-4.421397384470296,4.483581150663893
0.815717483213131,0.7048789495099116,-0.48809763656964456,-6.2600278083617145,6.3184683110504745
0.8182044267595125,0.703322488276965,-0.5058255886613974,-7.4234909402577465,7.473870469090937
0.820691370305894,0.6107782465281808,-0.5091740534423594,-7.830383929741357,7.870655676008363
0.8231783138522755,0.4511882277617359,-0.47420101228185074,-7.4663415729087514,7.494977911926454
0.825665257398657,0.2245524190012837,-0.39611806006074746,-6.412766732291102,6.428912075084331
0.8281522009450385,-0.059552385961850654,-0.28450200185078156,-4.798946303651277,4.807740997709747
0.8306391444914201,-0.3532421666468043,-0.16329485291414247,-2.792474409342973,2.8194606867486143
0.8331260880378015,-0.632574919047173,-0.05165022542186115,-0.6184060115923007,0.8861403777997949
0.835613031584183,-0.8879738489905142,0.05522028482789709,1.5221459439486225,1.7630868132416921
0.8380999751305646,-1.105073758856982,0.14773987184769055,3.4232801082790623,3.6002585715455186
0.840586918676946,-1.259932644259047,0.23548534270340138,4.917402358932758,5.081705380513041
0.8430738622233275,-1.357338920604067,0.2897262776709377,5.894379413259884,6.055577505805834
0.845560805769709,-1.3685621799301593,0.3200394833616138,6.272808408504659,6.428336724305309
0.8480477493160905,-1.3175444506718914,0.31684815287884405,6.057477741649592,6.207201682083423
0.850534692862472,-1.2090741478555773,0.294517495701379,5.296271439532678,5.4405047570511735
0.8530216364088535,-1.0383628797399407,0.25304751112123647,4.06580394888662,4.203925815673786
0.855508579955235,-0.8437178843396033,0.20680340816602172,2.500150556261154,2.6467679010363825
0.8579955235016165,-0.6347159796203411,0.14620837903685313,0.7908473880225007,1.0245393384482633
0.860482467047998,-0.4209339834210645,0.07605082567132504,-0.9136650593724323,1.0088374433981153
0.8629694105943795,-0.20716031013353992,-0.003669253537287087,-2.445792676211828,2.454553049442517
0.8654563541407609,-0.02691379394452552,-0.07858665045835389,-3.6666717727325864,3.667612588986012
0.8679432976871425,0.10544034436722685,-0.12954775386402284,-4.485322692400732,4.488431790917229
0.870430241233524,0.19469049743096156,-0.17570617931157528,-4.825130988669361,4.832252695074581
0.8729171847799054,0.22168304140109346,-0.20269671933828803,-4.686096668142643,4.695714143136581
0.875404128326287,0.19599477248056008,-0.22009618330468816,-4.116103770653606,4.126641071323483
0.8778910718726685,0.13199089031924688,-0.21832776751127891,-3.172613142701776,3.182854499099474
0.8803780154190499,0.029671384732654044,-0.20696828176055115,-1.9513928573744765,1.962562188706129
0.8828649589654315,-0.10617535101687517,-0.17644092279400292,-0.6056718276283508,0.6397210073013255
0.885351902511813,-0.2563957135795994,-0.14589930749477142,0.7448398567969328,0.8011315635666348
0.8878388460581944,-0.42098971276061964,-0.10576663304339373,1.975643702816269,2.022767154022722
0.890325789604576,-0.5712269383168146,-0.056042903479804895,2.9574528139992697,3.012634755346464
0.8928127331509574,-0.7023189964803396,-0.006304929702838358,3.642383150336043,3.709480656211544
0.8952996766973389,-0.819054299997754,0.033870477170905744,3.9633970585107647,4.047284694579859
0.8977866202437205,-0.9022792448879005,0.0740601190888226,3.882187305104953,3.9863480792465915
0.9002735637901019,-0.9232634204029124,0.10468718450031345,3.45621472308199,3.578937686255714
0.9027605073364834,-0.905948852192348,0.120963264958871,2.7525169520216632,2.9002973994790207
0.905247450882865,-0.8647007591392024,0.11809995180228361,1.809401211557777,2.0088772351386646
0.9077343944292464,-0.7899423433990471,0.1152508527547309,0.7417891744251861,1.089744393997909
0.9102213379756279,-0.6912504202829262,0.09805075208356273,-0.3401858899853085,0.7766386117561828
0.9127082815220094,-0.5686249983355419,0.05692283716232982,-1.3407559222677055,1.4574639073468096
0.9151952250683909,-0.43643129593693897,0.02538592503382997,-2.159364459718936,2.203173073355852
0.9176821686147724,-0.323399741302573,-0.006136797354980406,-2.709820249620326,2.7290567671282897
0.9201691121611539,-0.2055883259990023,-0.047222143269632255,-2.977758089081199,2.9852202142707265
0.9226560557075354,-0.10693907467056074,-0.10744692618758922,-2.9488127752338977,2.952706824427579
0.9251429992539169,-0.03224039855510322,-0.14850392659455958,-2.6181959118742713,2.6226022749300246
0.9276299428002984,-0.0006459187262425614,-0.16560474842926354,-2.0481567493053676,2.0548409718609495
0.9301168863466799,0.006997970429962946,-0.19705662572348936,-1.3009445378528905,1.3158027876171023
0.9326038298930613,0.009844874652413238,-0.2237059528749712,-0.4723273511070438,0.522718281211225
0.9350907734394429,-0.03041244003888241,-0.24076433445149137,0.3658687539208625,0.439035677762745
0.9375777169858244,-0.10419717429603562,-0.24344337522939252,1.1466061235178522,1.176786867093185
0.9400646605322058,-0.1827789153652781,-0.23653148683361191,1.802847103948931,1.8274607947594592
0.9425516040785874,-0.25658086364954646,-0.22960548441678963,2.2675540414571014,2.293546107884873
0.9450385476249689,-0.33996823602892645,-0.21787697337743417,2.492842895544884,2.5253345281180732
0.9475254911713503,-0.42336423265761514,-0.20134596264058935,2.4691368522557102,2.5132477524773944
0.9500124347177319,-0.49240365024534305,-0.18001246133691673,2.2538967440959237,2.3140692241282927
0.9524993782641133,-0.547086495338683,-0.1682416887630489,1.8614877736677027,1.9474972736140468
0.9549863218104948,-0.5874127743602507,-0.15166844449817907,1.296698336911577,1.4316017817421693
0.9574732653568764,-0.6038056869682308,-0.13986954492687875,0.6505080895125008,0.8985018484869316
0.9599602089032578,-0.5962652393377204,-0.12805659667600988,-0.014833732787202791,0.6100416110587157
0.9624471524496394,-0.5791566474811791,-0.11144120657504253,-0.6466547009066215,0.8752164686802758
0.9649340959960209,-0.5333263040454492,-0.109176998257011,-1.1874939824649307,1.3063301733963015
0.9674210395424023,-0.4827162314368603,-0.11168717563444952,-1.5607371318206802,1.637494848827821
0.9699079830887839,-0.4273264353369933,-0.12376015278159391,-1.766384156477673,1.8215480905015067
0.9723949266351654,-0.3527917113434802,-0.14539594065249828,-1.7900698539987774,1.8302874236977345
0.9748818701815468,-0.2878424848138319,-0.1670177437601046,-1.6413710385684972,1.6747677776473802
0.9773688137279284,-0.23726716438124917,-0.17904876681622817,-1.3298645243911498,1.3626789135471458
0.9798557572743098,-8.80582652183756,-7.8572995438324895,-0.008002931354806009,11.801686358360753
0.9823427008206913,-5.89659182689886,-5.618753094369575,0.34660316164857186,8.152319624511964
0.9848296443670729,-3.116652732948373,-3.4376535465838733,0.7251532343013274,4.696470310494139
0.9873165879134543,-0.5569889078953921,-1.366673349140462,1.0701864391181495,1.823000740877988
0.9898035314598358,1.724938803715648,0.5606686623816937,1.3338187352353614,2.2514074806675284
0.9922904750062174,3.6812463641018702,2.2917000389266016,1.4921080983717587,4.585831488275164
0.9947774185525988,5.28799175220397,3.7929019445253496,1.52590090754774,6.684110674713309
0.9972643620989803,6.526021350404784,5.0499091562968275,1.4160435417650579,8.372318464139079
0.9997513056453619,7.385758347849161,6.053144854487213,1.1960548165303617,9.623956365568896
1.0022382491917432,7.886356353724638,6.793032219149772,0.8659347240899127,10.444603688734414
1.0047251927381249,8.056545783980955,7.274359640107623,0.45441367659345744,10.864194858915372
1.0072121362845063,7.920268651368223,7.5067039103128375,0.01895250609469379,10.912452442253278
1.0096990798308878,7.525408985358927,7.490065015886563,-0.4165067786128027,10.625739138326288
1.0121860233772693,6.924639218866454,7.25317336268214,-0.828022168753181,10.0620461563507
1.0146729669236507,6.137112961682419,6.834336163004529,-1.1868632522478872,9.261800617209284
1.0171599104700322,5.215502646960883,6.257495419009435,-1.4307807937936188,8.270722487139121
1.0196468540164139,4.226845917937003,5.556169939305613,-1.559774801268408,7.153331268653504
1.0221337975627953,3.2046615947232096,4.763878532314555,-1.5499032659658978,5.946981985948263
1.0246207411091768,2.1633148842713115,3.8949863929909343,-1.4155314057592046,4.674888175217131
1.0271076846555582,1.1650550268548756,2.983012329384408,-1.1806012451788845,3.4131415254831055
1.0295946282019397,0.22903563298448737,2.0758403593210937,-0.859478002131592,2.2583783905074557
1.0320815717483214,-0.6016476701086813,1.183047273880299,-0.48089210450141273,1.4116791375360795
1.0345685152947028,-1.3413600949179414,0.3237866705988246,-0.07836238350928149,1.3821090316776734
1.0370554588410843,-1.9661596272556863,-0.46842264320878835,0.30022711964690174,2.0433648171318803
1.0395424023874658,-2.466469462776352,-1.1840038770112775,0.6405111869951874,2.809909495384502
1.0420293459338472,-2.842289603656629,-1.808591837138454,0.9137593905867956,3.490640463912598
1.0445162894802287,-3.093620051954935,-2.332609733420988,1.0816644958165167,4.022629895456204
1.0470032330266104,-3.2156724062914144,-2.7512691791899786,1.153803301266688,4.386489847128182
1.0494901765729918,-3.222811878449456,-3.0597817879551785,1.1397526055040856,4.587789990347253
1.0519771201193733,-3.1389804867355116,-3.248570770084968,1.0395124004395715,4.635406840291841
1.0544640636657547,-2.968966636057287,-3.3463665626876633,0.8530826779688194,4.554193903793054
1.0569510072121362,-2.7223471345255357,-3.3340155698454708,0.61877065653497,4.348529736154523
1.0594379507585177,-2.423064000094886,-3.235459825699645,0.3605183446053406,4.058252445212001
1.0619248943048993,-2.0854824439624475,-3.06506455792629,0.10226775063250315,3.708681229379373
1.0644118378512808,-1.7191792738884921,-2.8276181877357294,-0.12725071362515372,3.3116755178458783
1.0668987813976623,-1.3289428941963708,-2.542274346473138,-0.31367184638471457,2.8857647333046477
1.0693857249440437,-0.9482921290150299,-2.2186098590162926,-0.43784204255719494,2.4521813396865264
1.0718726684904252,-0.5820153824358179,-1.8566247437751375,-0.49018450370825484,2.006508956437951
1.0743596120368066,-0.24447786507455832,-1.489837842573287,-0.4802760446988721,1.5843141427085832
1.0768465555831883,0.06432042252932396,-1.1230375774836339,-0.422481883724112,1.2015995419730043
1.0793334991295698,0.33001426999079064,-0.7562239674291322,-0.297648415750551,0.8771423411913396
1.0818204426759512,0.543026870360426,-0.4085506447833116,-0.1345060689613362,0.6927363812257374
1.0843073862223327,0.7177234334052316,-0.08480603212765869,0.019061115165746045,0.7229677143936603
1.0867943297687142,0.8493155557257108,0.19585623782742978,0.18699514494439917,0.8914391529018482
1.0892812733150956,0.9234380273962467,0.4430129521261943,0.3549308021127757,1.0839622412618695
1.0917682168614773,0.9496676552070659,0.6518756876854601,0.4797724484742698,1.2477949229969136
1.0942551604078588,0.9327928427421375,0.8032908112954051,0.5615200757023437,1.3530274980204038
1.0967421039542402,0.8776019936992572,0.9164119161437649,0.5905968688172383,1.399571620479611
1.0992290475006217,0.7888835118898192,0.9960273852931665,0.5574260128267561,1.3874910837052221
1.1017159910470031,0.6762142045588959,1.0325603916819048,0.4763727093279808,1.323018356301223
1.1042029345933846,0.539594072424069,1.030799318046589,0.3618021599058583,1.2184456491748201
1.1066898781397663,0.39338832627676956,0.9859557403213621,0.2280795661333741,1.0857639640414816
1.1091768216861477,0.23759696706008807,0.9123948475605244,0.08478172625131286,0.946628025001002
1.1116637652325292,0.08658520579061257,0.8149050220175256,-0.04414935155014987,0.8206804238030082
1.1141507087789106,-0.06922376300458072,0.6934862424659358,-0.18265569229560263,0.7204708181335473
1.116637652325292,-0.2106763247645268,0.5625036974815854,-0.31158369113812334,0.6766678062978915
1.1191245958716736,-0.32819567145719697,0.42195736552142993,-0.35910730671857394,0.6439863933498082
1.1216115394180552,-0.43135860822035405,0.2670588215649712,-0.35874537073575574,0.6213605266556662
1.1240984829644367,-0.5010115201586729,0.12175006035723834,-0.3344399082587337,0.6145613661505299
1.1265854265108182,-0.5658848254689887,-0.018757343434171236,-0.27182571780483045,0.6280658361102652
1.1290723700571996,-0.6211901189952324,-0.1736170252573599,-0.190056421144142,0.6724146627005133
1.131559313603581,-0.6621389954708694,-0.318886990831579,-0.06040160685407159,0.7374044455760661
1.1340462571499625,-0.6647894362378995,-0.4402020526698842,0.07883148999334288,0.801209863595584
1.1365332006963442,-0.6339298424502479,-0.5423506367189077,0.18933563431589562,0.8554877209640143
1.1390201442427257,-0.5982906317536817,-0.6253327657565864,0.318994850787103,0.9223613515329484
1.1415070877891071,-0.5482949951220315,-0.6891484627115831,0.42471350098468896,0.9777190615162815
1.1439940313354886,-0.49830814002149776,-0.7433745573031509,0.4777611564376709,1.014481373637782
1.14648097488187,-0.4387532572077899,-0.7832226694387554,0.5068682285093153,1.0309498395680492
1.1489679184282517,-0.36963034396856836,-0.8086928224945169,0.49766949867072263,1.0189630033733506
1.1514548619746332,-0.3053046074440488,-0.8197850399940827,0.4645301683056928,0.9904780120683042
1.1539418055210147,-0.2553528513459647,-0.8069225389672003,0.41223863214834644,0.9414190100159051
1.1564287490673961,-0.19104465271567528,-0.7892589565113881,0.3312180749629654,0.877002379099892
1.1589156926137776,-0.13153362169009852,-0.7620059132677133,0.23104529478643165,0.8070539224443586
1.161402636160159,-0.1007617716190794,-0.720375030021501,0.12608549296729166,0.738234833935042
1.1638895797065407,-0.060421872581354064,-0.6787315409827945,0.021127064205098023,0.6817431042944568
1.1663765232529222,-0.020090727751997273,-0.622710260582422,-0.0694647901682135,0.6268947782916577
1.1688634667993036,0.001078053159833392,-0.5618880199945684,-0.1313248688288553,0.5770316545779338
1.171350410345685,0.007872877152776292,-0.505841650534439,-0.1740299870625126,0.5349992467350272
1.1738373538920666,0.019447361292381227,-0.44978277369647524,-0.17363813692048247,0.48252766342309045
1.176324297438448,0.0166478961873901,-0.4032882210754032,-0.14451453702418604,0.42872251295790875
1.1788112409848297,0.009051292473833461,-0.3472044044826048,-0.10581280932283121,0.36308287622023294
1.1812981845312112,0.011022764213187153,-0.30547336574997885,-0.052744559171381766,0.3101894050990512
1.1837851280775926,-0.0013797009907228763,-0.2637299202837937,0.014690204747729751,0.2641423414434918
1.186272071623974,-0.018579292187316188,-0.2219740935873027,0.09649147374505951,0.2427515042745972
1.1887590151703555,-0.03578760164204298,-0.19457112125991483,0.17829402916336257,0.266322050335559
1.191245958716737,-0.053004624836669734,-0.16715581911354782,0.25052105565902316,0.30579626787472175
1.1937329022631187,-0.06065355050863214,-0.14930501969523702,0.303595737881885,0.3437167644377337
1.1962198458095001,-0.07788798721381629,-0.1505955556847316,0.32794126047541994,0.3691761507281042
1.1987067893558816,-0.09034272016279721,-0.15187383997179138,0.32834601803781993,0.37287877107108575
1.201193732902263,-0.10280614774456465,-0.15313989885847423,0.3143868084815242,0.36449965429840886
1.2036806764486445,-0.129643474886187,-0.15918216209736213,0.2764868164318095,0.3443709496620663
1.206167619995026,-0.1373358732093563,-0.1604238496094723,0.2194344364691645,0.3045462616783184
1.2086545635414077,-0.14503695075725492,-0.1760186013662337,0.1815368864106297,0.2915028408773289
1.2111415070877891,-0.1479582988698417,-0.20117804086520197,0.12927533426316273,0.28120521755413913
1.2136284506341706,-0.14609991210603435,-0.21674858176986334,0.06743817459090984,0.2699500683622661
1.216115394180552,-0.1442501882440042,-0.23230705779158756,0.0151790119138564,0.2738705685372118
1.2186023377269335,-0.14719752496116723,-0.25264189944660664,-0.032290565854543374,0.2941729446327268
1.221089281273315,-0.15015351319386083,-0.2825415373754847,-0.06539376084469772,0.3265763950814187
1.2235762248196966,-0.14832974377827224,-0.2932755791000847,-0.08413058183231037,0.33924951434786316
1.226063168366078,-0.14651461409136846,-0.3087860687883528,-0.07413582763661886,0.34973059540090917
1.2285501119124596,-0.1399197147699529,-0.33864984076909277,-0.035409507042141186,0.3681237216252225
1.231037055458841,-0.13812184631253532,-0.3685017128905006,0.012894757881186436,0.39374792902672
1.2335239990052225,-0.12675579251714064,-0.38397650312087794,0.05641174837970908,0.40827352503051384
1.236010942551604,-0.12018675700505638,-0.38028583618840583,0.09514145565686505,0.41001715860365495
1.2384978860979856,-0.10404952337739448,-0.40052537014280354,0.14344908087331731,0.4379777554242821
1.240984829644367,-0.08313248841852877,-0.4207531166669729,0.1869694052643176,0.46786937741267143
1.2434717731907485,-0.08137766209640829,-0.42181549088084225,0.22091401670235733,0.4830669053152912
1.24595871673713,-0.07005461775818811,-0.41328932794208484,0.23570609973636536,0.48090860203680635
1.2484456602835114,-0.0731053651774124,-0.40953986644369467,0.26007606547472406,0.4906188504911476
1.250932603829893,-0.07616468746840305,-0.4105671351318936,0.27487029181974876,0.49992010300911477
1.2534195473762746,-0.06007896432876181,-0.406794356225586,0.25135835003038487,0.4819462110462153
1.255906490922656,-0.04879020524281524,-0.3934331553764463,0.22784745784735527,0.45725769094090185
1.2583934344690375,-0.047086806317873375,-0.3752719649883818,0.19954920312613034,0.42762845965128626
1.260880378015419,-0.040603550284551815,-0.3666760242166811,0.17125198036052502,0.4067274220020871
1.2633673215618004,-0.043705639700220456,-0.36764536236559486,0.13337897408128363,0.3935266777964498
1.2658542651081819,-0.03245105046495367,-0.349449588926547,0.1050837887390692,0.36634776993038864
1.2683412086545636,-0.021204984946851135,-0.33603075002258365,0.07200120554054479,0.3443116175016871
1.270828152200945,-0.024332645419873344,-0.33696568192316434,0.04370802229228232,0.3406586849616124
1.2733150957473265,-0.02746881414228547,-0.32352399444172697,0.024992633479055115,0.3256484952492985
1.275802039293708,-0.03061348323980334,-0.31964773402077995,0.015855030263983494,0.32150154152875354
1.2782889828400894,-0.02418983810436004,-0.30139491400448115,0.02108360712933255,0.30309826945211643
1.280775926386471,-0.036928290597564084,-0.29749598436434654,0.0454667585563282,0.3032074957730912
1.2832628699328525,-0.05925202592601997,-0.2983741686124559,0.07463926574410706,0.3132235097535488
1.285749813479234,-0.048065405961999985,-0.2944526903630993,0.11817792649264369,0.320902933022526
1.2882367570256155,-0.04646405225156064,-0.2953083866131645,0.15692911867951942,0.33762804925722134
1.290723700571997,-0.04008274640552262,-0.3009412878194131,0.18131602682255377,0.3536209649561707
1.2932106441183784,-0.04807509318573783,-0.3113514245382478,0.19133864207994833,0.36859381451648393
1.29569758766476,-0.0512874707007398,-0.35048084402641644,0.1965737622504804,0.4051030371222325
1.2981845312111415,-0.04493146692952221,-0.3512919305526552,0.2018097818127078,0.40761752320912675
1.300671474757523,-0.0433722830421861,-0.3568803448499551,0.2070466919251217,0.4148651203869165
1.3031584183039044,-0.051398313478410174,-0.36245771454439657,0.19791927378568985,0.41616033015777354
1.305645361850286,-0.04985593598685223,-0.353658860716795,0.1840043251945076,0.4017683359934088
1.3081323053966674,-0.06268715810986747,-0.3448490244643403,0.16530183731177317,0.38752448552903934
1.310619248943049,-0.05637314745728805,-0.34560504365755573,0.14660020461887768,0.3796213876352055
1.3131061924894305,-0.05006750807395788,-0.346350142978503,0.13747622491855616,0.3759852248743596
1.315593136035812,-0.05334703727601109,-0.3422959505214882,0.10919946945224623,0.3632312600234034
1.3180800795821934,-0.04226970904966043,-0.34301930443283135,0.0905003493064882,0.35726640583928787
1.3205670231285749,-0.040777530496854175,-0.33415502634750904,0.07659045232715656,0.34523685494802664
1.3230539666749563,-0.044082088710625356,-0.3300683579117365,0.07225817300241744,0.3407485803422942
1.325540910221338,-0.03302976073637909,-0.33075933089929954,0.07750350250195659,0.34132022057201
1.3280278537677195,-0.03635095673630251,-0.33143957385132383,0.09232643199744395,0.3459736308098788
1.330514797314101,-0.04446886022409591,-0.33210911871604365,0.12630375930334203,0.35808739977571663
1.3330017408604824,-0.03822984798719209,-0.34713320748857246,0.14112824903327592,0.37666983910797325
1.3354886844068639,-0.03678752329024049,-0.3525698556866086,0.1559535056470942,0.3872729282202982
1.3379756279532453,-0.040141876031708046,-0.3627843054745874,0.16599111700571179,0.40096991587253483
1.340462571499627,-0.03392768606454999,-0.36341137917844213,0.18081788093373774,0.40732545275668625
1.3429495150460085,-0.037298556399682825,-0.37839312576912887,0.18606857865717608,0.4233131889066697
1.34543645859239,-0.03588926672197412,-0.3837875610961565,0.1817432013660465,0.4261590345877421
1.3479234021387714,-0.029699806593718625,-0.3795947176914076,0.18699535353488095,0.42419510894700196
1.3504103456851528,-0.028306972134685804,-0.3849682414479778,0.20661342968067586,0.4378252401579813
1.3528972892315343,-0.02692234942091576,-0.3903313584162005,0.20707859776149817,0.4426792607659033
1.355384232777916,-0.01596912112570259,-0.3908956980449778,0.1836024456610108,0.4321623741515477
1.3578711763242974,-0.005024083121522471,-0.40102650314186805,0.16491538450896215,0.4336410747163436
1.360358119870679,-0.003664031199135165,-0.406358596669115,0.16059421215787673,0.4369567886989855
1.3628450634170604,-0.0023121477867058537,-0.40689201162560407,0.1466969032222991,0.43253489635765907
1.3653320069634418,0.008608384768587052,-0.4074151844053904,0.12322344892267267,0.4257290865524704
1.3678189505098233,0.005155560958000072,-0.40792814815621936,0.12848106704644913,0.42771408494033514
1.370305894056205,-0.0030938014047653395,-0.4180077427396136,0.1385277322216858,0.4403748144386577
1.3727928376025864,0.00301392221450969,-0.40892358152690234,0.1294214190812646,0.4289259644424811
1.3752797811489679,0.009113533187382838,-0.40940611780462,0.12031573214584235,0.4268164724853037
1.3777667246953493,-0.003948570355739589,-0.41945538500803536,0.12078746930058593,0.4365180683088999
1.3802536682417308,-0.017018763643155688,-0.4055525934000017,0.10689460519377292,0.41974873549415403
1.3827406117881123,-0.010943421824744282,-0.4060050031169662,0.08821393772131536,0.41562184717064876
1.385227555334494,-0.0048761465348213795,-0.41123584116033296,0.09347587806597879,0.4217539965905259
1.3877144988808754,-0.008393732689395028,-0.39730312463779294,0.11789201417411377,0.4145102587408954
1.3902014424272569,-0.00713095852559209,-0.397725710567165,0.1423087240370382,0.4224788330232651
1.3926883859736383,0.003700591155781585,-0.4029268261489949,0.12841877237090138,0.42291264192815753
1.3951753295200198,0.009735718349245026,-0.40332969864852464,0.138471393624636,0.42654889154238157
1.3976622730664012,0.010974435086458345,-0.4132995719964083,0.1676781757691881,0.44615349944516175
1.400149216612783,0.007416753474911775,-0.4184712702644382,0.16336667357892765,0.4492904208917479
1.4026361601591644,0.00863949233817729,-0.41405642422720534,0.15905570160053806,0.4436395828635225
1.4051231037055458,0.009854260613971655,-0.41442027800188486,0.1643220577859914,0.44591816732045164
1.4076100472519273,0.006272667314718983,-0.41956286580520796,0.14564691021145393,0.4441681744250295
1.4100969907983087,0.017048338128738627,-0.4199074152729345,0.12218386348369492,0.43765486371106477
1.4125839343446904,0.01823926893549288,-0.42024236406058346,0.12745173217772177,0.43952276336684876
1.4150708778910719,0.00984547228959165,-0.4253561498816514,0.14229689435257242,0.44863481107592856
1.4175578214374533,0.011020574100089942,-0.42567200054584964,0.14756572807491963,0.4506592384546027
1.4200447649838348,0.02176458706762352,-0.4211899505598251,0.15762343466138162,0.4502441769276566
1.4225317085302163,0.027712314004338268,-0.42148684112632884,0.16289319883494002,0.4527177087510555
1.4250186520765977,0.03365217107569907,-0.421774303541826,0.1681634152875855,0.45530755098887327
1.4275055956229794,0.03958417119854418,-0.42205237247690786,0.1638572687586155,0.45447146912418535
1.4299925391693609,0.04550832736102428,-0.41753267933484217,0.16433996059727463,0.4510123821147753
1.4324794827157423,0.04184784598159452,-0.4130036622116777,0.169611482200418,0.4484320707841708
1.4349664262621238,0.03817954683050728,-0.4084653559344771,0.16530661501265698,0.4422984306571805
1.4374533698085052,0.03929184642786965,-0.40870619870111513,0.15621375376868762,0.4393032471072014
1.4399403133548867,0.04039635472294856,-0.3993610154778904,0.1471212932122139,0.42751112391944646
1.4424272569012684,0.041493085054725376,-0.39000664788151296,0.16197124137732644,0.42433659344021374
1.4449142004476498,0.037793647510890316,-0.38064313093609936,0.17682157310429858,0.4214064802967471
1.4474011439940313,0.04845166884932961,-0.37605890303327305,0.16773026324287166,0.41460982136509594
1.4498880875404128,0.04952514601337055,-0.36188878932979573,0.16821612649613726,0.40213542637225513
1.4523750310867942,0.04101409261577038,-0.3716516482311132,0.1734907510144552,0.4121967298676177
1.4548619746331757,0.046860538938332086,-0.3766170950233496,0.17397732163778556,0.4174978500755126
1.4573489181795574,0.052699288767455776,-0.36241995499748825,0.16488742653646682,0.40163827288593384
1.4598358617259388,0.04895354927656792,-0.3577906833704332,0.16537467049261423,0.3971893814466792
1.4623228052723203,0.04041173766635675,-0.36272931547949616,0.18022744833777082,0.40704741490861
1.4648097488187017,0.031862271203448755,-0.3628706767425327,0.17592692835150814,0.4045251741054226
1.4672966923650832,0.03767037386065164,-0.3582148025789933,0.17162671534748597,0.39898951273745953
1.4697836359114647,0.04347084975406179,-0.3679153417294252,0.1673268008689366,0.40650912873790757
1.4722705794578463,0.02053329310361729,-0.36324190977029147,0.15823877314974233,0.3967440112555995
1.4747575230042278,0.021530154638956023,-0.3537713488787846,0.14915102707552563,0.3845305497928302
1.4772444665506093,0.03688464198965635,-0.3586573079101356,0.14964036086346688,0.3903687729972769
1.4797314100969907,0.0330779462473465,-0.3587462091936935,0.15970676610153411,0.3940802510623918
1.4822183536433722,0.03884050173094078,-0.34924968505555265,0.1554082177876932,0.38423383666988653
1.4847052971897536,0.03501870961906195,-0.34453298113806063,0.13674470753317358,0.3723283499192569
1.4871922407361353,0.03597779439496507,-0.35896134311776606,0.12765824356261568,0.3826803819010442
1.4896791842825168,0.041717770643019625,-0.3542275801811825,0.12814881751110185,0.3789982458771193
1.4921661278288982,0.047450249688949064,-0.3494853413911718,0.12863961438522686,0.37541933944860567
1.4946530713752797,0.05796364956037281,-0.3543114692017766,0.12913062584451218,0.3815378361437756
1.4971400149216612,0.058892775064543046,-0.35434078949648606,0.13441024688123449,0.3835255774032161
1.4996269584680426,0.05502604435045211,-0.3543617414702491,0.1636320824611861,0.3941770766866967
1.5021139020144243,0.05594027894750353,-0.3591627643474298,0.17370049439882607,0.4028635846745254
1.5046008455608058,0.05205868716355777,-0.3591670874200781,0.1837690876855529,0.40679501125726164
1.5070877891071872,0.04816968732672733,-0.3543747466487015,0.2034146606851639,0.4114356620677726
1.5095747326535687,0.049061697824047235,-0.3543625846614744,0.21827199517306184,0.41907344878692554
1.5120616761999501,0.045157927140143994,-0.3543422341518898,0.19961066297702246,0.4091968646769837
1.5145486197463316,0.0412467937787202,-0.35910213447953554,0.1905262857429708,0.40860238196050064
1.5170355632927133,0.046905119621531544,-0.35906551506774953,0.20059566188825606,0.41396467714765955
1.5195225068390947,0.04776771000612312,-0.35423241200439737,0.20108836328146218,0.41012057456423656
1.5220094503854762,0.04383458028793341,-0.3541796680410916,0.1872159784066323,0.40300686129825347
1.5244963939318577,0.039894149199276474,-0.3636957226314741,0.17813211236340187,0.40693632334286883
1.5269833374782391,0.02158122224738601,-0.3732038052898128,0.17383675698433088,0.41226938707029515
1.5294702810246208,0.027203041518709115,-0.3731271455511611,0.1408110808741032,0.3997394560360026
1.5319572245710023,0.037606009311319744,-0.3538889729705952,0.10778549581593388,0.37184584202972126
1.5344441681173837,0.03842493129860036,-0.3394313403646003,0.11785562356852708,0.3613586281988264
1.5369311116637652,0.044025033130389635,-0.3441194939275207,0.13271422946006162,0.37144245361057315
1.5394180552101466,0.04004112058885545,-0.34879985662920454,0.13320769211482997,0.375511545176875
1.541904998756528,0.05041522607246529,-0.35347246473767946,0.15764323001588743,0.39030227557306124
1.5443919423029098,0.05120534882996952,-0.358137354537142,0.20123243177863337,0.41397927975105675
1.5468788858492912,0.04719990808500785,-0.37715977228811504,0.22087965947124388,0.43961932296452644
1.5493658293956727,0.06234093639508409,-0.38659773770326966,0.22137330838046942,0.44983368572308635
1.5518527729420541,0.06310962652617635,-0.38645128711070864,0.22665538708986688,0.4524379369224626
1.5543397164884356,0.06865960781952463,-0.40545087677352054,0.21278387099558138,0.4630135321761252
1.556826660034817,0.07420249306623894,-0.41965452644372503,0.19412396207210314,0.4682948261432361
1.5593136035811987,0.07494989510846317,-0.4099086592052532,0.18504086230990247,0.45594157124856505
1.5618005471275802,0.08047863679991463,-0.4240973446372509,0.1855345637546293,0.4698493833742472
1.5642874906739617,0.08121192776330965,-0.4287017958836645,0.19081665514787538,0.4762264197697723
1.5667744342203431,0.081938187632147,-0.4285104526602814,0.19131032192730402,0.47637665130386997
1.5692613777667246,0.0826574327690659,-0.418734948050862,0.17743874954710037,0.4622290749747027
1.571748321313106,0.09294648622638668,-0.42331733506889213,0.17793235004061536,0.46850457485774527
1.5742352648594877,0.08886334786290295,-0.42310403685215237,0.16884909893455458,0.46413762916294754
1.5767222084058692,0.0943500507887961,-0.41330668650573044,0.14540058505380138,0.4481804093534012
1.5792091519522506,0.09982980491993065,-0.42265574038252085,0.14110562380278857,0.4566340568742353
1.581696095498632,0.09572582021964182,-0.42720921831687164,0.15117580404063702,0.46316873016101673
1.5841830390450136,0.09640332329990453,-0.42696715674884533,0.1660343113234859,0.46814735524418294
1.586669982591395,0.10186233085843732,-0.43629480208285765,0.16652752458430342,0.477975423234929
1.5891569261377767,0.1025260529986185,-0.4408269808041303,0.1718090493361384,0.4841057404969995
1.5916438696841582,0.10318290983065259,-0.43577532604046754,0.18187887782849366,0.4833495359126235
1.5941308132305396,0.09425611154930047,-0.4355050842021422,0.19673700232871916,0.48708761123190103
1.596617756776921,0.09489928831629557,-0.4352278884186762,0.2068066084815019,0.4911192961918115
1.5991047003233025,0.09553565041619705,-0.439732178459991,0.21208768859026605,0.49746621686821796
1.601591643869684,0.08180000485756334,-0.43944118413412214,0.222157041617276,0.4991528285485688
1.6040785874160657,0.08721119189598059,-0.43914334520836995,0.21786104662128025,0.4979117444564195
1.6065655309624471,0.09740401862743087,-0.4484155047679592,0.20877650260137592,0.5041345413672216
1.6090524745088286,0.08364808223007769,-0.4481040859731378,0.20448020857527816,0.4996062742055792
1.61153941805521,0.08903902972949718,-0.43820912526158384,0.1906069469778675,0.48609278385295573
1.6140263616015915,0.09921166834984574,-0.4330958690273832,0.19588713014570658,0.4855787831671242
1.616513305147973,0.09501240203690253,-0.4375527570187532,0.19637873391089222,0.48892164898680757
1.6190002486943547,0.09080645802017429,-0.42763780905608995,0.19687015404650943,0.47945569775189745
1.6214871922407361,0.09138225692968738,-0.41771627151564106,0.19736138302455508,0.4709449180953727
1.6239741357871176,0.08237460615497283,-0.42215339076629066,0.1978524133363777,0.47343916033392536
1.626461079333499,0.07814873304778791,-0.41700718660637337,0.20313164081310653,0.4703877992228987
1.6289480228798805,0.07870465503891799,-0.41185450206764385,0.21319905798515038,0.47039599480005934
1.631434966426262,0.08404238959871546,-0.39711856689115477,0.20411264080107472,0.4543437570319806
1.6339219099726436,0.09416195423670659,-0.39195303072967747,0.18544918847145375,0.44371731251842755
1.636408853519025,0.08990975321994754,-0.3867811233032663,0.1811507101877563,0.4364618893664564
1.6388957970654066,0.08565101409606923,-0.38639128428137903,0.17685198859900986,0.43348696249797736
1.641382740611788,0.09096256113038381,-0.3812067433603148,0.17734141965568995,0.43016595383208933
1.6438696841581695,0.09626760534455281,-0.3664391335437789,0.1826189960082587,0.42058862102314937
1.646356627704551,0.10156616443807243,-0.3660305077437527,0.18789630700727855,0.4237912700195515
1.6488435712509326,0.09728144950662554,-0.36561569229545476,0.19796174866447735,0.4269980899314334
1.651330514797314,0.09777868828388114,-0.36040632015976914,0.19845010373098404,0.42288985701298243
1.6538174583436955,0.10305789857859982,-0.35997923424288647,0.20372657490057122,0.4262751422101105
1.656304401890077,0.08917708163361715,-0.3595460674737567,0.20421434828632634,0.4230005042201972
1.6587913454364585,0.09444348189107754,-0.3591068560846651,0.1951250133426381,0.41946522643800566
1.6612782889828401,0.09491510066391584,-0.35866163629024816,0.19082377282624918,0.41720589396134317
1.6637652325292216,0.08101514926047271,-0.34384523432589553,0.19609902287447945,0.40403938712785453
1.666252176075603,0.08626246890596623,-0.3433881062908193,0.2013739496850384,0.407318146779026
1.6687391196219845,0.09150346433586287,-0.34292507838178077,0.20186014279737918,0.4083111688636417
1.671226063168366,0.09194975027985686,-0.33766778341586523,0.19755759509280857,0.40187472166381133
1.6737130067147474,0.10196655478179384,-0.3371930641501293,0.20761991275553804,0.4089038627570532
1.6761999502611291,0.09282347603521779,-0.3319241500387595,0.2081050721087152,0.4026134127417853
1.6786868938075106,0.08846254878923487,-0.33143788379491745,0.21337827605985815,0.40398883901293364
1.681173837353892,0.08888379122311885,-0.3405227047885231,0.22822792089782418,0.41945682101502424
1.6836607809002735,0.08929881822717711,-0.34002503576435705,0.22871198301167261,0.419404905856446
1.686147724446655,0.09449605136329764,-0.33473331604454026,0.2339840686954453,0.4191949916169132
1.6886346679930364,0.09968710558331106,-0.32943598492632775,0.2488325743045241,0.4247154779602156
1.691121611539418,0.10487199918953993,-0.3337098850017801,0.24931547629479667,0.4295563179398174
1.6936085550857995,0.10047394387347475,-0.3379782455555609,0.2402211710665103,0.4266503473511662
1.696095498632181,0.09606976463726125,-0.3374526991658606,0.23591486168312592,0.4227996520986649
1.6985824421785625,0.10602468983237667,-0.3369216850240764,0.22681973462922578,0.4197673745192532
1.701069385724944,0.10160831795611758,-0.33159683565292886,0.2225125896934248,0.4120589329998579
1.7035563292713254,0.10197428073715287,-0.33584339682770814,0.21341661340595763,0.41077511122547467
1.706043272817707,0.10233419333044957,-0.3400845976928335,0.1899549923200361,0.40275640258076
1.7085302163640885,0.09789967091845364,-0.34910887732372453,0.1808581395744362,0.4051802320480345
1.71101715991047,0.1078243453122596,-0.3485510614840006,0.1813376450889166,0.4074276296841377
1.7135041034568514,0.11295462178717597,-0.35277639582798104,0.1674514855252376,0.4065094488951925
1.715991047003233,0.11807892224639405,-0.36657331933756643,0.163141670771644,0.41825092357482596
1.7184779905496144,0.11362045865810866,-0.3707882543606873,0.17798500077887702,0.42669918994507305
1.720964934095996,0.10915605629732239,-0.37499804313412755,0.19282785559934368,0.43556992420947815
1.7234518776423775,0.1142625404642107,-0.36483751125948416,0.2028818252700173,0.4328087023157499
1.725938821188759,0.11457471988218193,-0.36903711418692575,0.1985700965312649,0.4344488937952661
1.7284257647351404,0.11488101658030403,-0.3684432741286563,0.18468106610819035,0.4278494950330385
1.7309127082815219,0.11518144929136265,-0.36305602654268654,0.18515674403103866,0.4235085176593243
1.7333996518279033,0.11547603677179352,-0.36724061681191644,0.19999712375246936,0.4338193578140307
1.735886595374285,0.12055320112161272,-0.3618434670404205,0.21962539210857024,0.44011257855160546
1.7383735389206665,0.12562455782310222,-0.3516530158965998,0.22488792931895496,0.4359081943148024
1.740860482467048,0.12590172238105557,-0.360611315292271,0.23493834218994714,0.4484281314171745
1.7433474260134294,0.13096152028333463,-0.3647763838977127,0.235411414309997,0.45346583557292036
1.7458343695598109,0.13601556707861795,-0.34499464366450994,0.22151873593256433,0.43196306440954113
1.7483213131061923,0.1266986716963362,-0.33957335634840957,0.2124139139371426,0.42009795117976445
1.750808256652574,0.1221644663291066,-0.3389357504618631,0.2128853452668409,0.41847553095014267
1.7532952001989555,0.11283616326829893,-0.3478702644375087,0.2085678136081377,0.42100623925805575
1.755782143745337,0.11307899142708355,-0.3615885300260424,0.20903811927377625,0.4327008882104105
1.7582690872917184,0.10852775981663654,-0.3657253722956302,0.21429625596065094,0.4375570910296709
1.7607560308380998,0.11354769738950099,-0.3650692295532183,0.2099770074295737,0.4361868471172845
1.7632429743844813,0.10898520987515625,-0.3691969433830238,0.21523398070846333,0.4410326806785532
1.765729917930863,0.10920552626401792,-0.37332014536471947,0.23006716956898998,0.45191224857844114
1.7682168614772444,0.10942026228362722,-0.3726504670338109,0.21616934124538112,0.4444888620350314
1.770703805023626,0.11441784032015367,-0.3671879432013836,0.21184771612201558,0.43908755692014867
1.7731907485700074,0.12419827945708517,-0.37608622191448315,0.21710228804596987,0.45166299650160113
1.7756776921163888,0.11960798551391938,-0.3801917246118105,0.21756784092865544,0.45407882913471914
1.7781646356627703,0.1293773975301672,-0.3747160826466107,0.20845596534744537,0.44788898521244735
1.780651579209152,0.14392972799936254,-0.37402454060642665,0.21370867182699094,0.4541822541578166
1.7831385227555334,0.12495776950930848,-0.378117133070373,0.2285375509955383,0.45914749557972967
1.7856254663019149,2.1889358088042163,-1.8187264873429632,0.8419162052256066,2.9678323583803934
1.7881124098482963,2.2274138162374606,-1.794080225797314,-5.1814327884753215,5.918390144866222
1.7905993533946778,2.0791386860055843,-1.6832385391167988,-10.443426306199108,10.780596582203817
1.7930862969410595,1.791994470522896,-1.4957782683257377,-14.685490574598122,14.869842979231167
1.795573240487441,1.3851348022962873,-1.2460646577186594,-17.70172425682133,17.799503285661782
1.7980601840338224,0.9112321370885634,-0.9532513548595487,-19.405936099001316,19.450691196760257
1.8005471275802039,0.403805317395052,-0.6364920072612552,-19.81249131697022,19.826825086096978
1.8030340711265853,-0.10841521759627581,-0.31494026238468686,-18.978850756417316,18.98177329078186
1.8055210146729668,-0.5775454154029065,-0.012538170959046191,-17.03908971613138,17.048879560456694
1.8080079582193485,-0.965278030170945,0.2515606196599114,-14.203897947998609,14.238882025568351
1.81049490176573,-1.2476710259948927,0.44862565552886435,-10.698330413843244,10.780177253258373
1.8129818453121114,-1.4151475769187511,0.593022112641385,-6.800114511983245,6.971074183124562
1.8154687888584928,-1.448554050334354,0.6895383604046965,-2.772612430750569,3.20330324483372
1.8179557324048743,-1.35267883022401,0.7046555417183544,1.1399672548288358,1.904154613547066
1.8204426759512558,-1.1658291238016094,0.6479504294201668,4.707781179717308,4.8930768378383656
1.8229296194976374,-0.8880049117080429,0.5433650063646862,7.7345048021472405,7.804252865444457
1.825416563044019,-0.5431481911762652,0.3765340289005672,10.090851226857323,10.112470831357987
1.8279035065904004,-0.1504125561086882,0.17139947999555494,11.685840785180192,11.68806556173256
1.8303904501367818,0.2279527697183617,-0.05288506064536991,12.452435825073659,12.454634369279558
1.8328773936831633,0.5680057890998951,-0.2723776099389874,12.43373197088982,12.449679146981046
1.8353643372295447,0.8505929081600809,-0.4966550079860941,11.682401653647918,11.723851026413016
1.8378512807759264,1.0661373396715979,-0.7017752715862504,10.29900133759687,10.37779195738063
1.8403382243223079,1.2002738930947843,-0.8637964174797628,8.393664293652979,8.52293388123132
1.8428251678686893,1.23384897457716,-0.9970836889096648,6.153138245883271,6.354342566128008
1.8453121114150708,1.1668626035545735,-1.0729066991757643,3.7162868851802067,4.0402333266375585
1.8477990549614522,1.0328336227118327,-1.0912654814390652,1.2219739024607303,1.936704897881861
1.8502859985078337,0.8269736481777552,-1.0665252787602286,-1.1191109615249175,1.7532173080426268
1.8527729420542154,0.558859506048032,-1.0082629308178679,-3.201622839048243,3.4028380638339253
1.8552598856005968,0.28595205562737575,-0.8973248573065828,-4.915428459032214,5.004837401307021
1.8577468291469783,0.017828123022587294,-0.7576531077410711,-6.198278583577236,6.24443860353134
1.8602337726933598,-0.24072386897469433,-0.6131897315729664,-6.992712378076497,7.023672545791478
1.8627207162397412,-0.4609734809667302,-0.4447811483074222,-7.27957623445924,7.307705315168915
1.8652076597861227,-0.6189786768714912,-0.2715810039482758,-7.092388981150963,7.124526110842652
1.8676946033325044,-0.7003742272439035,-0.10795454111424041,-6.493399866471973,6.531953771042239
1.8701815468788858,-0.7195253225568842,0.026944594320281734,-5.530492928755433,5.577167268065171
1.8726684904252673,-0.6764319433192317,0.13790477314802585,-4.289859432869467,4.345051421350361
1.8751554339716487,-0.5663056667164085,0.2153491562666101,-2.872055853615751,2.935265268003619
1.8776423775180302,-0.4130884898531876,0.2640661146007872,-1.3632734558090807,1.448753784686403
1.8801293210644117,-0.2359340065117116,0.27926721250146436,0.1502964957636017,0.3952772040553626
1.8826162646107933,-0.03484219719085879,0.2561640143866639,1.5489439131005813,1.5703697739396028
1.8851032081571748,0.175821747650866,0.19475648806235268,2.746477531467475,2.7589820962530838
1.8875901517035563,0.3816926375565354,0.10940981136340078,3.704590119362246,3.725808332276879
1.8900770952499377,0.5492516687887938,-0.00466445108812108,4.375397638668584,4.409739635084803
1.8925640387963192,0.673710457532626,-0.11394750803869469,4.744534874539074,4.7934831793691055
1.8950509823427006,0.7407038133327722,-0.23759300468902023,4.840732242036781,4.902833998215451
1.8975379258890823,0.755020159015092,-0.36602416624821466,4.644836123048572,4.72001395556981
1.9000248694354638,0.7310247240456318,-0.4800874112145239,4.204730545973032,4.294722346533164
1.9025118129818452,0.6639291246084138,-0.5749943679767409,3.573087942555741,3.6794534717734217
1.9049987565282267,0.5537333802067755,-0.6507450681728386,2.773850324648544,2.902470572401954
1.9074857000746082,0.41001431698311447,-0.6977627367289285,1.8740553340121657,2.0413397492426446
1.9099726436209896,0.26150237435945806,-0.7112590018195877,0.9167985958339369,1.1894505138037936
1.9124595871673713,0.11298597515410125,-0.6912338948675458,-0.006940231469039659,0.7004414999185331
1.9149465307137528,-0.03553486113738713,-0.6520526571838738,-0.8397003126946156,1.0637349337292816
1.9174334742601342,-0.15054129177991626,-0.5889269167254283,-1.5479628292144927,1.6630353316764566
1.9199204178065157,-0.24161010392436422,-0.5066451080162895,-2.0886321557330376,2.1627410824592976
1.9224073613528971,-0.3039528747640299,-0.4243608754676984,-2.4329778768880566,2.488342993265146
1.9248943048992788,-0.3279927781755927,-0.3324974434949297,-2.5953652071727467,2.637054108483336
1.9273812484456603,-0.3041529880398477,-0.24063164971991702,-2.590159361053354,2.619033819299174
1.9298681919920417,-0.2515870981637699,-0.15834033168959838,-2.398206729726465,2.4165602097004215
1.9323551355384232,-0.1798718957184644,-0.09520032687572177,-2.067391350845911,2.0773839314529896
1.9348420790848047,-0.07943055459876036,-0.04163485939301914,-1.6264436487568705,1.6289142448582448
1.9373290226311861,0.035371734693630086,-0.012009169881735282,-1.108882451097454,1.1095114556093517
1.9398159661775678,0.14059297501061718,0.003253517695855912,-0.5625917954398787,0.5799021454486951
1.9423029097239493,0.23144478247951367,0.0041531728136923185,0.017216717195003284,0.23212141549711116
1.9447898532703307,0.31750398318217044,-0.028463848258382995,0.5587170326881079,0.643260205989788
1.9472767968167122,0.3987705965532506,-0.06586715596986314,1.0331787268307213,1.109420908621495
1.9497637403630936,0.4369374154579634,-0.11763358725482798,1.4597554086443552,1.5282793654773896
1.952250683909475,0.45594647591835535,-0.18855157564881386,1.7809862340530156,1.848066787610329
1.9547376274558568,0.4462209907067114,-0.2594675380071676,1.9633523756094249,2.030071212208565
1.9572245710022382,0.4029725759077613,-0.32559310106720485,2.016430635776411,2.081919852754653
1.9597115145486197,0.34056646087928777,-0.39171669812757104,1.983316640286306,2.050115211763566
1.9621984580950012,0.2733678749705597,-0.45304995576662055,1.8544335783751897,1.928447083560103
1.9646854016413826,0.1870116276002327,-0.5000160971623466,1.620204639306591,1.7058876045946736
1.967172345187764,0.09586294809963913,-0.5326151520530771,1.3093602389336514,1.416789624579198
1.9696592887341458,0.028652275751625655,-0.5508471500964385,0.9649960030976548,1.1115173510429626
1.9721462322805272,-0.04335079001437958,-0.5595005241893398,0.6302075576674611,0.8438493309259676
1.9746331758269087,-0.10099261657594716,-0.553786900506728,0.3097833019763119,0.6425302591777696
1.9771201193732901,-0.13469637796159328,-0.5193410985012279,0.0037232320644804417,0.5365371872344362
1.9796070629196716,-0.14925045817140126,-0.48489356742629,-0.26881904271902,0.5741612567250924
1.982094006466053,-0.13986643457582704,-0.44086752989048295,-0.5078435262796361,0.6869001715073489
1.9845809500124347,-0.11133269119718447,-0.392051418380698,-0.7037734158545828,0.8132627519117989
1.9870678935588162,-0.07322601538968432,-0.3336568586602162,-0.8087246820915368,0.8779091980865168
1.9895548371051976,-0.0159695812381494,-0.27526068636995893,-0.8322741354547301,0.8767574975628671
1.992041780651579,0.0460714205588868,-0.22643973706723486,-0.7935753930217953,0.8265345937860612
1.9945287241979606,0.10810860593102867,-0.19198244290514443,-0.6878400552416295,0.7222663432937918
1.997015667744342,0.16535359079514528,-0.1671004293119207,-0.5198565291765487,0.5705393714657775
1.9995026112907237,0.21301799105501318,-0.1374285149906651,-0.32793204510395313,0.4144908774046955
2.001989554837105,0.25110182592138813,-0.12212034180182396,-0.12643181667249692,0.3065134729990793
2.0044764983834864,0.2700283079507449,-0.12596434155978287,0.08943255577756304,0.3110956195002412
2.006963441929868,0.26979745632623836,-0.1489605426731928,0.300507455331525,0.4304470251069568
2.0094503854762498,0.274351306818349,-0.17195536018373936,0.48285086178149506,0.5813624000328779
2.011937329022631,0.2549594586595902,-0.18537201568772366,0.650827981509174,0.7231487891681951
2.0144242725690127,0.2211987376301553,-0.22272936057796322,0.7804967943608521,0.8412564981028134
2.016911216115394,0.1778575661748144,-0.25529700299663194,0.8718572968114593,0.9257132491155541
2.0193981596617756,0.13451277004325934,-0.29744018088184854,0.9440630986442144,0.9989091453828288
2.0218851032081573,0.09116436832883179,-0.33000530884243773,0.9492301631850477,1.0090849065451828
2.0243720467545385,0.052600783429286535,-0.3434156080403752,0.9113005035915638,0.975279308767162
2.02685899030092,0.014033631085421994,-0.3711899294328016,0.8398509230874485,0.9183291781951661
2.0293459338473014,-0.014960263017536168,-0.38938628404512743,0.715727805001503,0.8149305360116873
2.031832877393683,-0.02480407321119016,-0.3932162960957801,0.5676615658927293,0.6909948993696956
2.0343198209400644,-0.029862990445824522,-0.39225679967563565,0.4435362356281942,0.5928588258644448
2.036806764486446,-0.034925399048483796,-0.37693101550555763,0.3289866009379505,0.5015266269555916
2.0392937080328277,-0.02562607008263751,-0.3568157774986447,0.19528223861803795,0.40756514480450223
2.041780651579209,0.0028234187296746205,-0.34148791947870727,0.09030717861632098,0.3532383860127028
2.0442675951255906,0.02169266640599199,-0.3165822585784803,0.009273014384236333,0.3174600557837532
2.046754538671972,0.059712111789076205,-0.27731041848155336,-0.06697387056087756,0.29146544191487017
2.0492414822183536,0.0977281604998207,-0.2571912493439532,-0.12406826943269778,0.30181296786885536
2.0517284257647352,0.13095242810097085,-0.24185956802833042,-0.14285657209768665,0.3099235216370195
2.0542153693111165,0.16417333677657153,-0.2121617879865001,-0.12812718499706044,0.29729124495224063
2.056702312857498,0.19260250205043816,-0.1920399524623324,-0.08466851454525326,0.28485755123065226
2.0591892564038794,0.2018747327858843,-0.186282491327451,-0.02684577377052655,0.27599867731906313
2.061676199950261,0.21114366106826288,-0.18052422108099986,0.050129437606859284,0.2822828378080949
2.0641631434966428,0.21083249904063217,-0.16518836145097193,0.13668030993246205,0.3006975964882476
2.066650087043024,0.19615286214568683,-0.1690053586361664,0.21365322693788436,0.3356880366600144
2.0691370305894057,0.18625838240671566,-0.17282162554034874,0.2810481856627476,0.37887673712633385
2.071623974135787,0.17157227190392355,-0.16706038161576586,0.3484419898139226,0.42279786642953265
2.0741109176821686,0.14251774269602802,-0.18045207278480246,0.41104623316403277,0.47099178692822585
2.07659786122855,0.10867162010124776,-0.20341991831476403,0.45449570287169294,0.5096621705713005
2.0790848047749315,0.08918753605641416,-0.20244512077859644,0.47400199276276567,0.5230834853615125
2.081571748321313,0.06970029923389798,-0.21583493246092544,0.4887187132912665,0.5387845863652544
2.0840586918676944,0.054998331564785286,-0.2292241690297181,0.4890690550159089,0.542915349494218
2.086545635414076,0.05465845827768012,-0.24261285602044724,0.4798414184828843,0.5404593711458408
2.0890325789604574,0.054315487976571264,-0.2560010188749571,0.45624739762428135,0.5259737462441241
2.091519522506839,0.039604229242137245,-0.2693886829412575,0.43265219967994106,0.5112012161161011
2.0940064660532207,0.04404352383461896,-0.26841066351238974,0.40905582195523316,0.4912339379098347
2.096493409599602,0.06763339024823034,-0.2626437923887326,0.3567278418601365,0.4481191697696001
2.0989803531459836,0.08643183035156887,-0.2664533045965478,0.29482187003415206,0.4066789395564731
2.101467296692365,0.08607365262952438,-0.2654740151456165,0.2520683237837904,0.37606324767210747
2.1039542402387466,0.09050089210488965,-0.2549175455915367,0.2093135872388654,0.3420314961008652
2.106441183785128,0.1045019704943897,-0.24436072735585768,0.1761344644773697,0.3188356574911657
2.1089281273315095,0.12328850284904302,-0.2242267784837071,0.1573193562833417,0.3003782332083085
2.111415070877891,0.14207210419452498,-0.2088809335264341,0.13850305018588394,0.28809516152120296
2.1139020144242724,0.15127598621064248,-0.19353481365859437,0.1340507536622404,0.2798387976305001
2.116388957970654,0.15090016719199079,-0.17818844327936478,0.14875086757530376,0.27685520110935197
2.1188759015170353,0.14573306872741443,-0.16284184669204516,0.16344977621264434,0.27289452852475504
2.121362845063417,0.13577470905913047,-0.16186025806481785,0.19730109045054967,0.2890696024383694
2.1238497886097987,0.13539031636374288,-0.16087849154779255,0.21678598466803045,0.30200759916971476
2.12633673215618,0.1254262955488753,-0.15510816783532322,0.23148126315306428,0.30557139024339763
2.1288236757025616,0.11067106809666849,-0.154126117486165,0.2461753268994542,0.3108138300962004
2.131310619248943,0.09112465214168186,-0.15314396100144156,0.2512913669661625,0.30806513293600124
2.1337975627953245,0.0811522757518971,-0.1521617221057352,0.2803482043210419,0.3291413027863984
2.1362845063417057,0.0759655536862961,-0.15596782774693763,0.30461541679394344,0.35055282167957486
2.1387714498880874,0.061199294035249374,-0.1645623014554709,0.3049393888813565,0.35187232846882033
2.141258393434469,0.056007128103094383,-0.17794516666445404,0.31962734494952016,0.3700850177689936
2.1437453369808503,0.05081226724383936,-0.19611644670955197,0.3438908795078355,0.39912965835817377
2.146232280527232,0.04082632610311876,-0.21907616482883618,0.3729415870916384,0.43444974655490326
2.1487192240736133,0.040414532578900264,-0.227670730881393,0.3972026589418789,0.4596055356652455
2.151206167619995,0.04957690457906683,-0.2362653778706254,0.39752047968477555,0.4650824980762073
2.1536931111663766,0.0587366533415038,-0.2640137420222439,0.39783706385521356,0.4810692047920811
2.156180054712758,0.07747060335572942,-0.2726086196200632,0.3885756027717324,0.48094506229388845
2.1586669982591395,0.09141356247989041,-0.266838436732455,0.36015928777866435,0.45746464704534273
2.161153941805521,0.09577714518268943,-0.2610684259700147,0.3461069401289514,0.4439819800208478
2.1636408853519025,0.10013817586349161,-0.2600870132041946,0.31289973461690757,0.4190216612850434
2.166127828898284,0.10449667225053527,-0.259105817567181,0.2701144759453946,0.38860932737628445
2.1686147724446654,0.11364105536164848,-0.2533364580923987,0.24169317880390473,0.3681158012675457
2.171101715991047,0.11320613290246584,-0.24756736035501659,0.2611546645482381,0.3772359808597056
2.1735886595374283,0.10319192250839637,-0.24179854651089938,0.2518844781926468,0.36408913787717484
2.17607560308381,0.09796365174440591,-0.22645323197617895,0.25218984446449966,0.35281391835723386
2.178562546630191,0.09752133818292519,-0.2350502619505881,0.25728235823394385,0.36187463147124305
2.181049490176573,0.10186499936457172,-0.23407083505016146,0.2623736143966795,0.3660676815128612
2.1835364337229546,0.09662944283699781,-0.22830337635400744,0.2674636111942572,0.36468680287433075
2.186023377269336,0.08660308939686423,-0.23211311748233232,0.2725523468937361,0.36832238079939117
2.1885103208157175,0.0765743598083769,-0.23113487003384092,0.2728514164673381,0.3656977661865822
2.1909972643620987,0.06654327148277195,-0.22058025214814725,0.2683608182330506,0.3536964565557344
2.1934842079084804,0.06608664843902701,-0.2196028984666034,0.26386895385460996,0.34959934628823774
2.195971151454862,0.06562770138179375,-0.23777963689003645,0.25937582170083573,0.3579412909838696
2.1984580950012433,0.060378044302749956,-0.24159166533645937,0.2788234367674569,0.3738375982758886
2.200945038547625,0.050337694480381945,-0.24061581150661882,0.2934813775521441,0.38283308530284205
2.2034319820940063,0.049871879120422125,-0.2492173063214005,0.29856123917939925,0.3920909124647436
2.205918925640388,0.058980615433757544,-0.24824255735925682,0.28927461679901434,0.3857238444864736
2.208405869186769,0.0632987106362326,-0.24726839202018835,0.2751983155469748,0.37534317276374085
2.210892812733151,0.058037778550009245,-0.25587163760379417,0.28506275386572355,0.3874267057271315
2.2133797562795325,0.057563046243992555,-0.2357450881060701,0.29492591369947263,0.3819300268773006
2.2158666998259138,0.06666293411175606,-0.2156191839068371,0.2904225836582146,0.3678054599265098
2.2183536433722955,0.07097224923071976,-0.20028234868373618,0.2954947789395863,0.3639604974934726
2.2208405869186767,0.07527941192445398,-0.19931140933403713,0.3053540948444535,0.37233472976434423
2.2233275304650584,0.07479603584060879,-0.19355277273238602,0.2864817067768879,0.353735623209853
2.22581447401144,0.07431054123197067,-0.18300645893386802,0.28197324329101114,0.34427072266132897
2.2283014175578213,0.07382294499533204,-0.1676724878927014,0.2870402997628343,0.34052316234266605
2.230788361104203,0.0781216673119246,-0.15712768610280348,0.27774085831211615,0.3285301949890864
2.233275304650584,0.06805311172535444,-0.15137207331648517,0.2875937409273188,0.33204651845216615
2.235762248196966,0.0627709083054756,-0.13604045922408625,0.30702213973903447,0.3416281425253633
2.238249191743347,0.07185188044507707,-0.1207096700164274,0.30729563362149825,0.3378818189867672
2.240736135289729,0.06177722161750865,-0.1197449351035127,0.3123562379972693,0.3401789147044978
2.2432230788361105,0.051700561782746846,-0.11878106387229703,0.32220395171218996,0.34727118469898643
2.2457100223824917,0.0607755308637703,-0.11781807556945534,0.30810835371505263,0.33541842780572295
2.2481969659288734,0.06027172554326088,-0.1264327959810334,0.3035882661434979,0.33434079640324943
2.2506839094752547,0.05976596902903075,-0.12068322754959393,0.30385528459744293,0.3323619208687409
2.2531708530216363,0.06404668117104584,-0.11493459917887083,0.29933260138121476,0.3269739220596629
2.255657796568018,0.06832547514092502,-0.13312894631186056,0.3043854254254139,0.33917867579013516
2.2581447401143993,0.05823715743177271,-0.13217065780579373,0.3046485457634365,0.337151873383978
2.260631683660781,0.052935357740791056,-0.1360017689008548,0.30491036473458166,0.33803692663063106
2.263118627207162,0.06678530240663694,-0.14462229813422,0.3099592847027566,0.3484976957005794
2.265605570753544,0.05190297456547244,-0.15803226394159609,0.31500690141582943,0.3562267019116513
2.268092514299925,0.0513840204008037,-0.14750126473532177,0.315264810646223,0.3518363845352958
2.2705794578463068,0.07001685949486847,-0.14654814199028943,0.3059446081908934,0.3463824790826024
2.2730664013926885,0.0790710881487785,-0.150384510517366,0.2870462931916009,0.3335615571669166
2.2755533449390697,0.08333512586672565,-0.14464517838525426,0.25856986481457866,0.30777482974336046
2.2780402884854514,0.09717419875424882,-0.13890697016266662,0.25882254881300604,0.3093979363818755
2.2805272320318326,0.11101151627589279,-0.13316990367612913,0.26386232780040864,0.3157231509142664
2.2830141755782143,0.11527028785657961,-0.14179920661154144,0.2832660076568807,0.33709625532193227
2.285501119124596,0.10995052952209472,-0.14564128331104165,0.3026683776853112,0.3534241774374446
2.287988062670977,0.10941746721922407,-0.1494845546167518,0.30770422721291446,0.35916529014693993
2.290475006217359,0.10409431025309468,-0.15811744126922234,0.30316195887244923,0.3574128200945989
2.29296194976374,0.10834628449013972,-0.15238634730586575,0.29382997532094457,0.34827657200154755
2.295448893310122,0.09823138919387664,-0.1418680965843997,0.30365029252091347,0.3492555837770897
2.2979358368565035,0.08811485014974929,-0.14571631950161024,0.3038924899356381,0.3483505677120249
2.3004227804028847,0.08757348978215906,-0.16393103307146184,0.2897681636541485,0.3442500375947692
2.3029097239492664,0.09181892051368434,-0.17257023760483703,0.2900077330318034,0.3497365955823524
2.3053966674956476,0.09127435140555085,-0.1764223532329483,0.30461119752621535,0.36365345537078314
2.3078836110420293,0.0907282014387294,-0.1850642033058132,0.30484813669722044,0.3679847175213792
2.3103705545884106,0.08539208291222145,-0.18413059447038238,0.29071855005057934,0.3545605152687131
2.3128574981347922,0.07526601140384526,-0.18798675319400626,0.30052966367859213,0.36238387188151144
2.315344441681174,0.06513840577009455,-0.18226748592070718,0.31033946053349304,0.3657526884307813
2.317831385227555,0.06458608814597433,-0.1813380189149476,0.29620592359148823,0.35326022852379524
2.320318328773937,0.06882067066362074,-0.18519836837884984,0.2916478756964853,0.352268652819196
2.322805272320318,0.06347695877246029,-0.18906014709284635,0.29187691315379816,0.35350416680141006
2.3252922158666998,0.048554967840631846,-0.18334656441571662,0.27773942233169,0.33632236663979426
2.3277791594130814,0.04320832647514383,-0.17284603956585842,0.2683890161847682,0.32214185831557607
2.3302661029594627,0.03786024331863691,-0.18628900826195283,0.26382569441023307,0.32517839666006415
2.3327530465058444,0.03729913693202258,-0.17100304967614255,0.2688378600493948,0.3207913085018873
2.3352399900522256,0.036736619192803355,-0.1652954059652907,0.27384870620638857,0.321970906005279
2.3377269335986073,0.03617270525586502,-0.1643776893022939,0.28364663597002426,0.3298240492186715
2.3402138771449885,0.035607410233028935,-0.15388470511830565,0.29823164913251254,0.33747667575278323
2.34270082069137,0.03025234587260417,-0.14818167866528587,0.3080269388690997,0.34315245794242216
2.345187764237752,0.029684333840503285,-0.15205702845354452,0.31303250501931146,0.34927331529382794
2.347674707784133,0.02911498579823546,-0.15114555961116993,0.31324834744629904,0.34902319373652296
2.350161651330515,0.028544316684024684,-0.1406588838059517,0.3134628693571173,0.3447588578616818
2.352648594876896,0.023183938072054988,-0.1349622258860621,0.3136760706620727,0.34226448063836096
2.3551355384232777,0.022610671453591413,-0.1436324072785471,0.3282531612559474,0.3590148308339583
2.3576224819696594,0.017247724994666536,-0.1427274260675131,0.34282893113515023,0.3717529800722768
2.3601094255160406,0.021460323418761584,-0.14661250679886795,0.33824976699925813,0.36928129861413017
2.3625963690624223,0.020883271483253085,-0.14571085731633282,0.33366928213378166,0.36469570165739157
2.3650833126088036,0.020304987182405365,-0.14959929864430643,0.3386642832070237,0.370790694839384
2.3675702561551852,0.014937081825376453,-0.1534894417457533,0.34844636694973197,0.3810472356301096
2.3700571997015665,0.009567973317351042,-0.15259289748320093,0.33428511351444357,0.3675903638468841
2.372544143247948,0.013774482839098545,-0.1564864865797566,0.3249109429207593,0.3608945520359345
2.37503108679433,0.01319141492498832,-0.15559341637698632,0.3251122586100177,0.360667860151265
2.377518030340711,0.012607187345681115,-0.154702104077177,0.32052385076556256,0.35612809646005106
2.3800049738870928,0.031175427787700993,-0.15860096678247615,0.30635731623459606,0.3463827062261431
2.382491917433474,0.0353773273689455,-0.15771321153403273,0.28740105852815745,0.3297338029793935
2.3849788609798557,0.02521290040419899,-0.1472504485933297,0.29238549778201595,0.3283407746091949
2.3874658045262374,0.034200984405013735,-0.15115470804381648,0.3021570209519666,0.3395825649362031
2.3899527480726186,0.04318798031398219,-0.13590718002539814,0.30235041833723564,0.33429289357501796
2.3924396916190003,0.047385498989001795,-0.13023829774229023,0.302542496861685,0.33277524264967306
2.3949266351653815,0.042005151242221817,-0.12935967105688917,0.3123100634722249,0.3406404746545155
2.397413578711763,0.0414121611211925,-0.12369450641172719,0.3124995052169002,0.33863142022850723
2.3999005222581444,0.05518334930719526,-0.11803122011081157,0.29832241912768254,0.3255346935670597
2.402387465804526,0.0593767131932631,-0.11715822835878553,0.298509225501693,0.3261278924769008
2.404874409350908,0.049203863407514814,-0.1067103339797697,0.29869471477616294,0.3209776443734247
2.407361352897289,0.04381842713336548,-0.10584116294090018,0.29409048405184457,0.3156130845496943
2.4098482964436707,0.052797224867238146,-0.12412753446961577,0.30863855037423527,0.33682776985322443
2.412335239990052,0.05698665713721385,-0.11847383117094568,0.31839689760854917,0.3444707711413917
2.4148221835364336,0.05159833438574679,-0.10803367871511105,0.3233655262443573,0.34481723769468564
2.4173091270828153,0.03663227032894267,-0.12632591263450177,0.3283328401143262,0.35369847798645127
2.4197960706291965,0.03603049523771251,-0.125466511917538,0.3045684198316909,0.33136379488200224
2.4222830141755782,0.03542781277361651,-0.11982069861815159,0.2855910891964335,0.3117280865813499
2.4247699577219595,0.025247429871583238,-0.11417688805120818,0.28576605874997796,0.30876533939818196
2.427256901268341,0.024642973341381103,-0.10374668879262172,0.2811513124938898,0.3006937180713525
2.429743844814723,0.02882605334408861,-0.09331851596071417,0.27653525437421855,0.2932763776445694
2.432230788361104,0.02343147335294682,-0.09246918789602443,0.27670628835960365,0.29268746927633965
2.4347177319074857,0.018036053395451224,-0.09162190955985672,0.29124122176154366,0.3058452595457951
2.437204675453867,0.012639806811085896,-0.07641148249534258,0.30577484531249155,0.3154310311292086
2.4396916190002487,0.016819553532484433,-0.08035674135099713,0.31073035308769903,0.32139299244319136
2.44217856254663,0.020998500163471823,-0.08430408415428214,0.32047295578642476,0.3320407068488672
2.4446655060930116,0.020388256580543884,-0.0786767154757908,0.3302142508490924,0.3400693429703418
2.4471524496393933,0.014988835932785771,-0.06826304974968789,0.32558902909790355,0.3330055930951668
2.4496393931857745,0.01916546128241714,-0.06263990463321711,0.3305393079398975,0.33696781248661234
2.452126336732156,0.018552935721900643,-0.061807291045886004,0.34027668488256957,0.346341702549669
2.4546132802785374,0.017939675576986724,-0.05140000984929083,0.35001275745569593,0.35422129150300175
2.457100223824919,0.0029604838441495973,-0.05536008837067907,0.3597475265316241,0.3639942124466026
2.459587167371301,0.0023457933545518728,-0.06411073059840611,0.35032737972366235,0.35615300294728774
2.462074110917682,0.016095616969296622,-0.06328673710393895,0.3409059312298126,0.3471039238132452
2.4645610544640637,0.015479547579367536,-0.05767652164355974,0.3410599886295742,0.34624862943579604
2.467047998010445,0.01965121123053526,-0.0616453045178762,0.33163593960269466,0.3378886060643225
2.4695349415568266,0.014245410677986792,-0.07040469265009897,0.31263378513224716,0.3207797314024929
2.472021885103208,0.013627368550318653,-0.06958948622679806,0.3079955428249157,0.3160532489422161
2.4745088286495895,0.01300869414634287,-0.07356490526055381,0.3081444070672035,0.31707096526832246
2.4769957721959712,0.012389400036584508,-0.07754255638697227,0.3082919755879079,0.3181356432344362
2.4794827157423525,0.01176949874290445,-0.08152244946640597,0.3036498461377697,0.31462304417692155
2.481969659288734,0.011149002738435665,-0.08071619094346882,0.30379482645036937,0.314532510752854
2.4844566028351154,0.020104731088146366,-0.09427740376906524,0.294361707679597,0.30974383613174705
2.486943546381497,0.024271486206591475,-0.0934756775958574,0.2945041042433587,0.309934629818716
2.4894304899278787,0.028437683740668684,-0.09746463518467063,0.2850684040188476,0.302608743988121
2.49191743347426,0.04218014260861003,-0.11103268924057375,0.27563141482689346,0.3001334692265285
2.4944043770206417,0.04155685843745027,-0.10544942913181421,0.27576994451004744,0.29815367997475806
2.496891320567023,0.036144650047320925,-0.10465688065557277,0.29506080093254283,0.31515135196053307
2.4993782641134046,0.04030873952953362,-0.11344345623345164,0.3239271786990052,0.3455763726653605
2.501865207659786,0.04926073564496225,-0.11265555159131946,0.32885025583410155,0.3510845826047925
2.5043521512061675,0.04863544046461654,-0.11665838560322594,0.3337720502278234,0.35690105983874987
2.506839094752549,0.048009672611778464,-0.12066356376813037,0.35784617647138006,0.3806816390380575
2.5093260382989304,0.0473834440197658,-0.12467109481162852,0.34361179605247116,0.3685880343081004
2.511812981845312,0.05154516989282221,-0.12389258404549963,0.3293761368865038,0.35566123835895863
2.5142999253916933,0.0509180554248202,-0.1183280400084965,0.3247160069884316,0.34933459407136963
2.516786868938075,0.050290515721090556,-0.11755427778682837,0.315266197793024,0.3402071716885848
2.5192738124844567,0.05445096583744291,-0.11678290241277445,0.2962383073970276,0.3230484309604951
2.521760756030838,0.0633994174598021,-0.1160139221461054,0.2819975471997367,0.311450369870759
2.5242476995772196,0.06755907558387014,-0.11524734515394641,0.2821207253013842,0.3121510578283518
2.526734643123601,0.0525647418353864,-0.11448317951095488,0.2918194398624898,0.3178490773257265
2.5292215866699825,0.037570041032587986,-0.11850983651981029,0.29672848242412364,0.3217201914969994
2.5317085302163638,0.03694019462367948,-0.12732732407076952,0.2968478545094353,0.32510840370669125
2.5341954737627455,0.04109840740554016,-0.1265704400012253,0.2969659609829769,0.3254196327143132
2.536682417309127,0.026102674164327433,-0.125815998658378,0.29708280341003857,0.3236807179905866
2.5391693608555084,0.020683426159792795,-0.12506400765724424,0.30677519001754305,0.3319334682422044
2.54165630440189,0.02005227135964993,-0.12910287784177088,0.3212547190924422,0.34680576868453644
2.5441432479482713,0.00984401104109478,-0.1283558100037756,0.321367778981676,0.3461926745075896
2.546630191494653,0.004423866353270189,-0.11803440816438293,0.3310563879358792,0.35149683369467083
2.5491171350410347,0.003791848434440359,-0.10771548621484017,0.3359553376640285,0.35282147467239094
2.551604078587416,-0.0016288382677357438,-0.10697585795576847,0.3456414364974538,0.36182107446015166
2.5540910221337976,-0.007049779394668221,-0.10145032049579061,0.35053787950697846,0.364991331249745
2.556577965680179,-0.012470963958102987,-0.08635047749391145,0.3506446684247404,0.3613358733922871
2.5590649092265605,-0.0274691876604628,-0.08082994912064656,0.34596180500353846,0.35633917475753124
2.561551852772942,-0.028102423012054345,-0.07531193553478621,0.3364892910167736,0.3459576228125566
2.5640387963193234,-0.023947465815468805,-0.06979644344609381,0.33180393489903004,0.33991009966046404
2.566525739865705,-0.02458111192340484,-0.07386028611549733,0.3271173351444663,0.3362518756534618
2.5690126834120863,-0.039580157238695235,-0.07313826011310809,0.3367947035489518,0.34690988207031354
2.571499626958468,-0.049790977792444124,-0.06763037188091614,0.34647083200690076,0.3565039215798793
2.5739865705048492,-0.05042515962685645,-0.06691343441268227,0.34178051243308794,0.35190058696643073
2.576473514051231,-0.05105949879525218,-0.07098745397288608,0.3466657633251078,0.3575240446467267
2.5789604575976126,-0.046905581440203736,-0.07027563009693694,0.3419729733180201,0.3522560322205035
2.581447401143994,-0.03796339707479812,-0.06477796887262155,0.3229137410280405,0.33152781016597316
2.5839343446903755,-0.0338097419029596,-0.0688596862606281,0.32779529497438276,0.33665191288153923
2.5864212882367568,-0.039233008858521545,-0.0681555782119383,0.33746402385262186,0.34650595841961995
2.5889082317831384,-0.04465638096460889,-0.06266565055085005,0.3327663163784109,0.3415473575302175
2.59139517532952,-0.04529144461489454,-0.04760150569393806,0.3232789812092829,0.3298886448354141
2.5938821188759014,-0.04113818957360471,-0.04211676257213748,0.31379042370242516,0.319265723713491
2.596369062422283,-0.0321966056552101,-0.04142302342783477,0.32345425919587534,0.3276814704519811
2.5988560059686643,-0.028043489365053298,-0.040731890416641825,0.3283284731647136,0.33203179137449057
2.601342949515046,-0.03346723393841289,-0.025678158966985,0.31404785774444477,0.31686823846718565
2.603829893061427,-0.03889102269987843,-0.029780657624070894,0.3141312382934416,0.3179274037998857
2.606316836607809,-0.02994963570397391,-0.02909737500322951,0.32379021362726057,0.3264716532130567
2.6088037801541906,-0.02579667629765514,-0.01883991291512732,0.314294365979535,0.3159135313865702
2.611290723700572,-0.031220537917181046,-0.013373486365991116,0.29522050416598056,0.2971678283486206
2.6137776672469535,-0.027067597447484104,-0.012698100315637006,0.2905106469827654,0.2920450865766277
2.6162646107933347,-0.03249145838622236,-0.01681375963862619,0.2857995866830194,0.28813156913020455
2.6187515543397164,-0.0379153043594056,-0.02572046912449588,0.271510518859591,0.27534900524253725
2.621238497886098,-0.03376231904325311,-0.029841426837346585,0.27637386568716416,0.28002306793857856
2.6237254414324793,-0.03918610608605799,-0.024388234077013404,0.28602441947688817,0.2897245336671954
2.626212384978861,-0.03503304262381235,-0.028514508660529625,0.2860969725591449,0.28964093113222344
2.6286993285252422,-0.04045673240517611,-0.02785504507861658,0.3005335438459582,0.3045210365637262
2.631186272071624,-0.04588035930710099,-0.03198665433965031,0.31496892570595314,0.3198961981430151
2.633673215618005,-0.04651551057699799,-0.026544130766769314,0.3294031204877239,0.33372848153768975
2.636160159164387,-0.042362176832721254,-0.021104285201225093,0.3342593239182019,0.3375933063704238
2.6386471027107685,-0.047785558703175135,-0.020455525080739445,0.3391143450244769,0.34307495846867536
2.6411340462571498,-0.043632033625168876,-0.02459785443973317,0.34396818621185155,0.347595917592795
2.6436209898035314,-0.04426680232777169,-0.014377663948621944,0.35360925322470216,0.35665918041609
2.6461079333499127,0.9367212283552093,-2.0344431752499847,3.7486502926464365,4.366781962673514
2.6485948768962944,0.9887591427508777,-2.0290167798259855,-3.9654055436474636,4.562783674554263
2.651081820442676,0.9546059343160223,-1.8416337597017314,-10.817549952395755,11.014639093827899
2.6535687639890573,0.8390500154027676,-1.520178151703323,-16.31936579242807,16.411479104831926
2.656055707535439,0.6612450082742267,-1.083803572653399,-20.116511215524362,20.156534886467497
2.65854265108182,0.44034453514359206,-0.575605655894813,-22.031815296297783,22.043731771887217
2.661029594628202,0.1859254115335398,-0.053045244650247625,-22.070066435515074,22.070913314239693
2.663516538174583,-0.0732819338018631,0.4359936245791123,-20.317455890370063,20.322265487381777
2.666003481720965,-0.3229122821193141,0.8388385120524027,-17.042134244210324,17.06582145661122
2.6684904252673465,-0.5390236080846791,1.155489414632589,-12.617596953412207,12.681855349914601
2.6709773688137277,-0.6976738864135544,1.3428506993799423,-7.479588717499064,7.6311364969805044
2.6734643123601094,-0.8036515117932459,1.3913455566769635,-2.0638542359726486,2.6155673414834006
2.6759512559064906,-0.8425912656793183,1.3153391935871515,3.1938617916784633,3.555394546253501
2.6784381994528723,-0.8049163328974334,1.129196817253694,7.85781466598381,7.979237249262061
2.680925142999254,-0.7002035116040152,0.8472836348986688,11.592816157221709,11.644808326922792
2.6834120865456352,-0.5619716166067403,0.5222720803859566,14.1642345054095,14.184996275926736
2.685899030092017,-0.3854322362001513,0.16373895777493574,15.476301646874683,15.481966319561979
2.688385973638398,-0.18016216868930413,-0.19000850887446585,15.51944077772602,15.521649515879965
2.69087291718478,0.02989657761040143,-0.50066309542418,14.336747530613536,14.345518014244933
2.6933598607311615,0.22559039765452238,-0.7442827876191596,12.129334847774313,12.15424254097689
2.6958468042775428,0.3925540896694718,-0.9065023777671632,9.141411301347603,9.194631360452654
2.6983337478239244,0.5259992584731795,-0.9921102713799235,5.641127480088153,5.751806434251556
2.7008206913703057,0.6115607021935935,-0.9915296639309152,1.949306409293328,2.270888161982999
2.7033076349166874,0.6348732189095015,-0.8999721541370191,-1.6036520790818152,1.9454341091524963
2.7057945784630686,0.6103020265724516,-0.7318029539195983,-4.778327816153803,4.872414272784393
2.7082815220094503,0.5474239397645746,-0.520540888404911,-7.340089036338874,7.378857828126985
2.710768465555832,0.431873756417407,-0.290127976002287,-9.106976410562693,9.121825942566906
2.713255409102213,0.2780166943354997,-0.05492942840466686,-9.997587079459588,10.00160276834725
2.715742352648595,0.128948391196208,0.1659011394506411,-10.026286250054563,10.028487764548366
2.718229296194976,-0.024907951895288827,0.33884490274066303,-9.207439129355523,9.213705638610783
2.720716239741358,-0.16918711728106273,0.4639018599598361,-7.708639830604183,7.724438960488027
2.7232031832877395,-0.294312290673565,0.5458604129967233,-5.683117257064538,5.716852724398559
2.7256901268341207,-7.8127318043129135,-5.716818209032529,-2.8531440131582952,10.092631938254234
2.7281770703805024,-5.198889498308375,-3.844002366787816,-0.42539773258491387,6.479642694036441
2.7306640139268836,-2.6712380507034563,-2.090899385694459,1.9161562068290863,3.896027152573901
2.7331509574732653,-0.2968151005271613,-0.49581649344749046,4.003923691923708,4.045409513241334
2.7356379010196465,1.857341713140403,0.9077274856501396,5.665522206231968,6.030906175433638
2.7381248445660282,3.724194751172889,2.1245209539328105,6.800395283109063,8.039190993806235
2.74061178811241,5.279802004276944,3.1641407171272915,7.35587048912814,9.591502819421777
2.743098731658791,6.481067849831456,3.978702741190588,7.308005810800365,10.54709746364223
2.745585675205173,7.318415488408277,4.601725848596892,6.714262091097275,10.94606785446559
2.748072618751554,7.801421733812759,5.066728861892927,5.641676979646487,10.87945042598283
2.7505595622979357,7.9348749964819625,5.340192957213098,4.214748965934902,10.45198597759834
2.7530465058443174,7.761870913367586,5.46521376388883,2.5675533461038924,9.833998766822729
2.7555334493906987,7.3111399114127655,5.446579684760343,0.8389538196329838,9.15542683757418
2.7580203929370803,6.620989224153165,5.303444332700284,-0.813032300704938,8.52203271634137
2.7605073364834616,5.763244908319295,5.035807707371063,-2.278271735323738,7.9852910553630485
2.7629942800298433,4.752272180750458,4.672400228427822,-3.451419607942902,7.505179017494506
2.7654812235762245,3.650320291440895,4.218010298994404,-4.236707848908684,7.004722871715372
2.767968167122606,2.514850087018233,3.6870031289059386,-4.624559648317106,6.42689777214331
2.770455110668988,1.398534010741766,3.0985323313876014,-4.624551809531788,5.739623631118984
2.772942054215369,0.34925610250344796,2.4765399230546956,-4.222319119300169,4.907464575605962
2.775428997761751,-0.6186184210940746,1.8401795172716833,-3.4944760274413245,3.9975382566105946
2.777915941308132,-1.4667823268936215,1.1990279208316172,-2.532002193721059,3.1623019239834633
2.7804028848545137,-2.161716785105263,0.5722387472371229,-1.4163004712504428,2.6469574359459527
2.7828898284008954,-2.698633385907858,-0.025822793260897647,-0.23356211644663993,2.7088448147554227
2.7853767719472766,-3.072743719526747,-0.57600308702242,0.9156564043253379,3.257600370354294
2.7878637154936583,-3.2792593762343265,-1.0687253269804755,1.930798624715516,3.9526825334642797
2.7903506590400395,-3.3277571563102257,-1.4848358993591928,2.763980514910246,4.573652110316574
2.792837602586421,-3.2421790700415385,-1.8099695936354878,3.3481644318284243,4.9997920071400355
2.7953245461328025,-3.0416787244414127,-2.0584916191407943,3.6498315556446492,5.177882539549528
2.797811489679184,-2.754986533209882,-2.196883151936327,3.6689818897890945,5.087010368480671
2.800298433225566,-2.382102490171272,-2.2586630145008515,3.4104038410255413,4.733584819736096
2.802785376771947,-1.9565454124381565,-2.2438312060043866,2.926769849334107,4.174785046315928
2.8052723203183287,-1.511834117169069,-2.138022515589725,2.2851175646689477,3.475420112643008
2.80775926386471,-1.071910614927774,-1.97475576553676,1.5429078303565795,2.7256590529431888
2.8102462074110917,-0.6463517063629248,-1.7683961647784168,0.7432362797756262,2.024202482830211
2.8127331509574733,-0.2543109988090779,-1.5141553089006892,-0.01812901715976345,1.5354703008689523
2.8152200945038546,0.09463470699359111,-1.2455520199872656,-0.6789388137636259,1.42172904419122
2.8177070380502363,0.39090861026015555,-0.9625862968142629,-1.2296162998621218,1.6097633879787234
2.8201939815966175,0.624933910160073,-0.6796233480542364,-1.6222774387058632,1.8666050400184993
2.822680925142999,0.796710612458154,-0.41581678563578217,-1.8186150001736863,2.0285492150984794
2.825167868689381,0.9110271261946181,-0.17116660814178264,-1.832994190655783,2.054053586297844
2.827654812235762,0.9774602636848387,0.0447503792677848,-1.6797802165301547,1.9439888732638206
2.8301417557821438,0.9816448205978533,0.22235737149679036,-1.38291509080329,1.710416178255171
2.832628699328525,0.9475228191203935,0.3760195801139705,-0.9711292297899305,1.4079354382695708
2.8351156428749067,0.8990362813945514,0.5009486034697228,-0.4683646464729492,1.130743640551535
2.837602586421288,0.8026663896741417,0.5827792333367361,0.06312941961424201,0.9939267033045777
2.8400895299676696,0.6871435693326269,0.6406650847923729,0.5706805355904301,1.0992244126878647
2.8425764735140513,0.5764098423788393,0.6793945630153053,1.0207698818672561,1.3549156543391356
2.8450634170604325,0.4561000042150193,0.6846024599649252,1.3894554455081387,1.6147117938155986
2.847550360606814,0.33579086680078296,0.6754423909045197,1.6384300036272688,1.8037269212504667
2.8500373041531954,0.22505924205189484,0.6519143578775477,1.762905156591959,1.8930078139242816
2.852524247699577,0.11432832855903113,0.5996531530276932,1.7580925047806932,1.8610599469155225
2.855011191245959,0.02275174479103481,0.5569660050829541,1.6431456651844716,1.735124332641215
2.85749813479234,-0.06403571406894815,0.5190645129491567,1.4372182548053232,1.529419776655554
2.8599850783387217,-0.15561084956099802,0.46679506563148543,1.1498870840152193,1.2507408507696638
2.862472021885103,-0.23760844666689296,0.40494606879677697,0.8146709797984926,0.940280754821268
2.8649589654314846,-0.2956632904116226,0.35267113813258666,0.4555119625093873,0.6475220930268827
2.867445908977866,-0.3537173924257465,0.3003934694641117,0.12029406911415386,0.47939847023660453
2.8699328525242476,-0.40698234446088166,0.23374785535548925,-0.17182908333242608,0.499797881613186
2.8724197960706292,-0.4458813349911888,0.1718879116719525,-0.4064922810858853,0.6273687860061864
2.8749067396170105,-0.4704143591740651,0.12439044769690799,-0.5597535037505956,0.741678257572953
2.877393683163392,-0.485369815529839,0.06731344952989193,-0.622035940882208,0.7918608906015608
2.8798806267097734,-0.4955361026212368,0.019810533211441328,-0.6124932019481921,0.7880967000691701
2.882367570256155,-0.47697119913140856,-0.02769510508192452,-0.5407020897656203,0.7215450737987624
2.8848545138025368,-0.4584055203090976,-0.07999186579579076,-0.3970857938606045,0.6117282463065219
2.887341457348918,-0.4350506582029056,-0.1179261327168386,-0.21037473031230647,0.497426552502283
2.8898284008952997,-0.3877529949423741,-0.14628630617630867,-0.009299315190261837,0.4145341309524432
2.892315344441681,-0.32608933262066225,-0.1746491897689859,0.2061404553672208,0.42347429635688316
2.8948022879880626,-0.2740016833335389,-0.19822637707220725,0.4359445852309154,0.5517411534668596
2.897289231534444,-0.21712483265572774,-0.21701786492743613,0.6418058517183631,0.711445498933948
2.8997761750808255,-0.13630516288298883,-0.2214468434795691,0.7997822421170397,0.8409931252521522
2.902263118627207,-0.06984989619609577,-0.21630171277879207,0.9002969536842009,0.9285472759976718
2.9047500621735884,-0.012970624934014963,-0.2111592761402168,0.9577152002875664,0.9808031820263904
2.90723700571997,0.03433265520298878,-0.20123112686292233,0.9576717758816038,0.9791873814301498
2.9097239492663514,0.09121356175510326,-0.18651726151147896,0.91932029767157,0.9424746216215785
2.912210892812733,0.13851848565939817,-0.14786406331465063,0.8426607695899087,0.8666765975236375
2.9146978363591147,0.16667062445299125,-0.1187903519703779,0.7276931955774248,0.7559283244240029
2.917184779905496,0.18524678891390112,-0.08971931723981186,0.5696291762629411,0.605675925837313
2.9196717234518776,0.19903538645960867,-0.06543935879129847,0.3924107322051178,0.4448410699248651
2.922158666998259,0.19845961450655208,-0.03158526295852093,0.2295566906113784,0.305090349946858
2.9246456105446406,0.16915426711091663,-0.007310639264197061,0.10979747537671969,0.20179716828385855
2.927132554091022,0.1350613648515629,0.01696132274372797,0.0044026705601005744,0.1361934001809363
2.9296194976374035,0.10096931498647138,0.03644222360894078,-0.0722625098889047,0.1294013468471073
2.932106441183785,0.06687812141377536,0.036766857286837595,-0.10104444869292273,0.1266272700891994
2.9345933847301664,0.02321098135161842,0.05145405098797484,-0.09630835180928443,0.11163139185103442
2.937080328276548,-0.015666891419515494,0.046984985490295283,-0.07241942518798794,0.08773604443347517
2.9395672718229293,-0.05454389643946872,0.04251327814665817,-0.02937766481085724,0.07513629380874261
2.942054215369311,-0.08863162664638735,0.03803893307987627,0.05197054662865419,0.10956031849497803
2.9445411589156927,-0.11314167501720462,0.023985147823046837,0.14289479324101073,0.18383483858394023
2.947028102462074,-0.1328624412080825,-0.004436476719738014,0.24339507906528723,0.2773324271026621
2.9495150460084556,-0.14779392159339189,-0.02807232299251794,0.3534714081475343,0.3841524891966089
2.952001989554837,-0.1483593059451943,-0.03255717670954317,0.4491817679388337,0.4741673903427907
2.9544889331012185,-0.13934699403466272,-0.04183305009774152,0.525737759177991,0.5454977362487142
2.9569758766476,-0.13512219231163708,-0.06547674537360137,0.573562579290007,0.5928905829928723
2.9594628201939814,-0.1308964939825829,-0.07954624146217704,0.6022330389874266,0.6214065737628809
2.961949763740363,-0.11709308897139226,-0.07925313052081462,0.5973839323874426,0.6138887626084193
2.9644367072867444,-0.1032887805207684,-0.0789626179394296,0.5781688768555266,0.5926068826614292
2.966923650833126,-0.07511835530928612,-0.0834631024189143,0.549376279802205,0.5607344768953243
2.9694105943795073,-0.061312229935603035,-0.0831777726511036,0.5157945486438731,0.5260434847173869
2.971897537925889,-0.0618704011136082,-0.07810662392061962,0.4630584775214093,0.4736578351919045
2.9743844814722706,-0.057639252312918055,-0.0634612481442125,0.40074487718291074,0.4098122375083006
2.976871425018652,-0.05340718364151281,-0.044030043831996935,0.3144885417804826,0.3220155507666985
2.9793583685650336,-0.05396259524402258,-0.0341782160877,0.22823149203404647,0.2370015318441945
2.981845312111415,-0.05930548398126545,-0.03390576000741374,0.151550538707939,0.1662356964511503
2.9843322556577965,-0.0742242500707126,-0.03363586400017038,0.09402249257165884,0.12442202278931684
2.986819199204178,-0.10350729376602474,-0.019003313108538755,0.07001256772008801,0.12639875557388694
2.9893061427505594,-0.12800099875531146,-0.009161715571413875,0.0747323649717977,0.1485029261962427
2.991793086296941,-0.14770536204382928,0.005465740339782421,0.09381667850956532,0.17506660863947682
2.9942800298433223,-0.16740878399284398,0.03445586639892273,0.12247710916152421,0.2102701832305927
2.996766973389704,-0.18711126167886866,0.025136231260840525,0.16550206440102144,0.2510645090212003
2.9992539169360852,-0.20202438889350277,0.020602470031362063,0.2276799517059125,0.3050843750308971
3.001740860482467,-0.21214816278389076,0.025642991298266526,0.2754919519958783,0.34865487461069933
3.0042278040288486,-0.21269417721195477,0.03546939705289054,0.3376684893589843,0.40064560381107955
3.00671474757523,-0.20845083271515558,0.03571648268983596,0.3902675513639533,0.4438875741029377
3.0092016911216115,-0.20899493318602902,0.04553786688950723,0.4237123355444812,0.47464167822773234
3.0116886346679927,-0.19517286262983696,0.040991538492825,0.4667332660006771,0.5075556069307016
3.0141755782143744,-0.18134982832846935,0.046019519586886215,0.4905999269927026,0.5250655623662803
3.016662521760756,-0.17231423095747156,0.07019862234061502,0.5001007260265684,0.5335923321612539
3.0191494653071373,-0.15848926126557045,0.0752216257622984,0.4952356672915492,0.5253908117549597
3.021636408853519,-0.15424012663701347,0.0754537454258637,0.47121635166005404,0.5015258063505853
3.0241233523999003,-0.13562480792734416,0.09004860026747386,0.44240799328908054,0.47141030054670147
3.026610295946282,-0.13137372254917795,0.0902757760618047,0.41359899969821257,0.4432526404561529
3.029097239492663,-0.13669846470641495,0.10965410178894919,0.38478937508982014,0.42281598299289314
3.031584183039045,-0.12765701535501522,0.11945316330601274,0.34640231702862856,0.38802053687397275
3.0340711265854265,-0.11382617872627326,0.10530775647182988,0.3128030396837893,0.34913015362751754
3.036558070131808,-0.1287247756860309,0.10552511370918216,0.2983567572272108,0.341646560178632
3.0390450136781895,-0.13883398064857383,0.10574003095763906,0.283909860591244,0.3332576139724202
3.0415319572245707,-0.12978858134210225,0.09637570751703484,0.27425075731232695,0.31835016998988613
3.0440189007709524,-0.1351073987304252,0.0917973593284156,0.2645910482886631,0.310948849822388
3.046505844317334,-0.135636817286251,0.08721658909096419,0.27887275434262015,0.3221398651686023
3.0489927878637153,-0.1361652381160149,0.07305659622265992,0.2787886531346775,0.3187496689245015
3.051479731410097,-0.13669265903784172,0.06847100010214557,0.278703958850798,0.3178821441492601
3.0539666749564782,-0.13721907790169396,0.07345980686537423,0.2929838856788898,0.3317604193275473
3.05645361850286,-0.13774449258920685,0.06886940940528419,0.2976864212461727,0.33516226843850505
3.0589405620492416,-0.1334804976932114,0.0594882172543465,0.3119651830643875,0.3444969763305979
3.061427505595623,-0.13400389779881905,0.050104639982722965,0.3262433687249775,0.3562334279795991
3.0639144491420045,-0.12973788424106908,0.05508389383859713,0.34052098246147544,0.36853859155358387
3.0664013926883857,-0.12068245502663799,0.05527237186509426,0.3643748351493894,0.38779931734467304
3.0688883362347674,1.7319092668069507,-2.4728184693812607,2.2892242425482703,3.7887845707608623
3.0713752797811487,1.808004373035243,-2.477423120573011,-3.2797781055577806,4.490372985951219
3.0738622233275303,1.773967221028269,-2.2761287823073584,-8.111366897313367,8.60941315524826
3.076349166873912,1.6154326026960226,-1.9168194813173884,-11.808104652893464,12.071253245272231
3.0788361104202933,1.3611309398011264,-1.4138604210582864,-14.125782798722284,14.261466208009518
3.081323053966675,1.035004250755874,-0.8199240315123073,-14.954268054192156,15.012449575374639
3.083809997513056,0.6514177473020835,-0.18289433930624677,-14.331867641624578,14.347829993343804
3.086296941059438,0.23910185111282495,0.430191015686717,-12.440540882950014,12.450272746632255
3.0887838846058195,-0.18278982280904382,0.981024813549948,-9.529284746582391,9.58139288337406
3.091270828152201,-0.5759500462084863,1.4312998344007926,-5.952441073984909,6.149137533910419
3.0937577716985825,-0.9164368008210092,1.7379204550707916,-2.059563303296575,2.846405613811639
3.0962447152449637,-1.1946732783717462,1.8960982789873722,1.7566994974574772,2.847529815471951
3.0987316587913454,-1.4058710739352607,1.891468102970994,5.137217083497475,5.652001806799329
3.1012186023377266,-1.5260881693332553,1.743183547117305,7.832992486406438,8.168439586091036
3.1037055458841083,-1.53617094973646,1.460821424914342,9.64291277097279,9.873175129151367
3.10619248943049,-1.4792150435079217,1.07790056648413,10.480786681671205,10.639400182475676
3.108679432976871,-1.345643642515625,0.6279398019816687,10.341825819421164,10.447891006648266
3.111166376523253,-1.1450335519365344,0.15882317155398562,9.283491028305157,9.35518745442897
3.113653320069634,-0.8965383836162819,-0.2911420912601006,7.4877416387330715,7.546841699612999
3.116140263616016,-0.6193117494281339,-0.6980139628513784,5.1939978209574775,5.277156800723875
3.1186272071623975,-0.3325072612728224,-1.0186968062982147,2.632102938588705,2.841877925120752
3.1211141507087787,-0.04570172443800913,-1.2436138078900727,0.03190035523768309,1.2448620740691496
3.1236010942551604,0.21716284580083153,-1.3583997505656933,-2.3528245488872725,2.7254711412487658
3.1260880378015417,0.446509644101941,-1.348689417233287,-4.297016813499355,4.525780319671875
3.1285749813479233,0.6231850584561072,-1.224059607372597,-5.666601141399546,5.830698931963023
3.1310619248943046,0.7424006867884768,-1.0132407337147544,-6.394539881875786,6.516744268812672
3.1335488684406863,0.8041565303178903,-0.7353864023207175,-6.461679417420054,6.55292009561242
3.136035811987068,0.7940873802758981,-0.4192270258629538,-5.891961760409317,5.959994920539194
3.138522755533449,0.7361352544304218,-0.08391621034420593,-4.80030858630884,4.857149325166382
3.141009699079831,0.6303001539217828,0.241815631620812,-3.3399487971484785,3.4074933677563575
3.143496642626212,0.4813704831847646,0.524449684125488,-1.6449576816791636,1.7923868967876735
3.1459835861725938,0.30371145326909116,0.7544091478929063,0.09312863150196904,0.8185638345766039
3.1484705297189755,0.10689987187862116,0.9125404170333944,1.7306580469985775,1.9594220757580734
3.1509574732653567,-0.08991064666737325,0.9844782890051147,3.1048248561294347,3.2584074044148847
3.1534444168117384,-0.26756648807501676,0.965434367934229,4.110284190055715,4.230613604118359
3.1559313603581196,-0.43564445799715823,0.8697738712551342,4.718305633059607,4.8175409420018225
3.1584183039045013,-0.5749909421897814,0.7070736131086015,4.866639946178756,4.9512374255025895
3.1609052474508825,-0.6568755197927537,0.501275617622901,4.593594360173572,4.667319556141906
3.163392190997264,-0.7148170131346483,0.25716829567117605,3.956629719082885,4.028897818075691
3.165879134543646,-0.7344502113652409,-0.0013063285662560098,3.0275720769029864,3.115383042309795
3.168366078090027,-0.7014099036585011,-0.25020623088344873,1.9165547141891537,2.056151984509851
3.170853021636409,-0.6348497024546134,-0.45601258040847936,0.7576529280946165,1.0885860451282008
3.17333996518279,-0.5395580102566895,-0.6235137728068494,-0.35336521079362804,0.8970837438674354
3.1758269087291717,-0.4107464229509378,-0.7479213970786174,-1.339885245173492,1.588518652836236
3.1783138522755534,-0.2627801497282324,-0.8052934289181537,-2.0917738945054563,2.2567828738016584
3.1808007958219346,-0.11960120644365951,-0.7860530539563899,-2.575512331377711,2.695449428443353
3.1832877393683163,0.018790407626198657,-0.7093538777222856,-2.7575817283837196,2.8474186541452147
3.1857746829146976,0.14281788654111488,-0.5847726990803912,-2.652347291324051,2.7197981932672626
3.1882616264610792,0.2524812309785346,-0.4218863168718947,-2.2837510326442745,2.3360765431517776
3.190748570007461,0.33820363495259675,-0.23984833655541804,-1.7236189979975167,1.7727863304700637
3.193235513553842,0.39040829245484976,-0.04823555692623138,-1.0102584097998637,1.084143605958567
3.195722457100224,0.4043068007748222,0.1433752232431904,-0.23464892699484174,0.48895865135268546
3.198209400646605,0.3894759671407151,0.3014651886009867,0.5313834047499046,0.7245281994249947
3.2006963441929868,0.3602810020789869,0.4308227503798716,1.2303777497228143,1.352494010972652
3.203183287739368,0.29277988953169387,0.5027174965921404,1.795296465566615,1.887202783054868
3.2056702312857497,0.1965494366613391,0.545879855115329,2.1830439265203854,2.2588265277329653
3.2081571748321314,0.09074325724945287,0.5411562206450573,2.3648897167788263,2.427712455461997
3.2106441183785126,-0.01506184158440177,0.48375819785886787,2.345622243773402,2.3950349816969565
3.2131310619248943,-0.12086585938265587,0.4024162146970993,2.1443951248909645,2.185172262653813
3.2156180054712755,-0.23624560234938635,0.2923418758783436,1.780361977512726,1.819605596824355
3.218104949017657,-0.3324706501471243,0.15832359278193042,1.3014068389359998,1.3525024412806144
3.220591892564039,-0.40954100238106267,0.029091793408586586,0.7889325696943459,0.8893732425700345
3.22307883611042,-0.47703346531758684,-0.08098830418224257,0.2668811904719579,0.5525808558708402
3.225565779656802,-0.5253712319623607,-0.17670509519316724,-0.22644006809266592,0.5987609927831689
3.228052723203183,-0.5497658986616087,-0.2676353781279954,-0.6335703620856084,0.8805013586986735
3.2305396667495647,-0.5358522551410809,-0.31068351494835245,-0.9209908642008973,1.1099036254296861
3.233026610295946,-0.5075723177090061,-0.3154263041208054,-1.0791247637405341,1.2335451620244258
3.2355135538423276,-0.46492608609187935,-0.3010173507343272,-1.1127604599739662,1.2429817183906204
3.2380004973887093,-0.4222787699967559,-0.2530914366177268,-0.9979559322553762,1.1127850994701964
3.2404874409350906,-0.36526515922840874,-0.190802166824382,-0.7586531931489304,0.8633532132830122
3.2429743844814722,-0.2890968502514802,-0.10457272646828653,-0.4523130784675189,0.5468999587667764
3.2454613280278535,-0.21771585947176936,-0.003979913927642187,-0.09330079414850267,0.23689886738679006
3.247948271574235,-0.16548739667343665,0.09661106911595674,0.2848648405826122,0.34331873606553515
3.250435215120617,-0.11804625173763306,0.19241182763819697,0.6295113932121321,0.668761409733139
3.252922158666998,-0.07060402120491788,0.27863396663098516,0.9166968511405713,0.9607054345957767
3.2554091022133798,-0.04231431823592596,0.33612388114145775,1.1416328150426782,1.1908380449849751
3.257896045759761,-0.02360033608784534,0.36966998283409325,1.2899540789450814,1.3420858384839143
3.2603829893061427,-0.004885268036145807,0.3888490867091643,1.3137766136244675,1.3701227932506304
3.262869932852524,-0.010111130616570652,0.37450758786037763,1.2561960529359784,1.3108724925557311
3.2653568763989056,-0.029701117140632505,0.35058751127923893,1.126789207484741,1.1804438476812282
3.2678438199452873,-0.06844363089857375,0.30751205872980236,0.9255560812274499,0.9777025398207451
3.2703307634916685,-0.10718505859674865,0.24049283531087173,0.6860155013548752,0.7348079400233991
3.27281770703805,-0.14113699691990178,0.17347186605736908,0.4416862950499443,0.49507466451833365
3.2753046505844314,-0.1798762525310849,0.10644915941655686,0.20693367620602032,0.29412316487018875
3.277791594130813,-0.22340282546990897,0.03463632052906096,-0.00866554461205915,0.2262379030824721
3.280278537677195,-0.25735150583209154,-0.03717823881047044,-0.18116934688689135,0.3169137915056967
3.282765481223576,-0.2769338903708515,-0.07547568687234918,-0.29142411342976615,0.4090439742046237
3.2852524247699577,-0.31088039909835563,-0.09940962843749102,-0.33942984034189294,0.47089437593175376
3.287739368316339,-0.33046061219959744,-0.12334526495386511,-0.32039812041272775,0.476522010158902
3.2902263118627206,-0.32609772315726526,-0.13291737793522307,-0.23911735308112902,0.42565697803519287
3.292713255409102,-0.32173374871252713,-0.12333755552386139,-0.10516434111509732,0.3602558761566419
3.2952001989554836,-0.31258028570082247,-0.089817385850258,0.04315369278654657,0.32807901336552686
3.2976871425018652,-0.2842721243329489,-0.05629887695518132,0.1914715425176432,0.3473349331887996
3.3001740860482465,-0.24638607143715452,-0.027570423586906756,0.3541544218845196,0.43230958698062016
3.302661029594628,-0.2037105305370301,0.015521596118940995,0.5024719148017507,0.5424176668972864
3.3051479731410094,-0.17539911513269008,0.06340038411560878,0.6220588151354178,0.6494163747419812
3.307634916687391,-0.14229821217715388,0.10170073904655208,0.7033383200625423,0.7247596939536775
3.3101218602337728,-0.11877303188089133,0.12084586288579313,0.746310433391292,0.765303873417278
3.312608803780154,-0.09524676786794894,0.13041257089859348,0.7461867555999238,0.7634618914329725
3.3150957473265357,-0.07171942041795476,0.13997767835995623,0.6933904838367262,0.7110047740904838
3.317582690872917,-0.05776779646599722,0.1351759839527964,0.6070752351620676,0.6246198892872554
3.3200696344192986,-0.04860349300094019,0.12558430297080125,0.4968178199859068,0.5147442694582459
3.3225565779656803,-0.03943810702618239,0.10162583743536757,0.3913486619894577,0.4062474004362209
3.3250435215120615,-0.054213655481403444,0.06808899933754686,0.2954561682424117,0.3080090576978753
3.327530465058443,-0.07856492875804777,0.03933900731744755,0.1947751325230591,0.21367582403457475
3.3300174086048244,-0.09333831394138897,0.0010106601014805427,0.10367076852133827,0.13950157894829332
3.332504352151206,-0.117687424693171,-0.04689603361506478,0.04129669323726226,0.13324783214772623
3.3349912956975873,-0.1468238580874212,-0.07565064520734666,-0.0019238962613918886,0.1651785906247769
3.337478239243969,-0.17117080789158118,-0.09482997260562831,-0.01162578631577027,0.19602889604877327
3.3399651827903507,-0.20509348448819698,-0.10443400709235107,0.012191026761561474,0.23047433772630008
3.342452126336732,-0.22464987171075207,-0.10446273994306798,0.05994974000672748,0.2548999808217816
3.3449390698831136,-0.22983997000760215,-0.10449296906729844,0.1364387604061612,0.2869855880332054
3.347426013429495,-0.24460579644180847,-0.09015947576659755,0.22250447833391718,0.34273746454405557
3.3499129569758765,-0.25937054484726885,-0.06625065461762203,0.30378168747351353,0.4049018923342888
3.3523999005222582,-0.2597690057504538,-0.04713170683175294,0.38505879477878224,0.46687429740128333
3.3548868440686395,-0.26016638961245936,-0.018437413692875992,0.4376053839503147,0.5094359239099325
3.357373787615021,-0.25577429362574766,0.015043830239295897,0.47578666856046326,0.5403885269765477
3.3598607311614024,-0.25138112163588844,0.058100437050792486,0.5043910555297408,0.5665496147724545
3.362347674707784,-0.23262166421955105,0.07721359227003832,0.5138417418064698,0.5693049386034026
3.3648346182541653,-0.21386113188749672,0.09153691795353369,0.5089271342885784,0.5595734260093289
3.367321561800547,-0.18552271856100966,0.11064722952153838,0.49443563986259065,0.5395628698023883
3.3698085053469287,-0.17154844141551212,0.11539092247657434,0.4655788587629015,0.5094188909620961
3.37229544889331,-0.15278468775545156,0.11534481224692694,0.39841477793114244,0.44202027306304764
3.3747823924396916,-0.13401986149851386,0.11529731094420859,0.3168854175003677,0.36286521052786075
3.377269335986073,-0.1296191732145744,0.10567162072248815,0.2592980075528608,0.30854996064143436
3.3797562795324545,-0.12042901024277436,0.08167934705929092,0.2064989383154412,0.2526192268404975
3.382243223078836,-0.10166096989448614,0.06726251535691885,0.17764182656551242,0.21544330418362728
3.3847301666252174,-0.0972570694141413,0.05284432777813475,0.16793827246700666,0.2011335971153318
3.387217110171599,-0.10242890613535033,0.024059583167796994,0.16781147285154674,0.19806876274389648
3.3897040537179803,-0.0932344641214013,6.190361510993725e-05,0.17726143117931592,0.20028550650459404
3.392190997264362,-0.1031925672901346,-0.014360298749745759,0.20107655421867143,0.22646568124235783
3.3946779408107433,-0.12751481300756418,-0.028783821755851147,0.23925684540543912,0.2726396412933909
3.397164884357125,-0.13747078204871255,-0.043208656590246974,0.2774370982022578,0.3126284494096911
3.3996518279035066,-0.15221408840213185,-0.04805798779815085,0.29646370273906797,0.33670376585517675
3.402138771449888,-0.15737952282451195,-0.05769701652541137,0.33464388897717434,0.37427769416593887
3.4046257149962695,-0.16254389268428937,-0.04818371735467464,0.3824008536622774,0.41829726337703366
3.4071126585426508,-0.17728400535995537,-0.029094888110332118,0.38706216364472645,0.42672385637078974
3.4095996020890325,-0.18244624831808587,-0.024372536577476733,0.3821466455278859,0.42416590239289714
3.412086545635414,-0.1876074289569462,-0.005286234017801483,0.39159631926183636,0.4342489711321659
3.4145734891817954,-0.18797914472357186,0.018587221744216897,0.3818923649401764,0.4260556560624153
3.417060432728177,-0.17398458975427267,0.03288262956332488,0.3578231892061936,0.39923594469017043
3.4195473762745583,-0.16477737811670218,0.04238840157473156,0.3337540053309631,0.374619936737937
3.42203431982094,-0.1699343172472409,0.05668135323299772,0.3096848166116981,0.35776407536591887
3.424521263367321,-0.1703017946696297,0.05660788006958484,0.29040402965294554,0.3413819763730037
3.427008206913703,-0.170668214518292,0.051744797536371845,0.2854884543665417,0.33661375654530046
3.4294951504600846,-0.16145677097572053,0.04209211444291805,0.2614192707684069,0.3101291184672404
3.431982094006466,-0.15224427151454178,0.022861436276532032,0.2373500953847376,0.28290640016932017
3.4344690375528475,-0.1478191202958573,0.013206385123928133,0.24679975468946758,0.2879844090360866
3.4369559810992287,-0.14818131816911373,0.00355016314753831,0.2418842186979404,0.28368694359773294
3.4394429246456104,-0.14854246267199894,-0.010895624172527985,0.23696870057624864,0.27988880451987885
3.441929868191992,-0.14411415135064215,-0.03491937135903589,0.25599522011772713,0.29584084207348654
3.4444168117383733,-0.14926159504075298,-0.044579053015976644,0.2798101672194715,0.3202499733041356
3.446903755284755,-0.16398479462532461,-0.044663063672556014,0.28925993176508413,0.33549532075674293
3.4493906988311362,-0.16434173439390043,-0.039959797861545354,0.30349813018713157,0.34744223424306947
3.451877642377518,-0.16948602852683592,-0.025680843478900872,0.3177363623030214,0.36102827523220965
3.4543645859238996,-0.17462927461082628,-0.016191401705845987,0.3080326146352732,0.3544596404660849
3.456851529470281,-0.17977147356066137,-0.0114914637669421,0.2983289068958275,0.34849673332089903
3.4593384730166625,-0.18970102961913293,0.007572592390010957,0.2982020488219508,0.3535085383914701
3.4618254165630438,-0.20441794371629207,0.02663556557029878,0.29807523685585835,0.36241550172850345
3.4643123601094254,-0.2143454101490509,0.031332254574272245,0.2979484740665477,0.36837339511324113
3.4667993036558067,-0.22906023650291546,0.04081628143926386,0.3026101668294334,0.38171648359199567
3.4692862472021884,-0.2389856170894335,0.06466446155660144,0.2976951082247421,0.3871924524380136
3.47177319074857,-0.24412155286792991,0.08372319039009524,0.3071453178812238,0.4011772070794945
3.4742601342949513,-0.2492564481251025,0.08362726671801157,0.31180718553076936,0.4078553881209454
3.476747077841333,-0.2448134971936825,0.09789552251565725,0.30689231085214175,0.40459865570338016
3.479234021387714,-0.25952312097575386,0.09779754658796769,0.3067659067912274,0.4135479802986172
3.481720964934096,-0.2598664972161053,0.08812175097553343,0.30663957299849365,0.41148981408907376
3.4842079084804776,-0.25542043354900035,0.0880217576731277,0.2969365057898745,0.40144578235289297
3.486694852026859,-0.25097333429496044,0.09270917206697593,0.29202191806862743,0.3960548014416114
3.4891817955732405,-0.2465252004606588,0.07345358293454352,0.3014726194034001,0.3963027170712273
3.4916687391196217,-0.24207603305914577,0.05898541888961972,0.325288612707876,0.4097471988685842
3.4941556826660034,-0.2376258331097495,0.054093091936784354,0.32516267431886803,0.40635312712784943
3.4966426262123846,-0.23796300495829475,0.039622997471190136,0.3154600170822164,0.3971289413211981
3.4991295697587663,-0.24308754963638363,0.039517160762719605,0.3153342571496225,0.4001110552272608
3.501616513305148,-0.22426904825974037,0.04898718715107542,0.30563178409579983,0.3822396342111658
3.5041034568515292,-0.20544951847343257,0.03930266536587279,0.30071781072311765,0.36631326188377605
3.506590400397911,-0.2105709779283384,0.029617217331118884,0.29580393653813175,0.36430383635036095
3.509077343944292,-0.21569141107794026,0.034296061641538866,0.305255374314056,0.37533964379549317
3.511564287490674,-0.21123401234228822,0.034185593640503775,0.3147069168875838,0.38056393197420085
3.5140512310370555,-0.20677558942822727,0.024497418622932532,0.3002165504401386,0.36535769467845386
3.5165381745834368,-0.2023161434074377,0.033961965116318105,0.30009150430249676,0.3635108635410451
3.5190251181298184,-0.19785567535696452,0.03863722511491119,0.30954337790788955,0.3694006040089369
3.5215120616761997,-0.19339418635914013,0.03373480388417116,0.309418560713846,0.36644125589901216
3.5239990052225814,-0.19850848414211508,0.0384083232808754,0.29971705544435423,0.3615399437100729
3.5264859487689626,-0.20362176315790798,0.04786938854978384,0.2804388648085734,0.349856052808561
3.5289728923153443,-0.20873402450418777,0.04296439496404769,0.2898912180632909,0.35979542872382353
3.531459835861726,-0.2138452692835695,0.0332701577078125,0.29934369796603555,0.36938239278672474
3.533946779408107,-0.20937869196290665,0.028363491954134457,0.28964269390004027,0.3585203124700223
3.536433722954489,-0.21448790693570913,0.0234560029038291,0.2895186284367206,0.36107656044911823
3.53892066650087,-0.22438451199862525,0.023336102386825264,0.28939469757001923,0.36693633491535355
3.541407610047252,-0.22470329831229913,0.028003798901023114,0.2844825005991929,0.36360153763767944
3.5438945535936335,-0.22502107364347917,0.013517084330834095,0.289147250089723,0.3666378695483048
3.5463814971400147,-0.2253378391227523,-0.0009704195686399686,0.29860054531078895,0.37408604506791093
3.5488684406863964,-0.2256535958850911,-0.0010934943749623116,0.2984771788758671,0.3741782561500821
3.5513553842327776,-0.22117994174946481,-0.01079414824073055,0.2983539599848992,0.37155371846774776
3.5538423277791593,-0.21670528117970145,-0.010918759448481197,0.3030192945023895,0.3726943667937485
3.5563292713255406,-0.21222961532347234,-0.01104412621557982,0.29810797499644615,0.3661034650214287
3.5588162148719222,-0.2125413486528473,-0.011170240131920917,0.28362000398095333,0.3545968214887606
3.561303158418304,-0.2128520790032838,0.003068117160182293,0.28828580387647484,0.35836311974816
3.563790101964685,-0.208373404214175,0.02209414740329274,0.29774016720555174,0.36408355373577683
3.566277045511067,-0.2182589387303442,0.02675424568558782,0.29761788647548926,0.3700394037775412
3.568763989057448,-0.21377826379728476,0.02662522700316039,0.3022841741002207,0.3711950574786844
3.5712509326038298,-0.21408499386734103,0.0312839063379422,0.3213158391580979,0.38736925005582623
3.5737378761502114,-0.20960232347463859,0.04073029201688305,0.3211940608293773,0.3856912176933944
3.5762248196965927,-0.20990706043814117,0.04538758571174473,0.32107245480244373,0.38627519748411193
3.5787117632429744,-0.21021080261939523,0.05962100568110307,0.3065858135081747,0.3764812171952085
3.5811987067893556,-0.20093674456309024,0.0690653502466998,0.3016761559246177,0.36899065160755246
3.5836856503357373,-0.21081530737979637,0.0593554177151403,0.29676667777227195,0.36883142555070914
3.586172593882119,-0.21111607233966612,0.059221636260486044,0.3014341880375273,0.37274625138200895
3.5886595374285,-0.21141584727860335,0.059087207478770054,0.30610188241013603,0.3766780070341215
3.591146480974882,-0.21650303671539606,0.05416373627060356,0.3059813598847718,0.37872399954414543
3.593633424521263,-0.2215892385313391,0.054028037481614444,0.3106494294016322,0.3853879700439196
3.596120368067645,-0.21230924397017303,0.04910331266006507,0.30095247996362495,0.3715625729074911
3.598607311614026,-0.1982398608802105,0.039389569978534045,0.30083253044102953,0.36242349818472314
3.6010942551604077,-0.19853470375333832,0.034463624233730616,0.3007127764464972,0.36198334755608663
3.6035811987067894,-0.19882856384214487,0.029537080244733893,0.286228010256913,0.34975950418043716
3.6060681422531706,-0.1943330390426769,0.015033139493450864,0.28132025069620425,0.34224612313124503
3.6085550857995523,-0.1850481305740676,0.014893826686892542,0.28120109665094617,0.33695503180696257
3.6110420293459335,-0.17576224297847987,0.01954234327264004,0.28108214699223666,0.332086498664395
3.6135289728923152,-0.1808405874413581,0.019401890680838196,0.27617500057568733,0.33068471747437556
3.616015916438697,-0.18112955190857044,0.019260880284943216,0.28084486952266374,0.3347427920376366
3.618502859985078,-0.17662913760978477,0.01433091679997922,0.29030335265778007,0.3401165447217345
3.62098980353146,-0.17212774909747997,0.004612008243290777,0.29976204879014645,0.3456971485625349
3.623476747077841,-0.1724137909265807,0.004469372574984476,0.2948557500727187,0.34159391672545086
3.6259636906242227,-0.17748726433409173,-0.005250595505377209,0.285161265244513,0.33592595158726923
3.628450634170604,-0.17298296059842644,-0.010182678074588836,0.27546699970870137,0.3254364139408514
3.6309375777169857,-0.17326609092216066,-0.015115270509406642,0.2705613588529392,0.32164119538760566
3.6334245212633673,-0.18312505986949013,-0.02004836488518036,0.2560791347680951,0.315457204308841
3.6359114648097486,-0.17382944876462314,-0.0201935499760304,0.26553915273261985,0.31801807865655185
3.6383984083561303,-0.1645328721370296,-0.010762414575337775,0.2749993981656811,0.32064242478598864
3.6408853519025115,-0.16481213787766136,-0.020485370738097863,0.27967146975214696,0.32526730883906646
3.643372295448893,-0.169878843918585,-0.030208797335816495,0.30349738608322063,0.3491161073438733
3.645859238995275,-0.16536778155325316,-0.03514428322071117,0.30338151925018764,0.34730673768513903
3.648346182541656,-0.17043256531926076,-0.04486862722589313,0.2889006778522578,0.3384140285123155
3.650833126088038,-0.17070798651395075,-0.040228208282769184,0.29836209039493866,0.34609169649982446
3.653320069634419,-0.16619404639747143,-0.03558822858522426,0.3030353388838396,0.347444095768287
3.6558070131808007,-0.17125595619274708,-0.04531389034763711,0.29813202191059496,0.34679194580962985
3.658293956727182,-0.18589371716355896,-0.05025157256285606,0.3028057546528551,0.35884957806413864
3.6607809002735636,-0.19574212061450402,-0.036036057564873936,0.297902925710245,0.35827325936246723
3.6632678438199453,-0.1960127644925268,-0.031397757591487885,0.2930003435887336,0.35391527851859206
3.6657547873663265,-0.20107086002748342,-0.03633666497980048,0.292886413458449,0.35711664083685546
3.668241730912708,-0.19655119852900887,-0.022122352166375592,0.2784075238724295,0.34151503840583713
3.6707286744590895,-0.20160739455051657,-0.01269682813271622,0.28308249989163237,0.3477678143919811
3.673215618005471,-0.2162394493657392,-0.0032716819601259495,0.3021229399990055,0.37154875082348077
3.675702561551853,-0.22129375096868814,-0.003423712712688154,0.3020100227401077,0.37442315615091326
3.678189505098234,-0.22155870395643223,0.010789103765697305,0.30189736316842897,0.3746287254695924
3.6806764486446157,-0.23139951956812443,0.010636355085524851,0.3017849630407081,0.38043794976756157
3.683163392190997,-0.2412393924427893,0.01048325871776834,0.3112496307388195,0.3939323239016586
3.6856503357373787,-0.24628992054114957,0.029483435431224336,0.2967725447463323,0.38678410158666904
3.68813727928376,-0.24655110514561074,0.04848327940951824,0.28229572337509623,0.37792717720043933
3.6906242228301416,-0.2563881575008474,0.05311758813378997,0.28218437828086174,0.38494725459676515
3.6931111663765233,-0.2710126755715877,0.06253998230437396,0.29643851114298414,0.4064909723422787
3.6955981099229045,-0.27127104736289687,0.07196206599690891,0.31548131698473014,0.4222499040216898
3.698085053469286,-0.271528484123274,0.07180703994343007,0.3010055708920767,0.41168959469943545
3.7005719970156674,-0.276573390461812,0.07165171813376103,0.28653009774022387,0.40463107386122005
3.703058940562049,-0.27682896102785803,0.0667077045731852,0.276843302467098,0.39714783851114666
3.7055458841084308,-0.28666040707348683,0.05697500656353416,0.27194518667488765,0.39921739054316185
3.708032827654812,-0.2821257132894176,0.05681884134365589,0.27183575195038223,0.3958762115474077
3.7105197712011937,-0.27280168760966844,0.05187400620645022,0.28130340318529257,0.3952762046040936
3.713006714747575,-0.27784194460997924,0.05650571834246376,0.30034814193563264,0.41303516648614746
3.7154936582939566,-0.2733044689843465,0.05156037167567762,0.30023954982016576,0.40926469670662463
3.7179806018403383,-0.2687660686700015,0.04182637670710365,0.29055443500480216,0.3980031722960664
3.7204675453867195,-0.2642267449645821,0.041668950553699347,0.30002321892134987,0.4019527411111326
3.722954488933101,-0.25968649916672404,0.04629969702634362,0.309492289783174,0.40665245262930894
3.7254414324794825,-0.2551453325760589,0.050930219910938934,0.3093848424289245,0.40424251231197195
3.727928376025864,-0.25539164981349405,0.03640691300732257,0.31406608828351246,0.4064331014064777
3.7304153195722454,-0.25084864553994907,0.03146020329318722,0.3091708188346871,0.39937624188149523
3.732902263118627,-0.24630472437821715,0.036090097798926024,0.3138526487971127,0.40058956247901584
3.7353892066650087,-0.24175988763168776,0.021566183607496736,0.31853477294831833,0.40047140362367356
3.73787615021139,-0.2372141366046605,0.011830484299597988,0.3088519827302889,0.38961526433173566
3.7403630937577717,-0.23745587592262118,0.011671410148806682,0.2991694894916286,0.382130734523831
3.742850037304153,-0.21854309029005736,0.006723758121471413,0.3038525045657341,0.37434293871752633
3.7453369808505346,-0.2235714108966863,-0.007800868201568445,0.28938220606768006,0.36576917653573604
3.7478239243969163,-0.22859882244869661,-0.012748848664194234,0.2749122086207745,0.3577662326379412
3.7503108679432975,-0.22404851961404443,-0.003331773097627888,0.2748077235128559,0.3545816193142802
3.752797811489679,-0.2242857136630666,-0.0034916512815192924,0.28428034873534536,0.36212095998314214
3.7552847550360604,-0.22452200258566196,-0.018016879740958114,0.2889648756239005,0.36638154558467106
3.757771698582442,-0.2247573876928406,-0.013388628465369035,0.27928449881936146,0.35874081169484395
3.7602586421288233,-0.21541506365577812,-0.003972100674245915,0.2648160262287238,0.3413897405915436
3.762745585675205,-0.215648645068307,-0.013709306254815257,0.24555945910326393,0.3270959051300895
3.7652325292215867,-0.22066972992346956,-0.004293011957466231,0.24545681528075747,0.3300948467091479
3.767719472767968,-0.2161131095744565,0.00033477227598277537,0.2549312893417337,0.3342079449801524
3.7702064163143496,-0.22113239861739648,0.00017405307779316814,0.25961767253138923,0.34102918336027
3.772693359860731,-0.21657398508667985,0.004801643693221447,0.26909277268147136,0.34545371196136265
3.7751803034071125,-0.22159148357994451,-0.009724465902412938,0.2929333976087225,0.3674334310685922
3.777667246953494,-0.2266080887737001,-0.009885445917936941,0.29762072523210925,0.37420187603264665
3.7801541904998754,-0.21247018870457995,-0.005258096472990026,0.3023083699790501,0.3695423916495499
3.782641134046257,-0.22227341457400102,-0.014996024355972803,0.31657313962140066,0.3871032217672975
3.7851280775926384,-0.23686415442007436,-0.01994560982106064,0.3116846153535988,0.391981829232417
3.78761502113902,-0.24187719960194987,-0.015318443111748792,0.29721960491767163,0.3835084457141279
3.7901019646854013,-0.24688935808107576,-0.01547972778129525,0.2923317226813946,0.38295145017578985
3.792588908231783,-0.24232382453838874,-0.01085265081003639,0.2874441630757989,0.3761153584405493
3.7950758517781646,-0.24254581025711813,-0.001437205847688361,0.27776852383739303,0.3687626451645217
3.797562795324546,-0.2427669132399834,0.003189806786520144,0.27288161264879207,0.3652537796562964
3.8000497388709276,-0.2477755381310659,0.01739360334592588,0.2775718338574915,0.3724800366254621
3.802536682417309,-0.24799487961425415,0.022020576812566972,0.2774739785149585,0.37279776671939197
3.8050236259636905,-0.24821334233511322,0.026647540061103037,0.2677996442985151,0.36611009845521525
3.807510569510072,0.943881499138165,-1.6255130495318992,-0.3930972127308312,1.9203464211622217
3.8099975130564534,0.9388763866428681,-1.563425248291188,-5.66522613750418,5.951518677232767
3.812484456602835,0.8333156792031006,-1.3816273557352887,-10.238247846839078,10.364604582164572
3.8149714001492163,0.6607181987326736,-1.0992729790293587,-13.820069737260592,13.879455218534575
3.817458343695598,0.42587234722299505,-0.7498809353296845,-16.20479046506911,16.2277208100859
3.8199452872419792,0.15272013994567663,-0.3478164285408196,-17.287065156309602,17.291238284969687
3.822432230788361,-0.12521960118766368,0.05424811083989356,-17.033374986844663,17.03392163444803
3.8249191743347426,-0.3983700708677561,0.42758226888652473,-15.549064828841257,15.560043134951057
3.827406117881124,-0.6284240438644533,0.7817628582056497,-12.996940394323627,13.035587043128437
3.8298930614275055,-0.8105931181903157,1.0401754316074583,-9.630787058418118,9.720652524206962
3.8323800049738868,-0.9448772951792087,1.2028199949968998,-5.728332212866832,5.929026815951951
3.8348669485202684,-1.0073345595643053,1.2744849575686983,-1.5912452660261707,2.274004467588443
3.83735389206665,-1.002753316001388,1.2264399052445576,2.469227567091746,2.9337269525322025
3.8398408356130314,-0.9454987757878013,1.0969920703999265,6.151416878096002,6.319595647322771
3.842327779159413,-0.8259941336201139,0.9052950720979056,9.211114098433777,9.292278967546395
3.8448147227057943,-0.668181407437991,0.636983706128528,11.466359902695043,11.503461394434796
3.847301666252176,-0.4864258085415784,0.33515360809479633,12.816597821902004,12.830203339644212
3.8497886097985576,-0.2855157415908944,0.018958396966281654,13.209155420267702,13.212254371465127
3.852275553344939,-0.10375843448946076,-0.28287150167746455,12.639244295192421,12.64283506389066
3.8547624968913206,0.05405770810067906,-0.5416056622886662,11.197844110468408,11.211064697502207
3.857249440437702,0.19272108815713207,-0.7476672726322544,9.052548982997964,9.0854163833015
3.8597363839840835,0.2787128810938797,-0.8819027138638684,6.385318239631898,6.4519549198815636
3.8622233275304647,0.31682148888658646,-0.9491003837726688,3.4116300304459575,3.5553321727988263
3.8647102710768464,0.3262005234707255,-0.9396834702184584,0.3756929254265913,1.0632765303202973
3.867197214623228,0.28290796689799147,-0.8584403710539363,-2.5070149253778,2.6649729125183677
3.8696841581696093,0.20130902778149934,-0.7245246941246353,-5.03059217857357,5.08648395497207
3.872171101715991,0.09576891473337326,-0.5331480307067082,-7.041809927303294,7.062613224575085
3.8746580452623722,-0.02413556695579311,-0.3082523920300724,-8.435323297929152,8.440988165100746
3.877144988808754,-0.1392508053557301,-0.07856819267748127,-9.120152626786501,9.121554016919132
3.8796319323551356,-0.26394201177964555,0.131962556056628,-9.081932703350828,9.086725544990152
3.882118875901517,-0.3838439776198526,0.3233398594466852,-8.382912770236764,8.397923039493792
3.8846058194478985,-0.465437880988734,0.4907753194145701,-7.099707280033364,7.1318536368439664
3.8870927629942797,-0.527877336523206,0.6103269245681906,-5.332872701946144,5.393578097370063
3.8895797065406614,-0.5711623455802162,0.6676294701235506,-3.259579958317902,3.3759172144846623
3.8920666500870427,-0.5713508929163196,0.6626829612247298,-1.0426347615476192,1.3611310722782406
3.8945535936334243,-0.5523849964925098,0.6098526129440329,1.1551571759541321,1.4182515626725114
3.897040537179806,-0.5094762543491812,0.5091384303599118,3.170990141762104,3.2517635944464773
3.8995274807261873,-0.4474130711686782,0.3844824351194349,4.86121203671809,4.896875296053679
3.902014424272569,-0.37098385163464426,0.22630782559436424,6.13484319817414,6.150215062604107
3.90450136781895,-0.294553807072748,0.053768220045285364,6.934422786709719,6.940884118870367
3.906988311365332,-0.2229113421694125,-0.11398276330043533,7.216855172851631,7.221196585242137
3.9094752549117135,-0.16084486161246875,-0.2673683128893507,6.9869287603158075,6.99389236305311
3.911962198458095,-0.1083543667709167,-0.39202321388095607,6.28295077604702,6.296101438449807
3.9144491420044765,-0.07022826233549184,-0.48315905810890314,5.186324076858485,5.2092544682003545
3.9169360855508577,-0.04646654967812802,-0.5311990341199935,3.797605132830583,3.8348580546077833
3.9194230290972394,-0.051434440133255765,-0.5265663304945081,2.2221388173515724,2.28425447917322
3.9219099726436206,-0.07555512843527723,-0.4788377491276625,0.5892120203956228,0.7629973606777479
3.9243969161900023,-0.10446340599988846,-0.4023784952686307,-0.9718883680754278,1.0570657768786498
3.926883859736384,-0.15252448416621195,-0.3019769675598578,-2.3653942813547557,2.3894651940282783
3.9293708032827652,-0.1957963477126281,-0.16805635471643443,-3.4811724427911033,3.4907220921445976
3.931857746829147,-0.24385580466128032,-0.02455866872977408,-4.276127222228661,4.283145199775719
3.934344690375528,-0.30149125971577667,0.10936248169526541,-4.721528199487517,4.732408020304609
3.93683163392191,-0.3495491009798687,0.23370710110096038,-4.7982217610413995,4.8166103902258985
3.9393185774682915,-0.3832409265200315,0.33889838735493294,-4.49663110001824,4.525639951914309
3.9418055210146727,-0.41214354436546113,0.4105711349703105,-3.845486636122452,3.889241369037065
3.9442924645610544,-0.4362569559065963,0.4391485417464236,-2.9261912255946827,2.990947452236868
3.9467794081074357,-0.4316391459341631,0.4485726286904912,-1.8345129346506361,1.9372577172161582
3.9492663516538173,-0.4222321324439153,0.4196897868926248,-0.6327010062761467,0.868752009628157
3.951753295200199,-0.4128243201523049,0.35728842401017946,0.5691112833243892,0.788648584635783
3.9542402387465803,-0.38905050049648393,0.2709453509863313,1.6895210778573126,1.7547800852761597
3.956727182292962,-0.35091067487658106,0.17023737872990807,2.642337117693577,2.670966961682673
3.959214125839343,-0.30798165133534616,0.06952972143541869,3.370098563113924,3.3848561867270917
3.961701069385725,-0.27462864123794256,-0.031177616698059296,3.8488633976273263,3.8587747262526917
3.964188012932106,-0.23648643602976072,-0.13188463150607665,4.045112798089036,4.054165381396924
3.966674956478488,-0.2031318437598983,-0.213437705577594,3.9540583612629767,3.9650215288678043
3.9691619000248695,-0.17456486583900516,-0.27583683481753285,3.599642103821651,3.6144131096808936
3.9716488435712507,-0.1603623103205818,-0.30471680520460875,3.020171252385625,3.0397372905700273
3.9741357871176324,-0.15573577529943272,-0.31444282267422663,2.287471856804286,2.3142289031362258
3.9766227306640136,-0.1606852621929658,-0.2954380765950728,1.4637931602735392,1.5019300338736865
3.9791096742103953,-0.17042236910060793,-0.25249096633162393,0.587442389374198,0.6617280655999169
3.981596617756777,-0.18015869412414487,-0.18560148796298392,-0.2697544060832868,0.37372785152291993
3.984083561303158,-0.19468264200838847,-0.10434644424383688,-1.0359711763016008,1.0592571876807921
3.98657050484954,-0.21399421418027637,-0.032667847924803706,-1.687265904699501,1.70109580716434
3.989057448395921,-0.23809341206922158,0.02464590148971002,-2.1518125415055325,2.16508501152068
3.991544391942303,-0.2574034304665263,0.09153682438210531,-2.396092263523612,2.4116163980931136
3.994031335488684,-0.26713586748635687,0.15363971453717795,-2.458412297375184,2.4776516618496403
3.9965182790350657,-0.267290724565783,0.19658936570458607,-2.32919583649137,2.3527101298025994
3.9990052225814474,-0.2818100197460668,0.22517418488006502,-1.994077670995658,2.026441723496915
4.001492166127829,-0.2867517378680095,0.22502896574290165,-1.5153070441496084,1.5585313704391923
4.00397910967421,-0.2725390737360619,0.200942115218405,-0.9503447959066538,1.0088659531812028
4.006466053220592,-0.27269085204022964,0.1624904435169383,-0.3039793297097795,0.43950754022151267
4.008952996766973,-0.26326505762955477,0.11925076081358243,0.3375980945401853,0.44441164246729065
4.0114399403133545,-0.24426169195746678,0.0568578606465433,0.9360802501329637,0.9690938164926128
4.013926883859736,-0.22046915980057274,-0.01032304355943392,1.4723135236269922,1.488764698502228
4.016413827406118,-0.22061788253994602,-0.06313833509465328,1.8936254783260296,1.9074790042410474
4.0189007709524995,-0.20640063507523437,-0.10637641388634433,2.1664972908025053,2.1789051550366696
4.02138771449888,-0.18739422551217427,-0.14482567989720252,2.2861405575387277,2.2983754528223796
4.023874658045262,-0.1731754619595573,-0.17369772648462556,2.266920488285278,2.2801511224079856
4.026361601591644,-0.16374434588859438,-0.18341574372120206,2.0992602761792334,2.113610004944005
4.028848545138025,-0.15431247545329407,-0.17876813167589933,1.8071019375874755,1.8224675025403947
4.031335488684407,-0.15445665877174808,-0.16933169377346857,1.4143874888646426,1.432837063525352
4.033822432230788,-0.15938849400429644,-0.15031802351321177,0.9546357529937861,0.9794537360732712
4.0363093757771695,-0.16431957931450547,-0.12172711775024281,0.4661539562661101,0.5090362720714743
4.038796319323551,-0.1836151261504591,-0.06919376341425343,-0.0031738683986795024,0.19624567482441194
4.041283262869933,-0.20290992604167407,-0.026236780673586146,-0.4198288980538969,0.46703009580486443
4.043770206416315,-0.21262717384133167,0.007143833510078412,-0.7598691164055964,0.7890896168877103
4.046257149962695,-0.22234367768723867,0.0261596788191798,-1.0137177171323941,1.0381448115901375
4.048744093509077,-0.23205943908002757,0.059541178142837214,-1.1670094906050767,1.1913470889388595
4.051231037055459,-0.241774459523788,0.08813472113146181,-1.2101676305262785,1.237226055464614
4.05371798060184,-0.2514887405261249,0.10236350404053729,-1.1479805405715098,1.179654269310178
4.056204924148222,-0.25641388027788165,0.10701593305092416,-0.9900250277483007,1.028275276126944
4.058691867694603,-0.251761476973501,0.11166881762822412,-0.750666302396592,0.7995959377536481
4.061178811240985,-0.2518967420923004,0.10674535392123508,-0.4442695748675174,0.5217489764373757
4.063665754787366,-0.25203127383602864,0.08745714136349525,-0.09477686216482617,0.2831098164470743
4.066152698333748,-0.24258826708983583,0.058592585993609614,0.24992780209463916,0.3531940893091576
4.068639641880129,-0.22835612670356575,0.0345169004552508,0.5706908042043608,0.6156508190715844
4.07112658542651,-0.22370006417148358,0.010441684075289448,0.8579353370869267,0.8866813351475898
4.073613528972892,-0.2381968876713791,-0.013633060534639974,1.087719383692523,1.113578499835694
4.076100472519274,-0.2383277755021071,-0.0424957341187544,1.2456777336005587,1.268983464030284
4.0785874160656554,-0.22888113252894354,-0.06656952749585798,1.3557524029415333,1.3765473667478703
4.081074359612036,-0.22901057358204618,-0.08585443816093541,1.394001374631685,1.415293842224764
4.083561303158418,-0.2387161002143416,-0.109927270285056,1.3316942282554507,1.3573794233090275
4.0860482467048,-0.24842090734215583,-0.11484600483263474,1.1784077699487145,1.2097716413878365
4.088535190251181,-0.2533365932062088,-0.1101874460457486,0.9772376290783651,1.015536354056376
4.091022133797563,-0.26782836933258836,-0.09116318824100711,0.7377606117580164,0.7901477599608704
4.093509077343944,-0.28231943064997655,-0.07213843905172057,0.459976717449603,0.5445060109007591
4.095996020890325,-0.2872329720912524,-0.05790159950600904,0.19176997880720492,0.35018723599446666
4.098482964436707,-0.29693420519509317,-0.03887586070646876,-0.03812918480729621,0.301885888200458
4.100969907983089,-0.3018463249028882,-0.015061220431716649,-0.2297207739647753,0.3796178054428534
4.1034568515294705,-0.30675773612127644,0.008753920183941055,-0.38779319256718914,0.49453058549526596
4.105943795075851,-0.3116684404409433,0.03256956329119243,-0.49798123124624816,0.5883734357475685
4.108430738622233,-0.3165784394569549,0.05159730768503712,-0.5411312773237231,0.6290526605836346
4.110917682168615,-0.31191092812818816,0.0706255587658351,-0.5172433314135301,0.6081258591184403
4.113404625714996,-0.31203111801954747,0.07528910861741833,-0.4406826041010632,0.5451908161792792
4.115891569261378,-0.3025738007785651,0.0703763625696241,-0.32102590266189246,0.4467229202828089
4.118378512807759,-0.2979041879791971,0.06546412923739542,-0.14869642110107506,0.3393273980695096
4.1208654563541405,-5.924396182606219,-4.086204864830768,0.7083750782069025,7.231689676505098
4.123352399900522,-4.435320147609965,-2.87965002691057,0.8232444051425603,5.351838977387068
4.125839343446904,-2.97976224184386,-1.6970366871643896,0.9189604603964874,3.5501274432437433
4.1283262869932855,-1.5816644835405471,-0.5670952636799398,0.9859464366412283,1.9481657918430202
4.130813230539666,-0.2649688909392748,0.47665542209822,1.0194139298593985,1.1561200910686589
4.133300174086048,0.9272289044375193,1.3863313387318263,1.0002093260626275,1.9447587814217566
4.13578711763243,1.9949289009435325,2.166720891269599,0.9666398510961685,3.099808597673592
4.138274061178811,2.9189774836468514,2.813035678085082,0.8947634876312183,4.15140951665996
4.140761004725192,3.6706442309700726,3.3013336842356855,0.765426621649345,4.995829368398462
4.143247948271574,4.245140737932456,3.626826508025237,0.6169364789659824,5.617446129981772
4.1457348918179555,4.6568322128294275,3.7990909576836454,0.4445046555039909,6.026339083719417
4.148221835364337,4.9057186539911,3.8372806480469457,0.2577079571371623,6.233555299759812
4.150708778910719,4.9918000597417045,3.7557607905957964,0.07091159305028683,6.247306252029188
4.1531957224571,4.934230041682272,3.544954580174893,-0.10630763090203388,6.0765640284729
4.155682666003481,4.747373808088318,3.2383808414770834,-0.2500076989137625,5.752145025786898
4.158169609549863,4.445596567230253,2.8743468024809884,-0.3649770151102256,5.306449528739614
4.160656553096245,4.062417140654616,2.424122044646364,-0.4560039836261822,4.7526350948824
4.163143496642626,3.5882587200199723,1.9308021992032134,-0.5039349920042007,4.10579447250025
4.165630440189007,3.051851723542199,1.423117687386227,-0.5087700410773994,3.4055704146790027
4.168117383735389,2.477138166111643,0.9154337204348368,-0.4944511482896914,2.686766519175255
4.1706043272817706,1.878483255972779,0.43648071951515366,-0.432247894570736,1.9763737004522686
4.173091270828152,1.275040604685118,-0.028106524123726384,-0.3413138940624023,1.3202324396007505
4.175578214374534,0.6859638238026629,-0.45917439602478405,-0.23601435759524136,0.8585396149985103
4.178065157920915,0.12082971823426841,-0.8232040718036175,-0.106772479407379,0.8388474992520556
4.180552101467296,-0.40120810047715705,-1.1249839536731152,0.04641173961381817,1.1952869469229819
4.183039045013678,-0.8753612307542218,-1.3645140405592735,0.19480787865010463,1.6328214724136543
4.18552598856006,-1.292052867704836,-1.5370059281017823,0.33362753347608454,2.0354594486399495
4.188012932106441,-1.6369178031221407,-1.652036421935093,0.4532938965373994,2.369430224804347
4.190499875652822,-1.9291096520465116,-1.7000287144460744,0.5633837735521805,2.6322923386018657
4.192986819199204,-2.154263206282249,-1.6761944013756733,0.639955146988056,2.80357276047923
4.195473762745586,-2.288436450998127,-1.5996870950999205,0.6782196125852771,2.8733120323733465
4.197960706291967,-2.3843018244935608,-1.4705067947471273,0.6829655727163626,2.8833534984799525
4.200447649838348,-2.413128908628209,-1.3078071127602968,0.6637698330658299,2.823852150012786
4.20293459338473,-2.3797061085095064,-1.111588048334545,0.6302091993099328,2.7010725253077763
4.205421536931111,-2.298398635891117,-0.9057916172998324,0.5918604771167466,2.5403530399945704
4.207908480477493,-2.15005287929014,-0.6808410122771373,0.5295700522243632,2.3166174280522225
4.210395424023875,-1.9633992604324537,-0.4415246358814975,0.4529147302847196,2.0627681432642584
4.212882367570256,-1.7719566043699138,-0.22136131068286602,0.38104812358241347,1.825932285196543
4.215369311116637,-1.5613597029569426,-0.020351036041966086,0.32354703775352434,1.5946601432044554
4.217856254663019,-1.3268201546942964,0.16150618864761057,0.2516810518638124,1.3601026886752887
4.220343198209401,-1.077914768049396,0.3242103639594913,0.20854579477598634,1.14477244716864
4.222830141755782,-0.8337971581360341,0.4677614904346057,0.1749876521810254,0.9719255070555345
4.225317085302163,-0.5848905201518937,0.5634291486594063,0.14142981640295638,0.8243492700854353
4.227804028848545,-0.35513687254262677,0.6399437590315804,0.14139110964110202,0.7454137501068581
4.2302909723949265,-0.1493246204785082,0.682940112033565,0.16529472420453573,0.7183504609557387
4.232777915941308,0.037334637505291035,0.7115718213577167,0.19877544907467737,0.7397567243782441
4.23526485948769,0.2048408995470152,0.7018968707812552,0.23225647654595072,0.7671779990571211
4.237751803034071,0.34361735713873126,0.6539152606508867,0.28010301550716044,0.7900226297615328
4.240238746580452,0.4536640084071967,0.6059342178437639,0.32316145159779097,0.8230435180941591
4.242725690126834,0.5349808514732943,0.5388001293613467,0.35185497709091074,0.8368464708335336
4.245212633673216,0.5923562877723312,0.45730139877481824,0.3613951875729384,0.8310337072500138
4.247699577219597,0.6257903154134022,0.35664962298296965,0.3709356952249738,0.8101887202566662
4.250186520765978,0.6304945291793711,0.27515202873588374,0.3852649022603547,0.7884548402770257
4.25267346431236,0.616045733808124,0.17928979294724767,0.3900175976044835,0.7508467902571268
4.2551604078587415,0.5776555240706681,0.08342812570256486,0.36604016685577534,0.6889350915720617
4.257647351405123,0.5249007046930043,-0.002856166264324944,0.351639835449836,0.6318065220841976
4.260134294951505,0.45778127375452304,-0.07477467957112971,0.32766298897202617,0.5679066663170638
4.262621238497886,0.37150882600846213,-0.13711581750719493,0.28453281964198673,0.4876253486707511
4.265108182044267,0.28523697280346544,-0.18987958007267913,0.25097974623543173,0.42474135494800075
4.267595125590649,0.19896571220107076,-0.2282775639782173,0.20306175099847223,0.36459851284128125
4.270082069137031,0.10790663893648716,-0.2618865759261704,0.15514404273353044,0.3229521564761671
4.2725690126834115,0.0120597510592787,-0.2715530027276736,0.1311686368776126,0.3018139860681719
4.275055956229793,-0.09336335670743673,-0.2907956677478478,0.11677032229917295,0.3269772850313145
4.277542899776175,-0.18442066972446297,-0.3100377644993979,0.10237229118114044,0.37498597952334134
4.2800298433225565,-0.25632378663999555,-0.30533727656440224,0.1023397523021341,0.41158979695625886
4.282516786868938,-0.33780312935039264,-0.2910594141176128,0.1070958978334815,0.45858049247451166
4.285003730415319,-0.4049166832345855,-0.27678098404352536,0.12621753322210338,0.5064544393945745
4.287490673961701,-0.4480876436384556,-0.25292517997531805,0.15012785062807943,0.5359963195593954
4.289977617508082,-0.4960464324763982,-0.22906880885723035,0.18361525216696073,0.5764105682516315
4.292464561054464,-0.5440046484266351,-0.21478867766318288,0.24104494658950237,0.6325961585707122
4.294951504600846,-0.5680202768921512,-0.1813543668341553,0.2936865127583346,0.6646715046597115
4.2974384481472265,-0.5728817232038182,-0.1431310867233666,0.3319631428121017,0.6774064547620402
4.299925391693608,-0.5777426026594557,-0.1096956443930246,0.36545164216555115,0.6923687977429519
4.30241233523999,-0.5778145139613269,-0.07625963697357019,0.37978679962679607,0.6956458567018633
4.304899278786372,-0.5683090558176991,-0.04761146826510654,0.37975701728023203,0.6851696337465215
4.307386222332753,-0.5444378269428292,-0.014174332135695078,0.37015069720535365,0.658502086359134
4.309873165879134,-0.5205660393382519,0.019263367556849875,0.3701214514377824,0.639022665839292
4.312360109425516,-0.49190529173018777,0.043124823605837026,0.37488087540685733,0.6199727713287152
4.314847052971897,-0.4584555861711851,0.06219843873696895,0.3844289678576054,0.6015278892960368
4.317333996518279,-0.42500532804006813,0.0716958090069757,0.37961211424926766,0.5743476083143463
4.319820940064661,-0.3867661160809881,0.07161693376468303,0.3747955232787916,0.5433127073979134
4.322307883611042,-0.3533147590050361,0.07632702229177024,0.3508255803966023,0.5037218688158456
4.324794827157423,-0.32465125888855106,0.07146086392011641,0.3124906876503548,0.4562406435624976
4.327281770703805,-0.2864104078529149,0.06659526455536513,0.2693676504038578,0.39877911438761066
4.329768714250187,-0.2721110312285439,0.05694182011457727,0.24539848397774477,0.37081963288477315
4.332255657796568,-0.24823430786737566,0.037712126487305486,0.23100638044642885,0.3411838564374783
4.334742601342949,-0.21478023986947792,0.02327139281702273,0.22619133852103523,0.3127852790397467
4.337229544889331,-0.20047924926260097,0.008831214938715082,0.22137655026819836,0.2987934014513005
4.3397164884357124,-0.19575453151790217,0.003968398621266633,0.23092722435237611,0.302758926779217
4.342203431982094,-0.18145247547176996,-0.005682266994892604,0.24526655283278487,0.30514418059584847
4.344690375528475,-0.17193829320857967,-0.02012078283516905,0.23087571116352024,0.28856752516289974
4.347177319074857,-0.16721198685760158,-0.024981939890616367,0.22127352127955824,0.2784706754561783
4.349664262621238,-0.17206196187420625,-0.02984254578029555,0.22124838519060042,0.28186298836863655
4.35215120616762,-0.1816998170789107,-0.0347026015089309,0.2068582849811662,0.27750575515355824
4.354638149714002,-0.18176034465735835,-0.02998530146674927,0.2068336392559953,0.27697670573875477
4.357125093260382,-0.19139716004310875,-0.03963266331213644,0.2259628500151365,0.2987688579165232
4.359612036806764,-0.2058218620738646,-0.0444910748464733,0.2594575126149845,0.3341560945140793
4.362098980353146,-0.2202460495930103,-0.03977213385772771,0.2833756091277291,0.36109815956528396
4.3645859238995275,-0.2442465314105154,-0.035052648120295515,0.24983310502115685,0.3511433277321748
4.367072867445909,-0.24909288977951394,-0.03512102211357293,0.2641748720102406,0.3647863990537999
4.36955981099229,-0.24915033684150428,-0.035188853701499045,0.25936326227609996,0.3613633179939015
4.372046754538672,-0.2635724880639061,-0.02567933745268336,0.2689170977237758,0.37742057480268015
4.374533698085053,-0.28278253899780126,-0.025746087882434487,0.2928363770136517,0.4078994595556295
4.377020641631435,-0.29720368519978624,-0.011447089647901088,0.2928138722411955,0.4173739691626969
4.379507585177817,-0.2972591222319487,-0.011512763954150795,0.28800319534332885,0.41405479107473236
4.3819945287241975,-0.31646767554461275,-0.006789498827445506,0.2975579582547372,0.4344405891254477
4.384481472270579,-0.32609892742949914,0.007511107720888255,0.3023245463454902,0.4447438122479851
4.386968415816961,-0.3261528801055594,0.007447037733677053,0.3023029582648551,0.4447676226388797
4.3894553593633425,-0.335783149078346,0.012171903112769833,0.28791638601953373,0.44248652382745685
4.391942302909724,-0.33583612329623447,0.02168570245516177,0.27353003821590605,0.4336759772088055
4.394429246456105,-0.3311002083144217,0.021623224373464645,0.27829752677892117,0.4330639966441715
4.396916190002487,-0.3263638096933424,0.031138080699230297,0.27827683374902534,0.4300243162294043
4.399403133548868,-0.3168385263580031,0.035865059998745785,0.2782563610869584,0.4232015557612949
4.40189007709525,-0.31210116719949893,0.021438950815405367,0.2734477041113408,0.41550019742849503
4.404377020641631,-0.30736333115309783,0.01180176823239476,0.2734276681003287,0.41155095523364243
4.4068639641880125,-0.2978366171591342,0.021318720669748714,0.27819625169014195,0.4081106379723962
4.409350907734394,-0.2883094308035891,0.026047789962660328,0.28296505019546103,0.4048086398341174
4.411837851280776,-0.2787817743571071,0.025988974525731123,0.28773406225015563,0.40147925860444217
4.414324794827158,-0.2692536500952612,0.025930676071908465,0.2829264798464308,0.39142984179730145
4.416811738373538,-0.2597250602985045,0.011507683011112935,0.2781191082567869,0.38070956396299843
4.41929868191992,-0.2454076039318085,-0.007703199666758476,0.2876771560731779,0.3782094359994326
4.421785625466302,-8.491085414144612,-5.026006636719766,1.3842029656758577,9.963698714475282
4.424272569012683,-5.656397482489518,-3.3884289482006134,1.187860085499084,6.699798116334518
4.426759512559065,-2.9605727907581794,-1.8274652041830082,0.9963058139765373,3.6190116878563363
4.429246456105446,-0.5089562143015576,-0.3909994396052241,0.7999633430960884,1.0256014528778918
4.4317333996518276,1.6553566146881122,0.8922379238546427,0.5940442681655913,1.972101069189032
4.434220343198209,-0.7341016644984435,-1.899455434914155,0.9340033729688582,2.240356780461878
4.436707286744591,-7.528890551251462,-3.7047372081390852,1.475075617071175,8.519690064208417
4.439194230290973,-2.2233838027732693,-0.7934412111117266,1.10635142878726,2.6071052863098143
4.441681173837353,2.555399022940632,1.8736467144850684,0.7472042442448856,3.2555998463822604
4.444168117383735,6.730843470439775,4.2199121136732956,0.41199927203203046,7.954976773746313
4.446655060930117,10.250277100864231,6.207047758014229,0.1007365107763949,11.983562507008276
4.449142004476498,13.032297055429764,7.839842048933699,-0.17700723425359222,15.209708131787748
4.45162894802288,15.119998961676687,9.113506581198237,-0.3877131411876924,17.65844535304559
4.454115891569261,16.513382817256524,10.013676142913662,-0.5649000346393684,19.320575405860893
4.456602835115643,17.250755846382337,10.554715942091022,-0.708567915979792,20.235925340376227
4.459089778662024,17.360848466620713,10.750991186721702,-0.8091399799386725,20.436183070355128
4.461576722208406,16.910698322097463,10.640809101380814,-0.8714046312060493,19.998947024888736
4.464063665754788,16.000861880176394,10.257688507304975,-0.8905734678305723,19.027371745014666
4.466550609301168,14.698376784977343,9.630359822393656,-0.8810117011413112,17.594382400058343
4.46903755284755,13.06549227729349,8.8019186744884,-0.8187773159038727,15.775020034642182
4.471524496393932,11.193188017838269,7.815460691414348,-0.7278123300859853,13.671086080101546
4.4740114399403135,9.167655264000913,6.714081500979321,-0.6272703583339432,11.380609014626623
4.476498383486694,7.07508527316735,5.526511521013339,-0.5075745953709685,8.992040546191319
4.478985327033076,4.9633620761577575,4.3006347826110245,-0.40703226912212465,6.5799770440748135
4.481472270579458,2.918676930351653,3.06518170356932,-0.28733615438610904,4.242237141565812
4.483959214125839,0.9937022698832991,1.8680363149502117,-0.1532746558429814,2.1214374832334255
4.486446157672221,-0.7780430843972841,0.7283522278778336,-0.019212984811879608,1.065934870345475
4.488933101218602,-2.3582519083226616,-0.3251401398988203,0.11484885735061745,2.383329275135025
4.4914200447649835,-3.708616977727726,-1.2732871772865724,0.234545659328667,3.928118097720925
4.493906988311365,-4.824349891694208,-2.1065120798495323,0.33508901644901457,5.274848781622719
4.496393931857747,-5.6815086360223255,-2.8008728332039183,0.4356325406415973,6.349346794705882
4.4988808754041285,-6.280093213118322,-3.370734649544653,0.5170226172759858,7.146239236820345
4.501367818950509,-6.648834045312279,-3.8017323211590655,0.5696824383643833,7.680149795702551
4.503854762496891,-6.797307941655377,-4.09865425363013,0.627130825803949,7.962138846890649
4.506341706043273,-6.730303307880736,-4.256712045914359,0.665425761650301,7.991205885357395
4.508828649589654,-6.476550566325197,-4.295059313583752,0.6941440512035584,7.802248247088211
4.511315593136036,-6.055203332686834,-4.208907655622387,0.6989204831646525,7.407353163953072
4.513802536682417,-5.504568835947721,-4.031775897590555,0.6797550561979531,6.856935313571628
4.5162894802287985,-4.862954305090836,-3.7684524451396224,0.6605897855719007,6.18756311236356
4.51877642377518,-4.14472495249923,-3.418937300613514,0.631847863315377,5.409908402161018
4.521263367321562,-3.378611200519721,-3.0071724829709807,0.5935292881006369,4.561839212691347
4.5237503108679435,-2.583766664858867,-2.5666768178233816,0.5552108652433088,3.6840112880489517
4.526237254414324,-1.8128637844681936,-2.1022387108732508,0.5216809967416385,2.8245413363751144
4.528724197960706,-1.0611141584551704,-1.6090697611935518,0.4737860679951833,1.9848279501981614
4.531211141507088,-0.36203661249210856,-1.1159003911119163,0.4211028843284552,1.2464476847658843
4.533698085053469,0.2604268343884484,-0.6466726196470725,0.37320825106905886,0.7907540779134947
4.53618502859985,0.8062761797544925,-0.20138644922752302,0.3157369569462283,0.8890037153767316
4.538671972146232,1.289876631134036,0.21995811770713436,0.2582658072940234,1.3337408010210188
4.5411589156926135,1.6729209595308445,0.588630658784572,0.21994841409046906,1.7870444578016722
4.543645859238995,1.9601975658307977,0.9237847848249747,0.19599637271543102,2.1758141933264237
4.546132802785377,2.1517064475988756,1.1966900734350285,0.17683287523196256,2.4684362730804517
4.548619746331758,2.257024409040207,1.407346522133162,0.15766951702698861,2.664515545641107
4.551106689878139,2.2665746410783085,1.579696145029477,0.14808310345203068,2.7667181135287775
4.553593633424521,2.194722351238009,1.6850085197009936,0.13849682658106133,2.770422581748433
4.556080576970903,2.0558327470440023,1.732860450277828,0.11933387849183852,2.6913740354160125
4.558567520517284,1.883424649302213,1.7424055475215612,0.1097478711878761,2.5681335823635316
4.561054464063665,1.6487676356545982,1.704067002262987,0.11931561003598468,2.3741346380064203
4.563541407610047,1.3758037202667657,1.6178448119648516,0.14324869044606459,2.1285624020958305
4.566028351156429,1.0836865139843408,1.4981041840424179,0.15281669123051955,1.8552750599184948
4.56851529470281,0.7772044176924595,1.3448451159418306,0.17196162772935253,1.5627622641222814
4.571002238249192,0.4563574289564041,1.1676444117418616,0.21026030532585516,1.271166775537899
4.573489181795573,0.14987596526445576,0.980867278834173,0.2485591094856865,1.0229100911418487
4.575976125341954,-0.13266316917620302,0.7988789246025925,0.2581276190383246,0.849962893507983
4.578463068888336,-0.3816831701570233,0.5977373298615198,0.2629078493410564,0.7563679627907531
4.580950012434718,-0.6211260567107031,0.3918077019808428,0.27726500911506236,0.7849756295172942
4.5834369559810995,-0.8366266213063287,0.2002436516440005,0.27725708052357945,0.9038324580377857
4.58592389952748,-1.0090312530911318,0.01825677292667649,0.2772492722969737,1.0465870907199064
4.588410843073862,-1.1479167611331689,-0.1445761301410955,0.29160679317031146,1.1931679134640323
4.590897786620244,-1.2437063412174547,-0.29304346349591537,0.31554123860216876,1.3161482469466654
4.593384730166625,-1.2963999957680232,-0.4319336330801513,0.3251105907746883,1.4046054636968404
4.595871673713007,-1.3155745338477325,-0.5516698348807185,0.3203148484764693,1.462079875718321
4.598358617259388,-1.301229957876915,-0.6330984582489978,0.31551922046200254,1.4810690191866704
4.6008455608057695,-1.2581546735941385,-0.6953731191040027,0.301146898889213,1.4687363317388837
4.603332504352151,-1.1911370867358158,-0.7480706267287134,0.29635149584298404,1.4374426705299068
4.605819447898533,-1.0953887963954265,-0.7720373704887247,0.30113301013207305,1.3735353677612268
4.608306391444914,-7.368216640921832,-5.641867933113216,1.2731721046329287,9.367083721749477
4.610793334991295,-5.668352678387899,-4.167063757686891,1.1390901404694382,7.126862479052725
4.613280278537677,-3.958911632879429,-2.7305664728450347,0.9954314768176591,4.911197247577501
4.615767222084059,-2.2973543466434636,-1.3706833078123368,0.8278309025465269,2.800341716213931
4.61825416563044,-0.7219880486428512,-0.11135628185575941,0.6602304330928845,0.9846680601471083
4.620741109176821,0.7336684354829568,1.0138957791141467,0.48784166397717144,1.343221319530593
4.623228052723203,2.045673086738343,1.9667656458638043,0.33460661064723674,2.8574301509301114
4.6257149962695845,3.190083886131032,2.7376765090790482,0.2053136752752529,4.208760099384514
4.628201939815966,4.142958814672225,3.336205172724746,0.09996285671871163,5.320184702367861
4.630688883362348,6.814870794782977,1.6650309798263017,3.1980539585282948,7.709885941765013
4.633175826908729,7.504384057481836,1.861334396454276,-2.433114094645834,8.105577710143526
4.63566277045511,7.8682861492209115,2.110310561529326,-7.571076509007103,11.121355002757669
4.638149714001492,7.916153874268815,2.3880174557677645,-11.976413119659362,14.553439137980465
4.640636657547874,7.681506053499867,2.670513059884931,-15.404915358380272,17.419775901309162
4.643123601094255,7.188284701152037,2.924278547954821,-17.69856591670719,19.325166945692203
4.645610544640636,6.489162251389578,3.1157950940509553,-18.804692359218368,20.135388263398774
4.648097488187018,5.636811138381292,3.2163322755669452,-18.732871493650123,19.82520888954874
4.6505844317333995,4.693480602941622,3.192371266576119,-17.535775757615944,18.431587720411965
4.653071375279781,3.6591706427244195,3.024758451112976,-15.342692041846515,16.060413835611335
4.655558318826163,2.6344377251167086,2.713493826493681,-12.364310093513003,12.929790213398087
4.658045262372544,1.6192818477841462,2.268154196676387,-8.825684869744675,9.255231525062138
4.660532205918925,0.6807406548801497,1.6791627523380637,-4.94708292433711,5.268455641676601
4.663019149465307,-0.15245543599754985,1.0039803306419488,-0.967924424365938,1.4028887538095285
4.665506093011689,-0.8659412172070209,0.28091415547137144,2.848428446499206,2.9903698047612854
4.6679930365580695,-1.4501398844210067,-0.43736333932764815,6.272132327837214,6.452428714280932
4.670479980104451,-1.9050514399471017,-1.1029681232274129,9.145169909038028,9.406375090058601
4.672966923650833,-2.21631067612605,-1.6967465856198616,11.31910068613863,11.658174056509319
4.675453867197215,-2.393494401894109,-2.1660262926522633,12.698156591705855,13.102048167360788
4.677940810743596,-2.4653330394625987,-2.4581348104691614,13.23924199483648,13.689332428564512
4.680427754289977,-2.4557686077162026,-2.587437351696505,12.961510507797817,13.443451422434338
4.682914697836359,-2.3791663188925156,-2.5587223223164064,11.9511533893481,12.451407937715294
4.68540164138274,-2.254679788542848,-2.3624129183465845,10.308727108213061,10.81362244288385
4.687888584929122,-2.0823090189305202,-2.036816369004187,8.15394174640627,8.658602530151716
4.690375528475504,-1.895572835554167,-1.6250283068227382,5.6591798224713585,6.185485400187523
4.692862472021885,-7.770955054139787,-7.581816410230022,4.141252248513291,11.619881785875032
4.695349415568266,-5.711952771656227,-5.091860808821285,1.2729950098858982,7.757188102478617
4.697836359114648,-3.6864691153384896,-2.6593658021089883,-1.4468216551205941,4.770280275780158
4.70032330266103,-1.795060557140713,-0.360945845850702,-3.8553920345764343,4.268087633556113
4.702810246207411,-0.06645751920424425,1.6980541842798864,-5.842582853069077,6.084700404258702
4.705297189753792,1.46103276969446,3.4553850424947568,-7.326991255098959,8.231591790067956
4.707784133300174,2.7347378708291106,4.887104709577758,-8.236791191803526,9.960286783115041
4.710271076846555,3.7355041687213935,5.95969435967544,-8.571982664115971,11.088319757708419
4.712758020392937,4.482485274464144,6.6587887802223085,-8.356507689564738,11.587206868834135
4.715244963939319,4.985257992517909,6.99875317858105,-7.633461898952243,11.493697571687608
4.7177319074857,5.24861072403092,7.041836795323972,-6.46030613303663,10.902794839716176
4.720218851032081,5.2916970801214225,6.802404837827102,-4.9519620724103826,9.93965280741989
4.722705794578463,5.143247478556555,6.33791814335623,-3.2281398009810607,8.777419187451427
4.725192738124845,4.831992337112334,5.705837549184384,-1.403760999328556,7.607580234662706
4.727679681671226,4.391450476893809,4.9444702793105115,0.40625265197480687,6.62553128822379
4.730166625217607,3.8647175256564568,4.1208539776642965,2.0965562790018772,6.02602914773651
4.732653568763989,3.270947094562245,3.2589306582987625,3.5522282011954864,5.825637229041414
4.7351405123103705,2.629292794783205,2.4065843518778145,4.711019174526479,5.907497821087891
4.737627455856752,1.9780618507818768,1.5925454757921762,5.529833568254578,6.085062782796896
4.740114399403133,1.3268310671085033,0.8359676408005399,5.9607873483262015,6.163627859392196
4.742601342949515,0.704330861604286,0.14642765102978217,6.018245723858872,6.061089391548348
4.745088286495896,0.11534963551870436,-0.46170928606387474,5.726150710617773,5.745892703832916
4.747575230042278,-0.4113821932872308,-0.993231576296205,5.103655921054834,5.215654132860395
4.75006217358866,-0.8758646268642831,-1.4481392221531986,4.189068580910316,4.518024084364818
4.7525491171350405,-1.2780976672529882,-1.8264322261111574,3.0925219657362284,3.8122277518763164
4.755036060681422,-1.613292913163213,-2.1281105906364783,1.8858421245291677,3.269245972436224
4.757523004227804,-1.8766619632943395,-2.348385914865127,0.645643509613123,3.0746759294465873
4.7600099477741855,-6.722532846999201,-6.653169089914923,0.5786037569129494,9.475858226329493
4.762496891320567,-5.3674212889323965,-5.231021714900953,-0.6807483745925236,7.525703809223452
4.764983834866948,-4.021886397526719,-3.765778533458791,-1.7868715526751764,5.79219890054108
4.76747077841333,-2.7386006112821057,-2.3053235812052377,-2.677516534943523,4.470295842231433
4.769957721959711,-1.5223523354842536,-0.8927524904256015,-3.323952902241146,3.763406241536092
4.772444665506093,-0.40666039532950365,0.4144738966452506,-3.687873428763883,3.733305735499374
4.774931609052475,0.5749563839974712,1.5972019643469122,-3.7740665185832007,4.138261355340405
4.7774185525988555,1.4464400171656675,2.6458549036695174,-3.5968973824043875,4.693656109482008
4.779905496145237,2.179060082335353,3.5221254856970603,-3.2042500541671535,5.236495888383215
4.782392439691619,2.772816577597274,4.2020716914829155,-2.6344317611640964,5.682090194425861
4.7848793832380005,3.266016727618068,4.69048192201659,-1.94011494064131,6.035853867411396
4.787366326784382,3.577257674068263,4.982567771659218,-1.1548184165562922,6.241502995358967
4.789853270330763,3.7640002549192526,5.0974828513861095,-0.3599450460636735,6.346777904999783
4.792340213877145,3.831032871631573,5.0208619489436055,0.415774750214176,6.3291971226046595
4.794827157423526,3.792720732318416,4.757493465372293,1.1292453416999457,6.188187914742816
4.797314100969908,3.64906383514451,4.369626641569903,1.7277942911830753,5.949334162099307
4.799801044516289,3.4287925982089793,3.828531055361771,2.201844791342941,5.591277958442617
4.8022879880626705,3.127118616381499,3.2012443509934245,2.508301211623717,5.130147288715993
4.804774931609052,2.7631955011456157,2.482978122918717,2.6136447281177357,4.5421986417661175
4.807261875155434,2.3561768639983707,1.721616402130369,2.5513941634081423,3.8762281444206357
4.809748818701816,1.9108511064883917,0.9315243963922866,2.3454915334449797,3.165504728428629
4.812235762248196,1.4607370500993497,0.16537454004554553,2.024667257505577,2.50207493325907
4.814722705794578,0.9914694831249549,-0.5576795557963439,1.6128633515540223,1.9736631966238176
4.81720964934096,0.5222020171143731,-1.2136958766847648,1.1435986382020786,1.7474468441293338
4.819696592887341,0.057723053669201,-1.7691556015155112,0.6456035367482507,1.8841569520505603
4.822183536433723,-0.3732369889939331,-2.2192703290911218,0.13803165985745203,2.2546661355199524
4.824670479980104,-0.7563129026057704,-2.5544632548785224,-0.34080976651713435,2.685785364493225
4.827157423526486,-1.101081495484951,-2.746003961047927,-0.7430367097746817,3.050413376226748
4.829644367072867,-1.412331172616041,-2.798680852996111,-1.0686491705104793,3.3119940983798233
4.832131310619249,-1.6469663057666284,-2.746012756025942,-1.2984935360315761,3.455310337973067
4.834618254165631,-1.8193521065341516,-2.597576478822692,-1.3942625803567772,3.464305672694932
4.837105197712011,-1.948642189822138,-2.339006813454345,-1.370321514021395,3.338553625318988
4.839592141258393,-2.006106137317142,-1.999034181854898,-1.2362471442334177,3.090130498220272
4.842079084804775,-2.00132075725382,-1.606389005942321,-1.006404681514251,2.756559593914335
4.8445660283511565,-1.93428605121195,-1.1898017076179481,-0.7047361430189945,2.3777602197532435
4.847052971897538,-1.8097904240771825,-0.7588490954850311,-0.3647603525363312,1.9960569740321408
4.849539915443919,-1.6517758940021792,-0.34704999473214393,-0.0008425205673301406,1.6878412285197877
4.852026858990301,-1.4602424625231556,0.04080718939186667,0.3630753357539671,1.5052564484148903
4.854513802536682,-1.2304017278416155,0.37599203505310275,0.7126280059404717,1.4707471220946513
4.857000746083064,-0.9909841113864932,0.6680813469975511,1.0286618761917534,1.5768726805791513
4.859487689629446,-0.7419896146499866,0.9074983167073722,1.277658122753321,1.7339296588133817
4.8619746331758265,-0.49778344907073085,1.0750893290413588,1.4452515351584765,1.8687850137095185
4.864461576722208,-0.2631540194312944,1.1660659788372145,1.5458073228695532,1.954093187230735
4.86694852026859,-0.05246653714023247,1.1900050709110834,1.5793254853944383,1.9781642487745952
4.8694354638149715,0.13427899636991164,1.1660602167376632,1.5218640056463002,1.9219254224881357
4.871922407361352,0.29229417636166793,1.0990198178486539,1.397364899748034,1.8016406713345663
4.874409350907734,0.40721379147172176,1.003249082434523,1.2201933771887248,1.631319610347927
4.876896294454116,0.49340305027414244,0.8739596054226482,0.9759842275421668,1.3999275603906864
4.879383238000497,0.5269199347957321,0.725516595039974,0.6886794669512994,1.130618572093994
4.881870181546879,0.5317064602817737,0.5770736628521624,0.3870095148859978,0.8749297896833094
4.88435712509326,0.512551028711711,0.428630807162135,0.09970479082272732,0.675554565668015
4.8868440686396415,0.46466523543982313,0.26582281633048144,-0.14929268907579463,0.5557552138484145
4.889331012186023,0.3928374824765254,0.1125917052989922,-0.3647713285621794,0.5477739514449796
4.891817955732405,0.2874909618868539,-0.007120510971750704,-0.541942724741908,0.6135174583855058
4.8943048992787865,0.16777928567332168,-0.10767904406478968,-0.6472880547921083,0.6772935044043376
4.896791842825167,0.048067662533774425,-0.20823750886451542,-0.7047493357272128,0.7364407555856124
4.899278786371549,-0.07164390877919474,-0.29443069699408975,-0.7191149712739691,0.7803516046680166
4.901765729917931,-0.1865670261769573,-0.3662586100184928,-0.6712313485511672,0.7870858580529893
4.904252673464312,-0.29670169087543935,-0.423721249483509,-0.5706752745931087,0.7702219548053216
4.906739617010694,-0.3924710974341785,-0.4572418102750442,-0.43181195974800524,0.7413266513259866
4.909226560557075,-0.46908684371709486,-0.4859739071815068,-0.2642182110376847,0.725275374222564
4.9117135041034565,-0.5265489308927367,-0.5051291383704104,-0.05831722219608437,0.7319905200614176
4.914200447649838,-0.5792225700746068,-0.5051306986694617,0.15237218316605627,0.7835005364547757
4.91668739119622,-0.603165745797839,-0.4859785895274915,0.3630616013661445,0.8554518296020779
4.919174334742602,-0.6031668625035246,-0.4668264256550123,0.5545974187668818,0.9430352446303737
4.921661278288982,-0.5983795345777656,-0.4476742084617005,0.7269796350181235,1.0425783683035044
4.924148221835364,-0.5792269564688314,-0.39021471277503617,0.8514778298543426,1.1012655828181093
4.926635165381746,-0.5409207259293503,-0.3136015532465781,0.9328804062580236,1.123034736024998
4.929122108928127,-0.49782605397722973,-0.24177674782845449,0.9855525738583868,1.1303099803363388
4.931609052474508,-0.45951974829409,-0.16995189453115156,0.9951291223687786,1.109199718586985
4.93409599602089,-0.4260018099049465,-0.08855018802504011,0.9568216481491536,1.0511071991992171
4.936582939567272,-0.38290702985789765,-0.007148436241919853,0.8849953608466539,0.9643058033504728
4.939069883113653,-0.34460061910693923,0.059888149585945794,0.7796502601533728,0.8545119690834858
4.941556826660035,-0.3158709819494692,0.13650158480866148,0.6455747490875883,0.7315558191638563
4.944043770206416,-0.2871413127059832,0.19874985159308212,0.49713403731402295,0.6075309770101668
4.946530713752797,-0.2584116123216475,0.2562097553681384,0.3343281245422496,0.4941612034431808
4.949017657299179,-0.2392586883663133,0.29451608498108994,0.16673381712820934,0.41446907007097694
4.951504600845561,-0.2536245583548455,0.2993036292990916,0.04702355131636793,0.39511934082084815
4.9539915443919424,-0.24883678666120518,0.3088796137326253,-0.034379479807215674,0.39813102216142954
4.956478487938323,-0.24404898744816012,0.30409042386830576,-0.11099409975240526,0.4054017567089775
4.958965431484705,-0.25362637154231066,0.2657824453126172,-0.15408988885943486,0.3983846613849303
4.961452375031087,-0.2679921331528686,0.22268609689502705,-0.16366684738486903,0.38496196969969415
4.963939318577468,-0.27278106315293904,0.17480137754296532,-0.16366699218134606,0.3629764652638719
4.96642626212385,-0.2727815656811197,0.1221282862036519,-0.13493671021321418,0.32792227223787207
4.968913205670231,-0.277570448180594,0.059878418523864774,-0.08226440504105526,0.2956318843508828
4.971400149216612,-0.2727825014773139,0.011993790091875844,-0.024803690180894122,0.2741703250893111
4.973887092762994,-0.26320612966284096,-0.040679213367057265,0.05659904741897037,0.27227874919095263
4.976374036309376,-0.2632065434537779,-0.08856378618615102,0.147578597573375,0.31448477101798733
4.9788609798557575,-0.26320693694962716,-0.13165992931963721,0.23855815342272102,0.3788432673432581
4.981347923402138,-0.2536305042344255,-0.16517924038181375,0.3343261180733954,0.4509839990036763
4.98383486694852,-0.23447724601739295,-0.18433331696753363,0.41094047471525386,0.5077700507152352
4.986321810494902,-0.2153239696330282,-0.19391056329276957,0.4827664331056045,0.5630534143298952
4.988808754041283,-0.20095907908021937,-0.18912257691349188,0.5402271864052697,0.6066278212335167
4.991295697587665,-0.18180576838168666,-0.17475776200696957,0.5593807178191295,0.6135962844300678
4.993782641134046,-0.17222924814657176,-0.16039292605156108,0.5689574470804253,0.6157120928102597
4.9962695846804275,-0.1770179223282896,-0.14123966654549358,0.5641689706851327,0.6079231988625116
4.998756528226809,-0.1770181782637118,-0.1077211776475937,0.5354384818137277,0.5741373140256408
5.001243471773191,-0.17223001655602804,-0.08377947673991981,0.47797757697181176,0.5149220750885989
5.003730415319572,-0.18180705107485257,-0.045472547982478684,0.4109398692712798,0.45165598921884054
5.006217358865953,-0.1626536525109913,-0.02153081203992535,0.35347897182872323,0.38970138576525
5.008704302412335,-0.17701906458747568,0.0024109403245975436,0.3103832878044308,0.35732246949913715
5.011191245958717,-0.18659606128622058,0.011987498444655742,0.24334559048046778,0.306885754985107
5.013678189505098,-0.19138464313718828,0.011987264953537302,0.19067310626842016,0.27042191036205526
5.016165133051479,-0.20575002061692965,0.021563852463818645,0.15236583502185574,0.2569307657694105
5.018652076597861,-0.2249037909065041,0.026352050364118362,0.09969335667688028,0.24741647295201105
5.0211390201442425,-0.22969234121190385,0.021563454701777562,0.07096289765833319,0.24136960669095922
5.023625963690624,-0.24884609192823143,0.02156327482335163,0.08053966779381128,0.2624423562944798
5.026112907237006,-0.26321143023356924,0.011986300171345388,0.09969324703234328,0.2817138120526761
5.028599850783387,-0.2679999532531647,0.016774546768440146,0.10448161864745664,0.288134983988716
5.031086794329768,-0.26800006473924454,0.026351207412660838,0.11405839579963306,0.29245125830594415
5.03357373787615,-0.2680001684305202,0.021562668278779284,0.1475771916534292,0.3067051783690664
5.036060681422532,-0.2680002647320104,0.026350945441590223,0.17630758617429443,0.3218740113222867
5.038547624968913,-0.25842354739486517,0.026350828430430795,0.20024957925352815,0.3279893138477703
5.041034568515294,-0.25363522675870426,0.026350720072758183,0.2337683807472164,0.3459376309950505
5.043521512061676,-0.24884689986893438,0.011985409931473345,0.2672871839138118,0.3653913905802664
5.0460084556080576,-0.23927016375816623,0.00719691414848489,0.31038279529674284,0.39196873147527994
5.048495399154439,-0.2249050187666733,0.011985232280460334,0.33911319820097674,0.40709172732118887
5.050982342700821,-0.2201166751831788,-0.0023800560216895583,0.3630551991773352,0.4245775465213133
5.053469286247202,-0.22490513332313494,-0.021533741208287882,0.3869972014598666,0.4481214734235475
5.055956229793583,-0.22490518352890654,-0.03589901703429188,0.410939204965894,0.4698320031460187
5.058443173339965,-0.2153284227714874,-0.05505269052037365,0.420515999655219,0.47563729285330075
5.060930116886347,-0.21532846461162142,-0.0694179553906693,0.4157275854519842,0.47330183340903725
5.0634170604327275,-0.2153285026765422,-0.08378321531517896,0.41093917224460697,0.47144140093818027
5.065904003979109,-0.2249053438632817,-0.0933600673084598,0.4061507599638201,0.4735577638317101
5.068390947525491,-0.22969377845604533,-0.09814851169074457,0.36784352530138165,0.44463605489734104
5.070877891071873,-0.23448221000921654,-0.10293695208823506,0.3343246947568641,0.42113053135612516
5.073364834618254,-0.25363584870692796,-0.10772538879269655,0.300805864950096,0.4079461625364267
5.075851778164635,-0.2680010814804495,-0.10293701544140488,0.2624986325039078,0.38900660777048013
5.078338721711017,-0.27757790853183073,-0.09336023561896623,0.22897980400499485,0.3717490814271101
5.080825665257398,-0.2871547333731723,-0.0933602595372709,0.20024937940229215,0.3623172545028561
5.08331260880378,-0.3063083628268403,-0.07899507083263835,0.18588416528813667,0.36690319875735633
5.085799552350162,-0.31109678046318384,-0.05984147637078241,0.1906725649372909,0.36975429156205714
5.088286495896543,-0.32067359972575754,-0.05505308964552924,0.18109575506465525,0.3723681951281979
5.090773439442924,-0.3350388207674861,-0.045476297575983704,0.17630734891113597,0.38131795963809534
5.093260382989306,-0.33503883045089566,-0.026322697030260578,0.18588415307951855,0.3840531482164165
5.095747326535688,-0.33982724219209987,-0.02153430478672469,0.19067255425313867,0.390259277614193
5.098234270082069,-0.3494040561172902,-0.021534314370231566,0.20024935903957797,0.40329483870038835
5.10072121362845,-0.34940406238329375,-0.011957515974335475,0.22419137404864564,0.41531669024498025
5.103208157174832,-5.195268227896572,-3.948025052320947,0.9951243072596228,6.600604984427136
5.1056951007212135,-3.6725559765869153,-2.722193808309136,0.8849910297397994,4.6563092309124805
5.108182044267595,-2.23124658100926,-1.5155161766404444,0.7987997690038355,2.813064460314581
5.110668987813977,-0.9000704611716538,-0.35193417402977456,0.6886664918261349,1.186695426336467
5.113155931360358,0.29224196292328325,0.7446101828157392,0.5545911981863085,0.9733555806342652
5.115642874906739,1.3313254812432835,1.7214444572784227,0.44924632458892866,2.2220757900348325
5.118129818453121,2.1884496738000205,2.5737802459507857,0.34868985441550393,3.3963570695340923
5.120616761999503,2.8731913471743935,3.2824639354730474,0.25292178765070794,4.369641568347162
5.123103705545884,3.3951273079533113,3.8283419124933156,0.17630733424172362,5.1199780773232515
5.125590649092265,3.7398923461278444,4.225779386909389,0.10448128421535685,5.644016524267555
