Time (s),Acceleration x (m/s^2),Acceleration y (m/s^2),Acceleration z (m/s^2),Absolute acceleration (m/s^2)
0.0,-1.24498486328125,2.418143676757812,26.446351538085935,26.58584051383863
0.002486943546381497,-0.6177040283203125,2.925714428710937,23.242909716796873,23.43446639648834
0.004973887092762994,-0.1197100830078125,3.39018955078125,19.182343701171874,19.47999038921961
0.007460830639144491,0.3687070556640625,3.854664672851562,14.53759248046875,15.044466748981428
0.009947774185525988,0.7517793212890624,4.2521021484374995,9.773131176757811,10.684551362915531
0.012434717731907486,1.0295067138671874,4.505887524414062,5.1523219726562495,6.921656461172014
0.014921661278288981,1.1013327636718748,4.587290380859375,1.0821791503906248,4.840173406831851
0.01740860482467048,1.13006318359375,4.568136767578125,-2.1356278808593747,5.167767677800257
0.019895548371051976,1.0678139404296874,4.505887524414062,-4.242525341796875,6.280308134943296
0.022382491917433474,0.8762778076171874,4.1754876953124995,-5.209782812499999,6.733824859858539
0.02486943546381497,0.6272808349609375,3.754108203125,-4.951209033203125,6.245100522581836
0.027356379010196465,0.39264907226562495,3.294421484375,-3.5769372802734374,4.87871566272032
0.029843322556577963,0.16280571289062498,2.8012159423828122,-1.2114660400390624,3.0562994653955915
0.032330266102959464,-0.047884033203124995,2.288856787109375,1.8052280517578123,2.9154770778357624
0.03481720964934096,-0.28730419921875,1.7573440185546874,5.386953735351562,5.673629548116162
0.03730415319572245,-0.40222587890625,1.35990654296875,9.09796630859375,9.207829408475055
0.03979109674210395,-0.4644751220703125,0.97683427734375,12.674903588867187,12.72097179194633
0.04227804028848545,-0.49320554199218747,0.737414111328125,15.87834541015625,15.903109263363177
0.04476498383486695,-0.49320554199218747,0.5602431884765625,18.440141186523437,18.455241291183494
0.04725192738124844,-0.39743747558593745,0.5506663818359374,20.17354318847656,20.184970517402633
0.04973887092762994,-0.316034619140625,0.6177040283203125,21.025878979492187,21.037324521130294
0.05222581447401144,-0.1771709228515625,0.8092401611328125,20.915745703124998,20.93214459848981
0.05471275802039293,-0.13407529296874998,1.1061211669921875,19.900604199218748,19.931771815727163
0.05719970156677443,-0.12449848632812499,1.4796166259765624,18.090587744140624,18.151422262770904
0.059686645113155926,-0.076614453125,1.8148048583984373,15.76342373046875,15.867731852876753
0.062173588659537427,-0.1149216796875,2.1595698974609374,12.933477368164061,13.113038777007166
0.06466053220591893,-0.22505495605468748,2.5330653564453125,10.026916552734374,10.344376510392822
0.06714747575230041,-0.44532150878906246,2.887407202148437,7.187393383789062,7.7584827930816225
0.06963441929868192,-0.5698199951171875,3.1507693847656246,4.668693237304687,5.6611605777319385
0.07212136284506342,-0.814028564453125,3.318363500976562,2.5905261962890624,4.287773874870143
0.0746083063914449,-1.1348515869140625,3.4572271972656248,1.149216796875,3.8158887908394457
0.0770952499378264,-1.3551181396484375,3.5194764404296874,0.38307226562499996,3.790752425025266
0.0795821934842079,-1.608903515625,3.5529952636718747,0.4261678955078125,3.9235143610578027
0.0820691370305894,-1.8004396484374998,3.4811692138671875,1.16837041015625,4.089646859885475
0.0845560805769709,-1.9584569580078124,3.399766357421875,2.480392919921875,4.641800725863335
0.0870430241233524,-2.0159177978515626,3.284844677734375,4.357447021484375,5.817342492029981
0.0895299676697339,-1.9919757812499999,3.1938650146484373,6.579266162109374,7.579939609044337
0.09201691121611538,-1.915361328125,3.0645781249999997,8.892064965820312,9.598388794890228
0.09450385476249688,-1.7717092285156248,2.987963671875,11.176133349609374,11.703539513459294
0.09699079830887838,-1.5658078857421873,2.882618798828125,13.2159931640625,13.617037885933799
0.09947774185525989,-1.2593500732421874,2.786850732421875,14.9015111328125,15.212085118520417
0.10196468540164137,-0.9576806640625,2.7820623291015623,16.08903515625,16.355857523113045
0.10445162894802287,-0.55545478515625,2.8012159423828122,16.72110439453125,16.963215289178667
0.10693857249440437,-0.22505495605468748,2.8012159423828122,16.754623217773435,16.988668566390277
0.10942551604078586,0.09576806640624999,2.786850732421875,16.2039568359375,16.44213871940841
0.11191245958716736,0.45968671875,2.839523168945312,15.188815332031249,15.458794095818725
0.11439940313354886,0.737414111328125,2.863465185546875,13.742717529296874,14.057222255142316
0.11688634667993036,0.9193734375,2.849099975585937,11.975796704101562,12.344323589668013
0.11937329022631185,1.0630255371093749,2.849099975585937,10.141838232421874,10.587930708880018
0.12186023377269335,1.1061211669921875,2.73896669921875,8.2743609375,8.785811945376665
0.12434717731907485,1.0965443603515623,2.6384102294921874,6.622361791992187,7.212440209620167
0.12683412086545634,1.0103531005859374,2.5139117431640625,5.233724829101562,5.89342355741007
0.12932106441183785,0.8906430175781249,2.375048046875,4.237736938476562,4.938877662936603
0.13180800795821934,0.6751648681640625,2.1547814941406247,3.6822821533203123,4.319506076318816
0.13429495150460083,0.49320554199218747,1.9871873779296874,3.6631285400390623,4.196507605438549
0.13678189505098234,0.19153613281249998,1.7860744384765623,4.065354418945312,4.444530857311074
0.13926883859736383,0.009576806640625,1.6903063720703124,4.946420629882812,5.2272654796190725
0.14175578214374532,-0.2537853759765625,1.5227122558593749,6.114791040039062,6.306641665303801
0.14424272569012683,-0.4836287353515625,1.39821376953125,7.541735229492187,7.685484289927871
0.14672966923650832,-0.7134720947265625,1.3742717529296875,9.050082275390624,9.181593242580151
0.1492166127828898,-0.8906430175781249,1.39821376953125,10.582371337890624,10.711434538056816
0.15170355632927132,-1.0438719238281249,1.4604630126953124,11.985373510742187,12.11906757951321
0.1541904998756528,-1.158793603515625,1.5610194824218748,13.105859887695312,13.249269709533063
0.15667744342203432,-1.24498486328125,1.7477672119140624,13.915100048828124,14.079584045906248
0.1591643869684158,-1.2976572998046874,1.9488801513671874,14.34605634765625,14.535865335172089
0.1616513305147973,-1.35990654296875,2.1930887207031247,14.365209960937499,14.595144437939023
0.1641382740611788,-1.3311761230468748,2.4756045166015626,14.07790576171875,14.355768116998203
0.1666252176075603,-1.3646949462890625,2.748543505859375,13.33091484375,13.679553145894157
0.1691121611539418,-1.37906015625,2.9927520751953125,12.310984936523436,12.744360400014159
0.1715991047003233,-1.3838485595703125,3.294421484375,11.142614526367186,11.70154298525393
0.1740860482467048,-1.3455413330078123,3.4859576171874997,9.782707983398437,10.472046479848506
0.17657299179308628,-1.3551181396484375,3.5865140869140624,8.475473876953124,9.302316158191577
0.1790599353394678,-1.3359645263671873,3.7014357666015623,7.292738256835937,8.286703761611566
0.18154687888584928,-1.2306196533203124,3.778050219726562,6.311115576171875,7.457765617778115
0.18403382243223076,-1.158793603515625,3.749319799804687,5.616797094726562,6.8519056604775965
0.18652076597861228,-1.1013327636718748,3.7397429931640622,5.233724829101562,6.526138758715677
0.18900770952499377,-1.0486603271484374,3.6200329101562496,5.219359619140625,6.437860016050766
0.19149465307137528,-0.9145850341796874,3.5194764404296874,5.473144995117187,6.571034647379467
0.19398159661775677,-0.7613561279296874,3.318363500976562,6.124367846679687,7.0070736402291
0.19646854016413826,-0.6177040283203125,3.0550013183593747,6.976703637695312,7.641268544555391
0.19895548371051977,-0.4070142822265625,2.920926025390625,8.073247998046874,8.595045241865137
0.20144242725690126,-0.181959326171875,2.7629087158203123,9.179369165039063,9.587887777628955
0.20392937080328274,-0.0143652099609375,2.5713725830078125,10.342951171874999,10.657804758189743
0.20641631434966426,0.201112939453125,2.39420166015625,11.439495532226562,11.68908491010917
0.20890325789604575,0.4070142822265625,2.2361843505859373,12.272677709960936,12.48137809892457
0.21139020144242723,0.584185205078125,2.1499930908203124,12.990938208007812,13.180600068611612
0.21387714498880875,0.6943184814453125,2.0733786376953125,13.383587280273437,13.56102450472031
0.21636408853519024,0.82360537109375,1.9919757812499999,13.421894506835937,13.593878970809389
0.21885103208157172,0.8475473876953125,1.9536685546875,13.187262744140623,13.358108252255002
0.22133797562795324,0.8762778076171874,1.9297265380859374,12.650961572265624,12.827257540521163
0.22382491917433472,0.852335791015625,1.89620771484375,11.899182250976562,12.07942954946279
0.22631186272071624,0.699106884765625,1.867477294921875,10.951078393554686,11.131142792416046
0.22879880626709773,0.5698199951171875,1.9297265380859374,9.907206469726562,10.109464841049714
0.2312857498134792,0.32082302246093747,1.9009961181640624,8.877699755859375,9.084617031454952
0.23377269335986073,0.11013327636718749,1.89620771484375,7.905653881835937,8.13062705673947
0.23625963690624222,-0.1771709228515625,1.9105729248046874,7.082048510742187,7.337376203071942
0.2387465804526237,-0.39264907226562495,1.9105729248046874,6.4739212890625,6.7613696136156065
0.24123352399900522,-0.699106884765625,1.9823989746093749,6.129156249999999,6.479599715088352
0.2437204675453867,-0.967257470703125,2.020706201171875,6.0142345703124995,6.417932535702402
0.2462074110917682,-1.2497732666015624,1.9919757812499999,6.177040283203125,6.6095179394047054
0.2486943546381497,-1.35990654296875,2.0638018310546875,6.675034228515624,7.117914424557876
0.2511812981845312,-1.5610194824218748,2.1356278808593747,7.292738256835937,7.757687771025786
0.2536682417309127,-1.7238251953125,2.2266075439453124,8.145074047851562,8.618096408356859
0.2561551852772942,-1.7908628417968748,2.360682836914062,9.093177905273437,9.563780507288026
0.2586421288236757,-1.8052280517578123,2.5330653564453125,9.993397729492187,10.466291922103851
0.26112907237005717,-1.7860744384765623,2.6527754394531247,10.817003100585938,11.279841998451523
0.2636160159164387,-1.695094775390625,2.8203695556640622,11.635820068359374,12.092151975198957
0.2661029594628202,-1.618480322265625,3.0214824951171875,12.157756030273436,12.631700863838992
0.26858990300920166,-1.47482822265625,3.208230224609375,12.536039892578124,13.023830298677522
0.2710768465555832,-1.2928688964843749,3.361459130859375,12.593500732421875,13.098365477014486
0.2735637901019647,-1.1348515869140625,3.4763808105468748,12.440271826171875,12.966629275694807
0.27605073364834615,-0.9337386474609375,3.5577836669921874,12.033257543945313,12.582884391179762
0.27853767719472766,-0.7565677246093749,3.6727053466796873,11.501744775390625,12.097573813111277
0.2810246207411092,-0.6177040283203125,3.6583401367187496,10.702081420898438,11.326939461393357
0.28351156428749064,-0.39743747558593745,3.6487633300781246,9.911994873046874,10.569724345943486
0.28599850783387215,-0.26336218261718747,3.5673604736328124,8.98304462890625,9.669049135928105
0.28848545138025367,-0.1005564697265625,3.5098996337890624,8.245630517578125,8.962138677530723
0.2909723949266351,0.009576806640625,3.294421484375,7.5465236328125,8.234277355817849
0.29345933847301664,0.086191259765625,3.1507693847656246,7.048529687499999,7.721175260593764
0.29594628201939815,0.2059013427734375,2.940079638671875,6.660669018554687,7.283610054047588
0.2984332255657796,0.2920926025390625,2.729389892578125,6.622361791992187,7.168721153609174
0.30092016911216113,0.32561142578124996,2.4564509033203126,6.775590698242187,7.214485647024916
0.30340711265854264,0.354341845703125,2.2601263671875,7.144297753906249,7.5016478013662
0.30589405620492416,-6.387730029296875,7.149086157226562,7.096413720703125,11.927766576606581
0.3083809997513056,-6.603208178710937,7.216123803710937,7.790732202148437,12.504811443899154
0.31086794329768713,-6.512228515625,7.101202124023437,8.552088330078124,12.883105473891487
0.31335488684406865,-6.325480786132812,6.866570361328125,9.428366137695312,13.26859388666504
0.3158418303904501,-5.908889697265625,6.53138212890625,10.228029492187499,13.497648582671912
0.3183287739368316,-5.386953735351562,6.133944653320312,10.970232006835937,13.674448355989451
0.32081571748321314,-4.836287353515624,5.6024318847656245,11.563994018554688,13.729634956923737
0.3233026610295946,-4.141968872070312,5.066130712890625,11.966219897460936,13.638621820832306
0.3257896045759761,-3.4093431640625,4.548983154296875,12.100295190429687,13.369144035575063
0.3282765481223576,-2.710236279296875,4.00310517578125,12.090718383789062,13.021355642715484
0.3307634916687391,-2.01112939453125,3.447650390625,11.784260571289062,12.441854036660386
0.3332504352151206,-1.3455413330078123,3.0454245117187497,11.3389390625,11.817640669714839
0.3357373787615021,-0.8188169677734375,2.5330653564453125,10.702081420898438,11.028210555945902
0.3382243223078836,-0.3112462158203125,2.1499930908203124,10.002974536132811,10.236153773168855
0.3407112658542651,0.105344873046875,1.7812860351562498,9.289502441406249,9.45933047790448
0.3431982094006466,0.4070142822265625,1.426944189453125,8.456320263671875,8.585521693382297
0.34568515294702806,0.6703764648437499,1.2210428466796874,7.915230688476562,8.036866745806178
0.3481720964934096,0.8283937744140625,1.0390835205078124,7.37414111328125,7.4929225250674865
0.3506590400397911,0.9433154541015625,0.97683427734375,7.043741284179687,7.173446907156825
0.35314598358617255,0.97683427734375,0.9528922607421875,6.928819604492187,7.061922541176115
0.35563292713255407,0.928950244140625,0.8858546142578124,6.995857250976562,7.112644067414883
0.3581198706789356,0.8858546142578124,1.01514150390625,7.321468676757812,7.444404224335262
0.36060681422531704,0.7948749511718749,1.1109095703125,7.805097412109374,7.923729669412558
0.36309375777169856,0.7326257080078125,1.2928688964843749,8.398859423828124,8.529307711224702
0.36558070131808007,0.622492431640625,1.4413093994140624,9.088389501953124,9.222998067412837
0.36806764486446153,0.5219359619140624,1.714248388671875,9.86411083984375,10.025554715182908
0.37055458841084304,0.47884033203125,1.944091748046875,10.587159741210938,10.774819356922945
0.37304153195722456,-6.440402465820312,7.311891870117187,10.548852514648438,14.36039122091856
0.3755284755036061,-6.737283471679687,7.8529814453124995,11.109095703125,15.181314616968486
0.37801541904998753,-6.742071875,8.149862451171874,11.410765112304686,15.558963705493916
0.38050236259636905,-6.593631372070312,8.25520732421875,11.631031665039062,15.71322119203208
0.38298930614275056,-6.215347509765625,8.207323291015625,11.583147631835937,15.497096803314605
0.385476249689132,-5.722141967773437,7.920019091796875,11.362881079101562,14.986149523195921
0.38796319323551354,-5.099649536132812,7.52737001953125,11.022904443359375,14.288881942606613
0.39045013678189505,-4.390965844726562,6.981492041015625,10.486603271484375,13.341314041046578
0.3929370803282765,-3.6439749267578123,6.320692382812499,9.816226806640625,12.230617898716057
0.395424023874658,-2.85388837890625,5.66946953125,9.198522778320312,11.175884079047432
0.39791096742103954,-2.068590234375,4.8506525634765625,8.508992700195313,10.010537079562239
0.400397910967421,-1.350329736328125,4.055777612304687,7.9295958984374995,9.008396835719477
0.4028848545138025,-0.6847416748046875,3.2800562744140622,7.4411787597656245,8.160807659743272
0.40537179806018403,-0.105344873046875,2.4756045166015626,7.149086157226562,7.56631668305945
0.4078587416065655,0.5027823486328125,1.7525556152343749,7.034164477539062,7.266616211942024
0.410345685152947,0.9528922607421875,1.139639990234375,7.086836914062499,7.240859093674082
0.4128326286993285,1.3072341064453123,0.603338818359375,7.3837179199218745,7.522776685491108
0.41531957224571,1.5801730957031248,0.1197100830078125,7.862558251953125,8.02066704094578
0.4178065157920915,1.7334020019531249,-0.201112939453125,8.355763793945313,8.53603640426855
0.420293459338473,1.8435352783203125,-0.3687070556640625,9.093177905273437,9.285496843586833
0.42278040288485447,1.8291700683593748,-0.43574470214843747,9.792284790039062,9.971187391362307
0.425267346431236,1.7573440185546874,-0.38307226562499996,10.505756884765624,10.658608261965599
0.4277542899776175,1.608903515625,-0.22026655273437498,11.161768139648437,11.279279936242158
0.43024123352399896,1.39821376953125,-0.086191259765625,11.611878051757811,11.696073809935603
0.43272817707038047,1.139639990234375,0.32082302246093747,11.999738720703125,12.058002989061839
0.435215120616762,0.86191259765625,0.6703764648437499,12.143390820312499,12.192384448723098
0.43770206416314344,0.5698199951171875,1.1061211669921875,12.12423720703125,12.18791724271479
0.44018900770952496,0.2059013427734375,1.5897499023437498,11.918335864257811,12.02565714995284
0.4426759512559065,-0.15322890625,2.0254946044921875,11.477802758789062,11.656159901966141
0.445162894802288,-0.5410895751953124,2.4516625,10.893617553710937,11.179191846855941
0.44764983834866945,-0.833182177734375,2.887407202148437,10.204087475585936,10.63742046276834
0.45013678189505096,-1.0726023437499999,3.284844677734375,9.495403784179686,10.104621386735465
0.4526237254414325,-1.369483349609375,3.5865140869140624,8.724470849609375,9.531786797142184
0.45511066898781394,-1.5514426757812498,3.801992236328125,8.073247998046874,9.057563280447036
0.45759761253419545,-1.6807295654296874,4.031835595703125,7.532158422851562,8.707121260773963
0.46008455608057697,-1.8531120849609375,4.11802685546875,7.110778930664062,8.423499663593871
0.4625714996269584,-1.838746875,4.1563340820312495,6.928819604492187,8.286413227891309
0.46505844317333994,-1.8243816650390623,4.0988732421875,6.89530078125,8.226439277060168
0.46754538671972146,-1.7094599853515624,4.084508032226562,7.043741284179687,8.319840778842993
0.4700323302661029,-1.5753846923828123,3.88818349609375,7.41244833984375,8.517288196318255
0.47251927381248443,-1.39821376953125,3.6535517333984373,7.915230688476562,8.829174302601952
0.47500621735886595,-1.139639990234375,3.5146880371093747,8.643067993164061,9.399704018744325
0.4774931609052474,-0.8906430175781249,3.27526787109375,9.342174877929686,9.93966076191739
0.4799801044516289,-0.5410895751953124,3.1699229980468746,10.089165795898436,10.589261362298055
0.48246704799801043,-0.28730419921875,2.863465185546875,10.769119067382812,11.147013145197048
0.4849539915443919,0.0,2.6910826660156246,11.334150659179686,11.649244485386728
0.4874409350907734,0.24899697265624998,2.5665841796874997,11.812990991210937,12.091158339970777
0.4899278786371549,0.4165910888671875,2.35589443359375,12.061987963867187,12.29696468068598
0.4924148221835364,0.59376201171875,2.1978771240234374,12.138602416992187,12.350258532382
0.4949017657299179,0.737414111328125,2.0542250244140625,11.990161914062499,12.1871901087966
0.4973887092762994,0.7757213378906249,1.9584569580078124,11.664550488281249,11.853228899506258
0.49987565282268087,0.7757213378906249,1.838746875,11.176133349609374,11.352915498348075
0.5023625963690624,0.7038952880859375,1.7956512451171873,10.529698901367187,10.704876969126447
0.5048495399154439,0.5889736083984375,1.7573440185546874,9.892841259765625,10.064961803298656
0.5073364834618254,0.36391865234375,1.637633935546875,9.121908325195312,9.274885076681327
0.5098234270082069,0.143652099609375,1.6136919189453125,8.389282617187499,8.544278809006405
0.5123103705545884,-0.105344873046875,1.637633935546875,7.843404638671874,8.013235225242765
0.5147973141009698,-0.3591302490234375,1.6519991455078125,7.369352709960937,7.56078270262615
0.5172842576473514,-0.5506663818359374,1.70467158203125,7.086836914062499,7.309746651778576
0.5197712011937329,-0.852335791015625,1.714248388671875,6.962338427734375,7.220753438597465
0.5222581447401143,-1.0917559570312498,1.8339584716796873,7.062894897460937,7.378334437943204
0.5247450882864959,-1.2928688964843749,1.93451494140625,7.331045483398437,7.691429380919868
0.5272320318328774,-1.4125789794921875,2.1068974609374997,7.81467421875,8.216053154003081
0.5297189753792588,-1.5801730957031248,2.2074539306640624,8.37012900390625,8.799366989188531
0.5322059189256404,-1.637633935546875,2.408566870117187,9.064447485351561,9.520884806013415
0.5346928624720219,-1.6472107421875,2.5474305664062498,9.753977563476562,10.21483157123224
0.5371798060184033,-1.6424223388671875,2.7246014892578123,10.414777221679687,10.889838795487007
0.5396667495647849,-1.5179238525390624,3.0071172851562498,11.051634863281249,11.55359166407079
0.5421536931111663,-1.43652099609375,3.1747114013671873,11.501744775390625,12.018008068411941
0.5446406366575478,-1.3168109130859373,3.299209887695312,11.750741748046874,12.27594022847865
0.5471275802039294,-1.1156979736328125,3.4572271972656248,11.942277880859374,12.482595997850149
0.5496145237503108,-0.9720458740234375,3.6248213134765623,11.812990991210937,12.394795637454887
0.5521014672966923,-0.7852981445312499,3.706224169921875,11.587936035156249,12.191515587833615
0.5545884108430739,-0.63206923828125,3.758896606445312,11.161768139648437,11.79465485816344
0.5570753543894553,-0.45010991210937495,3.7397429931640622,10.639832177734375,11.286908582878246
0.5595622979358368,-0.32561142578124996,3.687070556640625,10.002974536132811,10.66583384741985
0.5620492414822184,-0.201112939453125,3.5817256835937497,9.313444458007812,9.98045354477075
0.5645361850285998,-0.06703764648437499,3.4428619873046875,8.647856396484375,9.308233611372755
0.5670231285749813,0.0047884033203125,3.246537451171875,8.078036401367187,8.706015187930772
0.5695100721213628,0.1197100830078125,3.0071172851562498,7.551312036132812,8.128923565743715
0.5719970156677443,0.22505495605468748,2.77727392578125,7.254431030273437,7.771143401396174
0.5744839592141258,0.26815058593749996,2.5570073730468748,7.153874560546875,7.601849292809905
0.5769709027605073,0.32082302246093747,2.27927998046875,7.187393383789062,7.546964177365717
0.5794578463068888,0.354341845703125,2.039859814453125,7.369352709960937,7.65466822076866
0.5819447898532703,0.354341845703125,1.8626888916015625,7.790732202148437,8.01814668711572
0.5844317333996518,0.3495534423828125,1.6519991455078125,8.398859423828124,8.566920590682903
0.5869186769460333,0.3687070556640625,1.5275006591796874,9.04050546875,9.176052652812619
0.5894056204924147,0.3064578125,1.39821376953125,9.662997900390625,9.768441357714273
0.5918925640387963,0.239420166015625,1.35990654296875,10.347739575195313,10.439462732227527
0.5943795075851778,0.181959326171875,1.3072341064453123,10.951078393554686,11.030325842295643
0.5968664511315592,0.12449848632812499,1.3551181396484375,11.434707128906249,11.515397178098619
0.5993533946779408,0.023942016601562498,1.5514426757812498,11.803414184570311,11.904962579063818
0.6018403382243223,-0.1292868896484375,1.6041151123046875,11.999738720703125,12.107172657499401
0.6043272817707037,-0.26815058593749996,1.7477672119140624,11.9518546875,12.081946260222159
0.6068142253170853,-0.4070142822265625,1.9536685546875,11.712434521484374,11.88122905542899
0.6093011688634667,-0.6607996582031249,2.0877438476562498,11.247959399414063,11.45914138199608
0.6117881124098483,-0.8188169677734375,2.3127988037109373,10.754753857421875,11.031057522599141
0.6142750559562298,-1.0582371337890624,2.4947581298828125,10.09395419921875,10.451392028522914
0.6167619995026112,-1.1923124267578125,2.6671406494140624,9.476250170898437,9.916378646875614
0.6192489430489928,-1.4125789794921875,2.8107927490234372,8.71489404296875,9.265274600973148
0.6217358865953743,-1.5227122558593749,2.9831752685546875,8.116343627929687,8.780263161414668
0.6242228301417557,-1.656787548828125,3.0789433349609374,7.513004809570312,8.286741115208011
0.6267097736881373,-1.7812860351562498,3.1938650146484373,7.153874560546875,8.034405696682093
0.6291967172345188,-1.85790048828125,3.208230224609375,6.9527616210937495,7.87943078897245
0.6316836607809002,-1.8004396484374998,3.246537451171875,6.962338427734375,7.890230968218489
0.6341706043272818,-1.7621324218749999,3.303998291015625,7.129932543945312,8.053412535097634
0.6366575478736632,-1.656787548828125,3.284844677734375,7.517793212890624,8.369729047620126
0.6391444914200447,-1.5083470458984374,3.208230224609375,8.020575561523437,8.769121069016817
0.6416314349664263,-1.2928688964843749,3.23696064453125,8.623914379882812,9.301683902890403
0.6441183785128077,-1.0726023437499999,3.1938650146484373,9.380482104492186,9.96718084677465
0.6466053220591892,-0.8092401611328125,3.1268273681640624,10.050858569335936,10.557067633082763
0.6490922656055708,-0.5410895751953124,3.1124621582031247,10.735600244140624,11.190769018107009
0.6515792091519522,-0.26336218261718747,3.0837317382812497,11.310208642578125,11.72602151676198
0.6540661526983337,-0.01915361328125,2.9927520751953125,11.736376538085937,12.111955502239166
0.6565530962447153,0.277727392578125,2.9735984619140625,11.942277880859374,12.310053667671355
0.6590400397910967,0.488417138671875,2.8730419921875,12.133814013671874,12.478876716620013
0.6615269833374782,0.622492431640625,2.77727392578125,11.966219897460936,12.300047395057641
0.6640139268838597,0.8092401611328125,2.7054478759765623,11.635820068359374,11.973580354733128
0.6665008704302412,0.86191259765625,2.5809493896484375,11.176133349609374,11.50261490819266
0.6689878139766227,-5.894524487304687,7.6279264892578125,9.90241806640625,13.819861251794263
0.6714747575230042,-6.110002636718749,7.728482958984374,9.227253198242186,13.498288137852615
0.6739617010693857,-6.148309863281249,7.738059765625,8.537723120117187,13.060321557568539
0.6764486446157671,-6.028599780273437,7.417236743164062,7.934384301757812,12.422313410264481
0.6789355881621487,-5.793968017578124,7.005434057617187,7.335833886718749,11.68163646660313
0.6814225317085302,-5.382165332031249,6.459556079101562,6.986280444335937,10.931682525910077
0.6839094752549116,-4.965574243164062,5.8610056640625,6.737283471679687,10.217597738035852
0.6863964188012932,-4.390965844726562,5.1523219726562495,6.694187841796874,9.52045973788728
0.6888833623476747,-3.758896606445312,4.510675927734375,6.8569935546875,9.027395063472872
0.6913703058940561,-3.1076737548828124,3.83072265625,7.278373046874999,8.792427790170981
0.6938572494404377,-2.4516625,3.1411925781249996,7.771578588867187,8.733565914889102
0.6963441929868192,-1.8100164550781248,2.4947581298828125,8.403647827148436,8.951048793130703
0.6988311365332006,-1.1731588134765625,1.9776105712890624,9.141061938476563,9.425829328837695
0.7013180800795822,-0.6368576416015624,1.4700398193359374,9.835380419921874,9.965004401939927
0.7038050236259636,-0.086191259765625,1.2018892333984375,10.558429321289061,10.626965530915948
0.7062919671723451,0.38786066894531246,0.9433154541015625,11.219228979492186,11.265495055200141
0.7087789107187267,0.7422025146484375,0.82360537109375,11.654973681640625,11.707587364601665
0.7112658542651081,1.0582371337890624,0.74699091796875,12.023680737304687,12.093252653256263
0.7137527978114896,1.2497732666015624,0.7948749511718749,12.157756030273436,12.247644308092987
0.7162397413578712,1.3934253662109375,0.9050082275390624,12.038045947265624,12.152169533527411
0.7187266849042526,1.4125789794921875,1.0199299072265624,11.755530151367187,11.883944022447322
0.7212136284506341,1.4030021728515625,1.2785036865234374,11.358092675781249,11.51560923291147
0.7237005719970157,1.2880804931640624,1.5131354492187499,10.788272680664061,10.969756500347431
0.7261875155433971,1.1635820068359375,1.7094599853515624,10.160991845703125,10.369278268837997
0.7286744590897786,-5.966350537109375,7.302315063476562,8.781931689453124,12.885785510249773
0.7311614026361601,-6.272808349609375,7.704540942382812,8.068459594726562,12.798754468912872
0.7336483461825416,-6.382941625976562,7.81467421875,7.4699091796875,12.554306834652392
0.7361352897289231,-6.306327172851562,7.8338278320312495,6.981492041015625,12.242542711043239
0.7386222332753046,-5.966350537109375,7.666233715820312,6.698976245117187,11.800201729203184
0.7411091768216861,-5.5449710449218745,7.278373046874999,6.60799658203125,11.286586593236908
0.7435961203680675,-4.912901806640625,6.871358764648437,6.794744311523437,10.840697657124458
0.7460830639144491,-4.261678955078125,6.234501123046875,7.0102224609374995,10.304083206246984
0.7485700074608306,-3.5003228271484375,5.588066674804687,7.4794859863281244,9.971031023720563
0.7510569510072121,-2.70065947265625,4.898536596679687,8.12113203125,9.861136235001162
0.7535438945535936,-1.915361328125,4.180276098632812,8.820238916015624,9.946855373115365
0.7560308380999751,-1.1013327636718748,3.4428619873046875,9.557653027343749,10.218364052579936
0.7585177816463566,-0.26336218261718747,2.834734765625,10.328585961914062,10.713765388663509
0.7610047251927381,0.430956298828125,2.2649147705078123,10.998962426757812,11.238004125039026
0.7634916687391196,1.0965443603515623,1.7286135986328124,11.573570825195311,11.753214715702644
0.7659786122855011,1.6041151123046875,1.2114660400390624,11.956643090820311,12.124444286686021
0.7684655558318826,2.0302830078125,0.86191259765625,12.172121240234373,12.370346717241821
0.770952499378264,2.3032219970703123,0.59376201171875,12.205640063476562,12.435233582586738
0.7734394429246456,2.499546533203125,0.39743747558593745,12.023680737304687,12.287171679897684
0.7759263864710271,2.50912333984375,0.239420166015625,11.6070896484375,11.87760716884123
0.7784133300174085,2.442085693359375,0.17238251953125,11.046846459960937,11.314871407873001
0.7809002735637901,2.2744915771484373,0.1867477294921875,10.433930834960936,10.68059452079978
0.7833872171101716,1.9728221679687499,0.2346317626953125,9.701305126953125,9.902646138115882
0.785874160656553,1.6136919189453125,0.411802685546875,8.987833032226561,9.140827406546736
0.7883611042029346,1.1731588134765625,0.5985504150390625,8.33182177734375,8.435272273637688
0.790848047749316,0.6943184814453125,0.8044517578125,7.742848168945312,7.815428238533313
0.7933349912956975,0.2059013427734375,1.0007762939453124,7.307103466796875,7.378191487617662
0.7958219348420791,-0.258573779296875,1.3263877197265623,7.072471704101562,7.200418098117535
0.7983088783884605,-0.7038952880859375,1.6136919189453125,7.043741284179687,7.260424330871873
0.800795821934842,-1.1348515869140625,1.915361328125,7.168239770507812,7.506008163404035
0.8032827654812236,-1.4700398193359374,2.1691467041015624,7.465120776367187,7.911652336907692
0.805769709027605,-1.7573440185546874,2.47081611328125,7.948749511718749,8.507397314411104
0.8082566525739865,-2.001552587890625,2.767697119140625,8.552088330078124,9.208939945012641
0.8107435961203681,-2.1021090576171875,3.0837317382812497,9.251195214843749,9.975614107760345
0.8132305396667495,-2.1930887207031247,3.342305517578125,9.883264453125,10.661123794427708
0.815717483213131,-2.1595698974609374,3.5577836669921874,10.568006127929687,11.358006879866522
0.8182044267595125,-2.068590234375,3.782838623046875,11.133037719726563,11.938737892868794
0.820691370305894,-1.9584569580078124,3.9552211425781247,11.525686791992188,12.341830657166277
0.8231783138522755,-1.7717092285156248,4.065354418945312,11.784260571289062,12.591062598291044
0.825665257398657,-1.5658078857421873,4.151545678710937,11.832144604492187,12.636721560558714
0.8281522009450385,-1.3215993164062498,4.170699291992188,11.77947216796875,12.56572011041548
0.83063914449142,-1.0869675537109373,4.0988732421875,11.439495532226562,12.200176980280757
0.8331260880378015,-0.7900865478515624,4.04141240234375,10.960655200195312,11.708681111742791
0.835613031584183,-0.584185205078125,3.9504327392578125,10.40041201171875,11.140725344192623
0.8380999751305644,-0.32561142578124996,3.782838623046875,9.753977563476562,10.46689873636975
0.840586918676946,-0.12449848632812499,3.5290532470703124,9.088389501953124,9.750309760872588
0.8430738622233275,0.076614453125,3.27526787109375,8.48505068359375,9.095566750071233
0.8455608057697089,0.4644751220703125,2.0733786376953125,21.55260334472656,21.65708537752465
0.8480477493160905,1.0534487304687499,2.221819140625,17.860744384765624,18.02921031269286
0.850534692862472,1.5610194824218748,2.4516625,13.718775512695311,14.023274667713508
0.8530216364088534,1.8435352783203125,2.6144682128906247,9.490615380859374,10.01528065837556
0.855508579955235,2.0159177978515626,2.6910826660156246,5.492298608398437,6.439813233847691
0.8579955235016165,2.0638018310546875,2.6958710693359373,2.0159177978515626,3.948534334160191
0.8604824670479979,1.915361328125,2.7437551025390623,-0.6751648681640625,3.413597615301033
0.8629694105943795,1.7190367919921874,2.6527754394531247,-2.35589443359375,3.9424032780306133
0.8654563541407609,1.3551181396484375,2.5043349365234375,-3.0693665283203124,4.18677077613155
0.8679432976871424,0.93852705078125,2.3415292236328122,-2.6575638427734374,3.664183088846865
0.870430241233524,0.49320554199218747,2.1356278808593747,-1.3359645263671873,2.566896836233824
0.8729171847799054,-0.023942016601562498,1.8626888916015625,0.737414111328125,2.0034876337628478
0.8754041283262869,-0.51714755859375,1.6472107421875,3.5146880371093747,3.9158366698238476
0.8778910718726685,-0.9433154541015625,1.455674609375,6.584054565429687,6.808715527533912
0.8803780154190499,-1.3359645263671873,1.3215993164062498,9.715670336914062,9.895740298958374
0.8828649589654315,-1.5562310791015623,1.3072341064453123,12.689268798828124,12.85100225000091
0.885351902511813,-1.838746875,1.3168109130859373,15.236699365234374,15.403635564297089
0.8878388460581944,-1.9776105712890624,1.3934253662109375,17.137695483398435,17.30760481131255
0.890325789604576,-2.0638018310546875,1.5370774658203123,18.37310354003906,18.55243430999806
0.8928127331509574,-1.9919757812499999,1.8004396484374998,18.799271435546874,18.99005415864107
0.8952996766973389,-1.93451494140625,2.0973206542968748,18.44971799316406,18.669043789459224
0.8977866202437205,-1.7717092285156248,2.398990063476562,17.43457648925781,17.687808351371515
0.9002735637901019,-1.6424223388671875,2.7533319091796873,15.729904907226562,16.05329549132225
0.9027605073364834,-1.4604630126953124,3.1220389648437497,13.651737866210937,14.080128773459114
0.905247450882865,-1.254561669921875,3.423708374023437,11.343727465820312,11.91536221995796
0.9077343944292464,-1.0390835205078124,3.67749375,9.0021982421875,9.779735581063717
0.9102213379756279,-0.9193734375,3.907337109375,6.76122548828125,7.862995670052449
0.9127082815220094,-0.7661445312499999,4.0222587890625,4.8889597900390624,6.37710522396907
0.9151952250683909,-0.5985504150390625,4.0988732421875,3.5338416503906247,5.4449115020264225
0.9176821686147724,-0.5027823486328125,4.07971962890625,2.6671406494140624,4.900055263396173
0.9201691121611539,-0.411802685546875,3.9839515624999997,2.427720483398437,4.683511316275658
0.9226560557075354,-0.316034619140625,3.840299462890625,2.7581203125,4.738671280369475
0.9251429992539169,-0.19632453613281248,3.687070556640625,3.7205893798828122,5.241738065454124
0.9276299428002984,-0.16759411621093748,3.414131567382812,5.032611889648437,6.083713058570329
0.9301168863466799,-0.0430956298828125,3.0741549316406247,6.660669018554687,7.335993290058248
0.9326038298930613,0.01915361328125,2.7964275390625,8.44674345703125,8.897631643928012
0.9350907734394429,0.09576806640624999,2.528276953125,10.271125122070313,10.578155186395694
0.9375777169858244,0.1580173095703125,2.2649147705078123,11.966219897460936,12.179705539222955
0.9400646605322058,0.26336218261718747,1.9728221679687499,13.273454003906249,13.421846673966911
0.9425516040785874,0.354341845703125,1.7956512451171873,14.341267944335936,14.457589279992176
0.9450385476249689,0.43574470214843747,1.637633935546875,14.911087939453123,15.007073728425857
0.9475254911713503,0.4836287353515625,1.5610194824218748,15.002067602539062,15.090815449448401
0.9500124347177319,0.488417138671875,1.5131354492187499,14.65251416015625,14.738531181994027
0.9524993782641133,0.45968671875,1.4604630126953124,13.800178369140625,13.884854594519274
0.9549863218104948,0.44053310546874996,1.5131354492187499,12.761094848632812,12.858039898853141
0.9574732653568764,0.3687070556640625,1.4987702392578124,11.429918725585937,11.533659401789244
0.9599602089032578,0.201112939453125,1.5753846923828123,9.97903251953125,10.104621386735467
0.9624471524496393,0.076614453125,1.6903063720703124,8.576030346679687,8.74135583951712
0.9649340959960209,-0.0718260498046875,1.85790048828125,7.340622290039062,7.572429518378138
0.9674210395424023,-0.3016694091796875,1.905784521484375,6.311115576171875,6.5994847443238704
0.9699079830887838,-0.507570751953125,2.0302830078125,5.61200869140625,5.989517402301267
0.9723949266351654,-0.737414111328125,2.1308394775390624,5.2433016357421875,5.707579915691193
0.9748818701815468,-0.9433154541015625,2.2649147705078123,5.272032055664062,5.814981079897056
0.9773688137279283,-1.1635820068359375,2.384624853515625,5.645527514648437,6.237975608904649
0.9798557572743098,-1.369483349609375,2.4756045166015626,6.373364819335937,6.973082638820824
0.9823427008206913,-1.5514426757812498,2.5713725830078125,7.244854223632812,7.8426299197762575
0.9848296443670728,-1.6615759521484375,2.7437551025390623,8.341398583984375,8.936887436035192
0.9873165879134543,-1.7381904052734374,2.839523168945312,9.442731347656249,10.01246088711321
0.9898035314598358,-1.7860744384765623,2.935291235351562,10.520122094726561,11.0670215245144
0.9922904750062173,-1.7381904052734374,3.0550013183593747,11.501744775390625,12.02682301434538
0.9947774185525988,-1.7238251953125,3.1555577880859373,12.205640063476562,12.724259020355099
0.9972643620989803,-1.608903515625,3.246537451171875,12.689268798828124,13.196443406970115
0.9997513056453617,-1.4700398193359374,3.342305517578125,12.895170141601561,13.402142971335547
1.0022382491917432,-1.3646949462890625,3.4093431640625,12.751518041992187,13.269786188255592
1.0047251927381249,-1.0917559570312498,3.4715924072265625,12.387599389648436,12.911100013168694
1.0072121362845063,-0.93852705078125,3.4763808105468748,11.77947216796875,12.317549314735343
1.0096990798308878,-0.7326257080078125,3.4620156005859375,10.907982763671875,11.467623137306923
1.0121860233772693,-0.55545478515625,3.394977954101562,9.97903251953125,10.555353871521827
1.0146729669236507,-0.32561142578124996,3.35188232421875,9.0788126953125,9.683283424158192
1.0171599104700322,-0.15322890625,3.2513258544921873,8.183381274414062,8.806947711450922
1.0196468540164139,0.047884033203124995,3.0789433349609374,7.445967163085937,8.057581022508568
1.0221337975627953,0.2059013427734375,2.901772412109375,6.9527616210937495,7.536814489848424
1.0246207411091768,0.354341845703125,2.729389892578125,6.6271501953125,7.175949208331566
1.0271076846555582,0.469263525390625,2.5809493896484375,6.6319385986328125,7.1319084110933755
1.0295946282019397,0.5219359619140624,2.365471240234375,6.842628344726562,7.258748790306115
1.0320815717483212,0.5889736083984375,2.1404162841796874,7.278373046874999,7.609401158464963
1.0345685152947028,0.63206923828125,2.01112939453125,7.9295958984374995,8.20503772544928
1.0370554588410843,0.59376201171875,1.8243816650390623,8.719682446289061,8.928257598793428
1.0395424023874658,0.565031591796875,1.7238251953125,9.5384994140625,9.709469865847122
1.0420293459338472,0.5602431884765625,1.6711527587890624,10.314220751953124,10.463736124992026
1.0445162894802287,0.4213794921875,1.5610194824218748,11.0707884765625,11.188239360762974
1.0470032330266101,0.3687070556640625,1.5562310791015623,11.664550488281249,11.773679890251831
1.0494901765729918,0.229843359375,1.5849614990234373,12.076353173828124,12.182086721997345
1.0519771201193733,0.062249243164062495,1.5945383056640625,12.23915888671875,12.342748382384332
1.0544640636657547,-0.143652099609375,1.6424223388671875,12.172121240234373,12.28327002682498
1.0569510072121362,-7.105990527343749,6.9910688476562495,11.2240173828125,15.011619207035794
1.0594379507585177,-7.580042456054687,7.287949853515625,10.70686982421875,15.00694233132506
1.0619248943048991,-7.738059765625,7.474697583007812,10.070012182617187,14.736139869445656
1.0644118378512808,-7.704540942382812,7.50821640625,9.366116894531249,14.263849775497441
1.0668987813976623,-7.445967163085937,7.3549875,8.667010009765624,13.58879430370067
1.0693857249440437,-7.077260107421875,7.067683300781249,7.967903124999999,12.787776901308217
1.0718726684904252,-6.564900952148437,6.6893994384765625,7.278373046874999,11.866789943724733
1.0743596120368066,-5.88015927734375,6.263231542968749,6.909665991210937,11.024873087608196
1.076846555583188,-5.142745166015625,5.793968017578124,6.675034228515624,10.22614175450108
1.0793334991295698,-4.314351391601562,5.181052392578125,6.6702458251953125,9.484150525660658
1.0818204426759512,-3.5194764404296874,4.553771557617187,6.847416748046874,8.944868134027226
1.0843073862223327,-2.6719290527343746,4.031835595703125,7.268796240234375,8.730996616404692
1.0867943297687142,-1.7860744384765623,3.399766357421875,7.785943798828124,8.681554816007734
1.0892812733150956,-0.9911994873046874,2.9735984619140625,8.52335791015625,9.081431291429444
1.0917682168614773,-0.15322890625,2.5043349365234375,9.303867651367186,9.636240233937674
1.0942551604078588,0.584185205078125,2.068590234375,10.098742602539062,10.324966831129348
1.0967421039542402,1.1635820068359375,1.7286135986328124,10.793061083984375,10.992369881996721
1.0992290475006217,1.7286135986328124,1.5275006591796874,11.468225952148437,11.69793014711165
1.1017159910470031,2.1787235107421874,1.2641384765625,11.966219897460936,12.22846273488931
1.1042029345933846,2.5234885498046875,1.16837041015625,12.181698046874999,12.495073076279395
1.1066898781397663,2.77727392578125,1.0390835205078124,12.287042919921875,12.639793065450778
1.1091768216861477,2.887407202148437,0.97683427734375,12.12423720703125,12.501538041728036
1.1116637652325292,2.925714428710937,1.0007762939453124,11.77947216796875,12.178559958584623
1.1141507087789106,2.8203695556640622,1.0342951171875,11.214440576171874,11.609820336958052
1.116637652325292,2.6384102294921874,1.120486376953125,10.587159741210938,10.96834762605308
1.1191245958716736,2.442085693359375,1.1635820068359375,9.90241806640625,10.265261281732277
1.1216115394180552,2.1164742675781247,1.22583125,9.126696728515624,9.448741649187722
1.1240984829644367,1.7717092285156248,1.3407529296874998,8.461108666992187,8.747967300094539
1.1265854265108182,1.3646949462890625,1.388636962890625,7.843404638671874,8.081441779600498
1.1290723700571996,1.005564697265625,1.5562310791015623,7.431601953125,7.659094144978232
1.131559313603581,0.59376201171875,1.608903515625,7.1778165771484375,7.379849230461128
1.1340462571499625,0.143652099609375,1.7381904052734374,7.082048510742187,7.293651549067342
1.1365332006963442,-0.2346317626953125,1.8004396484374998,7.321468676757812,7.543244565601532
1.1390201442427257,-0.5602431884765625,1.944091748046875,7.580042456054687,7.845406859471974
1.1415070877891071,-0.9337386474609375,2.0350714111328125,8.12113203125,8.42414203222898
1.1439940313354886,-1.235408056640625,2.1978771240234374,8.662221606445312,9.021694967016238
1.14648097488187,-1.5083470458984374,2.2744915771484373,9.313444458007812,9.705084771282843
1.1489679184282515,-1.7094599853515624,2.398990063476562,10.007762939453125,10.432292452690774
1.1514548619746332,-1.85790048828125,2.5139117431640625,10.625466967773438,11.075743530798206
1.1539418055210147,-1.9488801513671874,2.7054478759765623,11.228805786132812,11.71339666521666
1.1564287490673961,-2.0446482177734375,2.858676782226562,11.520898388671874,12.045070317843209
1.1589156926137776,-2.0829554443359375,2.96881005859375,11.726799731445311,12.274785883612061
1.161402636160159,-2.1116858642578125,3.1076737548828124,11.736376538085937,12.323124100642165
1.1638895797065405,-2.059013427734375,3.284844677734375,11.573570825195311,12.205625035132055
1.1663765232529222,-2.0638018310546875,3.347093920898437,11.118672509765624,11.79352339602537
1.1688634667993036,-1.9680337646484374,3.4859576171874997,10.687716210937499,11.41281451760082
1.171350410345685,-1.8435352783203125,3.6008792968749996,10.09395419921875,10.874413336313843
1.1738373538920666,-1.7286135986328124,3.5577836669921874,9.399635717773437,10.197993980255962
1.176324297438448,-1.637633935546875,3.5673604736328124,8.705317236328124,9.549369290209903
1.1788112409848295,-1.4796166259765624,3.5290532470703124,8.116343627929687,8.973211023215638
1.1812981845312112,-1.3359645263671873,3.4907460205078125,7.6231380859375,8.490132111614841
1.1837851280775926,-1.158793603515625,3.385401147460937,7.240065820312499,8.076032232924524
1.186272071623974,-1.0199299072265624,3.2417490478515623,7.110778930664062,7.881140203401893
1.1887590151703555,-0.737414111328125,3.1459809814453124,7.105990527343749,7.806156370577043
1.191245958716737,-0.5506663818359374,2.9544448486328125,7.292738256835937,7.8877125397935055
1.1937329022631185,-0.296881005859375,2.858676782226562,7.68059892578125,8.200717720760384
1.1962198458095001,-0.1197100830078125,2.6910826660156246,8.231265307617187,8.660830501960293
1.1987067893558816,0.13407529296874998,2.5330653564453125,8.8872765625,9.242190269766681
1.201193732902263,0.3591302490234375,2.427720483398437,9.610325463867188,9.918727579822427
1.2036806764486445,0.5602431884765625,2.3223756103515623,10.295067138671874,10.568619034460069
1.206167619995026,0.7134720947265625,2.2170307373046874,10.903194360351561,11.149166559869368
1.2086545635414074,0.8667010009765624,2.1595698974609374,11.425130322265625,11.65969620735749
1.2111415070877891,0.9864110839843749,2.0829554443359375,11.846509814453125,12.068616531882606
1.2136284506341706,1.0390835205078124,2.0829554443359375,12.071564770507813,12.293944605139759
1.216115394180552,1.0390835205078124,1.9776105712890624,12.023680737304687,12.22945365120196
1.2186023377269335,1.005564697265625,2.0159177978515626,11.812990991210937,12.025882133403451
1.221089281273315,0.9097966308593749,1.9536685546875,11.496956372070311,11.697202937129285
1.2235762248196966,0.7661445312499999,1.9201497314453124,10.946289990234375,11.139803274036712
1.226063168366078,0.5985504150390625,1.93451494140625,10.28549033203125,10.482934800339825
1.2285501119124596,0.36391865234375,1.9488801513671874,9.595960253906249,9.798623567852026
1.231037055458841,0.1484405029296875,1.944091748046875,8.896853369140624,9.10799248900233
1.2335239990052225,-0.13407529296874998,1.944091748046875,8.226476904296874,8.454134560434822
1.236010942551604,-0.4070142822265625,1.9393033447265624,7.6997525390625,7.950644455112016
1.2384978860979856,-0.70868369140625,1.9297265380859374,7.287949853515625,7.572337165870042
1.240984829644367,-0.9576806640625,1.93451494140625,7.038952880859375,7.362496721344038
1.2434717731907485,-1.20667763671875,2.0063409912109376,7.015010864257812,7.3953940069225235
1.24595871673713,-1.446097802734375,1.9919757812499999,7.144297753906249,7.556464567814079
1.2484456602835114,-1.5753846923828123,2.1739351074218747,7.50821640625,7.973778551186201
1.250932603829893,-1.7094599853515624,2.1835119140624997,7.977479931640625,8.445718665696836
1.2534195473762746,-1.8052280517578123,2.29843359375,8.59997236328125,9.08301546585346
1.255906490922656,-1.8339584716796873,2.5234885498046875,9.313444458007812,9.821998055855921
1.2583934344690375,-1.8148048583984373,2.6431986328124997,9.97903251953125,10.481464864818784
1.260880378015419,-1.7477672119140624,2.77727392578125,10.639832177734375,11.134359858394108
1.2633673215618004,-1.7286135986328124,2.925714428710937,11.190498559570312,11.695091615865643
1.2658542651081819,-1.5658078857421873,3.1172505615234374,11.563994018554688,12.078698732046396
1.2683412086545636,-1.4125789794921875,3.2321722412109373,11.827356201171874,12.342150196767033
1.270828152200945,-1.2401964599609374,3.4093431640625,11.89439384765625,12.435365417743148
1.2733150957473265,-1.0821791503906248,3.5146880371093747,11.741164941406248,12.3036213324796
1.275802039293708,-0.9050082275390624,3.5960908935546874,11.444283935546874,12.030068345775788
1.2782889828400894,-0.7038952880859375,3.6535517333984373,10.979808813476561,11.593106159511605
1.2807759263864709,-0.5698199951171875,3.6631285400390623,10.366893188476562,11.009799267423807
1.2832628699328525,-0.4165910888671875,3.6248213134765623,9.696516723632811,10.360275781157965
1.285749813479234,-0.22026655273437498,3.5338416503906247,9.045293872070312,9.713593330812328
1.2882367570256155,-0.11013327636718749,3.418919970703125,8.37012900390625,9.042134850059949
1.290723700571997,0.0143652099609375,3.2704794677734372,7.848193041992187,8.502374746666923
1.2932106441183784,0.11013327636718749,2.987963671875,7.417236743164062,7.9972155871372586
1.2956975876647598,0.22026655273437498,2.858676782226562,7.168239770507812,7.720376396716976
1.2981845312111415,0.2920926025390625,2.6192566162109374,7.115567333984375,7.587959000580348
1.300671474757523,0.3447650390625,2.408566870117187,7.273584643554687,7.66975168222156
1.3031584183039044,0.411802685546875,2.1739351074218747,7.56567724609375,7.882578733838672
1.305645361850286,0.44053310546874996,1.9728221679687499,8.078036401367187,8.327110472742403
1.3081323053966674,0.469263525390625,1.7860744384765623,8.643067993164061,8.838149947273946
1.3106192489430488,0.5267243652343749,1.6328455322265625,9.34696328125,9.50312294301613
1.3131061924894305,0.4644751220703125,1.5753846923828123,10.022128149414062,10.155817382726712
1.315593136035812,0.4740519287109375,1.47482822265625,10.711658227539061,10.823098701437736
1.3180800795821934,0.44053310546874996,1.43652099609375,11.209652172851563,11.309905562185207
1.3205670231285749,0.3447650390625,1.5035586425781249,11.650185278320311,11.751866598248231
1.3230539666749563,0.22026655273437498,1.5275006591796874,11.918335864257811,12.017841128559732
1.3255409102213378,0.0909796630859375,1.6136919189453125,12.00931552734375,12.117587975486883
1.3280278537677195,-0.086191259765625,1.7573440185546874,11.865663427734374,11.995401431927277
1.330514797314101,-0.24899697265624998,1.9393033447265624,11.568782421875,11.732843801906833
1.3330017408604824,-0.45489831542968745,2.0542250244140625,11.085153686523437,11.283058325744571
1.3354886844068639,-0.699106884765625,2.1930887207031247,10.486603271484375,10.736258042107071
1.3379756279532453,-0.928950244140625,2.3319524169921872,9.782707983398437,10.099620097788438
1.3404625714996268,-1.1156979736328125,2.5139117431640625,9.0788126953125,9.486272933947978
1.3429495150460085,-1.35990654296875,2.6767174560546874,8.432378247070313,8.95093095978411
1.34543645859239,-1.5514426757812498,2.7629087158203123,7.79552060546875,8.414914168218175
1.3479234021387714,-1.70467158203125,2.85388837890625,7.345410693359375,8.062607663526691
1.3504103456851528,-1.8243816650390623,2.9640216552734375,7.086836914062499,7.8953815790739
1.3528972892315343,-1.8531120849609375,3.0310593017578125,6.943184814453125,7.799305113781182
1.3553842327779158,-1.9009961181640624,3.0645781249999997,7.024587670898437,7.896217909331129
1.3578711763242974,-1.8914193115234375,3.1076737548828124,7.297526660156249,8.1540786441193
1.360358119870679,-1.8100164550781248,3.1220389648437497,7.690175732421874,8.49482722962548
1.3628450634170604,-1.66636435546875,3.1747114013671873,8.317456567382813,9.057353167313677
1.3653320069634418,-1.4796166259765624,3.1938650146484373,8.959102612304687,9.625775745853744
1.3678189505098233,-1.2785036865234374,3.2513258544921873,9.662997900390625,10.275174933376901
1.370305894056205,-1.01514150390625,3.1603461914062496,10.357316381835936,10.876226503522997
1.3727928376025864,-0.7661445312499999,3.1842882080078123,10.970232006835937,11.448696830566767
1.3752797811489679,-0.5027823486328125,3.1794998046874996,11.506533178710937,11.948318496377647
1.3777667246953493,-0.19153613281249998,3.2225954345703123,11.899182250976562,12.329328678684895
1.3802536682417308,0.047884033203124995,3.1507693847656246,12.033257543945313,12.43900830916713
1.3827406117881123,0.296881005859375,3.0789433349609374,11.966219897460936,12.359548900584134
1.385227555334494,0.45489831542968745,2.987963671875,11.741164941406248,12.123935564128205
1.3877144988808754,0.603338818359375,2.940079638671875,11.329362255859374,11.720176412322607
1.3902014424272569,0.7038952880859375,2.7964275390625,10.764330664062498,11.14389026341757
1.3926883859736383,0.7805097412109374,2.70065947265625,10.13226142578125,10.515012061036725
1.3951753295200198,0.7805097412109374,2.4947581298828125,9.3852705078125,9.74250050487844
1.3976622730664012,0.7709329345703124,2.4133552734375,8.796296899414061,9.153876796640603
1.400149216612783,0.70868369140625,2.2170307373046874,8.154650854492187,8.480317707685787
1.4026361601591644,0.565031591796875,2.0159177978515626,7.656656909179687,7.937731432362287
1.4051231037055458,0.45489831542968745,1.867477294921875,7.311891870117187,7.5603020207340474
1.4076100472519273,0.24899697265624998,1.695094775390625,7.129932543945312,7.332890553605655
1.4100969907983087,0.1292868896484375,1.5753846923828123,7.1203557373046875,7.293697132085814
1.4125839343446902,-0.086191259765625,1.5227122558593749,7.316680273437499,7.473947536015607
1.4150708778910719,-0.2442085693359375,1.465251416015625,7.771578588867187,7.912271058325277
1.4175578214374533,-0.44532150878906246,1.4030021728515625,8.231265307617187,8.361845185579474
1.4200447649838348,-0.63206923828125,1.3838485595703125,8.79150849609375,8.922172941312832
1.4225317085302163,-0.737414111328125,1.5322890624999999,9.504980590820312,9.655896922322329
1.4250186520765977,-0.8714894042968749,1.62805712890625,10.194510668945313,10.360410782204728
1.4275055956229792,-0.97683427734375,1.8004396484374998,10.82179150390625,11.013943866166965
1.4299925391693609,-1.0821791503906248,1.9632453613281249,11.329362255859374,11.549021308613453
1.4324794827157423,-1.197100830078125,2.1835119140624997,11.707646118164062,11.969534339496613
1.4349664262621238,-1.2976572998046874,2.4564509033203126,11.880028637695311,12.20053875616238
1.4374533698085052,-1.3263877197265623,2.6431986328124997,11.851298217773437,12.214707235220299
1.4399403133548867,-1.3311761230468748,2.849099975585937,11.688492504882811,12.104142166141125
1.4424272569012682,-1.37906015625,3.1028853515624997,11.286266625976562,11.785988239096872
1.4449142004476498,-1.43652099609375,3.2704794677734372,10.802637890625,11.377900242017978
1.4474011439940313,-1.4413093994140624,3.4524387939453125,10.180145458984374,10.845831825031128
1.4498880875404128,-1.388636962890625,3.5769372802734374,9.471461767578125,10.21916733087438
1.4523750310867942,-1.407790576171875,3.6056677001953124,8.801085302734375,9.614666732476852
1.4548619746331757,-1.350329736328125,3.7158009765625,8.154650854492187,9.062499536711986
1.4573489181795571,-1.2641384765625,3.6296097167968746,7.656656909179687,8.567176186415281
1.4598358617259388,-1.158793603515625,3.6583401367187496,7.321468676757812,8.266205825904764
1.4623228052723203,-1.0342951171875,3.5338416503906247,7.048529687499999,7.95233135344864
1.4648097488187017,-0.8810662109374999,3.4093431640625,7.024587670898437,7.85778152053961
1.4672966923650832,-0.7613561279296874,3.2225954345703123,7.240065820312499,7.96136530821861
1.4697836359114647,-0.5793968017578125,3.0645781249999997,7.580042456054687,8.196608040751203
1.4722705794578461,-0.33518823242187495,2.887407202148437,8.0828248046875,8.589617472591215
1.4747575230042278,-0.06703764648437499,2.786850732421875,8.695740429687499,9.131644576490492
1.4772444665506093,0.09576806640624999,2.5617957763671875,9.399635717773437,9.742952363077535
1.4797314100969907,0.32082302246093747,2.398990063476562,10.146626635742187,10.431304464042505
1.4822183536433722,0.44532150878906246,2.250549560546875,10.726023437499999,10.968630878667911
1.4847052971897536,0.6560112548828124,2.1499930908203124,11.324573852539062,11.545509689862957
1.487192240736135,0.7948749511718749,2.1116858642578125,11.774683764648437,11.98892076605656
1.4896791842825168,0.8188169677734375,1.905784521484375,12.018892333984374,12.196567090987179
1.4921661278288982,0.86191259765625,1.9393033447265624,12.08592998046875,12.270839184084336
1.4946530713752797,0.8714894042968749,1.915361328125,11.956643090820311,12.140404309591158
1.4971400149216612,0.7900865478515624,1.8722656982421875,11.650185278320311,11.826091180821397
1.4996269584680426,0.6655880615234374,1.8722656982421875,11.161768139648437,11.337259559334777
1.5021139020144243,0.507570751953125,1.8722656982421875,10.510545288085936,10.688057314870557
1.5046008455608058,0.3016694091796875,1.8914193115234375,9.892841259765625,10.076546017131054
1.5070877891071872,0.0526724365234375,1.8914193115234375,9.179369165039063,9.372356142701953
1.5095747326535687,-0.1867477294921875,1.93451494140625,8.470685473632813,8.690784496592265
1.5120616761999501,-0.4740519287109375,1.886630908203125,7.867346655273437,8.104273243736543
1.5145486197463316,-0.737414111328125,1.9680337646484374,7.3549875,7.6493645223337605
1.5170355632927133,-1.0103531005859374,2.001552587890625,7.077260107421875,7.4239232739879775
1.5195225068390947,-1.2785036865234374,2.0733786376953125,6.943184814453125,7.358076244464837
1.5220094503854762,-1.4796166259765624,2.1643583007812497,7.062894897460937,7.53380359092316
1.5244963939318577,-1.6472107421875,2.2361843505859373,7.307103466796875,7.81713404985857
1.5269833374782391,-1.7334020019531249,2.3032219970703123,7.790732202148437,8.306926165180252
1.5294702810246206,-1.8435352783203125,2.4899697265625,8.327033374023436,8.884709132757775
1.5319572245710023,-1.8531120849609375,2.5665841796874997,8.973467822265624,9.515487560187706
1.5344441681173837,-1.8052280517578123,2.70065947265625,9.672574707031249,10.203485255989833
1.5369311116637652,-1.7334020019531249,2.896984008789062,10.352527978515624,10.889078675145269
1.5394180552101466,-1.6041151123046875,3.0166940917968748,10.912771166992187,11.435130217017315
1.541904998756528,-1.4604630126953124,3.1938650146484373,11.434707128906249,11.961866621355787
1.5443919423029095,-1.3024457031249999,3.31357509765625,11.750741748046874,12.278276604095874
1.5468788858492912,-1.0917559570312498,3.399766357421875,11.927912670898436,12.450921373109313
1.5493658293956727,-0.9241618408203125,3.5386300537109374,11.865663427734374,12.416519091328604
1.5518527729420541,-0.70868369140625,3.5338416503906247,11.626243261718749,12.17209110075838
1.5543397164884356,-0.4836287353515625,3.6439749267578123,11.243170996093749,11.82883527943056
1.556826660034817,-0.3399766357421875,3.5960908935546874,10.678139404296875,11.272538088875777
1.5593136035811985,-0.1484405029296875,3.6056677001953124,10.046070166015625,10.674567903557078
1.5618005471275802,0.01915361328125,3.4428619873046875,9.399635717773437,10.010335516423586
1.5642874906739617,0.1005564697265625,3.318363500976562,8.738836059570312,9.348203228656493
1.5667744342203431,0.21068974609375,3.1220389648437497,8.10197841796875,8.685250241204514
1.5692613777667246,0.27293898925781246,2.935291235351562,7.675810522460937,8.222438659236737
1.571748321313106,0.32082302246093747,2.6767174560546874,7.345410693359375,7.824500112173754
1.5742352648594875,0.373495458984375,2.43250888671875,7.110778930664062,7.524611308408135
1.5767222084058692,0.4213794921875,2.269703173828125,7.206546997070312,7.567260587207552
1.5792091519522506,0.373495458984375,2.01112939453125,7.407659936523437,7.684892063952752
1.581696095498632,0.43574470214843747,1.8004396484374998,7.771578588867187,7.989298475839733
1.5841830390450136,0.40222587890625,1.637633935546875,8.303091357421874,8.472600347839528
1.586669982591395,0.3591302490234375,1.5227122558593749,8.939948999023438,9.07580934435316
1.5891569261377765,0.3399766357421875,1.4508862060546874,9.624690673828125,9.73936986989633
1.5916438696841582,0.258573779296875,1.3934253662109375,10.261548315429687,10.358951128393155
1.5941308132305396,0.1867477294921875,1.3838485595703125,10.903194360351561,10.992249943023374
1.596617756776921,0.076614453125,1.4173673828125,11.410765112304686,11.498711254765821
1.5991047003233025,-0.0430956298828125,1.5418658691406248,11.79862578125,11.89902424225251
1.601591643869684,-0.21068974609375,1.6136919189453125,11.961431494140625,12.071629350149783
1.6040785874160655,-0.33039982910156246,1.7908628417968748,11.923124267578125,12.061394863999334
1.6065655309624471,-0.507570751953125,1.9776105712890624,11.755530151367187,11.931515443547628
1.6090524745088286,-0.6272808349609375,2.2026655273437497,11.358092675781249,11.586694347521794
1.61153941805521,-0.8906430175781249,2.370259643554687,10.826579907226561,11.118732313091567
1.6140263616015915,-1.0773907470703123,2.5234885498046875,10.213664282226562,10.575807456307945
1.616513305147973,-1.216254443359375,2.729389892578125,9.504980590820312,9.963608788414462
1.6190002486943544,-1.43652099609375,2.825157958984375,8.777143286132812,9.331846244486524
1.6214871922407361,-1.5849614990234373,2.959233251953125,8.145074047851562,8.809733006047159
1.6239741357871176,-1.6615759521484375,3.0980969482421874,7.60398447265625,8.37732768881956
1.626461079333499,-1.8100164550781248,3.1555577880859373,7.187393383789062,8.055577457571752
1.6289480228798805,-1.8195932617187498,3.227383837890625,6.9719152343749995,7.895221853151443
1.631434966426262,-1.7908628417968748,3.2609026611328122,6.924031201171875,7.860208900424561
1.6339219099726436,-1.7238251953125,3.327940307617187,7.1395093505859375,8.063457928343237
1.636408853519025,-1.6424223388671875,3.303998291015625,7.4603323730468745,8.322891021909113
1.6388957970654066,-1.4939818359375,3.2800562744140622,7.977479931640625,8.753909809288828
1.641382740611788,-1.2832920898437499,3.2561142578125,8.609549169921875,9.293732057526073
1.6438696841581695,-1.0582371337890624,3.1747114013671873,9.275137231445312,9.860366574090635
1.646356627704551,-0.7900865478515624,3.1411925781249996,9.969455712890625,10.482431720610018
1.6488435712509326,-0.49799394531249996,3.1076737548828124,10.70686982421875,11.159869872409866
1.651330514797314,-0.24899697265624998,3.0454245117187497,11.3006318359375,11.706446507816686
1.6538174583436955,-0.023942016601562498,2.959233251953125,11.674127294921874,12.04337505675481
1.656304401890077,-6.58884296875,8.17859287109375,11.329362255859374,15.448517150278303
1.6587913454364585,-6.5505357421875,8.2743609375,11.353304272460937,15.500712413846712
1.66127828898284,-6.272808349609375,8.21690009765625,11.353304272460937,15.354578786436056
1.6637652325292216,-5.84185205078125,7.977479931640625,11.075576879882812,14.847081351738485
1.666252176075603,-5.272032055664062,7.536946826171874,10.649408984374999,14.07159554467718
1.6687391196219845,-4.668693237304687,7.005434057617187,10.13226142578125,13.173288294122012
1.671226063168366,-3.9360675292968748,6.406883642578125,9.519345800781249,12.130899805025674
1.6737130067147474,-3.21780703125,5.6215854980468745,8.844180932617187,10.96248338521351
1.676199950261129,-2.5378537597656248,4.8123453369140625,8.283937744140625,9.91075142945643
1.6786868938075106,-1.8148048583984373,3.9264907226562498,7.805097412109374,8.923586256751745
1.681173837353892,-1.139639990234375,3.2417490478515623,7.398083129882812,8.157165573484738
1.6836607809002735,-0.507570751953125,2.4564509033203126,7.153874560546875,7.580877280150443
1.686147724446655,0.0143652099609375,1.7669208251953124,7.1203557373046875,7.336326150569771
1.6886346679930364,0.5458779785156249,1.1444283935546875,7.249642626953125,7.359688670992699
1.6911216115394179,0.86191259765625,0.63206923828125,7.580042456054687,7.655027660536019
1.6936085550857995,1.1348515869140625,0.181959326171875,8.020575561523437,8.102507615473698
1.696095498632181,1.35990654296875,-0.105344873046875,8.614337573242187,8.721654382836926
1.6985824421785625,1.5131354492187499,-0.229843359375,9.294290844726563,9.419461192865503
1.701069385724944,1.5945383056640625,-0.26815058593749996,10.012551342773437,10.142270038637443
1.7035563292713254,1.5705962890624998,-0.258573779296875,10.625466967773438,10.744030034665819
1.7060432728177068,1.4221557861328125,-0.0909796630859375,11.190498559570312,11.280871526210706
1.7085302163640885,1.3024457031249999,0.2059013427734375,11.659762084960937,11.734087610480726
1.71101715991047,1.0917559570312498,0.5458779785156249,11.975796704101562,12.037841190807901
1.7135041034568514,0.8858546142578124,0.9337386474609375,12.114660400390624,12.18284050934579
1.715991047003233,0.6177040283203125,1.3551181396484375,11.97100830078125,12.0632890695855
1.7184779905496144,0.2825157958984375,0.6272808349609375,26.733655737304687,26.74250634292839
1.7209649340959958,0.49799394531249996,1.5131354492187499,23.535002319335938,23.588851413928534
1.7234518776423775,0.6081272216796875,2.408566870117187,19.373879833984375,19.53249172295333
1.725938821188759,0.6751648681640625,3.294421484375,14.686032983398437,15.066141686091413
1.7284257647351404,0.6272808349609375,4.0222587890625,9.792284790039062,10.604757820022586
1.7309127082815219,0.5027823486328125,4.6351744140625,5.118803149414062,6.923855690388679
1.7333996518279033,0.26815058593749996,5.1140147460937495,0.9864110839843749,5.215175777153649
1.7358865953742848,0.0383072265625,5.324704492187499,-2.3127988037109373,5.805427088438488
1.7383735389206665,-0.373495458984375,5.42047255859375,-4.5585599609375,7.092354371702836
1.740860482467048,-0.63206923828125,5.334281298828125,-5.6024318847656245,7.761527653783591
1.7433474260134294,-1.0007762939453124,5.123591552734375,-5.410895751953125,7.518679167797914
1.7458343695598109,-1.2880804931640624,4.740519287109374,-4.050989208984375,6.3672747733731105
1.7483213131061923,-1.5035586425781249,4.237736938476562,-1.7573440185546874,4.827769769878222
1.7508082566525738,-1.6472107421875,3.7301661865234372,1.3407529296874998,4.292442361491452
1.7532952001989555,-1.7381904052734374,3.1411925781249996,4.893748193359374,6.06936307019611
1.755782143745337,-1.6472107421875,2.6527754394531247,8.710105639648438,9.252916351895717
1.7582690872917184,-1.5466542724609373,2.1356278808593747,12.320561743164061,12.599574895651974
1.7607560308380998,-1.3168109130859373,1.7717092285156248,15.643713647460936,15.798693656596585
1.7632429743844813,-1.0007762939453124,1.4604630126953124,18.315642700195312,18.40101282329839
1.765729917930863,-0.6847416748046875,1.235408056640625,20.1879083984375,20.237261418762426
1.7682168614772444,-0.3064578125,1.1109095703125,21.159954272460936,21.191311929111233
1.770703805023626,0.0383072265625,1.0965443603515623,21.159954272460936,21.188382236274283
1.7731907485700074,0.3064578125,1.22583125,20.312406884765625,20.351669516199227
1.7756776921163888,0.5889736083984375,1.3407529296874998,18.684349755859373,18.74164971738448
1.7781646356627703,0.7661445312499999,1.608903515625,16.366762548828124,16.46348882512688
1.780651579209152,0.833182177734375,1.8722656982421875,13.551181396484374,13.705257700113949
1.7831385227555334,0.842758984375,2.0733786376953125,10.615890161132812,10.849251844907672
1.7856254663019149,0.7517793212890624,2.269703173828125,7.733271362304687,8.094455547363584
1.7881124098482963,0.5267243652343749,2.4899697265625,5.066130712890625,5.669485708265165
1.7905993533946778,0.229843359375,2.5857377929687497,2.882618798828125,3.879221448073439
1.7930862969410593,-0.086191259765625,2.7150246826171873,1.2641384765625,2.9961365203218464
1.795573240487441,-0.4836287353515625,2.6767174560546874,0.36391865234375,2.7442940583562323
1.7980601840338224,-0.9097966308593749,2.7150246826171873,0.229843359375,2.872614994494113
1.8005471275802039,-1.235408056640625,2.6815058593749996,0.7805097412109374,3.0538340158561637
1.8030340711265853,-1.5610194824218748,2.6240450195312497,2.0350714111328125,3.669320064731
1.8055210146729668,-1.8770541015625,2.6144682128906247,3.725377783203125,4.923130687275275
1.8080079582193482,-2.0350714111328125,2.4947581298828125,5.851428857421874,6.67866404668598
1.81049490176573,-2.1260510742187497,2.50912333984375,8.188169677734374,8.823939923645446
1.8129818453121114,-2.0829554443359375,2.50912333984375,10.548852514648438,11.041408093782335
1.8154687888584928,-2.0254946044921875,2.5378537597656248,12.694057202148437,13.10276376762552
1.8179557324048743,-1.8914193115234375,2.5570073730468748,14.465766430664061,14.811284621677727
1.8204426759512558,-1.618480322265625,2.7246014892578123,15.907075830078124,16.219679198204954
1.8229296194976372,-1.3646949462890625,2.887407202148437,16.730681201171873,17.032768597696954
1.825416563044019,-1.0007762939453124,3.0358477050781247,16.95573615722656,17.254417205818086
1.8279035065904004,-0.6607996582031249,3.1651345947265623,16.563087084960937,16.875739597866996
1.8303904501367818,-0.3064578125,3.337517114257812,15.648502050781248,16.003391931466
1.8328773936831633,-0.05746083984375,3.404554760742187,14.379575170898436,14.7772283247748
1.8353643372295447,0.229843359375,3.5194764404296874,12.708422412109375,13.188765772019469
1.8378512807759262,0.45489831542968745,3.5290532470703124,10.807426293945312,11.378119897289658
1.8403382243223079,0.5889736083984375,3.4763808105468748,8.930372192382812,9.601232261840801
1.8428251678686893,0.699106884765625,3.4428619873046875,7.182604980468749,7.995740328788121
1.8453121114150708,0.718260498046875,3.337517114257812,5.635950708007812,6.5892988256803235
1.8477990549614522,0.7757213378906249,3.0645781249999997,4.434061474609375,5.44557470235258
1.8502859985078337,0.6464344482421874,2.868253588867187,3.7205893798828122,4.742103065056732
1.8527729420542152,0.5889736083984375,2.5953145996093747,3.4620156005859375,4.366703539403134
1.8552598856005968,0.4261678955078125,2.3032219970703123,3.6822821533203123,4.364132502526864
1.8577468291469783,0.3112462158203125,2.0733786376953125,4.371812231445312,4.848558071130898
1.8602337726933598,0.0909796630859375,1.7238251953125,5.453991381835937,5.720653161679188
1.8627207162397412,-0.08140285644531249,1.5179238525390624,6.713341455078124,6.8832893836896725
1.8652076597861227,-0.1580173095703125,1.3359645263671873,8.269572534179687,8.378281481538705
1.8676946033325041,-0.2920926025390625,1.1923124267578125,9.8449572265625,9.921194978645683
1.8701815468788858,-0.4261678955078125,1.1252747802734375,11.319785449218749,11.383558539517663
1.8726684904252673,-0.5219359619140624,1.120486376953125,12.674903588867187,12.735033877314775
1.8751554339716487,-0.5793968017578125,1.2018892333984375,13.685256689453125,13.750145055215519
1.8776423775180302,-0.6416460449218749,1.350329736328125,14.408305590820312,14.485660842441387
1.8801293210644117,-0.737414111328125,1.5322890624999999,14.628572143554686,14.727077520738021
1.8826162646107931,-0.7517793212890624,1.7908628417968748,14.585476513671875,14.714227366631267
1.8851032081571748,-0.8092401611328125,2.0542250244140625,13.982137695312499,14.15538359141136
1.8875901517035563,-0.93852705078125,2.308010400390625,13.105859887695312,13.340588758719026
1.8900770952499377,-1.0390835205078124,2.5617957763671875,11.985373510742187,12.300067900398119
1.8925640387963192,-1.0917559570312498,2.906560815429687,10.692504614257812,11.134167313698367
1.8950509823427006,-1.1875240234375,3.0837317382812497,9.370905297851563,9.9364722533315
1.897537925889082,-1.2689268798828124,3.3710359375,8.078036401367187,8.84470071965236
1.9000248694354638,-1.388636962890625,3.5146880371093747,6.9336080078124995,7.896598294133207
1.9025118129818452,-1.446097802734375,3.5529952636718747,5.95677373046875,7.085063688828107
1.9049987565282267,-1.4796166259765624,3.6679169433593746,5.3007624755859375,6.61369510076092
1.9074857000746082,-1.5227122558593749,3.6487633300781246,4.979939453125,6.358610179108173
1.9099726436209896,-1.4891934326171874,3.5865140869140624,5.090072729492187,6.402313704193447
1.9124595871673713,-1.4317325927734375,3.5098996337890624,5.382165332031249,6.583081141669256
1.9149465307137528,-1.3024457031249999,3.447650390625,6.153098266601562,7.172396831186953
1.9174334742601342,-1.1827356201171875,3.2704794677734372,7.072471704101562,7.8812914869035815
1.9199204178065157,-1.0295067138671874,3.0980969482421874,8.2360537109375,8.859496007338823
1.9224073613528971,-0.7948749511718749,2.935291235351562,9.366116894531249,9.84743146746175
1.9248943048992786,-0.5315127685546874,2.863465185546875,10.529698901367187,10.925039937932905
1.9273812484456603,-0.22026655273437498,2.7629087158203123,11.635820068359374,11.961374945609057
1.9298681919920417,-0.009576806640625,2.6192566162109374,12.497732666015624,12.769256780564175
1.9323551355384232,0.2825157958984375,2.5330653564453125,13.158532324218749,13.403104424067777
1.9348420790848047,0.47884033203125,2.47081611328125,13.464990136718749,13.698181620608015
1.9373290226311861,0.7038952880859375,2.442085693359375,13.551181396484374,13.787449668112094
1.9398159661775676,-6.057330200195312,7.6231380859375,12.550405102539061,15.884462586732594
1.9423029097239493,-6.081272216796875,7.71890615234375,12.004527124023436,15.513608717345237
1.9447898532703307,-5.889736083984375,7.666233715820312,11.233594189453123,14.820720931786102
1.9472767968167122,-5.626373901367187,7.445967163085937,10.328585961914062,13.920423781063135
1.9497637403630936,-5.2624552490234375,7.067683300781249,9.313444458007812,12.821303762118458
1.952250683909475,-4.774038110351563,6.56968935546875,8.37012900390625,11.662389019771256
1.9547376274558566,-4.2329485351562495,5.990292553710937,7.436390356445312,10.445159630841406
1.9572245710022382,-3.67749375,5.291185668945312,6.7085530517578125,9.30189712439298
1.9597115145486197,-3.1220389648437497,4.568136767578125,6.157886669921875,8.278560808794198
1.9621984580950012,-2.480392919921875,3.864241479492187,5.875370874023437,7.456855513978359
1.9646854016413826,-1.89620771484375,3.1411925781249996,5.870582470703124,6.9228919575584404
1.967172345187764,-1.3646949462890625,2.518700146484375,6.124367846679687,6.761222097059917
1.9696592887341455,-0.852335791015625,1.8052280517578123,6.6510922119140625,6.944231579583405
1.9721462322805272,-0.4070142822265625,1.2976572998046874,7.3932947265625,7.51733875832995
1.9746331758269087,0.0383072265625,0.9050082275390624,8.269572534179687,8.319034633512434
1.9771201193732901,0.3447650390625,0.5985504150390625,9.222464794921875,9.24829619038429
1.9796070629196716,0.6416460449218749,0.43574470214843747,10.180145458984374,10.209649585489919
1.982094006466053,0.9145850341796874,0.316034619140625,11.113884106445312,11.155929526343312
1.9845809500124345,1.120486376953125,0.33518823242187495,11.880028637695311,11.937458745669128
1.9870678935588162,1.1923124267578125,0.4213794921875,12.449848632812499,12.513908285558934
1.9895548371051976,-5.549759448242187,5.894524487304687,12.143390820312499,14.594765824761899
1.992041780651579,-5.827486840820312,6.311115576171875,12.243947290039062,14.956738546119874
1.9945287241979606,-5.80354482421875,6.675034228515624,12.100295190429687,14.98847417765088
1.997015667744342,-5.655104321289063,6.852205151367187,11.741164941406248,14.7237180936879
1.9995026112907235,-5.386953735351562,6.976703637695312,11.123460913085937,14.192429209969651
2.001989554837105,-4.970362646484375,6.885723974609375,10.453084448242187,13.467912754920865
2.0044764983834864,-4.4819455078125,6.7085530517578125,9.658209497070311,12.584654555153625
2.006963441929868,-3.921702319335937,6.392518432617187,8.815450512695312,11.573945253655532
2.0094503854762498,-3.294421484375,6.023811376953125,8.078036401367187,10.601612543553685
2.011937329022631,-2.6479870361328124,5.449202978515625,7.350199096679687,9.525286095725518
2.0144242725690127,-1.9393033447265624,4.932055419921875,6.880935571289062,8.685237041340871
2.016911216115394,-1.2880804931640624,4.328716601562499,6.574477758789062,7.976258306645078
2.0193981596617756,-0.6751648681640625,3.687070556640625,6.49307490234375,7.497356772642976
2.021885103208157,-0.08140285644531249,2.9831752685546875,6.675034228515624,7.311774275769799
2.0243720467545385,0.44532150878906246,2.4851813232421875,7.043741284179687,7.482561642515166
2.02685899030092,1.005564697265625,1.915361328125,7.560888842773437,7.86427424944219
2.0293459338473014,1.465251416015625,1.4030021728515625,8.322244970703125,8.565928914108234
2.031832877393683,1.7717092285156248,1.0007762939453124,9.165003955078124,9.388173639080607
2.0343198209400644,2.0877438476562498,0.6703764648437499,9.993397729492187,10.231132740701907
2.036806764486446,2.250549560546875,0.373495458984375,10.807426293945312,11.045584424620555
2.0392937080328277,2.384624853515625,0.21068974609375,11.506533178710937,11.752920133051576
2.041780651579209,2.346317626953125,0.16280571289062498,12.08592998046875,12.312652662992413
2.0442675951255906,2.327164013671875,0.16280571289062498,12.459425439453124,12.675941003648244
2.046754538671972,2.0781670410156248,0.24899697265624998,12.569558715820312,12.742628616310293
2.0492414822183536,1.886630908203125,0.37828386230468747,12.502521069335936,12.649723631505017
2.0517284257647352,1.5945383056640625,0.5985504150390625,12.181698046874999,12.300186271468071
2.0542153693111165,1.2306196533203124,0.8475473876953125,11.698069311523437,11.79311608196637
2.056702312857498,0.7661445312499999,1.1156979736328125,10.984597216796875,11.067661696419632
2.0591892564038794,0.3495534423828125,1.426944189453125,10.189722265624999,10.295086069551317
2.061676199950261,-0.086191259765625,1.714248388671875,9.3852705078125,9.54093176666405
2.0641631434966423,-0.5698199951171875,2.020706201171875,8.595183959960938,8.847888769862537
2.066650087043024,-1.0295067138671874,2.31758720703125,7.79552060546875,8.197636003530553
2.0691370305894057,-1.446097802734375,2.6001030029296874,7.220912207031249,7.809821226031366
2.071623974135787,-1.7956512451171873,2.7533319091796873,6.813897924804687,7.565342353512865
2.0741109176821686,-2.1356278808593747,2.9831752685546875,6.5505357421875,7.507979730799503
2.07659786122855,-2.4133552734375,3.1842882080078123,6.6271501953125,7.738416813452006
2.0790848047749315,-2.5426421630859375,3.35188232421875,6.828263134765624,8.020306834686044
2.081571748321313,-2.6096798095703124,3.4572271972656248,7.244854223632812,8.441016604869478
2.0840586918676944,-2.6144682128906247,3.5913024902343746,7.867346655273437,9.03482379500681
2.086545635414076,-2.5139117431640625,3.6248213134765623,8.571241943359375,9.639775425737632
2.0890325789604574,-2.39420166015625,3.6487633300781246,9.323021264648437,10.293901152114522
2.091519522506839,-2.1930887207031247,3.7014357666015623,10.146626635742187,11.02108420058142
2.0940064660532203,-1.848323681640625,3.749319799804687,10.826579907226561,11.605538844917238
2.096493409599602,-1.5705962890624998,3.758896606445312,11.429918725585937,12.134212725787489
2.0989803531459836,-1.235408056640625,3.7205893798828122,11.875240234375,12.50561270087268
2.101467296692365,-0.9145850341796874,3.6296097167968746,12.152967626953124,12.716334166055184
2.1039542402387466,-0.565031591796875,3.5386300537109374,12.167332836914062,12.684051076883993
2.106441183785128,-0.1580173095703125,3.5338416503906247,12.042834350585936,12.55160808326216
2.1089281273315095,0.062249243164062495,3.414131567382812,11.621454858398437,12.112736369353827
2.111415070877891,0.33039982910156246,3.23696064453125,11.099518896484375,11.56660702171247
2.1139020144242724,0.5698199951171875,3.0693665283203124,10.443507641601562,10.90011731919426
2.116388957970654,0.7613561279296874,2.925714428710937,9.763554370117188,10.22088362178818
2.1188759015170353,0.8044517578125,2.6767174560546874,8.997409838867187,9.421536115662857
2.121362845063417,0.8954314208984374,2.461239306640625,8.322244970703125,8.72463510448881
2.1238497886097982,0.9050082275390624,2.2457611572265623,7.752424975585937,8.121734794322553
2.12633673215618,0.8810662109374999,1.9823989746093749,7.316680273437499,7.631513191123862
2.1288236757025616,0.7805097412109374,1.7525556152343749,7.019799267578125,7.2772404383602085
2.131310619248943,0.70868369140625,1.5562310791015623,6.986280444335937,7.192510145487286
2.1337975627953245,0.5458779785156249,1.446097802734375,7.153874560546875,7.318955038155463
2.1362845063417057,0.39264907226562495,1.2497732666015624,7.431601953125,7.546178774820691
2.1387714498880874,0.22505495605468748,1.2018892333984375,7.972691528320312,8.065915798491472
2.141258393434469,0.11013327636718749,1.1444283935546875,8.585607153320312,8.662245429314645
2.1437453369808503,-0.105344873046875,1.1827356201171875,9.270348828125,9.346086265624228
2.146232280527232,-0.277727392578125,1.2880804931640624,9.9981861328125,10.084642274658144
2.1487192240736133,-0.44532150878906246,1.369483349609375,10.649408984374999,10.746334612673031
2.151206167619995,-0.565031591796875,1.5227122558593749,11.3006318359375,11.416750553694207
2.153693111166376,-0.737414111328125,1.7381904052734374,11.707646118164062,11.858923352679724
2.156180054712758,-0.8858546142578124,1.9488801513671874,11.908759057617187,12.09964522349206
2.1586669982591395,-1.005564697265625,2.1883003173828124,12.018892333984374,12.257797174670209
2.161153941805521,-1.1875240234375,2.43250888671875,11.9135474609375,12.21719795592333
2.1636408853519025,-1.3263877197265623,2.7246014892578123,11.563994018554688,11.954443329552234
2.1661278288982837,-1.4125789794921875,2.940079638671875,11.089942089843749,11.559682660485281
2.1686147724446654,-1.5131354492187499,3.1603461914062496,10.457872851562499,11.02925525666472
2.171101715991047,-1.5897499023437498,3.356670727539062,9.758765966796874,10.441650076488509
2.1735886595374283,-1.62805712890625,3.5051112304687497,9.0021982421875,9.796731492930912
2.17607560308381,-1.6615759521484375,3.5913024902343746,8.33182177734375,9.22374882304051
2.178562546630191,-1.6328455322265625,3.6631285400390623,7.766790185546874,8.741151241070492
2.181049490176573,-1.5705962890624998,3.6679169433593746,7.307103466796875,8.325511905046714
2.1835364337229546,-1.5466542724609373,3.6535517333984373,6.986280444335937,8.034220195765805
2.186023377269336,-1.407790576171875,3.5960908935546874,6.880935571289062,7.8905651481561465
2.1885103208157175,-1.2689268798828124,3.5242648437499997,7.005434057617187,7.943974096823588
2.1909972643620987,-1.1013327636718748,3.35188232421875,7.249642626953125,8.062590600438734
2.1934842079084804,-0.8475473876953125,3.246537451171875,7.723694555664062,8.421033166152798
2.1959711514548617,-0.622492431640625,3.1220389648437497,8.360552197265624,8.946142027078238
2.1984580950012433,-0.43574470214843747,2.916137622070312,9.02135185546875,9.490970518154283
2.200945038547625,-0.1292868896484375,2.8107927490234372,9.777919580078125,10.17472271328673
2.2034319820940063,0.1292868896484375,2.5857377929687497,10.453084448242187,10.768924250634532
2.205918925640388,0.36391865234375,2.5234885498046875,11.128249316406249,11.416582855417605
2.208405869186769,0.5267243652343749,2.360682836914062,11.626243261718749,11.875175552137861
2.210892812733151,0.737414111328125,2.3415292236328122,12.033257543945313,12.281116634721336
2.2133797562795325,0.8571241943359375,2.2170307373046874,12.109871997070313,12.340943519848777
2.2158666998259138,0.9816226806640624,2.1930887207031247,12.114660400390624,12.350636333438942
2.2183536433722955,0.9959878906249999,2.039859814453125,11.851298217773437,12.066743114340845
2.2208405869186767,0.9816226806640624,1.944091748046875,11.425130322265625,11.630850299645829
2.2233275304650584,0.852335791015625,1.9297265380859374,10.802637890625,11.006693700126588
2.2258144740114396,0.7278373046875,1.905784521484375,10.156203442382813,10.359065119376973
2.2283014175578213,0.5410895751953124,1.838746875,9.452308154296874,9.644682340154832
2.230788361104203,0.33518823242187495,1.8243816650390623,8.772354882812499,8.966321977315397
2.233275304650584,0.1149216796875,1.8243816650390623,8.106766821289062,8.310309485629645
2.235762248196966,-0.181959326171875,1.8148048583984373,7.52737001953125,7.74518723346217
2.238249191743347,-0.45968671875,1.7764976318359373,7.182604980468749,7.41330358347534
2.240736135289729,-0.74699091796875,1.7669208251953124,6.9910688476562495,7.249486069143547
2.2432230788361105,-0.967257470703125,1.848323681640625,7.015010864257812,7.3186245205229445
2.2457100223824917,-1.2306196533203124,1.9009961181640624,7.182604980468749,7.531137050795685
2.2481969659288734,-1.4125789794921875,2.0063409912109376,7.5465236328125,7.9354144495995955
2.2506839094752547,-1.5753846923828123,2.059013427734375,8.087613208007811,8.492988910090896
2.2531708530216363,-1.695094775390625,2.1978771240234374,8.657433203124999,9.091488316905725
2.2556577965680176,-1.7525556152343749,2.3511060302734372,9.356540087890625,9.805304338284557
2.2581447401143993,-1.7717092285156248,2.499546533203125,10.050858569335936,10.507447094458712
2.260631683660781,-1.7238251953125,2.6767174560546874,10.692504614257812,11.15643511922454
2.263118627207162,-1.6903063720703124,2.8730419921875,11.219228979492186,11.703956801638133
2.265605570753544,-1.5370774658203123,3.0933085449218747,11.640608471679688,12.14227863627582
2.268092514299925,-1.4173673828125,3.2513258544921873,11.812990991210937,12.333969607080311
2.2705794578463068,-1.2641384765625,3.375824340820312,11.89439384765625,12.428629895172014
2.2730664013926885,-1.1061211669921875,3.5817256835937497,11.7603185546875,12.343312173655429
2.2755533449390697,-0.93852705078125,3.6822821533203123,11.391611499023437,12.008698823202804
2.2780402884854514,-0.7900865478515624,3.6535517333984373,10.8409451171875,11.467291225724853
2.2805272320318326,-0.6607996582031249,3.7301661865234372,10.328585961914062,11.001385546376074
2.2830141755782143,-0.49320554199218747,3.706224169921875,9.648632690429688,10.347727388136649
2.2855011191245955,-0.3447650390625,3.6200329101562496,8.94473740234375,9.655663022271504
2.287988062670977,-0.19632453613281248,3.4428619873046875,8.346186987304687,9.030541468492874
2.290475006217359,-0.0909796630859375,3.299209887695312,7.79552060546875,8.465412257678276
2.29296194976374,0.01915361328125,3.0980969482421874,7.417236743164062,8.038281686141156
2.295448893310122,0.12449848632812499,2.935291235351562,7.182604980468749,7.76023510049046
2.297935836856503,0.201112939453125,2.6336218261718747,7.1203557373046875,7.5944635204517335
2.3004227804028847,0.32082302246093747,2.422932080078125,7.273584643554687,7.673236660195439
2.3029097239492664,0.373495458984375,2.2026655273437497,7.60398447265625,7.925390472628324
2.3053966674956476,0.4070142822265625,2.04943662109375,8.0828248046875,8.348527290072669
2.3078836110420293,0.40222587890625,1.8052280517578123,8.667010009765624,8.862149653774344
2.3103705545884106,0.4836287353515625,1.656787548828125,9.361328491210937,9.5191025236609
2.3128574981347922,0.44053310546874996,1.5179238525390624,10.026916552734374,10.150724988621233
2.315344441681174,0.47884033203125,1.465251416015625,10.711658227539061,10.822008674886602
2.317831385227555,-6.4739212890625,6.775590698242187,10.572794531249999,14.128137540635446
2.320318328773937,-6.694187841796874,6.885723974609375,11.027692846679686,14.623110306514198
2.322805272320318,-6.64630380859375,6.928819604492187,11.262324609375,14.799386846577692
2.3252922158666998,-6.478709692382812,6.852205151367187,11.372457885742186,14.773597837953274
2.327779159413081,-6.129156249999999,6.665457421875,11.314997045898437,14.492206082182
2.3302661029594627,-5.68862314453125,6.282385156249999,11.089942089843749,13.95763633600098
2.3327530465058444,-5.137956762695312,5.947196923828125,10.649408984374999,13.235469869355004
2.3352399900522256,-4.5585599609375,5.511452221679687,10.184933862304687,12.445459103176594
2.3377269335986073,-3.9504327392578125,4.994304663085937,9.548076220703125,11.476704989302391
2.3402138771449885,-3.299209887695312,4.410119458007812,8.935160595703124,10.49623905920456
2.34270082069137,-2.6767174560546874,3.897760302734375,8.298302954101562,9.550873448809305
2.345187764237752,-2.04943662109375,3.39018955078125,7.771578588867187,8.72301607341437
2.347674707784133,-1.47482822265625,2.906560815429687,7.37414111328125,8.062330383872862
2.350161651330515,-0.9241618408203125,2.4564509033203126,7.163451367187499,7.629106214918758
2.352648594876896,-0.39743747558593745,2.068590234375,7.067683300781249,7.374901310857921
2.3551355384232777,0.0430956298828125,1.68551796875,7.216123803710937,7.41048384430988
2.357622481969659,0.39743747558593745,1.388636962890625,7.4794859863281244,7.617675484121453
2.3601094255160406,0.7613561279296874,1.177947216796875,7.939172705078125,8.062114241323618
2.3625963690624223,1.0534487304687499,1.0438719238281249,8.56166513671875,8.68916179699677
2.3650833126088036,-5.66946953125,6.349422802734375,8.571241943359375,12.079910725881145
2.3675702561551852,-5.487510205078125,6.4739212890625,9.318232861328125,12.603725193995167
2.3700571997015665,-5.147533569335937,6.478709692382812,10.022128149414062,12.996685491651057
2.372544143247948,-4.726154077148437,6.248866333007812,10.625466967773438,13.201720005059558
2.37503108679433,-4.050989208984375,6.100425830078125,11.190498559570312,13.373592146141494
2.377518030340711,-3.4572271972656248,5.8226984375,11.568782421875,13.404960414423536
2.3800049738870928,-2.7054478759765623,5.430049365234375,11.750741748046874,13.224402290757796
2.382491917433474,-1.9536685546875,5.013458276367187,11.77947216796875,12.950194950903242
2.3849788609798557,-1.2928688964843749,4.515464331054687,11.616666455078125,12.530278035106054
2.387465804526237,-0.6416460449218749,4.036623999023437,11.233594189453123,11.954065474547596
2.3899527480726186,-0.009576806640625,3.5242648437499997,10.778695874023438,11.340230118864763
2.3924396916190003,0.5267243652343749,3.0310593017578125,10.199299072265624,10.653190161318935
2.3949266351653815,1.024718310546875,2.5043349365234375,9.557653027343749,9.933301187488228
2.397413578711763,1.3646949462890625,2.020706201171875,8.858546142578124,9.188007706138864
2.3999005222581444,1.637633935546875,1.5897499023437498,8.264784130859374,8.574135897486208
2.402387465804526,1.8148048583984373,1.20667763671875,7.7763669921875,8.075981128643564
2.404874409350908,1.8818425048828125,0.814028564453125,7.431601953125,7.709259452542802
2.407361352897289,1.838746875,0.51714755859375,7.264007836914062,7.510941453801291
2.4098482964436707,1.8004396484374998,0.3112462158203125,7.254431030273437,7.480991024424661
2.412335239990052,1.599326708984375,0.1580173095703125,7.426813549804687,7.598708765030881
2.4148221835364336,1.4125789794921875,0.11013327636718749,7.805097412109374,7.9326574566398
2.417309127082815,1.2114660400390624,0.1292868896484375,8.279149340820313,8.36831398034325
2.4197960706291965,0.8571241943359375,0.16280571289062498,8.896853369140624,8.939528368804181
2.4222830141755782,0.584185205078125,0.38786066894531246,9.557653027343749,9.583341778494598
2.4247699577219595,0.24899697265624998,0.612915625,10.199299072265624,10.220732195947585
2.427256901268341,-0.0383072265625,0.9002198242187499,10.845733520507812,10.883096929339098
2.4297438448147224,-0.3495534423828125,1.3024457031249999,11.367669482421874,11.447377947820891
2.432230788361104,-0.6272808349609375,1.6615759521484375,11.654973681640625,11.789517692017892
2.4347177319074857,-0.9050082275390624,2.0733786376953125,11.875240234375,12.088807612468793
2.437204675453867,-1.149216796875,2.4133552734375,11.832144604492187,12.130318580468602
2.4396916190002487,-1.426944189453125,2.844311572265625,11.631031665039062,12.058489774141682
2.44217856254663,-1.608903515625,3.1507693847656246,11.334150659179686,11.873453137295407
2.4446655060930116,-1.7381904052734374,3.4859576171874997,10.817003100585938,11.49698927858498
2.4471524496393933,-1.886630908203125,3.754108203125,10.151415039062499,10.98653411590125
2.4496393931857745,-1.9536685546875,3.9264907226562498,9.504980590820312,10.467989599180504
2.452126336732156,-1.9919757812499999,4.132392065429687,8.79150849609375,9.916413330050405
2.4546132802785374,-1.9632453613281249,4.2137949218749995,8.1594392578125,9.390785323620582
2.457100223824919,-1.93451494140625,4.180276098632812,7.599196069335937,8.886216136215435
2.4595871673713003,-1.85790048828125,4.141968872070312,7.182604980468749,8.49691206656922
2.462074110917682,-1.6711527587890624,4.04141240234375,6.981492041015625,8.23814280452765
2.4645610544640637,-1.5179238525390624,3.878606689453125,6.947973217773437,8.10074160237657
2.467047998010445,-1.3072341064453123,3.6918589599609373,7.129932543945312,8.134778526211282
2.4695349415568266,-1.005564697265625,3.5003228271484375,7.484274389648437,8.323327663512401
2.472021885103208,-0.7565677246093749,3.2130186279296873,7.948749511718749,8.606886906738861
2.4745088286495895,-0.44532150878906246,3.0597897216796874,8.604760766601562,9.143442034460126
2.4769957721959712,-0.16759411621093748,2.7581203125,9.3086560546875,9.710118072942464
2.4794827157423525,0.13407529296874998,2.5713725830078125,10.026916552734374,10.352245587326815
2.481969659288734,0.38786066894531246,2.3511060302734372,10.635043774414061,10.89872889596792
2.4844566028351154,0.6177040283203125,2.221819140625,11.286266625976562,11.519455408693727
2.486943546381497,0.7996633544921875,2.0350714111328125,11.745953344726562,11.947736066109801
2.4894304899278783,0.9576806640625,1.8914193115234375,11.999738720703125,12.185579536134703
2.49191743347426,1.0342951171875,1.8004396484374998,12.081141577148436,12.25827602577982
2.4944043770206417,1.0582371337890624,1.7381904052734374,11.97100830078125,12.142743160163123
2.496891320567023,1.0438719238281249,1.62805712890625,11.664550488281249,11.823788593424759
2.4993782641134046,0.9576806640625,1.6328455322265625,11.228805786132812,11.387247962924192
2.501865207659786,0.7900865478515624,1.6519991455078125,10.611101757812499,10.76795330805748
2.5043521512061675,0.6081272216796875,1.6615759521484375,9.945513696289062,10.101677882687566
2.506839094752549,0.354341845703125,1.656787548828125,9.227253198242186,9.381508658528162
2.5093260382989304,0.09576806640624999,1.656787548828125,8.552088330078124,8.71162047554607
2.511812981845312,-0.239420166015625,1.7190367919921874,7.934384301757812,8.121998753761204
2.5142999253916933,-0.507570751953125,1.7717092285156248,7.41244833984375,7.638126213247465
2.516786868938075,-0.814028564453125,1.8531120849609375,7.115567333984375,7.397835182513828
2.5192738124844563,-1.1061211669921875,1.905784521484375,6.9910688476562495,7.33011339005525
2.521760756030838,-1.3359645263671873,2.0063409912109376,7.0102224609374995,7.413057691705724
2.5242476995772196,-1.5227122558593749,2.1691467041015624,7.316680273437499,7.78188025234059
2.526734643123601,-1.6615759521484375,2.2553379638671873,7.690175732421874,8.184508951155768
2.5292215866699825,-1.7956512451171873,2.370259643554687,8.25520732421875,8.774448252613368
2.5317085302163638,-1.8626888916015625,2.5665841796874997,8.892064965820312,9.440645296519037
2.5341954737627455,-1.8770541015625,2.7246014892578123,9.543287817382812,10.100550863238384
2.536682417309127,-1.7860744384765623,2.935291235351562,10.261548315429687,10.821523477126911
2.5391693608555084,-1.7238251953125,3.0502129150390624,10.907982763671875,11.456852102721236
2.54165630440189,-1.5849614990234373,3.227383837890625,11.382034692382812,11.936449351841196
2.5441432479482713,-1.43652099609375,3.366247534179687,11.741164941406248,12.29838075581075
2.546630191494653,-1.2593500732421874,3.5098996337890624,11.89439384765625,12.465230164317488
2.549117135041034,-7.987056738281249,8.916006982421875,11.161768139648437,16.366836097865416
2.551604078587416,-7.862558251953125,9.13627353515625,11.003750830078124,16.32096347355136
2.5540910221337976,-7.48906279296875,9.131485131835937,10.649408984374999,15.902200915170726
2.556577965680179,-6.962338427734375,8.916006982421875,10.141838232421874,15.192966123358415
2.5590649092265605,-6.330269189453125,8.48505068359375,9.548076220703125,14.256021627033636
2.5615518527729417,-5.521029028320312,7.915230688476562,8.98304462890625,13.18437443295199
2.5640387963193234,-4.6064439941406246,7.240065820312499,8.40843623046875,12.014144963145363
2.566525739865705,-3.6535517333984373,6.4356140625,7.8338278320312495,10.77656843025524
2.5690126834120863,-2.7533319091796873,5.578489868164062,7.4411787597656245,9.699047744294448
2.571499626958468,-1.8004396484374998,4.6255976074218745,7.163451367187499,8.71508873411586
2.5739865705048492,-0.9145850341796874,3.787627026367187,7.058106494140625,8.062223735312898
2.576473514051231,-0.05746083984375,2.868253588867187,7.1203557373046875,7.6765647410761035
2.5789604575976126,0.7613561279296874,2.068590234375,7.407659936523437,7.728657997767925
2.581447401143994,1.388636962890625,1.3120225097656248,7.8721350585937495,8.100631213774554
2.5839343446903755,2.2457611572265623,-0.27293898925781246,21.935675610351563,22.05202492629049
2.5864212882367568,3.1172505615234374,-0.37828386230468747,19.297265380859375,19.551081835108565
2.5889082317831384,3.782838623046875,-0.32082302246093747,16.141707592773436,16.582144598041467
2.5913951753295197,4.218583325195312,-0.19153613281249998,12.641384765624998,13.328080887898471
2.5938821188759014,4.50109912109375,0.086191259765625,9.184157568359375,10.228199864669428
2.596369062422283,4.510675927734375,0.38307226562499996,5.947196923828125,7.474094790442797
2.5988560059686643,4.2329485351562495,0.6464344482421874,3.2034418212890623,5.347688313611724
2.601342949515046,3.749319799804687,0.8954314208984374,1.149216796875,4.02242409958961
2.603829893061427,3.1555577880859373,1.16837041015625,-0.13407529296874998,3.367582300919037
2.606316836607809,2.39420166015625,1.3359645263671873,-0.6703764648437499,2.8224824906140427
2.6088037801541906,1.5275006591796874,1.4700398193359374,-0.316034619140625,2.1433975867120347
2.611290723700572,0.6368576416015624,1.637633935546875,0.737414111328125,1.9055739644807541
2.6137776672469535,-0.239420166015625,1.714248388671875,2.3127988037109373,2.8887727256407367
2.6162646107933347,-1.01514150390625,1.8339584716796873,4.448426684570312,4.91756198911574
2.6187515543397164,-1.7956512451171873,1.9201497314453124,6.751648681640624,7.245419125596531
2.6212384978860976,-2.379836450195312,2.0781670410156248,9.09796630859375,9.630960010941216
2.6237254414324793,-2.8107927490234372,2.1739351074218747,11.329362255859374,11.873541967489528
2.626212384978861,-3.1651345947265623,2.346317626953125,13.235146777343749,13.809141668732291
2.6286993285252422,-3.27526787109375,2.5713725830078125,14.772224243164061,15.347897109323716
2.631186272071624,-3.303998291015625,2.7581203125,15.753846923828124,16.33117648133986
2.633673215618005,-3.1938650146484373,3.0071172851562498,16.26620607910156,16.84734365727373
2.636160159164387,-2.9448680419921875,3.284844677734375,16.160861206054687,16.75219052133034
2.6386471027107685,-2.6144682128906247,3.5386300537109374,15.610194824218748,16.21837011364914
2.6411340462571498,-2.1787235107421874,3.797203833007812,14.590264916992187,15.232905941864244
2.6436209898035314,-1.70467158203125,4.060566015625,13.235146777343749,13.948591749265093
2.6461079333499127,-1.2832920898437499,4.180276098632812,11.741164941406248,12.529026340061844
2.6485948768962944,-0.86191259765625,4.3430818115234375,10.184933862304687,11.105770154613543
2.6510818204426756,-0.4165910888671875,4.4005426513671875,8.738836059570312,9.793139406639307
2.6535687639890573,-0.0430956298828125,4.347870214843749,7.369352709960937,8.556470767918805
2.656055707535439,0.239420166015625,4.314351391601562,6.301538769531249,7.640702900258241
2.65854265108182,0.45010991210937495,4.122815258789062,5.521029028320312,6.905212967218213
2.661029594628202,0.5793968017578125,3.854664672851562,5.080495922851562,6.40355988619833
2.663516538174583,0.679953271484375,3.5625720703124997,5.05655390625,6.22278021581874
2.666003481720965,0.7278373046875,3.1364041748046874,5.315127685546875,6.214286813745718
2.6684904252673465,0.6943184814453125,2.786850732421875,5.904101293945312,6.565594203698823
2.6709773688137277,0.6416460449218749,2.39420166015625,6.68461103515625,7.129371355722154
2.6734643123601094,0.5315127685546874,1.9823989746093749,7.60398447265625,7.876102549996814
2.6759512559064906,0.4213794921875,1.5897499023437498,8.580818749999999,8.737008403841083
2.6784381994528723,0.316034619140625,1.2785036865234374,9.572018237304688,9.662193472097469
2.6809251429992536,0.181959326171875,1.005564697265625,10.472238061523436,10.521978881084488
2.6834120865456352,0.0718260498046875,0.8379705810546875,11.228805786132812,11.260259013843038
2.685899030092017,-0.0430956298828125,0.6943184814453125,11.789048974609374,11.80955592360398
2.688385973638398,-0.105344873046875,0.6943184814453125,12.138602416992187,12.158899799478666
2.69087291718478,-0.181959326171875,0.718260498046875,12.282254516601562,12.304583834897258
2.693359860731161,-0.27293898925781246,0.7948749511718749,12.191274853515624,12.220208853936171
2.6958468042775428,-0.39743747558593745,1.0342951171875,11.9518546875,12.003105990015824
2.6983337478239244,-0.40222587890625,1.2928688964843749,11.611878051757811,11.69055206267238
2.7008206913703057,-0.5363011718749999,1.5945383056640625,11.128249316406249,11.25469254148156
2.7033076349166874,-0.63206923828125,1.8722656982421875,10.534487304687499,10.718223413393556
2.7057945784630686,-0.7134720947265625,2.231395947265625,10.022128149414062,10.29228949003596
2.7082815220094503,-0.852335791015625,2.499546533203125,9.433154541015625,9.795846761101243
2.7107684655558315,-0.9624690673828125,2.887407202148437,8.935160595703124,9.439309398875174
2.713255409102213,-1.0869675537109373,3.1459809814453124,8.489839086914062,9.118994600290634
2.715742352648595,-1.216254443359375,3.375824340820312,8.17859287109375,8.931116738805503
2.718229296194976,-1.35990654296875,3.6056677001953124,8.001421948242188,8.881043776699492
2.720716239741358,-1.4413093994140624,3.73495458984375,7.8529814453124995,8.81456613529314
2.723203183287739,-1.4987702392578124,3.806780639648437,7.857769848632812,8.859031440432414
2.7256901268341207,-1.5275006591796874,3.854664672851562,7.953537915039062,8.969418229176746
2.7281770703805024,-1.5801730957031248,3.81156904296875,8.10197841796875,9.092142754429954
2.7306640139268836,-1.5466542724609373,3.725377783203125,8.317456567382813,9.243952770130567
2.7331509574732653,-1.465251416015625,3.6727053466796873,8.590395556640624,9.456776517144537
2.7356379010196465,-1.3838485595703125,3.5577836669921874,8.877699755859375,9.663664647126721
2.7381248445660282,-1.20667763671875,3.318363500976562,9.160215551757812,9.817186776171484
2.74061178811241,-1.01514150390625,3.1555577880859373,9.409212524414063,9.97603816935828
2.743098731658791,-0.7805097412109374,2.978386865234375,9.720458740234374,10.196435744696508
2.745585675205173,-0.49799394531249996,2.8012159423828122,9.950302099609374,10.349073417408839
2.748072618751554,-0.2537853759765625,2.6288334228515624,10.156203442382813,10.49398115803671
2.7505595622979357,0.047884033203124995,2.47081611328125,10.295067138671874,10.58752249282369
2.753046505844317,0.26815058593749996,2.35589443359375,10.433930834960936,10.699955887185949
2.7555334493906987,0.51714755859375,2.2170307373046874,10.55364091796875,10.796388447667928
2.7580203929370803,0.7038952880859375,2.1930887207031247,10.654197387695312,10.900322412178388
2.7605073364834616,0.8810662109374999,2.1021090576171875,10.59194814453125,10.834413027691484
2.7629942800298433,1.024718310546875,2.04943662109375,10.558429321289061,10.804196768501896
2.7654812235762245,1.0007762939453124,1.9632453613281249,10.500968481445312,10.72968893247177
2.767968167122606,1.024718310546875,1.89620771484375,10.261548315429687,10.48546733072498
2.770455110668988,0.93852705078125,1.915361328125,10.146626635742187,10.368388212614231
2.772942054215369,0.8188169677734375,1.8243816650390623,9.82580361328125,10.027225255932732
2.775428997761751,0.622492431640625,1.85790048828125,9.648632690429688,9.84557788281795
2.777915941308132,0.38786066894531246,1.8243816650390623,9.3852705078125,9.568809061897959
2.7804028848545137,0.0909796630859375,1.886630908203125,9.083601098632812,9.277901831878035
2.782889828400895,-0.16759411621093748,1.8818425048828125,8.82981572265625,9.029676887742975
2.7853767719472766,-0.45010991210937495,1.924938134765625,8.623914379882812,8.847592044573688
2.7878637154936583,-0.7517793212890624,1.9488801513671874,8.427589843749999,8.682601946812312
2.7903506590400395,-1.0678139404296874,1.9488801513671874,8.303091357421874,8.595329344793182
2.792837602586421,-1.3168109130859373,2.04943662109375,8.21690009765625,8.570392561578826
2.7953245461328025,-1.5658078857421873,2.1356278808593747,8.264784130859374,8.678670261639235
2.797811489679184,-1.695094775390625,2.1739351074218747,8.327033374023436,8.771477923413938
2.800298433225566,-1.8052280517578123,2.327164013671875,8.537723120117187,9.03145928082313
2.802785376771947,-1.905784521484375,2.427720483398437,8.748412866210938,9.276883585856128
2.8052723203183287,-1.9105729248046874,2.5761609863281247,9.030928662109375,9.583557107284562
2.80775926386471,-1.8626888916015625,2.710236279296875,9.370905297851563,9.931206205583253
2.8102462074110917,-1.7477672119140624,2.906560815429687,9.7683427734375,10.340372649967783
2.812733150957473,-1.675941162109375,3.0262708984374997,10.108319409179687,10.683876431688127
2.8152200945038546,-1.4891934326171874,3.1747114013671873,10.429142431640624,11.002886049631154
2.8177070380502363,-1.2976572998046874,3.303998291015625,10.639832177734375,11.216342895307827
2.8201939815966175,-1.0869675537109373,3.42849677734375,10.812214697265624,11.39473892964835
2.822680925142999,-0.86191259765625,3.5434184570312497,10.97502041015625,11.565024024660497
2.8251678686893804,-0.622492431640625,3.5673604736328124,10.951078393554686,11.534282620001466
2.827654812235762,-0.45968671875,3.6487633300781246,10.826579907226561,11.434142652856831
2.8301417557821438,-0.2442085693359375,3.6200329101562496,10.534487304687499,11.14179962432342
2.832628699328525,-0.0526724365234375,3.5242648437499997,10.213664282226562,10.80472836976905
2.8351156428749067,0.0383072265625,3.4332851806640625,9.86411083984375,10.44459655688516
2.837602586421288,0.201112939453125,3.303998291015625,9.390058911132812,9.95640786006652
2.8400895299676696,0.26815058593749996,3.0789433349609374,8.959102612304687,9.477199819273817
2.842576473514051,0.37828386230468747,2.959233251953125,8.580818749999999,9.084635960801993
2.8450634170604325,0.4213794921875,2.7150246826171873,8.264784130859374,8.709510688515266
2.847550360606814,0.44532150878906246,2.446874096679687,7.977479931640625,8.356176766375944
2.8500373041531954,0.45968671875,2.2601263671875,7.881711865234375,8.212238732625083
2.852524247699577,0.411802685546875,2.0063409912109376,7.862558251953125,8.124949716163977
2.8550111912459584,0.3687070556640625,1.8243816650390623,7.948749511718749,8.163757232590655
2.85749813479234,0.3399766357421875,1.675941162109375,8.221688500976562,8.39764995095612
2.8599850783387217,0.316034619140625,1.484405029296875,8.52335791015625,8.657422609305863
2.862472021885103,0.2442085693359375,1.4173673828125,8.987833032226561,9.102181647186612
2.8649589654314846,0.16759411621093748,1.369483349609375,9.428366137695312,9.528780638627666
2.867445908977866,0.028730419921875,1.3359645263671873,9.974244116210937,10.063357905913357
2.8699328525242476,-0.009576806640625,1.37906015625,10.414777221679687,10.505688135814797
2.8724197960706292,-0.1388636962890625,1.4221557861328125,10.86009873046875,10.953700499909017
2.8749067396170105,-0.2920926025390625,1.5705962890624998,11.152191333007812,11.266031347359615
2.877393683163392,-0.4213794921875,1.714248388671875,11.324573852539062,11.461334178711994
2.8798806267097734,-0.5363011718749999,1.905784521484375,11.367669482421874,11.538784296920952
2.882367570256155,-0.7278373046875,2.1021090576171875,11.305420239257812,11.522201891063666
2.8848545138025363,-0.8858546142578124,2.327164013671875,11.046846459960937,11.32401198577972
2.887341457348918,-1.0582371337890624,2.5139117431640625,10.697293017578124,11.039551439604507
2.8898284008952997,-1.2114660400390624,2.70065947265625,10.17056865234375,10.592529361085257
2.892315344441681,-1.3359645263671873,2.85388837890625,9.706093530273437,10.20478964571948
2.8948022879880626,-1.4796166259765624,3.0885201416015624,9.117119921875,9.739101482929255
2.897289231534444,-1.6041151123046875,3.2130186279296873,8.59997236328125,9.319667303404598
2.8997761750808255,-1.68551796875,3.284844677734375,8.116343627929687,8.916625441637313
2.902263118627207,-1.7429788085937499,3.318363500976562,7.68059892578125,8.546409264160733
2.9047500621735884,-1.6998831787109374,3.327940307617187,7.4794859863281244,8.361070513517177
2.90723700571997,-1.695094775390625,3.399766357421875,7.3549875,8.27813980962936
2.9097239492663514,-1.5849614990234373,3.361459130859375,7.4411787597656245,8.317610941647342
2.912210892812733,-1.4891934326171874,3.299209887695312,7.589619262695312,8.408614839287884
2.9146978363591143,-1.2976572998046874,3.294421484375,7.963114721679687,8.714833529969447
2.917184779905496,-1.0869675537109373,3.1794998046874996,8.427589843749999,9.072760773067166
2.9196717234518776,-0.8188169677734375,3.1172505615234374,8.992621435546875,9.552745813277406
2.922158666998259,-0.5602431884765625,3.0214824951171875,9.624690673828125,10.103360800516235
2.9246456105446406,-0.32561142578124996,2.9496564453125,10.256759912109374,10.677435077799666
2.927132554091022,-0.033518823242187495,2.8730419921875,10.807426293945312,11.182842076120219
2.9296194976374035,0.201112939453125,2.7964275390625,11.247959399414063,11.59211128511583
2.932106441183785,0.4213794921875,2.7054478759765623,11.573570825195311,11.893046310002932
2.9345933847301664,0.6464344482421874,2.6384102294921874,11.750741748046874,12.060639189705283
2.937080328276548,0.7517793212890624,2.5234885498046875,11.750741748046874,12.042138441248918
2.9395672718229293,0.8810662109374999,2.43250888671875,11.583147631835937,11.868558725175014
2.942054215369311,0.9624690673828125,2.346317626953125,11.257536206054686,11.53965660419979
2.9445411589156922,0.9720458740234375,2.31758720703125,10.807426293945312,11.09578959526817
2.947028102462074,0.8667010009765624,2.1452046874999997,10.28549033203125,10.542503741838276
2.9495150460084556,0.7805097412109374,2.0925322509765625,9.595960253906249,9.852428120623397
2.952001989554837,0.6272808349609375,1.9632453613281249,9.006986645507812,9.239784739215615
2.9544889331012185,0.4213794921875,1.8531120849609375,8.427589843749999,8.639204572779985
2.9569758766475998,0.2059013427734375,1.7669208251953124,7.934384301757812,8.13135036838566
2.9594628201939814,0.023942016601562498,1.7094599853515624,7.551312036132812,7.742424693125622
2.961949763740363,-7.196970190429687,6.9527616210937495,6.665457421875,12.023543434633412
2.9644367072867444,-7.551312036132812,7.096413720703125,6.579266162109374,12.274695287228324
2.966923650833126,-7.666233715820312,7.091625317382812,6.718129858398437,12.417550395389165
2.9694105943795073,-7.580042456054687,6.900089184570312,7.034164477539062,12.431723303214568
2.971897537925889,-7.321468676757812,6.713341455078124,7.522581616210937,12.460420990069759
2.97438448147227,-6.89530078125,6.330269189453125,8.14028564453125,12.404907546991552
2.976871425018652,-6.277596752929687,5.856217260742187,8.781931689453124,12.281116634721336
2.9793583685650336,-5.549759448242187,5.463568188476562,9.533711010742186,12.310241789657638
2.981845312111415,-4.721365673828124,5.032611889648437,10.232817895507813,12.342165058872702
2.9843322556577965,-3.864241479492187,4.525041137695312,10.78348427734375,12.316326265140214
2.9868191992041777,-3.0119056884765625,4.127603662109375,11.329362255859374,12.428319958555427
2.9893061427505594,-2.1595698974609374,3.6343981201171873,11.6070896484375,12.353020761918753
2.991793086296941,-1.37906015625,3.23696064453125,11.741164941406248,12.257025549051761
2.9942800298433223,-0.55545478515625,2.96881005859375,11.741164941406248,12.123420200738222
2.996766973389704,0.1484405029296875,2.5713725830078125,11.506533178710937,11.791280563888296
2.9992539169360852,0.718260498046875,2.2744915771484373,11.089942089843749,11.343545549503546
3.001740860482467,1.197100830078125,2.0350714111328125,10.59194814453125,10.85190911969976
3.0042278040288486,1.656787548828125,1.8052280517578123,10.022128149414062,10.317308076435584
3.00671474757523,1.9488801513671874,1.6232687255859375,9.447519750976562,9.782063414482174
3.0092016911216115,2.1787235107421874,1.5179238525390624,8.786720092773438,9.179181823404319
3.0116886346679927,2.2457611572265623,1.3407529296874998,8.269572534179687,8.673343731908258
3.0141755782143744,2.24097275390625,1.254561669921875,7.819462622070312,8.23042402099321
3.0166625217607557,2.2266075439453124,1.158793603515625,7.50821640625,7.9166847463685555
3.0191494653071373,2.1356278808593747,1.16837041015625,7.3837179199218745,7.77465666005953
3.021636408853519,2.0350714111328125,1.1827356201171875,7.4794859863281244,7.84111534255063
3.0241233523999003,1.8339584716796873,1.16837041015625,7.690175732421874,7.99170168904625
3.026610295946282,1.6136919189453125,1.1923124267578125,8.087613208007811,8.332772523873006
3.029097239492663,1.3407529296874998,1.254561669921875,8.56166513671875,8.756349314378
3.031584183039045,1.1013327636718748,1.3551181396484375,9.141061938476563,9.306357632919887
3.0340711265854265,0.8906430175781249,1.4891934326171874,9.86411083984375,10.015569116392427
3.036558070131808,0.6847416748046875,1.5418658691406248,10.453084448242187,10.588351902053397
3.0390450136781895,0.3399766357421875,1.6903063720703124,10.984597216796875,11.119087002068728
3.0415319572245707,0.143652099609375,1.886630908203125,11.405976708984374,11.5618474646314
3.0440189007709524,-0.1149216796875,2.0638018310546875,11.693280908203125,11.874565397877708
3.0465058443173336,-0.3687070556640625,2.250549560546875,11.832144604492187,12.049919674379069
3.0489927878637153,-0.565031591796875,2.43250888671875,11.803414184570311,12.064698363250107
3.051479731410097,-0.8379705810546875,2.5761609863281247,11.535263598632811,11.849097282583827
3.0539666749564782,-1.01514150390625,2.7198130859375,11.128249316406249,11.500688168256978
3.05645361850286,-1.3359645263671873,2.825157958984375,10.500968481445312,10.956124212386063
3.058940562049241,-1.5035586425781249,2.877830395507812,9.945513696289062,10.462114464105875
3.061427505595623,-1.675941162109375,2.9927520751953125,9.246406811523437,9.86211856989285
3.0639144491420045,-1.8435352783203125,3.0741549316406247,8.576030346679687,9.2950173412056
3.0664013926883857,-1.9776105712890624,3.0597897216796874,7.977479931640625,8.770030944774359
3.0688883362347674,-2.1021090576171875,3.0358477050781247,7.465120776367187,8.32846096132373
3.0713752797811487,-2.1404162841796874,3.0741549316406247,7.1395093505859375,8.06253087934651
3.0738622233275303,-2.1643583007812497,3.0071172851562498,6.947973217773437,7.874105222547077
3.0763491668739116,-2.1643583007812497,2.9735984619140625,6.9910688476562495,7.899479622071827
3.0788361104202933,-2.1116858642578125,3.0071172851562498,7.1778165771484375,8.063685408743241
3.081323053966675,-1.9871873779296874,2.9927520751953125,7.589619262695312,8.396892235301381
3.083809997513056,-1.838746875,2.920926025390625,8.106766821289062,8.810928850630885
3.086296941059438,-1.6424223388671875,2.901772412109375,8.681375219726561,9.299683326682228
3.088783884605819,-1.3934253662109375,2.887407202148437,9.390058911132812,9.922296153449738
3.091270828152201,-1.1061211669921875,2.935291235351562,10.108319409179687,10.583834841417294
3.0937577716985825,-0.8810662109374999,2.9496564453125,10.730811840820312,11.16364965307129
3.0962447152449637,-0.59376201171875,2.935291235351562,11.262324609375,11.653687981485763
3.0987316587913454,-0.2825157958984375,2.9496564453125,11.669338891601562,12.039674351383033
3.1012186023377266,-0.009576806640625,3.0119056884765625,11.908759057617187,12.283737618651838
3.1037055458841083,0.19153613281249998,2.9640216552734375,11.9518546875,12.315394469289986
3.1061924894304895,0.44532150878906246,3.0023288818359375,11.8369330078125,12.219872053026473
3.108679432976871,0.59376201171875,2.920926025390625,11.516109985351562,11.895593779508383
3.111166376523253,0.7326257080078125,2.877830395507812,10.97502041015625,11.369684305937822
3.113653320069634,0.833182177734375,2.8012159423828122,10.409988818359375,10.812440542982007
3.116140263616016,0.82360537109375,2.70065947265625,9.734823950195311,10.136009310169296
3.118627207162397,0.8283937744140625,2.5905261962890624,9.074024291992187,9.472854853253699
3.1211141507087787,0.833182177734375,2.4564509033203126,8.432378247070313,8.822320923848892
3.1236010942551604,0.7709329345703124,2.308010400390625,7.862558251953125,8.230496453025946
3.1260880378015417,0.63206923828125,2.1260510742187497,7.407659936523437,7.732595322874627
3.1285749813479233,0.488417138671875,1.9919757812499999,7.1586629638671875,7.446675381986159
3.1310619248943046,0.354341845703125,1.8195932617187498,7.058106494140625,7.2974889560956955
3.1335488684406863,0.19632453613281248,1.7286135986328124,7.206546997070312,7.413566477603689
3.136035811987068,0.0143652099609375,1.5705962890624998,7.536946826171874,7.6988665739195925
3.138522755533449,-0.12449848632812499,1.5179238525390624,7.958326318359375,8.102749563246817
3.141009699079831,-0.27293898925781246,1.47482822265625,8.590395556640624,8.720350325402729
3.143496642626212,-0.4644751220703125,1.5083470458984374,9.165003955078124,9.29990029228757
3.1459835861725938,-0.6081272216796875,1.4604630126953124,9.8449572265625,9.971256376307055
3.148470529718975,-0.7278373046875,1.6519991455078125,10.467449658203124,10.62197489480511
3.1509574732653567,-0.8379705810546875,1.7334020019531249,11.099518896484375,11.265265062505273
3.1534444168117384,-0.9576806640625,1.9488801513671874,11.540052001953125,11.742575795220336
3.1559313603581196,-1.0582371337890624,2.1308394775390624,11.808202587890625,12.045496713171936
3.1584183039045013,-1.13006318359375,2.308010400390625,11.865663427734374,12.14075464654065
3.1609052474508825,-1.2210428466796874,2.4851813232421875,11.765106958007811,12.086555074800398
3.163392190997264,-1.3311761230468748,2.6815058593749996,11.463437548828125,11.847907156131631
3.165879134543646,-1.369483349609375,2.925714428710937,11.128249316406249,11.587632303940302
3.168366078090027,-1.455674609375,3.0980969482421874,10.409988818359375,10.958332923736796
3.170853021636409,-1.484405029296875,3.265691064453125,9.835380419921874,10.469140577145453
3.17333996518279,-1.5035586425781249,3.361459130859375,9.107543115234375,9.823819912638989
3.1758269087291717,-1.4891934326171874,3.5194764404296874,8.461108666992187,9.284113924825572
3.178313852275553,-1.5131354492187499,3.5242648437499997,7.843404638671874,8.730923084217046
3.1808007958219346,-1.47482822265625,3.5529952636718747,7.37414111328125,8.317262217136298
3.1832877393683163,-1.3838485595703125,3.5338416503906247,7.082048510742187,8.034829478860518
3.1857746829146976,-1.2641384765625,3.4428619873046875,7.000645654296875,7.903188238209884
3.1882616264610792,-1.1252747802734375,3.347093920898437,7.058106494140625,7.89215739383502
3.1907485700074605,-0.93852705078125,3.23696064453125,7.331045483398437,8.068641466749463
3.193235513553842,-0.7517793212890624,3.1268273681640624,7.733271362304687,8.375303427414401
3.195722457100224,-0.5219359619140624,3.0406361083984375,8.341398583984375,8.893639043098842
3.198209400646605,-0.3112462158203125,2.863465185546875,9.011775048828124,9.460887728241078
3.2006963441929868,-0.143652099609375,2.6719290527343746,9.686939916992188,10.049708739261293
3.203183287739368,0.1292868896484375,2.5905261962890624,10.409988818359375,10.728252806112563
3.2056702312857497,0.36391865234375,2.4899697265625,11.056423266601563,11.339174638172294
3.208157174832131,0.5889736083984375,2.379836450195312,11.544840405273437,11.802281619428602
3.2106441183785126,0.7230489013671875,2.3032219970703123,11.918335864257811,12.160360235404658
3.2131310619248943,0.86191259765625,2.231395947265625,12.04762275390625,12.282802417197455
3.2156180054712755,0.8954314208984374,2.1308394775390624,12.014103930664062,12.234417336570173
3.218104949017657,0.9241618408203125,2.0877438476562498,11.789048974609374,12.008098317685164
3.2205918925640384,0.9050082275390624,2.0638018310546875,11.405976708984374,11.626462169364853
3.22307883611042,0.8283937744140625,2.020706201171875,10.86009873046875,11.077510290334711
3.225565779656802,0.699106884765625,1.9871873779296874,10.256759912109374,10.470854215678091
3.228052723203183,0.5219359619140624,1.9488801513671874,9.528922607421874,9.740170278335377
3.2305396667495647,0.3016694091796875,1.905784521484375,8.825027319335938,9.033500222050693
3.233026610295946,0.023942016601562498,1.85790048828125,8.188169677734374,8.396337899101209
3.2355135538423276,-0.21068974609375,1.8148048583984373,7.6470801025390625,7.862298705710974
3.238000497388709,-0.49320554199218747,1.8052280517578123,7.216123803710937,7.454833517657435
3.2404874409350906,-0.737414111328125,1.89620771484375,7.048529687499999,7.336290208612773
3.2429743844814722,-0.9720458740234375,1.848323681640625,6.9910688476562495,7.296315319802813
3.2454613280278535,-8.149862451171874,7.249642626953125,6.4739212890625,12.684211960091714
3.247948271574235,-8.413224633789062,7.426813549804687,6.890512377929687,13.168867417988528
3.2504352151206164,-8.470685473632813,7.436390356445312,7.37414111328125,13.469609166016348
3.252922158666998,-8.154650854492187,7.41244833984375,8.06367119140625,13.65523760440065
3.2554091022133798,-7.747636572265624,7.201758593749999,8.781931689453124,13.748218920892292
3.257896045759761,-7.115567333984375,6.89530078125,9.543287817382812,13.756846067096177
3.2603829893061427,-6.320692382812499,6.555324145507812,10.271125122070313,13.726596013726256
3.262869932852524,-12.220005273437499,11.247959399414063,10.228029492187499,19.505325088979284
3.2653568763989056,-11.496956372070311,10.979808813476561,10.74517705078125,19.18840892972687
3.2678438199452873,-10.47702646484375,10.534487304687499,11.066000073242186,18.525654210814107
3.2703307634916685,-9.255983618164063,9.931148486328125,11.209652172851563,17.605602654653282
3.27281770703805,-7.886500268554687,9.160215551757812,11.171344946289063,16.459203606175997
3.2753046505844314,-6.402095239257812,8.279149340820313,10.927136376953124,15.130546806400131
3.277791594130813,-4.92247861328125,7.307103466796875,10.625466967773438,13.80308317210074
3.2802785376771944,-3.380612744140625,6.335057592773437,10.160991845703125,12.442156264813901
3.282765481223576,-1.9488801513671874,5.257666845703125,9.605537060546874,11.122388984671339
3.2852524247699577,-0.5602431884765625,4.141968872070312,9.0788126953125,9.994729537311214
3.287739368316339,0.689530078125,3.1603461914062496,8.513781103515624,9.10756325570977
3.2902263118627206,1.7334020019531249,2.1595698974609374,8.020575561523437,8.485166879944172
3.292713255409102,2.7150246826171873,1.3120225097656248,7.752424975585937,8.318224275375176
3.2952001989554836,3.4859576171874997,0.488417138671875,7.532158422851562,8.314076155359036
3.2976871425018652,4.055777612304687,-0.17238251953125,7.503428002929687,8.531147611468297
3.3001740860482465,4.515464331054687,-0.718260498046875,7.6279264892578125,8.893288412820239
3.302661029594628,4.754884497070313,-1.1635820068359375,7.991845141601562,9.371896202714392
3.3051479731410094,4.7931917236328125,-1.4604630126953124,8.418013037109375,9.796457655902799
3.307634916687391,4.774038110351563,-1.5753846923828123,9.035717065429687,10.34008992681304
3.3101218602337723,4.5585599609375,-1.5705962890624998,9.65342109375,10.790541248423864
3.312608803780154,4.261678955078125,-1.446097802734375,10.347739575195313,11.284007297378544
3.3150957473265357,3.859453076171875,-1.2306196533203124,10.955866796875,11.680788502887072
3.317582690872917,3.284844677734375,-0.9576806640625,11.434707128906249,11.935655990980068
3.3200696344192986,2.7341782958984373,-0.5315127685546874,11.8369330078125,12.160231075449996
3.32255657796568,2.1068974609374997,-0.0526724365234375,12.066776367187499,12.24944419931733
3.3250435215120615,1.388636962890625,0.47884033203125,12.08592998046875,12.174863620225043
3.327530465058443,0.737414111328125,0.967257470703125,11.93270107421875,11.994528815792563
3.3300174086048244,0.0526724365234375,1.5179238525390624,11.6070896484375,11.70604106068919
3.332504352151206,-0.6416460449218749,2.0638018310546875,11.061211669921875,11.270376712942848
3.3349912956975873,-1.2832920898437499,2.461239306640625,10.486603271484375,10.847736431436521
3.337478239243969,-1.7956512451171873,3.0071172851562498,9.744400756835937,10.354731472645787
3.3399651827903503,-2.365471240234375,3.375824340820312,9.026140258789061,9.922844961994695
3.342452126336732,-2.81558115234375,3.6631285400390623,8.303091357421874,9.501964745039622
3.3449390698831136,-3.1316157714843746,4.00310517578125,7.723694555664062,9.245935646421675
3.347426013429495,-3.4572271972656248,4.170699291992188,7.168239770507812,8.985032770403631
3.3499129569758765,-3.5577836669921874,4.280832568359375,6.904877587890625,8.869086007204855
3.352399900522258,-3.6343981201171873,4.367023828124999,6.7803791015625,8.846088829071771
3.3548868440686395,-3.5865140869140624,4.376600634765625,6.79953271484375,8.845979965616827
3.357373787615021,-3.4763808105468748,4.386177441406249,7.096413720703125,9.03785725616549
3.3598607311614024,-3.2225954345703123,4.309562988281249,7.556100439453124,9.27642756323687
3.362347674707784,-2.91134921875,4.165910888671875,8.087613208007811,9.551976507938738
3.3648346182541653,-2.5330653564453125,4.027047192382812,8.801085302734375,10.004630512703043
3.367321561800547,-2.0781670410156248,3.902548706054687,9.519345800781249,10.496028254932641
3.369808505346928,-1.6519991455078125,3.7301661865234372,10.237606298828124,11.020518303856976
3.37229544889331,-1.20667763671875,3.5434184570312497,10.903194360351561,11.527858974683415
3.3747823924396916,-0.7134720947265625,3.361459130859375,11.420341918945311,11.926133466635816
3.377269335986073,-0.22026655273437498,3.2225954345703123,11.846509814453125,12.27898340552267
3.3797562795324545,0.201112939453125,2.9975404785156248,12.004527124023436,12.374747141100281
3.3822432230788357,0.5889736083984375,2.839523168945312,12.066776367187499,12.410353485460512
3.3847301666252174,0.9050082275390624,2.6288334228515624,11.812990991210937,12.13575548597802
3.387217110171599,1.2018892333984375,2.518700146484375,11.463437548828125,11.798253624716756
3.3897040537179803,1.3742717529296875,2.3511060302734372,10.907982763671875,11.242793709263337
3.392190997264362,1.4987702392578124,2.1547814941406247,10.309432348632813,10.638317106977611
3.3946779408107433,1.5035586425781249,2.039859814453125,9.610325463867188,9.938816437370507
3.397164884357125,1.484405029296875,1.8770541015625,8.968679418945312,9.282456620475404
3.3996518279035066,1.4125789794921875,1.70467158203125,8.341398583984375,8.630192055382352
3.402138771449888,1.254561669921875,1.5801730957031248,7.857769848632812,8.112670274952883
3.4046257149962695,1.005564697265625,1.4317325927734375,7.369352709960937,7.574191570154881
3.4071126585426508,0.814028564453125,1.3311761230468748,7.163451367187499,7.331419225796338
3.4095996020890325,0.5746083984375,1.2976572998046874,7.149086157226562,7.288588489051892
3.4120865456354137,0.2825157958984375,1.1827356201171875,7.302315063476562,7.402869984560232
3.4145734891817954,0.023942016601562498,1.20667763671875,7.6470801025390625,7.741736125299346
3.417060432728177,-0.2442085693359375,1.254561669921875,8.116343627929687,8.216361524154662
3.4195473762745583,-0.45489831542968745,1.3646949462890625,8.786720092773438,8.903694444586254
3.42203431982094,-0.718260498046875,1.465251416015625,9.394847314453125,9.535513406056197
3.424521263367321,-0.9145850341796874,1.6615759521484375,10.046070166015625,10.22354274261191
3.427008206913703,-1.13006318359375,1.7908628417968748,10.658985791015624,10.867300060737984
3.4294951504600846,-1.2593500732421874,2.0159177978515626,11.195286962890624,11.444838896032506
3.431982094006466,-1.4030021728515625,2.3319524169921872,11.616666455078125,11.931192593394815
3.4344690375528475,-1.5083470458984374,2.5617957763671875,11.769895361328125,12.139536450264343
3.4369559810992287,-1.5705962890624998,2.829946362304687,11.841721411132811,12.276063501612382
3.4394429246456104,-1.6232687255859375,1.93451494140625,26.39846750488281,26.51898256005202
3.4419298681919916,-1.2018892333984375,2.6001030029296874,23.204602490234375,23.38073245398857
3.4444168117383733,-0.7517793212890624,3.2609026611328122,19.09615244140625,19.387152869328872
3.446903755284755,-0.43574470214843747,3.88818349609375,14.432247607421875,14.95318077690097
3.4493906988311362,-0.1867477294921875,4.496310717773437,9.576806640625,10.581441783478935
3.451877642377518,-0.086191259765625,4.855440966796874,4.951209033203125,6.935214979060244
3.454364585923899,-0.033518823242187495,5.104437939453125,0.8954314208984374,5.182490484195045
3.456851529470281,-0.0430956298828125,5.219359619140625,-2.3415292236328122,5.720693242287795
3.4593384730166625,-0.21068974609375,5.142745166015625,-4.548983154296875,6.869167762528651
3.4618254165630438,-0.39264907226562495,4.955997436523437,-5.530605834960937,7.436644726385811
3.4643123601094254,-0.5458779785156249,4.582501977539062,-5.272032055664062,7.006541881522378
3.4667993036558067,-0.699106884765625,4.132392065429687,-3.9552211425781247,5.762741440100357
3.4692862472021884,-0.8714894042968749,3.6056677001953124,-1.675941162109375,4.070517427168934
3.4717731907485696,-0.9624690673828125,3.0885201416015624,1.4413093994140624,3.541564083224614
3.4742601342949513,-1.0199299072265624,2.518700146484375,4.979939453125,5.67308596800247
3.476747077841333,-0.8667010009765624,2.0877438476562498,8.748412866210938,9.035738634788268
3.479234021387714,-0.7565677246093749,1.6615759521484375,12.449848632812499,12.583002835039887
3.481720964934096,-0.5746083984375,1.3024457031249999,15.662867260742187,15.727426695069132
3.484207908480477,-0.27293898925781246,1.0917559570312498,18.358738330078126,18.393197107459326
3.486694852026859,-0.0047884033203125,0.948103857421875,20.23100402832031,20.253208334660886
3.4891817955732405,0.32561142578124996,0.8810662109374999,21.198261499023435,21.21906197383933
3.4916687391196217,0.6751648681640625,0.9720458740234375,21.18868469238281,21.221712460911977
3.4941556826660034,0.9097966308593749,1.1875240234375,20.34592570800781,20.40084890712976
3.4966426262123846,1.120486376953125,1.37906015625,18.717868579101562,18.802018529402936
3.4991295697587663,1.216254443359375,1.637633935546875,16.4338001953125,16.559918738849518
3.5016165133051476,1.24498486328125,1.8148048583984373,13.666103076171874,13.842177475831624
3.5041034568515292,1.1635820068359375,2.0973206542968748,10.711658227539061,10.976898423378886
3.506590400397911,0.948103857421875,2.375048046875,7.838616235351562,8.245220350878446
3.509077343944292,0.718260498046875,2.5857377929687497,5.190629199218749,5.843335482481193
3.511564287490674,0.316034619140625,2.6144682128906247,2.978386865234375,3.9756899068855334
3.514051231037055,-0.033518823242187495,2.73896669921875,1.3407529296874998,3.0497017082669595
3.5165381745834368,-0.488417138671875,2.786850732421875,0.469263525390625,2.867977782761017
3.5190251181298184,-0.93852705078125,2.77727392578125,0.22026655273437498,2.939830069600288
3.5215120616761997,-1.369483349609375,2.6527754394531247,0.7230489013671875,3.071726207003373
3.5239990052225814,-1.7238251953125,2.5857377929687497,1.886630908203125,3.6355177652940203
3.5264859487689626,-2.0925322509765625,2.480392919921875,3.6152445068359373,4.858089449854029
3.5289728923153443,-2.2553379638671873,2.4899697265625,5.7077767578125,6.62308191761833
3.531459835861726,-2.403778466796875,2.398990063476562,8.02536396484375,8.714342832956953
3.533946779408107,-2.4851813232421875,2.365471240234375,10.314220751953124,10.869900188952435
3.536433722954489,-2.408566870117187,2.39420166015625,12.459425439453124,12.913972209921033
3.53892066650087,-2.250549560546875,2.480392919921875,14.331691137695312,14.717835888063524
3.541407610047252,-2.04943662109375,2.6048914062499997,15.734693310546874,16.07999450494943
3.543894553593633,-1.7525556152343749,2.748543505859375,16.543933471679686,16.862018779003147
3.5463814971400147,-1.3934253662109375,2.877830395507812,16.869544897460937,17.169888965394012
3.5488684406863964,-1.0726023437499999,3.1220389648437497,16.519991455078124,16.84659374359324
3.5513553842327776,-0.7326257080078125,3.299209887695312,15.701174487304687,16.0607722912657
3.5538423277791593,-0.354341845703125,3.5146880371093747,14.408305590820312,14.835021406802213
3.5563292713255406,-0.076614453125,3.5960908935546874,12.823344091796875,13.3182541342984
3.5588162148719222,0.19153613281249998,3.754108203125,10.998962426757812,11.62356180162403
3.561303158418304,0.39743747558593745,3.7205893798828122,9.141061938476563,9.877234189982628
3.563790101964685,0.49799394531249996,3.7158009765625,7.316680273437499,8.221252039117896
3.566277045511067,0.603338818359375,3.5625720703124997,5.817910034179687,6.84865057158844
3.568763989057448,0.6607996582031249,3.438073583984375,4.582501977539062,5.766830197892248
3.5712509326038298,0.622492431640625,3.1507693847656246,3.83072265625,4.998927946323418
3.573737876150211,0.5889736083984375,2.920926025390625,3.4668040039062498,4.571370555828367
3.5762248196965927,0.4644751220703125,2.5905261962890624,3.6439749267578123,4.495010164562669
3.5787117632429744,0.40222587890625,2.3223756103515623,4.2329485351562495,4.84490117902307
3.5811987067893556,0.2346317626953125,1.9823989746093749,5.233724829101562,5.601502775626553
3.5836856503357373,0.201112939453125,1.7381904052734374,6.564900952148437,6.7940913160568845
3.5861725938821185,0.105344873046875,1.446097802734375,8.044517578125,8.174139677183927
3.5886595374285,0.028730419921875,1.2976572998046874,9.586383447265625,9.673855875646156
3.591146480974882,-0.0383072265625,1.2018892333984375,11.104307299804686,11.169227626898005
3.593633424521263,-0.09576806640624999,1.0821791503906248,12.50730947265625,12.554404545054302
3.596120368067645,-0.1771709228515625,1.1348515869140625,13.560758203125,13.60931448324446
3.598607311614026,-0.22505495605468748,1.1540052001953125,14.264653491210936,14.313026128657732
3.6010942551604077,-0.3447650390625,1.3072341064453123,14.57589970703125,14.638462221512453
3.603581198706789,-0.36391865234375,1.5131354492187499,14.532804077148437,14.615895799368179
3.6060681422531706,-0.430956298828125,1.7525556152343749,14.149731811523436,14.264364158770887
3.6085550857995523,-0.5698199951171875,2.0638018310546875,13.302184423828125,13.473384254530693
3.6110420293459335,-0.6751648681640625,2.3032219970703123,12.287042919921875,12.519269263139677
3.6135289728923152,-0.8571241943359375,2.5426421630859375,10.941501586914061,11.265706725743453
3.6160159164386965,-0.948103857421875,2.7581203125,9.639055883789062,10.070626937459846
3.618502859985078,-1.1731588134765625,3.0262708984374997,8.2743609375,8.888175632625252
3.62098980353146,-1.3168109130859373,3.1507693847656246,7.082048510742187,7.862362864006227
3.623476747077841,-1.4796166259765624,3.289633081054687,6.0908490234374995,7.078798838372593
3.6259636906242227,-1.5945383056640625,3.404554760742187,5.425260961914062,6.600530435653714
3.628450634170604,-1.7334020019531249,3.4428619873046875,4.99909306640625,6.312599516094279
3.6309375777169857,-1.7764976318359373,3.4668040039062498,4.984727856445312,6.326309006066727
3.633424521263367,-1.7525556152343749,3.418919970703125,5.329492895507812,6.569928422276033
3.6359114648097486,-1.7381904052734374,3.323151904296875,5.91846650390625,7.006631874294299
3.6383984083561303,-1.637633935546875,3.299209887695312,6.813897924804687,7.745697884605291
3.6408853519025115,-1.5131354492187499,3.2034418212890623,7.8338278320312495,8.597701837815361
3.643372295448893,-1.2928688964843749,3.0933085449218747,9.011775048828124,9.615204483954804
3.6458592389952744,-1.005564697265625,3.0310593017578125,10.223241088867187,10.710421990391499
3.648346182541656,-0.8092401611328125,2.9448680419921875,11.305420239257812,11.710663696364835
3.650833126088038,-0.4644751220703125,2.91134921875,12.23915888671875,12.589229589886944
3.653320069634419,-0.17238251953125,2.8012159423828122,12.952630981445312,13.253194929163175
3.6558070131808007,0.12449848632812499,2.7820623291015623,13.378798876953125,13.66556365709319
3.658293956727182,0.39264907226562495,2.767697119140625,13.517662573242188,13.803677846185884
3.6607809002735636,0.59376201171875,2.710236279296875,13.311761230468749,13.59782780716053
3.6632678438199453,0.7900865478515624,2.6479870361328124,12.794613671875,13.089622267626904
3.6657547873663265,0.8906430175781249,2.5570073730468748,12.042834350585936,12.343475640443794
3.668241730912708,1.0438719238281249,2.5426421630859375,11.238382592773437,11.569612831223523
3.6707286744590895,0.9911994873046874,2.389413256835937,10.137049829101562,10.461909547174665
3.673215618005471,0.9576806640625,2.2840683837890623,9.160215551757812,9.489134290903973
3.6757025615518524,0.86191259765625,2.2553379638671873,8.154650854492187,8.504573664560105
3.678189505098234,0.689530078125,2.1068974609374997,7.302315063476562,7.631400521910815
3.6806764486446157,0.5315127685546874,2.0254946044921875,6.622361791992187,6.945560446789129
3.683163392190997,0.277727392578125,1.9009961181640624,6.186617089843749,6.478051386197073
3.6856503357373787,0.033518823242187495,1.7429788085937499,6.042964990234375,6.289397786109316
3.68813727928376,-0.2346317626953125,1.637633935546875,6.119579443359375,6.3392546513377175
3.6906242228301416,-0.507570751953125,1.5466542724609373,6.5026517089843745,6.703301183381017
3.6931111663765233,-0.737414111328125,1.5370774658203123,7.067683300781249,7.270387468880911
3.6955981099229045,-0.9050082275390624,1.5705962890624998,7.867346655273437,8.073472362581816
3.698085053469286,-1.13006318359375,1.5897499023437498,8.757989672851561,8.972554299679139
3.7005719970156674,-1.2737152832031249,1.6615759521484375,9.677363110351562,9.901239419235173
3.703058940562049,-1.3263877197265623,1.886630908203125,10.644620581054687,10.891585186805536
3.7055458841084303,-1.426944189453125,1.9871873779296874,11.425130322265625,11.684121116950582
3.708032827654812,-1.5083470458984374,2.1356278808593747,11.980585107421874,12.262562406469263
3.7105197712011937,-1.5035586425781249,2.4516625,12.46900224609375,12.796380528050445
3.713006714747575,-1.4700398193359374,2.6719290527343746,12.665326782226561,13.027306875707836
3.7154936582939566,-1.446097802734375,2.906560815429687,12.574347119140624,12.986666242785505
3.717980601840338,-1.369483349609375,3.1794998046874996,12.253524096679687,12.733167572948018
3.7204675453867195,-1.3646949462890625,3.356670727539062,11.750741748046874,12.296729740009587
3.722954488933101,-1.2593500732421874,3.5051112304687497,11.037269653320312,11.64873764598717
3.7254414324794825,-1.2306196533203124,3.6439749267578123,10.194510668945313,10.895917849232235
3.727928376025864,-1.1252747802734375,3.706224169921875,9.351751684570312,10.122134186953668
3.7304153195722454,-1.0295067138671874,3.758896606445312,8.532934716796875,9.380840189074808
3.732902263118627,-0.9337386474609375,3.77326181640625,7.785943798828124,8.702315406569777
3.7353892066650083,-0.7805097412109374,3.73495458984375,7.1586629638671875,8.112061185331617
3.73787615021139,-0.7278373046875,3.5673604736328124,6.675034228515624,7.603413039075785
3.7403630937577717,-0.584185205078125,3.414131567382812,6.459556079101562,7.329626965425316
3.742850037304153,-0.45010991210937495,3.2321722412109373,6.512228515625,7.284137325006513
3.7453369808505346,-0.3016694091796875,3.0310593017578125,6.785167504882812,7.437528016251436
3.747823924396916,-0.16759411621093748,2.7916391357421872,7.235277416992187,7.75696952120047
3.7503108679432975,0.009576806640625,2.5809493896484375,7.881711865234375,8.293538050417832
3.752797811489679,0.143652099609375,2.379836450195312,8.667010009765624,8.98895544347495
3.7552847550360604,0.3064578125,2.1595698974609374,9.519345800781249,9.766043365033422
3.757771698582442,0.45489831542968745,2.04943662109375,10.36210478515625,10.572622121300798
3.7602586421288233,0.5602431884765625,1.9393033447265624,11.085153686523437,11.267448786080466
3.762745585675205,0.6607996582031249,1.8004396484374998,11.659762084960937,11.816441553777505
3.7652325292215862,0.7613561279296874,1.7429788085937499,12.191274853515624,12.338752807099482
3.767719472767968,0.7613561279296874,1.70467158203125,12.406753002929687,12.546437280432473
3.7702064163143496,0.679953271484375,1.62805712890625,12.43069501953125,12.555281165110712
3.772693359860731,0.6464344482421874,1.7381904052734374,12.301408129882812,12.440410980301486
3.7751803034071125,0.5506663818359374,1.7381904052734374,11.865663427734374,12.004936814883365
3.7776672469534938,0.37828386230468747,1.8243816650390623,11.257536206054686,11.410678707721244
3.7801541904998754,0.1867477294921875,1.915361328125,10.534487304687499,10.708823768480334
3.782641134046257,-0.076614453125,2.0063409912109376,9.749189160156249,9.953791399660183
3.7851280775926384,-0.33039982910156246,2.0302830078125,8.892064965820312,9.126885147477834
3.78761502113902,-0.5889736083984375,2.1452046874999997,8.1594392578125,8.457259725501732
3.7901019646854013,-0.86191259765625,2.1547814941406247,7.532158422851562,7.881585317715159
3.792588908231783,-1.149216796875,2.2170307373046874,7.034164477539062,7.464274541671534
3.795075851778164,-1.4030021728515625,2.360682836914062,6.72291826171875,7.262153159172442
3.797562795324546,-1.5849614990234373,2.398990063476562,6.622361791992187,7.219621318468433
3.8000497388709276,-1.714248388671875,2.5426421630859375,6.7277066650390625,7.393626557946884
3.802536682417309,-1.8531120849609375,2.5761609863281247,7.110778930664062,7.786771271052163
3.8050236259636905,-1.944091748046875,2.6384102294921874,7.6087728759765625,8.28457156056423
3.8075105695100717,-1.9393033447265624,2.767697119140625,8.269572534179687,8.93346935430049
3.8099975130564534,-1.93451494140625,2.887407202148437,9.064447485351561,9.707918243590585
3.812484456602835,-1.8100164550781248,2.978386865234375,9.7683427734375,10.371473782738057
3.8149714001492163,-1.6472107421875,3.1076737548828124,10.51533369140625,11.087974658953218
3.817458343695598,-8.389282617187499,8.52335791015625,10.534487304687499,15.937475197417236
3.8199452872419792,-8.240842114257813,8.748412866210938,11.018116040039061,16.30475659130109
3.822432230788361,-7.848193041992187,8.75320126953125,11.458649145507811,16.416860440691604
3.8249191743347426,-7.235277416992187,8.619125976562499,11.583147631835937,16.14954739184966
3.827406117881124,-6.488286499023437,8.307879760742187,11.583147631835937,15.661674140182651
3.8298930614275055,-5.626373901367187,7.838616235351562,11.358092675781249,14.903229750451363
3.8323800049738868,-4.639962817382812,7.297526660156249,10.979808813476561,13.976385508524148
3.8348669485202684,-3.6152445068359373,6.584054565429687,10.414777221679687,12.840847010301967
3.8373538920666497,-2.6288334228515624,5.865794067382812,9.830592016601562,11.745588303823492
3.8398408356130314,-1.6711527587890624,5.023035083007812,9.165003955078124,10.583994070526176
3.842327779159413,-0.7422025146484375,4.218583325195312,8.518569506835936,9.534848519361041
3.8448147227057943,0.11013327636718749,3.318363500976562,7.953537915039062,8.618725603541437
3.847301666252176,0.8810662109374999,2.5665841796874997,7.541735229492187,8.01507344266049
3.849788609798557,1.5227122558593749,1.7717092285156248,7.211335400390625,7.580301079870033
3.852275553344939,2.0159177978515626,1.0678139404296874,7.129932543945312,7.485992870707341
3.8547624968913206,2.446874096679687,0.49320554199218747,7.254431030273437,7.6718455488003645
3.857249440437702,2.7629087158203123,0.009576806640625,7.52737001953125,8.018419775624071
3.8597363839840835,2.987963671875,-0.39264907226562495,7.982268334960937,8.5322158886022
3.8622233275304647,2.987963671875,-0.689530078125,8.504204296874999,9.040180825407807
3.8647102710768464,2.9496564453125,-0.833182177734375,9.179369165039063,9.677576347140729
3.8671972146232276,2.7581203125,-0.8906430175781249,9.907206469726562,10.322461560925165
3.8696841581696093,2.5857377929687497,-0.7517793212890624,10.601524951171875,10.938169105121046
3.872171101715991,2.2649147705078123,-0.603338818359375,11.219228979492186,11.461455210473101
3.8746580452623722,1.867477294921875,-0.32561142578124996,11.707646118164062,11.860121073404354
3.877144988808754,1.455674609375,0.033518823242187495,12.071564770507813,12.159061974036316
3.879631932355135,0.9864110839843749,0.5506663818359374,12.16254443359375,12.214897764199003
3.882118875901517,0.5410895751953124,0.9528922607421875,12.057199560546874,12.1068923688872
3.8846058194478985,-0.009576806640625,1.4221557861328125,11.81777939453125,11.903047030616316
3.8870927629942797,-0.45489831542968745,1.9201497314453124,11.348515869140625,11.518798544148904
3.8895797065406614,-0.9337386474609375,2.403778466796875,10.788272680664061,11.092197537528849
3.8920666500870427,-1.3551181396484375,2.839523168945312,10.1131078125,10.591231591586975
3.8945535936334243,-1.7334020019531249,3.2225954345703123,9.351751684570312,10.042164278936696
3.8970405371798056,-2.1260510742187497,3.5386300537109374,8.614337573242187,9.552424176772359
3.8995274807261873,-2.389413256835937,3.835511059570312,7.881711865234375,9.085253035915171
3.902014424272569,-2.6240450195312497,4.031835595703125,7.364564306640625,8.796483272419191
3.90450136781895,-2.7150246826171873,4.218583325195312,6.957550024414062,8.577604947831336
3.906988311365332,-2.7820623291015623,4.3239281982421875,6.756437084960937,8.490327905893588
3.909475254911713,-2.73896669921875,4.347870214843749,6.766013891601562,8.496167251525831
3.911962198458095,-2.6527754394531247,4.276044165039062,6.986280444335937,8.609871409053742
3.9144491420044765,-2.408566870117187,4.1563340820312495,7.3932947265625,8.816865332026884
3.9169360855508577,-2.1164742675781247,4.065354418945312,7.905653881835937,9.138158084447115
3.9194230290972394,-1.7956512451171873,3.88818349609375,8.59997236328125,9.607385645563939
3.9219099726436206,-1.426944189453125,3.754108203125,9.323021264648437,10.15126709439129
3.9243969161900023,-1.0917559570312498,3.5386300537109374,10.041281762695311,10.702391002228284
3.9268838597363835,-0.6703764648437499,3.35188232421875,10.749965454101561,11.280349151706407
3.9293708032827652,-0.296881005859375,3.1268273681640624,11.334150659179686,11.761299200637792
3.931857746829147,0.062249243164062495,2.906560815429687,11.745953344726562,12.100388039999332
3.934344690375528,0.4261678955078125,2.7150246826171873,12.081141577148436,12.389792569267927
3.93683163392191,0.7422025146484375,2.5761609863281247,12.148179223632813,12.44048746833232
3.939318577468291,1.0007762939453124,2.375048046875,12.023680737304687,12.296800595606951
3.9418055210146727,1.120486376953125,2.2457611572265623,11.645396875,11.91277470921468
3.9442924645610544,1.2401964599609374,2.0829554443359375,11.18571015625,11.445387819642582
3.9467794081074357,1.2593500732421874,1.89620771484375,10.548852514648438,10.791656762546367
3.9492663516538173,1.2306196533203124,1.7812860351562498,9.849745629882811,10.084884413991883
3.9517532952001986,1.120486376953125,1.656787548828125,9.141061938476563,9.357320560179305
3.9542402387465803,0.9576806640625,1.5466542724609373,8.475473876953124,8.668503280945083
3.956727182292962,0.6943184814453125,1.446097802734375,7.848193041992187,8.010456356108826
3.959214125839343,0.469263525390625,1.4221557861328125,7.388506323242187,7.538750627582985
3.961701069385725,0.1867477294921875,1.3551181396484375,7.115567333984375,7.2458621551434605
3.964188012932106,-0.1005564697265625,1.3646949462890625,6.9910688476562495,7.1237312928479035
3.966674956478488,-0.3399766357421875,1.4030021728515625,7.096413720703125,7.2417599314849115
3.969161900024869,-0.6416460449218749,1.4987702392578124,7.41244833984375,7.589625304842207
3.9716488435712507,-0.9193734375,1.5466542724609373,7.809885815429687,8.014468379509152
3.9741357871176324,-1.1252747802734375,1.675941162109375,8.394071020507813,8.633391593533855
3.9766227306640136,-1.3215993164062498,1.8243816650390623,9.069235888671875,9.34483990324233
3.9791096742103953,-1.4221557861328125,2.0542250244140625,9.792284790039062,10.105998661200701
3.9815966177567765,-1.5801730957031248,2.2601263671875,10.40041201171875,10.759818224372744
3.984083561303158,-1.6424223388671875,2.4660277099609376,10.970232006835937,11.36331087708652
3.98657050484954,-1.6519991455078125,2.6958710693359373,11.3772462890625,11.8084103553877
3.989057448395921,-1.618480322265625,3.0262708984374997,11.726799731445311,12.218658929920116
3.991544391942303,-1.608903515625,3.2130186279296873,11.832144604492187,12.365747254720487
3.994031335488684,-1.5131354492187499,3.4524387939453125,11.769895361328125,12.358776206818954
3.9965182790350657,-1.465251416015625,3.6439749267578123,11.549628808593749,12.199157372346422
3.999005222581447,-1.3359645263671873,3.7397429931640622,11.080365283203124,11.770512889413284
4.001492166127829,-1.2210428466796874,3.859453076171875,10.572794531249999,11.3212326131314
4.00397910967421,-1.120486376953125,3.902548706054687,9.888052856445311,10.689198539456687
4.006466053220592,-0.9528922607421875,3.9312791259765625,9.251195214843749,10.096909038417119
4.008952996766973,-0.8858546142578124,3.81156904296875,8.576030346679687,9.426616226095687
4.0114399403133545,-0.679953271484375,3.7205893798828122,7.982268334960937,8.832990974546455
4.013926883859736,-0.5458779785156249,3.5817256835937497,7.52737001953125,8.353923691947474
4.016413827406118,-0.4261678955078125,3.385401147460937,7.249642626953125,8.01248265039789
4.0189007709524995,-0.239420166015625,3.1747114013671873,7.058106494140625,7.742931084576164
4.02138771449888,-0.086191259765625,2.935291235351562,7.153874560546875,7.73312904312552
4.023874658045262,0.01915361328125,2.6910826660156246,7.369352709960937,7.845358636801768
4.026361601591644,0.22026655273437498,2.480392919921875,7.785943798828124,8.174459445734756
4.028848545138025,0.3399766357421875,2.2170307373046874,8.360552197265624,8.656190989471488
4.031335488684407,0.45968671875,2.0159177978515626,9.026140258789061,9.259937603376304
4.033822432230788,0.565031591796875,1.8722656982421875,9.706093530273437,9.901156051843577
4.0363093757771695,0.6368576416015624,1.6998831787109374,10.338162768554687,10.496323161281813
4.038796319323551,0.7134720947265625,1.5801730957031248,10.960655200195312,11.096934345120099
4.041283262869933,0.7134720947265625,1.5753846923828123,11.511321582031249,11.640507030361093
4.043770206416314,0.6703764648437499,1.5035586425781249,11.870451831054687,11.984061075848928
4.046257149962695,0.6081272216796875,1.5370774658203123,12.038045947265624,12.151007204432016
4.048744093509077,0.5410895751953124,1.6232687255859375,12.018892333984374,12.14008040417191
4.051231037055459,0.32561142578124996,1.637633935546875,11.774683764648437,11.892478524888306
4.05371798060184,0.1388636962890625,1.695094775390625,11.382034692382812,11.508403154317698
4.056204924148221,-0.05746083984375,1.8770541015625,10.778695874023438,10.941065697316603
4.058691867694603,-7.115567333984375,7.1778165771484375,9.528922607421874,13.890742073693835
4.061178811240985,-7.570465649414062,7.52737001953125,8.781931689453124,13.82373226585777
4.063665754787366,-7.809885815429687,7.637503295898437,8.092401611328125,13.594584836762591
4.066152698333748,-7.75721337890625,7.6470801025390625,7.503428002929687,13.227003640117452
4.068639641880129,-7.560888842773437,7.50821640625,6.9910688476562495,12.744229962164335
4.07112658542651,-7.192181787109375,7.220912207031249,6.694187841796874,12.193490182131686
4.073613528972892,-6.698976245117187,6.7277066650390625,6.5601125488281244,11.540077831485696
4.076100472519274,-6.0142345703124995,6.1818286865234375,6.612784985351562,10.868070143257132
4.0785874160656554,-5.291185668945312,5.717353564453124,6.766013891601562,10.318125873702181
4.081074359612036,-4.467580297851562,5.090072729492187,7.240065820312499,9.913963243412232
4.083561303158418,-3.5529952636718747,4.548983154296875,7.829039428710937,9.726812502462561
4.0860482467048,-2.6192566162109374,3.9456443359374997,8.532934716796875,9.75907727853396
4.088535190251181,-1.7717092285156248,3.3327287109375,9.361328491210937,10.093587339071883
4.091022133797563,-0.842758984375,2.858676782226562,10.050858569335936,10.483417078022777
4.093509077343944,-0.047884033203124995,2.446874096679687,10.812214697265624,11.085732830327665
4.095996020890325,0.7278373046875,2.1356278808593747,11.396399902343749,11.6175980444212
4.098482964436707,1.3934253662109375,1.7860744384765623,11.822567797851562,12.037641192765973
4.100969907983089,1.924938134765625,1.4939818359375,12.167332836914062,12.408922471876167
4.1034568515294705,2.4133552734375,1.3215993164062498,12.220005273437499,12.525950555219126
4.105943795075851,2.7820623291015623,1.216254443359375,12.100295190429687,12.475427422318374
4.108430738622233,2.978386865234375,1.0965443603515623,11.784260571289062,12.204179409745558
4.110917682168615,3.0933085449218747,1.0486603271484374,11.286266625976562,11.749385540889111
4.113404625714996,3.0885201416015624,1.0678139404296874,10.702081420898438,11.189894102090244
4.115891569261377,2.940079638671875,1.0103531005859374,10.050858569335936,10.520676767698463
4.118378512807759,2.7533319091796873,1.0821791503906248,9.3086560546875,9.767447254022798
4.1208654563541405,2.446874096679687,1.1156979736328125,8.59997236328125,9.010632578380482
4.123352399900522,2.0973206542968748,1.1731588134765625,7.991845141601562,8.345336679602477
4.125839343446904,1.70467158203125,1.2210428466796874,7.551312036132812,7.837037980197419
4.128326286993285,1.2737152832031249,1.3742717529296875,7.259219433593749,7.497148808622569
4.130813230539666,0.8283937744140625,1.43652099609375,7.163451367187499,7.352881360920127
4.133300174086048,0.38786066894531246,1.465251416015625,7.1586629638671875,7.317366537279258
4.13578711763243,0.0143652099609375,1.62805712890625,7.4699091796875,7.645280866457377
4.138274061178811,-0.4213794921875,1.6615759521484375,7.876923461914062,8.061285167145893
4.140761004725192,-0.8044517578125,1.8435352783203125,8.44674345703125,8.682928076516552
4.143247948271574,-1.0965443603515623,1.9536685546875,9.069235888671875,9.341855809215184
4.1457348918179555,-1.37906015625,2.1164742675781247,9.6917283203125,10.015531342601049
4.148221835364337,-1.5801730957031248,2.327164013671875,10.366893188476562,10.741746307756255
4.150708778910719,-1.7908628417968748,2.446874096679687,10.946289990234375,11.358505496474264
4.1531957224571,-1.9105729248046874,2.7150246826171873,11.3772462890625,11.85172481330054
4.155682666003481,-2.020706201171875,2.868253588867187,11.669338891601562,12.185384785411937
4.158169609549863,-2.0781670410156248,2.9831752685546875,11.741164941406248,12.291178426602844
4.160656553096245,-2.068590234375,3.2417490478515623,11.726799731445311,12.341224995454217
4.163143496642626,-2.0925322509765625,3.342305517578125,11.401188305664062,12.063863070153822
4.165630440189007,-2.0733786376953125,3.4428619873046875,11.003750830078124,11.714722786704082
4.168117383735389,-2.0350714111328125,3.6008792968749996,10.457872851562499,11.246108301920316
4.1706043272817706,-1.9105729248046874,3.6200329101562496,9.80665,10.62663217553478
4.173091270828152,-1.8914193115234375,3.7301661865234372,9.188945971679686,10.095956361907223
4.175578214374533,-1.7094599853515624,3.69664736328125,8.504204296874999,9.429154039093834
4.178065157920915,-1.6807295654296874,3.6056677001953124,7.867346655273437,8.815942084121433
4.180552101467296,-1.4987702392578124,3.5817256835937497,7.431601953125,8.384734861180247
4.183039045013678,-1.3120225097656248,3.4955344238281247,7.1203557373046875,8.03987747419492
4.18552598856006,-1.0917559570312498,3.399766357421875,7.005434057617187,7.862979631818566
4.1880129321064405,-0.9050082275390624,3.1842882080078123,7.024587670898437,7.765536892559929
4.190499875652822,-0.6655880615234374,3.0645781249999997,7.316680273437499,7.960430690332055
4.192986819199204,-0.430956298828125,2.8730419921875,7.75721337890625,8.283384153005006
4.195473762745586,-0.19153613281249998,2.710236279296875,8.317456567382813,8.749980030268025
4.197960706291967,0.01915361328125,2.5857377929687497,8.98304462890625,9.347807101123239
4.200447649838348,0.2825157958984375,2.4851813232421875,9.648632690429688,9.96755005902415
4.20293459338473,0.5027823486328125,2.288856787109375,10.352527978515624,10.614447278494636
4.205421536931111,0.689530078125,2.1978771240234374,10.941501586914061,11.181349317385068
4.207908480477493,0.8810662109374999,2.1404162841796874,11.540052001953125,11.769896335372698
4.210395424023875,0.9624690673828125,2.0829554443359375,11.8369330078125,12.05728133204988
4.212882367570256,1.0869675537109373,2.0542250244140625,12.066776367187499,12.288548767428319
4.215369311116637,1.0965443603515623,1.9823989746093749,12.028469140624999,12.239950371456537
4.217856254663019,1.0726023437499999,1.9919757812499999,11.875240234375,12.088828476118906
4.220343198209401,0.967257470703125,1.9823989746093749,11.463437548828125,11.673726617710638
4.222830141755782,0.86191259765625,1.9919757812499999,10.912771166992187,11.126519463975296
4.225317085302163,0.7230489013671875,1.9393033447265624,10.280701928710936,10.48696950141635
4.227804028848545,0.49320554199218747,1.9297265380859374,9.581595043945311,9.78642221675533
4.2302909723949265,0.229843359375,1.905784521484375,8.892064965820312,9.096903977098318
4.232777915941308,-0.05746083984375,1.9536685546875,8.173804467773436,8.404237148431932
4.23526485948769,-0.3016694091796875,1.915361328125,7.685387329101562,7.926209172613755
4.237751803034071,-0.6272808349609375,1.9393033447265624,7.220912207031249,7.5030628286340395
4.240238746580452,-0.9097966308593749,1.9297265380859374,7.015010864257812,7.332254213198786
4.242725690126834,-1.2018892333984375,1.9871873779296874,7.0102224609374995,7.384894742391036
4.245212633673216,-1.43652099609375,1.9871873779296874,7.082048510742187,7.494525825943017
4.2476995772195965,-1.5705962890624998,2.1260510742187497,7.455543969726562,7.910246630663907
4.250186520765978,-1.7381904052734374,2.1883003173828124,7.9104422851562495,8.389580520552286
4.25267346431236,-1.8195932617187498,2.288856787109375,8.518569506835936,9.006431672576214
4.2551604078587415,-1.848323681640625,2.39420166015625,9.184157568359375,9.669397719716635
4.257647351405123,-1.8148048583984373,2.5953145996093747,9.9215716796875,10.414737593438884
4.260134294951504,-1.8243816650390623,2.729389892578125,10.539275708007812,11.038762163161316
4.262621238497886,-1.7286135986328124,2.877830395507812,11.113884106445312,11.609842061379846
4.265108182044267,-1.5849614990234373,3.0837317382812497,11.559205615234374,12.068004758133617
4.267595125590649,-1.5083470458984374,3.208230224609375,11.789048974609374,12.310545386403723
4.270082069137031,-1.2832920898437499,3.366247534179687,11.860875024414062,12.395919384781253
4.2725690126834115,-1.139639990234375,3.4907460205078125,11.755530151367187,12.31570445515544
4.275055956229793,-0.97683427734375,3.6008792968749996,11.420341918945311,12.014355848803387
4.277542899776175,-0.7948749511718749,3.6487633300781246,10.984597216796875,11.602011723928955
4.2800298433225565,-0.63206923828125,3.6822821533203123,10.405200415039062,11.055627935842079
4.282516786868938,-0.43574470214843747,3.6343981201171873,9.734823950195311,10.400265404414352
4.285003730415319,-0.0383072265625,2.6336218261718747,22.81195341796875,22.96350692099253
4.287490673961701,0.51714755859375,2.96881005859375,19.014749584960935,19.252064215042992
4.289977617508082,0.9959878906249999,3.318363500976562,14.580688110351561,14.98666053442969
4.292464561054464,1.37906015625,3.5338416503906247,9.988609326171874,10.684669391023736
4.294951504600846,1.637633935546875,3.77326181640625,5.5832782714843745,6.934864519140492
4.2974384481472265,1.7717092285156248,3.8690298828125,1.7764976318359373,4.61132189945814
4.299925391693608,1.7190367919921874,3.840299462890625,-1.2976572998046874,4.403055975642054
4.30241233523999,-5.147533569335937,8.777143286132812,-3.9935283691406247,10.930856094006437
4.304899278786372,-5.65031591796875,8.79150849609375,-4.908113403320312,11.545833395194656
4.307386222332752,-5.913678100585937,8.508992700195313,-4.668693237304687,11.36535269991131
4.309873165879134,-6.062118603515625,8.087613208007811,-3.323151904296875,10.639647923896005
4.312360109425516,-5.999869360351562,7.4603323730468745,-1.1156979736328125,9.638452854373726
4.314847052971897,-5.832275244140624,6.545747338867187,1.8435352783203125,8.958842842137258
4.317333996518279,-5.463568188476562,5.7700260009765625,5.329492895507812,9.568033858915157
4.31982094006466,-4.955997436523437,4.821922143554687,8.877699755859375,11.252839495190337
4.322307883611042,-4.3813890380859375,3.9887399658203124,12.243947290039062,13.602237376962908
4.324794827157423,-3.6583401367187496,3.1411925781249996,15.241487768554686,15.986040559431752
4.327281770703805,-2.868253588867187,2.480392919921875,17.7362458984375,18.137079319920534
4.329768714250187,-2.1021090576171875,1.8339584716796873,19.364303027343748,19.56421472742405
4.332255657796567,-1.3742717529296875,1.3551181396484375,20.01552587890625,20.108362544783958
4.334742601342949,-0.622492431640625,1.0342951171875,19.93891142578125,19.975421198614008
4.337229544889331,0.105344873046875,0.86191259765625,18.990807568359372,19.01064867296041
4.3397164884357124,0.6607996582031249,0.718260498046875,17.266982373046876,17.294543492166756
4.342203431982094,1.0965443603515623,0.70868369140625,15.040374829101562,15.096937342009333
4.344690375528475,1.455674609375,0.7757213378906249,12.454637036132812,12.563387913467011
4.347177319074857,1.7094599853515624,0.9433154541015625,9.811438403320311,10.003820321737772
4.349664262621238,1.7764976318359373,1.1875240234375,7.240065820312499,7.548821777245585
4.35215120616762,1.7812860351562498,1.4030021728515625,4.975151049804687,5.467496959710317
4.354638149714002,1.6136919189453125,1.5849614990234373,3.1651345947265623,3.890267544191647
4.357125093260382,1.426944189453125,1.7860744384765623,1.9536685546875,3.0071668462471695
4.359612036806764,1.1444283935546875,1.9632453613281249,1.43652099609375,2.688427285415907
4.362098980353146,0.7996633544921875,2.1452046874999997,1.5562310791015623,2.768252120626169
4.3645859238995275,0.4836287353515625,2.2553379638671873,2.3511060302734372,3.293652326901925
4.367072867445909,0.16759411621093748,2.398990063476562,3.7110125732421873,4.422087225644628
4.36955981099229,-0.11013327636718749,2.4899697265625,5.463568188476562,6.005219057444463
4.372046754538672,-0.39743747558593745,2.499546533203125,7.48906279296875,7.9051724165685835
4.374533698085053,-0.584185205078125,2.6527754394531247,9.572018237304688,9.949976031191806
4.377020641631435,-0.6943184814453125,2.7054478759765623,11.573570825195311,11.905841759788121
4.379507585177816,-0.7852981445312499,2.7437551025390623,13.326126440429686,13.628298908698493
4.3819945287241975,-0.7996633544921875,2.825157958984375,14.714763403320312,15.004840585271982
4.384481472270579,-0.7517793212890624,2.887407202148437,15.643713647460936,15.925704668324478
4.386968415816961,-0.699106884765625,2.9927520751953125,16.002843896484375,16.295285459149213
4.3894553593633425,-0.565031591796875,3.0550013183593747,15.806519360351562,16.108952419200783
4.391942302909723,-0.4740519287109375,3.0358477050781247,15.126566088867186,15.4354817922995
4.394429246456105,-0.3495534423828125,3.0502129150390624,13.977349291992187,14.310565316104997
4.396916190002487,-0.201112939453125,3.0980969482421874,12.574347119140624,12.951944123866623
4.399403133548868,-0.2059013427734375,3.0166940917968748,10.931924780273437,11.342390312804197
4.40189007709525,-0.0909796630859375,3.0262708984374997,9.246406811523437,9.729472327624554
4.404377020641631,-0.12449848632812499,2.896984008789062,7.685387329101562,8.21420687702668
4.4068639641880125,-0.13407529296874998,2.7629087158203123,6.2584431396484375,6.842495983802482
4.409350907734394,-0.181959326171875,2.6240450195312497,5.1714755859374995,5.801972181668512
4.411837851280776,-0.26336218261718747,2.4756045166015626,4.477157104492187,5.122783725686242
4.414324794827158,-0.40222587890625,2.2457611572265623,4.189852905273438,4.770754259108067
4.416811738373538,-0.5315127685546874,2.1356278808593747,4.395754248046875,4.9158994780063106
4.41929868191992,-0.6607996582031249,1.9823989746093749,4.99909306640625,5.418255565161606
4.421785625466302,-0.8044517578125,1.8531120849609375,5.95677373046875,6.290017512382495
4.424272569012683,-0.93852705078125,1.7956512451171873,7.163451367187499,7.444476604113919
4.426759512559065,-0.9959878906249999,1.7477672119140624,8.480262280273436,8.715591227653
4.429246456105446,-1.1061211669921875,1.6711527587890624,9.883264453125,10.084402403200729
4.4317333996518276,-1.139639990234375,1.7812860351562498,11.180921752929686,11.379137510880177
4.434220343198209,-1.254561669921875,1.8243816650390623,12.263100903320312,12.461377821428227
4.436707286744591,-1.22583125,2.0350714111328125,13.196839550781249,13.40898027558214
4.439194230290972,-1.2306196533203124,2.1739351074218747,13.718775512695311,13.944361589909667
4.441681173837353,-1.197100830078125,2.408566870117187,13.852850805664062,14.111545635017706
4.444168117383735,-1.158793603515625,2.5474305664062498,13.589488623046874,13.874667784928402
4.446655060930117,-1.1156979736328125,2.7581203125,13.034033837890624,13.369294959490992
4.449142004476498,-1.005564697265625,3.0214824951171875,12.234370483398436,12.642006879990905
4.451628948022879,-1.024718310546875,3.1555577880859373,11.133037719726563,11.616889490684427
4.454115891569261,-0.9241618408203125,3.327940307617187,10.041281762695311,10.618691126354934
4.456602835115643,-0.852335791015625,3.42849677734375,8.86812294921875,9.545924318543646
4.459089778662024,-0.7805097412109374,3.5434184570312497,7.79552060546875,8.598555188404779
4.461576722208406,-0.6655880615234374,3.5434184570312497,6.871358764648437,7.759793367209152
4.464063665754787,-0.5889736083984375,3.5146880371093747,6.2201359130859375,7.168682772089379
4.466550609301168,-0.469263525390625,3.4572271972656248,5.8083332275390624,6.7756448425156925
4.46903755284755,-0.40222587890625,3.284844677734375,5.717353564453124,6.606067059564761
4.471524496393932,-0.2825157958984375,3.2130186279296873,5.971138940429687,6.786590021820315
4.4740114399403135,-0.1580173095703125,3.0310593017578125,6.5218053222656245,7.193485568375642
4.476498383486694,-0.09576806640624999,2.85388837890625,7.268796240234375,7.809561395100541
4.478985327033076,0.0909796630859375,2.6862942626953124,8.212111694335936,8.640788890207538
4.481472270579458,0.15322890625,2.528276953125,9.260772021484375,9.60091463785203
4.483959214125839,0.26336218261718747,2.3319524169921872,10.314220751953124,10.57783113092514
4.486446157672221,0.39743747558593745,2.1883003173828124,11.247959399414063,11.465740511494449
4.488933101218602,0.44532150878906246,2.0733786376953125,12.038045947265624,12.223410344495507
4.4914200447649835,0.507570751953125,1.9632453613281249,12.588712329101561,12.75098578627897
4.493906988311365,0.488417138671875,1.8914193115234375,12.866439721679686,13.013888328434705
4.496393931857747,0.5410895751953124,1.838746875,12.943054174804686,13.084204957529378
4.4988808754041285,0.4261678955078125,1.8052280517578123,12.708422412109375,12.843070800965739
4.501367818950509,0.3399766357421875,1.8339584716796873,12.138602416992187,12.281069026208787
4.503854762496891,0.2537853759765625,1.8243816650390623,11.463437548828125,11.610476989024733
4.506341706043273,0.0430956298828125,1.8531120849609375,10.568006127929687,10.729335261455049
4.508828649589654,-0.1197100830078125,1.9536685546875,9.667786303710937,9.863936503230809
4.511315593136035,-0.373495458984375,1.9393033447265624,8.686163623046875,8.907852423962376
4.513802536682417,-0.5506663818359374,2.0063409912109376,7.819462622070312,8.091516133275166
4.5162894802287985,-0.833182177734375,2.0159177978515626,7.105990527343749,7.433250869147899
4.51877642377518,-1.0390835205078124,2.1212626708984375,6.617573388671874,7.026501792214689
4.521263367321562,-1.2689268798828124,2.2026655273437497,6.349422802734375,6.839377221627777
4.523750310867943,-1.4317325927734375,2.2744915771484373,6.349422802734375,6.894805296715214
4.526237254414324,-1.6232687255859375,2.3415292236328122,6.584054565429687,7.174087745570678
4.528724197960706,-1.7381904052734374,2.446874096679687,7.091625317382812,7.700626492184356
4.531211141507088,-1.7429788085937499,2.5617957763671875,7.723694555664062,8.322032823548243
4.533698085053469,-8.647856396484375,7.920019091796875,7.881711865234375,14.129172112874096
4.53618502859985,-8.75320126953125,8.2360537109375,8.734047656249999,14.857143118918149
4.538671972146232,-8.619125976562499,8.336610180664062,9.595960253906249,15.358087612028868
4.5411589156926135,-8.2743609375,8.336610180664062,10.381258398437499,15.67592562381905
4.543645859238995,-7.6470801025390625,8.17859287109375,11.089942089843749,15.759252234856904
4.546132802785377,-6.823474731445312,7.857769848632812,11.583147631835937,15.571565864281668
4.548619746331758,-5.908889697265625,7.4603323730468745,11.927912670898436,15.259313131834032
4.551106689878139,-4.932055419921875,6.976703637695312,11.994950317382811,14.726791824083538
4.553593633424521,-3.902548706054687,6.325480786132812,11.832144604492187,13.972875134362221
4.556080576970903,-2.844311572265625,5.659892724609374,11.3772462890625,13.021759754203604
4.558567520517284,-1.7860744384765623,4.984727856445312,10.893617553710937,12.112327485216056
4.561054464063665,-0.7948749511718749,4.280832568359375,10.299855541992187,11.182324349268088
4.563541407610047,0.1149216796875,3.5625720703124997,9.543287817382812,10.187220872938806
4.566028351156429,0.928950244140625,2.8203695556640622,8.834604125976561,9.320282348154894
4.56851529470281,1.608903515625,2.1452046874999997,8.169016064453125,8.597865847706377
4.571002238249191,2.1835119140624997,1.4939818359375,7.613561279296874,8.060150206948547
4.573489181795573,2.6431986328124997,0.9911994873046874,7.264007836914062,7.793252548896632
4.575976125341954,2.9831752685546875,0.49799394531249996,7.125144140624999,7.740478775706771
4.578463068888336,3.1651345947265623,0.0718260498046875,7.105990527343749,7.779353273818108
4.580950012434718,3.246537451171875,-0.16759411621093748,7.426813549804687,8.107135913083768
4.583436955981099,3.2225954345703123,-0.411802685546875,7.867346655273437,8.51174753978166
4.58592389952748,3.0837317382812497,-0.488417138671875,8.441955053710936,9.000808733880925
4.588410843073862,2.8730419921875,-0.5363011718749999,9.069235888671875,9.52853760239215
4.590897786620244,2.5522189697265625,-0.45489831542968745,9.86411083984375,10.199089998991864
4.593384730166625,2.1835119140624997,-0.296881005859375,10.568006127929687,10.795305281947906
4.595871673713006,1.7621324218749999,-0.047884033203124995,11.214440576171874,11.352139929958096
4.598358617259388,1.3263877197265623,0.26336218261718747,11.745953344726562,11.823539402343423
4.6008455608057695,0.86191259765625,0.63206923828125,12.018892333984374,12.066324120621339
4.603332504352151,0.36391865234375,1.0486603271484374,12.20085166015625,12.251241018786475
4.605819447898533,-0.09576806640624999,1.5035586425781249,12.138602416992187,12.231742670283051
4.608306391444914,-0.5985504150390625,1.8770541015625,11.808202587890625,11.971434461091238
4.610793334991295,-1.0821791503906248,2.31758720703125,11.362881079101562,11.647205183800077
4.613280278537677,-1.5370774658203123,2.7198130859375,10.735600244140624,11.180925854345055
4.615767222084059,-1.8722656982421875,3.1076737548828124,10.01733974609375,10.654112379746675
4.61825416563044,-2.2936451904296873,3.375824340820312,9.169792358398437,10.037035923807313
4.620741109176821,-2.5474305664062498,3.6918589599609373,8.451531860351562,9.568051831874776
4.623228052723203,-2.73896669921875,3.912125512695312,7.781155395507812,9.129788819877005
4.6257149962695845,-2.89219560546875,4.031835595703125,7.283161450195312,8.812771096578112
4.628201939815966,-2.9448680419921875,4.108450048828125,6.885723974609375,8.541943821108463
4.630688883362348,-2.93050283203125,4.1946413085937495,6.68461103515625,8.41824727883643
4.633175826908729,-2.81558115234375,4.141968872070312,6.713341455078124,8.375700379974397
4.63566277045511,-2.6527754394531247,4.084508032226562,6.957550024414062,8.492816125391691
4.638149714001492,-2.4133552734375,4.00310517578125,7.4220251464843745,8.771293633167323
4.640636657547874,-2.0733786376953125,3.907337109375,8.030152368164062,9.167853037515444
4.6431236010942545,-1.7621324218749999,3.744531396484375,8.695740429687499,9.630292190374185
4.645610544640636,-1.407790576171875,3.6152445068359373,9.452308154296874,10.217533782393525
4.648097488187018,-1.024718310546875,3.399766357421875,10.184933862304687,10.786164131912157
4.6505844317333995,-0.5363011718749999,3.2704794677734372,10.946289990234375,11.436997833626943
4.653071375279781,-0.1867477294921875,3.0837317382812497,11.477802758789062,11.886304401192971
4.655558318826162,0.1771709228515625,2.896984008789062,11.918335864257811,12.266647286701351
4.658045262372544,0.5602431884765625,2.7820623291015623,12.129025610351562,12.456604894183826
4.660532205918925,0.7948749511718749,2.6048914062499997,12.12423720703125,12.42635961489593
4.663019149465307,1.0295067138671874,2.4564509033203126,11.961431494140625,12.254382012298295
4.665506093011689,1.2018892333984375,2.3127988037109373,11.597512841796874,11.886794359769551
4.6679930365580695,1.2976572998046874,2.1212626708984375,11.042058056640624,11.318600439670343
4.670479980104451,1.3407529296874998,2.0302830078125,10.366893188476562,10.648574641310429
4.672966923650833,1.2785036865234374,1.8339584716796873,9.677363110351562,9.932237014987761
4.675453867197215,1.2210428466796874,1.7525556152343749,8.9255837890625,9.177605504350929
4.677940810743596,1.0199299072265624,1.6519991455078125,8.29351455078125,8.51773102395433
4.680427754289977,0.7900865478515624,1.5275006591796874,7.64229169921875,7.8333975663717075
4.682914697836359,0.55545478515625,1.4700398193359374,7.268796240234375,7.43672951443251
4.68540164138274,0.28730419921875,1.35990654296875,7.029376074218749,7.165473989995145
4.687888584929122,0.033518823242187495,1.3120225097656248,7.000645654296875,7.122609504575479
4.690375528475504,-0.2346317626953125,1.37906015625,7.216123803710937,7.350462688096947
4.692862472021885,-0.5219359619140624,1.3934253662109375,7.522581616210937,7.668330038026141
4.695349415568266,-0.7709329345703124,1.4604630126953124,8.015787158203125,8.18413914634095
4.697836359114648,-0.9816226806640624,1.5562310791015623,8.657433203124999,8.850795892196752
4.70032330266103,-1.2114660400390624,1.7621324218749999,9.318232861328125,9.560451050882815
4.70281024620741,-1.3311761230468748,1.9201497314453124,9.9981861328125,10.267557197703054
4.705297189753792,-1.4987702392578124,2.1452046874999997,10.639832177734375,10.956926765827575
4.707784133300174,-1.5801730957031248,2.3319524169921872,11.195286962890624,11.544236625648683
4.710271076846555,-1.6615759521484375,2.5953145996093747,11.635820068359374,12.036976413490985
4.712758020392937,-1.695094775390625,2.844311572265625,11.8369330078125,12.291315537773889
4.715244963939318,-1.675941162109375,3.0837317382812497,11.846509814453125,12.355483600267123
4.7177319074857,-1.6424223388671875,3.2513258544921873,11.698069311523437,12.252081315780831
4.720218851032081,-1.5945383056640625,3.4332851806640625,11.386823095703125,11.999572482086
4.722705794578463,-1.5610194824218748,3.6056677001953124,10.907982763671875,11.5940376643038
4.725192738124845,-1.446097802734375,3.77326181640625,10.256759912109374,11.024056761686076
4.727679681671225,-1.350329736328125,3.845087866210937,9.643844287109374,10.469566549275413
4.730166625217607,-1.24498486328125,3.83072265625,8.863334545898438,9.735662414618902
4.732653568763989,-1.1252747802734375,3.7397429931640622,8.245630517578125,9.12372421867599
4.7351405123103705,-0.928950244140625,3.725377783203125,7.71890615234375,8.621073040658137
4.737627455856752,-0.842758984375,3.6343981201171873,7.302315063476562,8.200176686360656
4.740114399403133,-0.6847416748046875,3.4428619873046875,7.048529687499999,7.874258097142279
4.742601342949515,-0.5123591552734374,3.2609026611328122,6.995857250976562,7.735503651696954
4.745088286495896,-0.354341845703125,2.987963671875,7.153874560546875,7.760889528662341
4.747575230042278,-0.13407529296874998,2.81558115234375,7.532158422851562,8.042318317285865
4.75006217358866,0.0526724365234375,2.6048914062499997,8.034940771484374,8.446804533383398
4.7525491171350405,0.2059013427734375,2.403778466796875,8.604760766601562,8.936579554328251
4.755036060681422,0.39264907226562495,2.1883003173828124,9.361328491210937,9.621709967223415
4.757523004227804,0.5363011718749999,2.04943662109375,10.060435375976562,10.281058766733867
4.7600099477741855,0.6607996582031249,1.8914193115234375,10.754753857421875,10.939783075272372
4.762496891320567,0.7661445312499999,1.7956512451171873,11.247959399414063,11.416125940428405
4.764983834866948,0.8188169677734375,1.7334020019531249,11.707646118164062,11.863562759780505
4.76747077841333,0.814028564453125,1.6998831787109374,12.033257543945313,12.179964385987619
4.769957721959711,0.7661445312499999,1.6424223388671875,12.081141577148436,12.216321475349233
4.772444665506093,0.699106884765625,1.618480322265625,11.942277880859374,12.071711973599719
4.774931609052474,0.5602431884765625,1.66636435546875,11.650185278320311,11.782082142584242
4.7774185525988555,0.37828386230468747,1.7334020019531249,11.161768139648437,11.30189582256562
4.779905496145237,0.2059013427734375,1.8004396484374998,10.572794531249999,10.726973594199416
4.782392439691619,-0.11013327636718749,1.867477294921875,9.883264453125,10.058753254554775
4.7848793832380005,-0.36391865234375,1.9393033447265624,9.117119921875,9.328194354656283
4.787366326784381,-0.6416460449218749,2.04943662109375,8.437166650390624,8.706186375061574
4.789853270330763,-0.8714894042968749,2.1260510742187497,7.876923461914062,8.205212378533577
4.792340213877145,-1.177947216796875,2.2457611572265623,7.37414111328125,7.798010001240825
4.794827157423526,-1.407790576171875,2.308010400390625,7.015010864257812,7.517922834156039
4.797314100969908,-1.618480322265625,2.3511060302734372,6.9336080078124995,7.498139644281825
4.799801044516289,-1.7860744384765623,2.518700146484375,7.038952880859375,7.686401627981605
4.8022879880626705,-1.9105729248046874,2.5713725830078125,7.235277416992187,7.912741949695955
4.804774931609052,-1.944091748046875,2.7198130859375,7.666233715820312,8.363493010270346
4.807261875155434,-1.9823989746093749,2.729389892578125,8.226476904296874,8.891253968770085
4.809748818701816,-1.9201497314453124,2.882618798828125,8.8872765625,9.538351578175792
4.812235762248196,-1.8148048583984373,3.0023288818359375,9.6151138671875,10.235131170031686
4.814722705794578,-1.656787548828125,3.1172505615234374,10.32379755859375,10.910682475266904
4.81720964934096,-1.5370774658203123,3.1651345947265623,10.912771166992187,11.466004477663676
4.819696592887341,-1.2737152832031249,3.27526787109375,11.396399902343749,11.925923904847995
4.822183536433723,-1.0486603271484374,3.347093920898437,11.789048974609374,12.29977243378058
4.824670479980104,-0.7948749511718749,3.4715924072265625,11.966219897460936,12.484958897181185
4.827157423526486,-0.5506663818359374,3.5482068603515624,11.923124267578125,12.452063993091288
4.829644367072867,-0.32561142578124996,3.4907460205078125,11.645396875,12.161685695517303
4.832131310619249,-0.11013327636718749,3.447650390625,11.252747802734374,11.769569051859264
4.83461825416563,0.062249243164062495,3.418919970703125,10.740388647460938,11.271594254268335
4.837105197712011,0.2154781494140625,3.318363500976562,10.122684619140625,10.654891414560474
4.839592141258393,0.3495534423828125,3.227383837890625,9.437942944335937,9.980629292118799
4.842079084804775,0.4213794921875,2.9544448486328125,8.719682446289061,9.216244734389965
4.8445660283511565,0.469263525390625,2.7820623291015623,8.116343627929687,8.59273605703695
4.847052971897537,0.4836287353515625,2.6048914062499997,7.637503295898437,8.083984944745527
4.849539915443919,0.51714755859375,2.379836450195312,7.307103466796875,7.702260979836544
4.852026858990301,0.45968671875,2.1404162841796874,7.105990527343749,7.435576314158562
4.854513802536682,0.411802685546875,1.9488801513671874,7.163451367187499,7.435237103568189
4.857000746083064,0.37828386230468747,1.7334020019531249,7.345410693359375,7.556642074028219
4.859487689629445,0.2920926025390625,1.5849614990234373,7.75721337890625,7.922864409273124
4.8619746331758265,0.2059013427734375,1.4317325927734375,8.279149340820313,8.404556346873468
4.864461576722208,0.1197100830078125,1.3551181396484375,8.911218579101561,9.014460174680613
4.86694852026859,0.01915361328125,1.350329736328125,9.605537060546874,9.700005127795201
4.8694354638149715,-0.0909796630859375,1.3263877197265623,10.223241088867187,10.309327817236147
4.871922407361352,-0.1771709228515625,1.3742717529296875,10.869675537109375,10.957639283570092
4.874409350907734,-0.33518823242187495,1.5275006591796874,11.3389390625,11.44627225248626
4.876896294454116,-0.469263525390625,1.6136919189453125,11.6837041015625,11.803946433223077
4.879383238000497,-0.6081272216796875,1.8148048583984373,11.851298217773437,12.004857551775208
4.881870181546879,-0.7661445312499999,2.0063409912109376,11.860875024414062,12.053743732158356
4.88435712509326,-0.8667010009765624,2.269703173828125,11.736376538085937,11.985209942513034
4.8868440686396415,-1.0390835205078124,2.442085693359375,11.3006318359375,11.608090152462877
4.889331012186023,-1.22583125,2.6288334228515624,10.740388647460938,11.125168570277298
4.891817955732405,-1.3168109130859373,2.85388837890625,10.151415039062499,10.626847940729304
4.8943048992787865,-1.4508862060546874,3.0166940917968748,9.4618849609375,10.036572175818653
4.896791842825167,-1.5849614990234373,3.1651345947265623,8.748412866210938,9.437420602781597
4.899278786371549,-1.637633935546875,3.327940307617187,8.130708837890625,8.936747607741344
4.901765729917931,-1.656787548828125,3.375824340820312,7.589619262695312,8.470150855486727
4.904252673464312,-1.714248388671875,3.385401147460937,7.225700610351562,8.161515654443658
4.906739617010693,-1.68551796875,3.447650390625,7.005434057617187,7.987701194622808
4.909226560557075,-1.6232687255859375,3.366247534179687,6.943184814453125,7.885076992933468
4.9117135041034565,-1.5514426757812498,3.380612744140625,7.091625317382812,8.007912745792511
4.914200447649838,-1.369483349609375,3.294421484375,7.455543969726562,8.265218293916682
4.91668739119622,-1.1635820068359375,3.2130186279296873,8.001421948242188,8.700584174862474
4.919174334742601,-0.9528922607421875,3.0980969482421874,8.604760766601562,9.195004959853769
4.921661278288982,-0.6751648681640625,3.0741549316406247,9.303867651367186,9.821824138982032
4.924148221835364,-0.44532150878906246,2.940079638671875,9.993397729492187,10.426426890730243
4.926635165381746,-0.181959326171875,2.85388837890625,10.654197387695312,11.031305908713197
4.929122108928127,0.105344873046875,2.786850732421875,11.295843432617186,11.635020988433086
4.931609052474508,0.33039982910156246,2.6479870361328124,11.726799731445311,12.026588515951794
4.93409599602089,0.5267243652343749,2.6144682128906247,11.975796704101562,12.269172314835133
4.936582939567272,0.70868369140625,2.4851813232421875,12.071564770507813,12.34508140080179
4.939069883113653,0.833182177734375,2.389413256835937,11.97100830078125,12.235543632818736
4.941556826660035,0.8810662109374999,2.3223756103515623,11.645396875,11.907349600976337
4.944043770206416,0.948103857421875,2.269703173828125,11.123460913085937,11.392183114166237
4.946530713752797,0.9145850341796874,2.1835119140624997,10.568006127929687,10.82990967568787
4.949017657299179,0.7709329345703124,2.0829554443359375,9.888052856445311,10.134427969281257
4.951504600845561,0.679953271484375,1.9536685546875,9.203311181640624,9.432926056059614
4.9539915443919424,0.469263525390625,1.9009961181640624,8.480262280273436,8.703381115392185
4.956478487938323,0.2442085693359375,1.867477294921875,7.934384301757812,8.15484908017105
4.958965431484705,0.028730419921875,1.7525556152343749,7.4411787597656245,7.644829491643715
4.961452375031087,-0.22026655273437498,1.7334020019531249,7.110778930664062,7.322320455661889
4.963939318577468,-0.507570751953125,1.695094775390625,7.019799267578125,7.2393753959084925
4.966426262123849,-0.699106884765625,1.66636435546875,7.082048510742187,7.3089624236282065
4.968913205670231,-0.9576806640625,1.6615759521484375,7.335833886718749,7.582377312730374
4.971400149216612,-1.1731588134765625,1.6615759521484375,7.7763669921875,8.037973615506521
4.973887092762994,-1.2880804931640624,1.7908628417968748,8.336610180664062,8.623538158978032
4.976374036309376,-1.47482822265625,1.9297265380859374,8.968679418945312,9.291726067741653
4.978860979855757,-1.5179238525390624,2.039859814453125,9.730035546875,10.056774464418442
4.981347923402138,-1.5610194824218748,2.2553379638671873,10.347739575195313,10.705094370056928
4.98383486694852,-1.5801730957031248,2.427720483398437,10.907982763671875,11.286047214612344
4.986321810494902,-1.618480322265625,2.6240450195312497,11.425130322265625,11.833794560445995
4.988808754041283,-1.5658078857421873,2.844311572265625,11.678915698242188,12.12183709434442
4.991295697587664,-1.484405029296875,3.0885201416015624,11.841721411132811,12.327561840646416
4.993782641134046,-1.43652099609375,3.2513258544921873,11.793837377929687,12.317845285656048
4.9962695846804275,-1.3551181396484375,3.4332851806640625,11.525686791992188,12.102282773562798
4.998756528226809,-1.197100830078125,3.5865140869140624,11.176133349609374,11.798393549176836
5.001243471773191,-1.0917559570312498,3.6822821533203123,10.635043774414061,11.307311307737033
5.003730415319572,-0.9624690673828125,3.73495458984375,9.993397729492187,10.711873350338085
5.006217358865953,-0.833182177734375,3.7205893798828122,9.318232861328125,10.06809026245426
5.008704302412335,-0.718260498046875,3.6535517333984373,8.652644799804687,9.41979832285492
5.011191245958717,-0.6177040283203125,3.5913024902343746,8.058882788085937,8.844467402567242
5.013678189505098,-0.4740519287109375,3.4811692138671875,7.570465649414062,8.34596995415449
5.016165133051479,-0.33039982910156246,3.2800562744140622,7.211335400390625,7.929141912421571
5.018652076597861,-0.2059013427734375,3.0933085449218747,7.101202124023437,7.748420788991623
5.0211390201442425,-0.0909796630859375,2.834734765625,7.110778930664062,7.655532345390109
5.023625963690624,0.062249243164062495,2.6288334228515624,7.37414111328125,7.828958889402907
5.026112907237006,0.1580173095703125,2.408566870117187,7.728482958984374,8.096642062315823
5.028599850783387,0.2825157958984375,2.2266075439453124,8.312668164062499,8.610345424865631
5.031086794329768,0.40222587890625,2.020706201171875,8.954314208984375,9.188295933541532
5.03357373787615,0.4740519287109375,1.8531120849609375,9.610325463867188,9.798831825886028
5.036060681422532,0.55545478515625,1.7669208251953124,10.280701928710936,10.446213254948542
5.0385476249689125,0.6081272216796875,1.6615759521484375,10.912771166992187,11.055280543959155
5.041034568515294,0.6177040283203125,1.5562310791015623,11.4538607421875,11.575592396918127
5.043521512061676,0.5698199951171875,1.5801730957031248,11.81777939453125,11.936563645246766
5.0460084556080576,0.5410895751953124,1.5801730957031248,12.023680737304687,12.139136024174078
5.048495399154439,0.40222587890625,1.6136919189453125,11.975796704101562,12.090719331987703
5.05098234270082,0.26815058593749996,1.6807295654296874,11.755530151367187,11.878099416512354
5.053469286247202,0.1149216796875,1.8148048583984373,11.420341918945311,11.564209147717289
5.055956229793583,-0.0909796630859375,1.8626888916015625,10.850521923828124,11.009619122633891
5.058443173339965,-0.33518823242187495,2.04943662109375,10.24718310546875,10.455491533736634
5.060930116886347,-0.5698199951171875,2.0829554443359375,9.562441430664062,9.803248661785776
5.0634170604327275,-0.8188169677734375,2.2266075439453124,8.810662109374999,9.12447309092663
5.065904003979109,-1.1109095703125,2.3319524169921872,8.183381274414062,8.58136651303033
5.068390947525491,-1.3215993164062498,2.446874096679687,7.618349682617187,8.11005977072678
5.070877891071873,-1.5370774658203123,2.518700146484375,7.206546997070312,7.787218835040925
5.073364834618254,-1.714248388671875,2.6144682128906247,6.943184814453125,7.614585145753647
5.075851778164635,-1.838746875,2.7437551025390623,6.9527616210937495,7.697407114917698
5.078338721711017,-1.9297265380859374,2.7629087158203123,7.019799267578125,7.786853718982999
5.080825665257398,-1.9393033447265624,2.844311572265625,7.3932947265625,8.155477465900365
5.08331260880378,-1.9488801513671874,2.916137622070312,7.9104422851562495,8.65315489414323
5.085799552350162,-1.8914193115234375,2.96881005859375,8.542511523437499,9.239361628601495
5.088286495896543,-1.7190367919921874,3.0693665283203124,9.193734375,9.843822943117807
5.090773439442924,-1.5466542724609373,3.1268273681640624,9.873687646484374,10.47181438763883
5.093260382989306,-1.369483349609375,3.246537451171875,10.582371337890624,11.153567734125609
5.095747326535688,-1.1156979736328125,3.27526787109375,11.180921752929686,11.704066508736338
5.098234270082068,-0.8762778076171874,3.2417490478515623,11.597512841796874,12.073901763763539
5.10072121362845,-0.5602431884765625,3.342305517578125,11.889605444335936,12.363154784481601
5.103208157174832,-0.32082302246093747,3.327940307617187,11.985373510742187,12.442961556430394
5.1056951007212135,-0.08140285644531249,3.289633081054687,11.903970654296874,12.350418194189537
5.108182044267595,0.13407529296874998,3.2417490478515623,11.559205615234374,12.005921352761606
5.110668987813976,0.3447650390625,3.23696064453125,11.161768139648437,11.626772774492279
5.113155931360358,0.488417138671875,3.1268273681640624,10.548852514648438,11.013350537754299
5.115642874906739,0.55545478515625,2.93050283203125,9.916783276367187,10.355624916794355
5.118129818453121,0.6177040283203125,2.844311572265625,9.251195214843749,9.698261673613224
5.120616761999503,0.63206923828125,2.6479870361328124,8.571241943359375,8.993193832955669
5.1231037055458835,0.5985504150390625,2.4133552734375,7.963114721679687,8.342286397972908
5.125590649092265,0.5889736083984375,2.1835119140624997,7.513004809570312,7.846008887254041
5.128077592638647,0.5410895751953124,2.0350714111328125,7.259219433593749,7.5584760608114845
5.1305645361850285,0.39264907226562495,1.8435352783203125,7.125144140624999,7.370242508971152
5.13305147973141,0.27293898925781246,1.6472107421875,7.187393383789062,7.378781916710221
5.135538423277791,0.0430956298828125,0.26815058593749996,22.840683837890623,22.842298486635087
5.138025366824173,0.38786066894531246,0.584185205078125,20.657171923828123,20.66907013251781
5.140512310370554,0.718260498046875,1.0199299072265624,17.726669091796875,17.770507934461985
5.142999253916936,0.8667010009765624,1.4891934326171874,14.398728784179687,14.50145710972551
5.145486197463318,1.01514150390625,1.9728221679687499,10.9175595703125,11.140720198923589
5.1479731410096985,0.9576806640625,2.389413256835937,7.493851196289062,7.923651539434676
5.15046008455608,0.8188169677734375,2.806004345703125,4.520252734375,5.383010904451446
5.152947028102462,0.5698199951171875,3.1028853515624997,2.0063409912109376,3.738715889819628
5.1554339716488435,0.2346317626953125,3.35188232421875,0.3016694091796875,3.3735992073615417
5.157920915195225,-0.1484405029296875,3.5003228271484375,-0.603338818359375,3.5550403945533073
5.160407858741606,-0.6368576416015624,3.5434184570312497,-0.689530078125,3.665631425271108
5.162894802287988,-1.1156979736328125,3.5529952636718747,0.028730419921875,3.7241620197128946
5.165381745834369,-1.5562310791015623,3.4524387939453125,1.4125789794921875,4.041852071860544
5.167868689380751,-1.9823989746093749,3.35188232421875,3.294421484375,5.1008071642293995
5.170355632927132,-2.3032219970703123,3.1124621582031247,5.516240625,6.739522452439446
5.1728425764735135,-2.5426421630859375,2.9735984619140625,7.867346655273437,8.786493064723954
5.175329520019895,-2.6719290527343746,2.767697119140625,10.20887587890625,10.909651640499764
5.177816463566277,-2.6479870361328124,2.6001030029296874,12.310984936523436,12.858177206613634
5.180303407112659,-2.5905261962890624,2.5043349365234375,14.006079711914062,14.462115624777807
5.182790350659039,-2.346317626953125,2.480392919921875,15.342044238281249,15.71737499880716
5.185277294205421,-2.039859814453125,2.4564509033203126,16.065093139648436,16.379328334477673
5.187764237751803,-1.695094775390625,2.499546533203125,16.227898852539063,16.50653750298478
5.190251181298184,-1.216254443359375,2.5905261962890624,15.835249780273436,16.091775428718275
5.192738124844566,-0.7709329345703124,2.6862942626953124,15.045163232421874,15.302530873865733
5.195225068390947,-0.33518823242187495,2.844311572265625,13.88636962890625,14.178636074809457
5.197712011937329,0.1149216796875,2.935291235351562,12.46900224609375,12.810353572087106
5.20019895548371,0.4836287353515625,3.0166940917968748,10.955866796875,11.373889276233
5.202685899030092,0.7948749511718749,3.1459809814453124,9.414000927734374,9.957531621390904
5.205172842576474,1.0678139404296874,3.1507693847656246,7.982268334960937,8.647784808763015
5.207659786122854,1.2114660400390624,3.1459809814453124,6.804321118164062,7.593657365254043
5.210146729669236,1.3168109130859373,3.0980969482421874,5.9950809570312495,6.875550258916627
5.212633673215618,1.2832920898437499,2.9831752685546875,5.439626171875,6.335274750199815
5.2151206167619995,1.2018892333984375,2.8203695556640622,5.233724829101562,6.0655500778272335
5.217607560308381,1.0486603271484374,2.6336218261718747,5.391742138671875,6.091513415806774
5.220094503854762,0.8667010009765624,2.4516625,5.88015927734375,6.42947064430127
5.222581447401144,0.5793968017578125,2.1978771240234374,6.545747338867187,6.929153824997651
5.225068390947525,0.2920926025390625,1.9536685546875,7.417236743164062,7.6757761701456495
5.227555334493907,-0.0,1.7764976318359373,8.384494213867187,8.570629326851735
5.230042278040288,-0.2154781494140625,1.5562310791015623,9.303867651367186,9.435583674505425
5.232529221586669,-0.5315127685546874,1.3934253662109375,10.20887587890625,10.31723251580823
5.235016165133051,-0.7517793212890624,1.2976572998046874,10.912771166992187,11.01533754175469
5.237503108679433,-0.9576806640625,1.2689268798828124,11.473014355468749,11.582632951173077
5.2399900522258145,-1.0917559570312498,1.197100830078125,11.789048974609374,11.89985954508814
5.242476995772195,-8.164227661132813,6.679822631835937,11.314997045898437,15.469447367126083
5.244963939318577,-8.355763793945313,6.8569935546875,11.238382592773437,15.592895577498949
5.247450882864959,-8.240842114257813,7.0102224609374995,11.018116040039061,15.441942195712423
5.24993782641134,-7.953537915039062,7.053318090820312,10.74517705078125,15.115121279992861
5.252424769957722,-7.3932947265625,6.909665991210937,10.347739575195313,14.473424105579756
5.254911713504103,-6.737283471679687,6.809109521484374,9.873687646484374,13.756622724843318
5.2573986570504845,-5.980715747070312,6.53138212890625,9.404424121093749,12.917859977970835
5.259885600596866,-5.118803149414062,6.138733056640625,8.968679418945312,12.013467432134524
5.262372544143248,-4.218583325195312,5.779602807617187,8.614337573242187,11.198529622731927
5.2648594876896295,-3.342305517578125,5.334281298828125,8.418013037109375,10.511351323250691
5.26734643123601,-2.408566870117187,4.836287353515624,8.245630517578125,9.858057230814648
5.269833374782392,-1.599326708984375,4.319139794921875,8.21690009765625,9.41967418252945
5.272320318328774,-0.8044517578125,3.758896606445312,8.212111694335936,9.067261152566564
5.274807261875155,-6.828263134765624,8.451531860351562,7.742848168945312,13.341861414041016
5.277294205421537,-6.430825659179687,8.202534887695313,7.8912886718749995,13.07323732460653
5.279781148967918,-5.899312890625,7.785943798828124,8.145074047851562,12.718688795036595
5.2822680925142995,-5.248090039062499,7.220912207031249,8.456320263671875,12.296071509288952
5.284755036060681,-4.458003491210937,6.617573388671874,8.710105639648438,11.81236694892021
5.287241979607063,-3.6200329101562496,5.894524487304687,9.0021982421875,11.352956900899986
5.289728923153444,-2.7916391357421872,5.0757075195312495,9.208099584960937,10.878655884556292
5.292215866699825,-1.8914193115234375,4.247313745117188,9.447519750976562,10.529613977091346
5.294702810246207,-0.9864110839843749,3.4668040039062498,9.6151138671875,10.268502885381539
5.297189753792589,-0.22505495605468748,2.748543505859375,9.80665,10.187027307283834
5.29967669733897,0.5889736083984375,2.068590234375,9.907206469726562,10.137982812321853
5.302163640885351,1.2689268798828124,1.4413093994140624,9.964667309570311,10.148011765944483
5.304650584431733,1.8914193115234375,0.9145850341796874,10.089165795898436,10.305590679523235
5.3071375279781146,2.370259643554687,0.4740519287109375,10.108319409179687,10.393314066599611
5.309624471524496,2.729389892578125,0.1197100830078125,10.122684619140625,10.48487689905168
