Time (s),Acceleration x (m/s^2),Acceleration y (m/s^2),Acceleration z (m/s^2),Absolute acceleration (m/s^2)
0.0,-0.105344873046875,2.901772412109375,3.825934252929687,4.8030358713731225
0.002486943546381497,0.22026655273437498,2.4947581298828125,-2.418143676757812,3.4813437523912607
0.004973887092762994,0.45968671875,2.1068974609374997,-7.345410693359375,7.65541553701811
0.007460830639144491,0.603338818359375,1.7764976318359373,-10.606313354492187,10.770972311696715
0.009947774185525988,0.6464344482421874,1.5131354492187499,-12.018892333984374,12.13100281590376
0.012434717731907486,0.5985504150390625,1.3311761230468748,-11.535263598632811,11.627235215641624
0.014921661278288981,0.44532150878906246,1.2306196533203124,-9.275137231445312,9.367011617344742
0.01740860482467048,0.22505495605468748,1.2401964599609374,-5.53539423828125,5.677087841996253
0.019895548371051976,-0.047884033203124995,1.3407529296874998,-0.7038952880859375,1.5150511132272062
0.022382491917433474,-0.3495534423828125,1.4987702392578124,4.75009609375,4.993186631703806
0.02486943546381497,-0.6416460449218749,1.7381904052734374,10.338162768554687,10.502886506150528
0.027356379010196465,-0.9193734375,2.020706201171875,15.552733984375,15.710379863573257
0.029843322556577963,-1.1348515869140625,2.3127988037109373,19.982007055664063,20.147395176632052
0.032330266102959464,-1.2928688964843749,2.6096798095703124,23.30994736328125,23.491180999918207
0.03481720964934096,-1.3838485595703125,2.89219560546875,25.301923144531248,25.504257430238656
0.03730415319572245,-1.388636962890625,3.1268273681640624,25.866954736328122,26.092234655856018
0.03979109674210395,-1.3120225097656248,3.303998291015625,24.990676928710936,25.242261014583676
0.04227804028848545,-1.16837041015625,3.42849677734375,22.845472241210935,23.13082967581415
0.04476498383486695,-0.9864110839843749,3.4811692138671875,19.680337646484375,20.010178305097984
0.04725192738124844,-0.7709329345703124,3.4668040039062498,15.80173095703125,16.195918276822262
0.04973887092762994,-0.5410895751953124,3.39018955078125,11.592724438476562,12.090385561472518
0.05222581447401144,-0.32561142578124996,3.2561142578125,7.4028715332031245,8.093874832096079
0.05471275802039293,-0.13407529296874998,3.0885201416015624,3.6104561035156246,4.753138555173457
0.05719970156677443,0.0143652099609375,2.882618798828125,0.5315127685546874,2.9312460356904864
0.059686645113155926,0.105344873046875,2.6575638427734374,-1.6328455322265625,3.120885716075843
0.062173588659537427,0.1388636962890625,2.437297290039062,-2.7629087158203123,3.6869181952051315
0.06466053220591893,0.1197100830078125,2.250549560546875,-2.7964275390625,3.5915610547056858
0.06714747575230041,-10.146626635742187,-4.9416322265625,-0.8810662109374999,11.320337398496992
0.06963441929868192,-7.694964135742187,-5.061342309570312,1.0103531005859374,9.265553000920596
0.07212136284506342,-5.272032055664062,-4.936843823242187,3.5673604736328124,8.05560734394817
0.0746083063914449,-2.935291235351562,-4.5968671875,6.555324145507812,8.527566899680329
0.0770952499378264,-0.737414111328125,-4.07971962890625,9.696516723632811,10.545630772683044
0.0795821934842079,1.2976572998046874,-3.394977954101562,12.727576025390624,13.236350753084107
0.0820691370305894,3.1316157714843746,-2.5761609863281247,15.3611978515625,15.887417102932028
0.0845560805769709,4.726154077148437,-1.6711527587890624,17.37232724609375,18.08112379940822
0.0870430241233524,6.076483813476562,-0.718260498046875,18.650830932617186,19.628883008351934
0.0895299676697339,7.168239770507812,0.258573779296875,19.115306054687498,20.41679326856209
0.09201691121611538,7.982268334960937,1.22583125,18.741810595703125,20.40771262121276
0.09450385476249688,8.504204296874999,2.1356278808593747,17.60217060546875,19.665167357348352
0.09699079830887838,8.772354882812499,2.978386865234375,15.844826586914062,18.354387161612987
0.09947774185525989,8.786720092773438,3.725377783203125,13.623007446289062,16.633436851654533
0.10196468540164137,8.556876733398436,4.357447021484375,11.142614526367186,14.709362408304024
0.10445162894802287,8.097190014648437,4.8698061767578125,8.643067993164061,12.805550463254907
0.10693857249440437,7.431601953125,5.257666845703125,6.315903979492187,11.079820004325992
0.10942551604078586,6.593631372070312,5.516240625,4.352658618164062,9.6358975892196
0.11191245958716736,5.616797094726562,5.655104321289063,2.906560815429687,8.483908902256216
0.11439940313354886,4.529829541015625,5.683834741210937,2.04943662109375,7.55152458116468
0.11688634667993036,3.3710359375,5.626373901367187,1.838746875,6.811824765818964
0.11937329022631185,2.1691467041015624,5.468356591796875,2.2840683837890623,6.310712291079968
0.12186023377269335,0.9624690673828125,5.238513232421875,3.299209887695312,6.26523371271929
0.12434717731907485,-0.181959326171875,4.965574243164062,4.754884497070313,6.8774241792429
0.12683412086545634,-1.2737152832031249,4.649539624023437,6.53138212890625,8.117852046682371
0.12932106441183785,-2.2553379638671873,4.309562988281249,8.451531860351562,9.751270341230507
0.13180800795821934,-3.1124621582031247,3.9839515624999997,10.352527978515624,11.521029740632624
0.13429495150460083,-3.83072265625,3.6487633300781246,12.08592998046875,13.193089607852409
0.13678189505098234,-4.386177441406249,3.323151904296875,13.488932153320311,14.56822507251352
0.13926883859736383,-4.774038110351563,3.0214824951171875,14.480131640624998,15.54332682141175
0.14175578214374532,-5.003881469726562,2.748543505859375,14.997279199218749,16.047171231902336
0.14424272569012683,-5.070919116210937,2.5139117431640625,15.021221215820312,16.052135675672005
0.14672966923650832,-4.979939453125,2.29843359375,14.57589970703125,15.573677992404464
0.1492166127828898,-4.764461303710937,2.1068974609374997,13.737929125976562,14.692508468461707
0.15170355632927132,-4.453215087890625,1.9488801513671874,12.603077539062499,13.508028054421244
0.1541904998756528,-4.036623999023437,1.8100164550781248,11.252747802734374,12.09110524266036
0.15667744342203432,-3.5338416503906247,1.6998831787109374,9.821015209960937,10.57496947445164
0.1591643869684158,-3.0071172851562498,1.6041151123046875,8.470685473632813,9.130632620657986
0.1616513305147973,-2.4516625,1.5370774658203123,7.287949853515625,7.841394596447577
0.1641382740611788,-1.9009961181640624,1.4891934326171874,6.349422802734375,6.793132800770808
0.1666252176075603,-1.3646949462890625,1.4604630126953124,5.741295581054687,6.079294322280839
0.1691121611539418,-0.86191259765625,1.455674609375,5.482721801757812,5.737780080296563
0.1715991047003233,-0.38786066894531246,1.4604630126953124,5.5832782714843745,5.784149407371435
0.1740860482467048,0.0143652099609375,1.4891934326171874,6.028599780273437,6.209824373500455
0.17657299179308628,0.3495534423828125,1.5418658691406248,6.746860278320312,6.929622037505284
0.1790599353394678,0.6512228515624999,1.6136919189453125,7.671022119140624,7.865918456481182
0.18154687888584928,0.8858546142578124,1.6998831787109374,8.695740429687499,8.904506883560032
0.18403382243223076,1.0630255371093749,1.8100164550781248,9.744400756835937,9.967925008246452
0.18652076597861228,1.1827356201171875,1.9297265380859374,10.726023437499999,10.962220889978747
0.18900770952499377,1.2497732666015624,2.059013427734375,11.549628808593749,11.798109811736838
0.19149465307137528,1.2689268798828124,2.1930887207031247,12.157756030273436,12.41897118343603
0.19398159661775677,1.2401964599609374,2.3415292236328122,12.516886279296875,12.79426779824764
0.19646854016413826,1.1731588134765625,2.4756045166015626,12.593500732421875,12.888024674936268
0.19895548371051977,1.0869675537109373,2.6192566162109374,12.378022583007812,12.698718311303567
0.20144242725690126,0.967257470703125,2.7581203125,11.923124267578125,12.27614381526082
0.20392937080328274,0.82360537109375,2.882618798828125,11.276689819335937,11.668399642974462
0.20641631434966426,0.6512228515624999,2.9831752685546875,10.524910498046875,10.958885293551111
0.20890325789604575,0.4644751220703125,3.0741549316406247,9.720458740234374,10.20556141539266
0.21139020144242723,0.27293898925781246,3.1364041748046874,8.911218579101561,9.450996952920585
0.21387714498880875,0.0718260498046875,3.1747114013671873,8.188169677734374,8.782372921640825
0.21636408853519024,-0.13407529296874998,3.1938650146484373,7.613561279296874,8.25742485703555
0.21885103208157172,-0.3399766357421875,3.1794998046874996,7.225700610351562,7.901617076984518
0.22133797562795324,-0.5458779785156249,3.1507693847656246,7.043741284179687,7.735607394501221
0.22382491917433472,-0.737414111328125,3.1076737548828124,7.067683300781249,7.755872805720541
0.22631186272071624,-0.9145850341796874,3.0454245117187497,7.297526660156249,7.960211780914755
0.22879880626709773,-1.0726023437499999,2.9544448486328125,7.694964135742187,8.312141312669645
0.2312857498134792,-1.20667763671875,2.858676782226562,8.226476904296874,8.792213948780377
0.23377269335986073,-1.3168109130859373,2.7581203125,8.834604125976561,9.348339355295645
0.23625963690624222,-1.39821376953125,2.6671406494140624,9.481038574218749,9.947800431999404
0.2387465804526237,-1.4508862060546874,2.5761609863281247,10.1131078125,10.53644275064632
0.24123352399900522,-1.455674609375,2.4947581298828125,10.639832177734375,11.024918841667146
0.2437204675453867,-1.4413093994140624,2.427720483398437,11.027692846679686,11.383374238382132
0.2462074110917682,-1.388636962890625,2.365471240234375,11.286266625976562,11.614800091078383
0.2486943546381497,-1.3120225097656248,2.3127988037109373,11.372457885742186,11.679179754398769
0.2511812981845312,-1.2210428466796874,2.2744915771484373,11.286266625976562,11.577740363325617
0.2536682417309127,-1.1109095703125,2.2649147705078123,11.066000073242186,11.349903815102241
0.2561551852772942,-0.9864110839843749,2.2553379638671873,10.735600244140624,11.014203046968948
0.2586421288236757,-0.8571241943359375,2.2649147705078123,10.309432348632813,10.590037589792454
0.26112907237005717,-0.7326257080078125,2.2840683837890623,9.849745629882811,10.137613021971902
0.2636160159164387,-0.603338818359375,2.3127988037109373,9.375693701171874,9.67557173578802
0.2661029594628202,-0.4836287353515625,2.3367408203125,8.930372192382812,9.243689842776892
0.26858990300920166,-0.38786066894531246,2.365471240234375,8.552088330078124,8.881672415280192
0.2710768465555832,-0.3016694091796875,2.403778466796875,8.269572534179687,8.617133238376335
0.2735637901019647,-0.22505495605468748,2.446874096679687,8.12113203125,8.484729108654061
0.27605073364834615,-0.16759411621093748,2.4851813232421875,8.087613208007811,8.462487896565802
0.27853767719472766,-0.143652099609375,2.5043349365234375,8.188169677734374,8.563787250474094
0.2810246207411092,-0.1197100830078125,2.518700146484375,8.389282617187499,8.760036744381754
0.28351156428749064,-0.105344873046875,2.528276953125,8.667010009765624,9.028861744614202
0.28599850783387215,-0.1149216796875,2.5426421630859375,9.0021982421875,9.355095368493485
0.28848545138025367,-0.143652099609375,2.5522189697265625,9.361328491210937,9.704067637620419
0.2909723949266351,-0.16280571289062498,2.5617957763671875,9.720458740234374,10.05368695656282
0.29345933847301664,-0.19632453613281248,2.5665841796874997,10.036493359375,10.36132697233749
0.29594628201939815,-0.239420166015625,2.5761609863281247,10.28549033203125,10.605905845974796
0.2984332255657796,-0.277727392578125,2.5809493896484375,10.47702646484375,10.79381840691936
0.30092016911216113,-0.32082302246093747,2.5713725830078125,10.568006127929687,10.881067865441548
0.30340711265854264,-0.354341845703125,2.5713725830078125,10.544064111328124,10.858858277372365
0.30589405620492416,-0.39264907226562495,2.5857377929687497,10.443507641601562,10.766014354817115
0.3083809997513056,-0.43574470214843747,2.5905261962890624,10.271125122070313,10.601731495012228
0.31086794329768713,-0.469263525390625,2.5857377929687497,10.036493359375,10.374846849136011
0.31335488684406865,-0.49320554199218747,2.5905261962890624,9.753977563476562,10.104165279186395
0.3158418303904501,-0.5219359619140624,2.5857377929687497,9.476250170898437,9.836552972651482
0.3183287739368316,-0.55545478515625,2.5761609863281247,9.2320416015625,9.600819109784997
0.32081571748321314,-0.5889736083984375,2.5713725830078125,9.011775048828124,9.38993804040875
0.3233026610295946,-0.612915625,2.5522189697265625,8.844180932617187,9.225455197532026
0.3257896045759761,-0.6416460449218749,2.5330653564453125,8.748412866210938,9.130326249629439
0.3282765481223576,-0.6655880615234374,2.5234885498046875,8.71489404296875,9.097273223818778
0.3307634916687391,-0.6703764648437499,2.5139117431640625,8.734047656249999,9.113327894829675
0.3332504352151206,-0.689530078125,2.499546533203125,8.82981572265625,9.202653437805552
0.3357373787615021,-0.699106884765625,2.4899697265625,8.98304462890625,9.347929743020423
0.3382243223078836,-0.699106884765625,2.480392919921875,9.165003955078124,9.520419999670336
0.3407112658542651,-0.7038952880859375,2.4660277099609376,9.361328491210937,9.70624707923935
0.3431982094006466,-0.689530078125,2.4516625,9.562441430664062,9.895776212982279
0.34568515294702806,-0.6751648681640625,2.446874096679687,9.749189160156249,10.07421112170641
0.3481720964934096,-0.6512228515624999,2.43250888671875,9.892841259765625,10.208305387148448
0.3506590400397911,-0.6272808349609375,2.4133552734375,10.002974536132811,10.309086501347211
0.35314598358617255,-0.612915625,2.408566870117187,10.060435375976562,10.362877008118735
0.35563292713255407,-0.5746083984375,2.398990063476562,10.065223779296874,10.363110433819443
0.3581198706789356,-0.5506663818359374,2.398990063476562,10.022128149414062,10.319953460748808
0.36060681422531704,-0.5315127685546874,2.398990063476562,9.935936889648437,10.23525774091071
0.36309375777169856,-0.5027823486328125,2.39420166015625,9.82580361328125,10.125779393526335
0.36558070131808007,-0.45968671875,2.39420166015625,9.696516723632811,9.998297357079398
0.36806764486446153,-0.430956298828125,2.408566870117187,9.5384994140625,9.84732901711913
0.37055458841084304,-0.411802685546875,2.43250888671875,9.380482104492186,9.699490989144094
0.37304153195722456,-0.39264907226562495,2.446874096679687,9.241618408203124,9.568117732437866
0.3755284755036061,-0.37828386230468747,2.4660277099609376,9.126696728515624,9.46155296561157
0.37801541904998753,-0.3687070556640625,2.4899697265625,9.045293872070312,9.388995439566841
0.38050236259636905,-0.3687070556640625,2.5139117431640625,9.016563452148437,9.367716564453346
0.38298930614275056,-0.3687070556640625,2.5330653564453125,9.016563452148437,9.372874771356908
0.385476249689132,-0.36391865234375,2.5570073730468748,9.054870678710937,9.416018611893184
0.38796319323551354,-0.3687070556640625,2.5761609863281247,9.145850341796875,9.508897349057964
0.39045013678189505,-0.38307226562499996,2.6001030029296874,9.236830004882812,9.603452948061882
0.3929370803282765,-0.411802685546875,2.6288334228515624,9.351751684570312,9.722942259768322
0.395424023874658,-0.430956298828125,2.6384102294921874,9.485826977539062,9.855346027329356
0.39791096742103954,-0.44053310546874996,2.6527754394531247,9.605537060546874,9.974849831988408
0.400397910967421,-0.45489831542968745,2.6575638427734374,9.696516723632811,10.064393405838638
0.4028848545138025,-0.4740519287109375,2.6575638427734374,9.773131176757811,10.13910567099716
0.40537179806018403,-0.488417138671875,2.6671406494140624,9.840168823242188,10.206914960702516
0.4078587416065655,-0.49799394531249996,2.6623522460937497,9.854534033203125,10.219978398382601
0.410345685152947,-0.507570751953125,2.6288334228515624,9.840168823242188,10.19790741786016
0.4128326286993285,-0.51714755859375,2.6240450195312497,9.80665,10.164813726005324
0.41531957224571,-0.5315127685546874,2.6144682128906247,9.744400756835937,10.103033998219393
0.4178065157920915,-0.5363011718749999,2.6048914062499997,9.662997900390625,10.022305453749812
0.420293459338473,-0.5363011718749999,2.6001030029296874,9.581595043945311,9.942591118966718
0.42278040288485447,-0.5219359619140624,2.5905261962890624,9.495403784179686,9.85626380260862
0.425267346431236,-0.5219359619140624,2.5761609863281247,9.399635717773437,9.760234331339612
0.4277542899776175,-0.51714755859375,2.5570073730468748,9.323021264648437,9.681139075762857
0.43024123352399896,-0.5315127685546874,2.5474305664062498,9.270348828125,9.628669467216959
0.43272817707038047,-0.5315127685546874,2.5378537597656248,9.227253198242186,9.584644443773794
0.435215120616762,-0.5363011718749999,2.528276953125,9.208099584960937,9.563937539801026
0.43770206416314344,-0.5410895751953124,2.528276953125,9.222464794921875,9.578038378168122
0.44018900770952496,-0.5458779785156249,2.5139117431640625,9.251195214843749,9.602205367674364
0.4426759512559065,-0.55545478515625,2.4947581298828125,9.318232861328125,9.662391619206122
0.445162894802288,-0.5506663818359374,2.4899697265625,9.399635717773437,9.739421663021073
0.44764983834866945,-0.5458779785156249,2.4947581298828125,9.5001921875,9.837451524326852
0.45013678189505096,-0.5506663818359374,2.480392919921875,9.576806640625,9.90811828417495
0.4526237254414325,-0.5458779785156249,2.47081611328125,9.629479077148437,9.956394042539602
0.45511066898781394,-0.55545478515625,2.461239306640625,9.672574707031249,9.996245815605299
0.45759761253419545,-0.5506663818359374,2.4660277099609376,9.706093530273437,10.02959509396044
0.46008455608057697,-0.5363011718749999,2.4516625,9.710881933593749,10.029930004195354
0.4625714996269584,-0.5410895751953124,2.437297290039062,9.6917283203125,10.008136382122505
0.46505844317333994,-0.5410895751953124,2.442085693359375,9.667786303710937,9.98612299525278
0.46754538671972146,-0.5315127685546874,2.446874096679687,9.629479077148437,9.949701802837017
0.4700323302661029,-0.5267243652343749,2.442085693359375,9.586383447265625,9.906561900510715
0.47251927381248443,-0.51714755859375,2.437297290039062,9.528922607421874,9.849275391399457
0.47500621735886595,-0.5027823486328125,2.43250888671875,9.476250170898437,9.796387440047228
0.4774931609052474,-0.49799394531249996,2.427720483398437,9.433154541015625,9.753267622174835
0.4799801044516289,-0.5027823486328125,2.43250888671875,9.3852705078125,9.708408318508113
0.48246704799801043,-0.5027823486328125,2.427720483398437,9.34696328125,9.670177837901681
0.4849539915443919,-0.5027823486328125,2.43250888671875,9.337386474609374,9.662125840118234
0.4874409350907734,-0.5123591552734374,2.461239306640625,9.332598071289063,9.665277936447232
0.4899278786371549,-0.49799394531249996,2.4756045166015626,9.313444458007812,9.649707941931839
0.4924148221835364,-0.49320554199218747,2.480392919921875,9.327809667968749,9.664555548275443
0.4949017657299179,-0.49799394531249996,2.499546533203125,9.370905297851563,9.711312833109545
0.4973887092762994,-0.49799394531249996,2.5234885498046875,9.404424121093749,9.749830023132361
0.49987565282268087,-0.488417138671875,2.5378537597656248,9.447519750976562,9.794635391498613
0.5023625963690624,-0.49320554199218747,2.5522189697265625,9.495403784179686,9.844783715282821
0.5048495399154439,-0.49320554199218747,2.5665841796874997,9.533711010742186,9.885456574909465
0.5073364834618254,-0.49320554199218747,2.5761609863281247,9.576806640625,9.929505655673397
0.5098234270082069,-0.488417138671875,2.5761609863281247,9.6151138671875,9.966221521108633
0.5123103705545884,-0.49320554199218747,2.5857377929687497,9.634267480468749,9.987412153598967
0.5147973141009698,-0.49320554199218747,2.5905261962890624,9.629479077148437,9.984034504024473
0.5172842576473514,-0.5027823486328125,2.5857377929687497,9.629479077148437,9.98327087288145
0.5197712011937329,-0.507570751953125,2.5809493896484375,9.6151138671875,9.968417251457037
0.5222581447401143,-0.5027823486328125,2.5857377929687497,9.591171850585937,9.946326331442966
0.5247450882864959,-0.507570751953125,2.5905261962890624,9.552864624023437,9.910886769952354
0.5272320318328774,-0.51714755859375,2.5905261962890624,9.509768994140625,9.869851766512898
0.5297189753792588,-0.5219359619140624,2.5905261962890624,9.466673364257812,9.828588286602882
0.5322059189256404,-0.5219359619140624,2.5857377929687497,9.437942944335937,9.799654284864673
0.5346928624720219,-0.5219359619140624,2.5761609863281247,9.433154541015625,9.792518938991233
0.5371798060184033,-0.5315127685546874,2.5809493896484375,9.418789331054686,9.780460011566577
0.5396667495647849,-0.5315127685546874,2.5761609863281247,9.399635717773437,9.760751143096414
0.5421536931111663,-0.5267243652343749,2.5617957763671875,9.390058911132812,9.747483906695564
0.5446406366575478,-0.5315127685546874,2.5617957763671875,9.3852705078125,9.743131217825434
0.5471275802039294,-0.5315127685546874,2.5474305664062498,9.394847314453125,9.748592943378272
0.5496145237503108,-0.5363011718749999,2.5330653564453125,9.409212524414063,9.758960978330038
0.5521014672966923,-0.5410895751953124,2.528276953125,9.437942944335937,9.785690026800795
0.5545884108430739,-0.5363011718749999,2.5234885498046875,9.476250170898437,9.821147117796501
0.5570753543894553,-0.5315127685546874,2.5043349365234375,9.509768994140625,9.848345323928632
0.5595622979358368,-0.5267243652343749,2.4899697265625,9.533711010742186,9.867574850614313
0.5620492414822184,-0.51714755859375,2.499546533203125,9.5384994140625,9.874114924441475
0.5645361850285998,-0.51714755859375,2.4899697265625,9.552864624023437,9.885576025779967
0.5670231285749813,-0.51714755859375,2.480392919921875,9.552864624023437,9.883168174197811
0.5695100721213628,-0.5123591552734374,2.4756045166015626,9.543287817382812,9.872460280599652
0.5719970156677443,-0.507570751953125,2.4756045166015626,9.533711010742186,9.862955511772478
0.5744839592141258,-0.49799394531249996,2.47081611328125,9.504980590820312,9.833493085729456
0.5769709027605073,-0.49799394531249996,2.47081611328125,9.481038574218749,9.810352831628537
0.5794578463068888,-0.4836287353515625,2.4660277099609376,9.4618849609375,9.789916058576202
0.5819447898532703,-0.4740519287109375,2.461239306640625,9.447519750976562,9.774356940523486
0.5844317333996518,-0.4740519287109375,2.4660277099609376,9.447519750976562,9.77556378642695
0.5869186769460333,-0.4740519287109375,2.47081611328125,9.4618849609375,9.790654958212961
0.5894056204924147,-0.469263525390625,2.461239306640625,9.476250170898437,9.801899024284403
0.5918925640387963,-0.45489831542968745,2.461239306640625,9.495403784179686,9.819741566179198
0.5943795075851778,-0.45489831542968745,2.4660277099609376,9.514557397460937,9.839462770560932
0.5968664511315592,-0.45968671875,2.4660277099609376,9.524134204101562,9.84894597829776
0.5993533946779408,-0.4644751220703125,2.4660277099609376,9.533711010742186,9.85843169280308
0.6018403382243223,-0.4644751220703125,2.480392919921875,9.5384994140625,9.86666393713151
0.6043272817707037,-0.45489831542968745,2.47081611328125,9.528922607421874,9.854553810359286
0.6068142253170853,-0.45968671875,2.47081611328125,9.528922607421874,9.854776009797538
0.6093011688634667,-0.4740519287109375,2.480392919921875,9.524134204101562,9.8532333071967
0.6117881124098483,-0.4644751220703125,2.4947581298828125,9.519345800781249,9.851776476376745
0.6142750559562298,-0.469263525390625,2.50912333984375,9.514557397460937,9.851025868425548
0.6167619995026112,-0.4836287353515625,2.50912333984375,9.495403784179686,9.833223770098
0.6192489430489928,-0.488417138671875,2.50912333984375,9.476250170898437,9.814966558137105
0.6217358865953743,-0.49320554199218747,2.5139117431640625,9.4618849609375,9.80256451001906
0.6242228301417557,-0.5027823486328125,2.528276953125,9.457096557617186,9.802124756495123
0.6267097736881373,-0.507570751953125,2.5378537597656248,9.466673364257812,9.814083470184217
0.6291967172345188,-0.507570751953125,2.5378537597656248,9.476250170898437,9.823321590767932
0.6316836607809002,-0.5123591552734374,2.5378537597656248,9.481038574218749,9.828189357952608
0.6341706043272818,-0.51714755859375,2.5426421630859375,9.476250170898437,9.825059189048913
0.6366575478736632,-0.5219359619140624,2.5426421630859375,9.481038574218749,9.8299307608785
0.6391444914200447,-0.5267243652343749,2.5426421630859375,9.485826977539062,9.834804582412492
0.6416314349664263,-0.5219359619140624,2.5474305664062498,9.490615380859374,9.84040649294553
0.6441183785128077,-0.5267243652343749,2.5570073730468748,9.490615380859374,9.84314510561295
0.6466053220591892,-0.5458779785156249,2.5617957763671875,9.5001921875,9.854665492378576
0.6490922656055708,-0.5410895751953124,2.5617957763671875,9.509768994140625,9.86363431246902
0.6515792091519522,-0.5410895751953124,2.5665841796874997,9.504980590820312,9.860263095459372
0.6540661526983337,-0.5602431884765625,2.5617957763671875,9.5001921875,9.85547165941251
0.6565530962447153,-0.5602431884765625,2.5665841796874997,9.495403784179686,9.852102303887756
0.6590400397910967,-0.565031591796875,2.5761609863281247,9.490615380859374,9.850261236871443
0.6615269833374782,-0.5793968017578125,2.5713725830078125,9.5001921875,9.859072431723355
0.6640139268838597,-0.5698199951171875,2.5713725830078125,9.495403784179686,9.853899979809695
0.6665008704302412,-0.565031591796875,2.5713725830078125,9.490615380859374,9.84900999937442
0.6689878139766227,-0.565031591796875,2.5617957763671875,9.495403784179686,9.851129444086864
0.6714747575230042,-0.565031591796875,2.5570073730468748,9.485826977539062,9.840653476947171
0.6739617010693857,-0.5602431884765625,2.5570073730468748,9.481038574218749,9.8357639043378
0.6764486446157671,-0.5602431884765625,2.5522189697265625,9.485826977539062,9.839136524485996
0.6789355881621487,-0.55545478515625,2.5474305664062498,9.485826977539062,9.837623999565226
0.6814225317085302,-0.5506663818359374,2.5522189697265625,9.476250170898437,9.829362768509924
0.6839094752549116,-0.5410895751953124,2.5474305664062498,9.476250170898437,9.827588601508438
0.6863964188012932,-0.5410895751953124,2.5474305664062498,9.466673364257812,9.818354495769352
0.6888833623476747,-0.5458779785156249,2.5522189697265625,9.471461767578125,9.824479245820338
0.6913703058940561,-0.5410895751953124,2.5474305664062498,9.485826977539062,9.836823362592915
0.6938572494404377,-0.5267243652343749,2.5474305664062498,9.490615380859374,9.840661631973582
0.6963441929868192,-0.51714755859375,2.5330653564453125,9.504980590820312,9.850305463753585
0.6988311365332006,-0.507570751953125,2.518700146484375,9.514557397460937,9.855368129386001
0.7013180800795822,-0.5123591552734374,2.5043349365234375,9.519345800781249,9.856579013691107
0.7038050236259636,-0.5123591552734374,2.5043349365234375,9.514557397460937,9.851954519173493
0.7062919671723451,-0.5027823486328125,2.5043349365234375,9.509768994140625,9.846836542073143
0.7087789107187267,-0.5027823486328125,2.4899697265625,9.495403784179686,9.829314948352625
0.7112658542651081,-0.49799394531249996,2.4899697265625,9.481038574218749,9.815194325869943
0.7137527978114896,-0.47884033203125,2.480392919921875,9.466673364257812,9.797935582883094
0.7162397413578712,-0.488417138671875,2.4660277099609376,9.476250170898437,9.804038008346167
0.7187266849042526,-0.49320554199218747,2.47081611328125,9.495403784179686,9.823994961160961
0.7212136284506341,-0.47884033203125,2.480392919921875,9.476250170898437,9.807188914374548
0.7237005719970157,-0.469263525390625,2.47081611328125,9.471461767578125,9.799680022154114
0.7261875155433971,-0.4740519287109375,2.4660277099609376,9.490615380859374,9.817219474210315
0.7286744590897786,-0.4740519287109375,2.480392919921875,9.495403784179686,9.825465245622063
0.7311614026361601,-0.4644751220703125,2.4756045166015626,9.485826977539062,9.814543713767245
0.7336483461825416,-0.45968671875,2.47081611328125,9.481038574218749,9.808482889360072
0.7361352897289231,-0.469263525390625,2.480392919921875,9.471461767578125,9.802099025624806
0.7386222332753046,-0.4740519287109375,2.480392919921875,9.471461767578125,9.80232943146716
0.7411091768216861,-0.4740519287109375,2.4851813232421875,9.481038574218749,9.812794906973764
0.7435961203680675,-0.4740519287109375,2.499546533203125,9.485826977539062,9.82106773984225
0.7460830639144491,-0.47884033203125,2.50912333984375,9.490615380859374,9.828365495113262
0.7485700074608306,-0.4740519287109375,2.50912333984375,9.5001921875,9.837381601071458
0.7510569510072121,-0.469263525390625,2.5139117431640625,9.495403784179686,9.833750735771886
0.7535438945535936,-0.469263525390625,2.528276953125,9.485826977539062,9.82818935795261
0.7560308380999751,-0.4740519287109375,2.5378537597656248,9.495403784179686,9.840128046000467
0.7585177816463566,-0.47884033203125,2.5474305664062498,9.495403784179686,9.84283412330283
0.7610047251927381,-0.4740519287109375,2.5522189697265625,9.476250170898437,9.82536840031962
0.7634916687391196,-0.4740519287109375,2.5522189697265625,9.490615380859374,9.839223912888212
0.7659786122855011,-0.488417138671875,2.5522189697265625,9.490615380859374,9.839926487438058
0.7684655558318826,-0.488417138671875,2.5570073730468748,9.485826977539062,9.83655180716151
0.770952499378264,-0.49799394531249996,2.5522189697265625,9.485826977539062,9.83578838155884
0.7734394429246456,-0.5123591552734374,2.5522189697265625,9.481038574218749,9.831908564426772
0.7759263864710271,-0.5027823486328125,2.5474305664062498,9.5001921875,9.848646819751108
0.7784133300174085,-0.49799394531249996,2.5474305664062498,9.509768994140625,9.857642049808218
0.7809002735637901,-0.5027823486328125,2.5426421630859375,9.514557397460937,9.861268768732435
0.7833872171101716,-0.5123591552734374,2.5426421630859375,9.519345800781249,9.866381583353972
0.785874160656553,-0.5219359619140624,2.5378537597656248,9.514557397460937,9.861030439253005
0.7883611042029346,-0.5219359619140624,2.518700146484375,9.514557397460937,9.856118406645601
0.790848047749316,-0.5267243652343749,2.518700146484375,9.514557397460937,9.856373138959919
0.7933349912956975,-0.5267243652343749,2.5139117431640625,9.519345800781249,9.859773591934113
0.7958219348420791,-0.5219359619140624,2.50912333984375,9.519345800781249,9.858299120930518
0.7983088783884605,-0.5267243652343749,2.5043349365234375,9.519345800781249,9.857336176983871
0.800795821934842,-0.5219359619140624,2.4947581298828125,9.514557397460937,9.85002729663904
0.8032827654812236,-0.5219359619140624,2.4851813232421875,9.504980590820312,9.838353489766558
0.805769709027605,-0.5315127685546874,2.4851813232421875,9.485826977539062,9.820363816088298
0.8082566525739865,-0.5363011718749999,2.4899697265625,9.457096557617186,9.794092274746397
0.8107435961203681,-6.282385156249999,-3.9647979492187497,10.0748005859375,12.51757136492563
0.8132305396667495,-4.510675927734375,-3.749319799804687,10.060435375976562,11.645426408700134
0.815717483213131,-2.8107927490234372,-3.3710359375,10.002974536132811,10.923549731676085
0.8182044267595125,-1.2401964599609374,-2.858676782226562,9.911994873046874,10.390272497285544
0.820691370305894,0.1771709228515625,-2.24097275390625,9.8449572265625,10.098342993407355
0.8231783138522755,1.4030021728515625,-1.5466542724609373,9.782707983398437,10.00309602193218
0.825665257398657,2.4516625,-0.8188169677734375,9.696516723632811,10.035115685048714
0.8281522009450385,3.308786694335937,-0.076614453125,9.619902270507811,10.173320935523636
0.83063914449142,3.9647979492187497,0.6751648681640625,9.543287817382812,10.356148547734307
0.8331260880378015,4.434061474609375,1.3934253662109375,9.466673364257812,10.54611018325541
0.835613031584183,4.716577270507813,2.0638018310546875,9.399635717773437,10.717207228255772
0.8380999751305644,4.817133740234374,2.6815058593749996,9.337386474609374,10.843525133524842
0.840586918676946,4.759672900390624,3.23696064453125,9.303867651367186,10.94049147009008
0.8430738622233275,4.572925170898437,3.7014357666015623,9.279925634765624,10.987688161742394
0.8455608057697089,4.266467358398438,4.084508032226562,9.270348828125,10.99205699497238
0.8480477493160905,3.864241479492187,4.386177441406249,9.270348828125,10.959483662766582
0.850534692862472,3.39018955078125,4.601655590820312,9.260772021484375,10.882578637467407
0.8530216364088534,2.858676782226562,4.721365673828124,9.255983618164063,10.776667365701012
0.855508579955235,2.308010400390625,4.764461303710937,9.270348828125,10.675503309820515
0.8579955235016165,1.7190367919921874,4.75009609375,9.284714038085937,10.569977065306805
0.8604824670479979,1.1444283935546875,4.668693237304687,9.303867651367186,10.472266524787528
0.8629694105943795,0.584185205078125,4.534617944335937,9.332598071289063,10.392373117587436
0.8654563541407609,0.0526724365234375,4.347870214843749,9.380482104492186,10.339255016846858
0.8679432976871424,-0.4261678955078125,4.127603662109375,9.442731347656249,10.314257431857627
0.870430241233524,-0.86191259765625,3.892971899414062,9.485826977539062,10.289753980704978
0.8729171847799054,-1.22583125,3.6296097167968746,9.514557397460937,10.256877274264399
0.8754041283262869,-1.5370774658203123,3.361459130859375,9.543287817382812,10.234078218861612
0.8778910718726685,-1.7956512451171873,3.1124621582031247,9.562441430664062,10.215286104423015
0.8803780154190499,-1.9776105712890624,2.877830395507812,9.576806640625,10.193531124634976
0.8828649589654315,-2.1021090576171875,2.6384102294921874,9.586383447265625,10.162618689452714
0.885351902511813,-2.1883003173828124,2.422932080078125,9.600748657226562,10.14069193511799
0.8878388460581944,-2.2074539306640624,2.250549560546875,9.6151138671875,10.118707469803804
0.890325789604576,-2.1643583007812497,2.1021090576171875,9.610325463867188,10.072818119361186
0.8928127331509574,-2.0877438476562498,1.9728221679687499,9.605537060546874,10.025818864381847
0.8952996766973389,-1.9967641845703124,1.8770541015625,9.591171850585937,9.975017632889047
0.8977866202437205,-1.8626888916015625,1.8004396484374998,9.557653027343749,9.90252110452963
0.9002735637901019,-1.6998831787109374,1.7525556152343749,9.524134204101562,9.83209979320243
0.9027605073364834,-1.5275006591796874,1.7381904052734374,9.514557397460937,9.79190311524566
0.905247450882865,-1.3551181396484375,1.7477672119140624,9.504980590820312,9.758877570259653
0.9077343944292464,-1.16837041015625,1.7860744384765623,9.509768994140625,9.746325340200093
0.9102213379756279,-0.9864110839843749,1.8435352783203125,9.524134204101562,9.750936441529916
0.9127082815220094,-0.814028564453125,1.905784521484375,9.514557397460937,9.737631109035384
0.9151952250683909,-0.6464344482421874,1.9871873779296874,9.495403784179686,9.7226274327206
0.9176821686147724,-0.5027823486328125,2.0733786376953125,9.481038574218749,9.718116150323162
0.9201691121611539,-0.37828386230468747,2.1691467041015624,9.457096557617186,9.710044871394244
0.9226560557075354,-0.258573779296875,2.2553379638671873,9.447519750976562,9.716431401275507
0.9251429992539169,-0.16280571289062498,2.3367408203125,9.437942944335937,9.724280455746072
0.9276299428002984,-0.08140285644531249,2.422932080078125,9.428366137695312,9.735055948280358
0.9301168863466799,-0.033518823242187495,2.4947581298828125,9.423577734375,9.748269536381121
0.9326038298930613,-0.0047884033203125,2.5665841796874997,9.418789331054686,9.762221557771474
0.9350907734394429,0.028730419921875,2.6336218261718747,9.414000927734374,9.775489902184004
0.9375777169858244,0.023942016601562498,2.6719290527343746,9.423577734375,9.795080162960037
0.9400646605322058,0.009576806640625,2.70065947265625,9.442731347656249,9.821345559875356
0.9425516040785874,-0.01915361328125,2.7341782958984373,9.457096557617186,9.844428531649699
0.9450385476249689,-0.047884033203124995,2.767697119140625,9.4618849609375,9.858484023314658
0.9475254911713503,-0.09576806640624999,2.7820623291015623,9.471461767578125,9.872063124810504
0.9500124347177319,-0.15322890625,2.786850732421875,9.481038574218749,9.883324771975007
0.9524993782641133,-0.2059013427734375,2.77727392578125,9.476250170898437,9.876991602873467
0.9549863218104948,-0.24899697265624998,2.7581203125,9.481038574218749,9.877212136855265
0.9574732653568764,-0.3016694091796875,2.7533319091796873,9.485826977539062,9.881940825685497
0.9599602089032578,-0.36391865234375,2.7437551025390623,9.490615380859374,9.885970319378739
0.9624471524496393,-0.4261678955078125,2.710236279296875,9.485826977539062,9.874609522031056
0.9649340959960209,-0.469263525390625,2.6719290527343746,9.476250170898437,9.856912824031706
0.9674210395424023,-0.507570751953125,2.6431986328124997,9.471461767578125,9.846456981850592
0.9699079830887838,-0.565031591796875,2.6144682128906247,9.481038574218749,9.851131771617304
0.9723949266351654,-0.5985504150390625,2.5905261962890624,9.485826977539062,9.851395942748987
0.9748818701815468,-0.612915625,2.5617957763671875,9.495403784179686,9.85399189099503
0.9773688137279283,-0.6368576416015624,2.5330653564453125,9.509768994140625,9.861932573162733
0.9798557572743098,-0.6607996582031249,2.518700146484375,9.528922607421874,9.878303127279375
0.9823427008206913,-0.6607996582031249,2.5043349365234375,9.533711010742186,9.879270990256316
0.9848296443670728,-0.6512228515624999,2.480392919921875,9.524134204101562,9.86334489802182
0.9873165879134543,-0.6607996582031249,2.4660277099609376,9.524134204101562,9.860379363508985
0.9898035314598358,-0.6560112548828124,2.4516625,9.519345800781249,9.851849788506257
0.9922904750062173,-0.6416460449218749,2.442085693359375,9.490615380859374,9.820757225798781
0.9947774185525988,-0.6416460449218749,2.442085693359375,9.481038574218749,9.811502669137807
0.9972643620989803,-0.63206923828125,2.442085693359375,9.490615380859374,9.820136168256349
0.9997513056453617,-0.612915625,2.4516625,9.509768994140625,9.839818133440973
1.0022382491917432,-0.5985504150390625,2.461239306640625,9.509768994140625,9.84132449652051
1.0047251927381249,-0.5793968017578125,2.4564509033203126,9.5001921875,9.829725494323144
1.0072121362845063,-0.5602431884765625,2.4660277099609376,9.490615380859374,9.821758773454686
1.0096990798308878,-0.5506663818359374,2.4851813232421875,9.481038574218749,9.816794391210399
1.0121860233772693,-0.5363011718749999,2.4899697265625,9.471461767578125,9.807963917187214
1.0146729669236507,-0.51714755859375,2.4899697265625,9.466673364257812,9.802310718504362
1.0171599104700322,-0.5027823486328125,2.50912333984375,9.481038574218749,9.820314784693474
1.0196468540164139,-0.488417138671875,2.518700146484375,9.490615380859374,9.831285879103168
1.0221337975627953,-0.4836287353515625,2.518700146484375,9.495403784179686,9.835671822817803
1.0246207411091768,-0.4740519287109375,2.528276953125,9.495403784179686,9.837662456469602
1.0271076846555582,-0.469263525390625,2.5234885498046875,9.490615380859374,9.831580901597766
1.0295946282019397,-0.45968671875,2.518700146484375,9.485826977539062,9.825277388201485
1.0320815717483212,-0.45010991210937495,2.518700146484375,9.495403784179686,9.834080657870029
1.0345685152947028,-0.45489831542968745,2.518700146484375,9.495403784179686,9.83430098837203
1.0370554588410843,-0.4644751220703125,2.5234885498046875,9.495403784179686,9.835976038229836
1.0395424023874658,-0.469263525390625,2.5234885498046875,9.504980590820312,9.845448631176145
1.0420293459338472,-0.469263525390625,2.50912333984375,9.509768994140625,9.846401094447103
1.0445162894802287,-0.0143652099609375,2.7533319091796873,1.886630908203125,3.33772664326359
1.0470032330266101,0.19632453613281248,2.308010400390625,-3.19865341796875,3.949283355253485
1.0494901765729918,0.3495534423828125,1.89620771484375,-6.804321118164062,7.072239898787941
1.0519771201193733,0.45010991210937495,1.5322890624999999,-8.657433203124999,8.803502619446842
1.0544640636657547,0.4836287353515625,1.2497732666015624,-8.671798413085938,8.774731773038392
1.0569510072121362,0.45968671875,1.0630255371093749,-6.924031201171875,7.020223874403398
1.0594379507585177,0.3687070556640625,0.97683427734375,-3.67749375,3.822840616554555
1.0619248943048991,0.229843359375,0.9959878906249999,0.6847416748046875,1.2303215064911897
1.0644118378512808,0.0526724365234375,1.1109095703125,5.674257934570313,5.782222545614737
1.0668987813976623,-0.143652099609375,1.2976572998046874,10.788272680664061,10.866985682599434
1.0693857249440437,-0.3495534423828125,1.5562310791015623,15.5144267578125,15.59620083238773
1.0718726684904252,-0.5602431884765625,1.8722656982421875,19.431340673828124,19.529368951848287
1.0743596120368066,-0.7565677246093749,2.2170307373046874,22.208614599609373,22.331819953735454
1.076846555583188,-0.9193734375,2.5617957763671875,23.611616772460938,23.767971973371054
1.0793334991295698,-1.0486603271484374,2.887407202148437,23.578097949218748,23.777373945322623
1.0818204426759512,-1.1252747802734375,3.1842882080078123,22.18467258300781,22.440268098622074
1.0843073862223327,-1.177947216796875,3.414131567382812,19.63245361328125,19.96189091450505
1.0867943297687142,-1.177947216796875,3.5817256835937497,16.218322045898436,16.650834468655013
1.0892812733150956,-1.1348515869140625,3.6679169433593746,12.344503759765624,12.927810174293702
1.0917682168614773,-1.0630255371093749,3.67749375,8.374917407226562,9.2083236884735
1.0942551604078588,-0.9576806640625,3.6200329101562496,4.716577270507813,6.022282928724326
1.0967421039542402,-0.833182177734375,3.4955344238281247,1.6903063720703124,3.9711571463394795
1.0992290475006217,-0.699106884765625,3.318363500976562,-0.43574470214843747,3.4190876277730227
1.1017159910470031,-0.5602431884765625,3.0885201416015624,-1.5083470458984374,3.482519189636069
1.1042029345933846,-0.4165910888671875,2.834734765625,-1.4700398193359374,3.2202929054978537
1.1066898781397663,-0.296881005859375,2.5761609863281247,-0.354341845703125,2.617308140577924
1.1091768216861477,-0.19632453613281248,2.327164013671875,1.6519991455078125,2.8606532202935218
1.1116637652325292,-0.11013327636718749,2.1068974609374997,4.304774584960938,4.793978564490445
1.1141507087789106,-0.05746083984375,1.9201497314453124,7.331045483398437,7.578555576027775
1.116637652325292,-0.0430956298828125,1.7860744384765623,10.424354028320312,10.576345117329156
1.1191245958716736,-0.06703764648437499,1.695094775390625,13.268665600585937,13.376671004542771
1.1216115394180552,-0.1149216796875,1.66636435546875,15.619771630859374,15.708826912212073
1.1240984829644367,-0.181959326171875,1.6903063720703124,17.271770776367187,17.355238707065194
1.1265854265108182,-0.258573779296875,1.7764976318359373,18.071434130859373,18.16038369036424
1.1290723700571996,-0.3447650390625,1.915361328125,18.004396484375,18.10927289307915
1.131559313603581,-0.44532150878906246,2.0829554443359375,17.118541870117188,17.25055043725371
1.1340462571499625,-0.5315127685546874,2.27927998046875,15.538368774414062,15.713641437368622
1.1365332006963442,-0.6272808349609375,2.461239306640625,13.455413330078125,13.693039401597668
1.1390201442427257,-0.7134720947265625,2.6384102294921874,11.104307299804686,11.435728729623582
1.1415070877891071,-0.7613561279296874,2.81558115234375,8.710105639648438,9.185483146400355
1.1439940313354886,-0.8044517578125,2.9640216552734375,6.497863305664062,7.187127001985773
1.14648097488187,-0.833182177734375,3.0645781249999997,4.687846850585937,5.662308691697336
1.1489679184282515,-0.8283937744140625,3.1364041748046874,3.4332851806640625,4.723421908424835
1.1514548619746332,-0.7996633544921875,3.1651345947265623,2.8203695556640622,4.3141653785835885
1.1539418055210147,-0.7661445312499999,3.1459809814453124,2.901772412109375,4.347925586996511
1.1564287490673961,-0.7134720947265625,3.0789433349609374,3.6056677001953124,4.794765276224233
1.1589156926137776,-0.6512228515624999,2.9927520751953125,4.8314989501953125,5.720492836436512
1.161402636160159,-0.584185205078125,2.877830395507812,6.449979272460937,7.0869889765905905
1.1638895797065405,-0.51714755859375,2.7437551025390623,8.288726147460936,8.746348655734645
1.1663765232529222,-0.44053310546874996,2.6048914062499997,10.141838232421874,10.480286798937474
1.1688634667993036,-0.3687070556640625,2.461239306640625,11.841721411132811,12.10041362087803
1.171350410345685,-0.32082302246093747,2.3223756103515623,13.235146777343749,13.441185442702938
1.1738373538920666,-0.2920926025390625,2.212242333984375,14.188039038085936,14.36244359358745
1.176324297438448,-0.2825157958984375,2.1212626708984375,14.65251416015625,14.807962105146633
1.1788112409848295,-0.27293898925781246,2.0542250244140625,14.595053320312498,14.741435397055163
1.1812981845312112,-0.28730419921875,2.020706201171875,14.03959853515625,14.187181689211736
1.1837851280775926,-0.3112462158203125,2.0302830078125,13.081917871093749,13.24218631815444
1.186272071623974,-0.3447650390625,2.0638018310546875,11.822567797851562,12.006300440386338
1.1887590151703555,-0.39264907226562495,2.1212626708984375,10.395623608398436,10.617105011272571
1.191245958716737,-0.44053310546874996,2.2074539306640624,8.949525805664061,9.228268224280498
1.1937329022631185,-0.49320554199218747,2.3032219970703123,7.637503295898437,7.992467695855884
1.1962198458095001,-0.5363011718749999,2.418143676757812,6.56968935546875,7.021100769520238
1.1987067893558816,-0.584185205078125,2.5378537597656248,5.8226984375,6.37854145975815
1.201193732902263,-0.6177040283203125,2.6575638427734374,5.473144995117187,6.115514694823011
1.2036806764486445,-0.6512228515624999,2.7581203125,5.53539423828125,6.218674154015432
1.206167619995026,-0.6703764648437499,2.829946362304687,5.966350537109375,6.637419660515919
1.2086545635414074,-0.679953271484375,2.882618798828125,6.7085530517578125,7.333247005181857
1.2111415070877891,-0.6847416748046875,2.916137622070312,7.694964135742187,8.257433187282034
1.2136284506341706,-0.6655880615234374,2.916137622070312,8.810662109374999,9.304549043563194
1.216115394180552,-0.6416460449218749,2.887407202148437,9.9215716796875,10.353087201079665
1.2186023377269335,-0.612915625,2.839523168945312,10.941501586914061,11.32055715796662
1.221089281273315,-0.5793968017578125,2.7724855224609373,11.769895361328125,12.105899943529849
1.2235762248196966,-0.5506663818359374,2.7054478759765623,12.344503759765624,12.64948436690516
1.226063168366078,-0.5315127685546874,2.6336218261718747,12.62223115234375,12.905006354497566
1.2285501119124596,-0.49799394531249996,2.5426421630859375,12.58392392578125,12.847885760268886
1.231037055458841,-0.4644751220703125,2.461239306640625,12.23915888671875,12.492815788200897
1.2335239990052225,-0.45010991210937495,2.379836450195312,11.640608471679688,11.889911103687792
1.236010942551604,-0.4213794921875,2.3127988037109373,10.869675537109375,11.12099119975
1.2384978860979856,-0.39743747558593745,2.2649147705078123,10.002974536132811,10.263883038849674
1.240984829644367,-0.39743747558593745,2.2361843505859373,9.141061938476563,9.418996250125089
1.2434717731907485,-0.39264907226562495,2.2266075439453124,8.336610180664062,8.637767289818411
1.24595871673713,-0.40222587890625,2.231395947265625,7.675810522460937,8.00368544533438
1.2484456602835114,-0.4165910888671875,2.2553379638671873,7.240065820312499,7.594646176685353
1.250932603829893,-0.43574470214843747,2.2936451904296873,7.043741284179687,7.420577671818345
1.2534195473762746,-0.45489831542968745,2.3415292236328122,7.091625317382812,7.482034564518672
1.255906490922656,-0.47884033203125,2.398990063476562,7.359775903320312,7.755690990191228
1.2583934344690375,-0.507570751953125,2.4564509033203126,7.819462622070312,8.211928811589647
1.260880378015419,-0.5267243652343749,2.50912333984375,8.413224633789062,8.795196827250388
1.2633673215618004,-0.5363011718749999,2.5665841796874997,9.069235888671875,9.440657440176006
1.2658542651081819,-0.5602431884765625,2.6144682128906247,9.763554370117188,10.123058352330304
1.2683412086545636,-0.5746083984375,2.6479870361328124,10.395623608398436,10.742951194274935
1.270828152200945,-0.5793968017578125,2.6767174560546874,10.893617553710937,11.232605236540369
1.2733150957473265,-0.5746083984375,2.6862942626953124,11.238382592773437,11.569252135678333
1.275802039293708,-0.5602431884765625,2.6815058593749996,11.410765112304686,11.73498643170441
1.2782889828400894,-0.55545478515625,2.6623522460937497,11.3772462890625,11.697793921189577
1.2807759263864709,-0.5506663818359374,2.6479870361328124,11.152191333007812,11.475471246777897
1.2832628699328525,-0.5410895751953124,2.6144682128906247,10.788272680664061,11.113732469200572
1.285749813479234,-0.5267243652343749,2.5761609863281247,10.304643945312499,10.634835721536849
1.2882367570256155,-0.507570751953125,2.5474305664062498,9.773131176757811,10.11242421761541
1.290723700571997,-6.349422802734375,-7.948749511718749,9.801861596679688,14.127076112501
1.2932106441183784,-4.491522314453125,-7.819462622070312,9.279925634765624,12.939659508115552
1.2956975876647598,-2.748543505859375,-7.455543969726562,8.863334545898438,11.903710621509768
1.2981845312111415,-1.1444283935546875,-6.890512377929687,8.552088330078124,11.042060133137966
1.300671474757523,0.277727392578125,-6.138733056640625,8.394071020507813,10.4029613256327
1.3031584183039044,1.4939818359375,-5.238513232421875,8.384494213867187,9.998687205565668
1.305645361850286,2.5139117431640625,-4.204218115234375,8.48505068359375,9.797514343752594
1.3081323053966674,3.323151904296875,-3.0885201416015624,8.695740429687499,9.808067947593564
1.3106192489430488,3.912125512695312,-1.924938134765625,9.006986645507812,10.006793756349364
1.3131061924894305,4.314351391601562,-0.737414111328125,9.356540087890625,10.3296781129958
1.315593136035812,4.529829541015625,0.44532150878906246,9.701305126953125,10.71601549472074
1.3180800795821934,4.572925170898437,1.5945383056640625,10.01733974609375,11.126602923423489
1.3205670231285749,4.448426684570312,2.6815058593749996,10.271125122070313,11.509777796077715
1.3230539666749563,4.204218115234375,3.6822821533203123,10.424354028320312,11.828009499695378
1.3255409102213378,3.878606689453125,4.57771357421875,10.462661254882812,12.060942415644108
1.3280278537677195,3.4572271972656248,5.363011718749999,10.405200415039062,12.205839187294416
1.330514797314101,2.978386865234375,6.0142345703124995,10.261548315429687,12.261369402136145
1.3330017408604824,2.446874096679687,6.526593725585937,10.041281762695311,12.223377517760678
1.3354886844068639,1.905784521484375,6.909665991210937,9.7683427734375,12.115940710146903
1.3379756279532453,1.3646949462890625,7.1586629638671875,9.466673364257812,11.946830220280983
1.3404625714996268,0.8379705810546875,7.264007836914062,9.169792358398437,11.72830322108038
1.3429495150460085,0.33518823242187495,7.254431030273437,8.901641772460938,11.488182927224381
1.34543645859239,-0.12449848632812499,7.125144140624999,8.681375219726561,11.231627424530389
1.3479234021387714,-0.5458779785156249,6.900089184570312,8.537723120117187,10.990993112464226
1.3504103456851528,-0.9097966308593749,6.593631372070312,8.504204296874999,10.799314575622848
1.3528972892315343,-1.216254443359375,6.215347509765625,8.556876733398436,10.645654464086117
1.3553842327779158,-1.455674609375,5.779602807617187,8.686163623046875,10.53433603358742
1.3578711763242974,-1.637633935546875,5.3007624755859375,8.86812294921875,10.460570365515206
1.360358119870679,-1.7764976318359373,4.7931917236328125,9.093177905273437,10.431515477262822
1.3628450634170604,-1.867477294921875,4.266467358398438,9.351751684570312,10.447271162231395
1.3653320069634418,-1.9009961181640624,3.7397429931640622,9.619902270507811,10.494855100968087
1.3678189505098233,-1.89620771484375,3.2321722412109373,9.86411083984375,10.551929859291638
1.370305894056205,-1.8626888916015625,2.7437551025390623,10.065223779296874,10.597477610116863
1.3727928376025864,-1.7812860351562498,2.29843359375,10.189722265624999,10.59651908762944
1.3752797811489679,-1.675941162109375,1.8818425048828125,10.228029492187499,10.533883295589211
1.3777667246953493,-1.5610194824218748,1.5131354492187499,10.20887587890625,10.437792267673128
1.3802536682417308,-1.4317325927734375,1.20667763671875,10.13226142578125,10.30381728955544
1.3827406117881123,-1.2832920898437499,0.9528922607421875,9.993397729492187,10.12041700861469
1.385227555334494,-1.1252747802734375,0.7565677246093749,9.80665,9.899950619853618
1.3877144988808754,-0.9911994873046874,0.622492431640625,9.605537060546874,9.676585940951615
1.3902014424272569,-0.8571241943359375,0.5410895751953124,9.418789331054686,9.47317435053798
1.3926883859736383,-0.70868369140625,0.49799394531249996,9.241618408203124,9.282119442609643
1.3951753295200198,-0.5889736083984375,0.5123591552734374,9.107543115234375,9.140937775263293
1.3976622730664012,-0.47884033203125,0.5746083984375,9.016563452148437,9.047534435510796
1.400149216612783,-0.37828386230468747,0.6751648681640625,8.968679418945312,9.002008486970913
1.4026361601591644,-0.296881005859375,0.7948749511718749,8.973467822265624,9.013494842561188
1.4051231037055458,-0.229843359375,0.948103857421875,9.035717065429687,9.088229298427956
1.4076100472519273,-0.1771709228515625,1.1252747802734375,9.150638745117186,9.221270102901409
1.4100969907983087,-0.13407529296874998,1.3215993164062498,9.284714038085937,9.379259869858613
1.4125839343446902,-0.11013327636718749,1.5322890624999999,9.428366137695312,9.552702609003386
1.4150708778910719,-0.105344873046875,1.7573440185546874,9.576806640625,9.737277903692915
1.4175578214374533,-0.11013327636718749,1.9632453613281249,9.701305126953125,9.8985747890081
1.4200447649838348,-0.1149216796875,2.1787235107421874,9.80665,10.046413656187115
1.4225317085302163,-0.1484405029296875,2.389413256835937,9.868899243164062,10.155121986789599
1.4250186520765977,-0.1771709228515625,2.5761609863281247,9.897629663085937,10.228932882318752
1.4275055956229792,-0.2154781494140625,2.7581203125,9.878476049804688,10.258554847426845
1.4299925391693609,-0.2537853759765625,2.93050283203125,9.816226806640625,10.247466154372638
1.4324794827157423,-0.296881005859375,3.0693665283203124,9.730035546875,10.206994707565212
1.4349664262621238,-0.3447650390625,3.1842882080078123,9.619902270507811,10.13908644888378
1.4374533698085052,-0.38307226562499996,3.2800562744140622,9.495403784179686,10.053268451037605
1.4399403133548867,-0.4261678955078125,3.347093920898437,9.3852705078125,9.973362486909414
1.4424272569012682,-0.4644751220703125,3.385401147460937,9.289502441406249,9.898057065765217
1.4449142004476498,-0.5027823486328125,3.414131567382812,9.217676391601563,9.842491681976945
1.4474011439940313,-0.5315127685546874,3.4093431640625,9.17458076171875,9.801992592670949
1.4498880875404128,-0.5602431884765625,3.375824340820312,9.150638745117186,9.769557403175904
1.4523750310867942,-0.584185205078125,3.337517114257812,9.1554271484375,9.762281450160224
1.4548619746331757,-0.603338818359375,3.2800562744140622,9.208099584960937,9.79346133191019
1.4573489181795571,-0.6177040283203125,3.2034418212890623,9.284714038085937,9.841214992978102
1.4598358617259388,-0.612915625,3.1172505615234374,9.370905297851563,9.89478563325097
1.4623228052723203,-0.612915625,3.0310593017578125,9.476250170898437,9.968064172927177
1.4648097488187017,-0.6177040283203125,2.925714428710937,9.576806640625,10.032775718458456
1.4672966923650832,-0.603338818359375,2.81558115234375,9.672574707031249,10.092086821776421
1.4697836359114647,-0.59376201171875,2.7198130859375,9.739612353515625,10.129658698384233
1.4722705794578461,-0.5889736083984375,2.6144682128906247,9.773131176757811,10.13392455792527
1.4747575230042278,-0.584185205078125,2.5139117431640625,9.7683427734375,10.103541218088782
1.4772444665506093,-0.5793968017578125,2.427720483398437,9.753977563476562,10.068247400029644
1.4797314100969907,-0.565031591796875,2.3415292236328122,9.725247143554688,10.019104341610262
1.4822183536433722,-0.5506663818359374,2.269703173828125,9.662997900390625,9.941243100554546
1.4847052971897536,-0.5410895751953124,2.212242333984375,9.581595043945311,9.848540889838201
1.487192240736135,-0.5363011718749999,2.1691467041015624,9.495403784179686,9.754768546484486
1.4896791842825168,-0.5315127685546874,2.1499930908203124,9.423577734375,9.680330233495138
1.4921661278288982,-0.5219359619140624,2.1308394775390624,9.356540087890625,9.61029325482227
1.4946530713752797,-0.5123591552734374,2.1212626708984375,9.294290844726563,9.547047162830383
1.4971400149216612,-0.5123591552734374,2.1164742675781247,9.255983618164063,9.508691180653328
1.4996269584680426,-0.49799394531249996,2.1260510742187497,9.246406811523437,9.500743658469142
1.5021139020144243,-0.49320554199218747,2.1499930908203124,9.255983618164063,9.515195990464326
1.5046008455608058,-0.49320554199218747,2.1835119140624997,9.294290844726563,9.560063717981835
1.5070877891071872,-0.49320554199218747,2.212242333984375,9.356540087890625,9.627154837605385
1.5095747326535687,-0.5027823486328125,2.2553379638671873,9.418789331054686,9.698089084151935
1.5120616761999501,-0.49799394531249996,2.2936451904296873,9.490615380859374,9.776532439293273
1.5145486197463316,-0.488417138671875,2.3415292236328122,9.562441430664062,9.85705820827672
1.5170355632927133,-0.4836287353515625,2.398990063476562,9.600748657226562,9.907745700085094
1.5195225068390947,-0.5123591552734374,2.4564509033203126,9.619902270507811,9.941789710033955
1.5220094503854762,-0.5219359619140624,2.5043349365234375,9.634267480468749,9.96811017735301
1.5244963939318577,-0.5267243652343749,2.5378537597656248,9.639055883789062,9.981459742627658
1.5269833374782391,-0.51714755859375,2.5809493896484375,9.624690673828125,9.978146717510231
1.5294702810246206,-0.5123591552734374,2.6192566162109374,9.610325463867188,9.97403492308962
1.5319572245710023,-0.5219359619140624,2.6336218261718747,9.567229833984374,9.936813763370466
1.5344441681173837,-0.51714755859375,2.6527754394531247,9.5384994140625,9.914011811653033
1.5369311116637652,-0.5123591552734374,2.6719290527343746,9.524134204101562,9.905092079560685
1.5394180552101466,-0.5219359619140624,2.6862942626953124,9.471461767578125,9.858863120503452
1.541904998756528,-0.5123591552734374,2.6958710693359373,9.394847314453125,9.787409707801247
1.5443919423029095,-0.507570751953125,2.6910826660156246,9.34696328125,9.73988072640542
1.5468788858492912,-0.5123591552734374,2.6958710693359373,9.323021264648437,9.718485387526286
1.5493658293956727,-0.507570751953125,2.70065947265625,9.313444458007812,9.710377815918525
1.5518527729420541,-0.49799394531249996,2.6910826660156246,9.337386474609374,9.730195787398923
1.5543397164884356,-0.507570751953125,2.6719290527343746,9.375693701171874,9.762195721725632
1.556826660034817,-0.507570751953125,2.6575638427734374,9.414000927734374,9.79508484465748
1.5593136035811985,-0.49799394531249996,2.6431986328124997,9.466673364257812,9.841361774044184
1.5618005471275802,-0.49799394531249996,2.6240450195312497,9.514557397460937,9.88232830377909
1.5642874906739617,-0.5123591552734374,2.6096798095703124,9.5384994140625,9.902318500459481
1.5667744342203431,-0.5123591552734374,2.6048914062499997,9.552864624023437,9.914897562116618
1.5692613777667246,-0.49799394531249996,2.5857377929687497,9.581595043945311,9.936850682671656
1.571748321313106,-0.49320554199218747,2.5617957763671875,9.600748657226562,9.948890595724842
1.5742352648594875,-0.49799394531249996,2.5522189697265625,9.600748657226562,9.946667503150875
1.5767222084058692,-0.49799394531249996,2.5474305664062498,9.591171850585937,9.936195344683036
1.5792091519522506,-0.5027823486328125,2.528276953125,9.567229833984374,9.908423746392785
1.581696095498632,-0.49799394531249996,2.518700146484375,9.543287817382812,9.88262064246501
1.5841830390450136,-0.5027823486328125,2.50912333984375,9.519345800781249,9.857303612017688
1.586669982591395,-0.507570751953125,2.499546533203125,9.481038574218749,9.818118627604267
1.5891569261377765,-0.507570751953125,2.4899697265625,9.442731347656249,9.778688695906316
1.5916438696841582,-0.5123591552734374,2.4756045166015626,9.423577734375,9.756789786728975
1.5941308132305396,-0.507570751953125,2.4564509033203126,9.414000927734374,9.742442844381747
1.596617756776921,-0.507570751953125,2.4516625,9.414000927734374,9.741236602686959
1.5991047003233025,-0.5123591552734374,2.446874096679687,9.433154541015625,9.758796511029331
1.601591643869684,-0.5123591552734374,2.43250888671875,9.442731347656249,9.764465509794594
1.6040785874160655,-0.51714755859375,2.43250888671875,9.447519750976562,9.769348521084577
1.6065655309624471,-0.5123591552734374,2.446874096679687,9.457096557617186,9.781941527584868
1.6090524745088286,-0.5123591552734374,2.446874096679687,9.481038574218749,9.805090371578348
1.61153941805521,-0.51714755859375,2.4516625,9.5001921875,9.825056855341945
1.6140263616015915,-0.5123591552734374,2.461239306640625,9.524134204101562,9.850347362721918
1.616513305147973,-0.507570751953125,2.47081611328125,9.524134204101562,9.852496773489744
1.6190002486943544,-0.5123591552734374,2.4756045166015626,9.528922607421874,9.858574728876699
1.6214871922407361,-0.5123591552734374,2.480392919921875,9.548076220703125,9.878290361066917
1.6239741357871176,-0.5027823486328125,2.4947581298828125,9.543287817382812,9.876788475112763
1.626461079333499,-0.49799394531249996,2.5043349365234375,9.5384994140625,9.874343649880249
1.6289480228798805,-0.5027823486328125,2.50912333984375,9.524134204101562,9.861927923199534
1.631434966426262,-0.49799394531249996,2.5139117431640625,9.504980590820312,9.844409898711904
1.6339219099726436,-0.5027823486328125,2.5234885498046875,9.490615380859374,9.833237760702048
1.636408853519025,-0.5123591552734374,2.5378537597656248,9.452308154296874,9.800476674822312
1.6388957970654066,-0.5123591552734374,2.5378537597656248,9.452308154296874,9.800476674822312
1.641382740611788,-0.507570751953125,2.5330653564453125,9.481038574218749,9.82670548119183
1.6438696841581695,-0.5027823486328125,2.5330653564453125,9.490615380859374,9.835699797041626
1.646356627704551,-0.5123591552734374,2.5330653564453125,9.485826977539062,9.831573905119352
1.6488435712509326,-0.5123591552734374,2.5330653564453125,9.490615380859374,9.836193995210772
1.651330514797314,-0.5123591552734374,2.5378537597656248,9.495403784179686,9.842047888247798
1.6538174583436955,-0.5123591552734374,2.5330653564453125,9.495403784179686,9.840814246221186
1.656304401890077,-0.5123591552734374,2.5234885498046875,9.495403784179686,9.838353489766556
1.6587913454364585,-0.5027823486328125,2.5234885498046875,9.485826977539062,9.828616280987877
1.66127828898284,-0.49320554199218747,2.5234885498046875,9.481038574218749,9.823509485589712
1.6637652325292216,-0.5027823486328125,2.50912333984375,9.485826977539062,9.824937835551594
1.666252176075603,-0.507570751953125,2.499546533203125,9.495403784179686,9.831991352950832
1.6687391196219845,-0.5027823486328125,2.499546533203125,9.5001921875,9.8363699890346
1.671226063168366,-0.49799394531249996,2.4899697265625,9.5001921875,9.833697107812588
1.6737130067147474,-0.5027823486328125,2.499546533203125,9.5001921875,9.8363699890346
1.676199950261129,-0.507570751953125,2.5043349365234375,9.504980590820312,9.84245790310535
1.6786868938075106,-0.5027823486328125,2.50912333984375,9.485826977539062,9.824937835551594
1.681173837353892,-0.5027823486328125,2.50912333984375,9.485826977539062,9.824937835551594
1.6836607809002735,-0.507570751953125,2.528276953125,9.495403784179686,9.839334603750155
1.686147724446655,-0.5027823486328125,2.5330653564453125,9.490615380859374,9.835699797041626
1.6886346679930364,-0.49799394531249996,2.528276953125,9.471461767578125,9.815740946865146
1.6911216115394179,-0.5027823486328125,2.528276953125,9.471461767578125,9.815985047691031
1.6936085550857995,-0.507570751953125,2.5330653564453125,9.485826977539062,9.831325526909865
1.696095498632181,-0.5027823486328125,2.5378537597656248,9.495403784179686,9.841553984034592
1.6985824421785625,-0.5123591552734374,2.5474305664062498,9.5001921875,9.849140368280342
1.701069385724944,-0.507570751953125,2.5522189697265625,9.490615380859374,9.840895794848906
1.7035563292713254,-0.5123591552734374,2.5522189697265625,9.481038574218749,9.831908564426772
1.7060432728177068,-0.5123591552734374,2.5665841796874997,9.476250170898437,9.831031662896185
1.7085302163640885,-0.507570751953125,2.5665841796874997,9.476250170898437,9.830783270986757
1.71101715991047,-0.5027823486328125,2.5713725830078125,9.490615380859374,9.845634939309171
1.7135041034568514,-0.507570751953125,2.5761609863281247,9.514557397460937,9.87020951982763
1.715991047003233,-6.138733056640625,-2.863465185546875,10.568006127929687,12.552538784225714
1.7184779905496144,-4.7117888671875,-2.710236279296875,10.534487304687499,11.854187352627388
1.7209649340959958,-3.294421484375,-2.446874096679687,10.47702646484375,11.252043783542167
1.7234518776423775,-1.93451494140625,-2.0781670410156248,10.40041201171875,10.78098772480478
1.725938821188759,-0.6464344482421874,-1.6232687255859375,10.314220751953124,10.461167648563904
1.7284257647351404,-9.777919580078125,-10.831368310546875,10.970232006835937,18.25574542649524
1.7309127082815219,-5.913678100585937,-10.079588989257813,10.82179150390625,15.927362437758944
1.7333996518279033,-2.269703173828125,-8.997409838867187,10.644620581054687,14.12136266868189
1.7358865953742848,1.0821791503906248,-7.6614453125,10.443507641601562,12.997526989783811
1.7383735389206665,4.060566015625,-6.133944653320312,10.232817895507813,12.602540833493476
1.740860482467048,6.6319385986328125,-4.4819455078125,10.031704956054687,12.83376598806323
1.7433474260134294,8.762778076171875,-2.767697119140625,9.830592016601562,13.456855737965245
1.7458343695598109,10.43871923828125,-1.0678139404296874,9.6151138671875,14.232269693412237
1.7483213131061923,11.650185278320311,0.5698199951171875,9.414000927734374,14.989160260448559
1.7508082566525738,12.416329809570312,2.0925322509765625,9.222464794921875,15.607619743412982
1.7532952001989555,12.765883251953124,3.4572271972656248,9.069235888671875,16.036559316149592
1.755782143745337,12.713210815429687,4.649539624023437,8.954314208984375,16.230332433629997
1.7582690872917184,12.306196533203124,5.645527514648437,8.858546142578124,16.179873108051833
1.7607560308380998,11.592724438476562,6.430825659179687,8.786720092773438,15.904503404821039
1.7632429743844813,10.625466967773438,6.9910688476562495,8.743624462890624,15.434589747187111
1.765729917930863,9.452308154296874,7.345410693359375,8.71489404296875,14.807112003293472
1.7682168614772444,8.111555224609374,7.48906279296875,8.710105639648438,14.062337285556483
1.770703805023626,6.660669018554687,7.45075556640625,8.734047656249999,13.27259804057646
1.7731907485700074,5.161898779296875,7.268796240234375,8.786720092773438,12.517469703518376
1.7756776921163888,3.6583401367187496,6.938396411132812,8.858546142578124,11.832101971929324
1.7781646356627703,2.1787235107421874,6.488286499023437,8.935160595703124,11.255300649057597
1.780651579209152,0.7709329345703124,5.971138940429687,9.011775048828124,10.837939258281628
1.7831385227555334,-0.5410895751953124,5.386953735351562,9.107543115234375,10.595253185792977
1.7856254663019149,-1.7190367919921874,4.774038110351563,9.203311181640624,10.509398844721007
1.7881124098482963,-2.7437551025390623,4.151545678710937,9.294290844726563,10.542645108866209
1.7905993533946778,-3.6248213134765623,3.5482068603515624,9.390058911132812,10.672502416632407
1.7930862969410593,-4.333505004882812,2.978386865234375,9.481038574218749,10.84159335117163
1.795573240487441,-4.8698061767578125,2.4516625,9.562441430664062,11.00754047587268
1.7980601840338224,-5.233724829101562,1.9823989746093749,9.629479077148437,11.137712897113392
1.8005471275802039,-5.434837768554687,1.5849614990234373,9.701305126953125,11.23231435146569
1.8030340711265853,-5.487510205078125,1.2737152832031249,9.777919580078125,11.284628048277751
1.8055210146729668,-5.396530541992187,1.0438719238281249,9.821015209960937,11.254534652232191
1.8080079582193482,-5.181052392578125,0.8858546142578124,9.849745629882811,11.164476309511205
1.81049490176573,-4.855440966796874,0.7948749511718749,9.873687646484374,11.031629114069599
1.8129818453121114,-4.448426684570312,0.7661445312499999,9.873687646484374,10.856573361383399
1.8154687888584928,-3.9695863525390624,0.8044517578125,9.86411083984375,10.663275345860434
1.8179557324048743,-3.447650390625,0.9050082275390624,9.830592016601562,10.456857678325763
1.8204426759512558,-2.901772412109375,1.0438719238281249,9.797073193359374,10.270958810212244
1.8229296194976372,-2.3319524169921872,1.216254443359375,9.773131176757811,10.120838401250296
1.825416563044019,-1.7669208251953124,1.4173673828125,9.730035546875,9.990221781513197
1.8279035065904004,-1.22583125,1.6424223388671875,9.682151513671874,9.896679813269957
1.8303904501367818,-0.7134720947265625,1.867477294921875,9.634267480468749,9.839493064290451
1.8328773936831633,-0.2442085693359375,2.0781670410156248,9.586383447265625,9.812092726514008
1.8353643372295447,0.16759411621093748,2.288856787109375,9.528922607421874,9.801393739561782
1.8378512807759262,0.5267243652343749,2.4899697265625,9.466673364257812,9.80282063396437
1.8403382243223079,0.8188169677734375,2.6623522460937497,9.428366137695312,9.831208915257255
1.8428251678686893,1.0486603271484374,2.8012159423828122,9.404424121093749,9.868621600152911
1.8453121114150708,1.216254443359375,2.925714428710937,9.380482104492186,9.901137525661229
1.8477990549614522,1.3263877197265623,3.0166940917968748,9.366116894531249,9.928942204915248
1.8502859985078337,1.37906015625,3.0741549316406247,9.342174877929686,9.931186581074146
1.8527729420542152,1.35990654296875,3.1172505615234374,9.332598071289063,9.932974560984023
1.8552598856005968,1.3024457031249999,3.1364041748046874,9.332598071289063,9.931303173176689
1.8577468291469783,1.1875240234375,3.1268273681640624,9.337386474609374,9.91836926479142
1.8602337726933598,1.0342951171875,3.0980969482421874,9.332598071289063,9.88763661601567
1.8627207162397412,-4.333505004882812,-1.1540052001953125,10.108319409179687,11.058440889538678
1.8652076597861227,-2.6719290527343746,-1.139639990234375,10.079588989257813,10.489809262448711
1.8676946033325041,-1.1348515869140625,-1.01514150390625,10.041281762695311,10.156069113348522
1.8701815468788858,0.2442085693359375,-0.7948749511718749,10.002974536132811,10.037477949358545
1.8726684904252673,1.4508862060546874,-0.49799394531249996,9.950302099609374,10.067848857922847
1.8751554339716487,2.4564509033203126,-0.13407529296874998,9.868899243164062,10.170904556445903
1.8776423775180302,3.2513258544921873,0.26815058593749996,9.792284790039062,10.321427515516366
1.8801293210644117,3.835511059570312,0.7038952880859375,9.720458740234374,10.473487088132329
1.8826162646107931,4.204218115234375,1.177947216796875,9.648632690429688,10.59052040274003
1.8851032081571748,5.276820458984375,2.346317626953125,6.603208178710937,8.772251638792747
1.8875901517035563,5.856217260742187,1.9871873779296874,4.13718046875,7.440460772762951
1.8900770952499377,6.138733056640625,1.6519991455078125,2.1930887207031247,6.724788684733979
1.8925640387963192,6.129156249999999,1.3934253662109375,0.8475473876953125,6.342438581689482
1.8950509823427006,5.832275244140624,1.2306196533203124,0.1388636962890625,5.962310154688436
1.897537925889082,5.276820458984375,1.1875240234375,0.06703764648437499,5.409208954056353
1.9000248694354638,4.515464331054687,1.2928688964843749,0.603338818359375,4.7354984783297285
1.9025118129818452,3.5865140869140624,1.5322890624999999,1.675941162109375,4.244970181937991
1.9049987565282267,2.5474305664062498,1.886630908203125,3.1938650146484373,4.499950267085568
1.9074857000746082,1.455674609375,2.3319524169921872,4.994304663085937,5.700883239570575
1.9099726436209896,0.354341845703125,2.844311572265625,6.962338427734375,7.529264429281735
1.9124595871673713,-0.689530078125,3.385401147460937,8.98304462890625,9.624525103234461
1.9149465307137528,-1.618480322265625,3.9264907226562498,10.89840595703125,11.696668771617022
1.9174334742601342,-2.4133552734375,4.4196962646484375,12.607865942382812,13.576313283387076
1.9199204178065157,-3.0406361083984375,4.817133740234374,13.986926098632813,15.102461623974303
1.9224073613528971,-3.4763808105468748,5.0948611328124995,14.987702392578123,16.20722235643955
1.9248943048992786,-3.7158009765625,5.252878442382812,15.557522387695311,16.835569835069847
1.9273812484456603,-3.763685009765625,5.267243652343749,15.691597680664062,16.974552080031795
1.9298681919920417,-3.6391865234374996,5.1140147460937495,15.409081884765625,16.638408274442767
1.9323551355384232,-3.3710359375,4.8314989501953125,14.762647436523437,15.894748338138195
1.9348420790848047,-2.9831752685546875,4.414907861328125,13.824120385742187,14.815432850457862
1.9373290226311861,-2.50912333984375,3.902548706054687,12.655749975585938,13.479376609555104
1.9398159661775676,-1.9871873779296874,3.303998291015625,11.348515869140625,11.985580120051505
1.9423029097239493,-1.446097802734375,2.6719290527343746,10.01733974609375,10.46792717335141
1.9447898532703307,-0.9145850341796874,2.0542250244140625,8.729259252929687,9.014226164265736
1.9472767968167122,-0.430956298828125,1.47482822265625,7.556100439453124,7.710738970354704
1.9497637403630936,-0.0383072265625,0.9624690673828125,6.598419775390624,6.66835494567751
1.952250683909475,0.258573779296875,0.5458779785156249,5.904101293945312,5.934918302380824
1.9547376274558566,0.4740519287109375,0.26815058593749996,5.45877978515625,5.485882491512528
1.9572245710022382,0.59376201171875,0.1197100830078125,5.315127685546875,5.349529525500436
1.9597115145486197,0.6177040283203125,0.11013327636718749,5.468356591796875,5.504235770769166
1.9621984580950012,0.5746083984375,0.239420166015625,5.875370874023437,5.908255219163504
1.9646854016413826,0.45489831542968745,0.4740519287109375,6.497863305664062,6.530994200547939
1.967172345187764,0.2825157958984375,0.8044517578125,7.259219433593749,7.309119275989748
1.9696592887341455,0.086191259765625,1.2114660400390624,8.135497241210937,8.22565464028114
1.9721462322805272,-0.1388636962890625,1.6711527587890624,9.035717065429687,9.190006395854827
1.9746331758269087,-0.3399766357421875,2.1452046874999997,9.9215716796875,10.156528533869217
1.9771201193732901,-0.507570751953125,2.5953145996093747,10.726023437499999,11.047210721308032
1.9796070629196716,-0.6464344482421874,3.0166940917968748,11.401188305664062,11.811241066059372
1.982094006466053,-0.7517793212890624,3.3710359375,11.908759057617187,12.399499898472266
1.9845809500124345,-0.8188169677734375,3.6439749267578123,12.224793676757812,12.782589523756565
1.9870678935588162,-0.82360537109375,3.83072265625,12.344503759765624,12.951429841962206
1.9895548371051976,-0.8044517578125,3.9504327392578125,12.272677709960936,12.917882165069459
1.992041780651579,-0.74699091796875,3.9408559326171875,12.028469140624999,12.679606097199542
1.9945287241979606,-0.6512228515624999,3.84987626953125,11.616666455078125,12.255308156943032
1.997015667744342,-0.5410895751953124,3.6918589599609373,11.099518896484375,11.709906927129804
1.9995026112907235,-0.43574470214843747,3.4668040039062498,10.51533369140625,11.08065188012755
2.001989554837105,-0.33518823242187495,3.208230224609375,9.907206469726562,10.41910900024772
2.0044764983834864,-0.239420166015625,2.935291235351562,9.299079248046874,9.754287852718038
2.006963441929868,-0.1771709228515625,2.6575638427734374,8.743624462890624,9.140295611323527
2.0094503854762498,-0.15322890625,2.418143676757812,8.269572534179687,8.617234349674693
2.011937329022631,-0.143652099609375,2.2074539306640624,7.886500268554687,8.19087145959693
2.0144242725690127,-0.1292868896484375,2.039859814453125,7.64229169921875,7.910901691868223
2.016911216115394,-0.19632453613281248,1.9393033447265624,7.536946826171874,7.784921852330805
2.0193981596617756,-0.2825157958984375,1.886630908203125,7.556100439453124,7.793192234881876
2.021885103208157,-0.38786066894531246,1.89620771484375,7.690175732421874,7.929996367709003
2.0243720467545385,-0.5027823486328125,1.9584569580078124,7.939172705078125,8.192606849319906
2.02685899030092,-0.622492431640625,2.0638018310546875,8.264784130859374,8.541278098447531
2.0293459338473014,-0.7278373046875,2.2026655273437497,8.647856396484375,8.953597200101141
2.031832877393683,-0.814028564453125,2.35589443359375,9.0788126953125,9.414760806443839
2.0343198209400644,-0.8858546142578124,2.5043349365234375,9.514557397460937,9.878422664650078
2.036806764486446,-0.9433154541015625,2.6384102294921874,9.931148486328125,10.318854725333294
2.0392937080328277,-0.9624690673828125,2.7533319091796873,10.280701928710936,10.686440729016212
2.041780651579209,-0.9433154541015625,2.849099975585937,10.539275708007812,10.958263875552285
2.0442675951255906,-0.9145850341796874,2.89219560546875,10.730811840820312,11.151304137549456
2.046754538671972,-0.8810662109374999,2.901772412109375,10.826579907226561,11.24328214034037
2.0492414822183536,-0.7996633544921875,2.89219560546875,10.817003100585938,11.225498339891029
2.0517284257647352,-0.699106884765625,2.849099975585937,10.735600244140624,11.129206337794384
2.0542153693111165,-0.5985504150390625,2.7437551025390623,10.582371337890624,10.94865461118678
2.056702312857498,-0.5027823486328125,2.6336218261718747,10.366893188476562,10.707998337442312
2.0591892564038794,-0.40222587890625,2.5139117431640625,10.108319409179687,10.42399439697081
2.061676199950261,-0.316034619140625,2.375048046875,9.830592016601562,10.11836303471715
2.0641631434966423,-0.239420166015625,2.2553379638671873,9.567229833984374,9.832383131440526
2.066650087043024,-0.1867477294921875,2.1499930908203124,9.289502441406249,9.53688631650489
2.0691370305894057,-0.1580173095703125,2.0781670410156248,9.030928662109375,9.268301905990983
2.071623974135787,-0.1580173095703125,2.0302830078125,8.82981572265625,9.061603845788202
2.0741109176821686,-0.17238251953125,2.0063409912109376,8.686163623046875,8.916532868351691
2.07659786122855,-0.2059013427734375,2.0302830078125,8.604760766601562,8.843435548768
2.0790848047749315,-0.26815058593749996,2.0781670410156248,8.590395556640624,8.842260955584452
2.081571748321313,-0.3399766357421875,2.1499930908203124,8.628702783203124,8.899020514881567
2.0840586918676944,-0.4070142822265625,2.2553379638671873,8.734047656249999,9.029717516004755
2.086545635414076,-0.4644751220703125,2.384624853515625,8.882488159179687,9.208733285799626
2.0890325789604574,-0.5363011718749999,2.5139117431640625,9.045293872070312,9.403441520607517
2.091519522506839,-0.59376201171875,2.6336218261718747,9.222464794921875,9.609493958758835
2.0940064660532203,-0.6512228515624999,2.7581203125,9.418789331054686,9.835899111083434
2.096493409599602,-0.699106884765625,2.839523168945312,9.600748657226562,10.036235202631591
2.0989803531459836,-0.718260498046875,2.91134921875,9.763554370117188,10.213659792395926
2.101467296692365,-0.718260498046875,2.96881005859375,9.90241806640625,10.362799567151285
2.1039542402387466,-0.70868369140625,2.978386865234375,10.002974536132811,10.460999974380425
2.106441183785128,-0.679953271484375,2.9640216552734375,10.0748005859375,10.523752547011867
2.1089281273315095,-0.6416460449218749,2.935291235351562,10.108319409179687,10.545414432884767
2.111415070877891,-0.5889736083984375,2.8730419921875,10.09395419921875,10.511382952598979
2.1139020144242724,-0.5458779785156249,2.7820623291015623,10.022128149414062,10.415416756602303
2.116388957970654,-0.49320554199218747,2.6910826660156246,9.926360083007811,10.296494652041169
2.1188759015170353,-0.45489831542968745,2.5953145996093747,9.821015209960937,10.168329759729982
2.121362845063417,-0.4213794921875,2.499546533203125,9.682151513671874,10.008463992130986
2.1238497886097982,-0.39264907226562495,2.408566870117187,9.548076220703125,9.855005184074416
2.12633673215618,-0.373495458984375,2.3319524169921872,9.428366137695312,9.719649631516418
2.1288236757025616,-0.36391865234375,2.269703173828125,9.303867651367186,9.583628882472752
2.131310619248943,-0.36391865234375,2.2361843505859373,9.203311181640624,9.478074379400095
2.1337975627953245,-0.37828386230468747,2.212242333984375,9.131485131835937,9.403251328008498
2.1362845063417057,-0.39743747558593745,2.212242333984375,9.093177905273437,9.366848835559681
2.1387714498880874,-0.4261678955078125,2.231395947265625,9.088389501953124,9.368007829194356
2.141258393434469,-0.45489831542968745,2.27927998046875,9.093177905273437,9.385517253923696
2.1437453369808503,-0.488417138671875,2.3319524169921872,9.121908325195312,9.42792473823013
2.146232280527232,-0.51714755859375,2.39420166015625,9.169792358398437,9.491297860830034
2.1487192240736133,-0.5410895751953124,2.461239306640625,9.251195214843749,9.588278769210131
2.151206167619995,-0.5746083984375,2.528276953125,9.332598071289063,9.68605935989896
2.153693111166376,-0.59376201171875,2.6001030029296874,9.423577734375,9.793717693920554
2.156180054712758,-0.603338818359375,2.6623522460937497,9.509768994140625,9.893828557941466
2.1586669982591395,-0.612915625,2.70065947265625,9.591171850585937,9.982975739632403
2.161153941805521,-0.6177040283203125,2.729389892578125,9.639055883789062,10.037057625774564
2.1636408853519025,-0.6081272216796875,2.73896669921875,9.677363110351562,10.075867906377614
2.1661278288982837,-0.59376201171875,2.7341782958984373,9.725247143554688,10.11971918007318
2.1686147724446654,-0.5746083984375,2.7150246826171873,9.744400756835937,10.131874453851086
2.171101715991047,-0.5506663818359374,2.6862942626953124,9.739612353515625,10.118273524995665
2.1735886595374283,-0.51714755859375,2.6527754394531247,9.720458740234374,10.089201021395303
2.17607560308381,-0.5027823486328125,2.6048914062499997,9.686939916992188,10.043657415696158
2.178562546630191,-0.488417138671875,2.5570073730468748,9.634267480468749,9.9797769460235
2.181049490176573,-0.4740519287109375,2.50912333984375,9.591171850585937,9.925270909810738
2.1835364337229546,-0.4644751220703125,2.4660277099609376,9.543287817382812,9.8676933561357
2.186023377269336,-0.45489831542968745,2.442085693359375,9.485826977539062,9.805693675559072
2.1885103208157175,-0.45489831542968745,2.427720483398437,9.437942944335937,9.75579449575654
2.1909972643620987,-0.45968671875,2.403778466796875,9.409212524414063,9.722280757436597
2.1934842079084804,-0.469263525390625,2.39420166015625,9.3852705078125,9.697201263796275
2.1959711514548617,-0.4836287353515625,2.403778466796875,9.351751684570312,9.667849152782523
2.1984580950012433,-0.49320554199218747,2.4133552734375,9.332598071289063,9.652197788209104
2.200945038547625,-0.49799394531249996,2.437297290039062,9.327809667968749,9.653830807065708
2.2034319820940063,-0.5123591552734374,2.47081611328125,9.342174877929686,9.676966240483807
2.205918925640388,-0.5315127685546874,2.4947581298828125,9.366116894531249,9.707238002221679
2.208405869186769,-0.5506663818359374,2.528276953125,9.380482104492186,9.730820228967621
2.210892812733151,-0.55545478515625,2.5570073730468748,9.409212524414063,9.76627344762369
2.2133797562795325,-0.565031591796875,2.5857377929687497,9.447519750976562,9.811265467757341
2.2158666998259138,-0.5602431884765625,2.6001030029296874,9.481038574218749,9.847055422912083
2.2183536433722955,-0.5602431884765625,2.6096798095703124,9.5001921875,9.868026790506264
2.2208405869186767,-0.5602431884765625,2.6144682128906247,9.528922607421874,9.896953194023178
2.2233275304650584,-0.5602431884765625,2.6096798095703124,9.576806640625,9.94180700731172
2.2258144740114396,-0.5410895751953124,2.6001030029296874,9.576806640625,9.938236211025984
2.2283014175578213,-0.5219359619140624,2.5665841796874997,9.581595043945311,9.933113061166608
2.230788361104203,-0.5219359619140624,2.5330653564453125,9.600748657226562,9.942998140782297
2.233275304650584,-0.5123591552734374,2.50912333984375,9.600748657226562,9.936427256201235
2.235762248196966,-0.49320554199218747,2.4899697265625,9.591171850585937,9.921379864379833
2.238249191743347,-0.4836287353515625,2.4660277099609376,9.591171850585937,9.91492646908816
2.240736135289729,-0.4836287353515625,2.446874096679687,9.576806640625,9.896277837175898
2.2432230788361105,-0.4644751220703125,2.427720483398437,9.548076220703125,9.862825325478042
2.2457100223824917,-0.4644751220703125,2.4133552734375,9.509768994140625,9.822205818285891
2.2481969659288734,-0.45968671875,2.403778466796875,9.466673364257812,9.77790199288067
2.2506839094752547,-0.45489831542968745,2.398990063476562,9.442731347656249,9.753320516934222
2.2531708530216363,-0.45968671875,2.398990063476562,9.418789331054686,9.730367807377272
2.2556577965680176,-0.4740519287109375,2.4133552734375,9.404424121093749,9.720709951251147
2.2581447401143993,-0.47884033203125,2.427720483398437,9.3852705078125,9.70599903739472
2.260631683660781,-0.4836287353515625,2.446874096679687,9.380482104492186,9.706417161412235
2.263118627207162,-0.49320554199218747,2.47081611328125,9.380482104492186,9.712961880137296
2.265605570753544,-0.5027823486328125,2.4947581298828125,9.3852705078125,9.72419203438148
2.268092514299925,-0.5123591552734374,2.5139117431640625,9.418789331054686,9.761959671049674
2.2705794578463068,-0.5123591552734374,2.5330653564453125,9.442731347656249,9.790000373239314
2.2730664013926885,-0.5219359619140624,2.5617957763671875,9.457096557617186,9.811823991911329
2.2755533449390697,-0.5219359619140624,2.5857377929687497,9.476250170898437,9.836552972651482
2.2780402884854514,-0.51714755859375,2.5905261962890624,9.495403784179686,9.856011393846563
2.2805272320318326,-0.51714755859375,2.6001030029296874,9.509768994140625,9.87236970261557
2.2830141755782143,-0.5123591552734374,2.6048914062499997,9.514557397460937,9.877994412426354
2.2855011191245955,-0.5123591552734374,2.5953145996093747,9.5384994140625,9.898542359711794
2.287988062670977,-0.49799394531249996,2.5905261962890624,9.572018237304688,9.928864843400847
2.290475006217359,-0.488417138671875,2.5809493896484375,9.576806640625,9.93051239791755
2.29296194976374,-0.488417138671875,2.5809493896484375,9.567229833984374,9.921277022115436
2.295448893310122,-0.488417138671875,2.5809493896484375,9.567229833984374,9.921277022115436
2.297935836856503,-0.488417138671875,2.5522189697265625,9.557653027343749,9.904600161635686
2.3004227804028847,-0.488417138671875,2.5330653564453125,9.5384994140625,9.881191348893234
2.3029097239492664,-0.488417138671875,2.5234885498046875,9.528922607421874,9.869494000230178
2.3053966674956476,-0.488417138671875,2.5043349365234375,9.519345800781249,9.855363476325563
2.3078836110420293,-0.49320554199218747,2.50912333984375,9.509768994140625,9.84757117075672
2.3103705545884106,-0.488417138671875,2.50912333984375,9.495403784179686,9.833460441803332
2.3128574981347922,-0.49320554199218747,2.499546533203125,9.490615380859374,9.826635481470964
2.315344441681174,-0.507570751953125,2.5043349365234375,9.481038574218749,9.8193387755161
2.317831385227555,-0.51714755859375,2.50912333984375,9.471461767578125,9.811815812916704
2.320318328773937,-0.51714755859375,2.50912333984375,9.471461767578125,9.811815812916704
2.322805272320318,-0.5267243652343749,2.5139117431640625,9.4618849609375,9.804308125684594
2.3252922158666998,-0.5315127685546874,2.518700146484375,9.457096557617186,9.801175008698289
2.327779159413081,-0.5267243652343749,2.518700146484375,9.452308154296874,9.796296158682583
2.3302661029594627,-0.5315127685546874,2.518700146484375,9.4618849609375,9.805795391759524
2.3327530465058444,-0.5458779785156249,2.518700146484375,9.471461767578125,9.815825039701087
2.3352399900522256,-0.5458779785156249,2.5234885498046875,9.481038574218749,9.826294809044127
2.3377269335986073,-0.5410895751953124,2.528276953125,9.485826977539062,9.83188057941592
2.3402138771449885,-0.5410895751953124,2.518700146484375,9.485826977539062,9.82942225179554
2.34270082069137,-0.5363011718749999,2.5139117431640625,9.481038574218749,9.823312254285545
2.345187764237752,-0.5315127685546874,2.5139117431640625,9.485826977539062,9.827673759510066
2.347674707784133,-0.51714755859375,2.50912333984375,9.481038574218749,9.821060735874308
2.350161651330515,-0.5123591552734374,2.4947581298828125,9.457096557617186,9.794029065236826
2.352648594876896,-0.507570751953125,2.4947581298828125,9.447519750976562,9.784532469154922
2.3551355384232777,-0.49799394531249996,2.4947581298828125,9.442731347656249,9.77941672085786
2.357622481969659,-0.49320554199218747,2.480392919921875,9.452308154296874,9.78477031859397
2.3601094255160406,-0.488417138671875,2.47081611328125,9.452308154296874,9.782106777723593
2.3625963690624223,-0.488417138671875,2.461239306640625,9.466673364257812,9.793577222417229
2.3650833126088036,-0.49799394531249996,2.4660277099609376,9.481038574218749,9.809147928423089
2.3675702561551852,-0.49799394531249996,2.47081611328125,9.495403784179686,9.824236522999234
2.3700571997015665,-0.488417138671875,2.4660277099609376,9.509768994140625,9.836439919481133
2.372544143247948,-0.49320554199218747,2.4660277099609376,9.528922607421874,9.855197127971753
2.37503108679433,-0.49320554199218747,2.480392919921875,9.528922607421874,9.858801489130718
2.377518030340711,-0.49799394531249996,2.4947581298828125,9.524134204101562,9.85803978658646
2.3800049738870928,-0.49320554199218747,2.50912333984375,9.519345800781249,9.856819776989536
2.382491917433474,-0.488417138671875,2.528276953125,9.504980590820312,9.847608424633988
2.3849788609798557,-0.47884033203125,2.5426421630859375,9.495403784179686,9.841595920260902
2.387465804526237,-0.47884033203125,2.5522189697265625,9.5001921875,9.848693381989712
2.3899527480726186,-0.488417138671875,2.5570073730468748,9.509768994140625,9.859642200865247
2.3924396916190003,-0.488417138671875,2.5761609863281247,9.514557397460937,9.869243091463812
2.3949266351653815,-0.47884033203125,2.5809493896484375,9.524134204101562,9.879257064842667
2.397413578711763,-0.49320554199218747,2.5761609863281247,9.528922607421874,9.883330571845029
2.3999005222581444,-0.5027823486328125,2.5905261962890624,9.524134204101562,9.882952413195861
2.402387465804526,-0.5123591552734374,2.5857377929687497,9.509768994140625,9.868346272800617
2.404874409350908,-0.51714755859375,2.5809493896484375,9.5001921875,9.85811305213742
2.407361352897289,-0.51714755859375,2.5857377929687497,9.490615380859374,9.85014019386277
2.4098482964436707,-0.5219359619140624,2.5761609863281247,9.495403784179686,9.852497937093524
2.412335239990052,-0.5267243652343749,2.5665841796874997,9.5001921875,9.854869076136412
2.4148221835364336,-0.5363011718749999,2.5713725830078125,9.504980590820312,9.861249005043408
2.417309127082815,-0.5363011718749999,2.5617957763671875,9.509768994140625,9.863372793760037
2.4197960706291965,-0.5410895751953124,2.5378537597656248,9.514557397460937,9.86206277124214
2.4222830141755782,-0.5410895751953124,2.528276953125,9.519345800781249,9.864223575879638
2.4247699577219595,-0.5410895751953124,2.518700146484375,9.524134204101562,9.866395526940057
2.427256901268341,-0.5458779785156249,2.50912333984375,9.524134204101562,9.864218926996413
2.4297438448147224,-0.5458779785156249,2.5139117431640625,9.528922607421874,9.870060844700106
2.432230788361104,-0.5267243652343749,2.50912333984375,9.504980590820312,9.844683566440876
2.4347177319074857,-0.5363011718749999,2.499546533203125,9.490615380859374,9.828892721258422
2.437204675453867,-0.5410895751953124,2.4947581298828125,9.495403784179686,9.832562691364613
2.4396916190002487,-0.5458779785156249,2.4899697265625,9.481038574218749,9.817740292574962
2.44217856254663,-0.5410895751953124,2.480392919921875,9.476250170898437,9.810425284718104
2.4446655060930116,-0.5315127685546874,2.480392919921875,9.481038574218749,9.814527360304169
2.4471524496393933,-0.5267243652343749,2.4756045166015626,9.471461767578125,9.803807642658223
2.4496393931857745,-0.5267243652343749,2.4756045166015626,9.452308154296874,9.785304579998355
2.452126336732156,-0.5315127685546874,2.4660277099609376,9.442731347656249,9.77389245865954
2.4546132802785374,-0.5267243652343749,2.4564509033203126,9.437942944335937,9.766593910770286
2.457100223824919,-0.51714755859375,2.4516625,9.437942944335937,9.764878782238222
2.4595871673713003,-0.507570751953125,2.446874096679687,9.437942944335937,9.763175094905385
2.462074110917682,-0.507570751953125,2.446874096679687,9.437942944335937,9.763175094905385
2.4645610544640637,-0.5123591552734374,2.446874096679687,9.442731347656249,9.76805405661765
2.467047998010445,-0.49799394531249996,2.4516625,9.452308154296874,9.77776950164307
2.4695349415568266,-0.49320554199218747,2.4516625,9.447519750976562,9.772897736375343
2.472021885103208,-0.488417138671875,2.461239306640625,9.447519750976562,9.775064177333748
2.4745088286495895,-0.488417138671875,2.4756045166015626,9.466673364257812,9.797197232347362
2.4769957721959712,-0.47884033203125,2.4851813232421875,9.476250170898437,9.808401071246232
2.4794827157423525,-0.469263525390625,2.4899697265625,9.481038574218749,9.813778576128751
2.481969659288734,-0.469263525390625,2.5043349365234375,9.481038574218749,9.817433176567986
2.4844566028351154,-0.469263525390625,2.5234885498046875,9.490615380859374,9.831580901597766
2.486943546381497,-0.45968671875,2.5426421630859375,9.5001921875,9.845303075494096
2.4894304899278783,-0.45489831542968745,2.5522189697265625,9.5001921875,9.847558364703858
2.49191743347426,-0.45010991210937495,2.5570073730468748,9.509768994140625,9.857818823690847
2.4944043770206417,-0.45489831542968745,2.5761609863281247,9.519345800781249,9.872258220878923
2.496891320567023,-0.45489831542968745,2.5809493896484375,9.519345800781249,9.873508834459967
2.4993782641134046,-0.45489831542968745,2.5905261962890624,9.509768994140625,9.866785939350212
2.501865207659786,-0.4740519287109375,2.6001030029296874,9.524134204101562,9.88404740957346
2.5043521512061675,-0.47884033203125,2.6048914062499997,9.552864624023437,9.913221970018292
2.506839094752549,-0.4836287353515625,2.6001030029296874,9.572018237304688,9.930657859114635
2.5093260382989304,-0.488417138671875,2.6001030029296874,9.572018237304688,9.930892208783959
2.511812981845312,-0.49320554199218747,2.6001030029296874,9.562441430664062,9.921898681571806
2.5142999253916933,-0.49799394531249996,2.5953145996093747,9.562441430664062,9.920884131739168
2.516786868938075,-0.5123591552734374,2.5905261962890624,9.533711010742186,9.892673223856086
2.5192738124844563,-0.5123591552734374,2.5953145996093747,9.5001921875,9.861633808572194
2.521760756030838,-0.5123591552734374,2.5905261962890624,9.481038574218749,9.841922084810276
2.5242476995772196,-0.5219359619140624,2.5857377929687497,9.466673364257812,9.827327290157502
2.526734643123601,-0.5267243652343749,2.5857377929687497,9.476250170898437,9.83680821162897
2.5292215866699825,-0.5267243652343749,2.5761609863281247,9.485826977539062,9.843523628874902
2.5317085302163638,-0.5315127685546874,2.5617957763671875,9.485826977539062,9.840031345008882
2.5341954737627455,-0.5363011718749999,2.5522189697265625,9.481038574218749,9.833185295834229
2.536682417309127,-0.5267243652343749,2.5426421630859375,9.490615380859374,9.839423155543134
2.5391693608555084,-0.5363011718749999,2.5330653564453125,9.495403784179686,9.842089822369628
2.54165630440189,-0.5315127685546874,2.5234885498046875,9.490615380859374,9.83474862879253
2.5441432479482713,-0.5219359619140624,2.5139117431640625,9.490615380859374,9.831782631250645
2.546630191494653,-0.5267243652343749,2.4947581298828125,9.5001921875,9.83640728533462
2.549117135041034,-0.5267243652343749,2.4851813232421875,9.5001921875,9.833982731617915
2.551604078587416,-0.5219359619140624,2.4851813232421875,9.5001921875,9.833727419303779
2.5540910221337976,-0.51714755859375,2.4660277099609376,9.495403784179686,9.824022968635028
2.556577965680179,-0.51714755859375,2.4564509033203126,9.481038574218749,9.80773598154062
2.5590649092265605,-0.5123591552734374,2.4660277099609376,9.476250170898437,9.80525990842366
2.5615518527729417,-0.5027823486328125,2.47081611328125,9.457096557617186,9.78746124670958
2.5640387963193234,-0.49799394531249996,2.4660277099609376,9.447519750976562,9.77675406671127
2.566525739865705,-0.5027823486328125,2.461239306640625,9.447519750976562,9.775792472211233
2.5690126834120863,-0.49799394531249996,2.4660277099609376,9.447519750976562,9.77675406671127
2.571499626958468,-0.49320554199218747,2.47081611328125,9.457096557617186,9.786973958910737
2.5739865705048492,-0.49320554199218747,2.4660277099609376,9.471461767578125,9.799649605350242
2.576473514051231,-0.49320554199218747,2.4660277099609376,9.485826977539062,9.813534420419325
2.5789604575976126,-0.488417138671875,2.4660277099609376,9.490615380859374,9.81792362340674
2.581447401143994,-0.488417138671875,2.461239306640625,9.504980590820312,9.830610675729767
2.5839343446903755,-0.49320554199218747,2.461239306640625,9.509768994140625,9.835479497875182
2.5864212882367568,-0.488417138671875,2.4564509033203126,9.509768994140625,9.834043352746113
2.5889082317831384,-0.488417138671875,2.4564509033203126,9.509768994140625,9.834043352746113
2.5913951753295197,-0.49799394531249996,2.4564509033203126,9.514557397460937,9.83915400222853
2.5938821188759014,-0.49799394531249996,2.47081611328125,9.504980590820312,9.833493085729456
2.596369062422283,-0.5027823486328125,2.4851813232421875,9.504980590820312,9.83735596241995
2.5988560059686643,-0.507570751953125,2.499546533203125,9.509768994140625,9.845865490743027
2.601342949515046,-0.5027823486328125,2.5139117431640625,9.509768994140625,9.849276555383817
2.603829893061427,-0.5123591552734374,2.5139117431640625,9.5001921875,9.840524160625119
2.606316836607809,-0.51714755859375,2.528276953125,9.495403784179686,9.839833279770364
2.6088037801541906,-0.51714755859375,2.5330653564453125,9.490615380859374,9.836444581493225
2.611290723700572,-0.5123591552734374,2.5330653564453125,9.490615380859374,9.836193995210772
2.6137776672469535,-0.51714755859375,2.5474305664062498,9.504980590820312,9.854009342389075
2.6162646107933347,-0.5267243652343749,2.5617957763671875,9.504980590820312,9.858239811884024
2.6187515543397164,-0.5363011718749999,2.5570073730468748,9.495403784179686,9.848278970326971
2.6212384978860976,-0.5363011718749999,2.5426421630859375,9.485826977539062,9.83532213830664
2.6237254414324793,-0.5458779785156249,2.5378537597656248,9.490615380859374,9.83923090392686
2.626212384978861,-0.5458779785156249,2.5426421630859375,9.5001921875,9.849703728354811
2.6286993285252422,-0.5506663818359374,2.5378537597656248,9.495403784179686,9.844116425289508
2.631186272071624,-0.55545478515625,2.5426421630859375,9.490615380859374,9.84100297201763
2.633673215618005,-0.55545478515625,2.5474305664062498,9.485826977539062,9.837623999565226
2.636160159164387,-0.55545478515625,2.5474305664062498,9.490615380859374,9.842241249655403
2.6386471027107685,-0.55545478515625,2.5474305664062498,9.485826977539062,9.837623999565226
2.6411340462571498,-0.5506663818359374,2.5378537597656248,9.471461767578125,9.82102454862704
2.6436209898035314,-0.5506663818359374,2.528276953125,9.481038574218749,9.827792746166923
2.6461079333499127,-0.5410895751953124,2.528276953125,9.481038574218749,9.827260794642216
2.6485948768962944,-0.5410895751953124,2.5330653564453125,9.495403784179686,9.842351906583222
2.6510818204426756,-0.5410895751953124,2.528276953125,9.509768994140625,9.854981917893431
2.6535687639890573,-7.316680273437499,-2.3032219970703123,10.66856259765625,13.139896106575875
2.656055707535439,-5.032611889648437,-2.2266075439453124,10.606313354492187,11.94901027534349
2.65854265108182,-2.806004345703125,-1.9728221679687499,10.51533369140625,11.060647826242237
2.661029594628202,-0.718260498046875,-1.5753846923828123,10.405200415039062,10.548266717768264
2.663516538174583,1.1827356201171875,-1.0821791503906248,10.28549033203125,10.409672743700566
2.666003481720965,2.844311572265625,-0.49799394531249996,10.156203442382813,10.558720313217911
2.6684904252673465,4.228160131835938,0.143652099609375,10.022128149414062,10.878466191032944
2.6709773688137277,5.305550878906249,0.814028564453125,9.892841259765625,11.25521305099684
2.6734643123601094,6.066907006835937,1.484405029296875,9.763554370117188,11.590419011357238
2.6759512559064906,0.5315127685546874,-6.842628344726562,10.376469995117187,12.440868058409723
2.6784381994528723,2.2601263671875,-6.248866333007812,10.232817895507813,12.201109118685874
2.6809251429992536,3.687070556640625,-5.49708701171875,10.079588989257813,12.05863048179272
2.6834120865456352,4.8123453369140625,-4.6447512207031245,9.9215716796875,11.965365273952932
2.685899030092017,5.635950708007812,-3.7014357666015623,9.758765966796874,11.861622161917145
2.688385973638398,6.172251879882812,-2.7054478759765623,9.595960253906249,11.72597947605621
2.69087291718478,6.430825659179687,-1.695094775390625,9.452308154296874,11.557464877736278
2.693359860731161,6.4356140625,-0.6943184814453125,9.34696328125,11.369473562841863
2.6958468042775428,6.215347509765625,0.27293898925781246,9.246406811523437,11.144553794710394
2.6983337478239244,5.80354482421875,1.197100830078125,9.160215551757812,10.909799809288696
2.7008206913703057,5.228936425781249,2.0446482177734375,9.093177905273437,10.686825856925857
2.7033076349166874,4.53940634765625,2.8107927490234372,9.030928662109375,10.491160010561902
2.7057945784630686,3.768473413085937,3.4955344238281247,8.997409838867187,10.362120274434526
2.7082815220094503,2.9496564453125,4.084508032226562,8.987833032226561,10.303631477584968
2.7107684655558315,2.1164742675781247,4.572925170898437,8.992621435546875,10.308169004581462
2.713255409102213,1.3072341064453123,4.970362646484375,9.016563452148437,10.378428702517544
2.715742352648595,-7.886500268554687,-4.649539624023437,9.931148486328125,13.507139425458469
2.718229296194976,-6.138733056640625,-4.448426684570312,9.945513696289062,12.505430268158024
2.720716239741358,-4.410119458007812,-3.9600095458984375,9.955090502929687,11.58596807172481
2.723203183287739,-2.7820623291015623,-3.246537451171875,9.97903251953125,10.856379057988432
2.7256901268341207,-1.2880804931640624,-2.35589443359375,9.969455712890625,10.324700341917692
2.7281770703805024,0.0383072265625,-1.3072341064453123,9.950302099609374,10.03587765599758
2.7306640139268836,1.1635820068359375,-0.1867477294921875,9.916783276367187,9.986560386416274
2.7331509574732653,2.0638018310546875,0.967257470703125,9.878476049804688,10.138005429030924
2.7356379010196465,2.7246014892578123,2.1260510742187497,9.849745629882811,10.438440277112674
2.7381248445660282,3.1938650146484373,3.2225954345703123,9.797073193359374,10.796691077489877
2.74061178811241,3.4572271972656248,4.223371728515625,9.734823950195311,11.160469792622282
2.743098731658791,3.5146880371093747,5.099649536132812,9.686939916992188,11.497663342827359
2.745585675205173,3.414131567382812,5.8226984375,9.65342109375,11.779161696263541
2.748072618751554,3.1794998046874996,6.37815322265625,9.605537060546874,11.960618703111795
2.7505595622979357,2.829946362304687,6.76122548828125,9.552864624023437,12.040763640310526
2.753046505844317,2.39420166015625,6.967126831054687,9.5001921875,12.021926196285397
2.7555334493906987,1.905784521484375,7.005434057617187,9.452308154296874,11.918651367572567
2.7580203929370803,1.388636962890625,6.87614716796875,9.404424121093749,11.732557502082855
2.7605073364834616,0.8714894042968749,6.593631372070312,9.361328491210937,11.483463744572418
2.7629942800298433,0.3687070556640625,6.1818286865234375,9.332598071289063,11.200372206433538
2.7654812235762245,-0.1005564697265625,5.664681127929687,9.318232861328125,10.905420099320427
2.767968167122606,-0.5363011718749999,5.066130712890625,9.303867651367186,10.607320708888034
2.770455110668988,-0.9002198242187499,4.414907861328125,9.303867651367186,10.337492947039436
2.772942054215369,-1.2018892333984375,3.754108203125,9.3086560546875,10.108854716267306
2.775428997761751,-1.446097802734375,3.0837317382812497,9.318232861328125,9.921192667552203
2.777915941308132,-1.618480322265625,2.427720483398437,9.327809667968749,9.773501854551656
2.7804028848545137,-1.7238251953125,1.8195932617187498,9.332598071289063,9.663326533979632
2.782889828400895,-1.7621324218749999,1.2737152832031249,9.342174877929686,9.59185554231864
2.7853767719472766,-1.7525556152343749,0.8092401611328125,9.361328491210937,9.558283943430299
2.7878637154936583,-1.6998831787109374,0.4261678955078125,9.380482104492186,9.54278085303881
2.7903506590400395,-1.5945383056640625,0.13407529296874998,9.399635717773437,9.534866554874107
2.792837602586421,-1.455674609375,-0.047884033203124995,9.409212524414063,9.521268916410529
2.7953245461328025,-1.3120225097656248,-0.1388636962890625,9.428366137695312,9.520229735606087
2.797811489679184,-1.149216796875,-0.1388636962890625,9.447519750976562,9.518172714206175
2.800298433225566,-0.9816226806640624,-0.047884033203124995,9.457096557617186,9.50802562406753
2.802785376771947,-0.814028564453125,0.11013327636718749,9.4618849609375,9.497475393825678
2.8052723203183287,-0.6464344482421874,0.3447650390625,9.485826977539062,9.514076617089113
2.80775926386471,-0.49799394531249996,0.622492431640625,9.495403784179686,9.528808310677242
2.8102462074110917,-0.37828386230468747,0.9433154541015625,9.504980590820312,9.559163078339957
2.812733150957473,-0.27293898925781246,1.2976572998046874,9.514557397460937,9.606519277510044
2.8152200945038546,-0.1867477294921875,1.656787548828125,9.528922607421874,9.673685220982648
2.8177070380502363,-0.12449848632812499,2.0350714111328125,9.552864624023437,9.76802119399966
2.8201939815966175,-0.086191259765625,2.384624853515625,9.567229833984374,9.860311928207194
2.822680925142999,-0.0718260498046875,2.7150246826171873,9.586383447265625,9.963697386345064
2.8251678686893804,-0.0718260498046875,3.0310593017578125,9.576806640625,10.045282718974224
2.827654812235762,-0.0909796630859375,3.289633081054687,9.576806640625,10.126459822612425
2.8301417557821438,-0.1149216796875,3.5098996337890624,9.581595043945311,10.204879520008658
2.832628699328525,-0.1484405029296875,3.69664736328125,9.572018237304688,10.262103558562337
2.8351156428749067,-0.201112939453125,3.816357446289062,9.581595043945311,10.31561894209062
2.837602586421288,-0.27293898925781246,3.883395092773437,9.586383447265625,10.346690327657548
2.8400895299676696,-0.33039982910156246,3.9169139160156248,9.567229833984374,10.343271502229257
2.842576473514051,-0.39264907226562495,3.902548706054687,9.552864624023437,10.326726597620304
2.8450634170604325,-0.45489831542968745,3.83072265625,9.5384994140625,10.2890397811729
2.847550360606814,-0.507570751953125,3.7397429931640622,9.514557397460937,10.235727047588588
2.8500373041531954,-0.5698199951171875,3.6296097167968746,9.490615380859374,10.176961325980667
2.852524247699577,-0.612915625,3.4715924072265625,9.476250170898437,10.110733737307838
2.8550111912459584,-0.6416460449218749,3.308786694335937,9.457096557617186,10.039743738545983
2.85749813479234,-0.6703764648437499,3.1364041748046874,9.437942944335937,9.968008967335912
2.8599850783387217,-0.6943184814453125,2.9544448486328125,9.423577734375,9.900234332231625
2.862472021885103,-0.7038952880859375,2.7724855224609373,9.414000927734374,9.838981553810777
2.8649589654314846,-0.7038952880859375,2.6096798095703124,9.418789331054686,9.798953502688851
2.867445908977866,-0.699106884765625,2.4516625,9.428366137695312,9.76695896769678
2.8699328525242476,-0.6847416748046875,2.3032219970703123,9.423577734375,9.725097431121766
2.8724197960706292,-0.6703764648437499,2.1787235107421874,9.447519750976562,9.718635201815603
2.8749067396170105,0.105344873046875,2.6479870361328124,4.405331054687499,5.1409993763079544
2.877393683163392,0.7038952880859375,1.9297265380859374,-0.16280571289062498,2.0605384705296204
2.8798806267097734,1.149216796875,1.2832920898437499,-3.840299462890625,4.208971109279939
2.882367570256155,1.4221557861328125,0.74699091796875,-6.445190869140625,6.642364627992994
2.8848545138025363,1.5035586425781249,0.3447650390625,-7.857769848632812,8.007752401136917
2.887341457348918,1.426944189453125,0.12449848632812499,-8.058882788085937,8.185185482627734
2.8898284008952997,1.1923124267578125,0.086191259765625,-7.125144140624999,7.224729536871526
2.892315344441681,0.8283937744140625,0.19153613281249998,-5.200206005859375,5.269256573657868
2.8948022879880626,0.39264907226562495,0.45489831542968745,-2.461239306640625,2.533536006431455
2.897289231534444,-0.08140285644531249,0.8475473876953125,0.8762778076171874,1.2218125042530008
2.8997761750808255,-0.55545478515625,1.3072341064453123,4.548983154296875,4.765568042267741
2.902263118627207,-0.9911994873046874,1.8195932617187498,8.307879760742187,8.562374797956174
2.9047500621735884,-1.3407529296874998,2.346317626953125,11.89439384765625,12.197517363307151
2.90723700571997,-1.5849614990234373,2.829946362304687,15.107412475585937,15.451686350505494
2.9097239492663514,-1.7190367919921874,3.2513258544921873,17.774553125,18.15105909025034
2.912210892812733,-1.7477672119140624,3.5817256835937497,19.742586889648436,20.140833800885087
2.9146978363591143,-1.6711527587890624,3.81156904296875,20.930110913085937,21.33987706025049
2.917184779905496,-12.483367456054687,-1.7286135986328124,22.610840478515623,25.885762016234796
2.9196717234518776,-8.987833032226561,-1.5131354492187499,22.175095776367186,23.97510363260028
2.922158666998259,-5.487510205078125,-1.24498486328125,20.982783349609374,21.724178986955536
2.9246456105446406,-2.1212626708984375,-0.9576806640625,19.17276689453125,19.313515940017236
2.927132554091022,1.005564697265625,-0.6560112548828124,16.903063720703123,16.94565060046589
2.9296194976374035,3.81156904296875,-0.32082302246093747,14.331691137695312,14.833352852519656
2.932106441183785,6.248866333007812,0.028730419921875,11.631031665039062,13.20341067595675
2.9345933847301664,8.245630517578125,0.38786066894531246,8.992621435546875,12.20688735157278
2.937080328276548,9.777919580078125,0.7613561279296874,6.56968935546875,11.804583546037135
2.9395672718229293,10.8409451171875,1.149216796875,4.491522314453125,11.79069815495764
2.942054215369311,11.429918725585937,1.5610194824218748,2.858676782226562,11.884942441730288
2.9445411589156922,11.578359228515625,1.9776105712890624,1.7621324218749999,11.8774768645723
2.947028102462074,11.324573852539062,2.403778466796875,1.235408056640625,11.642609541054803
2.9495150460084556,10.721235034179687,2.81558115234375,1.2641384765625,11.156631389961802
2.952001989554837,9.840168823242188,3.1938650146484373,1.8052280517578123,10.501835292964564
2.9544889331012185,8.734047656249999,3.5386300537109374,2.8012159423828122,9.831190257264478
2.9569758766475998,7.4411787597656245,3.845087866210937,4.146757275390625,9.346199117003378
2.9594628201939814,6.062118603515625,4.089296435546875,5.736507177734374,9.294037976093309
2.961949763740363,4.639962817382812,4.266467358398438,7.4603323730468745,9.766706598608643
2.9644367072867444,3.2034418212890623,4.371812231445312,9.193734375,10.67237243762863
2.966923650833126,1.8148048583984373,4.390965844726562,10.812214697265624,11.810084012545744
2.9694105943795073,0.5123591552734374,4.338293408203125,12.229582080078124,12.986376686859934
2.971897537925889,-0.679953271484375,4.223371728515625,13.364433666992186,14.032365889188522
2.97438448147227,-1.7477672119140624,4.04141240234375,14.178462231445312,14.84643040199835
2.976871425018652,-2.6719290527343746,3.816357446289062,14.638148950195312,15.361614293712627
2.9793583685650336,-3.447650390625,3.5434184570312497,14.72912861328125,15.536709345424045
2.981845312111415,-4.070142822265625,3.246537451171875,14.475343237304687,15.383160593755903
2.9843322556577965,-4.53940634765625,2.940079638671875,13.919888452148436,14.933638966813486
2.9868191992041777,-4.8698061767578125,2.6431986328124997,13.115436694335937,14.237843618147517
2.9893061427505594,-5.051765502929687,2.375048046875,12.109871997070313,13.334548650291202
2.991793086296941,-5.104437939453125,2.1404162841796874,11.003750830078124,12.317434833509575
2.9942800298433223,-5.042188696289062,1.9393033447265624,9.878476049804688,11.25916752599488
2.996766973389704,-4.879382983398437,1.7956512451171873,8.815450512695312,10.234496051811696
2.9992539169360852,-4.620809204101562,1.7094599853515624,7.857769848632812,9.274625498439859
3.001740860482467,-4.271255761718749,1.6711527587890624,7.053318090820312,8.413422217832467
3.0042278040288486,-3.854664672851562,1.6807295654296874,6.4739212890625,7.719776452023463
3.00671474757523,-3.39018955078125,1.7477672119140624,6.124367846679687,7.214981423310265
3.0092016911216115,-2.877830395507812,1.848323681640625,6.0142345703124995,6.918758969942816
3.0116886346679927,-2.3367408203125,1.9680337646484374,6.148309863281249,6.865510085567752
3.0141755782143744,-1.7860744384765623,2.1021090576171875,6.49307490234375,7.05471091380376
3.0166625217607557,-1.2306196533203124,2.2170307373046874,6.995857250976562,7.441214195098358
3.0191494653071373,-0.6847416748046875,2.3511060302734372,7.64229169921875,8.025035398224126
3.021636408853519,-0.16280571289062498,2.4660277099609376,8.379705810546875,8.736547821522988
3.0241233523999003,0.316034619140625,2.5665841796874997,9.141061938476563,9.499802397680828
3.026610295946282,0.737414111328125,2.6431986328124997,9.868899243164062,10.243312494296555
3.029097239492663,1.0965443603515623,2.6958710693359373,10.529698901367187,10.924499499297651
3.031584183039045,1.37906015625,2.7341782958984373,11.085153686523437,11.500355217216663
3.0340711265854265,1.5753846923828123,2.729389892578125,11.516109985351562,11.93952240709048
3.036558070131808,1.70467158203125,2.6910826660156246,11.789048974609374,12.21185927054734
3.0390450136781895,1.7621324218749999,2.6623522460937497,11.889605444335936,12.310806138368283
3.0415319572245707,1.7381904052734374,2.6240450195312497,11.822567797851562,12.234378916982593
3.0440189007709524,1.637633935546875,2.5857377929687497,11.616666455078125,12.013110520151681
3.0465058443173336,1.4796166259765624,2.5474305664062498,11.267113012695312,11.645879249390111
3.0489927878637153,1.2689268798828124,2.5234885498046875,10.82179150390625,11.184334635618786
3.051479731410097,1.0199299072265624,2.4899697265625,10.333374365234375,10.67796010607531
3.0539666749564782,0.7326257080078125,2.4756045166015626,9.821015209960937,10.154688469122826
3.05645361850286,0.44053310546874996,2.480392919921875,9.327809667968749,9.662010746012642
3.058940562049241,0.13407529296874998,2.4756045166015626,8.86812294921875,9.20815934643091
3.061427505595623,-0.16280571289062498,2.4899697265625,8.461108666992187,8.821383951172166
3.0639144491420045,-0.44053310546874996,2.528276953125,8.135497241210937,8.530683977880539
3.0664013926883857,-0.6943184814453125,2.5474305664062498,7.915230688476562,8.34400128811942
3.0688883362347674,-0.9193734375,2.5570073730468748,7.819462622070312,8.278135654925654
3.0713752797811487,-1.120486376953125,2.5905261962890624,7.838616235351562,8.331279624386312
3.0738622233275303,-1.2785036865234374,2.6144682128906247,7.972691528320312,8.487274351546555
3.0763491668739116,-1.3838485595703125,2.6240450195312497,8.212111694335936,8.731519202326743
3.0788361104202933,-1.4508862060546874,2.6336218261718747,8.499415893554687,9.015603431707644
3.081323053966675,-1.4891934326171874,2.6336218261718747,8.825027319335938,9.329242637538412
3.083809997513056,-1.484405029296875,2.6192566162109374,9.160215551757812,9.642277348595211
3.086296941059438,-1.446097802734375,2.6048914062499997,9.504980590820312,9.960989615761033
3.088783884605819,-1.39821376953125,2.5857377929687497,9.816226806640625,10.24691906861295
3.091270828152201,-1.3168109130859373,2.5617957763671875,10.084377392578125,10.487681153456933
3.0937577716985825,-1.2210428466796874,2.5378537597656248,10.314220751953124,10.691809812160177
3.0962447152449637,-1.120486376953125,2.50912333984375,10.486603271484375,10.840665931066827
3.0987316587913454,-1.0103531005859374,2.4756045166015626,10.587159741210938,10.919587102834948
3.1012186023377266,-0.9002198242187499,2.442085693359375,10.611101757812499,10.925642259395026
3.1037055458841083,-0.7996633544921875,2.422932080078125,10.55364091796875,10.85768842666862
3.1061924894304895,-0.70868369140625,2.403778466796875,10.443507641601562,10.73998302382698
3.108679432976871,-0.622492431640625,2.408566870117187,10.28549033203125,10.582060412111824
3.111166376523253,-0.5123591552734374,2.418143676757812,10.070012182617187,10.368947685444983
3.113653320069634,-0.4261678955078125,2.427720483398437,9.840168823242188,10.14417903482492
3.116140263616016,-0.36391865234375,2.427720483398437,9.600748657226562,9.909623520107798
3.118627207162397,-0.296881005859375,2.446874096679687,9.380482104492186,9.698905901664387
3.1211141507087787,-0.2346317626953125,2.47081611328125,9.160215551757812,9.490496998807885
3.1236010942551604,-0.201112939453125,2.4899697265625,8.978256225585938,9.319306868318366
3.1260880378015417,-0.1771709228515625,2.518700146484375,8.858546142578124,9.211356019826301
3.1285749813479233,-0.1484405029296875,2.5474305664062498,8.781931689453124,9.145149603576307
3.1310619248943046,-0.13407529296874998,2.5617957763671875,8.743624462890624,9.112175510384816
3.1335488684406863,-0.1388636962890625,2.5761609863281247,8.762778076171875,9.134668475969153
3.136035811987068,-0.143652099609375,2.5857377929687497,8.825027319335938,9.197161684277097
3.138522755533449,-0.1580173095703125,2.5809493896484375,8.920795385742187,9.287995453074338
3.141009699079831,-0.1867477294921875,2.5857377929687497,9.054870678710937,9.41868343541901
3.143496642626212,-0.22026655273437498,2.5857377929687497,9.208099584960937,9.566799634924847
3.1459835861725938,-10.524910498046875,-3.9169139160156248,10.160991845703125,15.144692499546485
3.148470529718975,-7.819462622070312,-3.88818349609375,10.28549033203125,13.492712031595385
3.1509574732653567,-5.200206005859375,-3.6918589599609373,10.376469995117187,12.179618000708686
3.1534444168117384,-2.7341782958984373,-3.361459130859375,10.43871923828125,11.302300552447852
3.1559313603581196,-0.49799394531249996,-2.91134921875,10.462661254882812,10.871579129892314
3.1584183039045013,1.484405029296875,-2.375048046875,10.419565624999999,10.789423493850274
3.1609052474508825,3.189076611328125,-1.7717092285156248,10.352527978515624,10.97652033976507
3.163392190997264,4.568136767578125,-1.120486376953125,10.24718310546875,11.275110857337095
3.165879134543646,5.6311623046875,-0.43574470214843747,10.098742602539062,11.570845453099842
3.168366078090027,6.37815322265625,0.258573779296875,9.945513696289062,11.817823048856905
3.170853021636409,6.823474731445312,0.9337386474609375,9.782707983398437,11.96382258146962
3.17333996518279,6.995857250976562,1.5945383056640625,9.619902270507811,12.001128729348448
3.1758269087291717,6.9144543945312495,2.2170307373046874,9.452308154296874,11.91935544851287
3.178313852275553,6.60799658203125,2.786850732421875,9.299079248046874,11.74329726671317
3.1808007958219346,6.119579443359375,3.299209887695312,9.160215551757812,11.499721187981855
3.1832877393683163,5.4779333984375,3.7397429931640622,9.04050546875,11.21267903327012
3.1857746829146976,4.726154077148437,4.108450048828125,8.94473740234375,10.918984447353601
3.1882616264610792,3.902548706054687,4.395754248046875,8.901641772460938,10.66732244087394
3.1907485700074605,3.0358477050781247,4.5968671875,8.877699755859375,10.44801953401351
3.193235513553842,2.1547814941406247,4.735730883789063,8.877699755859375,10.289984608654672
3.195722457100224,1.2880804931640624,4.802768530273437,8.939948999023438,10.22978127905943
3.198209400646605,0.47884033203125,4.802768530273437,9.016563452148437,10.227134990092955
3.2006963441929868,-0.2537853759765625,4.754884497070313,9.107543115234375,10.277191989711598
3.203183287739368,-0.9337386474609375,4.6639048339843745,9.208099584960937,10.364023066781682
3.2056702312857497,-1.5275006591796874,4.510675927734375,9.303867651367186,10.451861502287212
3.208157174832131,-2.01112939453125,4.314351391601562,9.399635717773437,10.53619575551841
3.2106441183785126,-2.384624853515625,4.113238452148437,9.490615380859374,10.61493978144207
3.2131310619248943,-2.6623522460937497,3.88818349609375,9.576806640625,10.67339289136755
3.2156180054712755,-2.844311572265625,3.6391865234374996,9.65342109375,10.701510439454362
3.218104949017657,-2.93050283203125,3.39018955078125,9.710881933593749,10.69497358421081
3.2205918925640384,-2.93050283203125,3.1459809814453124,9.777919580078125,10.681420996226764
3.22307883611042,-2.849099975585937,2.901772412109375,9.811438403320311,10.620827526361186
3.225565779656802,-2.7150246826171873,2.6815058593749996,9.830592016601562,10.545253534076522
3.228052723203183,-2.528276953125,2.4899697265625,9.821015209960937,10.442436178650308
3.2305396667495647,-2.2936451904296873,2.3127988037109373,9.7683427734375,10.297104792386868
3.233026610295946,-2.0350714111328125,2.1547814941406247,9.715670336914062,10.157699002800427
3.2355135538423276,-1.7573440185546874,2.020706201171875,9.662997900390625,10.027214965979239
3.238000497388709,-1.4700398193359374,1.924938134765625,9.6151138671875,9.915483779024076
3.2404874409350906,-1.1827356201171875,1.8531120849609375,9.543287817382812,9.793223693551038
3.2429743844814722,-0.9145850341796874,1.7812860351562498,9.476250170898437,9.68549239973068
3.2454613280278535,-0.6655880615234374,1.7429788085937499,9.442731347656249,9.625287419025959
3.247948271574235,-0.430956298828125,1.7477672119140624,9.404424121093749,9.575155696277289
3.2504352151206164,-0.229843359375,1.7525556152343749,9.366116894531249,9.531444005834688
3.252922158666998,-0.0526724365234375,1.7764976318359373,9.342174877929686,9.509729211250368
3.2554091022133798,0.0909796630859375,1.8100164550781248,9.332598071289063,9.506935553950976
3.257896045759761,0.19153613281249998,1.8531120849609375,9.318232861328125,9.502640377681162
3.2603829893061427,0.258573779296875,1.924938134765625,9.327809667968749,9.527868619154344
3.262869932852524,0.296881005859375,1.9967641845703124,9.34696328125,9.562474999782147
3.2653568763989056,0.3064578125,2.0638018310546875,9.380482104492186,9.609715859556157
3.2678438199452873,0.28730419921875,2.1404162841796874,9.423577734375,9.667871683482284
3.2703307634916685,0.24899697265624998,2.2266075439453124,9.466673364257812,9.728190234195385
3.27281770703805,0.19632453613281248,2.308010400390625,9.495403784179686,9.77385023194099
3.2753046505844314,0.12449848632812499,2.389413256835937,9.528922607421874,9.824721962644897
3.277791594130813,0.0430956298828125,2.47081611328125,9.552864624023437,9.86732040748063
3.2802785376771944,-0.0430956298828125,2.5474305664062498,9.562441430664062,9.89603687537877
3.282765481223576,-0.15322890625,2.6096798095703124,9.581595043945311,9.931811083198616
3.2852524247699577,-0.24899697265624998,2.6575638427734374,9.581595043945311,9.946436983008843
3.287739368316339,-0.33518823242187495,2.710236279296875,9.567229833984374,9.949352669246966
3.2902263118627206,-0.4165910888671875,2.7437551025390623,9.557653027343749,9.952410340672547
3.292713255409102,-0.49320554199218747,2.7724855224609373,9.543287817382812,9.950088946552915
3.2952001989554836,-0.5746083984375,2.786850732421875,9.528922607421874,9.944700994730356
3.2976871425018652,-0.6416460449218749,2.7964275390625,9.504980590820312,9.92856347414176
3.3001740860482465,-0.689530078125,2.8012159423828122,9.476250170898437,9.90563373974383
3.302661029594628,-0.7230489013671875,2.7964275390625,9.457096557617186,9.888350822816223
3.3051479731410094,-0.74699091796875,2.7820623291015623,9.447519750976562,9.876917316634074
3.307634916687391,-0.7661445312499999,2.7581203125,9.437942944335937,9.862503339493978
3.3101218602337723,-0.7805097412109374,2.73896669921875,9.423577734375,9.844539163991511
3.312608803780154,-0.7757213378906249,2.7198130859375,9.423577734375,9.838848719860671
3.3150957473265357,-0.7613561279296874,2.6815058593749996,9.428366137695312,9.831796623905428
3.317582690872917,-0.74699091796875,2.6527754394531247,9.428366137695312,9.822896771835339
3.3200696344192986,-0.7278373046875,2.6336218261718747,9.442731347656249,9.830101035563859
3.32255657796568,-0.70868369140625,2.5953145996093747,9.4618849609375,9.83692825324176
3.3250435215120615,-0.679953271484375,2.5761609863281247,9.4618849609375,9.82986311669174
3.327530465058443,-0.63206923828125,2.5617957763671875,9.476250170898437,9.836748773006601
3.3300174086048244,-0.6081272216796875,2.5378537597656248,9.509768994140625,9.861350148211084
3.332504352151206,-0.5793968017578125,2.518700146484375,9.514557397460937,9.859328250513126
3.3349912956975873,-0.5363011718749999,2.5043349365234375,9.5001921875,9.839357906930836
3.337478239243969,-0.5123591552734374,2.4947581298828125,9.5001921875,9.83564851090384
3.3399651827903503,-0.488417138671875,2.4851813232421875,9.471461767578125,9.804247320699043
3.342452126336732,-0.4740519287109375,2.4851813232421875,9.466673364257812,9.798916063833524
3.3449390698831136,-0.45489831542968745,2.47081611328125,9.471461767578125,9.799002640969395
3.347426013429495,-0.44053310546874996,2.4660277099609376,9.490615380859374,9.815658021279758
3.3499129569758765,-0.430956298828125,2.4564509033203126,9.495403784179686,9.81746237051799
3.352399900522258,-0.4213794921875,2.446874096679687,9.495403784179686,9.81465468297546
3.3548868440686395,-0.4213794921875,2.437297290039062,9.490615380859374,9.807637792245005
3.357373787615021,-0.4165910888671875,2.446874096679687,9.485826977539062,9.805185078729185
3.3598607311614024,-0.4213794921875,2.461239306640625,9.495403784179686,9.81824590370413
3.362347674707784,-0.44532150878906246,2.47081611328125,9.481038574218749,9.807820143011613
3.3648346182541653,-0.45010991210937495,2.47081611328125,9.490615380859374,9.817296547728091
3.367321561800547,-0.45489831542968745,2.480392919921875,9.504980590820312,9.833816021588476
3.369808505346928,-0.4740519287109375,2.4899697265625,9.509768994140625,9.84176715799712
3.37229544889331,-0.4836287353515625,2.5043349365234375,9.514557397460937,9.850502154587259
3.3747823924396916,-0.488417138671875,2.5139117431640625,9.509768994140625,9.84855369461349
3.377269335986073,-0.49320554199218747,2.5330653564453125,9.504980590820312,9.849077512058988
3.3797562795324545,-0.5027823486328125,2.5378537597656248,9.495403784179686,9.841553984034592
3.3822432230788357,-0.5123591552734374,2.5474305664062498,9.466673364257812,9.816813076564191
3.3847301666252174,-0.5123591552734374,2.5522189697265625,9.442731347656249,9.794973653738667
3.387217110171599,-0.5219359619140624,2.5570073730468748,9.442731347656249,9.796727982248218
3.3897040537179803,-0.5267243652343749,2.5617957763671875,9.447519750976562,9.80284987143211
3.392190997264362,-0.5123591552734374,2.5570073730468748,9.466673364257812,9.819302581922859
3.3946779408107433,-0.5219359619140624,2.5570073730468748,9.485826977539062,9.838273085352078
3.397164884357125,-0.5219359619140624,2.5474305664062498,9.485826977539062,9.83578838155884
3.3996518279035066,-0.51714755859375,2.5378537597656248,9.495403784179686,9.84229832548932
3.402138771449888,-0.5123591552734374,2.5426421630859375,9.490615380859374,9.838664613701361
3.4046257149962695,-0.5123591552734374,2.5426421630859375,9.490615380859374,9.838664613701361
3.4071126585426508,-0.5123591552734374,2.528276953125,9.509768994140625,9.85344622848341
3.4095996020890325,-0.5123591552734374,2.5234885498046875,9.509768994140625,9.852218668244543
3.4120865456354137,-0.5123591552734374,2.518700146484375,9.504980590820312,9.846370821971096
3.4145734891817954,-0.5123591552734374,2.5139117431640625,9.514557397460937,9.85439326523908
3.417060432728177,-0.507570751953125,2.5139117431640625,9.519345800781249,9.858768929004677
3.4195473762745583,-0.5123591552734374,2.5139117431640625,9.504980590820312,9.845147037412978
3.42203431982094,-0.51714755859375,2.5139117431640625,9.490615380859374,9.831529593973777
3.424521263367321,-0.5123591552734374,2.518700146484375,9.481038574218749,9.823260903473795
3.427008206913703,-0.51714755859375,2.50912333984375,9.476250170898437,9.81643819485259
3.4294951504600846,-0.51714755859375,2.5139117431640625,9.481038574218749,9.822285187042857
3.431982094006466,-0.51714755859375,2.518700146484375,9.471461767578125,9.814269205598245
3.4344690375528475,-0.5123591552734374,2.5139117431640625,9.466673364257812,9.808168470308766
3.4369559810992287,-0.5219359619140624,2.5043349365234375,9.471461767578125,9.810845969503607
3.4394429246456104,-0.51714755859375,2.5043349365234375,9.466673364257812,9.80596959291633
3.4419298681919916,-0.5027823486328125,2.499546533203125,9.466673364257812,9.804000588907204
3.4444168117383733,-0.5027823486328125,2.4947581298828125,9.471461767578125,9.807405173204952
3.446903755284755,-0.5219359619140624,2.4947581298828125,9.481038574218749,9.817653880677371
3.4493906988311362,-0.5267243652343749,2.4899697265625,9.5001921875,9.835193917537433
3.451877642377518,-0.5219359619140624,2.4851813232421875,9.509768994140625,9.842979715495169
3.454364585923899,-0.5267243652343749,2.4947581298828125,9.514557397460937,9.850282186471947
3.456851529470281,-0.5219359619140624,2.5043349365234375,9.528922607421874,9.866330456703075
3.4593384730166625,-0.5219359619140624,2.50912333984375,9.5384994140625,9.87679543956229
3.4618254165630438,-0.51714755859375,2.5043349365234375,9.533711010742186,9.870703151650247
3.4643123601094254,-0.507570751953125,2.499546533203125,9.519345800781249,9.855115697684
3.4667993036558067,-0.51714755859375,2.5043349365234375,9.519345800781249,9.856829081733279
3.4692862472021884,-0.51714755859375,2.50912333984375,9.514557397460937,9.853422958621373
3.4717731907485696,-0.5123591552734374,2.5234885498046875,9.509768994140625,9.852218668244543
3.4742601342949513,-0.5219359619140624,2.5139117431640625,9.519345800781249,9.859518947474513
3.476747077841333,-0.5219359619140624,2.5043349365234375,9.509768994140625,9.847833109093056
3.479234021387714,-0.5027823486328125,2.5139117431640625,9.504980590820312,9.844653288683444
3.481720964934096,-0.5123591552734374,2.518700146484375,9.509768994140625,9.850993282599037
3.484207908480477,-0.5123591552734374,2.5139117431640625,9.495403784179686,9.83590144221792
3.486694852026859,-0.5027823486328125,2.5139117431640625,9.471461767578125,9.812294856821673
3.4891817955732405,-0.5123591552734374,2.528276953125,9.457096557617186,9.80262064734683
3.4916687391196217,-0.51714755859375,2.5378537597656248,9.4618849609375,9.809964847915166
3.4941556826660034,-0.5123591552734374,2.5378537597656248,9.452308154296874,9.800476674822312
3.4966426262123846,-0.5123591552734374,2.5234885498046875,9.442731347656249,9.787526841291312
3.4991295697587663,-0.5123591552734374,2.5139117431640625,9.452308154296874,9.794304140682883
3.5016165133051476,-0.5123591552734374,2.528276953125,9.4618849609375,9.807240349339398
3.5041034568515292,-0.5123591552734374,2.5234885498046875,9.481038574218749,9.824489748114747
3.506590400397911,-0.5027823486328125,2.5139117431640625,9.495403784179686,9.83540722934891
3.509077343944292,-0.49799394531249996,2.5139117431640625,9.514557397460937,9.853656818235793
3.511564287490674,-0.5027823486328125,2.5139117431640625,9.524134204101562,9.863147300950757
3.514051231037055,-0.5027823486328125,2.5234885498046875,9.514557397460937,9.856347549709819
3.5165381745834368,-0.49799394531249996,2.528276953125,9.509768994140625,9.852709710693263
3.5190251181298184,-0.49799394531249996,2.528276953125,9.504980590820312,9.848088055716286
3.5215120616761997,-0.5027823486328125,2.528276953125,9.514557397460937,9.857574595780566
3.5239990052225814,-0.5027823486328125,2.5378537597656248,9.504980590820312,9.85079427396208
3.5264859487689626,-0.507570751953125,2.5474305664062498,9.481038574218749,9.830418251769505
3.5289728923153443,-0.507570751953125,2.5378537597656248,9.476250170898437,9.823321590767932
3.531459835861726,-0.5027823486328125,2.5474305664062498,9.476250170898437,9.825553922411206
3.533946779408107,-0.49799394531249996,2.5617957763671875,9.471461767578125,9.824427901108278
3.536433722954489,-0.49799394531249996,2.5570073730468748,9.476250170898437,9.827797412280976
3.53892066650087,-0.5123591552734374,2.5617957763671875,9.481038574218749,9.834398911455095
3.541407610047252,-0.49799394531249996,2.5617957763671875,9.471461767578125,9.824427901108278
3.543894553593633,-0.49799394531249996,2.5474305664062498,9.457096557617186,9.806838214242326
3.5463814971400147,-0.51714755859375,2.5474305664062498,9.452308154296874,9.803212408787617
3.5488684406863964,-0.5027823486328125,2.5474305664062498,9.457096557617186,9.807082536659536
3.5513553842327776,-0.49799394531249996,2.5378537597656248,9.466673364257812,9.813592831428902
3.5538423277791593,0.0526724365234375,2.7820623291015623,4.6447512207031245,5.414458337710107
3.5563292713255406,0.39743747558593745,2.398990063476562,0.8044517578125,2.5612989872927807
3.5588162148719222,0.6464344482421874,2.039859814453125,-2.1787235107421874,3.0538077370318653
3.561303158418304,0.7996633544921875,1.7573440185546874,-4.04141240234375,4.4789210403718345
3.563790101964685,0.852335791015625,1.5610194824218748,-4.7117888671875,5.036289552249648
3.566277045511067,0.7852981445312499,1.4508862060546874,-4.1946413085937495,4.507413855692095
3.568763989057448,0.622492431640625,1.446097802734375,-2.5570073730468748,3.0028290641225523
3.5712509326038298,0.373495458984375,1.5322890624999999,-0.028730419921875,1.577413726949263
3.573737876150211,0.0909796630859375,1.7094599853515624,3.1316157714843746,3.568970170906878
3.5762248196965927,-0.22026655273437498,1.9536685546875,6.660669018554687,6.9447714109654095
3.5787117632429744,-0.55545478515625,2.24097275390625,10.232817895507813,10.490045328058791
3.5811987067893556,-0.8571241943359375,2.5426421630859375,13.551181396484374,13.814275525500515
3.5836856503357373,-1.1156979736328125,2.806004345703125,16.405069775390626,16.680670151163238
3.5861725938821185,-1.3168109130859373,3.0310593017578125,18.569428076171874,18.8612027863473
3.5886595374285,-1.4413093994140624,3.208230224609375,19.876662182617185,20.18543567726049
3.591146480974882,-1.484405029296875,3.323151904296875,20.293253271484375,20.617054232131345
3.593633424521263,-1.4508862060546874,3.347093920898437,19.814412939453124,20.147433301376193
3.596120368067645,-1.3407529296874998,3.308786694335937,18.511967236328125,18.853079821768276
3.598607311614026,-1.1731588134765625,3.19865341796875,16.515203051757812,16.8629658462179
3.6010942551604077,-0.9816226806640624,3.0310593017578125,14.03959853515625,14.396570098684206
3.603581198706789,-0.7517793212890624,2.829946362304687,11.329362255859374,11.701633120463587
3.6060681422531706,-0.507570751953125,2.6192566162109374,8.59997236328125,9.004313296359934
3.6085550857995523,-0.28730419921875,2.408566870117187,6.066907006835937,6.533842567762849
3.6110420293459335,-0.0909796630859375,2.2170307373046874,3.9408559326171875,4.522593069345625
3.6135289728923152,0.0718260498046875,2.059013427734375,2.365471240234375,3.1369012520952837
3.6160159164386965,0.1771709228515625,1.944091748046875,1.43652099609375,2.423731592595642
3.618502859985078,0.2059013427734375,1.8914193115234375,1.216254443359375,2.2581269330910345
3.62098980353146,0.1867477294921875,1.89620771484375,1.6807295654296874,2.5407342018426307
3.623476747077841,0.12449848632812499,1.9536685546875,2.748543505859375,3.3744350783908232
3.6259636906242227,0.0,2.0542250244140625,4.319139794921875,4.782761651912703
3.628450634170604,-0.143652099609375,2.1835119140624997,6.263231542968749,6.634487890215323
3.6309375777169857,-0.3064578125,2.3319524169921872,8.365340600585936,8.68969745329315
3.633424521263367,-0.488417138671875,2.50912333984375,10.448296044921875,10.756446507942442
3.6359114648097486,-0.6560112548828124,2.6719290527343746,12.330138549804687,12.63336345898267
3.6383984083561303,-0.7996633544921875,2.7964275390625,13.891158032226562,14.192383166263422
3.6408853519025115,-0.9241618408203125,2.901772412109375,15.0164328125,15.322128202440878
3.643372295448893,-1.0007762939453124,2.96881005859375,15.653290454101562,15.96373666767895
3.6458592389952744,-1.024718310546875,2.9927520751953125,15.76342373046875,16.07769076409486
3.648346182541656,-1.0295067138671874,2.978386865234375,15.356409448242186,15.67641488143766
3.650833126088038,-0.9959878906249999,2.906560815429687,14.494496850585938,14.816562577187348
3.653320069634419,-0.9193734375,2.81558115234375,13.273454003906249,13.599901688498662
3.6558070131808007,-0.814028564453125,2.710236279296875,11.803414184570311,12.137899719715854
3.658293956727182,-0.689530078125,2.5953145996093747,10.20887587890625,10.556147796923767
3.6607809002735636,-0.5602431884765625,2.47081611328125,8.63827958984375,9.002148575101154
3.6632678438199453,-0.430956298828125,2.3511060302734372,7.216123803710937,7.601701496873669
3.6657547873663265,-0.33039982910156246,2.2649147705078123,6.0333881835937495,6.452966444873511
3.668241730912708,-0.24899697265624998,2.2026655273437497,5.185840795898438,5.639741100276238
3.6707286744590895,-0.181959326171875,2.1643583007812497,4.75009609375,5.223118699627707
3.673215618005471,-0.16280571289062498,2.1691467041015624,4.716577270507813,5.194016198736333
3.6757025615518524,-0.17238251953125,2.1930887207031247,5.0757075195312495,5.531921971045984
3.678189505098234,-0.201112939453125,2.24097275390625,5.7843912109375,6.206576107592384
3.6806764486446157,-0.24899697265624998,2.3223756103515623,6.751648681640624,7.1442415894374225
3.683163392190997,-0.3112462158203125,2.4133552734375,7.886500268554687,8.25336563885329
3.6856503357373787,-0.39743747558593745,2.50912333984375,9.093177905273437,9.44137388829093
3.68813727928376,-0.49320554199218747,2.6001030029296874,10.271125122070313,10.606592223976545
3.6906242228301416,-0.5793968017578125,2.6671406494140624,11.3389390625,11.662798933392123
3.6931111663765233,-0.6512228515624999,2.7054478759765623,12.210428466796873,12.523502016400474
3.6955981099229045,-0.7134720947265625,2.7437551025390623,12.808978881835937,13.11896240134797
3.698085053469286,-0.7709329345703124,2.7629087158203123,13.120225097656249,13.430126908362778
3.7005719970156674,-0.7948749511718749,2.748543505859375,13.110648291015623,13.41921816658158
3.703058940562049,-0.7900865478515624,2.7150246826171873,12.804190478515624,13.112699553883887
3.7055458841084303,-0.7805097412109374,2.6575638427734374,12.258312499999999,12.567341261468078
3.708032827654812,-0.74699091796875,2.6048914062499997,11.496956372070311,11.812004931050911
3.7105197712011937,-0.689530078125,2.5426421630859375,10.596736547851561,10.919308877521253
3.713006714747575,-0.622492431640625,2.480392919921875,9.648632690429688,9.981781336989748
3.7154936582939566,-0.5506663818359374,2.43250888671875,8.738836059570312,9.087771378291619
3.717980601840338,-0.4836287353515625,2.379836450195312,7.943961108398437,8.306866820593845
3.7204675453867195,-0.4261678955078125,2.3415292236328122,7.316680273437499,7.69403589827845
3.722954488933101,-0.38786066894531246,2.3367408203125,6.904877587890625,7.299871784050984
3.7254414324794825,-0.3495534423828125,2.35589443359375,6.713341455078124,7.123298371105212
3.727928376025864,-0.32561142578124996,2.384624853515625,6.742071875,7.158770261732788
3.7304153195722454,-0.3112462158203125,2.418143676757812,6.986280444335937,7.3994869751366545
3.732902263118627,-0.316034619140625,2.461239306640625,7.431601953125,7.834939973907872
3.7353892066650083,-0.3447650390625,2.50912333984375,8.02536396484375,8.415523134952515
3.73787615021139,-0.37828386230468747,2.5665841796874997,8.719682446289061,9.097434528262564
3.7403630937577717,-0.411802685546875,2.6096798095703124,9.437942944335937,9.800753908799212
3.742850037304153,-0.4644751220703125,2.6527754394531247,10.137049829101562,10.488695529420042
3.7453369808505346,-0.507570751953125,2.6815058593749996,10.754753857421875,11.09562221219844
3.747823924396916,-0.5458779785156249,2.6958710693359373,11.2240173828125,11.556135591087012
3.7503108679432975,-0.584185205078125,2.70065947265625,11.540052001953125,11.866239258874836
3.752797811489679,-0.6177040283203125,2.70065947265625,11.664550488281249,11.989030734280123
3.7552847550360604,-0.6272808349609375,2.6862942626953124,11.597512841796874,11.921072192858428
3.757771698582442,-0.6368576416015624,2.6575638427734374,11.348515869140625,11.672919329208938
3.7602586421288233,-0.63206923828125,2.6144682128906247,10.97502041015625,11.299824271268255
3.762745585675205,-0.6177040283203125,2.5665841796874997,10.51533369140625,10.841639878710632
3.7652325292215862,-0.5889736083984375,2.5234885498046875,9.964667309570311,10.296090469824188
3.767719472767968,-0.5602431884765625,2.4947581298828125,9.418789331054686,9.759676378837588
3.7702064163143496,-0.5267243652343749,2.461239306640625,8.9255837890625,9.273682303004545
3.772693359860731,-0.49799394531249996,2.427720483398437,8.480262280273436,8.834968763799262
3.7751803034071125,-0.469263525390625,2.4133552734375,8.135497241210937,8.49887094229824
3.7776672469534938,-0.45010991210937495,2.398990063476562,7.9295958984374995,8.296761016815852
3.7801541904998754,-0.430956298828125,2.408566870117187,7.843404638671874,8.216198270810242
3.782641134046257,-0.4213794921875,2.427720483398437,7.8912886718749995,8.267032377147874
3.7851280775926384,-0.411802685546875,2.442085693359375,8.068459594726562,8.439988401489027
3.78761502113902,-0.4070142822265625,2.47081611328125,8.374917407226562,8.741271902272182
3.7901019646854013,-0.4165910888671875,2.499546533203125,8.757989672851561,9.117218003138124
3.792588908231783,-0.43574470214843747,2.50912333984375,9.17458076171875,9.521476016527
3.795075851778164,-0.45489831542968745,2.5330653564453125,9.600748657226562,9.939704591014857
3.797562795324546,-0.47884033203125,2.5570073730468748,9.993397729492187,10.326450162045788
3.8000497388709276,-0.5123591552734374,2.5665841796874997,10.328585961914062,10.65502483469949
3.802536682417309,-0.5267243652343749,2.5761609863281247,10.55364091796875,10.87627604512845
3.8050236259636905,-0.5363011718749999,2.5809493896484375,10.682927807617187,11.003356998736418
3.8075105695100717,-0.55545478515625,2.5617957763671875,10.730811840820312,11.046341040419454
3.8099975130564534,-0.5698199951171875,2.5474305664062498,10.66856259765625,10.983274794778017
3.812484456602835,-0.5746083984375,2.5378537597656248,10.505756884765624,10.823206744736595
3.8149714001492163,-0.5602431884765625,2.5139117431640625,10.280701928710936,10.598417656879414
3.817458343695598,-0.55545478515625,2.4899697265625,10.012551342773437,10.332456806066254
3.8199452872419792,-0.5458779785156249,2.47081611328125,9.710881933593749,10.035145388148397
3.822432230788361,-0.5315127685546874,2.4516625,9.399635717773437,9.728633329706957
3.8249191743347426,-0.5219359619140624,2.437297290039062,9.112331518554686,9.447085314128167
3.827406117881124,-0.5027823486328125,2.422932080078125,8.858546142578124,9.197675234261872
3.8298930614275055,-0.488417138671875,2.408566870117187,8.690952026367187,9.031743618692374
3.8323800049738868,-0.4836287353515625,2.422932080078125,8.595183959960938,8.943247951605683
3.8348669485202684,-0.4644751220703125,2.4516625,8.552088330078124,8.908681213197998
3.8373538920666497,-0.45010991210937495,2.4660277099609376,8.595183959960938,8.953271966429037
3.8398408356130314,-0.45010991210937495,2.4756045166015626,8.729259252929687,9.08466750962608
3.842327779159413,-0.45489831542968745,2.499546533203125,8.90643017578125,9.261704153399382
3.8448147227057943,-0.45968671875,2.5234885498046875,9.102754711914063,9.457243239214279
3.847301666252176,-0.469263525390625,2.5426421630859375,9.323021264648437,9.674914104365543
3.849788609798557,-0.469263525390625,2.5713725830078125,9.557653027343749,9.908627382639809
3.852275553344939,-0.47884033203125,2.5905261962890624,9.777919580078125,10.12659001597847
3.8547624968913206,-0.49799394531249996,2.5953145996093747,9.964667309570311,10.309134320151848
3.857249440437702,-0.51714755859375,2.6001030029296874,10.1131078125,10.454804008227603
3.8597363839840835,-0.5315127685546874,2.6001030029296874,10.189722265624999,10.529647729129143
3.8622233275304647,-0.5410895751953124,2.5857377929687497,10.204087475585936,10.540503738995671
3.8647102710768464,-0.5506663818359374,2.5713725830078125,10.156203442382813,10.491122856386585
3.8671972146232276,-0.55545478515625,2.5570073730468748,10.050858569335936,10.385883434015746
3.8696841581696093,-0.55545478515625,2.5522189697265625,9.90241806640625,10.241105177161007
3.872171101715991,-0.5506663818359374,2.5378537597656248,9.734823950195311,10.07525347131957
3.8746580452623722,-0.55545478515625,2.5330653564453125,9.557653027343749,9.903215715588018
3.877144988808754,-0.55545478515625,2.5330653564453125,9.390058911132812,9.741568481149281
3.879631932355135,-0.5506663818359374,2.518700146484375,9.2320416015625,9.585284347632332
3.882118875901517,-0.5458779785156249,2.5043349365234375,9.102754711914063,9.456734086723271
3.8846058194478985,-0.5267243652343749,2.5043349365234375,9.026140258789061,9.381915582787775
3.8870927629942797,-0.51714755859375,2.5043349365234375,8.987833032226561,9.344531967243423
3.8895797065406614,-0.51714755859375,2.5139117431640625,8.963891015625,9.32408365416035
3.8920666500870427,-0.507570751953125,2.518700146484375,8.992621435546875,9.35247126588453
3.8945535936334243,-0.5027823486328125,2.528276953125,9.069235888671875,9.428468276776123
3.8970405371798056,-0.49799394531249996,2.5378537597656248,9.17458076171875,9.532136792389428
3.8995274807261873,-0.507570751953125,2.5522189697265625,9.3086560546875,9.665532953859328
3.902014424272569,-0.507570751953125,2.5570073730468748,9.466673364257812,9.819053893303705
3.90450136781895,-0.5027823486328125,2.5522189697265625,9.605537060546874,9.951530233138437
3.906988311365332,-0.507570751953125,2.5570073730468748,9.715670336914062,10.059332227819406
3.909475254911713,-0.5027823486328125,2.5570073730468748,9.811438403320311,10.151620576935557
3.911962198458095,-0.51714755859375,2.5570073730468748,9.883264453125,10.22177306310308
3.9144491420044765,-0.5315127685546874,2.5522189697265625,9.90241806640625,10.239834522806396
3.9169360855508577,-0.5315127685546874,2.5426421630859375,9.90241806640625,10.237451760791252
3.9194230290972394,-0.5315127685546874,2.528276953125,9.878476049804688,10.210728634206498
3.9219099726436206,-0.5315127685546874,2.518700146484375,9.801861596679688,10.134241314055096
3.9243969161900023,-0.5315127685546874,2.50912333984375,9.710881933593749,10.043875431619151
3.9268838597363835,-0.5267243652343749,2.499546533203125,9.600748657226562,9.93476452704426
3.9293708032827652,-0.5267243652343749,2.4851813232421875,9.471461767578125,9.806230304302336
3.931857746829147,-0.5267243652343749,2.4851813232421875,9.356540087890625,9.695277571200716
3.934344690375528,-0.5267243652343749,2.480392919921875,9.265560424804686,9.606268660610993
3.93683163392191,-0.5219359619140624,2.4660277099609376,9.203311181640624,9.542255840247927
3.939318577468291,-0.5123591552734374,2.480392919921875,9.165003955078124,9.508530824359184
3.9418055210146727,-0.5123591552734374,2.4851813232421875,9.141061938476563,9.486709201638321
3.9442924645610544,-0.5123591552734374,2.4851813232421875,9.145850341796875,9.491323226396323
3.9467794081074357,-0.5027823486328125,2.4899697265625,9.188945971679686,9.533596771404945
3.9492663516538173,-0.49799394531249996,2.4947581298828125,9.241618408203124,9.585370462273389
3.9517532952001986,-0.4836287353515625,2.5043349365234375,9.313444458007812,9.656388450158062
3.9542402387465803,-0.47884033203125,2.518700146484375,9.399635717773437,9.743012373918159
3.956727182292962,-0.488417138671875,2.5234885498046875,9.471461767578125,9.814027398425068
3.959214125839343,-0.49320554199218747,2.518700146484375,9.552864624023437,9.891629019502837
3.961701069385725,-0.4836287353515625,2.5139117431640625,9.624690673828125,9.959333289580684
3.964188012932106,-0.5027823486328125,2.528276953125,9.672574707031249,10.01017861503482
3.966674956478488,-0.5123591552734374,2.5474305664062498,9.710881933593749,10.052519202809355
3.969161900024869,-0.5123591552734374,2.5522189697265625,9.720458740234374,10.062984234014452
3.9716488435712507,-7.785943798828124,-4.6639048339843745,10.998962426757812,14.260087783888395
3.9741357871176324,-5.80354482421875,-4.4819455078125,10.922347973632812,13.155479972955668
3.9766227306640136,-3.854664672851562,-4.161122485351562,10.807426293945312,12.205484143502408
3.9791096742103953,-1.9919757812499999,-3.6918589599609373,10.658985791015624,11.454770542721638
3.9815966177567765,-0.239420166015625,-3.1172505615234374,10.491391674804687,10.947322611185541
3.984083561303158,1.3646949462890625,-2.4660277099609376,10.32379755859375,10.70161114008299
3.98657050484954,2.786850732421875,-1.7621324218749999,10.122684619140625,10.646144446493743
3.989057448395921,4.031835595703125,-1.01514150390625,9.916783276367187,10.753083329639352
3.991544391942303,5.061342309570312,-0.258573779296875,9.725247143554688,10.966516237037403
3.994031335488684,5.865794067382812,0.47884033203125,9.567229833984374,11.232484800826747
3.9965182790350657,6.449979272460937,1.216254443359375,9.428366137695312,11.488063174991977
3.999005222581447,6.833051538085937,1.9009961181640624,9.299079248046874,11.695180820529004
4.001492166127829,6.995857250976562,2.518700146484375,9.203311181640624,11.831601996773433
4.00397910967421,6.967126831054687,3.0933085449218747,9.13627353515625,11.89877759029411
4.006466053220592,6.7803791015625,3.6008792968749996,9.083601098632812,11.893346097320624
4.008952996766973,6.41646044921875,4.007893579101562,9.069235888671875,11.81038590572577
4.0114399403133545,5.91846650390625,4.338293408203125,9.0788126953125,11.673640195332661
4.013926883859736,5.295974072265625,4.611232397460937,9.102754711914063,11.496562483750383
4.016413827406118,4.592078784179687,4.802768530273437,9.117119921875,11.28165097782005
4.0189007709524995,3.840299462890625,4.908113403320312,9.121908325195312,11.047474310347956
4.02138771449888,3.0310593017578125,4.946420629882812,9.1554271484375,10.838645847560905
4.023874658045262,2.1978771240234374,4.917690209960937,9.193734375,10.655472425543028
4.026361601591644,1.369483349609375,4.841075756835937,9.212887988281249,10.497085510411871
4.028848545138025,0.565031591796875,4.726154077148437,9.2320416015625,10.38683711211724
4.031335488684407,-0.201112939453125,4.5585599609375,9.260772021484375,10.323895280647987
4.033822432230788,-0.9097966308593749,4.3622354248046875,9.275137231445312,10.29004365749179
4.0363093757771695,-1.5418658691406248,4.151545678710937,9.279925634765624,10.282494914544056
4.038796319323551,-2.1021090576171875,3.897760302734375,9.289502441406249,10.29107640028879
4.041283262869933,-2.5857377929687497,3.6487633300781246,9.303867651367186,10.3228613788555
4.043770206416314,-2.96881005859375,3.4093431640625,9.3086560546875,10.348358880461065
4.046257149962695,-3.2704794677734372,3.1651345947265623,9.327809667968749,10.37892798672935
4.048744093509077,-3.4955344238281247,2.925714428710937,9.356540087890625,10.407853200484675
4.051231037055459,-3.6152445068359373,2.6910826660156246,9.399635717773437,10.424253948670827
4.05371798060184,-3.6487633300781246,2.4851813232421875,9.442731347656249,10.42376013501484
4.056204924148221,-3.6104561035156246,2.2936451904296873,9.485826977539062,10.405629004668691
4.058691867694603,-3.4907460205078125,2.1308394775390624,9.548076220703125,10.387085451419303
4.061178811240985,-3.318363500976562,1.9967641845703124,9.591171850585937,10.343557463506848
4.063665754787366,-3.0980969482421874,1.8914193115234375,9.624690673828125,10.286415424217779
4.066152698333748,-2.8203695556640622,1.8100164550781248,9.658209497070311,10.223094183634887
4.068639641880129,-2.5139117431640625,1.7573440185546874,9.6917283203125,10.165510714504975
4.07112658542651,-2.1835119140624997,1.7334020019531249,9.701305126953125,10.093945113060352
4.073613528972892,-1.838746875,1.7238251953125,9.696516723632811,10.018732452062348
4.076100472519274,-1.5035586425781249,1.7429788085937499,9.696516723632811,9.965997205025147
4.0785874160656554,-1.158793603515625,1.7812860351562498,9.710881933593749,9.94067454868073
4.081074359612036,-0.8188169677734375,1.8148048583984373,9.701305126953125,9.903499334428576
4.083561303158418,-0.5027823486328125,1.867477294921875,9.677363110351562,9.86871918268722
4.0860482467048,-0.22505495605468748,1.944091748046875,9.658209497070311,9.854499132242484
4.088535190251181,0.033518823242187495,2.0302830078125,9.610325463867188,9.822501113503515
4.091022133797563,0.258573779296875,2.1116858642578125,9.572018237304688,9.805590789133497
4.093509077343944,0.44053310546874996,2.1930887207031247,9.528922607421874,9.787955537911117
4.095996020890325,0.584185205078125,2.2744915771484373,9.485826977539062,9.772179784273273
4.098482964436707,0.699106884765625,2.370259643554687,9.452308154296874,9.770005663149734
4.100969907983089,0.7709329345703124,2.446874096679687,9.418789331054686,9.761922090315862
4.1034568515294705,0.7996633544921875,2.5043349365234375,9.390058911132812,9.75112102834101
4.105943795075851,0.7996633544921875,2.5713725830078125,9.375693701171874,9.754745041227675
4.108430738622233,0.7613561279296874,2.6336218261718747,9.370905297851563,9.7636823574985
4.110917682168615,0.7038952880859375,2.6815058593749996,9.370905297851563,9.772400337263846
4.113404625714996,0.6272808349609375,2.7198130859375,9.370905297851563,9.777767156649244
4.115891569261377,0.5315127685546874,2.7533319091796873,9.375693701171874,9.786060228888728
4.118378512807759,0.411802685546875,2.7629087158203123,9.399635717773437,9.805936857364605
4.1208654563541405,0.27293898925781246,2.77727392578125,9.428366137695312,9.832692112393282
4.123352399900522,0.13407529296874998,2.7916391357421872,9.452308154296874,9.856843038832425
4.125839343446904,-0.0143652099609375,2.7820623291015623,9.481038574218749,9.880798024860498
4.128326286993285,-0.1580173095703125,2.7629087158203123,9.509768994140625,9.904258698357898
4.130813230539666,-0.296881005859375,2.7437551025390623,9.528922607421874,9.920518960850028
4.133300174086048,-0.430956298828125,2.73896669921875,9.528922607421874,9.924113460111416
4.13578711763243,-0.55545478515625,2.7198130859375,9.519345800781249,9.915838729812089
4.138274061178811,-0.6703764648437499,2.6910826660156246,9.504980590820312,9.901312365127009
4.140761004725192,-0.7709329345703124,2.6671406494140624,9.490615380859374,9.888364735423476
4.143247948271574,-0.8571241943359375,2.6336218261718747,9.504980590820312,9.900266755985706
4.1457348918179555,-0.9337386474609375,2.6048914062499997,9.514557397460937,9.908790520022912
4.148221835364337,-0.9911994873046874,2.5809493896484375,9.485826977539062,9.880520716205577
4.150708778910719,-1.0390835205078124,2.5474305664062498,9.466673364257812,9.858346800493484
4.1531957224571,-1.0630255371093749,2.50912333984375,9.452308154296874,9.837268557423982
4.155682666003481,-1.0582371337890624,2.4899697265625,9.471461767578125,9.850299644438334
4.158169609549863,-1.0630255371093749,2.4756045166015626,9.471461767578125,9.847193967311647
4.160656553096245,-1.0486603271484374,2.4516625,9.481038574218749,9.848879628742814
4.163143496642626,-1.0103531005859374,2.437297290039062,9.495403784179686,9.855147106588987
4.165630440189007,-0.97683427734375,2.43250888671875,9.495403784179686,9.850583623013069
4.168117383735389,-0.9337386474609375,2.422932080078125,9.504980590820312,9.853279847761593
4.1706043272817706,-0.8714894042968749,2.403778466796875,9.514557397460937,9.85212906781152
4.173091270828152,-0.8188169677734375,2.4133552734375,9.509768994140625,9.845326364547835
4.175578214374533,-0.7565677246093749,2.4133552734375,9.495403784179686,9.826462813360823
4.178065157920915,-0.7038952880859375,2.422932080078125,9.481038574218749,9.811022418029895
4.180552101467296,-0.6416460449218749,2.43250888671875,9.485826977539062,9.813751707616076
4.183039045013678,-0.5793968017578125,2.427720483398437,9.5001921875,9.82258514846451
4.18552598856006,-0.51714755859375,2.442085693359375,9.504980590820312,9.827302791862111
4.1880129321064405,-0.4644751220703125,2.4564509033203126,9.509768994140625,9.83288332593059
4.190499875652822,-0.4165910888671875,2.461239306640625,9.509768994140625,9.831935383320761
4.192986819199204,-0.36391865234375,2.480392919921875,9.5001921875,9.8253975706919
4.195473762745586,-0.33518823242187495,2.4899697265625,9.5001921875,9.826797646730489
4.197960706291967,-0.32082302246093747,2.5043349365234375,9.490615380859374,9.82071286584825
4.200447649838348,-0.3016694091796875,2.528276953125,9.490615380859374,9.826238806966904
4.20293459338473,-0.2920926025390625,2.5330653564453125,9.5001921875,9.836431760954655
4.205421536931111,-0.28730419921875,2.5330653564453125,9.490615380859374,9.827041472911198
4.207908480477493,-0.26815058593749996,2.5330653564453125,9.485826977539062,9.821875497305488
4.210395424023875,-0.2825157958984375,2.5330653564453125,9.481038574218749,9.817653880677371
4.212882367570256,-0.296881005859375,2.5426421630859375,9.466673364257812,9.80668507125067
4.215369311116637,-0.3016694091796875,2.5570073730468748,9.471461767578125,9.815186149683818
4.217856254663019,-0.32082302246093747,2.5665841796874997,9.481038574218749,9.827531440244137
4.220343198209401,-0.3495534423828125,2.5570073730468748,9.471461767578125,9.816774537983028
4.222830141755782,-0.3687070556640625,2.5617957763671875,9.466673364257812,9.814104497011307
4.225317085302163,-0.38786066894531246,2.5713725830078125,9.457096557617186,9.808112364734297
4.227804028848545,-0.4213794921875,2.5713725830078125,9.471461767578125,9.823344931935079
4.2302909723949265,-0.45489831542968745,2.5713725830078125,9.476250170898437,9.82945607546408
4.232777915941308,-0.47884033203125,2.5761609863281247,9.4618849609375,9.818001859088954
4.23526485948769,-0.49320554199218747,2.5761609863281247,9.4618849609375,9.818712957824266
4.237751803034071,-0.507570751953125,2.5617957763671875,9.4618849609375,9.815686052541935
4.240238746580452,-0.5219359619140624,2.5570073730468748,9.471461767578125,9.824423233393876
4.242725690126834,-0.5363011718749999,2.5570073730468748,9.466673364257812,9.820580952179911
4.245212633673216,-0.55545478515625,2.5522189697265625,9.466673364257812,9.820400005770304
4.2476995772195965,-0.5698199951171875,2.5522189697265625,9.481038574218749,9.835070357760099
4.250186520765978,-0.5889736083984375,2.5474305664062498,9.490615380859374,9.844189794465326
4.25267346431236,-0.5985504150390625,2.5426421630859375,9.490615380859374,9.84352945219601
4.2551604078587415,-0.6081272216796875,2.528276953125,9.509768994140625,9.858889866073628
4.257647351405123,-0.603338818359375,2.518700146484375,9.5001921875,9.846904069659445
4.260134294951504,-0.603338818359375,2.5139117431640625,9.485826977539062,9.831819944952477
4.262621238497886,-0.5985504150390625,2.518700146484375,9.490615380859374,9.837372277933186
4.265108182044267,-0.5889736083984375,2.5234885498046875,9.495403784179686,9.84264077354239
4.267595125590649,-0.5889736083984375,2.528276953125,9.490615380859374,9.839250711842718
4.270082069137031,-0.5793968017578125,2.5234885498046875,9.485826977539062,9.832833191033519
4.2725690126834115,-0.5698199951171875,2.5139117431640625,9.5001921875,9.843683186627327
4.275055956229793,-0.5602431884765625,2.5234885498046875,9.509768994140625,9.854824869735035
4.277542899776175,-0.5506663818359374,2.5234885498046875,9.509768994140625,9.854285070313221
4.2800298433225565,-0.55545478515625,2.5139117431640625,9.519345800781249,9.861350148211082
4.282516786868938,-0.5410895751953124,2.5234885498046875,9.514557397460937,9.858375873284556
4.285003730415319,-0.51714755859375,2.5330653564453125,9.509768994140625,9.854926078834955
4.287490673961701,-0.51714755859375,2.528276953125,9.5001921875,9.844454151881584
4.289977617508082,-0.507570751953125,2.528276953125,9.490615380859374,9.834713657618396
4.292464561054464,-0.507570751953125,2.5474305664062498,9.471461767578125,9.821182137278244
4.294951504600846,-0.507570751953125,2.5378537597656248,9.442731347656249,9.790991016143604
4.2974384481472265,-0.49320554199218747,2.5330653564453125,9.442731347656249,9.789016656982723
4.299925391693608,-0.4836287353515625,2.528276953125,9.457096557617186,9.801160972326473
4.30241233523999,-0.488417138671875,2.528276953125,9.471461767578125,9.815259735113768
4.304899278786372,-0.4836287353515625,2.5330653564453125,9.471461767578125,9.81625717207813
4.307386222332752,-0.4740519287109375,2.5378537597656248,9.452308154296874,9.798548687477052
4.309873165879134,-0.4836287353515625,2.528276953125,9.457096557617186,9.801160972326473
4.312360109425516,-0.488417138671875,2.5139117431640625,9.471461767578125,9.811569271449942
4.314847052971897,-0.49320554199218747,2.5139117431640625,9.476250170898437,9.816431187581495
4.317333996518279,-0.49799394531249996,2.50912333984375,9.485826977539062,9.82469395716347
4.31982094006466,-0.49320554199218747,2.5043349365234375,9.490615380859374,9.827854571998314
4.322307883611042,-0.49799394531249996,2.50912333984375,9.495403784179686,9.833940762925637
4.324794827157423,-0.5267243652343749,2.50912333984375,9.495403784179686,9.835437535569737
4.327281770703805,-0.5219359619140624,2.50912333984375,9.476250170898437,9.816691621128804
4.329768714250187,-0.5219359619140624,2.5139117431640625,9.476250170898437,9.817916617195829
4.332255657796567,-0.5219359619140624,2.5139117431640625,9.481038574218749,9.822538462463825
4.334742601342949,-0.5219359619140624,2.50912333984375,9.481038574218749,9.821314042871844
4.337229544889331,-0.51714755859375,2.5139117431640625,9.476250170898437,9.817663222540805
4.3397164884357124,-0.5219359619140624,2.528276953125,9.471461767578125,9.816984746587739
4.342203431982094,-0.5219359619140624,2.528276953125,9.476250170898437,9.821604695847562
4.344690375528475,-0.5123591552734374,2.5330653564453125,9.466673364257812,9.813095158489205
4.347177319074857,-0.5123591552734374,2.528276953125,9.471461767578125,9.816480238374123
4.349664262621238,-0.5123591552734374,2.528276953125,9.490615380859374,9.834961950261937
4.35215120616762,-0.5027823486328125,2.5378537597656248,9.495403784179686,9.841553984034592
4.354638149714002,-0.5027823486328125,2.5378537597656248,9.5001921875,9.846174048608386
4.357125093260382,-0.5123591552734374,2.528276953125,9.509768994140625,9.85344622848341
4.359612036806764,-0.507570751953125,2.5330653564453125,9.514557397460937,9.859049175140589
4.362098980353146,-0.5027823486328125,2.5378537597656248,9.509768994140625,9.85541465986955
4.3645859238995275,-0.49799394531249996,2.5426421630859375,9.514557397460937,9.861025788864406
4.367072867445909,-0.5027823486328125,2.5330653564453125,9.514557397460937,9.858803814849892
4.36955981099229,-0.5123591552734374,2.5330653564453125,9.504980590820312,9.850055230093218
4.372046754538672,-0.507570751953125,2.5426421630859375,9.495403784179686,9.843035622324775
4.374533698085053,-0.5027823486328125,2.5330653564453125,9.485826977539062,9.83107947470307
4.377020641631435,-0.507570751953125,2.528276953125,9.485826977539062,9.8300928717764
4.379507585177816,-0.51714755859375,2.5330653564453125,9.481038574218749,9.827204798069834
4.3819945287241975,-0.5123591552734374,2.5378537597656248,9.471461767578125,9.818951146871196
4.384481472270579,-0.5027823486328125,2.5330653564453125,9.4618849609375,9.807980281593931
4.386968415816961,-0.5027823486328125,2.528276953125,9.4618849609375,9.80674469208896
4.3894553593633425,-0.49799394531249996,2.5234885498046875,9.457096557617186,9.800646291477827
4.391942302909723,-0.5027823486328125,2.518700146484375,9.457096557617186,9.79965896437687
4.394429246456105,-0.507570751953125,2.5139117431640625,9.4618849609375,9.803297778537162
4.396916190002487,-0.5123591552734374,2.5043349365234375,9.471461767578125,9.810341145596238
4.399403133548868,-0.5123591552734374,2.4947581298828125,9.481038574218749,9.81714940685089
4.40189007709525,-0.5123591552734374,2.4947581298828125,9.485826977539062,9.821773947633735
4.404377020641631,-0.5027823486328125,2.4851813232421875,9.476250170898437,9.809599054035857
4.4068639641880125,-0.51714755859375,2.4660277099609376,9.476250170898437,9.805511285247054
4.409350907734394,-0.5219359619140624,2.47081611328125,9.4618849609375,9.793090238939119
4.411837851280776,0.32561142578124996,2.8107927490234372,3.447650390625,4.460142586794591
4.414324794827158,0.8906430175781249,2.4133552734375,-2.1883003173828124,3.3773046856401594
4.416811738373538,1.3359645263671873,2.0542250244140625,-6.72291826171875,7.155576260539182
4.41929868191992,1.6424223388671875,1.7525556152343749,-9.892841259765625,10.18024118155462
4.421785625466302,1.7908628417968748,1.5227122558593749,-11.559205615234374,11.795807593697814
4.424272569012683,1.7908628417968748,1.39821376953125,-11.702857714843748,11.921370313739667
4.426759512559065,1.656787548828125,1.37906015625,-10.376469995117187,10.59801309001246
4.429246456105446,1.3934253662109375,1.446097802734375,-7.747636572265624,8.00366825662965
4.4317333996518276,1.01514150390625,1.618480322265625,-4.084508032226562,4.509234601552396
4.434220343198209,0.5746083984375,1.8531120849609375,0.296881005859375,1.9627372576642181
4.436707286744591,0.09576806640624999,2.1212626708984375,5.066130712890625,5.4931418370167755
4.439194230290972,-0.38307226562499996,2.418143676757812,9.90241806640625,10.200590510554953
4.441681173837353,-0.842758984375,2.710236279296875,14.432247607421875,14.708684319044181
4.444168117383735,-1.2497732666015624,2.96881005859375,18.358738330078126,18.639180224843557
4.446655060930117,-8.073247998046874,-7.220912207031249,22.03144367675781,24.55001867253409
4.449142004476498,-6.5505357421875,-7.091625317382812,24.128764331054686,25.988419272733726
4.451628948022879,-4.96078583984375,-6.789955908203124,25.129540624999997,26.499183183782517
4.454115891569261,-3.342305517578125,-6.335057592773437,25.028984155273434,26.033709084982846
4.456602835115643,-1.7286135986328124,-5.755660791015624,23.889344165039063,24.63364570562585
4.459089778662024,-0.1867477294921875,-5.070919116210937,21.811177124023438,22.393671939482083
4.461576722208406,1.235408056640625,-4.299986181640625,19.033903198242186,19.552636272093004
4.464063665754787,2.499546533203125,-3.4428619873046875,15.792154150390624,16.35521825733228
4.466550609301168,3.5913024902343746,-2.528276953125,12.296619726562499,13.057430628870009
4.46903755284755,4.4819455078125,-1.5658078857421873,8.796296899414061,9.995720534943667
4.471524496393932,5.1331683593749995,-0.565031591796875,5.5449710449218745,7.577293843743894
4.4740114399403135,5.549759448242187,0.4644751220703125,2.7246014892578123,6.199920995274177
4.476498383486694,5.741295581054687,1.5035586425781249,0.5315127685546874,5.958663387358453
4.478985327033076,5.717353564453124,2.5139117431640625,-0.9050082275390624,6.310857622011166
4.481472270579458,5.473144995117187,3.4907460205078125,-1.5705962890624998,6.678876898138215
4.483959214125839,5.032611889648437,4.405331054687499,-1.4508862060546874,6.843916635680526
4.486446157672221,4.438849877929687,5.2433016357421875,-0.5746083984375,6.893894044277734
4.488933101218602,3.7110125732421873,5.980715747070312,0.948103857421875,7.102075477666697
4.4914200447649835,2.882618798828125,6.579266162109374,2.9496564453125,7.7650954608818745
4.493906988311365,2.001552587890625,7.024587670898437,5.276820458984375,9.010875588120504
4.496393931857747,1.0917559570312498,7.340622290039062,7.766790185546874,10.74242507355945
4.4988808754041285,0.2059013427734375,7.503428002929687,10.218452685546874,12.679140445821453
4.501367818950509,-0.63206923828125,7.50821640625,12.478579052734375,14.576959912835195
4.503854762496891,-1.39821376953125,7.359775903320312,14.408305590820312,16.23947576404069
4.506341706043273,-2.0638018310546875,7.082048510742187,15.887922216796873,17.51687076715924
4.508828649589654,-2.6096798095703124,6.68461103515625,16.845602880859374,18.310346523739778
4.511315593136035,-3.0358477050781247,6.1818286865234375,17.243040356445313,18.567547439873525
4.513802536682417,-3.327940307617187,5.616797094726562,17.070657836914062,18.276513761639208
4.5162894802287985,-3.4763808105468748,5.013458276367187,16.376339355468748,17.47582553455738
4.51877642377518,-3.5003228271484375,4.376600634765625,15.260641381835937,16.25712361998551
4.521263367321562,-3.404554760742187,3.744531396484375,13.800178369140625,14.698892186768576
4.523750310867943,-3.19865341796875,3.1411925781249996,12.12423720703125,12.926546420197147
4.526237254414324,-2.920926025390625,2.5809493896484375,10.376469995117187,11.08441420000616
4.528724197960706,-2.5809493896484375,2.0781670410156248,8.662221606445312,9.27438198272307
4.531211141507088,-2.1835119140624997,1.6472107421875,7.091625317382812,7.600801086081365
4.533698085053469,-1.7717092285156248,1.2976572998046874,5.7891796142578125,6.191725822763962
4.53618502859985,-1.35990654296875,1.024718310546875,4.802768530273437,5.095682385801153
4.538671972146232,-0.9576806640625,0.8379705810546875,4.1946413085937495,4.383419060139403
4.5411589156926135,-0.5746083984375,0.70868369140625,3.9983167724609374,4.1010906353020955
4.543645859238995,-0.239420166015625,0.6464344482421874,4.180276098632812,4.236733148614613
4.546132802785377,0.047884033203124995,0.6368576416015624,4.7117888671875,4.754874852743673
4.548619746331758,0.27293898925781246,0.6655880615234374,5.549759448242187,5.596189158065784
4.551106689878139,0.44532150878906246,0.7422025146484375,6.622361791992187,6.678686362075898
4.553593633424521,0.5458779785156249,0.842758984375,7.843404638671874,7.907415620739342
4.556080576970903,0.584185205078125,0.9576806640625,9.088389501953124,9.157360337311355
4.558567520517284,0.584185205078125,1.0773907470703123,10.275913525390624,10.348741080779385
4.561054464063665,0.5506663818359374,1.2114660400390624,11.362881079101562,11.44053975335327
4.563541407610047,0.469263525390625,1.350329736328125,12.272677709960936,12.355655256830616
4.566028351156429,0.354341845703125,1.484405029296875,12.938265771484375,13.027959840596006
4.56851529470281,0.22026655273437498,1.6328455322265625,13.340491650390625,13.441853271052608
4.571002238249191,0.086191259765625,1.7908628417968748,13.455413330078125,13.574342213699818
4.573489181795573,-0.0526724365234375,1.944091748046875,13.278242407226562,13.4199101537776
4.575976125341954,-0.1867477294921875,2.1116858642578125,12.847286108398437,13.021015791973536
4.578463068888336,-0.3112462158203125,2.2840683837890623,12.205640063476562,12.421412638980776
4.580950012434718,-0.4213794921875,2.461239306640625,11.405976708984374,11.676110837384297
4.583436955981099,-0.5123591552734374,2.6384102294921874,10.51533369140625,10.853384867621019
4.58592389952748,-0.5793968017578125,2.8107927490234372,9.595960253906249,10.015922809526758
4.588410843073862,-0.6368576416015624,2.9831752685546875,8.724470849609375,9.242365170467263
4.590897786620244,-0.6751648681640625,3.1316157714843746,7.963114721679687,8.583359540998176
4.593384730166625,-0.7038952880859375,3.2561142578125,7.335833886718749,8.05681124577525
4.595871673713006,-0.7278373046875,3.366247534179687,6.89530078125,7.707563977507578
4.598358617259388,-0.7326257080078125,3.438073583984375,6.665457421875,7.5356096660956124
4.6008455608057695,-0.7230489013671875,3.4955344238281247,6.622361791992187,7.523113472889644
4.603332504352151,-0.7134720947265625,3.5146880371093747,6.789955908203124,7.678904587471821
4.605819447898533,-0.70868369140625,3.4907460205078125,7.1395093505859375,7.97873010705716
4.608306391444914,-0.699106884765625,3.438073583984375,7.60398447265625,8.374346557530039
4.610793334991295,-0.6847416748046875,3.366247534179687,8.17859287109375,8.870731366335622
4.613280278537677,-0.6847416748046875,3.2609026611328122,8.820238916015624,9.4286251310673
4.615767222084059,-0.6703764648437499,3.1459809814453124,9.471461767578125,10.002759067123739
4.61825416563044,-0.6655880615234374,3.0166940917968748,10.09395419921875,10.556105441262442
4.620741109176821,-0.6607996582031249,2.868253588867187,10.649408984374999,11.048685286259982
4.623228052723203,-0.6560112548828124,2.7246014892578123,11.094730493164063,11.443200983891845
4.6257149962695845,-0.6512228515624999,2.5857377929687497,11.382034692382812,11.690202944131894
4.628201939815966,-0.6464344482421874,2.4516625,11.535263598632811,11.81062372610878
4.630688883362348,-0.6416460449218749,2.3415292236328122,11.535263598632811,11.787992833473966
4.633175826908729,-0.63206923828125,2.2553379638671873,11.382034692382812,11.62053245732948
4.63566277045511,-0.603338818359375,2.1835119140624997,11.128249316406249,11.356481623138757
4.638149714001492,-0.584185205078125,2.1356278808593747,10.773907470703124,10.999057277176469
4.640636657547874,-0.5698199951171875,2.1212626708984375,10.352527978515624,10.58297149631101
4.6431236010942545,-0.5410895751953124,2.1068974609374997,9.892841259765625,10.12917089549836
4.645610544640636,-0.5123591552734374,2.1116858642578125,9.437942944335937,9.684859116881322
4.648097488187018,-0.469263525390625,2.1499930908203124,9.016563452148437,9.281222712199943
4.6505844317333995,-0.4261678955078125,2.1883003173828124,8.628702783203124,8.912058632834313
4.653071375279781,-0.40222587890625,2.212242333984375,8.317456567382813,8.616024927554122
4.655558318826162,-0.37828386230468747,2.24097275390625,8.111555224609374,8.423917480965608
4.658045262372544,-0.354341845703125,2.2744915771484373,8.001421948242188,8.325960801730169
4.660532205918925,-0.3495534423828125,2.29843359375,7.996633544921875,8.327732743414021
4.663019149465307,-0.3447650390625,2.3319524169921872,8.116343627929687,8.451739400496818
4.665506093011689,-0.3399766357421875,2.375048046875,8.33182177734375,8.670391655930827
4.6679930365580695,-0.3447650390625,2.408566870117187,8.609549169921875,8.94675327754646
4.670479980104451,-0.3687070556640625,2.427720483398437,8.911218579101561,9.243353731353878
4.672966923650833,-0.38307226562499996,2.442085693359375,9.236830004882812,9.56188032938632
4.675453867197215,-0.4070142822265625,2.4660277099609376,9.591171850585937,9.911484790872843
4.677940810743596,-0.43574470214843747,2.4851813232421875,9.90241806640625,10.218800478369813
4.680427754289977,-0.469263525390625,2.50912333984375,10.146626635742187,10.4627883604689
4.682914697836359,-0.5027823486328125,2.5426421630859375,10.338162768554687,10.658115625603308
4.68540164138274,-0.5363011718749999,2.5617957763671875,10.467449658203124,10.7897135686627
4.687888584929122,-0.565031591796875,2.5857377929687497,10.534487304687499,10.86189317781838
4.690375528475504,-0.5889736083984375,2.6240450195312497,10.510545288085936,10.849150401244426
4.692862472021885,-0.612915625,2.6479870361328124,10.424354028320312,10.772866740782348
4.695349415568266,-0.622492431640625,2.6719290527343746,10.275913525390624,10.635840374488602
4.697836359114648,-0.63206923828125,2.70065947265625,10.065223779296874,10.440392848765443
4.70032330266103,-0.6416460449218749,2.7246014892578123,9.859322436523437,10.248970769280406
4.70281024620741,-0.6272808349609375,2.7341782958984373,9.624690673828125,10.025162480805259
4.705297189753792,-0.622492431640625,2.73896669921875,9.380482104492186,9.79198038803067
4.707784133300174,-0.612915625,2.73896669921875,9.165003955078124,9.585139625451266
4.710271076846555,-0.5985504150390625,2.729389892578125,8.992621435546875,9.416744239285052
4.712758020392937,-0.5793968017578125,2.710236279296875,8.863334545898438,9.286537601066438
4.715244963939318,-0.55545478515625,2.6910826660156246,8.79150849609375,9.210921646098795
4.7177319074857,-0.5267243652343749,2.6575638427734374,8.777143286132812,9.185767708833845
4.720218851032081,-0.5027823486328125,2.6144682128906247,8.796296899414061,9.19037938656254
4.722705794578463,-0.49320554199218747,2.5713725830078125,8.853757739257812,9.232780446472432
4.725192738124845,-0.4836287353515625,2.5330653564453125,8.949525805664061,9.313663564888316
4.727679681671225,-0.47884033203125,2.5043349365234375,9.069235888671875,9.420829111190033
4.730166625217607,-0.45489831542968745,2.47081611328125,9.227253198242186,9.56316194192599
4.732653568763989,-0.44532150878906246,2.442085693359375,9.394847314453125,9.717265553734126
4.7351405123103705,-0.45489831542968745,2.422932080078125,9.567229833984374,9.879747923825443
4.737627455856752,-0.45010991210937495,2.408566870117187,9.725247143554688,10.029168724476811
4.740114399403133,-0.45010991210937495,2.398990063476562,9.8449572265625,10.143023959869343
4.742601342949515,-0.4836287353515625,2.403778466796875,9.931148486328125,10.229357649852286
4.745088286495896,-0.47884033203125,2.408566870117187,9.964667309570311,10.262800642213856
4.747575230042278,-0.47884033203125,2.403778466796875,9.955090502929687,10.252378548538724
4.75006217358866,-0.5027823486328125,2.403778466796875,9.926360083007811,10.225632767954455
4.7525491171350405,-0.51714755859375,2.4133552734375,9.868899243164062,10.172851003770392
4.755036060681422,-0.51714755859375,2.43250888671875,9.816226806640625,10.126344345356578
4.757523004227804,-0.5219359619140624,2.437297290039062,9.758765966796874,10.072057804792616
4.7600099477741855,-0.5315127685546874,2.446874096679687,9.65342109375,9.97287508602189
4.762496891320567,-0.5363011718749999,2.4564509033203126,9.5384994140625,9.864316553084068
4.764983834866948,-0.5315127685546874,2.4756045166015626,9.433154541015625,9.767063434852792
4.76747077841333,-0.5315127685546874,2.4899697265625,9.332598071289063,9.673667444282067
4.769957721959711,-0.5315127685546874,2.4899697265625,9.255983618164063,9.599775403729813
4.772444665506093,-0.5123591552734374,2.4947581298828125,9.198522778320312,9.544587541318196
4.774931609052474,-0.507570751953125,2.50912333984375,9.145850341796875,9.49736313285603
4.7774185525988555,-0.5123591552734374,2.5043349365234375,9.121908325195312,9.473300210145982
4.779905496145237,-0.5027823486328125,2.499546533203125,9.141061938476563,9.489970301576786
4.782392439691619,-0.49799394531249996,2.5043349365234375,9.193734375,9.541721186553104
4.7848793832380005,-0.49799394531249996,2.5139117431640625,9.251195214843749,9.599602237860378
4.787366326784381,-0.49320554199218747,2.5139117431640625,9.323021264648437,9.668595009625593
4.789853270330763,-0.488417138671875,2.5139117431640625,9.390058911132812,9.733011348411718
4.792340213877145,-0.4836287353515625,2.5330653564453125,9.471461767578125,9.81625717207813
4.794827157423526,-0.49320554199218747,2.5378537597656248,9.548076220703125,9.891901380875408
4.797314100969908,-0.49799394531249996,2.5378537597656248,9.610325463867188,9.952238702773286
4.799801044516289,-0.49320554199218747,2.5378537597656248,9.667786303710937,10.007499459247006
4.8022879880626705,-0.49320554199218747,2.5426421630859375,9.706093530273437,10.045722099210689
4.804774931609052,-0.49799394531249996,2.5522189697265625,9.730035546875,10.071514850430946
4.807261875155434,-0.49320554199218747,2.5474305664062498,9.734823950195311,10.074693620086364
4.809748818701816,-0.4836287353515625,2.5474305664062498,9.720458740234374,10.060348769546584
4.812235762248196,-0.47884033203125,2.5378537597656248,9.682151513671874,10.020680999973749
4.814722705794578,-0.49320554199218747,2.528276953125,9.643844287109374,9.981942130285416
4.81720964934096,-0.5027823486328125,2.5378537597656248,9.605537060546874,9.947855749737867
4.819696592887341,-0.5027823486328125,2.5139117431640625,9.557653027343749,9.895517860809914
4.822183536433723,-0.507570751953125,2.5139117431640625,9.509768994140625,9.849522153006959
4.824670479980104,-0.5027823486328125,2.518700146484375,9.447519750976562,9.790417251735974
4.827157423526486,-0.488417138671875,2.50912333984375,9.380482104492186,9.722535458849983
4.829644367072867,-0.49799394531249996,2.5043349365234375,9.337386474609374,9.680210618580457
4.832131310619249,-0.5027823486328125,2.5139117431640625,9.313444458007812,9.659854554542285
4.83461825416563,-0.49320554199218747,2.5139117431640625,9.303867651367186,9.650127316943893
4.837105197712011,-0.49320554199218747,2.5043349365234375,9.303867651367186,9.647636936322822
4.839592141258393,-0.4836287353515625,2.5139117431640625,9.3086560546875,9.65425950296273
4.842079084804775,-0.49320554199218747,2.5234885498046875,9.332598071289063,9.680321943400203
4.8445660283511565,-0.5123591552734374,2.5234885498046875,9.366116894531249,9.713632278762233
4.847052971897537,-0.5027823486328125,2.5234885498046875,9.390058911132812,9.73622056578613
4.849539915443919,-0.49320554199218747,2.5330653564453125,9.428366137695312,9.775160348204771
4.852026858990301,-0.49799394531249996,2.5378537597656248,9.485826977539062,9.832070642714703
4.854513802536682,-0.5027823486328125,2.5378537597656248,9.528922607421874,9.87389780452932
4.857000746083064,-0.49320554199218747,2.5426421630859375,9.562441430664062,9.906995861058725
4.859487689629445,-0.49799394531249996,2.5522189697265625,9.600748657226562,9.946667503150875
4.8619746331758265,-0.5123591552734374,2.5665841796874997,9.6151138671875,9.964952630815464
4.864461576722208,-0.5123591552734374,2.5713725830078125,9.6151138671875,9.966187011270566
4.86694852026859,-0.51714755859375,2.5761609863281247,9.619902270507811,9.972289943586674
4.8694354638149715,-0.51714755859375,2.5761609863281247,9.610325463867188,9.963051869095766
4.871922407361352,-0.5219359619140624,2.5809493896484375,9.591171850585937,9.946069292325378
4.874409350907734,-0.5219359619140624,2.5761609863281247,9.576806640625,9.930974172141289
4.876896294454116,-0.5219359619140624,2.5857377929687497,9.548076220703125,9.905766835469253
4.879383238000497,-0.5219359619140624,2.5857377929687497,9.514557397460937,9.8734623892485
4.881870181546879,-0.5267243652343749,2.5665841796874997,9.490615380859374,9.845637268138525
4.88435712509326,-0.5363011718749999,2.5570073730468748,9.457096557617186,9.811349598952502
4.8868440686396415,-0.5363011718749999,2.5570073730468748,9.423577734375,9.77904509492511
4.889331012186023,-0.5219359619140624,2.5570073730468748,9.394847314453125,9.75058254239419
4.891817955732405,-0.5267243652343749,2.5522189697265625,9.375693701171874,9.731130078493331
4.8943048992787865,-0.5363011718749999,2.5522189697265625,9.375693701171874,9.731653148082323
4.896791842825167,-0.5315127685546874,2.5426421630859375,9.380482104492186,9.733497804249877
4.899278786371549,-0.5410895751953124,2.5378537597656248,9.390058911132812,9.742006260975522
4.901765729917931,-0.5506663818359374,2.5426421630859375,9.399635717773437,9.753020776171287
4.904252673464312,-0.5410895751953124,2.5378537597656248,9.409212524414063,9.760469249166867
4.906739617010693,-0.5363011718749999,2.528276953125,9.437942944335937,9.785426425005607
4.909226560557075,-0.5315127685546874,2.5139117431640625,9.4618849609375,9.804566542666233
4.9117135041034565,-0.5267243652343749,2.5139117431640625,9.466673364257812,9.80892937047148
4.914200447649838,-0.5219359619140624,2.5139117431640625,9.485826977539062,9.827160467223743
4.91668739119622,-0.5267243652343749,2.5043349365234375,9.524134204101562,9.861960472895879
4.919174334742601,-0.5267243652343749,2.5043349365234375,9.528922607421874,9.866584925365975
4.921661278288982,-0.5123591552734374,2.4899697265625,9.528922607421874,9.862191805142807
4.924148221835364,-0.51714755859375,2.4851813232421875,9.5384994140625,9.87048827965577
4.926635165381746,-0.5219359619140624,2.4899697265625,9.543287817382812,9.876573735508893
4.929122108928127,-0.51714755859375,2.4851813232421875,9.524134204101562,9.856606928577834
4.931609052474508,-0.51714755859375,2.480392919921875,9.514557397460937,9.84614610414332
4.93409599602089,-0.5123591552734374,2.480392919921875,9.504980590820312,9.83664154948537
4.936582939567272,-0.49320554199218747,2.4851813232421875,9.481038574218749,9.813738857431835
4.939069883113653,-0.49799394531249996,2.4851813232421875,9.466673364257812,9.80010350784664
4.941556826660035,-0.49799394531249996,2.4899697265625,9.476250170898437,9.810569020715276
4.944043770206416,-0.488417138671875,2.4851813232421875,9.495403784179686,9.827378619721237
4.946530713752797,-0.488417138671875,2.480392919921875,9.519345800781249,9.849306818928863
4.949017657299179,-0.488417138671875,2.4899697265625,9.533711010742186,9.865604197254873
4.951504600845561,-0.4836287353515625,2.499546533203125,9.533711010742186,9.867789786048967
4.9539915443919424,-0.488417138671875,2.499546533203125,9.519345800781249,9.85414778902
4.956478487938323,-0.49799394531249996,2.50912333984375,9.524134204101562,9.861684959572267
4.958965431484705,-0.49799394531249996,2.518700146484375,9.519345800781249,9.859502668609606
4.961452375031087,-0.49320554199218747,2.518700146484375,9.514557397460937,9.854638735343414
4.963939318577468,-0.49799394531249996,2.518700146484375,9.528922607421874,9.868749386609432
4.966426262123849,-0.5027823486328125,2.5234885498046875,9.519345800781249,9.860969984030156
4.968913205670231,-0.5027823486328125,2.528276953125,9.509768994140625,9.852952895640888
4.971400149216612,-0.5123591552734374,2.5234885498046875,9.509768994140625,9.852218668244543
4.973887092762994,-0.51714755859375,2.5234885498046875,9.5001921875,9.843225470230317
4.976374036309376,-0.51714755859375,2.5234885498046875,9.490615380859374,9.833982731617915
4.978860979855757,-0.5219359619140624,2.5234885498046875,9.476250170898437,9.820373155373842
4.981347923402138,-0.5315127685546874,2.518700146484375,9.476250170898437,9.81965750688331
4.98383486694852,-0.5267243652343749,2.528276953125,9.476250170898437,9.821860323283326
4.986321810494902,-0.5267243652343749,2.528276953125,9.466673364257812,9.812620826985158
4.988808754041283,-0.5363011718749999,2.5330653564453125,9.457096557617186,9.805137140656052
4.991295697587664,-0.5267243652343749,2.528276953125,9.457096557617186,9.803381978109872
4.993782641134046,-0.5267243652343749,2.528276953125,9.457096557617186,9.803381978109872
4.9962695846804275,-0.5363011718749999,2.5330653564453125,9.457096557617186,9.805137140656052
4.998756528226809,-0.5363011718749999,2.528276953125,9.466673364257812,9.813139552875311
5.001243471773191,-0.5315127685546874,2.5234885498046875,9.471461767578125,9.816266515270772
5.003730415319572,-0.5363011718749999,2.528276953125,9.476250170898437,9.822378561229973
5.006217358865953,-0.5410895751953124,2.528276953125,9.485826977539062,9.83188057941592
5.008704302412335,-0.5458779785156249,2.5139117431640625,9.495403784179686,9.837704409284738
5.011191245958717,-0.5410895751953124,2.50912333984375,9.490615380859374,9.831594894539656
5.013678189505098,-0.5410895751953124,2.50912333984375,9.481038574218749,9.82235054906704
5.016165133051479,-0.5410895751953124,2.50912333984375,9.466673364257812,9.808485227010438
5.018652076597861,-0.5363011718749999,2.50912333984375,9.4618849609375,9.803600659733055
5.0211390201442425,-0.5267243652343749,2.5043349365234375,9.447519750976562,9.787990676145725
5.023625963690624,-0.5267243652343749,2.5043349365234375,9.433154541015625,9.774125875284557
5.026112907237006,-0.5267243652343749,2.5043349365234375,9.428366137695312,9.769504596327442
5.028599850783387,-0.5315127685546874,2.499546533203125,9.437942944335937,9.777781226603759
5.031086794329768,-0.5267243652343749,2.5043349365234375,9.437942944335937,9.778747315058505
5.03357373787615,-0.51714755859375,2.499546533203125,9.4618849609375,9.80012456466868
5.036060681422532,-0.51714755859375,2.499546533203125,9.481038574218749,9.818618381158885
5.0385476249689125,-0.51714755859375,2.5043349365234375,9.490615380859374,9.82908517508399
5.041034568515294,-0.507570751953125,2.5139117431640625,9.504980590820312,9.844899001641778
5.043521512061676,-0.49799394531249996,2.518700146484375,9.524134204101562,9.864125948871783
5.0460084556080576,-0.49320554199218747,2.5234885498046875,9.543287817382812,9.883602001955277
5.048495399154439,-0.488417138671875,2.528276953125,9.543287817382812,9.884587903319929
5.05098234270082,-0.488417138671875,2.5426421630859375,9.528922607421874,9.874408667312006
5.053469286247202,-0.488417138671875,2.5522189697265625,9.514557397460937,9.863020604275304
5.055956229793583,-0.47884033203125,2.5522189697265625,9.509768994140625,9.8579316316827
5.058443173339965,-0.47884033203125,2.5713725830078125,9.5001921875,9.85367427022327
5.060930116886347,-0.4740519287109375,2.5809493896484375,9.495403784179686,9.851330773436404
5.0634170604327275,-0.47884033203125,2.5809493896484375,9.490615380859374,9.846947147360494
5.065904003979109,-0.4836287353515625,2.5713725830078125,9.481038574218749,9.835443363678422
5.068390947525491,-0.47884033203125,2.5761609863281247,9.476250170898437,9.831846764088198
5.070877891071873,-0.4740519287109375,2.5809493896484375,9.471461767578125,9.828255847185467
5.073364834618254,-0.488417138671875,2.5713725830078125,9.471461767578125,9.82644881311081
5.075851778164635,-0.507570751953125,2.5617957763671875,9.476250170898437,9.829534219356667
5.078338721711017,-0.5027823486328125,2.5713725830078125,9.481038574218749,9.836403788812499
5.080825665257398,-0.488417138671875,2.5617957763671875,9.490615380859374,9.84241480575604
5.08331260880378,-0.488417138671875,2.5570073730468748,9.495403784179686,9.845787476468217
5.085799552350162,-0.49799394531249996,2.5522189697265625,9.495403784179686,9.845024767039133
5.088286495896543,-0.49799394531249996,2.5474305664062498,9.495403784179686,9.843784510280722
5.090773439442924,-0.5027823486328125,2.5522189697265625,9.490615380859374,9.840649981933783
5.093260382989306,-0.49799394531249996,2.5570073730468748,9.490615380859374,9.841649505178921
5.095747326535688,-0.49320554199218747,2.5522189697265625,9.481038574218749,9.830929041647478
5.098234270082068,-0.49799394531249996,2.5570073730468748,9.476250170898437,9.827797412280976
5.10072121362845,-0.49799394531249996,2.5474305664062498,9.476250170898437,9.82531005931525
5.103208157174832,-0.5123591552734374,2.5378537597656248,9.481038574218749,9.828189357952608
5.1056951007212135,-0.507570751953125,2.5378537597656248,9.481038574218749,9.827940894206613
5.108182044267595,-0.5027823486328125,2.528276953125,9.481038574218749,9.825226047660362
5.110668987813976,-0.51714755859375,2.50912333984375,9.476250170898437,9.81643819485259
5.113155931360358,-0.51714755859375,2.499546533203125,9.471461767578125,9.809371156384152
5.115642874906739,-0.51714755859375,2.4899697265625,9.471461767578125,9.806935242533793
5.118129818453121,-0.51714755859375,2.480392919921875,9.471461767578125,9.80450807788194
5.120616761999503,-0.5123591552734374,2.480392919921875,9.481038574218749,9.813508719464968
5.1231037055458835,-0.51714755859375,2.480392919921875,9.485826977539062,9.818386022273005
5.125590649092265,-0.5123591552734374,2.47081611328125,9.490615380859374,9.820347472317223
5.128077592638647,-0.5123591552734374,2.4660277099609376,9.490615380859374,9.819143795550213
5.1305645361850285,-0.5219359619140624,2.480392919921875,9.490615380859374,9.823265571740501
5.13305147973141,-0.51714755859375,2.4851813232421875,9.481038574218749,9.814971230348826
5.135538423277791,-0.507570751953125,2.480392919921875,9.471461767578125,9.804007605062889
5.138025366824173,-0.5027823486328125,2.480392919921875,9.476250170898437,9.808387045215332
5.140512310370554,-0.507570751953125,2.4756045166015626,9.476250170898437,9.80742387644732
5.142999253916936,-0.5123591552734374,2.480392919921875,9.476250170898437,9.808882619475256
5.145486197463318,0.6272808349609375,2.5713725830078125,1.4030021728515625,2.9956390476123396
5.1479731410096985,1.0390835205078124,2.0446482177734375,-2.1978771240234374,3.176624741662216
5.15046008455608,1.3168109130859373,1.5753846923828123,-4.726154077148437,5.152898239899863
5.152947028102462,1.465251416015625,1.2114660400390624,-6.062118603515625,6.353258505790077
5.1554339716488435,1.4796166259765624,0.9528922607421875,-6.177040283203125,6.422857283231721
5.157920915195225,1.3551181396484375,0.8283937744140625,-5.185840795898438,5.42360822500084
5.160407858741606,1.120486376953125,0.833182177734375,-3.2321722412109373,3.520883363459555
5.162894802287988,0.7996633544921875,0.9624690673828125,-0.5267243652343749,1.3576622345480462
5.165381745834369,0.411802685546875,1.2114660400390624,2.70065947265625,2.988443241093844
5.167868689380751,-0.0047884033203125,1.5466542724609373,6.157886669921875,6.3491519596659165
5.170355632927132,-0.4165910888671875,1.93451494140625,9.576806640625,9.779116607637249
5.1728425764735135,-0.8044517578125,2.3511060302734372,12.741941235351561,12.981984002508561
5.175329520019895,-1.149216796875,2.7533319091796873,15.447389111328125,15.73287533177281
5.177816463566277,-1.4173673828125,3.1268273681640624,17.530344555664062,17.863341230812928
5.180303407112659,-1.6136919189453125,3.438073583984375,18.875885888671874,19.254179277765193
5.182790350659039,-1.7286135986328124,3.6679169433593746,19.46485949707031,19.882717996226003
5.185277294205421,-1.7573440185546874,3.806780639648437,19.302053784179687,19.752192716893926
5.187764237751803,-1.6998831787109374,3.835511059570312,18.459294799804688,18.93003730623495
5.190251181298184,-1.5705962890624998,3.763685009765625,17.03235061035156,17.513796415109276
5.192738124844566,-1.3742717529296875,3.6248213134765623,15.188815332031249,15.675715728351351
5.195225068390947,-1.139639990234375,3.399766357421875,13.101071484375,13.582903394749694
5.197712011937329,-0.8858546142578124,3.1268273681640624,10.884040747070312,11.35887893992134
5.20019895548371,-0.6177040283203125,2.825157958984375,8.734047656249999,9.200362178820027
5.202685899030092,-0.37828386230468747,2.5139117431640625,6.79953271484375,7.259235226463511
5.205172842576474,-0.16759411621093748,2.2361843505859373,5.209782812499999,5.671899610449253
5.207659786122854,0.01915361328125,1.9967641845703124,4.04141240234375,4.507820790082759
5.210146729669236,0.1580173095703125,1.8052280517578123,3.342305517578125,3.8019500209511334
5.212633673215618,0.2346317626953125,1.6711527587890624,3.1364041748046874,3.5615775654906177
5.2151206167619995,0.258573779296875,1.618480322265625,3.399766357421875,3.7742218056121866
5.217607560308381,0.2346317626953125,1.637633935546875,4.060566015625,4.384642897451164
5.220094503854762,0.16280571289062498,1.7286135986328124,5.061342309570312,5.350868775084533
5.222581447401144,0.062249243164062495,1.8722656982421875,6.306327172851562,6.578678911767527
5.225068390947525,-0.0718260498046875,2.0446482177734375,7.675810522460937,7.943790813748603
5.227555334493907,-0.229843359375,2.2457611572265623,9.074024291992187,9.350625005678534
5.230042278040288,-0.38786066894531246,2.4660277099609376,10.386046801757812,10.68183957626745
5.232529221586669,-0.5506663818359374,2.6767174560546874,11.540052001953125,11.859209501961525
5.235016165133051,-0.6943184814453125,2.863465185546875,12.473790649414061,12.817057547968068
5.237503108679433,-0.814028564453125,3.0119056884765625,13.120225097656249,13.486086348277324
5.2399900522258145,-0.9002198242187499,3.1124621582031247,13.460201733398437,13.8446685450373
5.242476995772195,-0.948103857421875,3.1507693847656246,13.488932153320311,13.884435144337457
5.244963939318577,-0.9816226806640624,3.1555577880859373,13.235146777343749,13.641489590912588
5.247450882864959,-0.9720458740234375,3.1124621582031247,12.722787622070312,13.133987160940807
5.24993782641134,-0.9337386474609375,3.0023288818359375,12.014103930664062,12.418717318357242
5.252424769957722,-0.8714894042968749,2.863465185546875,11.209652172851563,11.602380294015383
5.254911713504103,-0.7852981445312499,2.70065947265625,10.333374365234375,10.709289450525421
5.2573986570504845,-0.6847416748046875,2.5426421630859375,9.466673364257812,9.82607779921699
5.259885600596866,-0.5889736083984375,2.370259643554687,8.667010009765624,9.004559022996705
5.262372544143248,-0.488417138671875,2.2266075439453124,7.977479931640625,8.296777598310776
5.2648594876896295,-0.39743747558593745,2.1164742675781247,7.445967163085937,7.751119071855014
5.26734643123601,-0.32082302246093747,2.020706201171875,7.096413720703125,7.385476874148277
5.269833374782392,-0.26336218261718747,1.9680337646484374,6.9336080078124995,7.212311456393907
5.272320318328774,-0.229843359375,1.9680337646484374,6.962338427734375,7.238794184873048
5.274807261875155,-0.201112939453125,2.0063409912109376,7.182604980468749,7.460272440928899
5.277294205421537,-0.201112939453125,2.0829554443359375,7.551312036132812,7.835908579389404
5.279781148967918,-0.22505495605468748,2.1835119140624997,8.015787158203125,8.310909563802978
5.2822680925142995,-0.2537853759765625,2.29843359375,8.566453540039062,8.87306769136728
5.284755036060681,-0.3112462158203125,2.427720483398437,9.145850341796875,9.467696627317586
5.287241979607063,-0.3687070556640625,2.5522189697265625,9.682151513671874,10.019671875666745
5.289728923153444,-0.4261678955078125,2.6719290527343746,10.175357055664062,10.52894653554001
5.292215866699825,-0.49799394531249996,2.77727392578125,10.577582934570312,10.947443042377769
5.294702810246207,-0.55545478515625,2.863465185546875,10.86009873046875,11.244985874723051
5.297189753792589,-0.5985504150390625,2.91134921875,11.051634863281249,11.444337028598609
5.29967669733897,-0.6512228515624999,2.920926025390625,11.123460913085937,11.518996602705988
5.302163640885351,-0.6847416748046875,2.906560815429687,11.061211669921875,11.457197324905488
5.304650584431733,-0.699106884765625,2.8730419921875,10.893617553710937,11.287782073185081
5.3071375279781146,-0.7134720947265625,2.8107927490234372,10.639832177734375,11.027947546042647
5.309624471524496,-0.718260498046875,2.748543505859375,10.309432348632813,10.693679670613523
5.312111415070878,-0.6943184814453125,2.6719290527343746,9.950302099609374,10.326170388387617
5.314598358617259,-0.6703764648437499,2.5809493896484375,9.595960253906249,9.959576173266186
5.31708530216364,-0.6512228515624999,2.4851813232421875,9.246406811523437,9.596679443222849
5.319572245710022,-0.603338818359375,2.408566870117187,8.930372192382812,9.269129386951592
5.322059189256404,-0.5458779785156249,2.360682836914062,8.671798413085938,9.003937690873295
5.324546132802785,-0.507570751953125,2.327164013671875,8.52335791015625,8.849912456029765
5.327033076349166,-0.47884033203125,2.308010400390625,8.461108666992187,8.783311445379892
5.329520019895548,-0.45010991210937495,2.3127988037109373,8.461108666992187,8.783051697108252
5.33200696344193,-0.4261678955078125,2.327164013671875,8.532934716796875,8.854845357362732
5.334493906988311,-0.4213794921875,2.360682836914062,8.67658681640625,9.001863302426424
5.336980850534693,-0.4165910888671875,2.4133552734375,8.853757739257812,9.186231975985569
5.339467794081074,-0.40222587890625,2.47081611328125,9.064447485351561,9.403771910143739
5.341954737627455,-0.4070142822265625,2.5234885498046875,9.289502441406249,9.634755352152146
5.344441681173837,-0.430956298828125,2.5809493896484375,9.495403784179686,9.84935105009666
5.346928624720219,-0.45010991210937495,2.6336218261718747,9.6917283203125,10.053266170305815
5.3494155682666005,-0.4644751220703125,2.6767174560546874,9.859322436523437,10.226768423402602
5.351902511812981,-0.488417138671875,2.7054478759765623,9.993397729492187,10.364651354039562
5.354389455359363,-0.5123591552734374,2.7150246826171873,10.084377392578125,10.456028802903798
