Time (s),Acceleration x (m/s^2),Acceleration y (m/s^2),Acceleration z (m/s^2),Absolute acceleration (m/s^2)
0.0,-1.4939818359375,5.046977099609375,26.920403466796873,27.430130921765972
0.002486943546381497,-1.7573440185546874,4.745307690429687,23.793576098632812,24.325716158786193
0.004973887092762994,-9.289502441406249,0.5315127685546874,19.220650927734376,21.35440899481523
0.007460830639144491,-8.8872765625,1.235408056640625,14.427459204101561,16.990041107978204
0.009947774185525988,-8.087613208007811,1.944091748046875,9.5384994140625,12.655905783437115
0.012434717731907486,-7.072471704101562,2.5522189697265625,4.764461303710937,8.901335247551813
0.014921661278288981,-5.913678100585937,3.1411925781249996,0.565031591796875,6.719965787855306
0.01740860482467048,-4.5585599609375,3.6822821533203123,-2.73896669921875,6.468509051825856
0.019895548371051976,-3.1028853515624997,4.228160131835938,-4.955997436523437,7.215756799963183
0.022382491917433474,-1.7381904052734374,4.6639048339843745,-6.062118603515625,7.843634116182224
0.02486943546381497,-0.3112462158203125,5.090072729492187,-5.755660791015624,7.689820917265701
0.027356379010196465,0.9528922607421875,5.439626171875,-4.410119458007812,7.0672972333296515
0.029843322556577963,2.0159177978515626,5.72693037109375,-2.0159177978515626,6.397310420070717
0.032330266102959464,2.906560815429687,5.899312890625,1.1109095703125,6.669640802074537
0.03481720964934096,3.5625720703124997,6.0333881835937495,4.855440966796874,8.524611411210998
0.03730415319572245,3.9743747558593747,6.019022973632812,8.710105639648438,11.308856375026052
0.03979109674210395,4.1563340820312495,5.947196923828125,12.473790649414061,14.430513414901597
0.04227804028848545,4.084508032226562,5.702988354492187,15.835249780273436,17.319423132438526
0.04476498383486695,3.782838623046875,5.415684155273437,18.564639672851563,19.70495747522712
0.04725192738124844,3.361459130859375,4.860229370117187,20.432116967773435,21.269523755913358
0.04973887092762994,2.7820623291015623,4.3430818115234375,21.370644018554685,21.9842365387652
0.05222581447401144,2.1164742675781247,3.782838623046875,21.365855615234373,21.801126520076384
0.05471275802039293,1.3359645263671873,3.0789433349609374,20.38423293457031,20.658694189285846
0.05719970156677443,0.59376201171875,2.4660277099609376,18.67477294921875,18.846246063811428
0.059686645113155926,-0.12449848632812499,1.8291700683593748,16.223110449218748,16.326379747501598
0.062173588659537427,-0.737414111328125,1.177947216796875,13.431471313476562,13.503175954637086
0.06466053220591893,-1.2928688964843749,0.689530078125,10.390835205078124,10.493637023035756
0.06714747575230041,-1.6711527587890624,0.32561142578124996,7.4699091796875,7.661482721809609
0.06963441929868192,-2.068590234375,0.028730419921875,4.7884033203125,5.216195678150915
0.07212136284506342,-2.1883003173828124,-0.047884033203124995,2.6575638427734374,3.442905275796915
0.0746083063914449,-2.3367408203125,-0.1197100830078125,1.0869675537109373,2.5799586485269126
0.0770952499378264,-2.31758720703125,0.0718260498046875,0.2537853759765625,2.332547204385159
0.0795821934842079,-2.212242333984375,0.3687070556640625,0.17238251953125,2.249372528108459
0.0820691370305894,-2.1021090576171875,0.7565677246093749,0.833182177734375,2.384418116298193
0.0845560805769709,-1.9201497314453124,1.2401964599609374,2.1691467041015624,3.151231453635835
0.0870430241233524,-1.6998831787109374,1.6903063720703124,3.9456443359374997,4.616800588983844
0.0895299676697339,-1.446097802734375,2.24097275390625,6.138733056640625,6.693071139582763
0.09201691121611538,-1.3024457031249999,2.7533319091796873,8.508992700195313,9.037707573476416
0.09450385476249688,-1.0630255371093749,3.265691064453125,10.836156713867187,11.367367934068316
0.09699079830887838,-0.9241618408203125,3.6631285400390623,12.947842578125,13.487743074242768
0.09947774185525989,-0.7661445312499999,4.04141240234375,14.743493823242186,15.306554209375886
0.10196468540164137,-0.6560112548828124,4.280832568359375,15.974113476562499,16.550775800757947
0.10445162894802287,-0.5506663818359374,4.395754248046875,16.658855151367188,17.23784626418102
0.10693857249440437,-0.47884033203125,4.357447021484375,16.697162377929686,17.263020132166137
0.10942551604078586,-0.37828386230468747,4.271255761718749,16.26620607910156,16.82189598916532
0.11191245958716736,-0.26815058593749996,4.151545678710937,15.275006591796874,15.831394841851429
0.11439940313354886,-0.22026655273437498,3.907337109375,13.781024755859374,14.325936058846604
0.11688634667993036,-0.086191259765625,3.6104561035156246,12.081141577148436,12.609393483263888
0.11937329022631185,-0.028730419921875,3.265691064453125,10.13226142578125,10.645575849424613
0.12186023377269335,0.0718260498046875,2.935291235351562,8.245630517578125,8.752800480427846
0.12434717731907485,0.229843359375,2.5617957763671875,6.598419775390624,7.0820031842641535
0.12683412086545634,0.33039982910156246,2.231395947265625,5.137956762695312,5.611318170971086
0.12932106441183785,0.39743747558593745,1.9488801513671874,4.089296435546875,4.547354805727116
0.13180800795821934,0.44532150878906246,1.7286135986328124,3.5673604736328124,3.9890446185028026
0.13429495150460083,0.4644751220703125,1.5801730957031248,3.4763808105468748,3.846804867853941
0.13678189505098234,0.45010991210937495,1.5370774658203123,3.864241479492187,4.183009476529986
0.13926883859736383,0.3495534423828125,1.446097802734375,4.7022120605468745,4.931955466800906
0.14175578214374532,0.26815058593749996,1.4939818359375,5.904101293945312,6.096088791349461
0.14424272569012683,0.1149216796875,1.5466542724609373,7.3837179199218745,7.5448417314055884
0.14672966923650832,-0.1197100830078125,1.6424223388671875,8.882488159179687,9.033851755544312
0.1492166127828898,-0.33518823242187495,1.7238251953125,10.457872851562499,10.60429295307312
0.15170355632927132,-0.63206923828125,1.915361328125,11.923124267578125,12.092518879016422
0.1541904998756528,-0.9002198242187499,2.0542250244140625,13.110648291015623,13.301102766070047
0.15667744342203432,-1.2114660400390624,2.1691467041015624,13.982137695312499,14.201162696087998
0.1591643869684158,-1.4796166259765624,2.288856787109375,14.470554833984375,14.724981764169064
0.1616513305147973,-1.68551796875,2.422932080078125,14.49928525390625,14.79664974113377
0.1641382740611788,-1.9201497314453124,2.5570073730468748,14.216769458007812,14.571952357838992
0.1666252176075603,-2.0302830078125,2.5857377929687497,13.469778540039062,13.865173022486806
0.1691121611539418,-2.0925322509765625,2.6719290527343746,12.435483422851561,12.890273233886047
0.1715991047003233,-2.068590234375,2.6958710693359373,11.238382592773437,11.740870056422015
0.1740860482467048,-1.9871873779296874,2.767697119140625,9.854534033203125,10.426931573088078
0.17657299179308628,-1.8770541015625,2.8107927490234372,8.475473876953124,9.124557272386982
0.1790599353394678,-1.6424223388671875,2.868253588867187,7.268796240234375,7.984975176624211
0.18154687888584928,-1.369483349609375,2.91134921875,6.253654736328125,7.032754544243154
0.18403382243223076,-1.0821791503906248,2.9975404785156248,5.434837768554687,6.300303342251732
0.18652076597861228,-0.7565677246093749,3.0837317382812497,4.994304663085937,5.918181749771262
0.18900770952499377,-0.4165910888671875,3.227383837890625,4.912901806640625,5.892890524529866
0.19149465307137528,-0.12449848632812499,3.2417490478515623,5.224148022460938,6.149484476192051
0.19398159661775677,0.16759411621093748,3.318363500976562,5.813121630859374,6.695670781002237
0.19646854016413826,0.39264907226562495,3.385401147460937,6.679822631835937,7.49900957566854
0.19895548371051977,0.5746083984375,3.404554760742187,7.79552060546875,8.525919858920506
0.20144242725690126,0.737414111328125,3.4428619873046875,8.916006982421875,9.586045000197373
0.20392937080328274,0.8379705810546875,3.447650390625,10.160991845703125,10.762631797062243
0.20641631434966426,0.86191259765625,3.347093920898437,11.257536206054686,11.776164590899109
0.20890325789604575,0.814028564453125,3.2704794677734372,12.210428466796873,12.667013925769432
0.21139020144242723,0.6943184814453125,3.1124621582031247,12.89038173828125,13.27898490843851
0.21387714498880875,0.612915625,2.9448680419921875,13.326126440429686,13.661389360326249
0.21636408853519024,0.38307226562499996,2.73896669921875,13.397952490234374,13.680417167275923
0.21885103208157172,0.19153613281249998,2.461239306640625,13.187262744140623,13.41634390203698
0.22133797562795324,-0.023942016601562498,2.1930887207031247,12.694057202148437,12.88213101968967
0.22382491917433472,-0.21068974609375,2.0350714111328125,11.93270107421875,12.106827030406457
0.22631186272071624,-0.4070142822265625,1.7286135986328124,10.97502041015625,11.117771296562136
0.22879880626709773,-0.603338818359375,1.5514426757812498,9.94072529296875,10.079137436122359
0.2312857498134792,-0.7948749511718749,1.3551181396484375,8.882488159179687,9.020352945332688
0.23377269335986073,-0.9193734375,1.216254443359375,7.943961108398437,8.088945572836977
0.23625963690624222,-1.0726023437499999,1.13006318359375,7.038952880859375,7.209325644308941
0.2387465804526237,-1.1731588134765625,1.1013327636718748,6.402095239257812,6.6012164720225925
0.24123352399900522,-1.216254443359375,1.2018892333984375,6.0525417968749995,6.289441533496385
0.2437204675453867,-1.3263877197265623,1.254561669921875,5.865794067382812,6.143351642843016
0.2462074110917682,-1.3455413330078123,1.426944189453125,6.081272216796875,6.389720101337151
0.2486943546381497,-1.3263877197265623,1.6472107421875,6.507440112304687,6.842469176214926
0.2511812981845312,-1.4125789794921875,1.8626888916015625,7.129932543945312,7.503394389302052
0.2536682417309127,-1.3934253662109375,2.1452046874999997,7.977479931640625,8.377572647384262
0.2561551852772942,-1.3551181396484375,2.43250888671875,8.949525805664061,9.372697413371291
0.2586421288236757,-1.3742717529296875,2.729389892578125,9.878476049804688,10.340332736579267
0.26112907237005717,-1.3455413330078123,2.9927520751953125,10.793061083984375,11.280833924184694
0.2636160159164387,-1.3215993164062498,3.2321722412109373,11.540052001953125,12.05679735077945
0.2661029594628202,-1.216254443359375,3.4715924072265625,12.157756030273436,12.702057329604314
0.26858990300920166,-1.2114660400390624,3.5817256835937497,12.483367456054687,13.043422552442603
0.2710768465555832,-1.0773907470703123,3.725377783203125,12.655749975585938,13.236586338403102
0.2735637901019647,-1.0007762939453124,3.768473413085937,12.459425439453124,13.05527584300501
0.27605073364834615,-0.814028564453125,3.821145849609375,12.076353173828124,12.692600367409398
0.27853767719472766,-0.7709329345703124,3.744531396484375,11.468225952148437,12.088674842942602
0.2810246207411092,-0.565031591796875,3.73495458984375,10.740388647460938,11.385301699403103
0.28351156428749064,-0.40222587890625,3.5960908935546874,9.859322436523437,10.502375649333025
0.28599850783387215,-0.16280571289062498,3.42849677734375,8.949525805664061,9.585150389986236
0.28848545138025367,-0.0143652099609375,3.289633081054687,8.12113203125,8.76211604786317
0.2909723949266351,0.229843359375,3.1699229980468746,7.436390356445312,8.08709721203029
0.29345933847301664,0.39264907226562495,2.9448680419921875,6.852205151367187,7.468543132038602
0.29594628201939815,0.5410895751953124,2.786850732421875,6.512228515625,7.104113961142851
0.2984332255657796,0.6464344482421874,2.6096798095703124,6.426037255859375,6.965792203191666
0.30092016911216113,0.7278373046875,2.528276953125,6.536170532226562,7.0458112889960836
0.30340711265854264,0.7230489013671875,2.375048046875,6.957550024414062,7.387229201869749
0.30589405620492416,0.7661445312499999,2.231395947265625,7.532158422851562,7.893004233064332
0.3083809997513056,0.6703764648437499,2.1116858642578125,8.21690009765625,8.510350698342927
0.31086794329768713,0.5889736083984375,2.039859814453125,9.045293872070312,9.291138746468237
0.31335488684406865,0.354341845703125,1.9776105712890624,9.90241806640625,10.104176625395038
0.3158418303904501,0.15322890625,1.9393033447265624,10.702081420898438,10.87745022053044
0.3183287739368316,-0.047884033203124995,1.8531120849609375,11.391611499023437,11.541452673937846
0.32081571748321314,-0.33039982910156246,1.848323681640625,11.999738720703125,12.145747973851828
0.3233026610295946,-0.603338818359375,1.8100164550781248,12.296619726562499,12.443754819068031
0.3257896045759761,-0.9145850341796874,1.7334020019531249,12.378022583007812,12.532222123413387
0.3282765481223576,-1.149216796875,1.7573440185546874,12.258312499999999,12.436847775599162
0.3307634916687391,-1.4173673828125,1.714248388671875,11.975796704101562,12.180611008233319
0.3332504352151206,-1.5849614990234373,1.7525556152343749,11.487379565429686,11.727891686834752
0.3357373787615021,-1.7573440185546874,1.7429788085937499,10.78348427734375,11.063894715988429
0.3382243223078836,-1.8291700683593748,1.7860744384765623,9.945513696289062,10.268844517365842
0.3407112658542651,-1.8914193115234375,1.8914193115234375,9.160215551757812,9.54277124208022
0.3431982094006466,-1.9201497314453124,1.9728221679687499,8.365340600585936,8.806697772798264
0.34568515294702806,-1.8531120849609375,2.0925322509765625,7.64229169921875,8.137403642240756
0.3481720964934096,-1.7573440185546874,2.24097275390625,7.086836914062499,7.637635388640844
0.3506590400397911,-1.62805712890625,2.408566870117187,6.675034228515624,7.280648757814357
0.35314598358617255,-1.4317325927734375,2.6001030029296874,6.5505357421875,7.191655744870555
0.35563292713255407,-1.2976572998046874,2.863465185546875,6.603208178710937,7.313392207995576
0.3581198706789356,-1.1156979736328125,3.0119056884765625,6.87614716796875,7.589318659814627
0.36060681422531704,-0.8714894042968749,3.289633081054687,7.364564306640625,8.112828545976807
0.36309375777169856,-0.6464344482421874,3.4668040039062498,8.015787158203125,8.75725135319232
0.36558070131808007,-0.430956298828125,3.6535517333984373,8.748412866210938,9.490463175093375
0.36806764486446153,-0.2920926025390625,3.749319799804687,9.528922607421874,10.244173129535698
0.37055458841084304,-0.143652099609375,3.825934252929687,10.309432348632813,10.997399882904118
0.37304153195722456,0.009576806640625,3.873818286132812,10.9941740234375,11.656690022765051
0.3755284755036061,0.15322890625,3.897760302734375,11.554417211914062,12.195104410469739
0.37801541904998753,0.19632453613281248,3.873818286132812,11.975796704101562,12.58827701218219
0.38050236259636905,0.26815058593749996,3.7301661865234372,12.20085166015625,12.761145158212054
0.38298930614275056,0.3016694091796875,3.5529952636718747,12.12423720703125,12.63771765899486
0.385476249689132,0.354341845703125,3.39018955078125,11.918335864257811,12.396195912742613
0.38796319323551354,0.3064578125,3.1220389648437497,11.501744775390625,11.921878063756164
0.39045013678189505,0.33039982910156246,2.901772412109375,10.912771166992187,11.296814671485295
0.3929370803282765,0.3016694091796875,2.6192566162109374,10.20887587890625,10.543844477462358
0.395424023874658,0.32561142578124996,2.365471240234375,9.418789331054686,9.716741709635222
0.39791096742103954,0.22505495605468748,2.1308394775390624,8.710105639648438,8.969786333359298
0.400397910967421,0.16280571289062498,1.9105729248046874,8.030152368164062,8.255915555350446
0.4028848545138025,0.12449848632812499,1.7238251953125,7.503428002929687,7.699902919663439
0.40537179806018403,0.0047884033203125,1.5179238525390624,7.048529687499999,7.210123889815086
0.4078587416065655,-0.08140285644531249,1.3838485595703125,6.866570361328125,7.005101839940098
0.410345685152947,-0.2154781494140625,1.3311761230468748,6.89530078125,7.025925815673823
0.4128326286993285,-0.354341845703125,1.3311761230468748,7.072471704101562,7.2053760498327675
0.41531957224571,-0.469263525390625,1.3742717529296875,7.522581616210937,7.661466261735884
0.4178065157920915,-0.6703764648437499,1.3838485595703125,8.02536396484375,8.17134678058971
0.420293459338473,-0.7996633544921875,1.5083470458984374,8.710105639648438,8.87583869531346
0.42278040288485447,-0.9816226806640624,1.608903515625,9.437942944335937,9.624288058361776
0.425267346431236,-1.1923124267578125,1.7573440185546874,10.146626635742187,10.366479586036132
0.4277542899776175,-1.3311761230468748,1.9393033447265624,10.831368310546875,11.083838090307744
0.43024123352399896,-1.5322890624999999,2.1164742675781247,11.358092675781249,11.65476908085326
0.43272817707038047,-1.618480322265625,2.3367408203125,11.803414184570311,12.140857573803894
0.435215120616762,-1.7573440185546874,2.4899697265625,12.033257543945313,12.413198393551294
0.43770206416314344,-1.8100164550781248,2.6767174560546874,12.018892333984374,12.445671891991601
0.44018900770952496,-1.8100164550781248,2.8012159423828122,11.803414184570311,12.26554347495572
0.4426759512559065,-1.7764976318359373,2.9448680419921875,11.420341918945311,11.926961103578945
0.445162894802288,-1.7094599853515624,3.1124621582031247,10.82179150390625,11.389505936684968
0.44764983834866945,-1.6328455322265625,3.1076737548828124,10.160991845703125,10.750329110652617
0.45013678189505096,-1.4221557861328125,3.2417490478515623,9.495403784179686,10.13381255963872
0.4526237254414325,-1.2497732666015624,3.323151904296875,8.748412866210938,9.441398173715001
0.45511066898781394,-1.0438719238281249,3.299209887695312,8.058882788085937,8.770407417476735
0.45759761253419545,-0.7517793212890624,3.385401147460937,7.4028715332031245,8.174877369982797
0.46008455608057697,-0.4740519287109375,3.375824340820312,7.0102224609374995,7.795135288307835
0.4625714996269584,-0.181959326171875,3.438073583984375,6.818686328125,7.638582486733443
0.46505844317333994,0.047884033203124995,3.39018955078125,6.794744311523437,7.5936966182382
0.46754538671972146,0.277727392578125,3.414131567382812,6.986280444335937,7.780844511420261
0.4700323302661029,0.51714755859375,3.3710359375,7.292738256835937,8.050798480398974
0.47251927381248443,0.63206923828125,3.337517114257812,7.8721350585937495,8.573741446456504
0.47500621735886595,0.70868369140625,3.21780703125,8.461108666992187,9.080026130990893
0.4774931609052474,0.7661445312499999,3.1603461914062496,9.203311181640624,9.760927322668252
0.4799801044516289,-6.5601125488281244,-0.430956298828125,9.509768994140625,11.56099071475755
0.48246704799801043,-6.0333881835937495,0.63206923828125,10.17056865234375,11.84237101293265
0.4849539915443919,-5.521029028320312,1.7094599853515624,10.740388647460938,12.196719365123618
0.4874409350907734,-4.826710546875,2.5857377929687497,11.271901416015623,12.531517712139909
0.4899278786371549,-4.165910888671875,3.418919970703125,11.535263598632811,12.732090699817165
0.4924148221835364,-3.366247534179687,4.0988732421875,11.664550488281249,12.813825440146818
0.4949017657299179,-2.6575638427734374,4.65432802734375,11.554417211914062,12.736953013633606
0.4973887092762994,-1.886630908203125,5.0948611328124995,11.310208642578125,12.547422272525928
0.49987565282268087,-1.2114660400390624,5.305550878906249,10.86009873046875,12.147356277411136
0.5023625963690624,-0.6081272216796875,5.449202978515625,10.309432348632813,11.67681579754721
0.5048495399154439,-0.0526724365234375,5.449202978515625,9.672574707031249,11.102039855347913
0.5073364834618254,0.469263525390625,5.358223315429687,8.992621435546875,10.478454353449916
0.5098234270082069,0.8571241943359375,5.200206005859375,8.341398583984375,9.866900968631867
0.5123103705545884,1.2018892333984375,4.955997436523437,7.771578588867187,9.29536885137566
0.5147973141009698,1.4125789794921875,4.673481640625,7.3932947265625,8.859888088027919
0.5172842576473514,1.5753846923828123,4.386177441406249,7.067683300781249,8.465963425188967
0.5197712011937329,1.637633935546875,4.084508032226562,6.943184814453125,8.220271658517772
0.5222581447401143,1.6041151123046875,3.77326181640625,7.153874560546875,8.245520678326713
0.5247450882864959,1.5227122558593749,3.5051112304687497,7.37414111328125,8.305565273398756
0.5272320318328774,1.3838485595703125,3.2561142578125,7.838616235351562,8.600071010222635
0.5297189753792588,1.139639990234375,3.0166940917968748,8.384494213867187,8.98326030866277
0.5322059189256404,0.8906430175781249,2.863465185546875,9.13627353515625,9.615829239477797
0.5346928624720219,0.612915625,2.710236279296875,9.792284790039062,10.17889422590767
0.5371798060184033,0.3399766357421875,2.6192566162109374,10.534487304687499,10.860548425702886
0.5396667495647849,-0.0047884033203125,2.446874096679687,11.085153686523437,11.35199753469197
0.5421536931111663,-0.26815058593749996,2.35589443359375,11.559205615234374,11.799888888215962
0.5446406366575478,-0.5458779785156249,2.3223756103515623,11.875240234375,12.112503534245217
0.5471275802039294,-8.192958081054687,-1.5370774658203123,11.496956372070311,14.200956836605766
0.5496145237503108,-7.900865478515625,-0.316034619140625,11.372457885742186,13.851222023817066
0.5521014672966923,-7.426813549804687,0.86191259765625,11.113884106445312,13.394733023134831
0.5545884108430739,-6.7037646484375,1.9632453613281249,10.697293017578124,12.776027188228054
0.5570753543894553,-5.928043310546875,2.9544448486328125,10.122684619140625,12.097073437568223
0.5595622979358368,-4.965574243164062,3.845087866210937,9.457096557617186,11.35245804058979
0.5620492414822184,-3.9456443359374997,4.563348364257812,8.839392529296875,10.701734336371818
0.5645361850285998,-2.916137622070312,5.176263989257812,8.106766821289062,10.050733098241851
0.5670231285749813,-1.8626888916015625,5.592855078125,7.632714892578124,9.644064208786062
0.5695100721213628,-0.8762778076171874,5.932831713867187,7.1395093505859375,9.324105785987989
0.5719970156677443,0.11013327636718749,6.148309863281249,6.847416748046874,9.203312427322984
0.5744839592141258,0.9337386474609375,6.177040283203125,6.804321118164062,9.23723337375265
0.5769709027605073,1.66636435546875,6.129156249999999,6.871358764648437,9.35729115581009
0.5794578463068888,2.2553379638671873,5.889736083984375,7.173028173828125,9.551328371110493
0.5819447898532703,2.6527754394531247,5.68862314453125,7.6279264892578125,9.878406416937063
0.5844317333996518,2.9544448486328125,5.343858105468749,8.25520732421875,10.268106533379555
0.5869186769460333,3.0550013183593747,4.908113403320312,8.968679418945312,10.670511738189656
0.5894056204924147,3.0262708984374997,4.458003491210937,9.6917283203125,11.088810058483551
0.5918925640387963,2.85388837890625,4.00310517578125,10.386046801757812,11.490844098495396
0.5943795075851778,2.5522189697265625,3.5386300537109374,11.080365283203124,11.908409597241414
0.5968664511315592,2.2266075439453124,3.0789433349609374,11.621454858398437,12.226851035342142
0.5993533946779408,1.7429788085937499,2.6144682128906247,11.994950317382811,12.399687587996093
0.6018403382243223,1.2641384765625,2.1452046874999997,12.16254443359375,12.414807140601905
0.6043272817707037,0.6847416748046875,1.7764976318359373,12.191274853515624,12.339043623842791
0.6068142253170853,0.16759411621093748,1.43652099609375,11.927912670898436,12.015272824392552
0.6093011688634667,-0.39264907226562495,1.216254443359375,11.583147631835937,11.653444007067137
0.6117881124098483,-0.86191259765625,0.967257470703125,10.951078393554686,11.027447498057283
0.6142750559562298,-1.3024457031249999,0.8714894042968749,10.319009155273436,10.437327653092408
0.6167619995026112,-1.695094775390625,0.7757213378906249,9.562441430664062,9.7424522583637
0.6192489430489928,-1.915361328125,0.8044517578125,8.86812294921875,9.108202692649337
0.6217358865953743,-2.1595698974609374,0.8379705810546875,8.145074047851562,8.468067552973205
0.6242228301417557,-2.29843359375,1.01514150390625,7.589619262695312,7.9947251241369965
0.6267097736881373,-2.360682836914062,1.1923124267578125,7.110778930664062,7.586673143102823
0.6291967172345188,-2.3127988037109373,1.43652099609375,6.813897924804687,7.337699626471674
0.6316836607809002,-2.231395947265625,1.7238251953125,6.76122548828125,7.325631118262211
0.6341706043272818,-2.039859814453125,2.0829554443359375,6.9527616210937495,7.539272219880619
0.6366575478736632,-1.8291700683593748,2.442085693359375,7.268796240234375,7.883212825665546
0.6391444914200447,-1.62805712890625,2.7341782958984373,7.762001782226562,8.388979236834055
0.6416314349664263,-1.37906015625,3.0789433349609374,8.394071020507813,9.04666387525179
0.6441183785128077,-1.0917559570312498,3.299209887695312,9.0788126953125,9.721191126057915
0.6466053220591892,-0.8810662109374999,3.5625720703124997,9.787496386718749,10.452907870265529
0.6490922656055708,-0.59376201171875,3.758896606445312,10.51533369140625,11.182759036397492
0.6515792091519522,-0.38786066894531246,3.864241479492187,11.075576879882812,11.736745772680662
0.6540661526983337,-0.2154781494140625,3.864241479492187,11.554417211914062,12.18537443625262
0.6565530962447153,0.023942016601562498,3.9456443359374997,11.846509814453125,12.48633161620373
0.6590400397910967,0.17238251953125,3.883395092773437,11.918335864257811,12.536235597374146
0.6615269833374782,0.26336218261718747,3.7205893798828122,11.827356201171874,12.401552309381614
0.6640139268838597,0.36391865234375,3.5817256835937497,11.535263598632811,12.084018451987815
0.6665008704302412,0.4070142822265625,3.327940307617187,11.123460913085937,11.617754946716264
0.6689878139766227,0.4644751220703125,3.0789433349609374,10.47702646484375,10.929945688060803
0.6714747575230042,0.43574470214843747,2.77727392578125,9.797073193359374,10.19243675772951
0.6739617010693857,0.4261678955078125,2.4947581298828125,9.145850341796875,9.489574051364157
0.6764486446157671,0.44532150878906246,2.24097275390625,8.489839086914062,8.791907520648413
0.6789355881621487,0.2825157958984375,2.0063409912109376,7.896077075195312,8.151886439675812
0.6814225317085302,0.22505495605468748,1.7812860351562498,7.431601953125,7.645412824823704
0.6839094752549116,0.11013327636718749,1.6136919189453125,7.144297753906249,7.325102138830738
0.6863964188012932,-0.0430956298828125,1.5083470458984374,7.024587670898437,7.184831242995472
0.6888833623476747,-0.229843359375,1.3934253662109375,7.082048510742187,7.221486919572346
0.6913703058940561,-0.3591302490234375,1.4125789794921875,7.364564306640625,7.507407098040702
0.6938572494404377,-0.5506663818359374,1.426944189453125,7.7763669921875,7.925357202112822
0.6963441929868192,-0.7326257080078125,1.5131354492187499,8.37012900390625,8.537293415231142
0.6988311365332006,-0.9576806640625,1.6136919189453125,9.064447485351561,9.256638811052575
0.7013180800795822,-1.1348515869140625,1.7908628417968748,9.734823950195311,9.963025403146696
0.7038050236259636,-1.2832920898437499,1.924938134765625,10.386046801757812,10.640591787059318
0.7062919671723451,-1.465251416015625,2.1260510742187497,10.984597216796875,11.283990025588649
0.7087789107187267,-1.6041151123046875,2.3511060302734372,11.477802758789062,11.8254319595006
0.7112658542651081,-1.7573440185546874,2.4756045166015626,11.750741748046874,12.136589609583893
0.7137527978114896,-1.7812860351562498,2.70065947265625,11.865663427734374,12.29880116542111
0.7162397413578712,-1.8052280517578123,2.8107927490234372,11.803414184570311,12.267028597396015
0.7187266849042526,-1.7621324218749999,2.959233251953125,11.520898388671874,12.024694249493011
0.7212136284506341,-1.70467158203125,3.1316157714843746,11.118672509765624,11.676377902509511
0.7237005719970157,-1.5897499023437498,3.1555577880859373,10.558429321289061,11.133969617284231
0.7261875155433971,-1.4125789794921875,3.318363500976562,9.883264453125,10.520733432053147
0.7286744590897786,-1.197100830078125,3.356670727539062,9.169792358398437,9.837956122418605
0.7311614026361601,-0.9864110839843749,3.337517114257812,8.52335791015625,9.206500821658256
0.7336483461825416,-0.699106884765625,3.385401147460937,7.920019091796875,8.641550426861116
0.7361352897289231,-0.4740519287109375,3.342305517578125,7.3549875,8.092686360480307
0.7386222332753046,-0.1867477294921875,3.394977954101562,7.058106494140625,7.834386849392629
0.7411091768216861,0.086191259765625,3.366247534179687,6.885723974609375,7.665001373068444
0.7435961203680675,0.3064578125,3.294421484375,6.928819604492187,7.6782595957123725
0.7460830639144491,0.47884033203125,3.2225954345703123,7.163451367187499,7.869526344612722
0.7485700074608306,0.6655880615234374,3.1411925781249996,7.6087728759765625,8.25854242337634
0.7510569510072121,0.7805097412109374,3.1076737548828124,8.164227661132813,8.770487154412733
0.7535438945535936,0.814028564453125,2.9831752685546875,8.834604125976561,9.360139275106116
0.7560308380999751,0.842758984375,2.93050283203125,9.519345800781249,9.99580081980126
0.7585177816463566,0.82360537109375,2.806004345703125,10.266336718749999,10.674720409366879
0.7610047251927381,0.6751648681640625,2.6384102294921874,10.93671318359375,11.270703234425318
0.7634916687391196,0.5123591552734374,2.47081611328125,11.444283935546874,11.71917569486263
0.7659786122855011,0.32561142578124996,2.31758720703125,11.841721411132811,12.070774591619026
0.7684655558318826,0.1197100830078125,2.1883003173828124,12.042834350585936,12.240622859098472
0.770952499378264,-0.15322890625,2.0159177978515626,12.052411157226562,12.220802689195363
0.7734394429246456,-0.373495458984375,1.8435352783203125,11.9135474609375,12.061124917863335
0.7759263864710271,-0.6272808349609375,1.6807295654296874,11.4538607421875,11.593500723226041
0.7784133300174085,-0.8283937744140625,1.6041151123046875,10.946289990234375,11.094173519885
0.7809002735637901,-1.0726023437499999,1.465251416015625,10.290278735351562,10.449271455521783
0.7833872171101716,-1.2210428466796874,1.4125789794921875,9.595960253906249,9.775928508396493
0.785874160656553,-1.5179238525390624,1.388636962890625,8.585607153320312,8.828649705813344
0.7883611042029346,-1.5179238525390624,1.3646949462890625,8.173804467773436,8.42481837168772
0.790848047749316,-2.231395947265625,2.6815058593749996,21.988348046875,22.2633566961015
0.7933349912956975,-2.6527754394531247,2.408566870117187,18.411410766601563,18.75682431320728
0.7958219348420791,-2.920926025390625,2.1212626708984375,14.202404248046873,14.654004592250246
0.7983088783884605,-3.0885201416015624,1.8243816650390623,9.945513696289062,10.572632964776682
0.800795821934842,-3.0885201416015624,1.6424223388671875,5.827486840820312,6.7967720782899885
0.8032827654812236,-2.89219560546875,1.5370774658203123,2.221819140625,3.957762353890511
0.805769709027605,-2.5953145996093747,1.5035586425781249,-0.5602431884765625,3.0512651298848694
0.8082566525739865,-2.2553379638671873,1.6041151123046875,-2.422932080078125,3.6783602990268065
0.8107435961203681,-1.7764976318359373,1.8052280517578123,-3.303998291015625,4.163075409094359
0.8132305396667495,-1.3072341064453123,2.0973206542968748,-3.0071172851562498,3.892347531076797
0.815717483213131,-0.7996633544921875,2.43250888671875,-1.7860744384765623,3.1219581778529255
0.8182044267595125,-0.373495458984375,2.7246014892578123,0.22026655273437498,2.7588891763536503
0.820691370305894,0.062249243164062495,3.1507693847656246,2.877830395507812,4.267684438844969
0.8231783138522755,0.4070142822265625,3.5577836669921874,5.942408520507812,6.937989930207209
0.825665257398657,0.6272808349609375,3.907337109375,9.107543115234375,9.930161435146024
0.8281522009450385,0.7852981445312499,4.146757275390625,12.12423720703125,12.837811999292178
0.83063914449142,0.8762778076171874,4.328716601562499,14.757859033203124,15.404546519020293
0.8331260880378015,0.9050082275390624,4.414907861328125,16.8168724609375,17.4102742851274
0.835613031584183,0.833182177734375,4.405331054687499,18.210297827148437,18.75409505137839
0.8380999751305644,0.6943184814453125,4.266467358398438,18.75617580566406,19.247829818629782
0.840586918676946,0.565031591796875,4.0222587890625,18.52633244628906,18.966360230058424
0.8430738622233275,0.38786066894531246,3.7158009765625,17.60695900878906,17.998961590411703
0.8455608057697089,0.19632453613281248,3.347093920898437,16.060304736328124,16.406552631876284
0.8480477493160905,-0.0047884033203125,2.896984008789062,14.063540551757812,14.358820011648671
0.850534692862472,-0.16280571289062498,2.461239306640625,11.765106958007811,12.02089623772148
0.8530216364088534,-0.2825157958984375,2.01112939453125,9.442731347656249,9.658655802982615
0.855508579955235,-0.3495534423828125,1.6998831787109374,7.201758593749999,7.407909102641449
0.8579955235016165,-0.43574470214843747,1.350329736328125,5.329492895507812,5.5151390159750875
0.8604824670479979,-0.43574470214843747,1.120486376953125,3.845087866210937,4.028655342080103
0.8629694105943795,-0.51714755859375,1.0007762939453124,2.916137622070312,3.126156333060822
0.8654563541407609,-0.507570751953125,0.8858546142578124,2.5905261962890624,2.7844555014400925
0.8679432976871424,-0.5793968017578125,0.8906430175781249,2.882618798828125,3.0722038959035824
0.870430241233524,-0.5746083984375,0.9911994873046874,3.6487633300781246,3.824411729156628
0.8729171847799054,-0.6560112548828124,1.149216796875,4.860229370117187,5.037149942467691
0.8754041283262869,-0.689530078125,1.3455413330078123,6.445190869140625,6.620152456486571
0.8778910718726685,-0.7900865478515624,1.5705962890624998,8.169016064453125,8.356065636267232
0.8803780154190499,-0.9624690673828125,1.867477294921875,9.9215716796875,10.141568061591585
0.8828649589654315,-1.0630255371093749,2.0973206542968748,11.535263598632811,11.772471427420419
0.885351902511813,-1.22583125,2.427720483398437,12.899958544921875,13.183528338790484
0.8878388460581944,-1.35990654296875,2.5809493896484375,13.88636962890625,14.189499886470479
0.890325789604576,-1.5418658691406248,2.849099975585937,14.470554833984375,14.828744998571294
0.8928127331509574,-1.618480322265625,2.9831752685546875,14.618995336914061,15.007792572433576
0.8952996766973389,-1.6998831787109374,3.0597897216796874,14.322114331054687,14.743638454396631
0.8977866202437205,-1.7381904052734374,3.1938650146484373,13.618219042968748,14.095317290471206
0.9002735637901019,-1.7573440185546874,3.2130186279296873,12.502521069335936,13.027846322096455
0.9027605073364834,-1.66636435546875,3.289633081054687,11.2240173828125,11.814271970071761
0.905247450882865,-1.5131354492187499,3.289633081054687,9.90241806640625,10.54367811807344
0.9077343944292464,-1.3359645263671873,3.2561142578125,8.528146313476562,9.22585285053394
0.9102213379756279,-1.1013327636718748,3.284844677734375,7.359775903320312,8.13446001651439
0.9127082815220094,-0.8714894042968749,3.2321722412109373,6.358999609374999,7.186327797330682
0.9151952250683909,-0.5746083984375,3.289633081054687,5.655104321289063,6.5675007045440426
0.9176821686147724,-0.2920926025390625,3.2800562744140622,5.3007624755859375,6.2403661811115745
0.9201691121611539,-0.023942016601562498,3.284844677734375,5.358223315429687,6.285008741045084
0.9226560557075354,0.22026655273437498,3.323151904296875,5.7508723876953125,6.645629327072179
0.9251429992539169,0.43574470214843747,3.303998291015625,6.41646044921875,7.230300329092359
0.9276299428002984,0.622492431640625,3.289633081054687,7.345410693359375,8.072437109667531
0.9301168863466799,0.74699091796875,3.23696064453125,8.418013037109375,9.049798513708213
0.9326038298930613,0.86191259765625,3.227383837890625,9.524134204101562,10.092969439209329
0.9350907734394429,0.8283937744140625,3.0933085449218747,10.568006127929687,11.042533564338125
0.9375777169858244,0.814028564453125,3.0071172851562498,11.540052001953125,11.953166822152758
0.9400646605322058,0.6655880615234374,2.844311572265625,12.220005273437499,12.564300405140232
0.9425516040785874,0.5698199951171875,2.7054478759765623,12.703634008789061,13.001017655003915
0.9450385476249689,0.3495534423828125,2.4756045166015626,12.8329208984375,13.074198412034814
0.9475254911713503,0.16759411621093748,2.2840683837890623,12.717999218749998,12.922560129391501
0.9500124347177319,-0.01915361328125,2.0781670410156248,12.344503759765624,12.518223443689322
0.9524993782641133,-0.27293898925781246,1.867477294921875,11.640608471679688,11.79261348174554
0.9549863218104948,-0.4740519287109375,1.675941162109375,10.888829150390624,11.027243729797744
0.9574732653568764,-0.679953271484375,1.4796166259765624,9.955090502929687,10.087389589620768
0.9599602089032578,-0.86191259765625,1.3646949462890625,9.045293872070312,9.188178647291213
0.9624471524496393,-0.9959878906249999,1.3263877197265623,8.231265307617187,8.396727030557523
0.9649340959960209,-1.1827356201171875,1.2737152832031249,7.455543969726562,7.655478434055268
0.9674210395424023,-1.2976572998046874,1.2306196533203124,6.947973217773437,7.17444569522772
0.9699079830887838,-1.407790576171875,1.3311761230468748,6.564900952148437,6.8448395663045245
0.9723949266351654,-1.4413093994140624,1.4125789794921875,6.584054565429687,6.886401576926662
0.9748818701815468,-1.4796166259765624,1.6472107421875,6.775590698242187,7.128197380765364
0.9773688137279283,-1.5179238525390624,1.9009961181640624,7.211335400390625,7.610600325881584
0.9798557572743098,-1.5275006591796874,2.0925322509765625,7.829039428710937,8.246563397044971
0.9823427008206913,-1.5275006591796874,2.370259643554687,8.628702783203124,9.07776959183894
0.9848296443670728,-1.47482822265625,2.6288334228515624,9.332598071289063,9.807306980597334
0.9873165879134543,-1.465251416015625,2.91134921875,10.189722265624999,10.698287518861413
0.9898035314598358,-1.407790576171875,3.1172505615234374,10.850521923828124,11.376860348494715
0.9922904750062173,-1.350329736328125,3.337517114257812,11.420341918945311,11.974415243776845
0.9947774185525988,-1.2401964599609374,3.5003228271484375,11.803414184570311,12.373800287950008
0.9972643620989803,-1.1252747802734375,3.6056677001953124,11.956643090820311,12.539074802257632
0.9997513056453617,-0.9720458740234375,3.7014357666015623,11.875240234375,12.476651415327835
1.0022382491917432,-0.8810662109374999,3.782838623046875,11.6070896484375,12.239717146361508
1.0047251927381249,-0.6847416748046875,3.787627026367187,11.133037719726563,11.779623021172448
1.0072121362845063,-0.5123591552734374,3.7158009765625,10.534487304687499,11.182357156433406
1.0096990798308878,-0.36391865234375,3.6583401367187496,9.758765966796874,10.428298161069426
1.0121860233772693,-0.12449848632812499,3.5003228271484375,9.030928662109375,9.686352887824345
1.0146729669236507,0.08140285644531249,3.3710359375,8.379705810546875,9.032717154227017
1.0171599104700322,0.22026655273437498,3.2800562744140622,7.790732202148437,8.455932518839608
1.0196468540164139,0.33518823242187495,3.0645781249999997,7.287949853515625,7.91316645235907
1.0221337975627953,0.5363011718749999,2.925714428710937,7.029376074218749,7.632794498617192
1.0246207411091768,0.6512228515624999,2.7916391357421872,6.981492041015625,7.547090259521818
1.0271076846555582,0.7134720947265625,2.6575638427734374,7.187393383789062,7.696123157909118
1.0295946282019397,0.699106884765625,2.4899697265625,7.50821640625,7.941159441706613
1.0320815717483212,0.6416460449218749,2.3511060302734372,8.02536396484375,8.387244838489252
1.0345685152947028,0.59376201171875,2.2266075439453124,8.67658681640625,8.97738788645947
1.0370554588410843,0.507570751953125,2.1260510742187497,9.380482104492186,9.631778950491084
1.0395424023874658,0.33518823242187495,2.0733786376953125,10.1131078125,10.328901188105824
1.0420293459338472,0.1292868896484375,1.9584569580078124,10.788272680664061,10.965358917453031
1.0445162894802287,-0.1149216796875,1.8531120849609375,11.3389390625,11.489942143238965
1.0470032330266101,-0.32561142578124996,1.8435352783203125,11.745953344726562,11.894203003963904
1.0494901765729918,-0.603338818359375,1.7286135986328124,11.927912670898436,12.067610508617564
1.0519771201193733,-0.8379705810546875,1.7238251953125,11.918335864257811,12.071474548370688
1.0544640636657547,-1.1061211669921875,1.6328455322265625,11.698069311523437,11.863157850479224
1.0569510072121362,-1.2976572998046874,1.6424223388671875,11.305420239257812,11.497564628788416
1.0594379507585177,-1.4796166259765624,1.6424223388671875,10.764330664062498,10.988977711523143
1.0619248943048991,-1.6711527587890624,1.6903063720703124,10.127473022460936,10.402672589067862
1.0644118378512808,-1.7860744384765623,1.675941162109375,9.370905297851563,9.685695988411693
1.0668987813976623,-1.7764976318359373,1.8148048583984373,8.695740429687499,9.05899343914582
1.0693857249440437,-1.7956512451171873,1.8770541015625,8.030152368164062,8.439848490951386
1.0718726684904252,-1.8100164550781248,1.9919757812499999,7.522581616210937,7.989578290078574
1.0743596120368066,-1.6615759521484375,2.2170307373046874,7.072471704101562,7.595782773370299
1.076846555583188,-1.5897499023437498,2.446874096679687,6.957550024414062,7.5446669866355345
1.0793334991295698,-1.4796166259765624,2.6288334228515624,6.943184814453125,7.5701945742906895
1.0818204426759512,-1.3168109130859373,2.849099975585937,7.182604980468749,7.83844218943793
1.0843073862223327,-1.1444283935546875,3.0358477050781247,7.570465649414062,8.23638499496961
1.0867943297687142,-0.9624690673828125,3.23696064453125,8.10197841796875,8.777603044404794
1.0892812733150956,-0.8044517578125,3.4859576171874997,8.762778076171875,9.46495233752995
1.0917682168614773,-0.6272808349609375,3.6296097167968746,9.442731347656249,10.135715231111496
1.0942551604078588,-0.4213794921875,3.797203833007812,10.156203442382813,10.851026955496604
1.0967421039542402,-0.24899697265624998,3.878606689453125,10.850521923828124,11.525598264877068
1.0992290475006217,-0.1484405029296875,3.9504327392578125,11.343727465820312,12.012830899880182
1.1017159910470031,-0.028730419921875,3.912125512695312,11.654973681640625,12.294062102651266
1.1042029345933846,0.06703764648437499,3.8690298828125,11.846509814453125,12.462490965456162
1.1066898781397663,0.11013327636718749,3.706224169921875,11.81777939453125,12.385803839641731
1.1091768216861477,0.1867477294921875,3.5482068603515624,11.616666455078125,12.147904599841644
1.1116637652325292,0.2825157958984375,3.366247534179687,11.180921752929686,11.680087708636405
1.1141507087789106,0.3447650390625,3.1651345947265623,10.635043774414061,11.101400633190297
1.116637652325292,0.3591302490234375,2.887407202148437,10.031704956054687,10.445151947775317
1.1191245958716736,0.39743747558593745,2.6862942626953124,9.380482104492186,9.765632489782115
1.1216115394180552,0.32082302246093747,2.384624853515625,8.647856396484375,8.97634576862774
1.1240984829644367,-7.144297753906249,-1.7525556152343749,7.613561279296874,10.58672550577222
1.1265854265108182,-6.737283471679687,-0.7517793212890624,7.038952880859375,9.772564575619064
1.1290723700571996,-6.186617089843749,0.2442085693359375,6.6893994384765625,9.114929165340474
1.131559313603581,-12.885593334960937,-2.360682836914062,6.047753393554687,14.428674927370933
1.1340462571499625,-11.602301245117188,-0.1867477294921875,6.0908490234374995,13.105216927744
1.1365332006963442,-10.160991845703125,1.848323681640625,6.344634399414062,12.120909263862476
1.1390201442427257,-8.623914379882812,3.6631285400390623,6.818686328125,11.588135880017848
1.1415070877891071,-6.957550024414062,5.334281298828125,7.407659936523437,11.477607984786115
1.1439940313354886,-5.353434912109375,6.751648681640624,8.10197841796875,11.827344569417198
1.14648097488187,-3.67749375,7.896077075195312,8.935160595703124,12.478344775238414
1.1489679184282515,-2.1787235107421874,8.805873706054687,9.725247143554688,13.299273659356915
1.1514548619746332,-0.7709329345703124,9.423577734375,10.43871923828125,14.084211523584717
1.1539418055210147,0.49320554199218747,9.758765966796874,11.089942089843749,14.780513538353553
1.1564287490673961,1.5849614990234373,9.892841259765625,11.525686791992188,15.271603294068731
1.1589156926137776,2.4564509033203126,9.739612353515625,11.765106958007811,15.469710455291048
1.161402636160159,3.1459809814453124,9.366116894531249,11.827356201171874,15.411284720198964
1.1638895797065405,3.6631285400390623,8.901641772460938,11.712434521484374,15.160437307878988
1.1663765232529222,3.9935283691406247,8.221688500976562,11.382034692382812,14.597778748180392
1.1688634667993036,4.161122485351562,7.4794859863281244,10.86009873046875,13.827486951478425
1.171350410345685,4.2329485351562495,6.622361791992187,10.280701928710936,12.940879458225401
1.1738373538920666,4.127603662109375,5.793968017578124,9.634267480468749,11.976071445402894
1.176324297438448,3.9504327392578125,4.946420629882812,8.954314208984375,10.965980978843149
1.1788112409848295,3.5865140869140624,4.11802685546875,8.341398583984375,9.969962829162975
1.1812981845312112,3.2704794677734372,3.3327287109375,7.790732202148437,9.082875362759713
1.1837851280775926,2.8203695556640622,2.6001030029296874,7.41244833984375,8.346221327475869
1.186272071623974,2.403778466796875,2.0254946044921875,7.278373046874999,7.928145654548721
1.1887590151703555,1.93451494140625,1.4891934326171874,7.292738256835937,7.690518605464306
1.191245958716737,1.3934253662109375,1.0438719238281249,7.48906279296875,7.688781721546373
1.1937329022631185,0.8810662109374999,0.7230489013671875,7.79552060546875,7.878402051946316
1.1962198458095001,0.4261678955078125,0.49320554199218747,8.33182177734375,8.357279755472646
1.1987067893558816,-0.028730419921875,0.33039982910156246,8.949525805664061,8.955668686946062
1.201193732902263,-0.49799394531249996,0.2825157958984375,9.629479077148437,9.64648539322688
1.2036806764486445,-0.8571241943359375,0.19632453613281248,10.290278735351562,10.327780093477607
1.206167619995026,-1.235408056640625,0.32082302246093747,10.850521923828124,10.925336905451855
1.2086545635414074,-1.4891934326171874,0.4740519287109375,11.401188305664062,11.507802444084435
1.2111415070877891,-1.7525556152343749,0.5602431884765625,11.722011328125,11.865532992302315
1.2136284506341706,-1.9488801513671874,0.718260498046875,11.860875024414062,12.041361564715878
1.216115394180552,-2.0925322509765625,0.928950244140625,11.8369330078125,12.05631049736639
1.2186023377269335,-2.212242333984375,1.01514150390625,11.6070896484375,11.859555578692257
1.221089281273315,-2.2601263671875,1.1635820068359375,11.257536206054686,11.540979841977052
1.2235762248196966,-2.2266075439453124,1.388636962890625,10.74517705078125,11.060963955374609
1.226063168366078,-2.1691467041015624,1.5418658691406248,10.079588989257813,10.425001773366889
1.2285501119124596,-2.0733786376953125,1.675941162109375,9.3852705078125,9.756586506505176
1.231037055458841,-1.944091748046875,1.85790048828125,8.690952026367187,9.097468553053403
1.2335239990052225,-1.848323681640625,1.9776105712890624,8.015787158203125,8.46050162634592
1.236010942551604,-1.608903515625,2.1835119140624997,7.52737001953125,8.001099562708944
1.2384978860979856,-1.4891934326171874,2.3415292236328122,7.1203557373046875,7.641984167128615
1.240984829644367,-1.3024457031249999,2.4516625,6.89530078125,7.433181464716295
1.2434717731907485,-1.0821791503906248,2.6815058593749996,6.904877587890625,7.485914766490257
1.24595871673713,-0.9193734375,2.834734765625,7.067683300781249,7.670274828789757
1.2484456602835114,-0.7613561279296874,3.0406361083984375,7.484274389648437,8.114153944606915
1.250932603829893,-0.6847416748046875,3.1603461914062496,7.972691528320312,8.603514945445308
1.2534195473762746,-0.5889736083984375,3.294421484375,8.580818749999999,9.210350332558093
1.255906490922656,-0.51714755859375,3.4859576171874997,9.3086560546875,9.953412462600818
1.2583934344690375,-0.488417138671875,3.5817256835937497,10.002974536132811,10.636108768924139
1.260880378015419,-0.45489831542968745,3.6918589599609373,10.663774194335938,11.293929126987193
1.2633673215618004,-0.4213794921875,3.763685009765625,11.219228979492186,11.841198605861146
1.2658542651081819,-0.4070142822265625,3.749319799804687,11.650185278320311,12.245402263965655
1.2683412086545636,-0.4070142822265625,3.778050219726562,11.832144604492187,12.42734766675198
1.270828152200945,-0.38307226562499996,3.81156904296875,11.927912670898436,12.527964863240488
1.2733150957473265,-0.33518823242187495,3.6583401367187496,11.736376538085937,12.297899737386684
1.275802039293708,-0.354341845703125,3.6056677001953124,11.429918725585937,11.990389475798862
1.2782889828400894,-0.277727392578125,3.4524387939453125,10.93671318359375,11.472060032562595
1.2807759263864709,-0.229843359375,3.327940307617187,10.309432348632813,10.835700716241133
1.2832628699328525,-0.16759411621093748,3.1938650146484373,9.639055883789062,10.155799321096904
1.285749813479234,-0.06703764648437499,2.9831752685546875,8.920795385742187,9.406615706152856
1.2882367570256155,0.023942016601562498,2.85388837890625,8.2360537109375,8.716526419902738
1.290723700571997,0.143652099609375,2.6575638427734374,7.651868505859374,8.101504374812215
1.2932106441183784,0.239420166015625,2.5378537597656248,7.287949853515625,7.720896113095285
1.2956975876647598,0.28730419921875,2.408566870117187,7.000645654296875,7.408966030947945
1.2981845312111415,0.3591302490234375,2.2840683837890623,6.981492041015625,7.354398278333377
1.300671474757523,0.373495458984375,2.1835119140624997,7.134720947265625,7.47070720428031
1.3031584183039044,0.36391865234375,2.0542250244140625,7.431601953125,7.7188719918226365
1.305645361850286,0.3447650390625,2.039859814453125,7.982268334960937,8.24599895501452
1.3081323053966674,0.26815058593749996,1.9680337646484374,8.537723120117187,8.7657160409928
1.3106192489430488,0.1580173095703125,1.9201497314453124,9.208099584960937,9.40749926536543
1.3131061924894305,-0.0047884033203125,1.89620771484375,9.911994873046874,10.091742614134926
1.315593136035812,-0.1867477294921875,1.8722656982421875,10.572794531249999,10.738912317330591
1.3180800795821934,-0.37828386230468747,1.848323681640625,11.18571015625,11.343699167918201
1.3205670231285749,-0.5698199951171875,1.85790048828125,11.645396875,11.806428648302196
1.3230539666749563,-0.8188169677734375,1.8435352783203125,11.908759057617187,12.07839500271061
1.3255409102213378,-1.0438719238281249,1.8531120849609375,11.985373510742187,12.172627949000388
1.3280278537677195,-1.2306196533203124,1.838746875,11.899182250976562,12.103138148571887
1.330514797314101,-1.426944189453125,1.9009961181640624,11.544840405273437,11.786996901005914
1.3330017408604824,-1.5610194824218748,1.924938134765625,11.109095703125,11.382186784109894
1.3354886844068639,-1.6807295654296874,1.9680337646484374,10.491391674804687,10.80589228361392
1.3379756279532453,-1.7525556152343749,1.9584569580078124,9.758765966796874,10.106459223465539
1.3404625714996268,-1.7812860351562498,2.0973206542968748,9.04050546875,9.449998571242306
1.3429495150460085,-1.7525556152343749,2.1643583007812497,8.374917407226562,8.82582231956415
1.34543645859239,-1.6903063720703124,2.250549560546875,7.766790185546874,8.261061598986323
1.3479234021387714,-1.618480322265625,2.408566870117187,7.278373046874999,7.835520858938709
1.3504103456851528,-1.4939818359375,2.5570073730468748,6.962338427734375,7.566004547595384
1.3528972892315343,-1.3263877197265623,2.7916391357421872,6.83783994140625,7.503906216867281
1.3553842327779158,-1.16837041015625,2.920926025390625,6.924031201171875,7.605202583490764
1.3578711763242974,-0.9576806640625,3.0693665283203124,7.1778165771484375,7.865062870357693
1.360358119870679,-0.7565677246093749,3.35188232421875,7.599196069335937,8.33998145906461
1.3628450634170604,-0.5793968017578125,3.438073583984375,8.1594392578125,8.8731335854201
1.3653320069634418,-0.39264907226562495,3.6152445068359373,8.920795385742187,9.63352253604244
1.3678189505098233,-0.239420166015625,3.706224169921875,9.576806640625,10.27174011769803
1.370305894056205,-0.09576806640624999,3.73495458984375,10.299855541992187,10.95655427114954
1.3727928376025864,0.01915361328125,3.84987626953125,10.927136376953124,11.585517837029721
1.3752797811489679,0.09576806640624999,3.835511059570312,11.410765112304686,12.038516397746823
1.3777667246953493,0.16759411621093748,3.754108203125,11.803414184570311,12.387170887699684
1.3802536682417308,0.2059013427734375,3.6343981201171873,11.97100830078125,12.512245393846815
1.3827406117881123,0.2537853759765625,3.5051112304687497,11.947066284179687,12.453216634813705
1.385227555334494,0.27293898925781246,3.284844677734375,11.712434521484374,12.1674082149304
1.3877144988808754,0.27293898925781246,3.0645781249999997,11.291055029296874,11.70273722044103
1.3902014424272569,0.26336218261718747,2.882618798828125,10.70686982421875,11.091253861099574
1.3926883859736383,0.22505495605468748,2.6336218261718747,10.160991845703125,10.499160392382768
1.3951753295200198,0.2154781494140625,2.3223756103515623,9.404424121093749,9.689326723660454
1.3976622730664012,0.201112939453125,2.1116858642578125,8.724470849609375,8.978644397090546
1.400149216612783,0.1149216796875,1.8722656982421875,8.068459594726562,8.28363604155878
1.4026361601591644,0.047884033203124995,1.7190367919921874,7.589619262695312,7.782011367605056
1.4051231037055458,-0.009576806640625,1.5322890624999999,7.196970190429687,7.358286581006213
1.4076100472519273,-0.12449848632812499,1.4317325927734375,7.019799267578125,7.165398791930435
1.4100969907983087,-0.2442085693359375,1.35990654296875,7.005434057617187,7.140384441090628
1.4125839343446902,-0.36391865234375,1.3838485595703125,7.196970190429687,7.337837116159097
1.4150708778910719,-0.49799394531249996,1.3311761230468748,7.594407666015624,7.726257544100824
1.4175578214374533,-0.6703764648437499,1.455674609375,8.12113203125,8.277752028297911
1.4200447649838348,-0.8283937744140625,1.5322890624999999,8.71489404296875,8.887267532640013
1.4225317085302163,-1.024718310546875,1.6519991455078125,9.452308154296874,9.650143949004892
1.4250186520765977,-1.2401964599609374,1.7525556152343749,10.108319409179687,10.333811480851969
1.4275055956229792,-1.3311761230468748,1.9728221679687499,10.740388647460938,11.000909302212559
1.4299925391693609,-1.484405029296875,2.1116858642578125,11.305420239257812,11.59634434925629
1.4324794827157423,-1.6424223388671875,2.2744915771484373,11.6837041015625,12.015814770817562
1.4349664262621238,-1.7477672119140624,2.47081611328125,11.851298217773437,12.23163488415559
1.4374533698085052,-1.7812860351562498,2.6384102294921874,11.884817041015625,12.30378253126034
1.4399403133548867,-1.8243816650390623,2.81558115234375,11.678915698242188,12.151252510412737
1.4424272569012682,-1.8195932617187498,2.93050283203125,11.343727465820312,11.856598133758332
1.4449142004476498,-1.7429788085937499,3.0310593017578125,10.817003100585938,11.368062794340346
1.4474011439940313,-1.608903515625,3.1699229980468746,10.184933862304687,10.787486274181656
1.4498880875404128,-1.465251416015625,3.265691064453125,9.504980590820312,10.156591744894328
1.4523750310867942,-1.2737152832031249,3.246537451171875,8.786720092773438,9.453507604761063
1.4548619746331757,-1.0390835205078124,3.361459130859375,8.10197841796875,8.832958526805172
1.4573489181795571,-0.8092401611328125,3.375824340820312,7.575254052734374,8.33279866443044
1.4598358617259388,-0.5315127685546874,3.414131567382812,7.125144140624999,7.91874227432736
1.4623228052723203,-0.24899697265624998,3.423708374023437,6.947973217773437,7.749716792092931
1.4648097488187017,-0.0,3.414131567382812,6.83783994140625,7.642797225079993
1.4672966923650832,0.2059013427734375,3.418919970703125,7.029376074218749,7.819433299276078
1.4697836359114647,0.39743747558593745,3.385401147460937,7.4220251464843745,8.167334617320167
1.4722705794578461,0.5793968017578125,3.3327287109375,7.857769848632812,8.554959281532392
1.4747575230042278,0.7278373046875,3.308786694335937,8.542511523437499,9.189794320808913
1.4772444665506093,0.7900865478515624,3.1316157714843746,9.212887988281249,9.762610264571796
1.4797314100969907,0.814028564453125,3.1507693847656246,9.950302099609374,10.468930322301926
1.4822183536433722,0.7900865478515624,2.9735984619140625,10.625466967773438,11.061965144088916
1.4847052971897536,0.6943184814453125,2.849099975585937,11.257536206054686,11.6332098001881
1.487192240736135,0.49320554199218747,2.6623522460937497,11.712434521484374,12.021334934564928
1.4896791842825168,0.411802685546875,2.47081611328125,11.93270107421875,12.192779365023185
1.4921661278288982,0.1867477294921875,2.327164013671875,12.090718383789062,12.314058555045719
1.4946530713752797,-0.023942016601562498,2.1212626708984375,11.966219897460936,12.152808201131792
1.4971400149216612,-0.2346317626953125,1.915361328125,11.631031665039062,11.790019451828043
1.4996269584680426,-0.45489831542968745,1.7477672119140624,11.18571015625,11.33056637613747
1.5021139020144243,-0.6655880615234374,1.5514426757812498,10.544064111328124,10.67835520235563
1.5046008455608058,-0.8810662109374999,1.426944189453125,9.916783276367187,10.057586089032782
1.5070877891071872,-1.005564697265625,1.407790576171875,9.198522778320312,9.359799996261826
1.5095747326535687,-1.2018892333984375,1.3215993164062498,8.456320263671875,8.642945960971417
1.5120616761999501,-1.2832920898437499,1.3263877197265623,7.848193041992187,8.062274926797743
1.5145486197463316,-1.37906015625,1.3311761230468748,7.335833886718749,7.582103639403612
1.5170355632927133,-1.4604630126953124,1.4317325927734375,7.038952880859375,7.330052393238353
1.5195225068390947,-1.5083470458984374,1.5562310791015623,6.890512377929687,7.223304424765329
1.5220094503854762,-1.4987702392578124,1.7525556152343749,6.943184814453125,7.316117739773392
1.5244963939318577,-1.484405029296875,1.9632453613281249,7.182604980468749,7.59260198780581
1.5269833374782391,-1.484405029296875,2.1547814941406247,7.6087728759765625,8.046114979087076
1.5294702810246206,-1.4413093994140624,2.4756045166015626,8.154650854492187,8.643166148242642
1.5319572245710023,-1.407790576171875,2.7198130859375,8.858546142578124,9.37299830838462
1.5344441681173837,-1.3311761230468748,2.9640216552734375,9.552864624023437,10.090325900010289
1.5369311116637652,-1.2928688964843749,3.21780703125,10.266336718749999,10.836210670553298
1.5394180552101466,-1.1444283935546875,3.4524387939453125,10.907982763671875,11.498397190325068
1.541904998756528,-1.0917559570312498,3.6248213134765623,11.372457885742186,11.985994284469138
1.5443919423029095,-0.9337386474609375,3.778050219726562,11.722011328125,12.351157067304623
1.5468788858492912,-0.8044517578125,3.835511059570312,11.870451831054687,12.500636559476616
1.5493658293956727,-0.7278373046875,3.902548706054687,11.8369330078125,12.484895537274829
1.5518527729420541,-0.5746083984375,3.840299462890625,11.6070896484375,12.239387439046853
1.5543397164884356,-0.44532150878906246,3.859453076171875,11.209652172851563,11.863810143865186
1.556826660034817,-0.296881005859375,3.7158009765625,10.639832177734375,11.273923185804252
1.5593136035811985,-0.11013327636718749,3.5865140869140624,10.046070166015625,10.667649151275345
1.5618005471275802,0.028730419921875,3.39018955078125,9.323021264648437,9.92032943648255
1.5642874906739617,0.22026655273437498,3.208230224609375,8.690952026367187,9.26681745007241
1.5667744342203431,0.33518823242187495,3.0071172851562498,8.02536396484375,8.576804316646859
1.5692613777667246,0.44053310546874996,2.849099975585937,7.503428002929687,8.038213227020487
1.571748321313106,0.5458779785156249,2.6384102294921874,7.1395093505859375,7.630975368432358
1.5742352648594875,0.63206923828125,2.461239306640625,6.9910688476562495,7.438565323985798
1.5767222084058692,0.6177040283203125,2.221819140625,6.981492041015625,7.352500913227775
1.5792091519522506,0.622492431640625,2.1404162841796874,7.187393383789062,7.525124739854232
1.581696095498632,0.5793968017578125,2.0542250244140625,7.651868505859374,7.943968324192809
1.5841830390450136,0.4644751220703125,1.93451494140625,8.173804467773436,8.412441065168851
1.586669982591395,0.277727392578125,1.8004396484374998,8.767566479492187,8.954827603285784
1.5891569261377765,0.11013327636718749,1.7669208251953124,9.509768994140625,9.673150720576551
1.5916438696841582,-0.08140285644531249,1.7525556152343749,10.175357055664062,10.32550089921934
1.5941308132305396,-0.32561142578124996,1.68551796875,10.850521923828124,10.985482221689368
1.596617756776921,-0.6081272216796875,1.7381904052734374,11.358092675781249,11.50640664301276
1.5991047003233025,-0.8475473876953125,1.7477672119140624,11.793837377929687,11.952724664212859
1.601591643869684,-1.1109095703125,1.7525556152343749,11.942277880859374,12.12120341556747
1.6040785874160655,-1.93451494140625,3.0837317382812497,26.795904980468748,27.042046394726064
1.6065655309624471,-2.528276953125,2.7533319091796873,23.6355587890625,23.92932636379553
1.6090524745088286,-3.0166940917968748,2.3127988037109373,19.436129077148436,19.80435798135107
1.61153941805521,-3.294421484375,2.0159177978515626,14.753070629882812,15.250253456736944
1.6140263616015915,-3.447650390625,1.6519991455078125,9.811438403320311,10.529943871402349
1.616513305147973,-3.366247534179687,1.407790576171875,5.190629199218749,6.344771725721221
1.6190002486943544,-3.208230224609375,1.177947216796875,0.9002198242187499,3.5342179547352566
1.6214871922407361,-2.8107927490234372,1.1923124267578125,-2.365471240234375,3.862333360721183
1.6239741357871176,-2.4133552734375,1.2114660400390624,-4.697423657226563,5.418276723965683
1.626461079333499,-1.8818425048828125,1.388636962890625,-5.736507177734374,6.194930058369321
1.6289480228798805,-1.2928688964843749,1.6711527587890624,-5.635950708007812,6.018986784318335
1.631434966426262,-0.7948749511718749,2.059013427734375,-4.376600634765625,4.901631932308037
1.6339219099726436,-0.26336218261718747,2.499546533203125,-2.1308394775390624,3.2950826074500155
1.636408853519025,0.21068974609375,2.9735984619140625,0.86191259765625,3.103155057003319
1.6388957970654066,0.584185205078125,3.4428619873046875,4.405331054687499,5.621522277715693
1.641382740611788,0.8379705810546875,3.859453076171875,8.1594392578125,9.06498878895156
1.6438696841581695,0.9911994873046874,4.256890551757812,11.8369330078125,12.61810511228683
1.646356627704551,1.0630255371093749,4.548983154296875,15.217545751953125,15.918447466490255
1.6488435712509326,0.9576806640625,4.73094248046875,17.956512451171875,18.59395892264242
1.651330514797314,0.8810662109374999,4.75009609375,19.967641845703124,20.543768190042186
1.6538174583436955,0.6847416748046875,4.659116430664063,21.040244189453123,21.56080037075419
1.656304401890077,0.43574470214843747,4.491522314453125,21.174319482421875,21.649837220874232
1.6587913454364585,0.201112939453125,4.1563340820312495,20.427328564453124,20.846853760123913
1.66127828898284,-0.0526724365234375,3.797203833007812,18.861520678710935,19.240023223697488
1.6637652325292216,-0.27293898925781246,3.323151904296875,16.716315991210937,17.045616873228834
1.666252176075603,-0.4261678955078125,2.858676782226562,14.082694165039062,14.376227842046328
1.6687391196219845,-0.5889736083984375,2.3415292236328122,11.104307299804686,11.363770924522019
1.671226063168366,-0.5985504150390625,1.867477294921875,8.25520732421875,8.484938539095438
1.6737130067147474,-0.6416460449218749,1.446097802734375,5.607220288085937,5.826133182579987
1.676199950261129,-0.6272808349609375,1.158793603515625,3.289633081054687,3.5437225722998367
1.6786868938075106,-0.5793968017578125,0.8188169677734375,1.599326708984375,1.8878579932483428
1.681173837353892,-0.5027823486328125,0.6703764648437499,0.5506663818359374,1.0027104062476926
1.6836607809002735,-0.44053310546874996,0.6560112548828124,0.2059013427734375,0.8165877457461431
1.686147724446655,-0.4070142822265625,0.699106884765625,0.6512228515624999,1.038509636286681
1.6886346679930364,-0.33039982910156246,0.8092401611328125,1.68551796875,1.8986849418583716
1.6911216115394179,-0.3495534423828125,1.0199299072265624,3.284844677734375,3.4572603577944068
1.6936085550857995,-0.37828386230468747,1.2689268798828124,5.291185668945312,5.454348713661561
1.696095498632181,-0.49799394531249996,1.608903515625,7.52737001953125,7.713486105717458
1.6985824421785625,-0.603338818359375,1.9201497314453124,9.883264453125,10.086124576432367
1.701069385724944,-0.7948749511718749,2.2457611572265623,12.08592998046875,12.318480947588522
1.7035563292713254,-1.005564697265625,2.5426421630859375,13.919888452148436,14.18589031573784
1.7060432728177068,-1.2306196533203124,2.825157958984375,15.456965917968748,15.761146456194055
1.7085302163640885,-1.4221557861328125,3.0693665283203124,16.443377001953124,16.78773913287805
1.71101715991047,-1.6519991455078125,3.246537451171875,16.788142041015625,17.178789823149256
1.7135041034568514,-1.7812860351562498,3.361459130859375,16.658855151367188,17.08771027322601
1.715991047003233,-1.905784521484375,3.4524387939453125,15.907075830078124,16.388606094849056
1.7184779905496144,-1.924938134765625,3.4811692138671875,14.719551806640624,15.247594279315964
1.7209649340959958,-1.9680337646484374,3.418919970703125,13.057975854492186,13.640854228433419
1.7234518776423775,-1.8100164550781248,3.347093920898437,11.367669482421874,11.9876230648346
1.725938821188759,-1.675941162109375,3.318363500976562,9.466673364257812,10.170458184812238
1.7284257647351404,-1.4700398193359374,3.2417490478515623,7.671022119140624,8.45662665085934
1.7309127082815219,-1.1540052001953125,3.1459809814453124,6.0333881835937495,6.901499642224299
1.7333996518279033,-0.8858546142578124,3.1124621582031247,4.69263525390625,5.700261810658532
1.7358865953742848,-0.49799394531249996,3.0645781249999997,3.768473413085937,4.88272761056072
1.7383735389206665,-0.1005564697265625,3.0502129150390624,3.347093920898437,4.529563792021285
1.740860482467048,0.21068974609375,3.0119056884765625,3.3327287109375,4.497004192358915
1.7433474260134294,0.49799394531249996,3.0119056884765625,3.7924154296875,4.868468818548314
1.7458343695598109,0.7709329345703124,3.0214824951171875,4.697423657226563,5.6382163024645084
1.7483213131061923,1.0007762939453124,3.0023288818359375,5.961562133789062,6.749500350415336
1.7508082566525738,1.0821791503906248,3.0358477050781247,7.4028715332031245,8.074031826731764
1.7532952001989555,1.177947216796875,3.0502129150390624,8.968679418945312,9.546128481873886
1.755782143745337,1.0965443603515623,2.978386865234375,10.510545288085936,10.979287777726064
1.7582690872917184,1.024718310546875,2.8730419921875,11.927912670898436,12.311763423223427
1.7607560308380998,0.9002198242187499,2.877830395507812,13.168109130859374,13.508937841275571
1.7632429743844813,0.5746083984375,2.710236279296875,14.068328955078124,14.33852973946288
1.765729917930863,0.316034619140625,2.5330653564453125,14.513650463867187,14.736429274686285
1.7682168614772444,0.023942016601562498,2.3367408203125,14.647725756835937,14.832963315836407
1.770703805023626,-0.26815058593749996,2.1835119140624997,14.379575170898436,14.54688320950953
1.7731907485700074,-0.59376201171875,1.9823989746093749,13.718775512695311,13.873977821404397
1.7756776921163888,-0.842758984375,1.7908628417968748,12.804190478515624,12.956262047133182
1.7781646356627703,-1.158793603515625,1.5945383056640625,11.626243261718749,11.792153637247072
1.780651579209152,-1.35990654296875,1.4221557861328125,10.256759912109374,10.44380183555271
1.7831385227555334,-1.4939818359375,1.3072341064453123,8.973467822265624,9.190428036408404
1.7856254663019149,-1.6424223388671875,1.254561669921875,7.685387329101562,7.958432918682043
1.7881124098482963,-1.7238251953125,1.2401964599609374,6.536170532226562,6.872494873744227
1.7905993533946778,-1.7286135986328124,1.3120225097656248,5.698199951171874,6.097457726220423
1.7930862969410593,-1.7334020019531249,1.388636962890625,5.090072729492187,5.553542608695934
1.795573240487441,-1.6328455322265625,1.5897499023437498,4.9416322265625,5.441802858126639
1.7980601840338224,-1.5275006591796874,1.8195932617187498,5.080495922851562,5.608530709909504
1.8005471275802039,-1.446097802734375,2.0733786376953125,5.5449710449218745,6.093997187343168
1.8030340711265853,-1.3407529296874998,2.365471240234375,6.291961962890625,6.85433132765728
1.8055210146729668,-1.24498486328125,2.6288334228515624,7.211335400390625,7.77586720127266
1.8080079582193482,-1.1109095703125,2.935291235351562,8.327033374023436,8.898850460696805
1.81049490176573,-1.024718310546875,3.246537451171875,9.452308154296874,10.046700079211025
1.8129818453121114,-0.9145850341796874,3.4907460205078125,10.615890161132812,11.212443867314255
1.8154687888584928,-0.8188169677734375,3.725377783203125,11.597512841796874,12.208652872857861
1.8179557324048743,-0.7230489013671875,3.902548706054687,12.397176196289061,13.017014394965289
1.8204426759512558,-0.603338818359375,4.036623999023437,12.947842578125,13.575896967314458
1.8229296194976372,-0.51714755859375,4.017470385742187,13.244723583984374,13.850278434523503
1.825416563044019,-0.488417138671875,4.007893579101562,13.201627954101562,13.805243311194038
1.8279035065904004,-0.3591302490234375,3.9935283691406247,12.919112158203124,13.52703597715059
1.8303904501367818,-0.201112939453125,3.873818286132812,12.325350146484375,12.921345547652336
1.8328773936831633,-0.17238251953125,3.6248213134765623,11.501744775390625,12.06064584364782
1.8353643372295447,-0.0909796630859375,3.4668040039062498,10.577582934570312,11.131588747268232
1.8378512807759262,0.076614453125,3.284844677734375,9.605537060546874,10.151966142221267
1.8403382243223079,0.1580173095703125,2.978386865234375,8.595183959960938,9.097963788381128
1.8428251678686893,0.27293898925781246,2.7437551025390623,7.656656909179687,8.138002382615483
1.8453121114150708,0.38307226562499996,2.5330653564453125,6.900089184570312,7.360325754729792
1.8477990549614522,0.4070142822265625,2.2457611572265623,6.320692382812499,6.720138093773665
1.8502859985078337,0.5123591552734374,2.1068974609374997,6.023811376953125,6.402174030749812
1.8527729420542152,0.51714755859375,1.9297265380859374,5.97592734375,6.30103116378038
1.8552598856005968,-7.110778930664062,-2.7198130859375,5.7843912109375,9.561367156656198
1.8577468291469783,-6.833051538085937,-1.5514426757812498,6.2009822998046875,9.356802294633829
1.8602337726933598,-6.3973068359375,-0.354341845703125,6.823474731445312,9.360069460608807
1.8627207162397412,-5.889736083984375,0.7517793212890624,7.666233715820312,9.696664512732488
1.8652076597861227,-5.233724829101562,1.8291700683593748,8.633491186523438,10.260356172838929
1.8676946033325041,-4.587290380859375,2.825157958984375,9.567229833984374,10.97982865202451
1.8701815468788858,-3.897760302734375,3.7014357666015623,10.457872851562499,11.758412592322877
1.8726684904252673,-3.1842882080078123,4.472368701171875,11.329362255859374,12.589528280097328
1.8751554339716487,-2.518700146484375,5.085284326171875,11.9135474609375,13.196082002242942
1.8776423775180302,-1.89620771484375,5.559336254882812,12.272677709960936,13.605897304671215
1.8801293210644117,-1.2832920898437499,5.942408520507812,12.483367456054687,13.885010646569366
1.8826162646107931,-0.737414111328125,6.0525417968749995,12.368445776367187,13.789687911531574
1.8851032081571748,-0.26336218261718747,6.114791040039062,12.028469140624999,13.496077169664629
1.8875901517035563,0.1867477294921875,6.095637426757812,11.506533178710937,13.022748409830266
1.8900770952499377,0.51714755859375,5.95677373046875,10.812214697265624,12.355346273299217
1.8925640387963192,0.8188169677734375,5.741295581054687,9.969455712890625,11.533559007827517
1.8950509823427006,1.0630255371093749,5.391742138671875,9.150638745117186,10.674038412246626
1.897537925889082,1.2593500732421874,5.027823486328125,8.29351455078125,9.779946585777866
1.9000248694354638,1.4508862060546874,4.73094248046875,7.594407666015624,9.064321007889143
1.9025118129818452,1.47482822265625,4.328716601562499,7.043741284179687,8.398047212384764
1.9049987565282267,1.5658078857421873,4.00310517578125,6.68461103515625,7.94736623509649
1.9074857000746082,1.5466542724609373,3.6535517333984373,6.4834980957031245,7.601074086214819
1.9099726436209896,1.5227122558593749,3.337517114257812,6.5409589355468745,7.499454440065533
1.9124595871673713,1.426944189453125,3.0406361083984375,6.8569935546875,7.635443554407062
1.9149465307137528,1.3168109130859373,2.825157958984375,7.369352709960937,8.001429112217616
1.9174334742601342,1.120486376953125,2.5713725830078125,7.963114721679687,8.442667987799446
1.9199204178065157,0.9528922607421875,2.427720483398437,8.82981572265625,9.206925442413564
1.9224073613528971,0.7230489013671875,2.250549560546875,9.65342109375,9.93862726192624
1.9248943048992786,0.5219359619140624,2.1499930908203124,10.453084448242187,10.68465544231525
1.9273812484456603,0.27293898925781246,2.059013427734375,11.2240173828125,11.414578318848433
1.9298681919920417,0.023942016601562498,1.886630908203125,11.784260571289062,11.934351537305423
1.9323551355384232,-0.239420166015625,1.8770541015625,12.176909643554687,12.323058978329312
1.9348420790848047,-0.4213794921875,1.7381904052734374,12.363657373046875,12.492353269080937
1.9373290226311861,-0.6703764648437499,1.6232687255859375,12.39238779296875,12.51621672756599
1.9398159661775676,-0.8762778076171874,1.5418658691406248,12.133814013671874,12.262734428867125
1.9423029097239493,-1.0438719238281249,1.5083470458984374,11.640608471679688,11.784249869854596
1.9447898532703307,-1.158793603515625,1.4173673828125,11.056423266601563,11.206972310292278
1.9472767968167122,-1.2689268798828124,1.35990654296875,10.309432348632813,10.475873070209232
1.9497637403630936,-1.3359645263671873,1.388636962890625,9.533711010742186,9.726497800686762
1.952250683909475,-1.3838485595703125,1.3455413330078123,8.690952026367187,8.902705512330124
1.9547376274558566,-1.35990654296875,1.3359645263671873,7.972691528320312,8.19743601543014
1.9572245710022382,-1.3934253662109375,1.369483349609375,7.364564306640625,7.619312719839139
1.9597115145486197,-1.3072341064453123,1.4604630126953124,6.909665991210937,7.182290535101038
1.9621984580950012,-1.3168109130859373,1.5466542724609373,6.6510922119140625,6.954362517925549
1.9646854016413826,-1.2593500732421874,1.70467158203125,6.603208178710937,6.935000076492792
1.967172345187764,-1.2114660400390624,1.838746875,6.732495068359374,7.083440539877037
1.9696592887341455,-1.1540052001953125,2.059013427734375,7.153874560546875,7.533205527908291
1.9721462322805272,-1.158793603515625,2.212242333984375,7.709329345703124,8.103738502712234
1.9746331758269087,-1.1061211669921875,2.50912333984375,8.422801440429687,8.857922334019486
1.9771201193732901,-1.0726023437499999,2.6623522460937497,9.184157568359375,9.622231836250425
1.9796070629196716,-1.0438719238281249,2.920926025390625,9.892841259765625,10.367728084304778
1.982094006466053,-1.0917559570312498,3.0693665283203124,10.644620581054687,11.131975982254872
1.9845809500124345,-1.0917559570312498,3.23696064453125,11.214440576171874,11.723204456139436
1.9870678935588162,-1.0773907470703123,3.4715924072265625,11.712434521484374,12.263516913342793
1.9895548371051976,-1.0438719238281249,3.5721488769531247,12.033257543945313,12.59560253863986
1.992041780651579,-1.0342951171875,3.5960908935546874,12.095506787109374,12.661078964336088
1.9945287241979606,-0.9720458740234375,3.5960908935546874,11.93270107421875,12.50064389631887
1.997015667744342,-0.9050082275390624,3.687070556640625,11.650185278320311,12.253176983980559
1.9995026112907235,-0.8475473876953125,3.6679169433593746,11.118672509765624,11.738689435247435
2.001989554837105,-0.679953271484375,3.5865140869140624,10.462661254882812,11.081186772248778
2.0044764983834864,-0.5698199951171875,3.5338416503906247,9.739612353515625,10.376549543736832
2.006963441929868,-0.40222587890625,3.366247534179687,8.98304462890625,9.60148420422354
2.0094503854762498,-0.1771709228515625,3.375824340820312,8.29351455078125,8.956001514068612
2.011937329022631,-0.033518823242187495,3.2034418212890623,7.637503295898437,8.28218688564529
2.0144242725690127,0.17238251953125,3.0454245117187497,7.1778165771484375,7.799062572181623
2.016911216115394,0.3112462158203125,2.9448680419921875,6.823474731445312,7.438341844946496
2.0193981596617756,0.45010991210937495,2.8107927490234372,6.76122548828125,7.3360292334699615
2.021885103208157,0.5123591552734374,2.70065947265625,6.861781958007812,7.391895909067036
2.0243720467545385,0.6512228515624999,2.5857377929687497,7.1778165771484375,7.6571001006628485
2.02685899030092,0.6272808349609375,2.480392919921875,7.651868505859374,8.06826635121018
2.0293459338473014,0.6703764648437499,2.442085693359375,8.269572534179687,8.648642496738201
2.031832877393683,0.5602431884765625,2.29843359375,8.968679418945312,9.275444999293896
2.0343198209400644,0.47884033203125,2.2553379638671873,9.730035546875,9.999471442945945
2.036806764486446,0.2920926025390625,2.1595698974609374,10.443507641601562,10.668454062827832
2.0392937080328277,0.143652099609375,2.0350714111328125,11.099518896484375,11.285453969936079
2.041780651579209,-0.086191259765625,1.9871873779296874,11.650185278320311,11.818763032883533
2.0442675951255906,-0.32082302246093747,1.905784521484375,11.980585107421874,12.135458852892592
2.046754538671972,-0.5458779785156249,1.85790048828125,12.186486450195313,12.339377171987975
2.0492414822183536,-0.8044517578125,1.7573440185546874,12.04762275390625,12.201664421325361
2.0517284257647352,-1.0295067138671874,1.70467158203125,11.81777939453125,11.984393981102672
2.0542153693111165,-1.22583125,1.695094775390625,11.401188305664062,11.591509967741223
2.056702312857498,-1.4030021728515625,1.618480322265625,10.764330664062498,10.975368253314484
2.0591892564038794,-1.5514426757812498,1.6519991455078125,10.089165795898436,10.340567779871702
2.061676199950261,-1.6424223388671875,1.6998831787109374,9.323021264648437,9.617997684630689
2.0641631434966423,-1.7238251953125,1.7477672119140624,8.643067993164061,8.98492559042606
2.066650087043024,-1.7429788085937499,1.8148048583984373,7.905653881835937,8.29643628919436
2.0691370305894057,-1.7477672119140624,1.9488801513671874,7.359775903320312,7.8114739594092715
2.071623974135787,-1.66636435546875,2.0302830078125,6.995857250976562,7.472672743605885
2.0741109176821686,-1.599326708984375,2.2840683837890623,6.766013891601562,7.318043337207077
2.07659786122855,-1.5131354492187499,2.422932080078125,6.737283471679687,7.317866309937783
2.0790848047749315,-1.3168109130859373,2.6623522460937497,6.919242797851562,7.529809516762251
2.081571748321313,-1.197100830078125,2.858676782226562,7.316680273437499,7.945998588366624
2.0840586918676944,-1.0630255371093749,3.1699229980468746,7.881711865234375,8.561531231775627
2.086545635414076,-0.86191259765625,3.385401147460937,8.590395556640624,9.273550025463784
2.0890325789604574,-0.70868369140625,3.5290532470703124,9.279925634765624,9.953565651659854
2.091519522506839,-8.12113203125,-0.507570751953125,9.581595043945311,12.570496295826604
2.0940064660532203,-7.56567724609375,0.8667010009765624,10.194510668945313,12.724727525428365
2.096493409599602,-6.880935571289062,2.1643583007812497,10.773907470703124,12.965677898886137
2.0989803531459836,-6.0333881835937495,3.318363500976562,11.171344946289063,13.12296678375436
2.101467296692365,-5.109226342773437,4.338293408203125,11.429918725585937,13.25020851122158
2.1039542402387466,-4.0988732421875,5.181052392578125,11.544840405273437,13.301406156245072
2.106441183785128,-3.0406361083984375,5.889736083984375,11.405976708984374,13.192072004373612
2.1089281273315095,-2.0446482177734375,6.382941625976562,11.085153686523437,12.953885995673753
2.111415070877891,-1.0486603271484374,6.713341455078124,10.611101757812499,12.60016358976569
2.1139020144242724,-0.1580173095703125,6.813897924804687,10.041281762695311,12.135959535101414
2.116388957970654,0.699106884765625,6.766013891601562,9.375693701171874,11.583234729377885
2.1188759015170353,1.465251416015625,6.60799658203125,8.757989672851561,11.068647778750892
2.121362845063417,2.0877438476562498,6.339845996093749,8.188169677734374,10.564016485171779
2.1238497886097982,2.5570073730468748,5.947196923828125,7.671022119140624,10.037530488568963
2.12633673215618,2.91134921875,5.444414575195312,7.278373046874999,9.544229594346096
2.1288236757025616,3.1842882080078123,4.965574243164062,7.096413720703125,9.227984972431171
2.131310619248943,3.2704794677734372,4.414907861328125,7.053318090820312,8.940735062814332
2.1337975627953245,3.19865341796875,3.821145849609375,7.254431030273437,8.801097026238505
2.1362845063417057,2.987963671875,3.2704794677734372,7.551312036132812,8.75478590946784
2.1387714498880874,2.729389892578125,2.8012159423828122,8.078036401367187,8.97502379068605
2.141258393434469,2.398990063476562,2.375048046875,8.690952026367187,9.323553704153793
2.1437453369808503,1.8531120849609375,1.89620771484375,9.361328491210937,9.729547739623815
2.146232280527232,1.3359645263671873,1.5227122558593749,10.084377392578125,10.285821368553735
2.1487192240736133,0.7613561279296874,1.2593500732421874,10.754753857421875,10.854969198217095
2.151206167619995,0.11013327636718749,1.0199299072265624,11.267113012695312,11.313718309869067
2.153693111166376,-0.4740519287109375,0.842758984375,11.654973681640625,11.695015154184066
2.156180054712758,-1.0007762939453124,0.7565677246093749,11.918335864257811,11.984184481461286
2.1586669982591395,-1.484405029296875,0.6943184814453125,12.028469140624999,12.139588391360157
2.161153941805521,-1.93451494140625,0.7900865478515624,11.880028637695311,12.062407108205258
2.1636408853519025,-2.2840683837890623,0.8858546142578124,11.6070896484375,11.862808979592126
2.1661278288982837,-2.5474305664062498,1.005564697265625,11.113884106445312,11.446352378926026
2.1686147724446654,-2.73896669921875,1.1540052001953125,10.433930834960936,10.84898978017104
2.171101715991047,-2.825157958984375,1.350329736328125,9.701305126953125,10.1941271846231
2.1735886595374283,-2.844311572265625,1.62805712890625,8.98304462890625,9.56220524460901
2.17607560308381,-2.7246014892578123,1.886630908203125,8.317456567382813,8.953374403505794
2.178562546630191,-2.5330653564453125,2.1499930908203124,7.6087728759765625,8.302548709209429
2.181049490176573,-2.2601263671875,2.4756045166015626,7.225700610351562,7.965396300794403
2.1835364337229546,-1.9488801513671874,2.7916391357421872,6.804321118164062,7.6085589166210585
2.186023377269336,-1.6136919189453125,3.0358477050781247,6.742071875,7.568084702575912
2.1885103208157175,-1.235408056640625,3.2417490478515623,6.818686328125,7.650467514931219
2.1909972643620987,-0.842758984375,3.5146880371093747,7.067683300781249,7.938225364909129
2.1934842079084804,-0.51714755859375,3.6583401367187496,7.484274389648437,8.346571589151699
2.1959711514548617,-0.19153613281249998,3.83072265625,8.154650854492187,9.01162874945201
2.1984580950012433,0.1388636962890625,3.9360675292968748,8.777143286132812,9.62029911107958
2.200945038547625,0.37828386230468747,3.9791631591796874,9.495403784179686,10.302404144298889
2.2034319820940063,0.5793968017578125,3.9839515624999997,10.261548315429687,11.02301884857915
2.205918925640388,0.6847416748046875,3.859453076171875,10.89840595703125,11.581860887294454
2.208405869186769,0.7996633544921875,3.787627026367187,11.463437548828125,12.099420664117245
2.210892812733151,0.8379705810546875,3.6296097167968746,11.827356201171874,12.400105487469782
2.2133797562795325,0.7805097412109374,3.394977954101562,12.014103930664062,12.508947358661258
2.2158666998259138,0.7038952880859375,3.1364041748046874,11.947066284179687,12.371939723539915
2.2183536433722955,0.603338818359375,2.882618798828125,11.765106958007811,12.128118180594235
2.2208405869186767,0.45968671875,2.5570073730468748,11.405976708984374,11.698115372619013
2.2233275304650584,0.296881005859375,2.288856787109375,10.817003100585938,11.06049545913846
2.2258144740114396,0.12449848632812499,2.0542250244140625,10.175357055664062,10.38138870933361
2.2283014175578213,-0.086191259765625,1.7334020019531249,9.504980590820312,9.662130586237485
2.230788361104203,-0.2442085693359375,1.5897499023437498,8.748412866210938,8.89503627058508
2.233275304650584,-0.44532150878906246,1.3551181396484375,8.092401611328125,8.217154024211816
2.235762248196966,-0.6464344482421874,1.2114660400390624,7.570465649414062,7.693989706972604
2.238249191743347,-0.8092401611328125,1.197100830078125,7.196970190429687,7.340592616246833
2.240736135289729,-0.928950244140625,1.24498486328125,6.957550024414062,7.1288455031731806
2.2432230788361105,-1.0773907470703123,1.2928688964843749,6.943184814453125,7.1442351706128715
2.2457100223824917,-1.2018892333984375,1.35990654296875,7.129932543945312,7.357297167858505
2.2481969659288734,-1.3311761230468748,1.5035586425781249,7.455543969726562,7.7212598937458115
2.2506839094752547,-1.4125789794921875,1.7812860351562498,7.953537915039062,8.272068947869679
2.2531708530216363,-1.4891934326171874,1.9680337646484374,8.59997236328125,8.947087717673709
2.2556577965680176,-1.5466542724609373,2.221819140625,9.255983618164063,9.643746806708002
2.2581447401143993,-1.6136919189453125,2.4851813232421875,9.95987890625,10.391309621304952
2.260631683660781,-1.5705962890624998,2.7198130859375,10.620678564453124,11.075331556892003
2.263118627207162,-1.608903515625,2.93050283203125,11.080365283203124,11.573716437702572
2.265605570753544,-1.5131354492187499,3.2321722412109373,11.6070896484375,12.143354000909383
2.268092514299925,-1.446097802734375,3.404554760742187,11.789048974609374,12.3557220630647
2.2705794578463068,-1.3455413330078123,3.5482068603515624,11.8369330078125,12.430335330718934
2.2730664013926885,-1.20667763671875,3.6296097167968746,11.693280908203125,12.302965334153027
2.2755533449390697,-1.0630255371093749,3.67749375,11.343727465820312,11.972223535861742
2.2780402884854514,-0.9241618408203125,3.69664736328125,10.8409451171875,11.491099506590052
2.2805272320318326,-0.7230489013671875,3.7110125732421873,10.160991845703125,10.841594408617917
2.2830141755782143,-0.45010991210937495,3.5913024902343746,9.543287817382812,10.206585857903216
2.2855011191245955,-0.2537853759765625,3.5146880371093747,8.844180932617187,9.520345339541457
2.287988062670977,-0.047884033203124995,3.414131567382812,8.192958081054687,8.875987232863448
2.290475006217359,0.181959326171875,3.303998291015625,7.632714892578124,8.319125587151511
2.29296194976374,0.411802685546875,3.189076611328125,7.235277416992187,7.917640455690119
2.295448893310122,0.5698199951171875,2.9735984619140625,7.005434057617187,7.631715991515659
2.297935836856503,0.6464344482421874,2.825157958984375,6.909665991210937,7.492855203404371
2.3004227804028847,0.74699091796875,2.6575638427734374,7.062894897460937,7.583213391598858
2.3029097239492664,0.8379705810546875,2.6527754394531247,7.455543969726562,7.957672279718796
2.3053966674956476,0.8283937744140625,2.4899697265625,7.905653881835937,8.32979884415424
2.3078836110420293,0.7230489013671875,2.2744915771484373,8.513781103515624,8.841978303912942
2.3103705545884106,0.612915625,2.2170307373046874,9.208099584960937,9.491047825191943
2.3128574981347922,0.43574470214843747,2.1021090576171875,9.931148486328125,10.160533755323293
2.315344441681174,0.2442085693359375,2.0063409912109376,10.601524951171875,10.792468359400932
2.317831385227555,0.0383072265625,1.9728221679687499,11.161768139648437,11.334838452898513
2.320318328773937,-0.26815058593749996,1.8914193115234375,11.621454858398437,11.777418425721956
2.322805272320318,-0.55545478515625,1.8004396484374998,11.9518546875,12.099460459753336
2.3252922158666998,-0.7757213378906249,1.7812860351562498,12.018892333984374,12.174912585682488
2.327779159413081,-1.0630255371093749,1.7094599853515624,11.846509814453125,12.016325208565181
2.3302661029594627,-1.3407529296874998,1.6472107421875,11.549628808593749,11.743289456704291
2.3327530465058444,-1.5275006591796874,1.675941162109375,11.075576879882812,11.305327959189931
2.3352399900522256,-1.6615759521484375,1.675941162109375,10.472238061523436,10.734867648966643
2.3377269335986073,-1.7812860351562498,1.7764976318359373,9.849745629882811,10.165943770666692
2.3402138771449885,-1.8722656982421875,1.7956512451171873,9.054870678710937,9.419152045013622
2.34270082069137,-1.848323681640625,1.944091748046875,8.437166650390624,8.853336898785749
2.345187764237752,-1.8339584716796873,2.0925322509765625,7.752424975585937,8.236636928948085
2.347674707784133,-1.7621324218749999,2.221819140625,7.287949853515625,7.820217646154682
2.350161651330515,-1.6903063720703124,2.375048046875,6.89530078125,7.486198081825855
2.352648594876896,-1.5514426757812498,2.6048914062499997,6.766013891601562,7.414268513881575
2.3551355384232777,-1.3359645263671873,2.8203695556640622,6.880935571289062,7.555564835434829
2.357622481969659,-1.1635820068359375,2.987963671875,7.082048510742187,7.774140537678921
2.3601094255160406,-0.9241618408203125,3.19865341796875,7.532158422851562,8.235221266198334
2.3625963690624223,-0.7613561279296874,3.4620156005859375,8.12113203125,8.861038350059841
2.3650833126088036,-0.5698199951171875,3.5673604736328124,8.738836059570312,9.456109731370478
2.3675702561551852,-0.373495458984375,3.7110125732421873,9.457096557617186,10.166011434025558
2.3700571997015665,-0.1867477294921875,3.859453076171875,10.180145458984374,10.888783877353944
2.372544143247948,-0.076614453125,3.907337109375,10.831368310546875,11.514846613804531
2.37503108679433,0.062249243164062495,3.9264907226562498,11.343727465820312,12.004222473037819
2.377518030340711,0.17238251953125,3.902548706054687,11.693280908203125,12.328520614182253
2.3800049738870928,0.2346317626953125,3.77326181640625,11.923124267578125,12.50813531663794
2.382491917433474,0.27293898925781246,3.6152445068359373,11.927912670898436,12.466739317906827
2.3849788609798557,0.33039982910156246,3.4620156005859375,11.707646118164062,12.213258930110864
2.387465804526237,0.2920926025390625,3.189076611328125,11.295843432617186,11.741022382040626
2.3899527480726186,0.373495458984375,3.0406361083984375,10.788272680664061,11.214802460763224
2.3924396916190003,0.296881005859375,2.6623522460937497,10.127473022460936,10.475780048979388
2.3949266351653815,0.2920926025390625,2.4564509033203126,9.4618849609375,9.779914935360965
2.397413578711763,0.2346317626953125,2.1787235107421874,8.762778076171875,9.032616886183357
2.3999005222581444,0.19632453613281248,1.9536685546875,8.106766821289062,8.341164933018389
2.402387465804526,0.09576806640624999,1.7573440185546874,7.517793212890624,7.721052021187105
2.404874409350908,0.033518823242187495,1.618480322265625,7.196970190429687,7.376786697946885
2.407361352897289,-0.0526724365234375,1.4700398193359374,6.986280444335937,7.139461177351781
2.4098482964436707,-0.1867477294921875,1.3934253662109375,7.029376074218749,7.168586817390829
2.412335239990052,-0.36391865234375,1.2928688964843749,7.173028173828125,7.297690042167622
2.4148221835364336,-0.44053310546874996,1.3934253662109375,7.498639599609374,7.639718549334384
2.417309127082815,-0.603338818359375,1.446097802734375,8.015787158203125,8.16750025102091
2.4197960706291965,-0.7948749511718749,1.5035586425781249,8.667010009765624,8.832303056907037
2.4222830141755782,-0.9959878906249999,1.6615759521484375,9.332598071289063,9.531537823628355
2.4247699577219595,-1.1875240234375,1.7190367919921874,9.983820922851562,10.200097108264831
2.427256901268341,-1.3646949462890625,1.9201497314453124,10.673351000976561,10.930223642617921
2.4297438448147224,-1.5083470458984374,2.1452046874999997,11.219228979492186,11.521636726456002
2.432230788361104,-1.6041151123046875,2.346317626953125,11.568782421875,11.91281320363747
2.4347177319074857,-1.7621324218749999,2.480392919921875,11.832144604492187,12.217082534346536
2.437204675453867,-2.5043349365234375,3.845087866210937,26.254815405273437,26.652799592878754
2.4396916190002487,-2.91134921875,3.6152445068359373,22.922086694335935,23.387347124895893
2.44217856254663,-3.1172505615234374,3.31357509765625,18.746598999023437,19.29072328922149
2.4446655060930116,-3.246537451171875,3.0119056884765625,13.934253662109374,14.621046693658684
2.4471524496393933,-3.1220389648437497,2.6384102294921874,9.088389501953124,9.965297766564902
2.4496393931857745,-2.896984008789062,2.442085693359375,4.510675927734375,5.890882464107771
2.452126336732156,-2.5570073730468748,2.212242333984375,0.4836287353515625,3.4155818836248772
2.4546132802785374,-2.01112939453125,2.0733786376953125,-2.6767174560546874,3.9380651031117777
2.457100223824919,-1.426944189453125,2.001552587890625,-4.80755693359375,5.399535734824896
2.4595871673713003,-0.814028564453125,2.1212626708984375,-5.736507177734374,6.170082043448919
2.462074110917682,-0.1580173095703125,2.2649147705078123,-5.425260961914062,5.8811788692962725
2.4645610544640637,0.411802685546875,2.518700146484375,-4.065354418945312,4.800056086272556
2.467047998010445,0.9433154541015625,2.8203695556640622,-1.6903063720703124,3.420740286535217
2.4695349415568266,1.3455413330078123,3.0358477050781247,1.39821376953125,3.6030340704144534
2.472021885103208,1.6472107421875,3.337517114257812,4.932055419921875,6.178793926189999
2.4745088286495895,1.8004396484374998,3.5386300537109374,8.695740429687499,9.559256624089226
2.4769957721959712,1.8291700683593748,3.7397429931640622,12.301408129882812,12.986769527940675
2.4794827157423525,1.7238251953125,3.902548706054687,15.581464404296874,16.15498352489082
2.481969659288734,1.5083470458984374,3.902548706054687,18.248605053710936,18.722088121262647
2.4844566028351154,1.1444283935546875,3.845087866210937,20.068198315429687,20.465263269117052
2.486943546381497,0.814028564453125,3.6439749267578123,21.045032592773435,21.37368926043142
2.4894304899278783,0.39743747558593745,3.399766357421875,21.102493432617187,21.37829733411221
2.49191743347426,-0.08140285644531249,3.0502129150390624,20.221427221679686,20.450343374471657
2.4944043770206417,-0.49799394531249996,2.6767174560546874,18.62210051269531,18.820080813164505
2.496891320567023,-0.8379705810546875,2.2649147705078123,16.409858178710937,16.58660541092673
2.4993782641134046,-1.216254443359375,1.8339584716796873,13.666103076171874,13.842147659788615
2.501865207659786,-1.465251416015625,1.4604630126953124,10.850521923828124,11.045982977673903
2.5043521512061675,-1.5897499023437498,1.0965443603515623,7.905653881835937,8.138124942860511
2.506839094752549,-1.7429788085937499,0.852335791015625,5.305550878906249,5.649187689970655
2.5093260382989304,-1.70467158203125,0.699106884765625,3.0693665283203124,3.5798975577640078
2.511812981845312,-1.695094775390625,0.5889736083984375,1.4317325927734375,2.295668622897525
2.5142999253916933,-1.6472107421875,0.622492431640625,0.411802685546875,1.808419616253753
2.516786868938075,-1.4221557861328125,0.7948749511718749,0.2442085693359375,1.6474195256122934
2.5192738124844563,-1.3072341064453123,1.024718310546875,0.6847416748046875,1.796602289389125
2.521760756030838,-1.1731588134765625,1.3551181396484375,1.7860744384765623,2.530357420172365
2.5242476995772196,-1.0295067138671874,1.6711527587890624,3.4524387939453125,3.971393866521485
2.526734643123601,-0.9624690673828125,2.0829554443359375,5.473144995117187,5.934674904856523
2.5292215866699825,-0.8762778076171874,2.4899697265625,7.671022119140624,8.112483737281995
2.5317085302163638,-0.814028564453125,2.9448680419921875,10.036493359375,10.491238689557633
2.5341954737627455,-0.852335791015625,3.342305517578125,12.143390820312499,12.623764220244661
2.536682417309127,-0.8188169677734375,3.6631285400390623,13.958195678710936,14.454072039835248
2.5391693608555084,-0.8667010009765624,3.907337109375,15.394716674804686,15.906468979911985
2.54165630440189,-0.9241618408203125,4.113238452148437,16.361974145507812,16.896360661708393
2.5441432479482713,-0.9528922607421875,4.204218115234375,16.692373974609374,17.240034876103458
2.546630191494653,-0.97683427734375,4.247313745117188,16.47689582519531,17.043531772763348
2.549117135041034,-0.9720458740234375,4.189852905273438,15.758635327148436,16.335064368501428
2.551604078587416,-0.8906430175781249,4.084508032226562,14.551957690429687,15.140539074753569
2.5540910221337976,-0.8571241943359375,3.897760302734375,12.97178459472656,13.571823489644762
2.556577965680179,-0.70868369140625,3.6296097167968746,11.252747802734374,11.844856790298259
2.5590649092265605,-0.5458779785156249,3.4524387939453125,9.375693701171874,10.006045611107359
2.5615518527729417,-0.33518823242187495,3.1842882080078123,7.632714892578124,8.277099683717456
2.5640387963193234,-0.1197100830078125,2.987963671875,6.0716954101562495,6.768141736261951
2.566525739865705,0.0909796630859375,2.5474305664062498,4.7117888671875,5.357110612887152
2.5690126834120863,0.3016694091796875,2.461239306640625,3.873818286132812,4.5994751299430465
2.571499626958468,0.45968671875,2.27927998046875,3.447650390625,4.15845191444334
2.5739865705048492,0.6847416748046875,2.2026655273437497,3.4715924072265625,4.168040358307002
2.576473514051231,0.8044517578125,2.059013427734375,4.007893579101562,4.577104965766201
2.5789604575976126,0.8762778076171874,1.9488801513671874,4.898536596679687,5.344310753457885
2.581447401143994,0.9097966308593749,1.9823989746093749,6.095637426757812,6.474135559481742
2.5839343446903755,0.8379705810546875,1.9680337646484374,7.522581616210937,7.820779102241936
2.5864212882367568,0.6416460449218749,1.9680337646484374,9.112331518554686,9.344487800291963
2.5889082317831384,0.44532150878906246,1.9728221679687499,10.625466967773438,10.81623256202748
2.5913951753295197,0.201112939453125,1.9536685546875,11.975796704101562,12.135772490202676
2.5938821188759014,-0.086191259765625,2.039859814453125,13.129801904296874,13.28759402758673
2.596369062422283,-0.430956298828125,2.039859814453125,14.00129130859375,14.15566705253494
2.5988560059686643,-0.7661445312499999,2.0302830078125,14.484920043945312,14.64656735259375
2.601342949515046,-1.0965443603515623,1.9823989746093749,14.508862060546875,14.684665250550577
2.603829893061427,-1.4173673828125,1.9967641845703124,14.250288281249999,14.459139448991236
2.606316836607809,-1.6998831787109374,1.9488801513671874,13.546392993164062,13.79102968566531
2.6088037801541906,-1.915361328125,1.9536685546875,12.631807958984375,12.924705108880143
2.611290723700572,-2.1021090576171875,1.9776105712890624,11.410765112304686,11.770104779056991
2.6137776672469535,-2.1739351074218747,1.9632453613281249,10.108319409179687,10.524183934066173
2.6162646107933347,-2.1883003173828124,1.9536685546875,8.796296899414061,9.27255726556994
2.6187515543397164,-2.1021090576171875,2.1212626708984375,7.5465236328125,8.115949528530901
2.6212384978860976,-2.001552587890625,2.221819140625,6.517016918945312,7.170369765748396
2.6237254414324793,-1.8291700683593748,2.3319524169921872,5.616797094726562,6.350769624024028
2.626212384978861,-1.6041151123046875,2.5043349365234375,5.142745166015625,5.940766500241632
2.6286993285252422,-1.4125789794921875,2.6862942626953124,4.951209033203125,5.807411396617702
2.631186272071624,-1.0965443603515623,2.868253588867187,5.042188696289062,5.903639134741681
2.633673215618005,-0.8571241943359375,3.0693665283203124,5.506663818359375,6.362312408088537
2.636160159164387,-0.5315127685546874,3.318363500976562,6.315903979492187,7.154347295589958
2.6386471027107685,-0.3064578125,3.5482068603515624,7.240065820312499,8.06859599912807
2.6411340462571498,-0.09576806640624999,3.687070556640625,8.394071020507813,9.168647070834306
2.6436209898035314,0.1292868896484375,3.83072265625,9.519345800781249,10.26202200561827
2.6461079333499127,0.2346317626953125,3.912125512695312,10.658985791015624,11.356661313265446
2.6485948768962944,0.33039982910156246,3.9264907226562498,11.640608471679688,12.289436888365424
2.6510818204426756,0.43574470214843747,3.9839515624999997,12.454637036132812,13.083567067111618
2.6535687639890573,0.39743747558593745,3.864241479492187,13.048399047851563,13.614368750360835
2.656055707535439,0.4644751220703125,3.7301661865234372,13.278242407226562,13.800057910863087
2.65854265108182,0.373495458984375,3.5290532470703124,13.297396020507811,13.762792471179548
2.661029594628202,0.33518823242187495,3.323151904296875,12.938265771484375,13.362425337630523
2.663516538174583,0.229843359375,3.0454245117187497,12.363657373046875,12.735284137565307
2.666003481720965,0.2346317626953125,2.829946362304687,11.583147631835937,11.926145963323336
2.6684904252673465,0.12449848632812499,2.4947581298828125,10.654197387695312,10.943090969908274
2.6709773688137277,0.047884033203124995,2.1595698974609374,9.658209497070311,9.896819979768976
2.6734643123601094,-0.028730419921875,1.93451494140625,8.647856396484375,8.86163606507109
2.6759512559064906,-0.105344873046875,1.6807295654296874,7.675810522460937,7.858372388167207
2.6784381994528723,-0.201112939453125,1.4796166259765624,6.928819604492187,7.087894813403836
2.6809251429992536,-0.28730419921875,1.2737152832031249,6.358999609374999,6.491669304392002
2.6834120865456352,-0.44532150878906246,1.22583125,6.028599780273437,6.168061997935792
2.685899030092017,-0.45968671875,1.235408056640625,5.971138940429687,6.114903530859949
2.688385973638398,-0.5602431884765625,1.2018892333984375,6.210559106445312,6.350547580661392
2.69087291718478,-0.7038952880859375,1.2785036865234374,6.660669018554687,6.818691372087306
2.693359860731161,-0.7948749511718749,1.407790576171875,7.331045483398437,7.507191776824104
2.6958468042775428,-1.0007762939453124,1.5179238525390624,8.097190014648437,8.298803055016567
2.6983337478239244,-1.0821791503906248,1.7525556152343749,8.973467822265624,9.206828316812814
2.7008206913703057,-1.20667763671875,1.9488801513671874,9.955090502929687,10.215577892849284
2.7033076349166874,-1.3551181396484375,2.1883003173828124,10.869675537109375,11.170266323302052
2.7057945784630686,-1.5179238525390624,2.389413256835937,11.5304751953125,11.872878621621936
2.7082815220094503,-1.5801730957031248,2.6336218261718747,12.138602416992187,12.52112533175359
2.7107684655558315,-1.6903063720703124,2.7533319091796873,12.502521069335936,12.913210496338916
2.713255409102213,-1.7525556152343749,2.9544448486328125,12.646173168945312,13.104422588082803
2.715742352648595,-1.7286135986328124,3.1316157714843746,12.483367456054687,12.985745467876429
2.718229296194976,-1.675941162109375,3.2800562744140622,12.042834350585936,12.593546249481445
2.720716239741358,-1.637633935546875,3.337517114257812,11.520898388671874,12.105864904124807
2.723203183287739,-1.484405029296875,3.385401147460937,10.74517705078125,11.36324025412064
2.7256901268341207,-1.3168109130859373,3.4093431640625,9.892841259765625,10.54636999076379
2.7281770703805024,-8.647856396484375,-0.5985504150390625,8.623914379882812,12.22765644288016
2.7306640139268836,-7.953537915039062,0.6655880615234374,7.723694555664062,11.10663002097401
2.7331509574732653,-7.1203557373046875,1.8435352783203125,6.9527616210937495,10.121214468033642
2.7356379010196465,-6.110002636718749,2.906560815429687,6.339845996093749,9.272209836316653
2.7381248445660282,-5.0182466796875,3.883395092773437,5.985504150390625,8.72294773107777
2.74061178811241,-3.83072265625,4.817133740234374,5.870582470703124,8.50546601226166
2.743098731658791,-2.6479870361328124,5.521029028320312,5.971138940429687,8.552666082631703
2.745585675205173,-1.4939818359375,6.114791040039062,6.311115576171875,8.913631751718961
2.748072618751554,-0.44532150878906246,6.5218053222656245,6.9527616210937495,9.543225349297614
2.7505595622979357,0.469263525390625,6.76122548828125,7.637503295898437,10.211064339945446
2.753046505844317,1.4030021728515625,6.928819604492187,8.518569506835936,11.06991339855089
2.7555334493906987,2.0350714111328125,6.833051538085937,9.366116894531249,11.770992084466473
2.7580203929370803,2.6431986328124997,6.7277066650390625,10.32379755859375,12.602750970091376
2.7605073364834616,2.9831752685546875,6.373364819335937,11.113884106445312,13.154373179090026
2.7629942800298433,3.1651345947265623,6.004657763671875,11.736376538085937,13.557895342024656
2.7654812235762245,3.2417490478515623,5.473144995117187,12.248735693359373,13.802020834377796
2.767968167122606,3.1555577880859373,4.92247861328125,12.531251489257812,13.828253849969173
2.770455110668988,2.935291235351562,4.237736938476562,12.521674682617187,13.541295575141863
2.772942054215369,2.6575638427734374,3.6200329101562496,12.301408129882812,13.095492576721885
2.775428997761751,2.2170307373046874,2.9640216552734375,11.880028637695311,12.443300610993225
2.777915941308132,1.7525556152343749,2.346317626953125,11.334150659179686,11.706392644876722
2.7804028848545137,1.2880804931640624,1.8195932617187498,10.606313354492187,10.838078887360128
2.782889828400895,0.7996633544921875,1.350329736328125,9.816226806640625,9.940883290570294
2.7853767719472766,0.24899697265624998,0.8906430175781249,9.0021982421875,9.049575551858572
2.7878637154936583,-0.2346317626953125,0.59376201171875,8.226476904296874,8.251213707543616
2.7903506590400395,-0.6560112548828124,0.36391865234375,7.5465236328125,7.5837198321571835
2.792837602586421,-1.0821791503906248,0.2059013427734375,7.053318090820312,7.138823654271702
2.7953245461328025,-1.43652099609375,0.26815058593749996,6.76122548828125,6.9173454021279595
2.797811489679184,-1.7286135986328124,0.3495534423828125,6.679822631835937,6.908713554291243
2.800298433225566,-1.944091748046875,0.4836287353515625,6.804321118164062,7.093107595234626
2.802785376771947,-2.1643583007812497,0.7805097412109374,7.125144140624999,7.487410856562409
2.8052723203183287,-2.231395947265625,1.0821791503906248,7.64229169921875,8.034604035231695
2.80775926386471,-2.27927998046875,1.4125789794921875,8.269572534179687,8.693464585579669
2.8102462074110917,-2.3367408203125,1.7908628417968748,8.98304462890625,9.453181379004898
2.812733150957473,-2.2649147705078123,2.212242333984375,9.773131176757811,10.273166408661577
2.8152200945038546,-2.1978771240234374,2.6431986328124997,10.505756884765624,11.053872198764003
2.8177070380502363,-2.0302830078125,2.96881005859375,11.128249316406249,11.69503377951153
2.8201939815966175,-1.8818425048828125,3.323151904296875,11.611878051757811,12.223762991857718
2.822680925142999,-8.98304462890625,0.1292868896484375,11.4538607421875,14.556879191852229
2.8251678686893804,-8.240842114257813,1.4891934326171874,11.477802758789062,14.208065737514772
2.827654812235762,-7.3932947265625,2.7916391357421872,11.343727465820312,13.825129612297687
2.8301417557821438,-6.301538769531249,3.9839515624999997,11.104307299804686,13.37486080393913
2.832628699328525,-5.157110375976562,4.912901806640625,10.606313354492187,12.776003857442168
2.8351156428749067,-11.473014355468749,1.656787548828125,9.552864624023437,15.021059413625338
2.837602586421288,-9.883264453125,3.5242648437499997,8.892064965820312,13.75384231026608
2.8400895299676696,-8.111555224609374,5.1140147460937495,8.14028564453125,12.578343506190054
2.842576473514051,-6.234501123046875,6.526593725585937,7.541735229492187,11.76193862353881
2.8450634170604325,-4.347870214843749,7.6279264892578125,6.986280444335937,11.220398940214077
2.847550360606814,-2.4947581298828125,8.489839086914062,6.603208178710937,11.040993800365309
2.8500373041531954,-0.7948749511718749,9.0788126953125,6.387730029296875,11.12923003049847
2.852524247699577,0.7757213378906249,9.3852705078125,6.354211206054687,11.360503780643924
2.8550111912459584,2.1739351074218747,9.514557397460937,6.579266162109374,11.770282050687545
2.85749813479234,3.337517114257812,9.337386474609374,7.000645654296875,12.138156624512948
2.8599850783387217,4.209006518554688,9.006986645507812,7.618349682617187,12.525206433118191
2.862472021885103,4.88417138671875,8.532934716796875,8.298302954101562,12.865766084225621
2.8649589654314846,5.248090039062499,7.81467421875,9.04050546875,13.051525632423267
2.867445908977866,5.430049365234375,7.173028173828125,9.878476049804688,13.361214703685407
2.8699328525242476,5.406107348632812,6.354211206054687,10.687716210937499,13.558365481193848
2.8724197960706292,5.1140147460937495,5.453991381835937,11.401188305664062,13.634011280529878
2.8749067396170105,4.6255976074218745,4.592078784179687,11.975796704101562,13.634626781979403
2.877393683163392,4.0222587890625,3.754108203125,12.291831323242187,13.467034248341344
2.8798806267097734,3.31357509765625,2.877830395507812,12.464213842773436,13.214322322067872
2.882367570256155,2.5474305664062498,2.1978771240234374,12.411541406249999,12.859487797810013
2.8848545138025363,1.7717092285156248,1.5322890624999999,12.176909643554687,12.400160959792405
2.887341457348918,0.9050082275390624,0.928950244140625,11.693280908203125,11.764982228892231
2.8898284008952997,0.1484405029296875,0.44532150878906246,11.113884106445312,11.123792777672456
2.892315344441681,-0.584185205078125,0.0909796630859375,10.32379755859375,10.340713016216709
2.8948022879880626,-1.2401964599609374,-0.16280571289062498,9.572018237304688,9.653399716925795
2.897289231534444,-1.7525556152343749,-0.2537853759765625,8.781931689453124,8.958693118963843
2.8997761750808255,-2.1978771240234374,-0.28730419921875,8.058882788085937,8.358157652694882
2.902263118627207,-2.5234885498046875,-0.1580173095703125,7.4603323730468745,7.8771519629527535
2.9047500621735884,-2.6719290527343746,0.1197100830078125,7.029376074218749,7.521014782568822
2.90723700571997,-2.834734765625,0.3687070556640625,6.72291826171875,7.305429216554694
2.9097239492663514,-2.834734765625,0.7038952880859375,6.718129858398437,7.325602948722871
2.912210892812733,-2.7533319091796873,1.1061211669921875,6.890512377929687,7.502233098789816
2.9146978363591143,-2.5522189697265625,1.5849614990234373,7.254431030273437,7.851922961658047
2.917184779905496,-2.408566870117187,1.9919757812499999,7.800309008789062,8.403212630506767
2.9196717234518776,-2.1547814941406247,2.418143676757812,8.432378247070313,9.033023028344347
2.922158666998259,-1.8148048583984373,2.81558115234375,9.1554271484375,9.748992777197364
2.9246456105446406,-1.5610194824218748,3.2034418212890623,9.86411083984375,10.488064835211851
2.927132554091022,-1.2114660400390624,3.4763808105468748,10.558429321289061,11.181829154425634
2.9296194976374035,-0.93852705078125,3.73495458984375,11.18571015625,11.830081593669481
2.932106441183785,-0.63206923828125,3.840299462890625,11.640608471679688,12.274004117548614
2.9345933847301664,-0.3687070556640625,3.912125512695312,11.908759057617187,12.540303553437509
2.937080328276548,-0.1771709228515625,3.921702319335937,11.942277880859374,12.570964147632113
2.9395672718229293,0.0047884033203125,3.797203833007812,11.81777939453125,12.412843739289679
2.942054215369311,0.17238251953125,3.7158009765625,11.511321582031249,12.097413657282335
2.9445411589156922,0.3016694091796875,3.5290532470703124,11.018116040039061,11.573422239115724
2.947028102462074,0.39743747558593745,3.3327287109375,10.366893188476562,10.89667433619033
2.9495150460084556,0.411802685546875,3.0454245117187497,9.720458740234374,10.19468047704291
2.952001989554837,0.4165910888671875,2.7964275390625,9.030928662109375,9.463151040570963
2.9544889331012185,0.373495458984375,2.5426421630859375,8.403647827148436,8.787822530645514
2.9569758766475998,0.3064578125,2.29843359375,7.752424975585937,8.091773994484116
2.9594628201939814,0.2537853759765625,2.04943662109375,7.350199096679687,7.634790386236587
2.961949763740363,0.1484405029296875,1.9009961181640624,7.038952880859375,7.292645506477286
2.9644367072867444,0.0047884033203125,1.8052280517578123,6.9910688476562495,7.2203819068197035
2.966923650833126,-0.16759411621093748,1.66636435546875,7.043741284179687,7.240106990329812
2.9694105943795073,-0.3112462158203125,1.6807295654296874,7.388506323242187,7.583650293068748
2.971897537925889,-0.49320554199218747,1.7190367919921874,7.800309008789062,8.002697034842091
2.97438448147227,-0.6512228515624999,1.8195932617187498,8.465897070312499,8.683687237897
2.976871425018652,-0.9097966308593749,1.905784521484375,9.121908325195312,9.36317019204073
2.9793583685650336,-1.0534487304687499,2.0733786376953125,9.811438403320311,10.083301877119721
2.981845312111415,-1.24498486328125,2.2026655273437497,10.462661254882812,10.76424652586394
2.9843322556577965,-1.4030021728515625,2.3511060302734372,11.046846459960937,11.381077777283037
2.9868191992041777,-1.5322890624999999,2.50912333984375,11.473014355468749,11.843718508407642
2.9893061427505594,-1.599326708984375,2.6671406494140624,11.765106958007811,12.169191711004945
2.991793086296941,-1.6615759521484375,2.877830395507812,11.923124267578125,12.37754558586544
2.9942800298433223,-1.608903515625,2.9544448486328125,11.822567797851562,12.291884486155904
2.996766973389704,-1.6472107421875,3.0597897216796874,11.487379565429686,12.00147931091522
2.9992539169360852,-1.5227122558593749,3.1651345947265623,11.075576879882812,11.619170918747772
3.001740860482467,-1.3934253662109375,3.284844677734375,10.491391674804687,11.081567492110539
3.0042278040288486,-1.1827356201171875,3.2513258544921873,9.835380419921874,10.426154198157915
3.00671474757523,-0.9864110839843749,3.246537451171875,9.150638745117186,9.759467285262481
3.0092016911216115,-0.7661445312499999,3.284844677734375,8.422801440429687,9.073079196419954
3.0116886346679927,-0.51714755859375,3.27526787109375,7.8338278320312495,8.506684414428802
3.0141755782143744,-0.2442085693359375,3.227383837890625,7.345410693359375,8.026873769814308
3.0166625217607557,-0.0,3.1651345947265623,7.038952880859375,7.717832251461116
3.0191494653071373,0.1867477294921875,3.1076737548828124,6.880935571289062,7.552468816055387
3.021636408853519,0.4213794921875,3.0310593017578125,6.981492041015625,7.622736535259058
3.0241233523999003,0.5219359619140624,2.93050283203125,7.206546997070312,7.797088149935555
3.026610295946282,0.6607996582031249,2.901772412109375,7.6470801025390625,8.205776831879433
3.029097239492663,0.7278373046875,2.7916391357421872,8.202534887695313,8.695089119161512
3.031584183039045,0.7422025146484375,2.6384102294921874,8.86812294921875,9.282008282386938
3.0340711265854265,0.6512228515624999,2.6240450195312497,9.557653027343749,9.93269524640805
3.036558070131808,0.5506663818359374,2.50912333984375,10.342951171874999,10.657184071903016
3.0390450136781895,0.38786066894531246,2.379836450195312,10.912771166992187,11.175984608585004
3.0415319572245707,0.239420166015625,2.231395947265625,11.525686791992188,11.742142305238493
3.0440189007709524,0.033518823242187495,2.1739351074218747,11.875240234375,12.072632189664013
3.0465058443173336,-0.27293898925781246,1.9871873779296874,12.033257543945313,12.199290818968818
3.0489927878637153,-0.49799394531249996,1.905784521484375,12.028469140624999,12.188686659310973
3.051479731410097,-0.7278373046875,1.8291700683593748,11.81777939453125,11.98063103926016
3.0539666749564782,-1.01514150390625,1.6903063720703124,11.429918725585937,11.598736568174768
3.05645361850286,-1.216254443359375,1.6424223388671875,10.826579907226561,11.017788276136153
3.058940562049241,-1.369483349609375,1.6424223388671875,10.189722265624999,10.411698979256034
3.061427505595623,-1.5131354492187499,1.5945383056640625,9.476250170898437,9.727869684435802
3.0639144491420045,-1.62805712890625,1.6424223388671875,8.748412866210938,9.048914234971923
3.0664013926883857,-1.6807295654296874,1.6998831787109374,8.0828248046875,8.428909272061563
3.0688883362347674,-1.7094599853515624,1.7669208251953124,7.5465236328125,7.936893698710134
3.0713752797811487,-1.695094775390625,1.944091748046875,7.101202124023437,7.5551247923919505
3.0738622233275303,-1.618480322265625,2.0877438476562498,6.847416748046874,7.33929622296446
3.0763491668739116,-1.5227122558593749,2.3367408203125,6.833051538085937,7.3803525388424145
3.0788361104202933,-1.4317325927734375,2.5522189697265625,6.995857250976562,7.583251186838216
3.081323053966675,-1.2976572998046874,2.767697119140625,7.350199096679687,7.960495497886209
3.083809997513056,-1.1444283935546875,3.0454245117187497,7.881711865234375,8.526764259150587
3.086296941059438,-1.0007762939453124,3.227383837890625,8.518569506835936,9.164255892891445
3.088783884605819,-0.8475473876953125,3.4763808105468748,9.222464794921875,9.892290786663171
3.091270828152201,-0.6847416748046875,3.6296097167968746,9.892841259765625,10.559888543370224
3.0937577716985825,-0.603338818359375,3.768473413085937,10.582371337890624,11.249533000435346
3.0962447152449637,-0.469263525390625,3.840299462890625,11.161768139648437,11.8132627256068
3.0987316587913454,-0.32561142578124996,3.892971899414062,11.602301245117188,12.242330137382943
3.1012186023377266,-0.181959326171875,3.88818349609375,11.8369330078125,12.460500115449532
3.1037055458841083,-0.0909796630859375,3.83072265625,11.942277880859374,12.5419581546051
3.1061924894304895,-0.0,3.73495458984375,11.841721411132811,12.416773001350881
3.108679432976871,0.086191259765625,3.5482068603515624,11.473014355468749,12.00946540266876
3.111166376523253,0.17238251953125,3.375824340820312,10.979808813476561,11.488346586589927
3.113653320069634,0.27293898925781246,3.1459809814453124,10.429142431640624,10.89672904531078
3.116140263616016,0.32082302246093747,2.9831752685546875,9.739612353515625,10.191286027357464
3.118627207162397,0.32561142578124996,2.6815058593749996,9.02135185546875,9.417074162107422
3.1211141507087787,0.3016694091796875,2.408566870117187,8.374917407226562,8.719600929981107
3.1236010942551604,0.3112462158203125,2.1404162841796874,7.824251025390624,8.117706584052561
3.1260880378015417,0.32082302246093747,1.9776105712890624,7.307103466796875,7.576782434377414
3.1285749813479233,0.27293898925781246,1.8004396484374998,7.091625317382812,7.321695723100469
3.1310619248943046,0.2154781494140625,1.66636435546875,6.9910688476562495,7.190149138280886
3.1335488684406863,0.11013327636718749,1.5562310791015623,7.129932543945312,7.298624705472632
3.136035811987068,0.0143652099609375,1.43652099609375,7.407659936523437,7.545675891969507
3.138522755533449,-0.19153613281249998,1.4796166259765624,7.838616235351562,7.979339316958274
3.141009699079831,-0.354341845703125,1.4317325927734375,8.40843623046875,8.536815343129168
3.143496642626212,-0.5363011718749999,1.5370774658203123,9.112331518554686,9.256609086859628
3.1459835861725938,-0.7805097412109374,1.5897499023437498,9.801861596679688,9.960571819358124
3.148470529718975,-0.948103857421875,1.7477672119140624,10.467449658203124,10.654627797277424
3.1509574732653567,-1.1875240234375,1.848323681640625,11.080365283203124,11.29606163879995
3.1534444168117384,-1.4173673828125,1.8914193115234375,11.525686791992188,11.76553667866314
3.1559313603581196,-1.5897499023437498,2.0446482177734375,11.846509814453125,12.126322025675398
3.1584183039045013,-1.7429788085937499,2.231395947265625,11.918335864257811,12.25005439881531
3.1609052474508825,-1.838746875,2.403778466796875,11.812990991210937,12.194502742883342
3.163392190997264,-1.8914193115234375,2.5043349365234375,11.568782421875,11.9869048219705
3.165879134543646,-1.9536685546875,2.6527754394531247,11.085153686523437,11.564370739801825
3.168366078090027,-1.9009961181640624,2.7054478759765623,10.500968481445312,11.009249452129279
3.170853021636409,-1.838746875,2.844311572265625,9.835380419921874,10.40220199741521
3.17333996518279,-1.7094599853515624,2.9640216552734375,9.088389501953124,9.711153461544091
3.1758269087291717,-1.5131354492187499,3.0502129150390624,8.422801440429687,9.084985515654823
3.178313852275553,-1.2593500732421874,3.1794998046874996,7.838616235351562,8.552139270387267
3.1808007958219346,-1.0438719238281249,3.2321722412109373,7.316680273437499,8.066623594411766
3.1832877393683163,-0.7948749511718749,3.318363500976562,6.9910688476562495,7.779357694905383
3.1857746829146976,-0.5363011718749999,3.4093431640625,6.813897924804687,7.638091691447008
3.1882616264610792,-0.258573779296875,3.4428619873046875,6.890512377929687,7.70709542521498
3.1907485700074605,-0.0526724365234375,3.5003228271484375,7.077260107421875,7.895735868678158
3.193235513553842,0.19632453613281248,3.5625720703124997,7.589619262695312,8.38646431056224
3.195722457100224,0.411802685546875,3.5577836669921874,8.154650854492187,8.906499684590472
3.198209400646605,0.5506663818359374,3.5386300537109374,8.810662109374999,9.510673105868316
3.2006963441929868,0.6081272216796875,3.4811692138671875,9.514557397460937,10.149638431141437
3.203183287739368,0.6943184814453125,3.385401147460937,10.228029492187499,10.79609218078299
3.2056702312857497,0.689530078125,3.299209887695312,10.927136376953124,11.435145255406152
3.208157174832131,0.6560112548828124,3.1076737548828124,11.458649145507811,11.890694982765611
3.2106441183785126,0.584185205078125,2.978386865234375,11.822567797851562,12.205948140461254
3.2131310619248943,0.5027823486328125,2.7629087158203123,12.038045947265624,12.361270359090563
3.2156180054712755,0.3447650390625,2.5522189697265625,12.014103930664062,12.287041053825348
3.218104949017657,0.19153613281249998,2.384624853515625,11.8369330078125,12.076262038131594
3.2205918925640384,0.0047884033203125,2.1691467041015624,11.449072338867186,11.652745503671431
3.22307883611042,-0.16759411621093748,1.944091748046875,10.903194360351561,11.076426669834209
3.225565779656802,-0.40222587890625,1.6807295654296874,10.232817895507813,10.377726129186312
3.228052723203183,-0.5267243652343749,1.5418658691406248,9.552864624023437,9.69082098897048
3.2305396667495647,-0.689530078125,1.4030021728515625,8.825027319335938,8.962420097980841
3.233026610295946,-0.8667010009765624,1.3120225097656248,8.130708837890625,8.281364615676463
3.2355135538423276,-1.0199299072265624,1.2401964599609374,7.575254052734374,7.743566248081267
3.238000497388709,-1.0917559570312498,1.2401964599609374,7.192181787109375,7.379532314980446
3.2404874409350906,-1.20667763671875,1.24498486328125,6.9719152343749995,7.184264768510887
3.2429743844814722,-1.2976572998046874,1.407790576171875,6.904877587890625,7.1654115916567545
3.2454613280278535,-1.3407529296874998,1.5945383056640625,7.082048510742187,7.382112294946566
3.247948271574235,-1.388636962890625,1.7477672119140624,7.417236743164062,7.745863653969838
3.2504352151206164,-1.4173673828125,1.93451494140625,7.9104422851562495,8.265976984190846
3.252922158666998,-1.455674609375,2.2170307373046874,8.528146313476562,8.931041003298366
3.2554091022133798,-1.47482822265625,2.4947581298828125,9.184157568359375,9.630560038409634
3.257896045759761,-1.455674609375,2.710236279296875,9.9215716796875,10.387586526868166
3.2603829893061427,-1.4317325927734375,2.93050283203125,10.539275708007812,11.03240850925837
3.262869932852524,-1.407790576171875,3.19865341796875,11.085153686523437,11.62298972934613
3.2653568763989056,-1.3263877197265623,3.4620156005859375,11.525686791992188,12.107283445465585
3.2678438199452873,-1.2641384765625,3.5673604736328124,11.769895361328125,12.363435754408108
3.2703307634916685,-1.1635820068359375,3.69664736328125,11.851298217773437,12.468856974947078
3.27281770703805,-1.0678139404296874,3.763685009765625,11.731588134765625,12.366717900392327
3.2753046505844314,-0.9097966308593749,3.763685009765625,11.401188305664062,12.040770305236643
3.277791594130813,-0.7517793212890624,3.725377783203125,10.907982763671875,11.551090846671753
3.2802785376771944,-0.5793968017578125,3.6343981201171873,10.271125122070313,10.910571095163737
3.282765481223576,-0.3591302490234375,3.6535517333984373,9.648632690429688,10.323445529434967
3.2852524247699577,-0.17238251953125,3.4811692138671875,8.949525805664061,9.604283782503702
3.287739368316339,0.033518823242187495,3.4093431640625,8.288726147460936,8.96257359632008
3.2902263118627206,0.2346317626953125,3.19865341796875,7.704540942382812,8.345441083921312
3.292713255409102,-0.01915361328125,4.472368701171875,23.12319963378906,23.551747492790977
3.2952001989554836,-0.26336218261718747,4.017470385742187,20.278888061523435,20.674688122226804
3.2976871425018652,-0.469263525390625,3.4428619873046875,16.730681201171873,17.087691487592334
3.3001740860482465,-0.6512228515624999,2.839523168945312,12.794613671875,13.122085277954303
3.302661029594628,-0.7422025146484375,2.2840683837890623,8.858546142578124,9.17832624800192
3.3051479731410094,-0.7326257080078125,1.7525556152343749,5.181052392578125,5.518287370839163
3.307634916687391,-0.6847416748046875,1.3168109130859373,2.0925322509765625,2.565453831861643
3.3101218602337723,-0.6081272216796875,0.9528922607421875,-0.3447650390625,1.1818144145719243
3.312608803780154,-0.4213794921875,0.7134720947265625,-1.714248388671875,1.9040090977865163
3.3150957473265357,-0.32082302246093747,0.622492431640625,-2.1787235107421874,2.288506144945124
3.317582690872917,-0.2059013427734375,0.6177040283203125,-1.66636435546875,1.7890566773402758
3.3200696344192986,-0.1005564697265625,0.7038952880859375,-0.32082302246093747,0.7800689661398056
3.32255657796568,-0.0526724365234375,0.8954314208984374,1.8148048583984373,2.024373604147239
3.3250435215120615,-0.05746083984375,1.216254443359375,4.352658618164062,4.519758142355059
3.327530465058443,-0.076614453125,1.455674609375,7.1778165771484375,7.324336772568122
3.3300174086048244,-0.21068974609375,1.8052280517578123,10.041281762695311,10.204439128428364
3.332504352151206,-0.4836287353515625,2.0638018310546875,12.650961572265624,12.827314740601945
3.3349912956975873,-0.6943184814453125,2.384624853515625,14.882357519531249,15.088176801218538
3.337478239243969,-0.9241618408203125,2.6240450195312497,16.49126103515625,16.724275108423022
3.3399651827903503,-1.254561669921875,2.825157958984375,17.458518505859374,17.730067989048553
3.342452126336732,-1.4508862060546874,2.9544448486328125,17.750611108398438,18.05319943578231
3.3449390698831136,-1.7717092285156248,3.0023288818359375,17.286135986328123,17.634155200716076
3.347426013429495,-1.9009961181640624,3.0454245117187497,16.18480322265625,16.578186030261463
3.3499129569758765,-2.0063409912109376,3.0837317382812497,14.657302563476561,15.111959636129027
3.352399900522258,-2.059013427734375,3.0406361083984375,12.794613671875,13.311166111645424
3.3548868440686395,-2.039859814453125,3.0406361083984375,10.66856259765625,11.27939377388816
3.357373787615021,-1.924938134765625,2.916137622070312,8.662221606445312,9.340413728133079
3.3598607311614024,-1.7573440185546874,2.9496564453125,6.7277066650390625,7.553195887552138
3.362347674707784,-1.4939818359375,2.9735984619140625,5.248090039062499,6.214235157838484
3.3648346182541653,-1.1923124267578125,2.9544448486328125,4.122815258789062,5.210370327022638
3.367321561800547,-0.8762778076171874,3.0071172851562498,3.5482068603515624,4.732904931081309
3.369808505346928,-0.5123591552734374,3.0741549316406247,3.447650390625,4.647497570058493
3.37229544889331,-0.1484405029296875,3.189076611328125,3.83072265625,4.986650206795856
3.3747823924396916,0.143652099609375,3.2704794677734372,4.697423657226563,5.725596989862418
3.377269335986073,0.411802685546875,3.347093920898437,5.894524487304687,6.7910262919954505
3.3797562795324545,0.6607996582031249,3.4524387939453125,7.335833886718749,8.134522028229505
3.3822432230788357,0.7613561279296874,3.423708374023437,8.805873706054687,9.478652536667836
3.3847301666252174,0.8858546142578124,3.4907460205078125,10.338162768554687,10.947495403352463
3.387217110171599,0.8858546142578124,3.385401147460937,11.578359228515625,12.095622420999451
3.3897040537179803,0.9193734375,3.2704794677734372,12.694057202148437,13.140790376462324
3.392190997264362,0.8379705810546875,3.1507693847656246,13.412317700195311,13.80289130949244
3.3946779408107433,0.718260498046875,2.987963671875,13.7522943359375,14.091466373296921
3.397164884357125,0.51714755859375,2.7198130859375,13.642161059570311,13.920250830895718
3.3996518279035066,0.296881005859375,2.5474305664062498,13.259088793945311,13.504850109054415
3.402138771449888,0.1197100830078125,2.2361843505859373,12.559981909179687,12.758056141618917
3.4046257149962695,-0.143652099609375,1.9488801513671874,11.650185278320311,11.81294149605874
3.4071126585426508,-0.316034619140625,1.7429788085937499,10.572794531249999,10.720160316326064
3.4095996020890325,-0.51714755859375,1.5035586425781249,9.490615380859374,9.62288472841878
3.4120865456354137,-0.7134720947265625,1.3551181396484375,8.427589843749999,8.565609037122572
3.4145734891817954,-0.8906430175781249,1.1731588134765625,7.503428002929687,7.646631832483358
3.417060432728177,-1.0390835205078124,1.1731588134765625,6.823474731445312,7.001128735775491
3.4195473762745583,-1.139639990234375,1.2018892333984375,6.488286499023437,6.6963556304986
3.42203431982094,-1.2785036865234374,1.2689268798828124,6.301538769531249,6.553940644135295
3.424521263367321,-1.3551181396484375,1.3455413330078123,6.4643444824218745,6.740517505255425
3.427008206913703,-1.4413093994140624,1.5131354492187499,6.83783994140625,7.150035436052913
3.4294951504600846,-1.4413093994140624,1.7525556152343749,7.522581616210937,7.857356943774644
3.431982094006466,-1.5035586425781249,1.9823989746093749,8.303091357421874,8.667867118034142
3.4344690375528475,-1.5370774658203123,2.269703173828125,9.102754711914063,9.506540010881547
3.4369559810992287,-1.5083470458984374,2.446874096679687,9.907206469726562,10.315766752387553
3.4394429246456104,-1.5466542724609373,2.748543505859375,10.66856259765625,11.124965561395383
3.4419298681919916,-1.5131354492187499,2.9496564453125,11.252747802734374,11.730915784583882
3.4444168117383733,-1.455674609375,3.1938650146484373,11.626243261718749,12.144517062478645
3.446903755284755,-1.3551181396484375,3.299209887695312,11.769895361328125,12.298437619148379
3.4493906988311362,-1.2593500732421874,3.4907460205078125,11.707646118164062,12.281703791202109
3.451877642377518,-1.1252747802734375,3.5290532470703124,11.4538607421875,12.037914522590736
3.454364585923899,-0.9864110839843749,3.6056677001953124,10.960655200195312,11.580578949621108
3.456851529470281,-0.7900865478515624,3.6631285400390623,10.32379755859375,10.982875009976713
3.4593384730166625,-0.63206923828125,3.6296097167968746,9.662997900390625,10.341523419748242
3.4618254165630438,-0.44053310546874996,3.5769372802734374,8.992621435546875,9.687919797721335
3.4643123601094254,-0.19632453613281248,3.5242648437499997,8.389282617187499,9.101595950349823
3.4667993036558067,0.009576806640625,3.4620156005859375,7.8338278320312495,8.564724294210134
3.4692862472021884,0.17238251953125,3.380612744140625,7.541735229492187,8.26656086475201
3.4717731907485696,0.3112462158203125,3.246537451171875,7.311891870117187,8.006287675883865
3.4742601342949513,0.5027823486328125,3.1220389648437497,7.359775903320312,8.010381934414468
3.476747077841333,0.6655880615234374,3.0645781249999997,7.570465649414062,8.194302697657031
3.479234021387714,0.6368576416015624,2.868253588867187,8.0062103515625,8.528298218236879
3.481720964934096,0.6703764648437499,2.806004345703125,8.494627490234375,8.971162755772898
3.484207908480477,0.6943184814453125,2.6671406494140624,9.102754711914063,9.510828604422805
3.486694852026859,0.6464344482421874,2.5330653564453125,9.739612353515625,10.08436147669508
3.4891817955732405,0.5267243652343749,2.370259643554687,10.36210478515625,10.64278088252096
3.4916687391196217,0.354341845703125,2.24097275390625,10.86009873046875,11.094559994109519
3.4941556826660034,0.19632453613281248,2.0973206542968748,11.238382592773437,11.434095528373945
3.4966426262123846,-0.023942016601562498,1.9871873779296874,11.425130322265625,11.596684430297973
3.4991295697587663,-0.21068974609375,1.8339584716796873,11.477802758789062,11.625306448202583
3.5016165133051476,-0.45010991210937495,1.714248388671875,11.348515869140625,11.48608109422791
3.5041034568515292,-0.6847416748046875,1.62805712890625,11.018116040039061,11.15877781156892
3.506590400397911,-0.9050082275390624,1.5418658691406248,10.568006127929687,10.718168862743934
3.509077343944292,-1.0917559570312498,1.465251416015625,10.046070166015625,10.210897049836426
3.511564287490674,-1.2210428466796874,1.426944189453125,9.409212524414063,9.594810872697394
3.514051231037055,-1.39821376953125,1.4317325927734375,8.801085302734375,9.025738887676928
3.5165381745834368,-1.4796166259765624,1.4987702392578124,8.240842114257813,8.5057072805309
3.5190251181298184,-1.5658078857421873,1.6232687255859375,7.790732202148437,8.110626605639693
3.5215120616761997,-1.6136919189453125,1.7238251953125,7.50821640625,7.870761622380979
3.5239990052225814,-1.6424223388671875,1.89620771484375,7.326257080078125,7.743849019734164
3.5264859487689626,-1.618480322265625,2.059013427734375,7.3932947265625,7.843457258312075
3.5289728923153443,-1.5753846923828123,2.346317626953125,7.618349682617187,8.125656602526249
3.531459835861726,-1.5083470458984374,2.5761609863281247,8.010998754882811,8.549141318815803
3.533946779408107,-1.3934253662109375,2.839523168945312,8.508992700195313,9.077856732189291
3.536433722954489,-1.2593500732421874,3.1076737548828124,9.045293872070312,9.646809835685334
3.53892066650087,-1.20667763671875,3.299209887695312,9.658209497070311,10.277249996537149
3.541407610047252,-1.0103531005859374,3.5051112304687497,10.256759912109374,10.88612612550836
3.543894553593633,-0.9864110839843749,3.6056677001953124,10.749965454101561,11.381370904035066
3.5463814971400147,-0.7996633544921875,3.758896606445312,11.137826123046874,11.782187230123665
3.5488684406863964,-0.6512228515624999,3.854664672851562,11.367669482421874,12.021083162681833
3.5513553842327776,-0.507570751953125,3.873818286132812,11.434707128906249,12.083733831315326
3.5538423277791593,-0.354341845703125,3.864241479492187,11.334150659179686,11.980020514190599
3.5563292713255406,-0.1867477294921875,3.763685009765625,11.085153686523437,11.708152365811145
3.5588162148719222,-0.062249243164062495,3.69664736328125,10.625466967773438,11.250316661319944
3.561303158418304,0.0909796630859375,3.5290532470703124,10.156203442382813,10.752253832700436
3.563790101964685,0.22505495605468748,3.394977954101562,9.519345800781249,10.109128029505413
3.566277045511067,0.3112462158203125,3.1699229980468746,8.968679418945312,9.517483729443521
3.568763989057448,0.45968671875,2.935291235351562,8.374917407226562,8.886309025326169
3.5712509326038298,0.4644751220703125,2.6862942626953124,7.886500268554687,8.344387364613722
3.573737876150211,0.5746083984375,2.5043349365234375,7.503428002929687,7.931160071578189
3.5762248196965927,0.59376201171875,2.308010400390625,7.350199096679687,7.726894078198722
3.5787117632429744,0.5985504150390625,2.1547814941406247,7.331045483398437,7.664566117301812
3.5811987067893556,0.5363011718749999,2.01112939453125,7.4794859863281244,7.763695705537469
3.5836856503357373,0.43574470214843747,1.8770541015625,7.838616235351562,8.071995418157776
3.5861725938821185,0.32082302246093747,1.8195932617187498,8.312668164062499,8.515532811025476
3.5886595374285,0.1292868896484375,1.7621324218749999,8.858546142578124,9.03303191250002
3.591146480974882,-0.062249243164062495,1.656787548828125,9.509768994140625,9.653213261507528
3.593633424521263,-0.277727392578125,1.6136919189453125,10.098742602539062,10.230627364252648
3.596120368067645,-0.5315127685546874,1.6472107421875,10.673351000976561,10.812780893108023
3.598607311614026,-0.7852981445312499,1.68551796875,11.190498559570312,11.343937676597513
3.6010942551604077,-1.0295067138671874,1.714248388671875,11.473014355468749,11.645968831005591
3.603581198706789,-1.2641384765625,1.8148048583984373,11.688492504882811,11.895899284992876
3.6060681422531706,-1.43652099609375,1.8148048583984373,11.702857714843748,11.929542654274831
3.6085550857995523,-1.6232687255859375,1.9009961181640624,11.482591162109374,11.751539788167868
3.6110420293459335,-1.7621324218749999,1.915361328125,11.099518896484375,11.400571890169086
3.6135289728923152,-9.188945971679686,-1.39821376953125,10.089165795898436,13.717980765144777
3.6160159164386965,-8.724470849609375,-0.086191259765625,9.495403784179686,12.895212815752892
3.618502859985078,-8.078036401367187,1.197100830078125,8.834604125976561,12.030708730657107
3.62098980353146,-7.235277416992187,2.422932080078125,8.130708837890625,11.150258533866449
3.623476747077841,-6.2201359130859375,3.5338416503906247,7.556100439453124,10.405420771809311
3.6259636906242227,-5.181052392578125,4.563348364257812,7.096413720703125,9.900835312416701
3.628450634170604,-4.046200805664062,5.45877978515625,6.789955908203124,9.605910625127091
3.6309375777169857,-2.877830395507812,6.205770703124999,6.675034228515624,9.557697408734406
3.633424521263367,-1.7525556152343749,6.818686328125,6.7277066650390625,9.73796546495516
3.6359114648097486,-0.7038952880859375,7.230489013671875,6.962338427734375,10.062285840490025
3.6383984083561303,0.3112462158203125,7.48906279296875,7.426813549804687,10.551800568028845
3.6408853519025115,1.1444283935546875,7.6470801025390625,7.982268334960937,11.113242470761763
3.643372295448893,1.9488801513671874,7.589619262695312,8.657433203124999,11.676968958751234
3.6458592389952744,2.499546533203125,7.3932947265625,9.423577734375,12.23570010670713
3.648346182541656,2.9831752685546875,7.077260107421875,10.103531005859374,12.69126802559079
3.650833126088038,3.3710359375,6.7037646484375,10.788272680664061,13.141201283973981
3.653320069634419,3.5146880371093747,6.177040283203125,11.3389390625,13.382092426881615
3.6558070131808007,3.5625720703124997,5.607220288085937,11.712434521484374,13.465287280089948
3.658293956727182,3.4620156005859375,4.9416322265625,11.985373510742187,13.418437288794175
3.6607809002735636,3.2800562744140622,4.299986181640625,11.990161914062499,13.153426665742211
3.6632678438199453,3.0310593017578125,3.5625720703124997,11.793837377929687,12.687546663716931
3.6657547873663265,2.6527754394531247,2.9544448486328125,11.525686791992188,12.19046422097542
3.668241730912708,2.221819140625,2.2649147705078123,11.03248125,11.47963247420899
3.6707286744590895,1.7717092285156248,1.6424223388671875,10.395623608398436,10.672651729402038
3.673215618005471,1.2641384765625,1.0773907470703123,9.686939916992188,9.8283071718997
3.6757025615518524,0.7709329345703124,0.5458779785156249,9.011775048828124,9.061148375769742
3.678189505098234,0.28730419921875,0.19632453613281248,8.394071020507813,8.401280576418428
3.6806764486446157,-0.1197100830078125,-0.062249243164062495,7.867346655273437,7.868503597666482
3.683163392190997,-0.6272808349609375,-0.2920926025390625,7.388506323242187,7.420837218465119
3.6856503357373787,-1.0007762939453124,-0.3495534423828125,7.182604980468749,7.260410119618524
3.68813727928376,-1.407790576171875,-0.33039982910156246,7.110778930664062,7.256322440065947
3.6906242228301416,-1.7286135986328124,-0.201112939453125,7.225700610351562,7.432314625890691
3.6931111663765233,-2.01112939453125,-0.033518823242187495,7.560888842773437,7.823861261924001
3.6955981099229045,-2.2361843505859373,0.296881005859375,8.039729174804688,8.350203828988318
3.698085053469286,-2.442085693359375,0.603338818359375,8.652644799804687,9.010885766395939
3.7005719970156674,-2.5713725830078125,0.9864110839843749,9.275137231445312,9.675388077456867
3.703058940562049,-2.6623522460937497,1.37906015625,9.883264453125,10.32806093355577
3.7055458841084303,-2.6575638427734374,1.7525556152343749,10.496180078124999,10.968313133537643
3.708032827654812,-2.6815058593749996,2.1787235107421874,11.018116040039061,11.54712911861166
3.7105197712011937,-2.6144682128906247,2.5953145996093747,11.429918725585937,12.008919351076562
3.713006714747575,-2.480392919921875,2.93050283203125,11.664550488281249,12.280143890826526
3.7154936582939566,-2.2936451904296873,3.31357509765625,11.678915698242188,12.354661471446178
3.717980601840338,-2.1595698974609374,3.5529952636718747,11.525686791992188,12.252712904201966
3.7204675453867195,-1.8914193115234375,3.778050219726562,11.195286962890624,11.966017744272673
3.722954488933101,-1.6519991455078125,3.9312791259765625,10.692504614257812,11.511460014655926
3.7254414324794825,-1.3263877197265623,4.074931225585937,10.137049829101562,11.005641649353514
3.727928376025864,-0.9816226806640624,4.1563340820312495,9.4618849609375,10.381038633136084
3.7304153195722454,-0.6464344482421874,4.146757275390625,8.786720092773438,9.737552227620025
3.732902263118627,-0.3591302490234375,4.132392065429687,8.125920434570313,9.123388714022726
3.7353892066650083,0.0143652099609375,4.07971962890625,7.580042456054687,8.608214811755788
3.73787615021139,-7.264007836914062,-0.373495458984375,6.713341455078124,9.898194896298078
3.7403630937577717,-6.612784985351562,0.7948749511718749,6.5026517089843745,9.308341995159447
3.742850037304153,-5.7843912109375,1.8770541015625,6.449979272460937,8.864803799100086
3.7453369808505346,-4.8889597900390624,2.882618798828125,6.574477758789062,8.685342639688324
3.747823924396916,-3.9169139160156248,3.763685009765625,6.967126831054687,8.834500311744488
3.7503108679432975,-2.925714428710937,4.563348364257812,7.4603323730468745,9.221741285043352
3.752797811489679,-1.9536685546875,5.166687182617188,8.078036401367187,9.78601805467417
3.7552847550360604,-1.0534487304687499,5.683834741210937,8.82981572265625,10.553737598082972
3.757771698582442,-0.2154781494140625,6.042964990234375,9.591171850585937,11.338184783004081
3.7602586421288233,0.5267243652343749,6.244077929687499,10.319009155273436,12.072609398781983
3.762745585675205,1.120486376953125,6.2584431396484375,11.003750830078124,12.708506308122727
3.7652325292215862,1.5466542724609373,6.148309863281249,11.520898388671874,13.150093280868594
3.767719472767968,1.9297265380859374,5.932831713867187,11.89439384765625,13.431267313996258
3.7702064163143496,2.1212626708984375,5.578489868164062,11.999738720703125,13.401978730519538
3.772693359860731,2.2266075439453124,5.137956762695312,11.923124267578125,13.172595535815676
3.7751803034071125,2.1835119140624997,4.65432802734375,11.693280908203125,12.773539527598375
3.7776672469534938,2.1499930908203124,4.1946413085937495,11.219228979492186,12.169165332618892
3.7801541904998754,1.944091748046875,3.6104561035156246,10.711658227539061,11.469721355980816
3.782641134046257,1.6807295654296874,3.1172505615234374,10.022128149414062,10.629447566957813
3.7851280775926384,1.35990654296875,2.5761609863281247,9.270348828125,9.717269093125232
3.78761502113902,1.0199299072265624,2.0829554443359375,8.619125976562499,8.925709663584087
3.7901019646854013,0.6655880615234374,1.7334020019531249,8.02536396484375,8.237363457820118
3.792588908231783,0.316034619140625,1.388636962890625,7.575254052734374,7.707961109052771
3.795075851778164,-0.062249243164062495,1.2114660400390624,7.196970190429687,7.29848647709756
3.797562795324546,-0.373495458984375,1.0821791503906248,7.024587670898437,7.117263695941049
3.8000497388709276,-0.6943184814453125,1.0438719238281249,7.105990527343749,7.215736145517812
3.802536682417309,-0.9816226806640624,1.0678139404296874,7.311891870117187,7.45436599710907
3.8050236259636905,-1.2306196533203124,1.1540052001953125,7.723694555664062,7.90579599549664
3.8075105695100717,-1.4173673828125,1.3311761230468748,8.264784130859374,8.49044267975091
3.8099975130564534,-1.62805712890625,1.5514426757812498,8.9255837890625,9.204541833616329
3.812484456602835,-1.7286135986328124,1.8052280517578123,9.6151138671875,9.934654899452369
3.8149714001492163,-1.7956512451171873,2.0733786376953125,10.256759912109374,10.617174118568277
3.817458343695598,-1.7860744384765623,2.375048046875,10.87925234375,11.277812140824745
3.8199452872419792,-1.8052280517578123,2.5857377929687497,11.329362255859374,11.760073867851817
3.822432230788361,-1.7573440185546874,2.7533319091796873,11.645396875,12.094807273285374
3.8249191743347426,-1.6136919189453125,3.0406361083984375,11.793837377929687,12.285929743003464
3.827406117881124,-1.5131354492187499,3.1747114013671873,11.769895361328125,12.284087600887032
3.8298930614275055,-1.2880804931640624,3.294421484375,11.520898388671874,12.051699629333761
3.8323800049738868,-1.1109095703125,3.375824340820312,11.075576879882812,11.631797508368235
3.8348669485202684,-0.86191259765625,3.35188232421875,10.544064111328124,11.097535601439013
3.8373538920666497,-0.6607996582031249,3.3327287109375,9.888052856445311,10.455492630232436
3.8398408356130314,-0.44053310546874996,3.289633081054687,9.188945971679686,9.769978674256748
3.842327779159413,-0.21068974609375,3.21780703125,8.552088330078124,9.139851588780282
3.8448147227057943,0.047884033203124995,3.0980969482421874,7.8912886718749995,8.477790660555735
3.847301666252176,0.26815058593749996,2.959233251953125,7.388506323242187,7.963604200661499
3.849788609798557,0.430956298828125,2.829946362304687,7.125144140624999,7.6786716800305985
3.852275553344939,0.5410895751953124,2.6575638427734374,6.928819604492187,7.440696514332313
3.8547624968913206,0.603338818359375,2.518700146484375,6.9910688476562495,7.455394811162543
3.857249440437702,0.6607996582031249,2.418143676757812,7.235277416992187,7.657239341339821
3.8597363839840835,0.622492431640625,2.3032219970703123,7.651868505859374,8.015199312942942
3.8622233275304647,0.55545478515625,2.1978771240234374,8.17859287109375,8.486965018295058
3.8647102710768464,0.4165910888671875,2.1356278808593747,8.825027319335938,9.089310302099555
3.8671972146232276,0.2059013427734375,2.039859814453125,9.519345800781249,9.737626399715088
3.8696841581696093,0.023942016601562498,2.020706201171875,10.271125122070313,10.468038882466827
3.872171101715991,-0.26815058593749996,1.9967641845703124,10.93671318359375,11.12073141505156
3.8746580452623722,-0.5123591552734374,1.9297265380859374,11.405976708984374,11.579406768124162
3.877144988808754,-8.341398583984375,-2.1978771240234374,11.276689819335937,14.19765218163612
3.879631932355135,-8.212111694335936,-0.93852705078125,11.444283935546874,14.117055156891377
3.882118875901517,-7.819462622070312,0.3495534423828125,11.468225952148437,13.884753861576636
3.8846058194478985,-7.311891870117187,1.4700398193359374,11.2240173828125,13.476028569292817
3.8870927629942797,-6.6271501953125,2.5809493896484375,10.855310327148437,12.977603082305016
3.8895797065406614,-5.837063647460937,3.6104561035156246,10.333374365234375,12.405052642855093
3.8920666500870427,-4.984727856445312,4.434061474609375,9.706093530273437,11.777803894693305
3.8945535936334243,-4.050989208984375,5.209782812499999,9.083601098632812,11.227829685376042
3.8970405371798056,-3.0454245117187497,5.837063647460937,8.355763793945313,10.637890348245499
3.8995274807261873,-2.0638018310546875,6.344634399414062,7.785943798828124,10.253515714066227
3.902014424272569,-1.0965443603515623,6.6319385986328125,7.259219433593749,9.893497151933675
3.90450136781895,-0.22505495605468748,6.861781958007812,6.967126831054687,9.781388329500492
3.906988311365332,-6.842628344726562,3.23696064453125,6.272808349609375,9.83095119859867
3.909475254911713,-5.597643481445312,4.414907861328125,6.282385156249999,9.502283263555892
3.911962198458095,-4.299986181640625,5.468356591796875,6.4739212890625,9.502865980025463
3.9144491420044765,-3.0454245117187497,6.402095239257812,6.89530078125,9.889722279872766
3.9169360855508577,-1.8291700683593748,7.0102224609374995,7.398083129882812,10.354743651460963
3.9194230290972394,-0.5985504150390625,7.613561279296874,8.197746484375,11.203911164188813
3.9219099726436206,0.4165910888671875,7.9104422851562495,8.949525805664061,11.951680109020595
3.9243969161900023,1.3838485595703125,8.039729174804688,9.725247143554688,12.693806129102851
3.9268838597363835,2.1260510742187497,7.943961108398437,10.448296044921875,13.296371742105578
3.9293708032827652,2.863465185546875,7.747636572265624,11.152191333007812,13.877920480128187
3.931857746829147,3.303998291015625,7.388506323242187,11.616666455078125,14.158155597540286
3.934344690375528,3.5769372802734374,6.823474731445312,12.014103930664062,14.27210499451571
3.93683163392191,3.763685009765625,6.253654736328125,12.152967626953124,14.176323379342907
3.939318577468291,3.758896606445312,5.540182641601562,12.038045947265624,13.774522773175399
3.9418055210146727,3.6343981201171873,4.778826513671874,11.769895361328125,13.21273890455336
3.9442924645610544,3.4572271972656248,3.9647979492187497,11.324573852539062,12.4867135633542
3.9467794081074357,3.0789433349609374,3.1938650146484373,10.730811840820312,11.611674666247977
3.9492663516538173,2.6575638427734374,2.4516625,10.01733974609375,10.649900947003806
3.9517532952001986,2.1835119140624997,1.7381904052734374,9.318232861328125,9.727203802829097
3.9542402387465803,1.656787548828125,1.139639990234375,8.643067993164061,8.873913940519728
3.956727182292962,1.1156979736328125,0.5746083984375,8.02536396484375,8.122895022597293
3.959214125839343,0.6177040283203125,0.181959326171875,7.532158422851562,7.559634777548303
3.961701069385725,0.009576806640625,-0.09576806640624999,7.230489013671875,7.231129553160993
3.964188012932106,-0.45489831542968745,-0.3016694091796875,7.058106494140625,7.079181039671584
3.966674956478488,-0.948103857421875,-0.316034619140625,7.115567333984375,7.185407245899087
3.969161900024869,-1.446097802734375,-0.3495534423828125,7.331045483398437,7.480482226689098
3.9716488435712507,-1.8100164550781248,-0.16280571289062498,7.809885815429687,8.01853987443183
3.9741357871176324,-9.428366137695312,-3.265691064453125,7.829039428710937,12.68277116923581
3.9766227306640136,-9.198522778320312,-1.714248388671875,8.427589843749999,12.592685949225443
3.9791096742103953,-8.781931689453124,-0.21068974609375,9.050082275390624,12.612323479782367
3.9815966177567765,-8.06367119140625,1.2880804931640624,9.744400756835937,12.713586848321352
3.984083561303158,-7.307103466796875,2.6767174560546874,10.395623608398436,12.985667777265585
3.98657050484954,-6.363788012695312,3.9839515624999997,10.836156713867187,13.18301787339908
3.989057448395921,-5.348646508789062,5.128379956054687,11.228805786132812,13.453415173565952
3.991544391942303,-4.352658618164062,6.023811376953125,11.386823095703125,13.59748803140587
3.994031335488684,-3.2225954345703123,6.794744311523437,11.401188305664062,13.65799276523108
3.9965182790350657,-2.1739351074218747,7.388506323242187,11.204863769531249,13.596506596682296
3.999005222581447,-1.0917559570312498,7.71890615234375,10.826579907226561,13.341224671894455
4.001492166127829,-0.16759411621093748,7.8721350585937495,10.357316381835936,13.010480421643791
4.00397910967421,0.74699091796875,7.958326318359375,9.792284790039062,12.640482373321424
4.006466053220592,1.5610194824218748,7.75721337890625,9.117119921875,12.071993079033502
4.008952996766973,2.221819140625,7.45075556640625,8.489839086914062,11.512063521613973
4.0114399403133545,2.8107927490234372,7.029376074218749,7.943961108398437,10.973568333158939
4.013926883859736,3.303998291015625,6.53138212890625,7.532158422851562,10.502798090402568
4.016413827406118,3.6056677001953124,5.908889697265625,7.206546997070312,9.992504022499404
4.0189007709524995,3.782838623046875,5.2624552490234375,7.082048510742187,9.599933041667276
4.02138771449888,3.821145849609375,4.6447512207031245,7.1395093505859375,9.335280567466311
4.023874658045262,3.73495458984375,3.9935283691406247,7.398083129882812,9.199445016955236
4.026361601591644,3.5242648437499997,3.399766357421875,7.829039428710937,9.234322517123836
4.028848545138025,3.246537451171875,2.825157958984375,8.413224633789062,9.450072573989546
4.031335488684407,2.806004345703125,2.250549560546875,9.0788126953125,9.765422349757843
4.033822432230788,2.346317626953125,1.6903063720703124,9.715670336914062,10.136892627112326
4.0363093757771695,1.8195932617187498,1.3168109130859373,10.429142431640624,10.6682670794446
4.038796319323551,1.2114660400390624,0.9145850341796874,11.080365283203124,11.183854906074489
4.041283262869933,0.584185205078125,0.5746083984375,11.511321582031249,11.540449372980477
4.043770206416314,-0.023942016601562498,0.2825157958984375,11.903970654296874,11.907346712574226
4.046257149962695,-0.5793968017578125,0.13407529296874998,12.119448803710936,12.13403132284742
4.048744093509077,-1.177947216796875,0.023942016601562498,12.08592998046875,12.143221827773377
4.051231037055459,-1.6807295654296874,-0.01915361328125,11.827356201171874,11.94619493572786
4.05371798060184,-2.1021090576171875,0.0430956298828125,11.410765112304686,11.602856552229756
4.056204924148221,-2.4756045166015626,0.0718260498046875,10.855310327148437,11.134250715820267
4.058691867694603,-2.7724855224609373,0.2537853759765625,10.189722265624999,10.56321555398208
4.061178811240985,-2.987963671875,0.4165910888671875,9.409212524414063,9.881030076331047
4.063665754787366,-3.0502129150390624,0.6847416748046875,8.724470849609375,9.267635167288857
4.066152698333748,-3.1028853515624997,0.9720458740234375,8.034940771484374,8.667931926786748
4.068639641880129,-3.0119056884765625,1.2737152832031249,7.445967163085937,8.132426052089052
4.07112658542651,-2.9496564453125,1.6328455322265625,6.976703637695312,7.7486160910008195
4.073613528972892,-2.6671406494140624,2.068590234375,6.789955908203124,7.582625273403071
4.076100472519274,-2.437297290039062,2.4756045166015626,6.751648681640624,7.593009661718428
4.0785874160656554,-2.1691467041015624,2.849099975585937,6.861781958007812,7.7399366750665335
4.081074359612036,-1.8291700683593748,3.23696064453125,7.211335400390625,8.113392361407959
4.083561303158418,-1.4939818359375,3.5386300537109374,7.723694555664062,8.626084973632716
4.0860482467048,-1.1875240234375,3.883395092773437,8.379705810546875,9.311844082894165
4.088535190251181,-0.9241618408203125,4.13718046875,9.054870678710937,9.998050827397005
4.091022133797563,-0.622492431640625,4.414907861328125,9.773131176757811,10.742113444270743
4.093509077343944,-0.27293898925781246,4.53940634765625,10.481814868164061,11.42581063257501
4.095996020890325,-0.05746083984375,4.620809204101562,11.075576879882812,12.000982571065585
4.098482964436707,0.1484405029296875,4.5968671875,11.511321582031249,12.396118226580553
4.100969907983089,0.354341845703125,4.548983154296875,11.784260571289062,12.63675603522245
4.1034568515294705,0.4836287353515625,4.414907861328125,11.947066284179687,12.74588957178971
4.105943795075851,0.59376201171875,4.261678955078125,11.827356201171874,12.585738577934743
4.108430738622233,0.6943184814453125,4.031835595703125,11.49216796875,12.198676200572699
4.110917682168615,0.7661445312499999,3.73495458984375,11.0707884765625,11.708937642832854
4.113404625714996,0.8188169677734375,3.4572271972656248,10.491391674804687,11.076650233459027
4.115891569261377,0.7852981445312499,3.1411925781249996,9.821015209960937,10.340992396426751
4.118378512807759,0.8044517578125,2.77727392578125,9.131485131835937,9.57833042875494
4.1208654563541405,0.737414111328125,2.461239306640625,8.44674345703125,8.82887045578532
4.123352399900522,0.6751648681640625,2.1452046874999997,7.862558251953125,8.177870934163192
4.125839343446904,0.6272808349609375,1.8626888916015625,7.41244833984375,7.66860362410638
4.128326286993285,0.45968671875,1.6136919189453125,7.086836914062499,7.282758470194067
4.130813230539666,0.3495534423828125,1.4891934326171874,6.981492041015625,7.147105414613412
4.133300174086048,0.1580173095703125,1.2976572998046874,7.077260107421875,7.196978155167995
4.13578711763243,-0.0143652099609375,1.2114660400390624,7.345410693359375,7.444656780506634
4.138274061178811,-0.19153613281249998,1.1635820068359375,7.81467421875,7.9031476211697465
4.140761004725192,-0.4165910888671875,1.235408056640625,8.355763793945313,8.456865245582637
4.143247948271574,-0.7038952880859375,1.2593500732421874,9.016563452148437,9.131256631492931
4.1457348918179555,-0.9576806640625,1.3359645263671873,9.701305126953125,9.8395769541316
4.148221835364337,-1.149216796875,1.47482822265625,10.376469995117187,10.543573734371583
4.150708778910719,-1.35990654296875,1.618480322265625,10.946289990234375,11.148546493129745
4.1531957224571,-1.5705962890624998,1.7669208251953124,11.410765112304686,11.653082954905777
4.155682666003481,-1.7381904052734374,1.9536685546875,11.774683764648437,12.061563102021017
4.158169609549863,-1.915361328125,2.0877438476562498,11.918335864257811,12.250469916046374
4.160656553096245,-2.0446482177734375,2.29843359375,11.812990991210937,12.206970937859785
4.163143496642626,-2.0733786376953125,2.70065947265625,11.544840405273437,12.036436372354292
4.165630440189007,-2.0781670410156248,2.6096798095703124,11.099518896484375,11.590018407761752
4.168117383735389,-2.0542250244140625,2.7437551025390623,10.55364091796875,11.09627726487863
4.1706043272817706,-1.924938134765625,2.877830395507812,9.849745629882811,10.440535598396242
4.173091270828152,-1.7669208251953124,3.0310593017578125,9.1554271484375,9.804650731343154
4.175578214374533,-1.5466542724609373,3.1507693847656246,8.461108666992187,9.160231821801691
4.178065157920915,-8.901641772460938,-0.93852705078125,7.4028715332031245,11.615617340777838
4.180552101467296,-8.719682446289061,1.7381904052734374,22.194249389648437,23.90897057213079
4.183039045013678,-8.2360537109375,2.6671406494140624,18.971653955078125,20.853533843558402
4.18552598856006,-7.522581616210937,3.4955344238281247,15.227122558593749,17.33993242475751
4.1880129321064405,-6.612784985351562,4.165910888671875,11.156979736328124,13.622112010686239
4.190499875652822,-5.5545478515625,4.73094248046875,7.062894897460937,10.154767497160195
4.192986819199204,-4.309562988281249,5.1523219726562495,3.4715924072265625,7.561131443229454
4.195473762745586,-3.0071172851562498,5.4779333984375,0.507570751953125,6.269620144206567
4.197960706291967,-1.6903063720703124,5.7891796142578125,-1.6232687255859375,6.245537414271499
4.200447649838348,-0.44053310546874996,5.951985327148437,-2.7629087158203123,6.5767669354752165
4.20293459338473,0.8044517578125,6.143521459960938,-2.906560815429687,6.843836229297095
4.205421536931111,1.867477294921875,6.081272216796875,-1.9967641845703124,6.667564055231644
4.207908480477493,2.8107927490234372,6.105214233398437,-0.239420166015625,6.725438181230167
4.210395424023875,3.5242648437499997,5.999869360351562,2.1212626708984375,7.274519252096653
4.212882367570256,4.065354418945312,5.827486840820312,4.989516259765625,8.682279766169575
4.215369311116637,4.319139794921875,5.5641246582031245,8.020575561523437,10.674459429788882
4.217856254663019,4.4005426513671875,5.2624552490234375,11.037269653320312,12.995365799952749
4.220343198209401,4.218583325195312,4.917690209960937,13.737929125976562,15.189167816016674
4.222830141755782,3.897760302734375,4.395754248046875,15.945383056640624,16.99324664711826
4.225317085302163,3.399766357421875,3.907337109375,17.52555615234375,18.2748683448147
4.227804028848545,2.7724855224609373,3.27526787109375,18.392257153320312,18.886216635248488
4.2302909723949265,-5.358223315429687,-1.01514150390625,18.004396484375,18.812213111102643
4.232777915941308,-5.6407391113281244,-0.38786066894531246,17.290924389648435,18.191878404087927
4.23526485948769,-5.741295581054687,0.229843359375,15.983690283203124,16.985101059112036
4.237751803034071,-5.693411547851563,0.8044517578125,14.23113466796875,15.348852452926868
4.240238746580452,-5.5449710449218745,1.3455413330078123,12.119448803710936,13.395455373880534
4.242725690126834,-5.142745166015625,1.9488801513671874,9.911994873046874,11.33550193199567
4.245212633673216,-4.7117888671875,2.446874096679687,7.766790185546874,9.408037891094049
4.2476995772195965,-4.165910888671875,2.906560815429687,5.932831713867187,7.810339394111785
4.250186520765978,-3.5146880371093747,3.356670727539062,4.371812231445312,6.537049224101973
4.25267346431236,-2.8203695556640622,3.787627026367187,3.284844677734375,5.752460993194451
4.2551604078587415,-2.1068974609374997,4.204218115234375,2.8012159423828122,5.473689580824747
4.257647351405123,-1.4317325927734375,4.548983154296875,2.85388837890625,5.557678007454429
4.260134294951504,-0.7565677246093749,4.84586416015625,3.4715924072265625,6.008889083892343
4.262621238497886,-0.086191259765625,5.157110375976562,4.544194750976562,6.87407610505354
4.265108182044267,0.44053310546874996,5.343858105468749,5.870582470703124,7.950762693837918
4.267595125590649,0.8714894042968749,5.487510205078125,7.484274389648437,9.321299543099437
4.270082069137031,1.254561669921875,5.57370146484375,9.17458076171875,10.808006530167267
4.2725690126834115,1.5227122558593749,5.540182641601562,10.702081420898438,12.146885323241802
4.275055956229793,1.66636435546875,5.406107348632812,12.167332836914062,13.418150215076803
4.277542899776175,1.7525556152343749,5.185840795898438,13.192051147460937,14.282668147867874
4.2800298433225565,1.8004396484374998,4.955997436523437,13.943830468749999,14.907511585094724
4.282516786868938,1.7094599853515624,4.6351744140625,14.240711474609375,15.073319428492482
4.285003730415319,1.608903515625,4.223371728515625,14.082694165039062,14.790122184276937
4.287490673961701,1.4604630126953124,3.83072265625,13.5990654296875,14.203589998358858
4.289977617508082,1.2306196533203124,3.35188232421875,12.732364428710937,13.223563959540254
4.292464561054464,1.0773907470703123,2.940079638671875,11.722011328125,12.133028833737127
4.294951504600846,0.8571241943359375,2.4851813232421875,10.481814868164061,10.806443958322877
4.2974384481472265,0.6464344482421874,2.0063409912109376,9.236830004882812,9.474297346399409
4.299925391693608,0.430956298828125,1.6615759521484375,8.106766821289062,8.286508690094447
4.30241233523999,0.229843359375,1.3407529296874998,7.163451367187499,7.291466373670995
4.304899278786372,0.076614453125,1.0630255371093749,6.4643444824218745,6.551613744291742
4.307386222332752,-0.1292868896484375,0.9193734375,6.062118603515625,6.132800712603156
4.309873165879134,-0.2825157958984375,0.7517793212890624,5.899312890625,5.953728235680922
4.312360109425516,-0.47884033203125,0.6847416748046875,6.129156249999999,6.185848006676868
4.314847052971897,-0.6368576416015624,0.737414111328125,6.660669018554687,6.731558437834913
4.317333996518279,-0.7996633544921875,0.82360537109375,7.407659936523437,7.49607984369074
4.31982094006466,-0.9624690673828125,0.93852705078125,8.33182177734375,8.43957545497026
4.322307883611042,-1.13006318359375,1.1061211669921875,9.270348828125,9.4042497962411
4.324794827157423,-1.3024457031249999,1.3120225097656248,10.175357055664062,10.341936911718852
4.327281770703805,-1.4700398193359374,1.4125789794921875,11.008539233398437,11.195728314719373
4.329768714250187,-1.62805712890625,1.618480322265625,11.635820068359374,11.860116240230457
4.332255657796567,-1.7669208251953124,1.85790048828125,12.076353173828124,12.345529936211454
4.334742601342949,-1.886630908203125,2.0733786376953125,12.258312499999999,12.574756479021564
4.337229544889331,-1.9488801513671874,2.2361843505859373,12.12423720703125,12.481818062548395
4.3397164884357124,-1.9488801513671874,2.389413256835937,11.803414184570311,12.1995088412957
4.342203431982094,-2.0063409912109376,2.5330653564453125,11.252747802734374,11.707525673043813
4.344690375528475,-1.9297265380859374,2.6479870361328124,10.601524951171875,11.096306193758371
4.347177319074857,-1.838746875,2.8203695556640622,9.701305126953125,10.26892378329326
4.349664262621238,-1.66636435546875,2.9975404785156248,8.973467822265624,9.606515697314663
4.35215120616762,-1.5562310791015623,3.1459809814453124,8.2360537109375,8.952744396922352
4.354638149714002,-1.3359645263671873,3.2417490478515623,7.6279264892578125,8.395177224483056
4.357125093260382,-1.0821791503906248,3.361459130859375,7.134720947265625,7.960826728256866
4.359612036806764,-0.9097966308593749,3.4428619873046875,6.866570361328125,7.735038273998423
4.362098980353146,-0.603338818359375,3.5960908935546874,6.852205151367187,7.761997351253687
4.3645859238995275,-0.411802685546875,3.6343981201171873,7.125144140624999,8.009126679733424
4.367072867445909,-0.15322890625,3.725377783203125,7.517793212890624,8.391610901196405
4.36955981099229,0.0430956298828125,3.77326181640625,8.0828248046875,8.920281317970634
4.372046754538672,0.239420166015625,3.81156904296875,8.767566479492187,9.563242261781706
4.374533698085053,0.40222587890625,3.825934252929687,9.481038574218749,10.231796079439153
4.377020641631435,0.488417138671875,3.778050219726562,10.189722265624999,10.878541014984418
4.379507585177816,0.5458779785156249,3.6822821533203123,10.817003100585938,11.439612786374168
4.3819945287241975,0.612915625,3.5482068603515624,11.3006318359375,11.860426525998935
4.384481472270579,0.612915625,3.366247534179687,11.626243261718749,12.119274747500388
4.386968415816961,0.59376201171875,3.2704794677734372,11.77947216796875,12.239467056683406
4.3894553593633425,0.5410895751953124,2.96881005859375,11.688492504882811,12.071763256835935
4.391942302909723,0.45010991210937495,2.7437551025390623,11.410765112304686,11.744630749575656
4.394429246456105,0.38307226562499996,2.480392919921875,10.927136376953124,11.211663694493422
4.396916190002487,0.2825157958984375,2.2457611572265623,10.376469995117187,10.62047023016434
4.399403133548868,0.181959326171875,2.0302830078125,9.715670336914062,9.927205466987418
4.40189007709525,0.009576806640625,1.7908628417968748,9.050082275390624,9.22557698058467
4.404377020641631,-0.09576806640624999,1.608903515625,8.418013037109375,8.570920927069453
4.4068639641880125,-0.2059013427734375,1.446097802734375,7.948749511718749,8.081844654413876
4.409350907734394,-0.37828386230468747,1.3072341064453123,7.48906279296875,7.6117029110812595
4.411837851280776,-0.5506663818359374,1.24498486328125,7.287949853515625,7.414002552012113
4.414324794827158,-0.63206923828125,1.254561669921875,7.273584643554687,7.408000409865888
4.416811738373538,-0.82360537109375,1.3024457031249999,7.436390356445312,7.594378983848257
4.41929868191992,-0.93852705078125,1.407790576171875,7.738059765625,7.9208759785639185
4.421785625466302,-1.1061211669921875,1.4796166259765624,8.307879760742187,8.51079523398866
4.424272569012683,-1.2497732666015624,1.6711527587890624,8.801085302734375,9.045097416121468
4.426759512559065,-1.4030021728515625,1.7764976318359373,9.476250170898437,9.74287823152879
4.429246456105446,-1.4987702392578124,2.0254946044921875,10.127473022460936,10.436218206016294
4.4317333996518276,-1.608903515625,2.212242333984375,10.649408984374999,10.995112477066801
4.434220343198209,-1.68551796875,2.480392919921875,11.094730493164063,11.492883214238374
4.436707286744591,-1.6998831787109374,2.6384102294921874,11.449072338867186,11.871481322099914
4.439194230290972,-1.714248388671875,2.8107927490234372,11.554417211914062,12.014314817042328
4.441681173837353,-9.054870678710937,-0.5315127685546874,11.061211669921875,14.30467030162288
4.444168117383735,-8.489839086914062,0.8475473876953125,10.754753857421875,13.728089263616171
4.446655060930117,-7.7763669921875,2.1164742675781247,10.371681591796875,13.13480589746654
4.449142004476498,-6.804321118164062,3.308786694335937,9.849745629882811,12.420319812351996
4.451628948022879,-5.755660791015624,4.410119458007812,9.236830004882812,11.742904807339498
4.454115891569261,-4.611232397460937,5.2624552490234375,8.595183959960938,11.083054036543242
4.456602835115643,-3.423708374023437,6.042964990234375,8.030152368164062,10.61708773437836
4.459089778662024,-2.3032219970703123,6.6893994384765625,7.52737001953125,10.33025632916323
4.461576722208406,-1.1156979736328125,7.048529687499999,7.153874560546875,10.10467584596245
4.464063665754787,-0.0047884033203125,7.37414111328125,6.924031201171875,10.115344193955677
4.466550609301168,0.9816226806640624,7.4220251464843745,6.9144543945312495,10.191158910364072
4.46903755284755,1.8722656982421875,7.3837179199218745,7.015010864257812,10.355435606069156
4.471524496393932,2.6001030029296874,7.216123803710937,7.417236743164062,10.669975598869502
4.4740114399403135,3.1268273681640624,6.943184814453125,7.915230688476562,10.983430320703702
4.476498383486694,3.5721488769531247,6.517016918945312,8.537723120117187,11.31920815237181
4.478985327033076,3.763685009765625,5.947196923828125,9.241618408203124,11.616453284301713
4.481472270579458,3.883395092773437,5.487510205078125,9.931148486328125,11.992549185011116
4.483959214125839,3.797203833007812,4.841075756835937,10.682927807617187,12.328005433791567
4.486446157672221,3.6152445068359373,4.180276098632812,11.209652172851563,12.49803996398331
4.488933101218602,3.337517114257812,3.5338416503906247,11.702857714843748,12.672171715687773
4.4914200447649835,2.839523168945312,2.916137622070312,11.985373510742187,12.657643092212373
4.493906988311365,2.379836450195312,2.288856787109375,12.052411157226562,12.49652358155716
4.496393931857747,1.7956512451171873,1.68551796875,11.93270107421875,12.184198338164531
4.4988808754041285,1.1827356201171875,1.1731588134765625,11.616666455078125,11.735506153433226
4.501367818950509,0.6177040283203125,0.718260498046875,11.171344946289063,11.211440778001544
4.503854762496891,0.01915361328125,0.33518823242187495,10.568006127929687,10.573337766855612
4.506341706043273,-0.5123591552734374,0.023942016601562498,9.883264453125,9.896565130112348
4.508828649589654,-1.0534487304687499,-0.13407529296874998,9.212887988281249,9.27388998729917
4.511315593136035,-1.4796166259765624,-0.26815058593749996,8.504204296874999,8.636125336028424
4.513802536682417,-1.915361328125,-0.26815058593749996,7.896077075195312,8.12948626491492
4.5162894802287985,-2.250549560546875,-0.15322890625,7.407659936523437,7.743505547060886
4.51877642377518,-2.442085693359375,0.0718260498046875,7.134720947265625,7.541431197756297
4.521263367321562,-2.6048914062499997,0.277727392578125,6.9910688476562495,7.465764219128074
4.523750310867943,-2.748543505859375,0.6512228515624999,7.086836914062499,7.629013045769277
4.526237254414324,-2.7916391357421872,1.0295067138671874,7.307103466796875,7.889670095294219
4.528724197960706,-2.7533319091796873,1.4508862060546874,7.762001782226562,8.36268970202262
4.531211141507088,-2.6719290527343746,1.944091748046875,8.303091357421874,8.936443569864009
4.533698085053469,-2.518700146484375,2.389413256835937,8.963891015625,9.612725330510923
4.53618502859985,-2.2936451904296873,2.829946362304687,9.605537060546874,10.273059276313083
4.538671972146232,-2.1164742675781247,3.246537451171875,10.290278735351562,10.995876736232107
4.5411589156926135,-1.89620771484375,3.6248213134765623,10.8409451171875,11.587105949560417
4.543645859238995,-1.6711527587890624,3.84987626953125,11.271901416015623,12.027886778910215
4.546132802785377,-1.3742717529296875,4.1563340820312495,11.568782421875,12.369335575407394
4.548619746331758,-1.0630255371093749,4.367023828124999,11.6837041015625,12.518380963240675
4.551106689878139,-0.7900865478515624,4.3813890380859375,11.616666455078125,12.440568563562238
4.553593633424521,-0.488417138671875,4.448426684570312,11.348515869140625,12.199010767332007
4.556080576970903,-0.19153613281249998,4.390965844726562,10.9175595703125,11.769043041430772
4.558567520517284,0.0718260498046875,4.304774584960938,10.371681591796875,11.229782822938933
4.561054464063665,0.32082302246093747,4.132392065429687,9.734823950195311,10.580472056362298
4.563541407610047,0.5458779785156249,3.9360675292968748,9.069235888671875,9.901598354154112
4.566028351156429,0.718260498046875,3.6918589599609373,8.413224633789062,9.215642650509702
4.56851529470281,0.8810662109374999,3.423708374023437,7.824251025390624,8.58585818696886
4.571002238249191,1.024718310546875,3.1747114013671873,7.41244833984375,8.128544180158782
4.573489181795573,1.1252747802734375,2.91134921875,7.206546997070312,7.853439833959308
4.575976125341954,1.1109095703125,2.6336218261718747,7.053318090820312,7.610478308686904
4.578463068888336,1.1348515869140625,2.39420166015625,7.163451367187499,7.637743462821775
4.580950012434718,1.024718310546875,2.221819140625,7.445967163085937,7.837662591830022
4.583436955981099,0.9193734375,2.0159177978515626,7.862558251953125,8.16878169316768
4.58592389952748,0.7422025146484375,1.8435352783203125,8.465897070312499,8.696027834608614
4.588410843073862,0.4740519287109375,1.7094599853515624,9.1554271484375,9.325707744883449
4.590897786620244,0.201112939453125,1.5945383056640625,9.821015209960937,9.95165004292904
4.593384730166625,-0.08140285644531249,1.5275006591796874,10.453084448242187,10.564414757615042
4.595871673713006,-0.4070142822265625,1.4891934326171874,11.056423266601563,11.16368456899132
4.598358617259388,-0.7038952880859375,1.4939818359375,11.5304751953125,11.648146141443178
4.6008455608057695,-0.9959878906249999,1.5275006591796874,11.846509814453125,11.986035413179797
4.603332504352151,-1.3407529296874998,1.4987702392578124,11.889605444335936,12.058467907264724
4.605819447898533,-1.5418658691406248,1.5514426757812498,11.8369330078125,12.037329760627857
4.608306391444914,-1.7860744384765623,1.62805712890625,11.549628808593749,11.799769384655807
4.610793334991295,-1.9632453613281249,1.7573440185546874,11.0707884765625,11.38002407032232
4.613280278537677,-2.0925322509765625,1.7477672119140624,10.496180078124999,10.844499881545806
4.615767222084059,-2.1308394775390624,1.9488801513671874,9.801861596679688,10.218370784224655
4.61825416563044,-2.1021090576171875,2.0638018310546875,9.117119921875,9.581232496804933
4.620741109176821,-2.0446482177734375,2.2361843505859373,8.398859423828124,8.928714711842687
4.623228052723203,-1.9632453613281249,2.398990063476562,7.809885815429687,8.402606864746529
4.6257149962695845,-1.7764976318359373,2.6096798095703124,7.307103466796875,7.9599078900997675
4.628201939815966,-1.5897499023437498,2.829946362304687,6.995857250976562,7.712192933372767
4.630688883362348,-1.35990654296875,3.0071172851562498,6.83783994140625,7.592638226373316
4.633175826908729,-1.158793603515625,3.1316157714843746,6.890512377929687,7.656956365695225
4.63566277045511,-0.8571241943359375,3.3710359375,7.110778930664062,7.915915751017597
4.638149714001492,-0.584185205078125,3.5625720703124997,7.517793212890624,8.339688657365285
4.640636657547874,-0.354341845703125,3.6679169433593746,8.111555224609374,8.909349078854566
4.6431236010942545,-0.1149216796875,3.7924154296875,8.786720092773438,9.57089712474972
4.645610544640636,0.05746083984375,3.859453076171875,9.5384994140625,10.289880993838498
4.648097488187018,0.2442085693359375,3.9600095458984375,10.20887587890625,10.952737563726144
4.6505844317333995,0.36391865234375,3.873818286132812,10.831368310546875,11.509015786687398
4.653071375279781,0.43574470214843747,3.81156904296875,11.334150659179686,11.96582229434114
4.655558318826162,0.5267243652343749,3.7110125732421873,11.726799731445311,12.311250335246983
4.658045262372544,0.5506663818359374,3.5338416503906247,11.918335864257811,12.443391822464397
4.660532205918925,0.5027823486328125,3.327940307617187,11.899182250976562,12.366022603210604
4.663019149465307,0.47884033203125,3.1316157714843746,11.707646118164062,12.128696674909119
4.665506093011689,0.4213794921875,2.8203695556640622,11.310208642578125,11.664170122456282
4.6679930365580695,0.373495458984375,2.6001030029296874,10.812214697265624,11.12672553555145
4.670479980104451,0.28730419921875,2.35589443359375,10.141838232421874,10.415837221161858
4.672966923650833,0.1580173095703125,2.039859814453125,9.457096557617186,9.675880984842642
4.675453867197215,0.06703764648437499,1.8243816650390623,8.762778076171875,8.950929678978342
4.677940810743596,-0.05746083984375,1.599326708984375,8.10197841796875,8.258522988732171
4.680427754289977,-0.17238251953125,1.43652099609375,7.589619262695312,7.726294639601433
4.682914697836359,-0.32082302246093747,1.3359645263671873,7.240065820312499,7.369279592328532
4.68540164138274,-0.411802685546875,1.2593500732421874,7.038952880859375,7.162569491303886
4.687888584929122,-0.565031591796875,1.2401964599609374,7.038952880859375,7.169672629763974
4.690375528475504,-0.737414111328125,1.2497732666015624,7.173028173828125,7.318336284431717
4.692862472021885,-0.8858546142578124,1.3551181396484375,7.556100439453124,7.727595837070531
4.695349415568266,-1.01514150390625,1.4221557861328125,8.06367119140625,8.250807986864025
4.697836359114648,-1.197100830078125,1.5753846923828123,8.59997236328125,8.824647980263524
4.70032330266103,-1.3168109130859373,1.8100164550781248,9.34696328125,9.61123681580636
4.70281024620741,-1.4030021728515625,2.0063409912109376,10.022128149414062,10.316824701104368
4.705297189753792,-1.5275006591796874,2.1739351074218747,10.639832177734375,10.96655282599904
4.707784133300174,-1.637633935546875,2.4660277099609376,11.190498559570312,11.575422047808674
4.710271076846555,-1.6998831787109374,2.6575638427734374,11.6070896484375,12.028166049175828
4.712758020392937,-1.695094775390625,2.85388837890625,11.789048974609374,12.247436503307583
4.715244963939318,-1.7334020019531249,2.9831752685546875,11.822567797851562,12.31572679617765
4.7177319074857,-1.6807295654296874,3.1747114013671873,11.621454858398437,12.163957307548927
4.720218851032081,-1.599326708984375,3.308786694335937,11.281478222656249,11.864976451681331
4.722705794578463,-1.455674609375,3.4332851806640625,10.759542260742187,11.387457370319487
4.725192738124845,-1.2832920898437499,3.5098996337890624,10.17056865234375,10.835437265711315
4.727679681671225,-1.1109095703125,3.4811692138671875,9.457096557617186,10.138507506979686
4.730166625217607,-0.8954314208984374,3.4763808105468748,8.738836059570312,9.447448155217213
4.732653568763989,-0.63206923828125,3.5051112304687497,8.078036401367187,8.828362722597715
4.7351405123103705,-0.43574470214843747,3.4907460205078125,7.532158422851562,8.31315774733496
4.737627455856752,-0.105344873046875,3.394977954101562,7.101202124023437,7.871724363654247
4.740114399403133,0.143652099609375,3.380612744140625,6.9144543945312495,7.697977528261608
4.742601342949515,0.316034619140625,3.2513258544921873,6.852205151367187,7.591028463193095
4.745088286495896,0.5506663818359374,3.289633081054687,7.043741284179687,7.793536459817901
4.747575230042278,0.6607996582031249,3.1268273681640624,7.388506323242187,8.050076475858534
4.75006217358866,0.7565677246093749,3.0597897216796874,7.905653881835937,8.510820827758325
4.7525491171350405,0.8475473876953125,2.96881005859375,8.556876733398436,9.096829621850244
4.755036060681422,0.852335791015625,2.868253588867187,9.2320416015625,9.704841424962925
4.757523004227804,0.7852981445312499,2.73896669921875,9.955090502929687,10.354827795610815
4.7600099477741855,0.679953271484375,2.5761609863281247,10.625466967773438,10.95442787926991
4.762496891320567,0.5315127685546874,2.43250888671875,11.233594189453123,11.506226302329418
4.764983834866948,0.316034619140625,2.288856787109375,11.669338891601562,11.895890611443802
4.76747077841333,0.16759411621093748,2.1164742675781247,11.956643090820311,12.143675930885589
4.769957721959711,-0.08140285644531249,2.068590234375,12.08592998046875,12.261949089585327
4.772444665506093,-0.3687070556640625,1.886630908203125,11.9518546875,12.1054595760673
4.774931609052474,-0.6081272216796875,1.7334020019531249,11.602301245117188,11.746824907206662
4.7774185525988555,-0.814028564453125,1.5705962890624998,11.1474029296875,11.286895378436355
4.779905496145237,-1.0438719238281249,1.5418658691406248,10.539275708007812,10.702492765761676
4.782392439691619,-1.2114660400390624,1.43652099609375,9.8449572265625,10.022695512247756
4.7848793832380005,-1.369483349609375,1.446097802734375,9.09796630859375,9.31341368415671
4.787366326784381,-1.5083470458984374,1.4987702392578124,8.384494213867187,8.649922905051108
4.789853270330763,-1.5897499023437498,1.47482822265625,7.785943798828124,8.082285807669479
4.792340213877145,-1.6519991455078125,1.5849614990234373,7.264007836914062,7.616233582611163
4.794827157423526,-1.6424223388671875,1.7286135986328124,6.904877587890625,7.304997646566527
4.797314100969908,-1.5945383056640625,1.905784521484375,6.833051538085937,7.270843167934379
4.799801044516289,-1.5753846923828123,2.1164742675781247,6.9144543945312495,7.4007418431105245
4.8022879880626705,-1.5179238525390624,2.346317626953125,7.168239770507812,7.693696162193296
4.804774931609052,-1.388636962890625,2.6479870361328124,7.570465649414062,8.139539182729683
4.807261875155434,-1.3072341064453123,2.85388837890625,8.14028564453125,8.724551006376865
4.809748818701816,-8.48505068359375,-0.17238251953125,8.269572534179687,11.849541372317063
4.812235762248196,-7.790732202148437,1.1923124267578125,8.987833032226561,11.954006014043017
4.814722705794578,-6.9527616210937495,2.6048914062499997,9.715670336914062,12.2278617711234
4.81720964934096,-6.0716954101562495,3.8690298828125,10.295067138671874,12.562773769258525
4.819696592887341,-5.061342309570312,4.984727856445312,10.86009873046875,12.977150774071994
4.822183536433723,-3.9600095458984375,5.884947680664062,11.200075366210937,13.25729885823523
4.824670479980104,-2.877830395507812,6.636727001953124,11.458649145507811,13.550966508836527
4.827157423526486,-1.8195932617187498,7.1778165771484375,11.496956372070311,13.67523222013313
4.829644367072867,-0.8667010009765624,7.436390356445312,11.252747802734374,13.515746567262568
4.832131310619249,0.12449848632812499,7.570465649414062,10.941501586914061,13.305784719380483
4.83461825416563,1.0007762939453124,7.551312036132812,10.500968481445312,12.972825663897401
4.837105197712011,1.7764976318359373,7.3837179199218745,9.950302099609374,12.517337817219156
4.839592141258393,2.39420166015625,7.015010864257812,9.289502441406249,11.8843356829081
4.842079084804775,2.940079638671875,6.536170532226562,8.695740429687499,11.268606618769756
4.8445660283511565,3.265691064453125,5.9376201171875,8.116343627929687,10.573320418445357
4.847052971897537,3.5386300537109374,5.698199951171874,7.613561279296874,10.146807413870143
4.849539915443919,3.6248213134765623,4.673481640625,7.287949853515625,9.38589224673133
4.852026858990301,3.5817256835937497,4.050989208984375,7.201758593749999,9.005809196650512
4.854513802536682,3.4668040039062498,3.423708374023437,7.220912207031249,8.711032208269668
4.857000746083064,3.1699229980468746,2.825157958984375,7.45075556640625,8.57576164647158
4.859487689629445,2.829946362304687,2.212242333984375,7.805097412109374,8.591982202629998
4.8619746331758265,2.3511060302734372,1.675941162109375,8.327033374023436,8.813396800129945
4.864461576722208,1.838746875,1.2210428466796874,8.968679418945312,9.236295048533428
4.86694852026859,1.2114660400390624,0.8954314208984374,9.662997900390625,9.779722686183579
4.8694354638149715,0.59376201171875,0.603338818359375,10.36210478515625,10.396623809432446
4.871922407361352,-0.033518823242187495,0.39264907226562495,10.941501586914061,10.948595973087395
4.874409350907734,-0.6416460449218749,0.2920926025390625,11.511321582031249,11.532890023769426
4.876896294454116,-1.1540052001953125,0.27293898925781246,11.812990991210937,11.87236201656459
4.879383238000497,-1.7334020019531249,0.26336218261718747,11.990161914062499,12.117674069929546
4.881870181546879,-2.221819140625,0.39264907226562495,11.975796704101562,12.186482687205874
4.88435712509326,-2.5713725830078125,0.5123591552734374,11.7603185546875,12.049048152130684
4.8868440686396415,-2.91134921875,0.6368576416015624,11.348515869140625,11.733301085428565
4.889331012186023,-3.0980969482421874,0.8810662109374999,10.831368310546875,11.300133709274522
4.891817955732405,-3.189076611328125,1.1875240234375,10.137049829101562,10.692997810569741
4.8943048992787865,-3.1651345947265623,1.5275006591796874,9.452308154296874,10.084516087067165
4.896791842825167,-3.0789433349609374,1.8339584716796873,8.67658681640625,9.387569148527259
4.899278786371549,-2.91134921875,2.1499930908203124,8.02536396484375,8.80368623545296
4.901765729917931,-2.6623522460937497,2.43250888671875,7.37414111328125,8.208725609059604
4.904252673464312,-2.3367408203125,2.834734765625,6.9719152343749995,7.880588866833998
4.906739617010693,-1.924938134765625,3.1268273681640624,6.72291826171875,7.660291519695984
4.909226560557075,-1.599326708984375,3.380612744140625,6.718129858398437,7.688930825688407
4.9117135041034565,-1.177947216796875,3.687070556640625,6.866570361328125,7.882375115552137
4.914200447649838,-0.7422025146484375,3.9360675292968748,7.206546997070312,8.244865783560021
4.91668739119622,-0.4165910888671875,4.0988732421875,7.704540942382812,8.736948044008116
4.919174334742601,-0.028730419921875,4.185064501953125,8.37012900390625,9.358132819348615
4.921661278288982,0.2537853759765625,4.319139794921875,9.074024291992187,10.052725622277853
4.924148221835364,0.5458779785156249,4.299986181640625,9.787496386718749,10.704342551028587
4.926635165381746,0.7230489013671875,4.261678955078125,10.486603271484375,11.342555065038516
4.929122108928127,0.8810662109374999,4.189852905273438,11.123460913085937,11.918998603944656
4.931609052474508,0.9433154541015625,3.9983167724609374,11.611878051757811,12.317146298870696
4.93409599602089,1.0295067138671874,3.825934252929687,11.908759057617187,12.550545775942082
4.936582939567272,0.97683427734375,3.5577836669921874,12.023680737304687,12.576999972137308
4.939069883113653,0.9433154541015625,3.2609026611328122,11.93270107421875,12.406155131143217
4.941556826660035,0.7948749511718749,2.925714428710937,11.650185278320311,12.038207845255005
4.944043770206416,0.6751648681640625,2.6431986328124997,11.190498559570312,11.518229231242538
4.946530713752797,0.5123591552734374,2.3415292236328122,10.63025537109375,10.897137250846503
4.949017657299179,0.3447650390625,2.0302830078125,9.9215716796875,10.133039850861586
4.951504600845561,0.1484405029296875,1.7190367919921874,9.17458076171875,9.335419338649581
4.9539915443919424,-0.0526724365234375,1.5227122558593749,8.542511523437499,8.677322751158684
4.956478487938323,-0.2154781494140625,1.2018892333984375,7.896077075195312,7.989931272524124
4.958965431484705,-0.45968671875,1.0821791503906248,7.388506323242187,7.481473737274301
4.961452375031087,-0.6416460449218749,0.9911994873046874,7.091625317382812,7.1892514014146025
4.963939318577468,-0.8188169677734375,1.0342951171875,6.957550024414062,7.081506192779592
