Time_s,Real,Imaginary,Magnitude
-2.544143247948347,-6.323769049934263e-05,-4.695711930073712e-05,7.876532582751313e-05
-2.541656304401965,-6.301886122537374e-05,-4.886767034010383e-05,7.974600977235149e-05
-2.5391693608555834,-6.27562248796867e-05,-5.0796349015786025e-05,8.073792686515647e-05
-2.5366824173092017,-6.244887007417134e-05,-5.2742404248847095e-05,8.174119267229674e-05
-2.5341954737628205,-6.209589180162203e-05,-5.470505591285296e-05,8.275592378233186e-05
-2.531708530216439,-6.169639217107621e-05,-5.668349465261242e-05,8.378223781303514e-05
-2.529221586670057,-6.12494811555009e-05,-5.867688171802149e-05,8.482025341844213e-05
-2.5267346431236755,-6.075427735160668e-05,-6.068434881346156e-05,8.587009029592214e-05
-2.5242476995772942,-6.02099087515488e-05,-6.270499796321608e-05,8.693186919327554e-05
-2.5217607560309125,-5.961551352626912e-05,-6.473790139335212e-05,8.800571191585328e-05
-2.519273812484531,-5.897024082021083e-05,-6.678210143052995e-05,8.909174133370191e-05
-2.516786868938149,-5.8273251557132854e-05,-6.883661041818383e-05,9.019008138872978e-05
-2.514299925391768,-5.7523719256728535e-05,-7.09004106505349e-05,9.130085710189912e-05
-2.5118129818453863,-5.6720830861746e-05,-7.29724543248756e-05,9.242419458043902e-05
-2.5093260382990046,-5.5863787575289216e-05,-7.505166351257768e-05,9.356022102508214e-05
-2.506839094752623,-5.495180570796774e-05,-7.713693014926377e-05,9.470906473732403e-05
-2.5043521512062417,-5.3984117534544485e-05,-7.922711604458322e-05,9.587085512670349e-05
-2.50186520765986,-5.2959972159722304e-05,-8.132105291202981e-05,9.704572271810702e-05
-2.4993782641134783,-5.1878636392691935e-05,-8.34175424192294e-05,9.823379915909328e-05
-2.4968913205670966,-5.0739395630051184e-05,-8.551535625912708e-05,9.943521722723937e-05
-2.4944043770207154,-4.9541554746686676e-05,-8.761323624249878e-05,0.00010065011083750905
-2.4919174334743337,-4.828443899420502e-05,-8.9709894412198e-05,0.00010187861504964043
-2.489430489927952,-4.696739490647167e-05,-9.180401317955729e-05,0.00010312086607555616
-2.4869435463815703,-4.558979121181521e-05,-9.389424548334259e-05,0.00010437700128679259
-2.484456602835189,-4.415101975142951e-05,-9.597921497166346e-05,0.00010564715922194929
-2.4819696592888074,-4.2650496403499374e-05,-9.805751620722864e-05,0.00010693147959415798
-2.4794827157424257,-4.108766201255485e-05,-0.00010012771489633473,0.00010823010329857232
-2.476995772196044,-3.946198332354803e-05,-0.00010218834814196025,0.00010954317241987495
-2.474508828649663,-3.777295392013414e-05,-0.00010423792472133664,0.00011087083023980482
-2.472021885103281,-3.6020095166619584e-05,-0.0001062749253883534,0.00011221322124470187
-2.4695349415568995,-3.420295715302616e-05,-0.00010829780320115033,0.00011357049113307044
-2.4670479980105178,-3.23211196427095e-05,-0.00011030498387523705,0.00011494278682316107
-2.4645610544641365,-3.0374193021954906e-05,-0.00011229486616246825,0.00011633025646056846
-2.462074110917755,-2.836181925095626e-05,-0.00011426582225619929,0.00011773304942584832
-2.459587167371373,-2.6283672815575252e-05,-0.00011621619822292646,0.0001191513163421485
-2.4571002238249915,-2.4139461679256054e-05,-0.0001181443144607165,0.00012058520908285949
-2.4546132802786103,-2.1928928234471858e-05,-0.00012004846618470514,0.0001220348807792793
-2.4521263367322286,-1.965185025304474e-05,-0.00012192692393994256,0.00012350048582829393
-2.449639393185847,-1.730804183468954e-05,-0.00012377793414184582,0.00012498217990007408
-2.447152449639465,-1.4897354353104114e-05,-0.00012559971964450585,0.00012648011994578602
-2.444665506093084,-1.241967739891866e-05,-0.00012739048033708455,0.00012799446420531764
-2.4421785625467023,-9.874939718807161e-06,-0.00012914839376852142,0.0001295253722150187
-2.4396916190003206,-7.263110150051465e-06,-0.00013087161580075478,0.00013107300481545446
-2.437204675453939,-4.584198549833486e-06,-0.00013255828129064877,0.00013263752415917248
-2.4347177319075577,-1.8382567185152008e-06,-0.0001342065048008027,0.00013421909371848345
-2.432230788361176,9.746206838326657e-07,-0.00013581438133939932,0.0001358178782932539
-2.4297438448147943,3.8542952284160284e-06,-0.00013737998712923686,0.0001374340440187113
-2.4272569012684126,6.800583816991951e-06,-0.0001389013804060692,0.00013906775837326017
-2.4247699577220314,9.81325779020121e-06,-0.00014037660224636484,0.00014071919018631066
-2.4222830141756497,1.2892042045765588e-05,-0.00014180367742457384,0.00014238850964611713
-2.419796070629268,1.6036614167336244e-05,-0.00014318061529997725,0.00014407588830762797
-2.4173091270828864,1.9246603564820185e-05,-0.00014450541073317082,0.00014578149910034454
-2.414822183536505,2.25215906269941e-05,-0.00014577604503222076,0.00014750551633618982
-2.4123352399901234,2.5861105887241007e-05,-0.0001469904869285058,0.0001492481157173863
-2.4098482964437418,2.926462920325428e-05,-0.00014814669358224262,0.0001510094743443432
-2.40736135289736,3.2731588951547323e-05,-0.0001492426116176676,0.00015278977072355016
-2.404874409350979,3.626136123763058e-05,-0.0001502761781878339,0.00015458918477548013
-2.402387465804597,3.9853269122720365e-05,-0.0001512453220689527,0.0001564078978424977
-2.3999005222582155,4.350658186784964e-05,-0.00015214796478419618,0.00015824609269677687
-2.397413578711834,4.7220514196254205e-05,-0.00015298202175684732,0.00016010395354822178
-2.3949266351654526,5.0994225574921284e-05,-0.0001537454034926693,0.0001619816660523951
-2.392439691619071,5.4826819516195085e-05,-0.00015443601679133548,0.0001638794173184512
-2.389952748072689,5.8717342900320396e-05,-0.00015505176598674635,0.0001657973959170727
-2.3874658045263075,6.266478531984147e-05,-0.0001555905542160305,0.00016773579188841405
-2.3849788609799263,6.666807844674334e-05,-0.0001560502847170039,0.00016969479675004508
-2.3824919174335446,7.072609542325454e-05,-0.00015642886215384112,0.0001716746035049003
-2.380004973887163,7.483765027721385e-05,-0.00015672419397068328,0.0001736754066492286
-2.3775180303407812,7.900149736292172e-05,-0.00015693419177288724,0.00017569740218054754
-2.3750310867944,8.321633082838615e-05,-0.00015705677273558815,0.00017774078760559602
-2.3725441432480183,8.748078410987911e-05,-0.0001570898610392335,0.00017980576194828954
-2.3700571997016366,9.179342945472243e-05,-0.00015703138933171153,0.00018189252575767555
-2.367570256155255,9.615277747322207e-05,-0.00015687930021667304,0.00018400128111588785
-2.3650833126088737,0.00010055727672066631,-0.00015663154776762234,0.0001861322316461005
-2.362596369062492,0.00010500531331030014,-0.00015628609906732693,0.00018828558252048037
-2.3601094255161104,0.00010949521055819482,-0.00015584093577206324,0.0001904615404681369
-2.3576224819697287,0.00011402522866092279,-0.00015529405570019543,0.00019266031378307034
-2.3551355384233474,0.00011859356440694136,-0.00015464347444455368,0.00019488211233211394
-2.3526485948769658,0.00012319835092259928,-0.00015388722700805345,0.0001971271475628765
-2.350161651330584,0.0001278376574536582,-0.0001530233694619638,0.00019939563251167647
-2.3476747077842024,0.00013250948918322531,-0.00015204998062621705,0.00020168778181147288
-2.345187764237821,0.0001372117870869853,-0.0001509651637711119,0.00020400381169978865
-2.3427008206914395,0.00014194242782661945,-0.00014976704833974234,0.00020634394002663075
-2.340213877145058,0.00014669922368227913,-0.00014845379169044982,0.0002087083862623992
-2.337726933598676,0.00015147992252498147,-0.0001470235808585797,0.00021109737150579045
-2.335239990052295,0.00015628220782978904,-0.00014547463433678192,0.00021351111849169302
-2.332753046505913,0.00016110369873061165,-0.00014380520387307592,0.0002159498515990706
-2.3302661029595315,0.00016594195011748319,-0.0001420135762858659,0.00021841379685884024
-2.32777915941315,0.00017079445277711752,-0.00014009807529507558,0.00022090318196173566
-2.3252922158667686,0.00017565863357757891,-0.00013805706336852318,0.00022341823626616196
-2.322805272320387,0.0001805318556978472,-0.0001358889435826561,0.0002259591908060361
-2.3203183287740052,0.0001854114189030845,-0.00013359216149670742,0.00022852627829861806
-2.3178313852276236,0.00019029455986635516,-0.00013116520703933832,0.00023111973315232588
-2.3153444416812423,0.0001951784525375734,-0.00012860661640677037,0.00023373979147453685
-2.3128574981348606,0.00020006020856040785,-0.0001259149739714168,0.00023638669107937626
-2.310370554588479,0.00020493687773786673,-0.00012308891419996948,0.00023906067149548625
-2.3078836110420973,0.00020980544854728065,-0.00012012712357987776,0.00024176197397378447
-2.305396667495716,0.00021466284870535189,-0.00011702834255313597,0.00024449084149519984
-2.3029097239493344,0.0002195059457839488,-0.00011379136745626215,0.0002472475187783933
-2.3004227804029527,0.00022433154787729386,-0.00011041505246531438,0.00025003225228746134
-2.297935836856571,0.0002291364043211554,-0.00010689831154479236,0.0002528452902396157
-2.2954488933101898,0.00023391720646466775,-0.00010324012039920715,0.00025568688261284894
-2.292961949763808,0.00023867058849533652,-9.943951842611713e-05,0.0002585572811535741
-2.2904750062174264,0.00024339312831780512,-9.549561066935915e-05,0.00026145673938424564
-2.2879880626710447,0.00024808134848689536,-9.140756977122476e-05,0.0002643855126109556
-2.2855011191246635,0.0002527317171954455,-8.717463792225882e-05,0.0002673438579310091
-2.283014175578282,0.0002573406493174081,-8.279612880737577e-05,0.0002703320342404739
-2.2805272320319,0.00026190450750667035,-7.827142954693303e-05,0.00027335030224170606
-2.2780402884855184,0.0002664196033520132,-7.360000263139812e-05,0.00027639892445084846
-2.275553344939137,0.00027088219858860694,-6.878138784820496e-05,0.0002794781652053031
-2.2730664013927555,0.0002752885063664105,-6.381520419938697e-05,0.00028258829067117887
-2.270579457846374,0.00027963469257579734,-5.8701151808547584e-05,0.00028572956885070686
-2.268092514299992,0.0002839168772307194,-5.343901381570436e-05,0.00028890226958962857
-2.265605570753611,0.0002881311359096745,-4.802865825851786e-05,0.00029210666458455344
-2.2631186272072292,0.0002922735012547158,-4.247003993840516e-05,0.00029534302739028746
-2.2606316836608475,0.0002963399645287,-3.676320227001825e-05,0.0002986116334271279
-2.258144740114466,0.00030032647723094433,-3.090827911253485e-05,0.0003019127599881252
-2.2556577965680846,0.000304228952771427,-2.4905496581203366e-05,0.00030524668624631375
-2.253170853021703,0.00030804326820361636,-1.875517483756512e-05,0.0003086136932619043
-2.2506839094753213,0.00031176526601599974,-1.2457729856747755e-05,0.0003120140639894471
-2.2481969659289396,0.0003153907559823165,-6.013675170219317e-06,0.00031544808328495203
-2.2457100223825583,0.0003189155170704866,5.763764176212215e-07,0.0003189160379129758
-2.2432230788361767,0.00032233529941017166,7.311711140666682e-06,0.0003224182165536705
-2.240736135289795,0.000325645826318868,1.4191512611801048e-05,0.0003259549098097914
-2.2382491917434133,0.0003288427963863943,2.1214860194743337e-05,0.00032952641021366725
-2.235762248197032,0.0003319218856175889,2.8380727408714595e-05,0.00033313301223412777
-2.2332753046506504,0.0003348787496329936,3.568798036763545e-05,0.00033677501228339065
-2.2307883611042687,0.0003377090259272547,4.313537625554756e-05,0.00034045270872390317
-2.228301417557887,0.00034040833618493357,5.072156183999572e-05,0.00034416640187514424
-2.225814474011506,0.00034297228865336633,5.84450720250634e-05,0.00034791639402037794
-2.223327530465124,0.00034539648057217324,6.630432844582977e-05,0.000351702989413363
-2.2208405869187424,0.0003476765006589744,7.429763810595747e-05,0.0003555264942850161
-2.2183536433723607,0.0003498079316508119,8.242319206016642e-05,0.00035938721685002396
-2.2158666998259795,0.00035178635290074995,9.067906414334812e-05,0.0003632854673134124
-2.213379756279598,0.0003536073430290532,9.906320974806489e-05,0.00036722155787706094
-2.210892812733216,0.00035526648262832014,0.00010757346465218421,0.00037119580274616956
-2.2084058691868345,0.00035675935702187995,0.00011620754389840417,0.00037520851813566906
-2.205918925640453,0.00035808155907472933,0.00012496304072744075,0.00037926002227658647
-2.2034319820940715,0.0003592286920562212,0.00013383742556660307,0.00038335063542234985
-2.20094503854769,0.00036019637255367933,0.00014282804507551988,0.0003874806798550396
-2.198458095001308,0.0003609802334360559,0.0001519321212507772,0.00039165047989158687
-2.195971151454927,0.0003615759268667045,0.00016114675059117405,0.00039586036188990996
-2.1934842079085453,0.00036197912736428206,0.00017046890332537352,0.0004001106542549981
-2.1909972643621636,0.0003621855349107562,0.00017989542270363215,0.00040440168744493277
-2.188510320815782,0.0003621908781054202,0.0001894230243553669,0.00040873379397684905
-2.1860233772694007,0.00036199091736379454,0.00019904829571423468,0.0004131073084328368
-2.183536433723019,0.0003615814481602214,0.0002087676955124316,0.00041752256746577693
-2.1810494901766373,0.0003609583043129119,0.0002185775533459092,0.00042197990980511916
-2.1785625466302556,0.00036011736131015884,0.0002284740693121485,0.0004264796762625904
-2.1760756030838744,0.0003590545396763738,0.00023845331372215886,0.0004310222097378406
-2.1735886595374927,0.00035776580837654275,0.00024851122688833823,0.00043560785522401706
-2.171101715991111,0.00035624718825766626,0.00025864361898980876,0.00044023695981327887
-2.1686147724447293,0.00035449475552567675,0.0002688461700168137,0.0004449098727022349
-2.166127828898348,0.0003525046452562852,0.0002791144297957551,0.00044962694519731463
-2.1636408853519664,0.00035027305493814335,0.00028944381809643767,0.0004543885307200692
-2.1611539418055847,0.0003477962480466824,0.00029982962482300875,0.0004591949848123949
-2.158666998259203,0.0003450705576469013,0.00031026701029013813,0.0004640466651416904
-2.156180054712822,0.00034209239002336013,0.00032075100558586893,0.00046894393150593265
-2.15369311116644,0.00033885822833555753,0.0003312765130226102,0.0004738871458386822
-2.1512061676200585,0.0003353646362968341,0.0003418383066776609,0.0004788766722140037
-2.1487192240736768,0.0003316082618748892,0.0003524310330246684,0.00048391287685131917
-2.1462322805272955,0.00032758584101193693,0.0003630492116573491,0.000488996128120173
-2.143745336980914,0.00032329420136250367,0.00037368723610678103,0.0004941267965449194
-2.141258393434532,0.0003187302660467929,0.0003843393747535484,0.000499305254809328
-2.1387714498881505,0.00031389105741750045,0.0003949997718359724,0.0005045318777611052
-2.1362845063417693,0.0003087737008379235,0.00040566244855562374,0.0005098070424163357
-2.1337975627953876,0.00030337542846915587,0.0004163213042812563,0.0005151311279638324
-2.131310619249006,0.0002976935830641041,0.00042697011785228933,0.0005205045157694047
-2.128823675702624,0.0002917256217660209,0.0004376025489828917,0.0005259275893800359
-2.126336732156243,0.00028546911990921055,0.00044821213976768573,0.0005314007345279706
-2.1238497886098613,0.00027892177481950034,0.00045879231629005537,0.0005369243391347186
-2.1213628450634796,0.0002720814096120363,0.00046933639033396214,0.0005424987933149584
-2.118875901517098,0.00026494597698392843,0.0004798375612001502,0.0005481244893803562
-2.1163889579707167,0.0002575135629992066,0.0004902889176275447,0.0005538018218432796
-2.113902014424335,0.0002497823908635171,0.0005006834398206347,0.0005595311874204314
-2.1114150708779533,0.00024175082468594109,0.0005110140015835223,0.0005653129850363751
-2.1089281273315716,0.00023341737322530126,0.0005212733725612947,0.0005711476158269645
-2.1064411837851904,0.00022478069361824324,0.0005314542205893264,0.0005770354831426808
-2.1039542402388087,0.00021583959508638032,0.0005415491141510219,0.0005829769925518581
-2.101467296692427,0.00020659304261970692,0.0005515505249445005,0.0005889725518438206
-2.0989803531460454,0.000197040160633522,0.0005614508305585964,0.0005950225710319079
-2.096493409599664,0.00018718023659596855,0.0005712423172585502,0.0006011274623563966
-2.0940064660532824,0.0001770127246233807,0.0005809171828816472,0.0006072876402873204
-2.0915195225069008,0.0001665372490404723,0.000590467539843034,0.0006135035215271818
-2.089032578960519,0.00015575360790249805,0.0005998854182518398,0.0006197755250135568
-2.086545635414138,0.00014466177647636108,0.0006091627691376863,0.0006261040719215861
-2.084058691867756,0.00013326191067773035,0.0006182914677875856,0.0006324895856663622
-2.0815717483213745,0.00012155435046112972,0.0006272633171931525,0.000638932491905197
-2.079084804774993,0.00010953962315994091,0.0006360700516080012,0.0006454332185397859
-2.0765978612286116,9.721844677329192e-05,0.0006447033402150894,0.00065199219571825
-2.07411091768223,8.459173319673041e-05,0.0006531547909037245,0.0006586098558370615
-2.071623974135848,7.166059139355323e-05,0.000661415954155869,0.0006652866335428606
-2.0691370305894665,5.842633050372612e-05,0.000669478327041272,0.0006720229657341415
-2.0666500870430853,4.489046288718517e-05,0.0006773333573209277,0.0006788192915628321
-2.0641631434967036,3.1054707098440494e-05,0.0006849724476582204,0.0006856760524357428
-2.061676199950322,1.6920990789241938e-05,0.0006923869599370882,0.0006925936920158981
-2.0591892564039402,2.4914535362074585e-06,0.0006995682196864077,0.0006995726562237357
-2.056702312857559,-1.2231550409844679e-05,0.0007065075206097748,0.0007066133932381978
-2.0542153693111773,-2.724544945598843e-05,0.0007131961292196993,0.0007137163534976768
-2.0517284257647956,-4.254745208394373e-05,0.0007196252895752185,0.0007208819897008474
-2.049241482218414,-5.8134544354662125e-05,0.000725786228121794,0.000728110756807359
-2.0467545386720327,-7.400348750396815e-05,0.0007316701586323039,0.0007354031120384048
-2.044267595125651,-9.015081563244103e-05,0.0007372682872478362,0.0007427595148771588
-2.0417806515792694,-0.00010657283349271856,0.0007425718176169041,0.0007501804270690748
-2.0392937080328877,-0.00012326561437741969,0.0007475719561316215,0.000757666312622055
-2.0368067644865064,-0.0001402249981108755,0.0007522599172592772,0.0007652176378064804
-2.0343198209401248,-0.00015744658914782557,0.0007566269289676666,0.0007728348711551043
-2.031832877393743,-0.00017492575478222187,0.0007606642382424453,0.0007805184834628131
-2.0293459338473614,-0.00019265762346930008,0.0007643631166946604,0.0007882689477862324
-2.02685899030098,-0.00021063708326403562,0.0007677148662565696,0.000796086739443211
-2.0243720467545985,-0.00022885878037906795,0.0007707108249637008,0.0008039723360121433
-2.021885103208217,-0.0002473171178652035,0.0007733423728210831,0.000811926217331165
-2.019398159661835,-0.0002660062544175318,0.0007756009377514195,0.0008199488654971882
-2.016911216115454,-0.00028492010331017566,0.0007774780016229403,0.0008280407648647994
-2.014424272569072,-0.00030405233146267965,0.0007789651063545475,0.000836202402045009
-2.0119373290226905,-0.0003233963586410118,0.0007800538600957577,0.0008444342659038403
-2.009450385476309,-0.0003429453567961012,0.000780735943478908,0.0008527368475607852
-2.0069634419299276,-0.00036269224954278446,0.0007810031159409444,0.0008611106403870933
-2.004476498383546,-0.00038262971178204053,0.0007808472221120438,0.000869556140003912
-2.0019895548371642,-0.00040275016946929423,0.0007802601982682376,0.0008780738442802717
-1.9995026112907828,-0.00042304579953159917,0.000779234078845082,0.0008866642533309174
-1.997015667744401,-0.000443508529936338,0.0007777610030093722,0.0008953278695139766
-1.9945287241980196,-0.00046413003991419325,0.0007758332212857543,0.0009040651974284713
-1.992041780651638,-0.0004849017603389283,0.0007734431022350552,0.0009128767439116727
-1.9895548371052565,-0.000505814874266558,0.000770583139181011,0.0009217630180362821
-1.9870678935588748,-0.0005268603176364276,0.0007672459569820199,0.0009307245311074662
-1.9845809500124933,-0.000548028780136607,0.000763424318844425,0.000939761796659713
-1.9820940064661117,-0.0005693107062359723,0.0007591111331737889,0.00094887533045353
-1.9796070629197302,-0.0005906962963852749,0.0007542994604604899,0.0009580656504719635
-1.9771201193733485,-0.0006121755083894773,0.0007489825201959039,0.0009673332769169696
-1.974633175826967,-0.00063373805895345,0.0007431536978153593,0.0009766787322055953
-1.9721462322805854,-0.0006553734254031499,0.0007368065516639588,0.000986102540965995
-1.969659288734204,-0.0006770708475843214,0.0007299348199812558,0.0009956052300332796
-1.9671723451878222,-0.0006988193299405699,0.000722532427900762,0.0010051873284451795
-1.9646854016414408,-0.0007206076437727527,0.0007145934944600775,0.0010148493674375441
-1.962198458095059,-0.0007424243296813509,0.000706112339617479,0.0010245918804396574
-1.9597115145486776,-0.0007642577001935864,0.0006970834912705884,0.0010344154030693773
-1.957224571002296,-0.000786095842576777,0.0006875016922728132,0.0010443204731280886
-1.9547376274559145,-0.0008079266218395122,0.0006773619074430395,0.0010543076305954914
-1.9522506839095328,-0.0008297376839219564,0.0006666593305640903,0.0010643774176241872
-1.9497637403631514,-0.0008515164590766337,0.00065538939136533,0.0010745303785340953
-1.9472767968167697,-0.0008732501654408544,0.0006435477624847645,0.0010847670598066786
-1.944789853270388,-0.000894925812801892,0.0006311303664058717,0.0010950880100789786
-1.9423029097240065,-0.0009165302065558993,0.0006181333823643906,0.0011054937801374736
-1.9398159661776249,-0.0009380499518614104,0.0006045532532202004,0.00111598492291174
-1.9373290226312434,-0.0009594714579882135,0.0005903866922893754,0.0011265619934679215
-1.9348420790848617,-0.0009807809428622665,0.000575630690131386,0.001137225549002014
-1.9323551355384803,-0.001001964437807133,0.0005602825212864969,0.001147976148832944
-1.9298681919920986,-0.001023007792482438,0.0005443397509581747,0.0011588143543954737
-1.9273812484457171,-0.0010438966800195586,0.0005278002416354419,0.0011697407292328875
-1.9248943048993354,-0.0010646166023547878,0.0005106621596499386,0.0011807558389894974
-1.922407361352954,-0.0010851528957599827,0.000492923981662486,0.001191860251402938
-1.9199204178065723,-0.0011054907365706562,0.0004745845010738483,0.001203054536296275
-1.9174334742601908,-0.0011256151471112832,0.0004556428343543754,0.0012143392655699
-1.9149465307138092,-0.0011455110018174911,0.00043609842728719906,0.0012257150131932302
-1.9124595871674277,-0.0011651630335546743,0.0004159510611195692,0.0012371823551962043
-1.909972643621046,-0.0011845558401324236,0.0003952008586168894,0.001248741869660563
-1.9074857000746646,-0.0012036738910140552,0.0003738482900140234,0.0012603941367109435
-1.9049987565282829,-0.0012225015342203235,0.0003518941788584066,0.0012721397385057496
-1.9025118129819014,-0.0012410230034263332,0.00032933970773942707,0.0012839792592278148
-1.9000248694355197,-0.0012592224252504802,0.000306186423898603,0.0012959132850748603
-1.8975379258891383,-0.0012770838267341378,0.000282436244714963,0.0013079424042497436
-1.8950509823427566,-0.0012945911430106158,0.00025809146306014996,0.0013200672069504876
-1.8925640387963751,-0.0013117282251618244,0.00023315475251764012,0.0013322882853600989
-1.8900770952499935,-0.0013284788482608965,0.0002076291724605517,0.001344606233636172
-1.887590151703612,-0.001344826719598876,0.0001815181729824801,0.0013570216479002726
-1.8851032081572303,-0.0013607554870934608,0.00015482559967575817,0.0013695351262271152
-1.8826162646108489,-0.0013762487478775735,0.00012755569825165228,0.001382147268633504
-1.8801293210644672,-0.0013912900570654612,9.971311899689702e-05,0.0013948586770670725
-1.8776423775180857,-0.0014058629366938003,7.130292106107053e-05,0.0014076699553947857
-1.875155433971704,-0.0014199508848351814,4.23305765693001e-05,0.001420581709391228
-1.8726684904253226,-0.0014335373848811716,1.2801974554755566e-05,0.001433594546726671
-1.870181546878941,-0.001446605914991992,-1.727657529446182e-05,0.0014467090769549086
-1.8676946033325594,-0.0014591399577097031,-4.789833907953973e-05,0.0014599259115008721
-1.8652076597861778,-0.0014711230097316274,-7.905615533161398e-05,0.0014732456636480076
-1.8627207162397963,-0.0014825385918406095,-0.00011074243185434264,0.0014866689485254446
-1.8602337726934146,-0.001493370258988497,-0.00014294914277359017,0.0015001963830949183
-1.8577468291470332,-0.0015036016105291303,-0.00017566782579960487,0.0015138285861374646
-1.8552598856006515,-0.0015132163005969462,-0.00020888957970688102,0.0015275661782398905
-1.85277294205427,-0.0015221980486271318,-0.00024260506203683987,0.001541409781780999
-1.8502859985078883,-0.00153053065001314,-0.0002768044870285552,0.0015553600209175969
-1.8477990549615069,-0.0015381979868971873,-0.00031147762378244123,0.0015694175215702527
-1.8453121114151252,-0.0015451840390892189,-0.0003466137946620047,0.0015835829114088302
-1.8428251678687437,-0.0015514728951096604,-0.0003822018739384952,0.0015978568198377627
-1.840338224322362,-0.001557048763351151,-0.0004182302866833743,0.0016122398779811293
-1.8378512807759806,-0.0015618959833542246,-0.00045468700791327014,0.0016267327186674466
-1.835364337229599,-0.0015659990371918518,-0.0004915595619921562,0.0016413359764142525
-1.8328773936832174,-0.001569342560957517,-0.0005288350222953352,0.0016560502874124342
-1.8303904501368358,-0.0015719113563513974,-0.0005665000111396782,0.0016708762895103113
-1.8279035065904543,-0.0015736904023590564,-0.0006045406999845873,0.0016858146221974894
-1.8254165630440726,-0.0015746648670169022,-0.0006429428099078848,0.0017008659265884555
-1.8229296194976912,-0.0015748201192585264,-0.0006816916123608693,0.001716030845405933
-1.8204426759513095,-0.0015741417408358794,-0.0007207719302066186,0.0017313100229639946
-1.817955732404928,-0.0015726155383091061,-0.0007601681390454423,0.0017467041051509125
-1.8154687888585463,-0.0015702275550987183,-0.0007998641688314106,0.0017622137394117836
-1.8129818453121649,-0.0015669640835936438,-0.0008398435057835678,0.001777839574730887
-1.8104949017657832,-0.0015628116773085414,-0.0008800891945954855,0.001793582261613798
-1.8080079582194017,-0.0015577571630836437,-0.0009205838409465817,0.0018094424520692452
-1.80552101467302,-0.0015517876533202586,-0.0009613096143185412,0.0018254207995907295
-1.8030340711266386,-0.0015448905582449153,-0.0010022482511199673,0.0018415179591378735
-1.800547127580257,-0.0015370535981950315,-0.001043381058122317,0.00185773458711753
-1.7980601840338755,-0.0015282648159188315,-0.0010846889162099847,0.0018740713413646268
-1.7955732404874938,-0.0015185125888821265,-0.001126152284447248,0.0018905288811227544
-1.7930862969411123,-0.00150778564157446,-0.0011677512044646718,0.0019071078670245157
-1.7905993533947306,-0.001496073057806978,-0.0012094653051673066,0.0019238089610715942
-1.7881124098483492,-0.0014833642929943057,-0.0012512738077669508,0.0019406328266145818
-1.7856254663019675,-0.0014696491864125696,-0.0012931555311405018,0.001957580128332529
-1.783138522755586,-0.0014549179734255901,-0.0013350888975163504,0.001974651532212266
-1.7806515792092044,-0.0014391612976712084,-0.0013770519384904171,0.001991847705527431
-1.778164635662823,-0.001422370223199559,-0.0014190223013734356,0.0020091693168172576
-1.7756776921164412,-0.0014045362465550453,-0.0014609772558707706,0.002026617035865095
-1.7731907485700598,-0.0013856513087936602,-0.0015028937010958963,0.0020441915336766522
-1.770703805023678,-0.0013657078074271868,-0.0015447481729185745,0.0020618934824580167
-1.7682168614772966,-0.0013446986082857777,-0.0015865168516483459,0.00207972355559336
-1.765729917930915,-0.001322617057290284,-0.0016281755700539957,0.002097682427622414
-1.7632429743845335,-0.0012994569921256662,-0.0016696998217192766,0.002115770774217677
-1.7607560308381518,-0.0012752127538067227,-0.0017110647697350055,0.0021339892721613275
-1.7582690872917703,-0.0012498791981272871,-0.0017522452557275517,0.002152338599321915
-1.7557821437453887,-0.0012234517069840529,-0.0017932158092232966,0.002170819434630747
-1.7532952001990072,-0.0011959261995660294,-0.0018339506573486555,0.0021894324580580267
-1.7508082566526255,-0.0011672991434007092,-0.0018744237348648392,0.002208178350588711
-1.748321313106244,-0.0011375675652477795,-0.0019146086945365198,0.0022270577941981206
-1.7458343695598624,-0.0011067290618314387,-0.00195447891783307,0.002246071471827249
-1.743347426013481,-0.0010747818104020757,-0.001994007525961093,0.002265220067357837
-1.7408604824670992,-0.0010417245791181995,-0.0020331673912265275,0.002284504265587148
-1.7383735389207178,-0.0010075567372394877,-0.002071931148724438,0.0023039247522024784
-1.735886595374336,-0.0009722782651216316,-0.002110271208354478,0.0023234822137554226
-1.7333996518279546,-0.0009358897640039085,-0.002148159767159519,0.0023431773376358283
-1.730912708281573,-0.0008983924655801308,-0.0021855688219849824,0.0023630108120455077
-1.7284257647351915,-0.0008597882413438345,-0.0022224701824559534,0.0023829833259716533
-1.7259388211888098,-0.0008200796116983966,-0.00225883548426907,0.002403095569160011
-1.7234518776424284,-0.0007792697548229576,-0.002294636202795772,0.0024233482320877514
-1.7209649340960467,-0.0007373625152848918,-0.0023298436669933974,0.0024437420059360815
-1.7184779905496652,-0.0006943624123896359,-0.0023644290736202986,0.0024642775825625845
-1.7159910470032835,-0.0006502746482587806,-0.0023983635017508485,0.002484955654473269
-1.713504103456902,-0.0006051051156272192,-0.0024316179275861083,0.00250577691479437
-1.7110171599105204,-0.0005588604053503828,-0.002464163239555474,0.002526742057243858
-1.708530216364139,-0.000511547813612461,-0.0024959702537045267,0.00254785177610267
-1.7060432728177573,-0.00046317534882662733,-0.002527009729364013,0.0025691067661856816
-1.7035563292713758,-0.00041375173821841496,-0.002557252385094563,0.0025905077228123813
-1.701069385724994,-0.0003632864340832916,-0.002586668914901627,0.0026120553417772977
-1.6985824421786127,-0.00031178961970978076,-0.0026152300047147083,0.0026337503193201257
-1.696095498632231,-0.00025927221495934883,-0.002642906349124839,0.0026555933520955935
-1.6936085550858495,-0.00020574588149447785,-0.002669668668373919,0.00267758513714304
-1.6911216115394678,-0.00015122302764638496,-0.0026954877255893368,0.002699726371855732
-1.6886346679930864,-9.571681291402001e-05,-0.0027203343442569745,0.0027220177539498966
-1.6861477244467047,-3.9241152086015235e-05,-0.0027441794259254956,0.0027444599814334734
-1.6836607809003232,1.818928102260032e-05,-0.0027669939681345696,0.0027670537525746066
-1.6811738373539415,7.655905022699074e-05,-0.0027887490825593635,0.0027897997658698284
-1.67868689380756,0.00013585195403036923,-0.002809416013363525,0.0028126987200120224
-1.6761999502611784,0.0001960510230908729,-0.0028289661557524314,0.002835751313858052
-1.673713006714797,0.00025713851810514463,-0.0028473710747184402,0.002858958246396151
-1.6712260631684153,0.0003190959281160921,-0.0028646025239694754,0.002882320216713015
-1.6687391196220338,0.0003819039692522863,-0.002880632465032163,0.002905837923960648
-1.6662521760756521,0.00044554258390602764,-0.0028954330865203597,0.0029295120673228977
-1.6637652325292707,0.0005099909403572273,-0.0029089768235598186,0.00295334334598174
-1.661278288982889,0.0005752274328498611,-0.0029212363773594052,0.002977332459083289
-1.6587913454365075,0.0006412296821276434,-0.0029321847349190644,0.0030014801057035015
-1.6563044018901258,0.0007079745364354937,-0.002941795188864563,0.0030257869848136602
-1.6538174583437444,0.0007754380729928854,-0.0029500413573987174,0.0030502537952455345
-1.6513305147973627,0.0008435955999452732,-0.0029568972043586728,0.0030748812356562907
-1.6488435712509812,0.0009124216587993502,-0.002962337059368549,0.0030996700044931334
-1.6463566277045996,0.0009818900273477562,-0.0029663356380765366,0.0031246207999576377
-1.643869684158218,0.00105197372308875,-0.0029688680624653744,0.0031497343199698787
-1.6413827406118364,0.0011226450071458187,-0.0029699098812248355,0.003175011262132207
-1.638895797065455,0.001193875388692314,-0.0029694370901747606,0.0032004523236928203
-1.6364088535190733,0.0012656356298856124,-0.002967426152726902,0.003226058201509008
-1.6339219099726918,0.0013378957513154632,-0.0029638540203736586,0.003251829592010176
-1.6314349664263101,0.0014106250379703944,-0.0029586981531916474,0.0032777671911605683
-1.6289480228799287,0.0014837920457263004,-0.0029519365403477835,0.0033038716944217253
-1.626461079333547,0.0015573646083607469,-0.002943547720595449,0.0033301437967146836
-1.6239741357871655,0.0016313098450962446,-0.002933510802748133,0.003356584192381882
-1.6214871922407839,0.0017055941686757894,-0.002921805486117706,0.0033831935751488388
-1.6190002486944024,0.0017801832939731393,-0.002908412080904447,0.003409972638085531
-1.6165133051480207,0.001855042247140542,-0.0028933115285256447,0.003436922073567516
-1.6140263616016393,0.0019301353752959078,-0.002876485421869575,0.0034640425732367754
-1.6115394180552576,0.0020054263567514698,-0.0028579160254614345,0.0034913348279623307
-1.6090524745088761,0.002080878211785272,-0.0028375862955277178,0.003518799527800552
-1.6065655309624944,0.0021564533139568458,-0.002815479899945391,0.00354643736195523
-1.604078587416113,0.0022321134019679806,-0.0027915812380620397,0.0035742490187373717
-1.6015916438697313,0.0023078195920690674,-0.0027658754603731807,0.0036022351855247306
-1.5991047003233498,0.002383532391011417,-0.0027383484880426647,0.003630396548721111
-1.5966177567769682,0.0024592117095452617,-0.002708987032252141,0.00365873379371536
-1.5941308132305867,0.002534816876463128,-0.002677778613365387,0.003687247604840139
-1.591643869684205,0.0026103066531877957,-0.002644711579893205,0.003715938665330428
-1.5891569261378236,0.0026856392489035966,-0.0026097751272446,0.0037448076572817518
-1.5866699825914419,0.002760772336229719,-0.0025729593162497804,0.0037738552616081926
-1.5841830390450604,0.0028356630674334794,-0.002534255091440575,0.003803082158000104
-1.5816960954986787,0.002910268091181466,-0.0024936542990737385,0.0038324890248816047
-1.5792091519522973,0.002984543569825914,-0.002451149704882562,0.0038620765393677895
-1.5767222084059156,0.0030584451972234003,-0.0024067350115422347,0.003891845377221721
-1.5742352648595341,0.0031319282170824566,-0.0023604048758343495,0.003921796212811149
-1.5717483213131525,0.0032049474418364256,-0.002312154925495941,0.003951929719064977
-1.569261377766771,0.0032774572720374764,-0.0022619817757384302,0.0039822465674295105
-1.5667744342203893,0.0033494117162672834,-0.002209883045421838,0.004012747427824413
-1.5642874906740079,0.003420764411559568,-0.0021558573728696698,0.004043432968598465
-1.5618005471276262,0.003491468644329187,-0.00209990443130992,0.004074303856485047
-1.5593136035812447,0.0035614773718021693,-0.002042024943927621,0.004105360756557393
-1.556826660034863,0.003630743243940657,-0.0019822206985144943,0.0041366043321835865
-1.5543397164884816,0.0036992186258564333,-0.0019204945617011236,0.004168035244981351
-1.5518527729421,0.0037668556207060763,-0.0018568504927574305,0.004199654154772566
-1.5493658293957184,0.003833606093060676,-0.0017912935569470163,0.004231461719537569
-1.5468788858493367,0.0038994216927424356,-0.0017238299384212173,0.004263458595369208
-1.5443919423029553,0.003964253879120194,-0.001654466952638756,0.00429564543642667
-1.5419049987565736,0.00402805394585555,-0.0015832130582968274,0.004328022894889081
-1.5394180552101921,0.004090773046090689,-0.0015100778687599033,0.004360591620908859
-1.5369311116638105,0.004152362218068871,-0.00143507216297229,0.004393352262564863
-1.534444168117429,0.004212772411177865,-0.0013582078958409858,0.004426305465815273
-1.5319572245710473,0.0042719545124065995,-0.001279498208075059,0.004459451874450311
-1.5294702810246659,0.004329859373204405,-0.0011989574354685252,0.0044927921300446675
-1.5269833374782842,0.004386437836732342,-0.0011166011176132833,0.004526326871909754
-1.5244963939319027,0.004441640765495386,-0.001032446006029213,0.0045600567370457255
-1.522009450385521,0.004495419069343902,-0.0009465100716987266,0.004593982360093247
-1.5195225068391396,0.004547723733832715,-0.0008588125119928906,0.004628104373285126
-1.517035563292758,0.0045985058489252375,-0.0007693737569770619,0.004662423406397645
-1.5145486197463764,0.004647716638030203,-0.0006782154750835892,0.0046969400867017275
-1.5120616761999948,0.004695307487357898,-0.0005853605781397269,0.004731655038913891
-1.5095747326536133,0.004741229975582458,-0.0004908332257391949,0.004766568885146965
-1.5070877891072316,0.004785435903796571,-0.0003946588289456064,0.0048016822448606515
-1.5046008455608502,0.0048278773257443095,-0.0002968640533169892,0.004836995734811828
-1.5021139020144685,0.004868506578317726,-0.0001974768212401462,0.00487250996900469
-1.499626958468087,0.004907276312302269,-9.652631356447615e-05,0.004908225558640648
-1.4971400149217053,0.004944139523355935,5.957029475303257e-06,0.004944143112068099
-1.4946530713753239,0.004979049583206467,0.00010994150805729496,0.004980263234731916
-1.4921661278289422,0.00501196027105086,0.00021539416330129587,0.005016586529122813
-1.4896791842825607,0.005042825805140875,0.00032228077853778484,0.0050531135947264865
-1.487192240736179,0.005071600874538042,0.00043056588132592857,0.005089845027972561
-1.4847052971897976,0.005098240671021307,0.0005402127462295222,0.005126781422183379
-1.482218353643416,0.005122700921130132,0.0006511833983589289,0.005163923367522584
-1.4797314100970345,0.005144937918325561,0.000763438617687171,0.005201271450943534
-1.4772444665506528,0.005164908555251454,0.0008769379441476966,0.0052388262561375
-1.4747575230042713,0.005182570356077888,0.0009916396835210873,0.0052765883634817564
-1.4722705794578896,0.005197881508908249,0.0011075009141174117,0.005314558349987439
-1.4697836359115082,0.005210800898231482,0.0012244774942606707,0.005352736789247246
-1.4672966923651265,0.005221288137400531,0.0013425240705813221,0.0053911242513829845
-1.464809748818745,0.005229303601117838,0.00146159408712244,0.005429721302992932
-1.4623228052723634,0.005234808457908469,0.0015816397952646897,0.0054685285070990505
-1.459835861725982,0.0052377647025612095,0.0017026122644746952,0.005507546423094024
-1.4573489181796002,0.005238135188517778,0.0018244613938810973,0.005546775606688153
-1.4548619746332188,0.00523588366018999,0.0019471359246820588,0.005586216609856081
-1.452375031086837,0.005230974785184606,0.0020705834533875363,0.005625869980783362
-1.4498880875404556,0.0052233741864153175,0.002194750445899204,0.005665736263812907
-1.447401143994074,0.0052130484740811524,0.002319582252430263,0.00570581599939126
-1.4449142004476925,0.005199965277490415,0.002445023123267073,0.00574610972401473
-1.4424272569013108,0.005184093276709127,0.002571016225373881,0.005786617970175371
-1.4399403133549293,0.005165402234012695,0.002697503659841741,0.005827341266306867
-1.4374533698085477,0.005143863025119494,0.002824426480181631,0.00586828013673024
-1.4349664262621662,0.005119447670184818,0.00295172471146187,0.005909435101599427
-1.4324794827157845,0.005092129364533632,0.0030793373702889893,0.005950806676846762
-1.429992539169403,0.005061882509110376,0.003207202485630806,0.005992395374128276
-1.4275055956230214,0.005028682740623938,0.003335257120480168,0.006034201700768937
-1.42501865207664,0.0049925069613659945,0.0034634373943567315,0.006076226159707723
-1.4225317085302582,0.004953333368680627,0.0035916785066441477,0.006118469249442585
-1.4200447649838768,0.004911141484063231,0.0037199147607592125,0.006160931463975319
-1.417557821437495,0.0048659121818666684,0.003848079589148906,0.006203613292756315
-1.4150708778911136,0.00481762771759242,0.0039761055791109525,0.006246515220629178
-1.412583934344732,0.004766271755744735,0.00410392449943272,0.006289637727775273
-1.4100969907983505,0.004711829397225586,0.004231467327842808,0.0063329812896581635
-1.4076100472519688,0.00465428720624824,0.004358664279269154,0.006376546376967937
-1.4051231037055874,0.004593633236747502,0.004485444834896733,0.00642033345556546
-1.4026361601592057,0.0045298570582643785,0.004611737772017635,0.0064643429864265235
-1.4001492166128242,0.004462949781283248,0.004737471194665398,0.006508575425585893
-1.3976622730664425,0.00439290408199964,0.004862572565025192,0.006553031224081325
-1.395175329520061,0.004319714226496597,0.00498696873561063,0.00659771082789743
-1.3926883859736794,0.004243376094308081,0.005110585982197503,0.006642614677909515
-1.390201442427298,0.004163887201347571,0.005233350037504228,0.006687743209827334
-1.3877144988809162,0.004081246722180433,0.005355186125608034,0.006733096854138763
-1.3852275553345348,0.003995455511618673,0.005476018997085464,0.0067786760360534215
-1.382740611788153,0.003906516125616843,0.0055957729648651085,0.006824481175446209
-1.3802536682417716,0.003814432841448007,0.0057143719407800235,0.00687051268680083
-1.37776672469539,0.003719211677139044,0.005831739472806425,0.006916770979153204
-1.3752797811490085,0.0036208604101444493,0.005947798782975079,0.006963256456034867
-1.3727928376026268,0.003519388595238354,0.00606247280594084,0.007009969515416311
-1.3703058940562454,0.0034148075816044982,0.006175684228195428,0.007056910549650273
-1.3678189505098637,0.003307130529104173,0.006287355527907973,0.007104079945415014
-1.3653320069634822,0.0031963724237026652,0.006397409015376998,0.0071514780836575125
-1.3628450634171005,0.003082550092034394,0.006505766874077515,0.0071991053395366825
-1.360358119870719,0.0029656822150881646,0.006612351202285592,0.00724696208236651
-1.3578711763243374,0.002845789340993336,0.006717084055262885,0.0072950486755592086
-1.355384232777956,0.002722893896888599,0.006819887487982669,0.007343365476568339
-1.3528972892315743,0.0025970201998554575,0.00692068359837832,0.007391912836831882
-1.3504103456851928,0.00246819446689817,0.007019394571095121,0.007440691101715377
-1.3479234021388111,0.0023364448239534532,0.007115942721724957,0.0074897006104549515
-1.3454364585924297,0.0022018013139122623,0.007210250541503815,0.0075389416961004424
-1.342949515046048,0.0020642959036377153,0.007302240742450633,0.007588414685458447
-1.3404625714996665,0.0019239624899625783,0.007391836302926211,0.007638119899035419
-1.3379756279532848,0.0017808369046507244,0.007478960513589959,0.007688057650980757
-1.3354886844069034,0.001634956918307548,0.007563537023731861,0.007738228249029898
-1.3330017408605217,0.0014863622432240119,0.007645489887956737,0.007788631994447461
-1.3305147973141402,0.001335094535140668,0.007724743613197001,0.007839269181970367
-1.3280278537677586,0.0011811973939173195,0.007801223206030064,0.007890140099751022
-1.325540910221377,0.0010247163630953,0.007874854220275746,0.007941245029300506
-1.3230539666749954,0.0008656989283395362,0.007945562804848786,0.007992584245431807
-1.320567023128614,0.0007041945147480754,0.008013275751841027,0.008044158016203104
-1.3180800795822323,0.000540254483017619,0.008077920544807363,0.008095966602861052
-1.3155931360358508,0.0003739321244536712,0.008139425407229298,0.00814801025978418
-1.3131061924894691,0.0002052826548149754,0.00819771935112928,0.008200289234426268
-1.3106192489430877,3.436320698222751e-05,0.008252732225808865,0.008252803767259842
-1.308132305396706,-0.00013876717755824112,0.008304394766683132,0.008305554091719689
-1.3056453618503245,-0.00031404755842460384,0.008352638644183572,0.008358540434146458
-1.3031584183039429,-0.00049141510725136,0.008397396512701227,0.00841176301373033
-1.3006714747575614,-0.0006708051198105606,0.008438602059541476,0.008465222042454746
-1.2981845312111797,-0.0008521510293489973,0.008476190053861703,0.00851891772504023
-1.2956975876647983,-0.001035384421147528,0.008510096395562501,0.008572850258888282
-1.2932106441184166,-0.0012204350483080487,0.008540258164103046,0.008627019834025387
-1.2907237005720351,-0.0014072308487726177,0.008566613667210735,0.008681426633047076
-1.2882367570256534,-0.0015956979635790706,0.008589102489455117,0.008736070831062124
-1.285749813479272,-0.0017857607563562187,0.008607665540655705,0.008790952595636814
-1.2832628699328903,-0.001977341834061321,0.008622245104093236,0.008846072086739333
-1.2807759263865088,-0.0021703620689617594,0.008632784884493459,0.008901429456684287
-1.2782889828401272,-0.002364740621861822,0.008639230055752558,0.008957024850077272
-1.2758020392937457,-0.0025603949665753043,0.00864152730837305,0.009012858403759672
-1.273315095747364,-0.002757240915643275,0.008639624896578709,0.009068930246753473
-1.2708281522009826,-0.002955192647296,0.008633472685077118,0.009125240500206284
-1.2683412086546009,-0.0031541627336570516,0.008623022195438182,0.009181789277336443
-1.2658542651082194,-0.003354062170186999,0.008608226652056846,0.009238576683378307
-1.2633673215618377,-0.003554800406362971,0.008589041027668195,0.009295602815527665
-1.2608803780154563,-0.0037562853775901057,0.008565422088382967,0.009352867762887278
-1.2583934344690746,-0.003958423538339599,0.008537328438211566,0.009410371606412626
-1.2559064909226931,-0.004161119896507506,0.00850472056304449,0.009468114418857771
-1.2534195473763114,-0.004364278048987726,0.00846756087405712,0.009526096264721406
-1.25093260382993,-0.004567800218451298,0.008425813750506994,0.009584317200193057
-1.2484456602835483,-0.004771587291324314,0.008379445581891227,0.009642777273099494
-1.2459587167371668,-0.004975538856954532,0.008328424809432463,0.009701476522851282
-1.2434717731907852,-0.005179553247957298,0.008272721966861156,0.009760414980389518
-1.2409848296444037,-0.005383527581729779,0.008212309720462468,0.00981959266813281
-1.238497886098022,-0.005587357803121595,0.008147162908356142,0.00987900959992437
-1.2360109425516406,-0.0057909387282500425,0.00807725857897743,0.009938665780979393
-1.2335239990052589,-0.0059941640894457,0.0080025760287281,0.009998561207832556
-1.2310370554588774,-0.006196926581315244,0.00792309683876565,0.010058695868285793
-1.2285501119124957,-0.006399117907905638,0.007838804910900192,0.010119069741356249
-1.2260631683661143,-0.0066006288309545,0.0077496865025677075,0.010179682797224473
-1.2235762248197326,-0.006801349219209786,0.00765573026084911,0.01024053499718283
-1.2210892812733511,-0.007001168098801095,0.007556927255504935,0.01030162629358411
-1.2186023377269695,-0.007199973704644933,0.007453271010995061,0.01036295662979045
-1.216115394180588,-0.007397653532864002,0.007344757537454152,0.010424525940122402
-1.2136284506342063,-0.007594094394201256,0.007231385360592909,0.010486334149808329
-1.2111415070878249,-0.007789182468407592,0.007113155550496126,0.010548381174934
-1.2086545635414432,-0.007982803359581705,0.006990071749288743,0.010610666922392462
-1.2061676199950617,-0.008174842152439795,0.0068621401976413495,0.01067319128983416
-1.20368067644868,-0.008365183469491748,0.006729369760087351,0.01073595416561733
-1.2011937329022986,-0.008553711529100071,0.006591771949123937,0.010798955428758686
-1.198706789355917,-0.008740310204396603,0.006449360948069875,0.010862194948884326
-1.1962198458095354,-0.008924863083031562,0.006302153632653453,0.010925672586180987
-1.1937329022631538,-0.009107253527728542,0.006150169591304349,0.010989388191347538
-1.1912459587167723,-0.009287364737618481,0.005993431144123742,0.011053341605546788
-1.1887590151703906,-0.009465079810324519,0.005831963360507728,0.011117532660357575
-1.1862720716240092,-0.00964028180476948,0.005665794075399204,0.0111819611777272
-1.1837851280776275,-0.009812853804676365,0.005494953904144461,0.011246626969924086
-1.181298184531246,-0.009982678982731951,0.005319476255930996,0.011311529839490849
-1.1788112409848643,-0.010149640665382738,0.005139397345783775,0.011376669579197607
-1.1763242974384829,-0.01031362239823163,0.004954756205097983,0.01144204597199566
-1.1738373538921012,-0.010474508012003395,0.00476559469068656,0.011507658790971481
-1.1713504103457197,-0.010632181689045908,0.004571957492321938,0.011573507799301032
-1.168863466799338,-0.010786528030333798,0.0043738921387518675,0.011639592750204455
-1.1663765232529566,-0.010937432122940268,0.004171449002169856,0.011705913386901065
-1.163889579706575,-0.0110847796079423,0.00396468130112193,0.011772469442564687
-1.1614026361601935,-0.011228456748724042,0.0037536451018314832,0.011839260640279441
-1.1589156926138118,-0.011368350499642079,0.003538399317925407,0.011906286692995734
-1.1564287490674303,-0.01150434857501631,0.0033190057085451716,0.011973547303486766
-1.1539418055210486,-0.011636339518409044,0.0030955288748273926,0.012041042164305306
-1.1514548619746672,-0.01176421277215482,0.0028680362547391916,0.01210877095774088
-1.1489679184282855,-0.011887858747102562,0.002636598116254861,0.012176733355777384
-1.146480974881904,-0.012007168892531398,0.002401287548860531,0.012244929020050964
-1.1439940313355224,-0.012122035766200988,0.0021621804533751643,0.012313357601808437
-1.141507087789141,-0.012232353104496468,0.0019193555300766223,0.012382018741865968
-1.1390201442427592,-0.012338015892628085,0.0016728942651225243,0.012450912070568287
-1.1365332006963778,-0.012438920434844639,0.001422880915257088,0.012520037207748162
-1.134046257149996,-0.012534964424620106,0.0011694024907947466,0.012589393762686456
-1.1315593136036146,-0.012626047014771588,0.0009125487368744223,0.012658981334072408
-1.129072370057233,-0.012712068887467311,0.0006524121129767681,0.012728799509964528
-1.1265854265108515,-0.01279293232408216,0.00038908777070007134,0.012798847867751791
-1.1240984829644698,-0.012868541274858538,0.00012267352979002685,0.012869125974115296
-1.1216115394180883,-0.01293880142832979,-0.0001467301475804567,0.012939633384990394
-1.1191245958717067,-0.01300362028046313,-0.00041902018428261134,0.013010369645529225
-1.1166376523253252,-0.01306290720347889,-0.0006940909174570144,0.013081334290063725
-1.1141507087789435,-0.013116573514302536,-0.000971834129491586,0.013152526842069072
-1.111663765232562,-0.01316453254260582,-0.001252139080752509,0.013223946814127597
-1.1091768216861804,-0.01320669969839322,-0.00153489254406585,0.013295593707893173
-1.106689878139799,-0.013242992539089605,-0.0018199788409465594,0.013367467014056033
-1.1042029345934172,-0.01327333083608506,-0.002107279879571759,0.013439566212308136
-1.1017159910470358,-0.013297636640692568,-0.0023966751944919764,0.013511890771308904
-1.099229047500654,-0.013315834349474387,-0.0026880419880750852,0.01358444014865157
-1.0967421039542726,-0.013327850768892566,-0.002981255173675029,0.013657213790829896
-1.094255160407891,-0.01333361517923949,-0.0032761874205170633,0.013730211133205487
-1.0917682168615095,-0.0133330593978039,-0.003572709200290001,0.013803431599975555
-1.0892812733151278,-0.013326117841228195,-0.0038706888354344193,0.013876874604141132
-1.0867943297687463,-0.013312727587012801,-0.00416999254911547,0.013950539547475941
-1.0843073862223647,-0.013292828434123322,-0.004470484516866944,0.01402442582049563
-1.0818204426759832,-0.013266362962656632,-0.004772026919892661,0.014098532802427628
-1.0793334991296015,-0.013233276592521912,-0.005074480000009872,0.01417285986118146
-1.07684655558322,-0.013193517641093005,-0.005377702116218475,0.014247406353319643
-1.0743596120368384,-0.013147037379788614,-0.0056815498028781235,0.01432217162402907
-1.071872668490457,-0.013093790089537118,-0.0059858778294751384,0.014397155007092979
-1.0693857249440752,-0.013033733115082996,-0.006290539261958995,0.014472355824863439
-1.0668987813976938,-0.012966826918092223,-0.006595385525627645,0.014547773388234356
-1.064411837851312,-0.01289303512901435,-0.0069002664695397556,0.014623406996615143
-1.0619248943049306,-0.012812324597659202,-0.007205030432430262,0.01469925593790479
-1.059437950758549,-0.012724665442446654,-0.007509524310105528,0.014775319488466637
-1.0569510072121675,-0.012630031098288296,-0.007813593624292209,0.01485159691310363
-1.0544640636657858,-0.01252839836306027,-0.008117082592913554,0.014928087465034209
-1.0519771201194044,-0.01241974744262694,-0.00841983420176549,0.01500479038586872
-1.0494901765730227,-0.01230406199437584,-0.00872169027756351,0.015081704905586432
-1.0470032330266412,-0.012181329169224445,-0.009022491562330967,0.015158830242513167
-1.0445162894802595,-0.01205153965206027,-0.009322077789097513,0.01523616560329948
-1.042029345933878,-0.01191468770057621,-0.009620287758875875,0.015313710182899473
-1.0395424023874964,-0.011770771182463604,-0.009916959418883832,0.01539146316455016
-1.037055458841115,-0.011619791610926331,-0.010211929941977506,0.015469423719751511
-1.0345685152947333,-0.011461754178479833,-0.010505035807260442,0.015547591008247033
-1.0320815717483518,-0.01129666778899954,-0.010796112881832786,0.015625964178005002
-1.0295946282019701,-0.011124545087984184,-0.011084996503643087,0.015704542365200348
-1.0271076846555887,-0.010945402490999985,-0.01137152156540459,0.01578332469419705
-1.024620741109207,-0.010759260210272627,-0.011655522599537088,0.015862310277531315
-1.0221337975628255,-0.010566142279394968,-0.01193683386409368,0.01594149821589525
-1.0196468540164438,-0.01036607657611841,-0.012215289429632261,0.016020887598121286
-1.0171599104700624,-0.010159094843198359,-0.012490723266988555,0.016100477501167124
-1.0146729669236807,-0.009945232707262932,-0.012762969335909025,0.016180266990101444
-1.0121860233772992,-0.00972452969567722,-0.013031861674498778,0.01626025511809019
-1.0096990798309176,-0.009497029251374857,-0.013297234489440264,0.016340440926383516
-1.007212136284536,-0.009262778745629708,-0.013558922246937466,0.016420823444303432
-1.0047251927381544,-0.009021829488742932,-0.01381675976433834,0.016501401689232052
-1.002238249191773,-0.008774236738619318,-0.014070582302389372,0.01658217466660058
-0.9997513056453914,-0.008520059707210436,-0.0143202256580732,0.016663141369878873
-0.9972643620990098,-0.008259361564801069,-0.014565526257981312,0.016744300780565793
-0.9947774185526282,-0.007992209442117664,-0.014806321252171966,0.016825651868180146
-0.9922904750062467,-0.007718674430238818,-0.015042448608462848,0.016907193590252296
-0.9898035314598651,-0.007438831578287516,-0.015273747207108262,0.016988924892316612
-0.9873165879134835,-0.007152759888888233,-0.015500056935808264,0.017070844707904362
-0.984829644367102,-0.0068605423113710425,-0.01572121878499835,0.017152951958537554
-0.9823427008207204,-0.006562265732707451,-0.015937074943366242,0.017235245553723296
-0.9798557572743388,-0.006258020966163449,-0.016147468893542606,0.017317724390948926
-0.9773688137279573,-0.005947902737656478,-0.016352245507911523,0.017400387355677862
-0.9748818701815757,-0.005632009669804283,-0.016551251144486277,0.017483233321346117
-0.972394926635194,-0.005310444263655335,-0.016744333742795204,0.017566261149359583
-0.9699079830888124,-0.004983312878090913,-0.016931342919722255,0.017649469689091955
-0.9674210395424309,-0.004650725706891227,-0.0171121300652462,0.017732857777883457
-0.9649340959960493,-0.004312796753458696,-0.01728654843802204,0.017816424241040234
-0.9624471524496677,-0.0039696438031929055,-0.017454453260747967,0.01790016789183451
-0.9599602089032861,-0.003621388393513652,-0.01761570181526055,0.017984087531505433
-0.9574732653569046,-0.003268155781528891,-0.01777015353730095,0.0180681819492607
-0.954986321810523,-0.0029100749093467935,-0.017917670110894256,0.018152449922278893
-0.9524993782641414,-0.002547278367031934,-0.01805811556228399,0.01823689021571255
-0.9500124347177599,-0.0021799023532070496,-0.018191356353363743,0.01832150158269199
-0.9475254911713783,-0.0018080866333039524,-0.018317261474547326,0.018406282764329904
-0.9450385476249967,-0.0014319744954670987,-0.018435702537019167,0.01849123248972667
-0.9425516040786152,-0.0010517127041167434,-0.018546553864306117,0.0185763494759764
-0.9400646605322336,-0.0006674514511783243,-0.018649692583112165,0.018661632428173824
-0.937577716985852,-0.00027934430498703487,-0.018744998713357122,0.01874708003942184
-0.9350907734394704,0.00011245184312162046,-0.018832355257360663,0.018832690990839868
-0.9326038298930889,0.0005077768345245344,-0.018911648288113002,0.018918463951573004
-0.9301168863467073,0.0009064673013126565,-0.01898276703657348,0.019004397578801853
-0.9276299428003257,0.001308356726567673,-0.019045603977938613,0.01909049051775323
-0.9251429992539442,0.00171327550689711,-0.019100054916821183,0.01917674140171157
-0.9226560557075626,0.002121051017210414,-0.019146019071282137,0.019263148852031137
-0.920169112161181,0.002531507677716437,-0.01918339915565732,0.019349711478149
-0.9176821686147995,0.0029444670231224706,-0.019212101462121347,0.01943642787759883
-0.9151952250684179,0.0033597477740115876,-0.019232035940931095,0.019523296636025412
-0.9127082815220363,0.0037771659103756883,-0.01924311627929172,0.01961031632719998
-0.9102213379756547,0.00419653474727864,-0.019245259978788593,0.019697485513036402
-0.9077343944292732,0.004617665012622773,-0.01923838843132861,0.01978480274360801
-0.9052474508828916,0.0050403649269914535,-0.01922242699353513,0.01987226655716538
-0.90276050733651,0.0054644402855369995,-0.01919730505954116,0.01995987548015479
-0.9002735637901285,0.005889694541884374,-0.019162956132125795,0.020047628027237537
-0.8977866202437469,0.006315928894017075,-0.01911931789213971,0.020135522701310075
-0.8952996766973653,0.006742942372111833,-0.01906633226616597,0.02022355799352485
-0.8928127331509838,0.007170531928287238,-0.01900394549236292,0.020311732383312055
-0.8903257896046022,0.0075984925282284455,-0.01893210818443709,0.020400044338402142
-0.8878388460582206,0.008026617244651271,-0.018850775393694005,0.020488492314849147
-0.885351902511839,0.008454697352564862,-0.01875990666911627,0.020577074757054763
-0.8828649589654575,0.008882522426292892,-0.018659466115418702,0.020665790097793377
-0.8803780154190759,0.009309880438210788,-0.018549422449030982,0.02075463675823777
-0.8778910718726943,0.009736557859154896,-0.018429749051959727,0.020843613147985676
-0.8754041283263128,0.010162339760459618,-0.01830042402348196,0.02093271766508721
-0.8729171847799312,0.010587009917575163,-0.018161430229623743,0.021021948696073017
-0.8704302412335496,0.011010350915219153,-0.01801275535037808,0.021111304615983383
-0.867943297687168,0.011432144254012764,-0.01785439192461734,0.021200783788397966
-0.8654563541407865,0.011852170458551636,-0.01768633739265689,0.021290384565466575
-0.8629694105944049,0.012270209186859662,-0.01750859413642709,0.02138010528794057
-0.8604824670480233,0.012686039341174054,-0.017321169517212194,0.021469944285205232
-0.8579955235016418,0.013099439180006684,-0.017124075910916244,0.021559899875312878
-0.8555085799552602,0.013510186431427904,-0.016917330740816274,0.021649970365016806
-0.8530216364088786,0.013918058407516266,-0.016700956507765354,0.021740154049806185
-0.850534692862497,0.014322832119916723,-0.016474980817808602,0.021830449213941512
-0.8480477493161155,0.01472428439644995,-0.01623943640717668,0.02192085413049124
-0.8455608057697339,0.015122191998712188,-0.015994361164623064,0.022011367061368935
-0.8430738622233523,0.015516331740606622,-0.015739798151071682,0.02210198625737144
-0.8405869186769708,0.01590648060774387,-0.015475795616544217,0.022192709958217833
-0.8380999751305892,0.01629241587764971,-0.015202407014336653,0.02228353639258914
-0.8356130315842076,0.01667391524071717,-0.014919691012416378,0.02237446377816904
-0.8331260880378261,0.017050756921837745,-0.014627711502013361,0.02246549032168521
-0.8306391444914445,0.017422719802648076,-0.014326537603378809,0.022556614218951665
-0.8281522009450629,0.01778958354432502,-0.014016243668688061,0.022647833654911846
-0.8256652573986814,0.018151128710863208,-0.013696909282064516,0.02273914680368258
-0.8231783138522998,0.018507136892767364,-0.01336861925670364,0.022830551828598847
-0.8206913703059182,0.01885739083109096,-0.013031463629078007,0.022922046882259368
-0.8182044267595366,0.01920167454175308,-0.01268553765020465,0.023013630106573105
-0.8157174832131551,0.019539773440062996,-0.012330941773959395,0.0231052996328065
-0.8132305396667735,0.01987147446538315,-0.011967781642422874,0.023197053581631624
-0.8107435961203919,0.020196566205859242,-0.011596168068245653,0.023288890063175093
-0.8082566525740104,0.020514839023146558,-0.011216217014020983,0.023380807177067916
-0.8057697090276288,0.020826085177060274,-0.010828049568656016,0.023472803012496
-0.8032827654812472,0.021130098950078294,-0.010431791920732911,0.023564875648251746
-0.8007958219348656,0.02142667677162294,-0.01002757532885479,0.023657023152786224
-0.7983088783884841,0.02171561734204943,-0.009615536088971206,0.023749243584262333
-0.7958219348421025,0.02199672175626718,-0.009195815498681096,0.02384153499060875
-0.7933349912957209,0.022269793626920466,-0.008768559818512595,0.023933895409574704
-0.7908480477493394,0.022534639207054705,-0.008333920230179911,0.024026322868785584
-0.7883611042029578,0.02279106751219384,-0.007892052791821416,0.024118815385799394
-0.7858741606565762,0.02303889044175508,-0.007443118390222045,0.024211370968164014
-0.7833872171101947,0.02327792289972621,-0.006987282690027787,0.024303987613475277
-0.7809002735638131,0.02350798291453115,-0.006524716079960005,0.024396663309435927
-0.7784133300174315,0.023728891758009515,-0.00605559361603932,0.024489396033915332
-0.77592638647105,0.023940474063435257,-0.005580094961832312,0.024582183755010104
-0.7734394429246684,0.024142557942500507,-0.005098404325733281,0.024675024431105433
-0.7709524993782868,0.024334975101189982,-0.00461071039529824,0.024767916010937367
-0.7684655558319052,0.02451756095447205,-0.004117206268647763,0.0248608564336558
-0.7659786122855237,0.024690154739732482,-0.0036180893829585695,0.024953843628888354
-0.7634916687391421,0.024852599628877238,-0.0031135614400649545,0.025046875516805053
-0.7610047251927605,0.025004742839030987,-0.0026038283291934007,0.025139950008183816
-0.758517781646379,0.025146435741758268,-0.0020891000468553195,0.025233065004476737
-0.7560308380999974,0.02527753397073486,-0.0015695906139246859,0.02532621839787723
-0.7535438945536158,0.025397897527796972,-0.0010455179899295148,0.02541940807138793
-0.7510569510072342,0.02550739088729688,-0.000517103984587507,0.025512631898889464
-0.7485700074608527,0.025605883098693476,1.542583338118202e-05,0.025605887745209922
-0.7460830639144711,0.025693247887307685,0.0005518422301308488,0.0256991734661953
-0.7435961203680895,0.025769363753172337,0.0010919124032192828,0.025792486908780558
-0.741109176821708,0.025834114067907643,0.0016354000807524058,0.025885825911061606
-0.7386222332753264,0.025887387169553525,0.0021820656231041455,0.02597918830236806
-0.7361352897289448,0.02592907645529122,0.002731666127169825,0.02607257190333674
-0.7336483461825632,0.0259590804719871,0.0032839555331108943,0.026165974525986065
-0.7311614026361817,0.02597730300449279,0.0038386847335443045,0.026259393973791095
-0.7286744590898001,0.025983653161636335,0.004395601685131677,0.02635282804175951
-0.7261875155434185,0.025978045459840345,0.004954451522518281,0.026446274516508283
-0.723700571997037,0.025960399904303787,0.005514976674572195,0.026539731176341095
-0.7212136284506554,0.025930642067685486,0.006076916982872425,0.02663319579132672
-0.7187266849042738,0.025888703166228128,0.006640009822390877,0.026726666123377932
-0.7162397413578923,0.02583452013326295,0.007203990224314972,0.02682013992633138
-0.7137527978115107,0.025768035690036373,0.007768591000952392,0.02691361494602809
-0.7112658542651291,0.025689198413801198,0.008333542872660693,0.027007088920394953
-0.7087789107187475,0.025597962803115795,0.008898574596741484,0.027100559579526635
-0.706291967172366,0.025494289340296933,0.009463413098237462,0.027194024645768602
-0.7038050236259844,0.025378144550972075,0.010027783602569769,0.027287481833800652
-0.7013180800796028,0.02524950106067943,0.010591409769950976,0.027380928850721346
-0.6988311365332213,0.025108337648464804,0.011154013831507568,0.02747436339613308
-0.6963441929868397,0.02495463929742599,0.011715316727045174,0.027567783162228004
-0.6938572494404581,0.02478839724215707,0.012275038244387092,0.02766118583387462
-0.6913703058940766,0.024609609013046266,0.01283289716021669,0.027754569088705116
-0.688883362347695,0.02441827847738282,0.01338861138235201,0.027847930597203502
-0.6863964188013134,0.024214415877229948,0.013941898093379729,0.02794126802279437
-0.6839094752549318,0.023998037864022447,0.014492473895575004,0.0280345790219325
-0.6814225317085503,0.02376916752984936,0.015040054957031734,0.028127861244193097
-0.6789355881621687,0.023527834435383824,0.015584357158927198,0.028221112332362772
-0.6764486446157871,0.02327407463442396,0.016125096243843454,0.028314329922531294
-0.6739617010694056,0.023007930695010458,0.016661987965067102,0.02840751164418393
-0.671474757523024,0.02272945171708834,0.017194748236788092,0.028500655120294642
-0.6689878139766424,0.022438693346682203,0.01772309328511665,0.028593757967419867
-0.6665008704302608,0.022135717786556323,0.01824673979983717,0.02868681779579303
-0.6640139268838793,0.021820593803332566,0.018765405086816584,0.0287798322094198
-0.6615269833374977,0.02149339673104147,0.01927880722098372,0.02887279880617392
-0.6590400397911161,0.021154208471083208,0.01978666519979612,0.028965715177893873
-0.6565530962447346,0.02080311748857793,0.020288699097108717,0.029058578910480068
-0.654066152698353,0.020440218805086206,0.02078463021735948,0.02915138758399285
-0.6515792091519714,0.02006561398768273,0.021274181249985383,0.029244138772751
-0.6490922656055899,0.01967941113436892,0.021757076423981867,0.029336830045431136
-0.6466053220592083,0.019281724855810988,0.022233041662518396,0.029429458965167504
-0.6441183785128267,0.018872676253393405,0.022701804737522195,0.029522023089652655
-0.6416314349664451,0.01845239289357916,0.02316309542414141,0.029614519971238627
-0.6391444914200636,0.018021008778570182,0.02361664565499921,0.02970694715703882
-0.636657547873682,0.017578664313264204,0.024062189674149137,0.0297993021890305
-0.6341706043273004,0.01712550626850558,0.024499464190642493,0.029891582604157942
-0.6316836607809189,0.016661687740630447,0.024928208531617757,0.029983785934436222
-0.6291967172345373,0.016187368107308683,0.02534816479482179,0.030075909707055534
-0.6267097736881557,0.01570271297968694,0.025759078000472984,0.030167951444486252
-0.6242228301417742,0.015207894150839806,0.026160696242375683,0.03025990866458451
-0.6217358865953926,0.014703089540537766,0.02655277083819579,0.030351778880698437
-0.619248943049011,0.014188483136343664,0.026935056478806858,0.03044355960177495
-0.6167619995026294,0.013664264931050683,0.027307311376616628,0.03053524833246714
-0.6142750559562479,0.013130630856477725,0.027669297412783768,0.030626842573242306
-0.6117881124098663,0.012587782713640146,0.02802078028323467,0.03071833982049047
-0.6093011688634847,0.012035928099316024,0.02836152964339065,0.030809737566633563
-0.6068142253171032,0.011475280329030238,0.028691319251515957,0.030901033300235102
-0.6043272817707216,0.010906058356481396,0.029009927110597446,0.03099222450611047
-0.60184033822434,0.010328486689437885,0.029317135608667194,0.031083308665437754
-0.5993533946779585,0.00974279530213291,0.029612731657479623,0.031174283255869076
-0.5968664511315769,0.009149219544189244,0.02989650682945547,0.03126514575164255
-0.5943795075851953,0.008548000046107498,0.030168257492805318,0.0313558936236947
-0.5918925640388137,0.007939382621353918,0.030427784944745944,0.03144652433977346
-0.5894056204924322,0.00732361816508524,0.03067489554272378,0.03153703536455165
-0.5869186769460506,0.006700962549550946,0.030909400833560082,0.031627424159741
-0.584431733399669,0.006071676516215542,0.031131117680433532,0.031717688184206685
-0.5819447898532875,0.005436025564644666,0.03133986838761664,0.03180782489408233
-0.5794578463069059,0.004794279838202435,0.03153548082288329,0.031897831742885505
-0.5769709027605243,0.004146714006608132,0.03171778853750576,0.031987706181633775
-0.5744839592141427,0.003493607145403304,0.03188663088376062,0.032077445658961215
-0.5719970156677612,0.0028352426123824893,0.032041853129863546,0.03216704762123524
-0.5695100721213796,0.002171907921041991,0.03218330657225504,0.03225650951267417
-0.567023128574998,0.0015038946111041742,0.03231084864515932,0.03234582877546503
-0.5645361850286165,0.0008314981161761827,0.0324243430273405,0.032435002849881926
-0.5620492414822349,0.00015501762860378867,0.03252365974598119,0.03252402917440481
-0.5595622979358533,-0.0005252440384157926,0.03260867527760999,0.03261290518583869
-0.5570753543894718,-0.0012089805913983686,0.03267927264600579,0.032701628319433275
-0.5545884108430902,-0.0018958823997468526,0.03273534151700838,0.0327901960090031
-0.5521014672967086,-0.0025856366414666126,0.03277677829016578,0.03287860568704788
-0.549614523750327,-0.003277927451351707,0.032803486187151135,0.03296685478487355
-0.5471275802039455,-0.003972436071569243,0.03281537533688278,0.03305494073271345
-0.5446406366575639,-0.004668841004568552,0.03281236285728314,0.03314286095985008
-0.5421536931111823,-0.005366818168238521,0.03279437293361361,0.03323061289473705
-0.5396667495648008,-0.006066041053236346,0.03276133689332473,0.033318193965121645
-0.5371798060184192,-0.006766180882408283,0.03271319327736177,0.03340560159816755
-0.5346928624720376,-0.0074669067722214055,0.03264988790786902,0.03349283322057806
-0.532205918925656,-0.008167885896124612,0.032571373952236526,0.03357988625871957
-0.5297189753792745,-0.008868783649754797,0.03247761198343598,0.033666758138745444
-0.5272320318328929,-0.009569263817902593,0.032368570036593936,0.033753446286720216
-0.5247450882865113,-0.010268988743151717,0.032244223661752426,0.0338399481287441
-0.5222581447401298,-0.010967619496102877,0.03210455597276952,0.03392626109107791
-0.5197712011937482,-0.011664816047093601,0.031949557692313744,0.034012382600268044
-0.5172842576473666,-0.012360237439322862,0.031779227192909223,0.03409831008327215
-0.5147973141009851,-0.013053541963288342,0.03159357053398969,0.034184040967584726
-0.5123103705546035,-0.013744387332443667,0.0313926014949223,0.034269572681363214
-0.5098234270082219,-0.014432430859980897,0.031176341603964118,0.03435490265355431
-0.5073364834618403,-0.015117329636642977,0.030944820163116376,0.034440028314020564
-0.5048495399154588,-0.015798740709470023,0.030698074268843828,0.034524947093667165
-0.5023625963690772,-0.016476321261381304,0.030436148828629345,0.03460965642456916
-0.4998756528226957,-0.017149728791495532,0.030159096573335036,0.034694153740098634
-0.4973887092763141,-0.017818621296089625,0.029866978065344968,0.03477843647505241
-0.49490176572993255,-0.018482657450096095,0.02955986170246586,0.034862502065779795
-0.492414822183551,-0.019141496789038603,0.02923782371756495,0.03494634795031061
-0.4899278786371694,-0.01979479989130362,0.028900948173926792,0.035029971568483406
-0.48744093509078784,-0.020442228560646772,0.028549326956312782,0.03511337036207391
-0.4849539915444062,-0.021083446008831008,0.028183059757709957,0.03519654177492361
-0.48246704799802465,-0.021718117038293017,0.027802254061758236,0.035279483253068566
-0.4799801044516431,-0.022345908224735082,0.027407025120847223,0.03536219224486844
-0.4774931609052615,-0.022966488099537517,0.026997495929876915,0.035444666201135525
-0.47500621735887993,-0.02357952733188797,0.026573797195678574,0.03552690257526409
-0.47251927381249836,-0.024184698910522773,0.026136067302094935,0.03560889882335983
-0.4700323302661168,-0.02478167832497537,0.025684452270721442,0.03569065240436944
-0.4675453867197352,-0.025370143746227248,0.025219105717312406,0.035772160780210255
-0.46505844317335365,-0.025949776206655825,0.024740188803859333,0.03585342141590015
-0.4625714996269721,-0.026520259779174833,0.024247870186350166,0.0359344317796874
-0.4600845560805905,-0.027081281755461803,0.02374232595822179,0.03601518934318075
-0.45759761253420894,-0.027632532823167882,0.023223739589520096,0.036095691581479544
-0.45511066898782737,-0.02817370724200528,0.02269230186178479,0.03617593597330388
-0.4526237254414458,-0.028704503018607944,0.022148210798678486,0.03625592000112493
-0.45013678189506423,-0.029224622080061283,0.021591671592382424,0.03633564115129523
-0.44764983834868266,-0.029733770445997128,0.021022896525783662,0.036415096914179136
-0.4451628948023011,-0.03023165839915059,0.020442104890481125,0.03649428478428321
-0.4426759512559195,-0.030718000654276004,0.01984952290064048,0.036573202260386656
-0.44018900770953795,-0.0311925165253198,0.01924538360273039,0.03665184684567195
-0.4377020641631564,-0.03165493009074844,0.01862992678117517,0.03673021604785519
-0.4352151206167748,-0.03210497035693065,0.018003398859961633,0.03680830737931674
-0.43272817707039324,-0.03254237141947364,0.017366052800240176,0.03688611835723169
-0.43024123352401167,-0.03296687262241411,0.016718147993962727,0.03696364650370032
-0.4277542899776301,-0.033378218715165525,0.01605995015360275,0.037040889345878715
-0.4252673464312485,-0.033776160007123905,0.015391731198005078,0.03711784441610907
-0.42278040288486696,-0.034160452519836,0.014713769134415454,0.03719450925205019
-0.4202934593384854,-0.0345308581366342,0.014026347936742437,0.03727088139680782
-0.4178065157921038,-0.03488714474964386,0.01332975742010654,0.037346958399064954
-0.41531957224572225,-0.03522908640407015,0.012624293111733947,0.03742273781321209
-0.4128326286993407,-0.0355564634396723,0.0119102561182546,0.03749821719947728
-0.4103456851529591,-0.0358690626293351,0.01118795298946636,0.03757339412405636
-0.40785874160657754,-0.03616667731464817,0.010457695578630096,0.037648266159242785
-0.40537179806019596,-0.03644910753840553,0.009719800899361612,0.03772283088355753
-0.4028848545138144,-0.036716160173939305,0.008974590979189786,0.0377970858818788
-0.4003979109674328,-0.03696764905120282,0.0082223927098517,0.037871028745571717
-0.39791096742105125,-0.037203395079520044,0.007463537694398096,0.03794465707261772
-0.3954240238746697,-0.037423226366920255,0.006698362091184312,0.03801796846774391
-0.3929370803282881,-0.0376269783359781,0.005927206454824238,0.03809096054255229
-0.39045013678190654,-0.03781449383608126,0.005150415574186778,0.038163630915648644
-0.387963193235525,-0.03798562325204978,0.004368338307516365,0.03823597721277148
-0.3854762496891434,-0.03814022460903294,0.0035813274147608364,0.038307997066920625
-0.38298930614276183,-0.03827816367361136,0.0027897393871921354,0.03837968811848568
-0.38050236259638026,-0.03839931405103435,0.0019939342744070858,0.03845104801537429
-0.3780154190499987,-0.03850355727852417,0.001194275508797424,0.038522074413140116
-0.3755284755036171,-0.038590782914581255,0.0003911297275799019,0.03859276497511073
-0.37304153195723555,-0.03866088862422638,-0.00041513340752097577,0.03866311737251507
-0.370554588410854,-0.03871378026011812,-0.0012241413928433152,0.038733129284610916
-0.3680676448644724,-0.03874937193948588,-0.002035519067515023,0.038802798398811816
-0.36558070131809084,-0.03876758611682153,-0.002848888800240829,0.038872122410814045
-0.36309375777170927,-0.038768353652274254,-0.003663870678049671,0.038941099024722946
-0.3606068142253277,-0.03875161387569659,-0.004480082696902237,0.03900972595317946
-0.35811987067894613,-0.038717314646290746,-0.005297140954056602,0.03907800091748583
-0.35563292713256456,-0.03866541240780804,-0.006114659842088669,0.039145921647731424
-0.353145983586183,-0.0385958722392557,-0.006932252244462962,0.039213485882918016
-0.3506590400398014,-0.03850866790106844,-0.007749529732547805,0.039280691371084864
-0.34817209649341985,-0.03840378187670429,-0.008566102763968207,0.039347535869433355
-0.3456851529470383,-0.03828120540962727,-0.009381580882187986,0.03941401714445143
-0.3431982094006567,-0.03814093853564136,-0.010195572917212264,0.03948013297203752
-0.34071126585427514,-0.03798299011054364,-0.01100768718730005,0.03954588113762425
-0.33822432230789357,-0.0378073778330665,-0.011817531701576081,0.03961125943630174
-0.335737378761512,-0.03761412826308171,-0.012624714363429669,0.039676265672940414
-0.3332504352151304,-0.037403276835042173,-0.013428843174588074,0.03974089766231361
-0.33076349166874885,-0.03717486786663915,-0.014229526439751068,0.03980515322921964
-0.3282765481223673,-0.03692895456265635,-0.015026372971672293,0.03986903020860353
-0.3257896045759857,-0.03666559901400444,-0.015818992296572902,0.03993252644567829
-0.32330266102960414,-0.03638487219192247,-0.01660699485977242,0.03999563979604578
-0.3208157174832226,-0.03608685393733579,-0.017389992231420803,0.04005836812581715
-0.318328773936841,-0.03577163294536228,-0.018167597312216007,0.040120709311732845
-0.31584183039045943,-0.035439306744962186,-0.018939424538990328,0.04018266124128206
-0.31335488684407786,-0.035089981673729155,-0.019705090090049397,0.04024422181282191
-0.3108679432976963,-0.03472377284782323,-0.020464212090146358,0.040305388935695914
-0.3083809997513147,-0.034340804127049325,-0.02121641081497515,0.040366160530352184
-0.30589405620493315,-0.03394120807508757,-0.02196130889506503,0.04042653452846103
-0.3034071126585516,-0.0335251259148846,-0.02269853151896027,0.04048650887303201
-0.30092016911217,-0.0330927074792182,-0.02342770663556779,0.04054608151853063
-0.29843322556578844,-0.032644111156449954,-0.024148465155556093,0.040605250430994354
-0.29594628201940687,-0.03217950383148393,-0.024860441151689405,0.040664013588148196
-0.2934593384730253,-0.031699060821952084,-0.02556327205798059,0.04072236897951971
-0.29097239492664373,-0.03120296580964979,-0.02625659886754769,0.04078031460655349
-0.28848545138026216,-0.030691410767248052,-0.026940066329058328,0.040837848482725085
-0.2859985078338806,-0.030164595880311545,-0.0276133231416478,0.04089496863365431
-0.283511564287499,-0.02962272946465456,-0.028276022148196463,0.04095167309721802
-0.28102462074111745,-0.02906602787906983,-0.028927820526853262,0.04100795992366235
-0.2785376771947359,-0.028494715433467592,-0.029568379980692762,0.04106382717571426
-0.2760507336483543,-0.02790902429246593,-0.03019736692539356,0.04111927292869253
-0.27356379010197274,-0.027309194374474984,-0.0308144526748277,0.041174295270618194
-0.27107684655559117,-0.026695473246321447,-0.031419313624450614,0.04122889230232425
-0.2685899030092096,-0.026068116013461987,-0.03201163143238289,0.041283062137564816
-0.266102959462828,-0.025427385205836768,-0.03259109319807611,0.04133680290312362
-0.26361601591644646,-0.024773550659417484,-0.0331573916384558,0.04139011273892188
-0.2611290723700649,-0.0241068893935064,-0.03371022526143633,0.04144298979812546
-0.2586421288236833,-0.023427685483845995,-0.034249298536703325,0.04149543224725147
-0.25615518527730174,-0.02273622993160079,-0.034774322063661184,0.04154743826627405
-0.2536682417309202,-0.02203282052827646,-0.035285012736443806,0.041599006048729605
-0.2511812981845386,-0.02131776171664252,-0.03578109390588929,0.041650133801821296
-0.24869435463815706,-0.020591364447729008,-0.03626229553837969,0.04170081974652285
-0.2462074110917755,-0.019853946033968357,-0.03672835437144958,0.0417510621176816
-0.24372046754539392,-0.019105829998557294,-0.03717901406606824,0.041800859164120914
-0.24123352399901232,-0.018347345921115553,-0.03761402535550218,0.04185020914874185
-0.23874658045263075,-0.01757882927972039,-0.03803314619066666,0.04189911034862408
-0.23625963690624918,-0.01680062128939841,-0.03843614188187645,0.041947561055126
-0.2337726933598676,-0.016013068737158277,-0.03882278523690836,0.04199555957398431
-0.23128574981348604,-0.015216523813650304,-0.03919285669528978,0.04204310422541262
-0.22879880626710447,-0.014411343941540897,-0.039546144458729386,0.04209019334419931
-0.2263118627207229,-0.013597891600691922,-0.0398824446176088,0.04213682527980485
-0.22382491917434133,-0.012776534150237268,-0.04020156127345554,0.04218299839645801
-0.22133797562795976,-0.01194764364765064,-0.04050330665732011,0.04222871107325155
-0.2188510320815782,-0.011111596664901066,-0.04078750124398223,0.04227396170423695
-0.21636408853519662,-0.010268774101793584,-0.04105397386191363,0.04231874869851842
-0.21387714498881505,-0.009419560996595628,-0.04130256179892702,0.042363070480346106
-0.21139020144243348,-0.008564346334050087,-0.04153311090344327,0.04240692548920842
-0.2089032578960519,-0.007703522850879097,-0.041745475681311296,0.042450312179923594
-0.20641631434967034,-0.006837486838883029,-0.041939519388117866,0.042493229022730346
-0.20392937080328877,-0.005966637945741535,-0.04211511411692651,0.04253567450337782
-0.2014424272569072,-0.00509137897362507,-0.042272140881387886,0.04257764712321451
-0.19895548371052563,-0.0042121156757259585,-0.04241048969416617,0.042619145399276505
-0.19646854016414406,-0.003329256550820786,-0.04253005964062885,0.04266016786437472
-0.1939815966177625,-0.0024432126359758273,-0.04263075894774999,0.042700713067181414
-0.19149465307138092,-0.0015543972975098916,-0.042712505048179555,0.0427407795723156
-0.18900770952499935,-0.0006632260203289362,-0.04277522463943462,0.04278036596042787
-0.18652076597861778,0.00022988380425113984,-0.04281885373817023,0.04281947082828408
-0.1840338224322362,0.0011245130920765427,-0.042843337729491573,0.042858092788848265
-0.18154687888585463,0.002020241281004221,-0.04284863141127095,0.04289623047136461
-0.17905993533947306,0.0029166465469079796,-0.04283469903343656,0.04293388252143849
-0.1765729917930915,0.003813306020722346,-0.042801514332202764,0.04297104760111668
-0.17408604824670992,0.0047097960064030105,-0.042749060559214375,0.043007724388966544
-0.17159910470032835,0.005605692199682769,-0.04267733050558055,0.04304391158015429
-0.16911216115394678,0.0065005699075004865,-0.04258632652077686,0.04307960788652241
-0.1666252176075652,0.007394004267980659,-0.04247606052639679,0.043114812036666006
-0.16413827406118364,0.00828557047084005,-0.04234655402473741,0.043149522776008316
-0.16165133051480207,0.009174843978097985,-0.04219783810220646,0.0431837388668752
-0.1591643869684205,0.010061400744966182,-0.04202995342754142,0.04321745908856867
-0.15667744342203893,0.010944817440793751,-0.041842950244834046,0.043250682237439456
-0.15419049987565736,0.011824671669942975,-0.041636888361356955,0.043283407126958634
-0.1517035563292758,0.012700542192471215,-0.041411837130191684,0.043315632587788255
-0.14921661278289422,0.013572009144494069,-0.04116787542766105,0.0433473574678509
-0.14672966923651265,0.014438654258105412,-0.04090509162557131,0.0433785806323984
-0.14424272569013108,0.015300061080729368,-0.040623583558272905,0.04340930096407946
-0.1417557821437495,0.016155815193780145,-0.04032345848455146,0.04343951736300627
-0.13926883859736794,0.017005504430505233,-0.040004833044364016,0.04346922874682011
-0.13678189505098637,0.01784871909288844,-0.03966783321043807,0.043498434050756055
-0.1342949515046048,0.018685052167489037,-0.039312594234754555,0.04352713222770648
-0.13180800795822323,0.019514099540094115,-0.03893926058993843,0.04355532224828366
-0.12932106441184166,0.02033546020906188,-0.038547985905583816,0.04358300310088128
-0.1268341208654601,0.021148736497233762,-0.03813893289954377,0.04361017379173499
-0.12434717731907853,0.021953534262294558,-0.03771227330421723,0.043636833344981814
-0.12186023377269696,0.022749463105459923,-0.03726818778786926,0.04366298080271856
-0.11937329022631538,0.02353613657837209,-0.0368068658710232,0.04368861522505923
-0.1168863466799338,0.024313172388084826,-0.03632850583796656,0.043713735690191255
-0.11439940313355224,0.02508019260002043,-0.03583331464341519,0.04373834129443083
-0.11191245958717067,0.025836823838781883,-0.035321507814383216,0.04376243115227697
-0.1094255160407891,0.02658269748670509,-0.03479330934730922,0.043786004396464774
-0.10693857249440752,0.027317449880036742,-0.034248951600491684,0.0438090601780173
-0.10445162894802595,0.028040722502625102,-0.033688675181889796,0.043831597666296664
-0.10196468540164438,0.028752162177012063,-0.033112728832348275,0.04385361604905383
-0.09947774185526281,0.0294514212528163,-0.032521369304307754,0.04387511453247741
-0.09699079830888124,0.030138157792298968,-0.03191486123606493,0.04389609234124139
-0.09450385476249967,0.030812035753004702,-0.031293477021649134,0.04391654871855167
-0.0920169112161181,0.031472725167372546,-0.030657496676385173,0.043936482926191685
-0.08952996766973653,0.03211990231921293,-0.03000720769821391,0.04395589424456666
-0.08704302412335496,0.03275324991694861,-0.0293429049248458,0.043974781972747
-0.08455608057697339,0.03337245726351948,-0.028664890386824002,0.04399314542851044
-0.08206913703059182,0.03397722042285261,-0.027973473156576837,0.044010983948383126
-0.07958219348421025,0.03456724238280134,-0.027268969193541475,0.04402829688767953
-0.07709524993782868,0.035142233214458835,-0.026551701185443248,0.044045083620541374
-0.07460830639144711,0.035701910227753604,-0.025821998385817006,0.04406134353997519
-0.07212136284506554,0.036245998123237026,-0.02508019644785968,0.04407707605788904
-0.06963441929868397,0.0367742291399744,-0.02432663725470491,0.04409228060512792
-0.0671474757523024,0.03728634319945376,-0.023561668746213123,0.044106956631508
-0.06466053220592083,0.03778208804542898,-0.022785644742372296,0.04412110360584995
-0.062173588659539265,0.03826121937961559,-0.021998924763406928,0.04413472101601085
-0.05968664511315769,0.0387235009931606,-0.021201873846694454,0.04414780836891517
-0.05719970156677612,0.039168704893809775,-0.02039486236059045,0.0441603651905845
-0.05471275802039455,0.03959661142869823,-0.01957826581526583,0.04417239102616613
-0.05222581447401298,0.04000700940269308,-0.018752464670660954,0.044183885439960574
-0.04973887092763141,0.04039969619221901,-0.017917844141663315,0.04419484801544784
-0.047251927381249836,0.04077447785450049,-0.01707479400061728,0.04420527835531258
-0.044764983834868266,0.04113116923215701,-0.016223708377275808,0.0442151760814681
-0.042278040288486696,0.04146959405309035,-0.015364985556305681,0.04422454083507921
-0.039791096742105125,0.04178958502560553,-0.014499027772459323,0.044233372276583895
-0.037304153195723555,0.0420909839287101,-0.013626241003527577,0.044241670085713856
-0.034817209649341985,0.04237364169753887,-0.012747034761189227,0.04424943396151381
-0.032330266102960414,0.04263741850385451,-0.011861821879874317,0.04425666362235974
-0.029843322556578844,0.04288218383157674,-0.010971018303759515,0.04426335880597594
-0.027356379010197274,0.04310781654729611,-0.010075042872014883,0.04426951926945078
-0.024869435463815703,0.0433142049657313,-0.009174317102422483,0.0442751447892515
-0.022382491917434133,0.04350124691009149,-0.008269264973488268,0.044280235161237615
-0.019895548371052563,0.043668849767308726,-0.007360312705169554,0.044284790200673406
-0.017408604824670992,0.04381693053810784,-0.00644788853834127,0.044288809742238956
-0.014921661278289422,0.04394541588188483,-0.0055324225131249015,0.04429229364004022
-0.012434717731907852,0.04405424215636731,-0.004614346246204776,0.04429524176761783
-0.009947774185526281,0.044143355452033954,-0.0036940927072568936,0.04429765401795477
-0.007460830639144711,0.044212711621272764,-0.002772095994616113,0.04429953030348283
-0.004973887092763141,0.0442622763022611,-0.0018487911103079048,0.044300870556087925
-0.0024869435463815703,0.04429202493755357,-0.0009246137345713053,0.04430167472711415
0.0,0.04430194278736682,0.0,0.04430194278736682
0.0024869435463815703,0.04429202493755357,0.0009246137345713053,0.04430167472711415
0.004973887092763141,0.0442622763022611,0.0018487911103079048,0.044300870556087925
0.007460830639144711,0.044212711621272764,0.002772095994616113,0.04429953030348283
0.009947774185526281,0.044143355452033954,0.0036940927072568936,0.04429765401795477
0.012434717731907852,0.04405424215636731,0.004614346246204776,0.04429524176761783
0.014921661278289422,0.04394541588188483,0.0055324225131249015,0.04429229364004022
0.017408604824670992,0.04381693053810784,0.00644788853834127,0.044288809742238956
0.019895548371052563,0.043668849767308726,0.007360312705169554,0.044284790200673406
0.022382491917434133,0.04350124691009149,0.008269264973488268,0.044280235161237615
0.024869435463815703,0.0433142049657313,0.009174317102422483,0.0442751447892515
0.027356379010197274,0.04310781654729611,0.010075042872014883,0.04426951926945078
0.029843322556578844,0.04288218383157674,0.010971018303759515,0.04426335880597594
0.032330266102960414,0.04263741850385451,0.011861821879874317,0.04425666362235974
0.034817209649341985,0.04237364169753887,0.012747034761189227,0.04424943396151381
0.037304153195723555,0.0420909839287101,0.013626241003527577,0.044241670085713856
0.039791096742105125,0.04178958502560553,0.014499027772459323,0.044233372276583895
0.042278040288486696,0.04146959405309035,0.015364985556305681,0.04422454083507921
0.044764983834868266,0.04113116923215701,0.016223708377275808,0.0442151760814681
0.047251927381249836,0.04077447785450049,0.01707479400061728,0.04420527835531258
0.04973887092763141,0.04039969619221901,0.017917844141663315,0.04419484801544784
0.05222581447401298,0.04000700940269308,0.018752464670660954,0.044183885439960574
0.05471275802039455,0.03959661142869823,0.01957826581526583,0.04417239102616613
0.05719970156677612,0.039168704893809775,0.02039486236059045,0.0441603651905845
0.05968664511315769,0.0387235009931606,0.021201873846694454,0.04414780836891517
0.062173588659539265,0.03826121937961559,0.021998924763406928,0.04413472101601085
0.06466053220592083,0.03778208804542898,0.022785644742372296,0.04412110360584995
0.0671474757523024,0.03728634319945376,0.023561668746213123,0.044106956631508
0.06963441929868397,0.0367742291399744,0.02432663725470491,0.04409228060512792
0.07212136284506554,0.036245998123237026,0.02508019644785968,0.04407707605788904
0.07460830639144711,0.035701910227753604,0.025821998385817006,0.04406134353997519
0.07709524993782868,0.035142233214458835,0.026551701185443248,0.044045083620541374
0.07958219348421025,0.03456724238280134,0.027268969193541475,0.04402829688767953
0.08206913703059182,0.03397722042285261,0.027973473156576837,0.044010983948383126
0.08455608057697339,0.03337245726351948,0.028664890386824002,0.04399314542851044
0.08704302412335496,0.03275324991694861,0.0293429049248458,0.043974781972747
0.08952996766973653,0.03211990231921293,0.03000720769821391,0.04395589424456666
0.0920169112161181,0.031472725167372546,0.030657496676385173,0.043936482926191685
0.09450385476249967,0.030812035753004702,0.031293477021649134,0.04391654871855167
0.09699079830888124,0.030138157792298968,0.03191486123606493,0.04389609234124139
0.09947774185526281,0.0294514212528163,0.032521369304307754,0.04387511453247741
0.10196468540164438,0.028752162177012063,0.033112728832348275,0.04385361604905383
0.10445162894802595,0.028040722502625102,0.033688675181889796,0.043831597666296664
0.10693857249440752,0.027317449880036742,0.034248951600491684,0.0438090601780173
0.1094255160407891,0.02658269748670509,0.03479330934730922,0.043786004396464774
0.11191245958717067,0.025836823838781883,0.035321507814383216,0.04376243115227697
0.11439940313355224,0.02508019260002043,0.03583331464341519,0.04373834129443083
0.1168863466799338,0.024313172388084826,0.03632850583796656,0.043713735690191255
0.11937329022631538,0.02353613657837209,0.0368068658710232,0.04368861522505923
0.12186023377269696,0.022749463105459923,0.03726818778786926,0.04366298080271856
0.12434717731907853,0.021953534262294558,0.03771227330421723,0.043636833344981814
0.1268341208654601,0.021148736497233762,0.03813893289954377,0.04361017379173499
0.12932106441184166,0.02033546020906188,0.038547985905583816,0.04358300310088128
0.13180800795822323,0.019514099540094115,0.03893926058993843,0.04355532224828366
0.1342949515046048,0.018685052167489037,0.039312594234754555,0.04352713222770648
0.13678189505098637,0.01784871909288844,0.03966783321043807,0.043498434050756055
0.13926883859736794,0.017005504430505233,0.040004833044364016,0.04346922874682011
0.1417557821437495,0.016155815193780145,0.04032345848455146,0.04343951736300627
0.14424272569013108,0.015300061080729368,0.040623583558272905,0.04340930096407946
0.14672966923651265,0.014438654258105412,0.04090509162557131,0.0433785806323984
0.14921661278289422,0.013572009144494069,0.04116787542766105,0.0433473574678509
0.1517035563292758,0.012700542192471215,0.041411837130191684,0.043315632587788255
0.15419049987565736,0.011824671669942975,0.041636888361356955,0.043283407126958634
0.15667744342203893,0.010944817440793751,0.041842950244834046,0.043250682237439456
0.1591643869684205,0.010061400744966182,0.04202995342754142,0.04321745908856867
0.16165133051480207,0.009174843978097985,0.04219783810220646,0.0431837388668752
0.16413827406118364,0.00828557047084005,0.04234655402473741,0.043149522776008316
0.1666252176075652,0.007394004267980659,0.04247606052639679,0.043114812036666006
0.16911216115394678,0.0065005699075004865,0.04258632652077686,0.04307960788652241
0.17159910470032835,0.005605692199682769,0.04267733050558055,0.04304391158015429
0.17408604824670992,0.0047097960064030105,0.042749060559214375,0.043007724388966544
0.1765729917930915,0.003813306020722346,0.042801514332202764,0.04297104760111668
0.17905993533947306,0.0029166465469079796,0.04283469903343656,0.04293388252143849
0.18154687888585463,0.002020241281004221,0.04284863141127095,0.04289623047136461
0.1840338224322362,0.0011245130920765427,0.042843337729491573,0.042858092788848265
0.18652076597861778,0.00022988380425113984,0.04281885373817023,0.04281947082828408
0.18900770952499935,-0.0006632260203289362,0.04277522463943462,0.04278036596042787
0.19149465307138092,-0.0015543972975098916,0.042712505048179555,0.0427407795723156
0.1939815966177625,-0.0024432126359758273,0.04263075894774999,0.042700713067181414
0.19646854016414406,-0.003329256550820786,0.04253005964062885,0.04266016786437472
0.19895548371052563,-0.0042121156757259585,0.04241048969416617,0.042619145399276505
0.2014424272569072,-0.00509137897362507,0.042272140881387886,0.04257764712321451
0.20392937080328877,-0.005966637945741535,0.04211511411692651,0.04253567450337782
0.20641631434967034,-0.006837486838883029,0.041939519388117866,0.042493229022730346
0.2089032578960519,-0.007703522850879097,0.041745475681311296,0.042450312179923594
0.21139020144243348,-0.008564346334050087,0.04153311090344327,0.04240692548920842
0.21387714498881505,-0.009419560996595628,0.04130256179892702,0.042363070480346106
0.21636408853519662,-0.010268774101793584,0.04105397386191363,0.04231874869851842
0.2188510320815782,-0.011111596664901066,0.04078750124398223,0.04227396170423695
0.22133797562795976,-0.01194764364765064,0.04050330665732011,0.04222871107325155
0.22382491917434133,-0.012776534150237268,0.04020156127345554,0.04218299839645801
0.2263118627207229,-0.013597891600691922,0.0398824446176088,0.04213682527980485
0.22879880626710447,-0.014411343941540897,0.039546144458729386,0.04209019334419931
0.23128574981348604,-0.015216523813650304,0.03919285669528978,0.04204310422541262
0.2337726933598676,-0.016013068737158277,0.03882278523690836,0.04199555957398431
0.23625963690624918,-0.01680062128939841,0.03843614188187645,0.041947561055126
0.23874658045263075,-0.01757882927972039,0.03803314619066666,0.04189911034862408
0.24123352399901232,-0.018347345921115553,0.03761402535550218,0.04185020914874185
0.24372046754539392,-0.019105829998557294,0.03717901406606824,0.041800859164120914
0.2462074110917755,-0.019853946033968357,0.03672835437144958,0.0417510621176816
0.24869435463815706,-0.020591364447729008,0.03626229553837969,0.04170081974652285
0.2511812981845386,-0.02131776171664252,0.03578109390588929,0.041650133801821296
0.2536682417309202,-0.02203282052827646,0.035285012736443806,0.041599006048729605
0.25615518527730174,-0.02273622993160079,0.034774322063661184,0.04154743826627405
0.2586421288236833,-0.023427685483845995,0.034249298536703325,0.04149543224725147
0.2611290723700649,-0.0241068893935064,0.03371022526143633,0.04144298979812546
0.26361601591644646,-0.024773550659417484,0.0331573916384558,0.04139011273892188
0.266102959462828,-0.025427385205836768,0.03259109319807611,0.04133680290312362
0.2685899030092096,-0.026068116013461987,0.03201163143238289,0.041283062137564816
0.27107684655559117,-0.026695473246321447,0.031419313624450614,0.04122889230232425
0.27356379010197274,-0.027309194374474984,0.0308144526748277,0.041174295270618194
0.2760507336483543,-0.02790902429246593,0.03019736692539356,0.04111927292869253
0.2785376771947359,-0.028494715433467592,0.029568379980692762,0.04106382717571426
0.28102462074111745,-0.02906602787906983,0.028927820526853262,0.04100795992366235
0.283511564287499,-0.02962272946465456,0.028276022148196463,0.04095167309721802
0.2859985078338806,-0.030164595880311545,0.0276133231416478,0.04089496863365431
0.28848545138026216,-0.030691410767248052,0.026940066329058328,0.040837848482725085
0.29097239492664373,-0.03120296580964979,0.02625659886754769,0.04078031460655349
0.2934593384730253,-0.031699060821952084,0.02556327205798059,0.04072236897951971
0.29594628201940687,-0.03217950383148393,0.024860441151689405,0.040664013588148196
0.29843322556578844,-0.032644111156449954,0.024148465155556093,0.040605250430994354
0.30092016911217,-0.0330927074792182,0.02342770663556779,0.04054608151853063
0.3034071126585516,-0.0335251259148846,0.02269853151896027,0.04048650887303201
0.30589405620493315,-0.03394120807508757,0.02196130889506503,0.04042653452846103
0.3083809997513147,-0.034340804127049325,0.02121641081497515,0.040366160530352184
0.3108679432976963,-0.03472377284782323,0.020464212090146358,0.040305388935695914
0.31335488684407786,-0.035089981673729155,0.019705090090049397,0.04024422181282191
0.31584183039045943,-0.035439306744962186,0.018939424538990328,0.04018266124128206
0.318328773936841,-0.03577163294536228,0.018167597312216007,0.040120709311732845
0.3208157174832226,-0.03608685393733579,0.017389992231420803,0.04005836812581715
0.32330266102960414,-0.03638487219192247,0.01660699485977242,0.03999563979604578
0.3257896045759857,-0.03666559901400444,0.015818992296572902,0.03993252644567829
0.3282765481223673,-0.03692895456265635,0.015026372971672293,0.03986903020860353
0.33076349166874885,-0.03717486786663915,0.014229526439751068,0.03980515322921964
0.3332504352151304,-0.037403276835042173,0.013428843174588074,0.03974089766231361
0.335737378761512,-0.03761412826308171,0.012624714363429669,0.039676265672940414
0.33822432230789357,-0.0378073778330665,0.011817531701576081,0.03961125943630174
0.34071126585427514,-0.03798299011054364,0.01100768718730005,0.03954588113762425
0.3431982094006567,-0.03814093853564136,0.010195572917212264,0.03948013297203752
0.3456851529470383,-0.03828120540962727,0.009381580882187986,0.03941401714445143
0.34817209649341985,-0.03840378187670429,0.008566102763968207,0.039347535869433355
0.3506590400398014,-0.03850866790106844,0.007749529732547805,0.039280691371084864
0.353145983586183,-0.0385958722392557,0.006932252244462962,0.039213485882918016
0.35563292713256456,-0.03866541240780804,0.006114659842088669,0.039145921647731424
0.35811987067894613,-0.038717314646290746,0.005297140954056602,0.03907800091748583
0.3606068142253277,-0.03875161387569659,0.004480082696902237,0.03900972595317946
0.36309375777170927,-0.038768353652274254,0.003663870678049671,0.038941099024722946
0.36558070131809084,-0.03876758611682153,0.002848888800240829,0.038872122410814045
0.3680676448644724,-0.03874937193948588,0.002035519067515023,0.038802798398811816
0.370554588410854,-0.03871378026011812,0.0012241413928433152,0.038733129284610916
0.37304153195723555,-0.03866088862422638,0.00041513340752097577,0.03866311737251507
0.3755284755036171,-0.038590782914581255,-0.0003911297275799019,0.03859276497511073
0.3780154190499987,-0.03850355727852417,-0.001194275508797424,0.038522074413140116
0.38050236259638026,-0.03839931405103435,-0.0019939342744070858,0.03845104801537429
0.38298930614276183,-0.03827816367361136,-0.0027897393871921354,0.03837968811848568
0.3854762496891434,-0.03814022460903294,-0.0035813274147608364,0.038307997066920625
0.387963193235525,-0.03798562325204978,-0.004368338307516365,0.03823597721277148
0.39045013678190654,-0.03781449383608126,-0.005150415574186778,0.038163630915648644
0.3929370803282881,-0.0376269783359781,-0.005927206454824238,0.03809096054255229
0.3954240238746697,-0.037423226366920255,-0.006698362091184312,0.03801796846774391
0.39791096742105125,-0.037203395079520044,-0.007463537694398096,0.03794465707261772
0.4003979109674328,-0.03696764905120282,-0.0082223927098517,0.037871028745571717
0.4028848545138144,-0.036716160173939305,-0.008974590979189786,0.0377970858818788
0.40537179806019596,-0.03644910753840553,-0.009719800899361612,0.03772283088355753
0.40785874160657754,-0.03616667731464817,-0.010457695578630096,0.037648266159242785
0.4103456851529591,-0.0358690626293351,-0.01118795298946636,0.03757339412405636
0.4128326286993407,-0.0355564634396723,-0.0119102561182546,0.03749821719947728
0.41531957224572225,-0.03522908640407015,-0.012624293111733947,0.03742273781321209
0.4178065157921038,-0.03488714474964386,-0.01332975742010654,0.037346958399064954
0.4202934593384854,-0.0345308581366342,-0.014026347936742437,0.03727088139680782
0.42278040288486696,-0.034160452519836,-0.014713769134415454,0.03719450925205019
0.4252673464312485,-0.033776160007123905,-0.015391731198005078,0.03711784441610907
0.4277542899776301,-0.033378218715165525,-0.01605995015360275,0.037040889345878715
0.43024123352401167,-0.03296687262241411,-0.016718147993962727,0.03696364650370032
0.43272817707039324,-0.03254237141947364,-0.017366052800240176,0.03688611835723169
0.4352151206167748,-0.03210497035693065,-0.018003398859961633,0.03680830737931674
0.4377020641631564,-0.03165493009074844,-0.01862992678117517,0.03673021604785519
0.44018900770953795,-0.0311925165253198,-0.01924538360273039,0.03665184684567195
0.4426759512559195,-0.030718000654276004,-0.01984952290064048,0.036573202260386656
0.4451628948023011,-0.03023165839915059,-0.020442104890481125,0.03649428478428321
0.44764983834868266,-0.029733770445997128,-0.021022896525783662,0.036415096914179136
0.45013678189506423,-0.029224622080061283,-0.021591671592382424,0.03633564115129523
0.4526237254414458,-0.028704503018607944,-0.022148210798678486,0.03625592000112493
0.45511066898782737,-0.02817370724200528,-0.02269230186178479,0.03617593597330388
0.45759761253420894,-0.027632532823167882,-0.023223739589520096,0.036095691581479544
0.4600845560805905,-0.027081281755461803,-0.02374232595822179,0.03601518934318075
0.4625714996269721,-0.026520259779174833,-0.024247870186350166,0.0359344317796874
0.46505844317335365,-0.025949776206655825,-0.024740188803859333,0.03585342141590015
0.4675453867197352,-0.025370143746227248,-0.025219105717312406,0.035772160780210255
0.4700323302661168,-0.02478167832497537,-0.025684452270721442,0.03569065240436944
0.47251927381249836,-0.024184698910522773,-0.026136067302094935,0.03560889882335983
0.47500621735887993,-0.02357952733188797,-0.026573797195678574,0.03552690257526409
0.4774931609052615,-0.022966488099537517,-0.026997495929876915,0.035444666201135525
0.4799801044516431,-0.022345908224735082,-0.027407025120847223,0.03536219224486844
0.48246704799802465,-0.021718117038293017,-0.027802254061758236,0.035279483253068566
0.4849539915444062,-0.021083446008831008,-0.028183059757709957,0.03519654177492361
0.48744093509078784,-0.020442228560646772,-0.028549326956312782,0.03511337036207391
0.4899278786371694,-0.01979479989130362,-0.028900948173926792,0.035029971568483406
0.492414822183551,-0.019141496789038603,-0.02923782371756495,0.03494634795031061
0.49490176572993255,-0.018482657450096095,-0.02955986170246586,0.034862502065779795
0.4973887092763141,-0.017818621296089625,-0.029866978065344968,0.03477843647505241
0.4998756528226957,-0.017149728791495532,-0.030159096573335036,0.034694153740098634
0.5023625963690772,-0.016476321261381304,-0.030436148828629345,0.03460965642456916
0.5048495399154588,-0.015798740709470023,-0.030698074268843828,0.034524947093667165
0.5073364834618403,-0.015117329636642977,-0.030944820163116376,0.034440028314020564
0.5098234270082219,-0.014432430859980897,-0.031176341603964118,0.03435490265355431
0.5123103705546035,-0.013744387332443667,-0.0313926014949223,0.034269572681363214
0.5147973141009851,-0.013053541963288342,-0.03159357053398969,0.034184040967584726
0.5172842576473666,-0.012360237439322862,-0.031779227192909223,0.03409831008327215
0.5197712011937482,-0.011664816047093601,-0.031949557692313744,0.034012382600268044
0.5222581447401298,-0.010967619496102877,-0.03210455597276952,0.03392626109107791
0.5247450882865113,-0.010268988743151717,-0.032244223661752426,0.0338399481287441
0.5272320318328929,-0.009569263817902593,-0.032368570036593936,0.033753446286720216
0.5297189753792745,-0.008868783649754797,-0.03247761198343598,0.033666758138745444
0.532205918925656,-0.008167885896124612,-0.032571373952236526,0.03357988625871957
0.5346928624720376,-0.0074669067722214055,-0.03264988790786902,0.03349283322057806
0.5371798060184192,-0.006766180882408283,-0.03271319327736177,0.03340560159816755
0.5396667495648008,-0.006066041053236346,-0.03276133689332473,0.033318193965121645
0.5421536931111823,-0.005366818168238521,-0.03279437293361361,0.03323061289473705
0.5446406366575639,-0.004668841004568552,-0.03281236285728314,0.03314286095985008
0.5471275802039455,-0.003972436071569243,-0.03281537533688278,0.03305494073271345
0.549614523750327,-0.003277927451351707,-0.032803486187151135,0.03296685478487355
0.5521014672967086,-0.0025856366414666126,-0.03277677829016578,0.03287860568704788
0.5545884108430902,-0.0018958823997468526,-0.03273534151700838,0.0327901960090031
0.5570753543894718,-0.0012089805913983686,-0.03267927264600579,0.032701628319433275
0.5595622979358533,-0.0005252440384157926,-0.03260867527760999,0.03261290518583869
0.5620492414822349,0.00015501762860378867,-0.03252365974598119,0.03252402917440481
0.5645361850286165,0.0008314981161761827,-0.0324243430273405,0.032435002849881926
0.567023128574998,0.0015038946111041742,-0.03231084864515932,0.03234582877546503
0.5695100721213796,0.002171907921041991,-0.03218330657225504,0.03225650951267417
0.5719970156677612,0.0028352426123824893,-0.032041853129863546,0.03216704762123524
0.5744839592141427,0.003493607145403304,-0.03188663088376062,0.032077445658961215
0.5769709027605243,0.004146714006608132,-0.03171778853750576,0.031987706181633775
0.5794578463069059,0.004794279838202435,-0.03153548082288329,0.031897831742885505
0.5819447898532875,0.005436025564644666,-0.03133986838761664,0.03180782489408233
0.584431733399669,0.006071676516215542,-0.031131117680433532,0.031717688184206685
0.5869186769460506,0.006700962549550946,-0.030909400833560082,0.031627424159741
0.5894056204924322,0.00732361816508524,-0.03067489554272378,0.03153703536455165
0.5918925640388137,0.007939382621353918,-0.030427784944745944,0.03144652433977346
0.5943795075851953,0.008548000046107498,-0.030168257492805318,0.0313558936236947
0.5968664511315769,0.009149219544189244,-0.02989650682945547,0.03126514575164255
0.5993533946779585,0.00974279530213291,-0.029612731657479623,0.031174283255869076
0.60184033822434,0.010328486689437885,-0.029317135608667194,0.031083308665437754
0.6043272817707216,0.010906058356481396,-0.029009927110597446,0.03099222450611047
0.6068142253171032,0.011475280329030238,-0.028691319251515957,0.030901033300235102
0.6093011688634847,0.012035928099316024,-0.02836152964339065,0.030809737566633563
0.6117881124098663,0.012587782713640146,-0.02802078028323467,0.03071833982049047
0.6142750559562479,0.013130630856477725,-0.027669297412783768,0.030626842573242306
0.6167619995026294,0.013664264931050683,-0.027307311376616628,0.03053524833246714
0.619248943049011,0.014188483136343664,-0.026935056478806858,0.03044355960177495
0.6217358865953926,0.014703089540537766,-0.02655277083819579,0.030351778880698437
0.6242228301417742,0.015207894150839806,-0.026160696242375683,0.03025990866458451
0.6267097736881557,0.01570271297968694,-0.025759078000472984,0.030167951444486252
0.6291967172345373,0.016187368107308683,-0.02534816479482179,0.030075909707055534
0.6316836607809189,0.016661687740630447,-0.024928208531617757,0.029983785934436222
0.6341706043273004,0.01712550626850558,-0.024499464190642493,0.029891582604157942
0.636657547873682,0.017578664313264204,-0.024062189674149137,0.0297993021890305
0.6391444914200636,0.018021008778570182,-0.02361664565499921,0.02970694715703882
0.6416314349664451,0.01845239289357916,-0.02316309542414141,0.029614519971238627
0.6441183785128267,0.018872676253393405,-0.022701804737522195,0.029522023089652655
0.6466053220592083,0.019281724855810988,-0.022233041662518396,0.029429458965167504
0.6490922656055899,0.01967941113436892,-0.021757076423981867,0.029336830045431136
0.6515792091519714,0.02006561398768273,-0.021274181249985383,0.029244138772751
0.654066152698353,0.020440218805086206,-0.02078463021735948,0.02915138758399285
0.6565530962447346,0.02080311748857793,-0.020288699097108717,0.029058578910480068
0.6590400397911161,0.021154208471083208,-0.01978666519979612,0.028965715177893873
0.6615269833374977,0.02149339673104147,-0.01927880722098372,0.02887279880617392
0.6640139268838793,0.021820593803332566,-0.018765405086816584,0.0287798322094198
0.6665008704302608,0.022135717786556323,-0.01824673979983717,0.02868681779579303
0.6689878139766424,0.022438693346682203,-0.01772309328511665,0.028593757967419867
0.671474757523024,0.02272945171708834,-0.017194748236788092,0.028500655120294642
0.6739617010694056,0.023007930695010458,-0.016661987965067102,0.02840751164418393
0.6764486446157871,0.02327407463442396,-0.016125096243843454,0.028314329922531294
0.6789355881621687,0.023527834435383824,-0.015584357158927198,0.028221112332362772
0.6814225317085503,0.02376916752984936,-0.015040054957031734,0.028127861244193097
0.6839094752549318,0.023998037864022447,-0.014492473895575004,0.0280345790219325
0.6863964188013134,0.024214415877229948,-0.013941898093379729,0.02794126802279437
0.688883362347695,0.02441827847738282,-0.01338861138235201,0.027847930597203502
0.6913703058940766,0.024609609013046266,-0.01283289716021669,0.027754569088705116
0.6938572494404581,0.02478839724215707,-0.012275038244387092,0.02766118583387462
0.6963441929868397,0.02495463929742599,-0.011715316727045174,0.027567783162228004
0.6988311365332213,0.025108337648464804,-0.011154013831507568,0.02747436339613308
0.7013180800796028,0.02524950106067943,-0.010591409769950976,0.027380928850721346
0.7038050236259844,0.025378144550972075,-0.010027783602569769,0.027287481833800652
0.706291967172366,0.025494289340296933,-0.009463413098237462,0.027194024645768602
0.7087789107187475,0.025597962803115795,-0.008898574596741484,0.027100559579526635
0.7112658542651291,0.025689198413801198,-0.008333542872660693,0.027007088920394953
0.7137527978115107,0.025768035690036373,-0.007768591000952392,0.02691361494602809
0.7162397413578923,0.02583452013326295,-0.007203990224314972,0.02682013992633138
0.7187266849042738,0.025888703166228128,-0.006640009822390877,0.026726666123377932
0.7212136284506554,0.025930642067685486,-0.006076916982872425,0.02663319579132672
0.723700571997037,0.025960399904303787,-0.005514976674572195,0.026539731176341095
0.7261875155434185,0.025978045459840345,-0.004954451522518281,0.026446274516508283
0.7286744590898001,0.025983653161636335,-0.004395601685131677,0.02635282804175951
0.7311614026361817,0.02597730300449279,-0.0038386847335443045,0.026259393973791095
0.7336483461825632,0.0259590804719871,-0.0032839555331108943,0.026165974525986065
0.7361352897289448,0.02592907645529122,-0.002731666127169825,0.02607257190333674
0.7386222332753264,0.025887387169553525,-0.0021820656231041455,0.02597918830236806
0.741109176821708,0.025834114067907643,-0.0016354000807524058,0.025885825911061606
0.7435961203680895,0.025769363753172337,-0.0010919124032192828,0.025792486908780558
0.7460830639144711,0.025693247887307685,-0.0005518422301308488,0.0256991734661953
0.7485700074608527,0.025605883098693476,-1.542583338118202e-05,0.025605887745209922
0.7510569510072342,0.02550739088729688,0.000517103984587507,0.025512631898889464
0.7535438945536158,0.025397897527796972,0.0010455179899295148,0.02541940807138793
0.7560308380999974,0.02527753397073486,0.0015695906139246859,0.02532621839787723
0.758517781646379,0.025146435741758268,0.0020891000468553195,0.025233065004476737
0.7610047251927605,0.025004742839030987,0.0026038283291934007,0.025139950008183816
0.7634916687391421,0.024852599628877238,0.0031135614400649545,0.025046875516805053
0.7659786122855237,0.024690154739732482,0.0036180893829585695,0.024953843628888354
0.7684655558319052,0.02451756095447205,0.004117206268647763,0.0248608564336558
0.7709524993782868,0.024334975101189982,0.00461071039529824,0.024767916010937367
0.7734394429246684,0.024142557942500507,0.005098404325733281,0.024675024431105433
0.77592638647105,0.023940474063435257,0.005580094961832312,0.024582183755010104
0.7784133300174315,0.023728891758009515,0.00605559361603932,0.024489396033915332
0.7809002735638131,0.02350798291453115,0.006524716079960005,0.024396663309435927
0.7833872171101947,0.02327792289972621,0.006987282690027787,0.024303987613475277
0.7858741606565762,0.02303889044175508,0.007443118390222045,0.024211370968164014
0.7883611042029578,0.02279106751219384,0.007892052791821416,0.024118815385799394
0.7908480477493394,0.022534639207054705,0.008333920230179911,0.024026322868785584
0.7933349912957209,0.022269793626920466,0.008768559818512595,0.023933895409574704
0.7958219348421025,0.02199672175626718,0.009195815498681096,0.02384153499060875
0.7983088783884841,0.02171561734204943,0.009615536088971206,0.023749243584262333
0.8007958219348656,0.02142667677162294,0.01002757532885479,0.023657023152786224
0.8032827654812472,0.021130098950078294,0.010431791920732911,0.023564875648251746
0.8057697090276288,0.020826085177060274,0.010828049568656016,0.023472803012496
0.8082566525740104,0.020514839023146558,0.011216217014020983,0.023380807177067916
0.8107435961203919,0.020196566205859242,0.011596168068245653,0.023288890063175093
0.8132305396667735,0.01987147446538315,0.011967781642422874,0.023197053581631624
0.8157174832131551,0.019539773440062996,0.012330941773959395,0.0231052996328065
0.8182044267595366,0.01920167454175308,0.01268553765020465,0.023013630106573105
0.8206913703059182,0.01885739083109096,0.013031463629078007,0.022922046882259368
0.8231783138522998,0.018507136892767364,0.01336861925670364,0.022830551828598847
0.8256652573986814,0.018151128710863208,0.013696909282064516,0.02273914680368258
0.8281522009450629,0.01778958354432502,0.014016243668688061,0.022647833654911846
0.8306391444914445,0.017422719802648076,0.014326537603378809,0.022556614218951665
0.8331260880378261,0.017050756921837745,0.014627711502013361,0.02246549032168521
0.8356130315842076,0.01667391524071717,0.014919691012416378,0.02237446377816904
0.8380999751305892,0.01629241587764971,0.015202407014336653,0.02228353639258914
0.8405869186769708,0.01590648060774387,0.015475795616544217,0.022192709958217833
0.8430738622233523,0.015516331740606622,0.015739798151071682,0.02210198625737144
0.8455608057697339,0.015122191998712188,0.015994361164623064,0.022011367061368935
0.8480477493161155,0.01472428439644995,0.01623943640717668,0.02192085413049124
0.850534692862497,0.014322832119916723,0.016474980817808602,0.021830449213941512
0.8530216364088786,0.013918058407516266,0.016700956507765354,0.021740154049806185
0.8555085799552602,0.013510186431427904,0.016917330740816274,0.021649970365016806
0.8579955235016418,0.013099439180006684,0.017124075910916244,0.021559899875312878
0.8604824670480233,0.012686039341174054,0.017321169517212194,0.021469944285205232
0.8629694105944049,0.012270209186859662,0.01750859413642709,0.02138010528794057
0.8654563541407865,0.011852170458551636,0.01768633739265689,0.021290384565466575
0.867943297687168,0.011432144254012764,0.01785439192461734,0.021200783788397966
0.8704302412335496,0.011010350915219153,0.01801275535037808,0.021111304615983383
0.8729171847799312,0.010587009917575163,0.018161430229623743,0.021021948696073017
0.8754041283263128,0.010162339760459618,0.01830042402348196,0.02093271766508721
0.8778910718726943,0.009736557859154896,0.018429749051959727,0.020843613147985676
0.8803780154190759,0.009309880438210788,0.018549422449030982,0.02075463675823777
0.8828649589654575,0.008882522426292892,0.018659466115418702,0.020665790097793377
0.885351902511839,0.008454697352564862,0.01875990666911627,0.020577074757054763
0.8878388460582206,0.008026617244651271,0.018850775393694005,0.020488492314849147
0.8903257896046022,0.0075984925282284455,0.01893210818443709,0.020400044338402142
0.8928127331509838,0.007170531928287238,0.01900394549236292,0.020311732383312055
0.8952996766973653,0.006742942372111833,0.01906633226616597,0.02022355799352485
0.8977866202437469,0.006315928894017075,0.01911931789213971,0.020135522701310075
0.9002735637901285,0.005889694541884374,0.019162956132125795,0.020047628027237537
0.90276050733651,0.0054644402855369995,0.01919730505954116,0.01995987548015479
0.9052474508828916,0.0050403649269914535,0.01922242699353513,0.01987226655716538
0.9077343944292732,0.004617665012622773,0.01923838843132861,0.01978480274360801
0.9102213379756547,0.00419653474727864,0.019245259978788593,0.019697485513036402
0.9127082815220363,0.0037771659103756883,0.01924311627929172,0.01961031632719998
0.9151952250684179,0.0033597477740115876,0.019232035940931095,0.019523296636025412
0.9176821686147995,0.0029444670231224706,0.019212101462121347,0.01943642787759883
0.920169112161181,0.002531507677716437,0.01918339915565732,0.019349711478149
0.9226560557075626,0.002121051017210414,0.019146019071282137,0.019263148852031137
0.9251429992539442,0.00171327550689711,0.019100054916821183,0.01917674140171157
0.9276299428003257,0.001308356726567673,0.019045603977938613,0.01909049051775323
0.9301168863467073,0.0009064673013126565,0.01898276703657348,0.019004397578801853
0.9326038298930889,0.0005077768345245344,0.018911648288113002,0.018918463951573004
0.9350907734394704,0.00011245184312162046,0.018832355257360663,0.018832690990839868
0.937577716985852,-0.00027934430498703487,0.018744998713357122,0.01874708003942184
0.9400646605322336,-0.0006674514511783243,0.018649692583112165,0.018661632428173824
0.9425516040786152,-0.0010517127041167434,0.018546553864306117,0.0185763494759764
0.9450385476249967,-0.0014319744954670987,0.018435702537019167,0.01849123248972667
0.9475254911713783,-0.0018080866333039524,0.018317261474547326,0.018406282764329904
0.9500124347177599,-0.0021799023532070496,0.018191356353363743,0.01832150158269199
0.9524993782641414,-0.002547278367031934,0.01805811556228399,0.01823689021571255
0.954986321810523,-0.0029100749093467935,0.017917670110894256,0.018152449922278893
0.9574732653569046,-0.003268155781528891,0.01777015353730095,0.0180681819492607
0.9599602089032861,-0.003621388393513652,0.01761570181526055,0.017984087531505433
0.9624471524496677,-0.0039696438031929055,0.017454453260747967,0.01790016789183451
0.9649340959960493,-0.004312796753458696,0.01728654843802204,0.017816424241040234
0.9674210395424309,-0.004650725706891227,0.0171121300652462,0.017732857777883457
0.9699079830888124,-0.004983312878090913,0.016931342919722255,0.017649469689091955
0.972394926635194,-0.005310444263655335,0.016744333742795204,0.017566261149359583
0.9748818701815757,-0.005632009669804283,0.016551251144486277,0.017483233321346117
0.9773688137279573,-0.005947902737656478,0.016352245507911523,0.017400387355677862
0.9798557572743388,-0.006258020966163449,0.016147468893542606,0.017317724390948926
0.9823427008207204,-0.006562265732707451,0.015937074943366242,0.017235245553723296
0.984829644367102,-0.0068605423113710425,0.01572121878499835,0.017152951958537554
0.9873165879134835,-0.007152759888888233,0.015500056935808264,0.017070844707904362
0.9898035314598651,-0.007438831578287516,0.015273747207108262,0.016988924892316612
0.9922904750062467,-0.007718674430238818,0.015042448608462848,0.016907193590252296
0.9947774185526282,-0.007992209442117664,0.014806321252171966,0.016825651868180146
0.9972643620990098,-0.008259361564801069,0.014565526257981312,0.016744300780565793
0.9997513056453914,-0.008520059707210436,0.0143202256580732,0.016663141369878873
1.002238249191773,-0.008774236738619318,0.014070582302389372,0.01658217466660058
1.0047251927381544,-0.009021829488742932,0.01381675976433834,0.016501401689232052
1.007212136284536,-0.009262778745629708,0.013558922246937466,0.016420823444303432
1.0096990798309176,-0.009497029251374857,0.013297234489440264,0.016340440926383516
1.0121860233772992,-0.00972452969567722,0.013031861674498778,0.01626025511809019
1.0146729669236807,-0.009945232707262932,0.012762969335909025,0.016180266990101444
1.0171599104700624,-0.010159094843198359,0.012490723266988555,0.016100477501167124
1.0196468540164438,-0.01036607657611841,0.012215289429632261,0.016020887598121286
1.0221337975628255,-0.010566142279394968,0.01193683386409368,0.01594149821589525
1.024620741109207,-0.010759260210272627,0.011655522599537088,0.015862310277531315
1.0271076846555887,-0.010945402490999985,0.01137152156540459,0.01578332469419705
1.0295946282019701,-0.011124545087984184,0.011084996503643087,0.015704542365200348
1.0320815717483518,-0.01129666778899954,0.010796112881832786,0.015625964178005002
1.0345685152947333,-0.011461754178479833,0.010505035807260442,0.015547591008247033
1.037055458841115,-0.011619791610926331,0.010211929941977506,0.015469423719751511
1.0395424023874964,-0.011770771182463604,0.009916959418883832,0.01539146316455016
1.042029345933878,-0.01191468770057621,0.009620287758875875,0.015313710182899473
1.0445162894802595,-0.01205153965206027,0.009322077789097513,0.01523616560329948
1.0470032330266412,-0.012181329169224445,0.009022491562330967,0.015158830242513167
1.0494901765730227,-0.01230406199437584,0.00872169027756351,0.015081704905586432
1.0519771201194044,-0.01241974744262694,0.00841983420176549,0.01500479038586872
1.0544640636657858,-0.01252839836306027,0.008117082592913554,0.014928087465034209
1.0569510072121675,-0.012630031098288296,0.007813593624292209,0.01485159691310363
1.059437950758549,-0.012724665442446654,0.007509524310105528,0.014775319488466637
1.0619248943049306,-0.012812324597659202,0.007205030432430262,0.01469925593790479
1.064411837851312,-0.01289303512901435,0.0069002664695397556,0.014623406996615143
1.0668987813976938,-0.012966826918092223,0.006595385525627645,0.014547773388234356
1.0693857249440752,-0.013033733115082996,0.006290539261958995,0.014472355824863439
1.071872668490457,-0.013093790089537118,0.0059858778294751384,0.014397155007092979
1.0743596120368384,-0.013147037379788614,0.0056815498028781235,0.01432217162402907
1.07684655558322,-0.013193517641093005,0.005377702116218475,0.014247406353319643
1.0793334991296015,-0.013233276592521912,0.005074480000009872,0.01417285986118146
1.0818204426759832,-0.013266362962656632,0.004772026919892661,0.014098532802427628
1.0843073862223647,-0.013292828434123322,0.004470484516866944,0.01402442582049563
1.0867943297687463,-0.013312727587012801,0.00416999254911547,0.013950539547475941
1.0892812733151278,-0.013326117841228195,0.0038706888354344193,0.013876874604141132
1.0917682168615095,-0.0133330593978039,0.003572709200290001,0.013803431599975555
1.094255160407891,-0.01333361517923949,0.0032761874205170633,0.013730211133205487
1.0967421039542726,-0.013327850768892566,0.002981255173675029,0.013657213790829896
1.099229047500654,-0.013315834349474387,0.0026880419880750852,0.01358444014865157
1.1017159910470358,-0.013297636640692568,0.0023966751944919764,0.013511890771308904
1.1042029345934172,-0.01327333083608506,0.002107279879571759,0.013439566212308136
1.106689878139799,-0.013242992539089605,0.0018199788409465594,0.013367467014056033
1.1091768216861804,-0.01320669969839322,0.00153489254406585,0.013295593707893173
1.111663765232562,-0.01316453254260582,0.001252139080752509,0.013223946814127597
1.1141507087789435,-0.013116573514302536,0.000971834129491586,0.013152526842069072
1.1166376523253252,-0.01306290720347889,0.0006940909174570144,0.013081334290063725
1.1191245958717067,-0.01300362028046313,0.00041902018428261134,0.013010369645529225
1.1216115394180883,-0.01293880142832979,0.0001467301475804567,0.012939633384990394
1.1240984829644698,-0.012868541274858538,-0.00012267352979002685,0.012869125974115296
1.1265854265108515,-0.01279293232408216,-0.00038908777070007134,0.012798847867751791
1.129072370057233,-0.012712068887467311,-0.0006524121129767681,0.012728799509964528
1.1315593136036146,-0.012626047014771588,-0.0009125487368744223,0.012658981334072408
1.134046257149996,-0.012534964424620106,-0.0011694024907947466,0.012589393762686456
1.1365332006963778,-0.012438920434844639,-0.001422880915257088,0.012520037207748162
1.1390201442427592,-0.012338015892628085,-0.0016728942651225243,0.012450912070568287
1.141507087789141,-0.012232353104496468,-0.0019193555300766223,0.012382018741865968
1.1439940313355224,-0.012122035766200988,-0.0021621804533751643,0.012313357601808437
1.146480974881904,-0.012007168892531398,-0.002401287548860531,0.012244929020050964
1.1489679184282855,-0.011887858747102562,-0.002636598116254861,0.012176733355777384
1.1514548619746672,-0.01176421277215482,-0.0028680362547391916,0.01210877095774088
1.1539418055210486,-0.011636339518409044,-0.0030955288748273926,0.012041042164305306
1.1564287490674303,-0.01150434857501631,-0.0033190057085451716,0.011973547303486766
1.1589156926138118,-0.011368350499642079,-0.003538399317925407,0.011906286692995734
1.1614026361601935,-0.011228456748724042,-0.0037536451018314832,0.011839260640279441
1.163889579706575,-0.0110847796079423,-0.00396468130112193,0.011772469442564687
1.1663765232529566,-0.010937432122940268,-0.004171449002169856,0.011705913386901065
1.168863466799338,-0.010786528030333798,-0.0043738921387518675,0.011639592750204455
1.1713504103457197,-0.010632181689045908,-0.004571957492321938,0.011573507799301032
1.1738373538921012,-0.010474508012003395,-0.00476559469068656,0.011507658790971481
1.1763242974384829,-0.01031362239823163,-0.004954756205097983,0.01144204597199566
1.1788112409848643,-0.010149640665382738,-0.005139397345783775,0.011376669579197607
1.181298184531246,-0.009982678982731951,-0.005319476255930996,0.011311529839490849
1.1837851280776275,-0.009812853804676365,-0.005494953904144461,0.011246626969924086
1.1862720716240092,-0.00964028180476948,-0.005665794075399204,0.0111819611777272
1.1887590151703906,-0.009465079810324519,-0.005831963360507728,0.011117532660357575
1.1912459587167723,-0.009287364737618481,-0.005993431144123742,0.011053341605546788
1.1937329022631538,-0.009107253527728542,-0.006150169591304349,0.010989388191347538
1.1962198458095354,-0.008924863083031562,-0.006302153632653453,0.010925672586180987
1.198706789355917,-0.008740310204396603,-0.006449360948069875,0.010862194948884326
1.2011937329022986,-0.008553711529100071,-0.006591771949123937,0.010798955428758686
1.20368067644868,-0.008365183469491748,-0.006729369760087351,0.01073595416561733
1.2061676199950617,-0.008174842152439795,-0.0068621401976413495,0.01067319128983416
1.2086545635414432,-0.007982803359581705,-0.006990071749288743,0.010610666922392462
1.2111415070878249,-0.007789182468407592,-0.007113155550496126,0.010548381174934
1.2136284506342063,-0.007594094394201256,-0.007231385360592909,0.010486334149808329
1.216115394180588,-0.007397653532864002,-0.007344757537454152,0.010424525940122402
1.2186023377269695,-0.007199973704644933,-0.007453271010995061,0.01036295662979045
1.2210892812733511,-0.007001168098801095,-0.007556927255504935,0.01030162629358411
1.2235762248197326,-0.006801349219209786,-0.00765573026084911,0.01024053499718283
1.2260631683661143,-0.0066006288309545,-0.0077496865025677075,0.010179682797224473
1.2285501119124957,-0.006399117907905638,-0.007838804910900192,0.010119069741356249
1.2310370554588774,-0.006196926581315244,-0.00792309683876565,0.010058695868285793
1.2335239990052589,-0.0059941640894457,-0.0080025760287281,0.009998561207832556
1.2360109425516406,-0.0057909387282500425,-0.00807725857897743,0.009938665780979393
1.238497886098022,-0.005587357803121595,-0.008147162908356142,0.00987900959992437
1.2409848296444037,-0.005383527581729779,-0.008212309720462468,0.00981959266813281
1.2434717731907852,-0.005179553247957298,-0.008272721966861156,0.009760414980389518
1.2459587167371668,-0.004975538856954532,-0.008328424809432463,0.009701476522851282
1.2484456602835483,-0.004771587291324314,-0.008379445581891227,0.009642777273099494
1.25093260382993,-0.004567800218451298,-0.008425813750506994,0.009584317200193057
1.2534195473763114,-0.004364278048987726,-0.00846756087405712,0.009526096264721406
1.2559064909226931,-0.004161119896507506,-0.00850472056304449,0.009468114418857771
1.2583934344690746,-0.003958423538339599,-0.008537328438211566,0.009410371606412626
1.2608803780154563,-0.0037562853775901057,-0.008565422088382967,0.009352867762887278
1.2633673215618377,-0.003554800406362971,-0.008589041027668195,0.009295602815527665
1.2658542651082194,-0.003354062170186999,-0.008608226652056846,0.009238576683378307
1.2683412086546009,-0.0031541627336570516,-0.008623022195438182,0.009181789277336443
1.2708281522009826,-0.002955192647296,-0.008633472685077118,0.009125240500206284
1.273315095747364,-0.002757240915643275,-0.008639624896578709,0.009068930246753473
1.2758020392937457,-0.0025603949665753043,-0.00864152730837305,0.009012858403759672
1.2782889828401272,-0.002364740621861822,-0.008639230055752558,0.008957024850077272
1.2807759263865088,-0.0021703620689617594,-0.008632784884493459,0.008901429456684287
1.2832628699328903,-0.001977341834061321,-0.008622245104093236,0.008846072086739333
1.285749813479272,-0.0017857607563562187,-0.008607665540655705,0.008790952595636814
1.2882367570256534,-0.0015956979635790706,-0.008589102489455117,0.008736070831062124
1.2907237005720351,-0.0014072308487726177,-0.008566613667210735,0.008681426633047076
1.2932106441184166,-0.0012204350483080487,-0.008540258164103046,0.008627019834025387
1.2956975876647983,-0.001035384421147528,-0.008510096395562501,0.008572850258888282
1.2981845312111797,-0.0008521510293489973,-0.008476190053861703,0.00851891772504023
1.3006714747575614,-0.0006708051198105606,-0.008438602059541476,0.008465222042454746
1.3031584183039429,-0.00049141510725136,-0.008397396512701227,0.00841176301373033
1.3056453618503245,-0.00031404755842460384,-0.008352638644183572,0.008358540434146458
1.308132305396706,-0.00013876717755824112,-0.008304394766683132,0.008305554091719689
1.3106192489430877,3.436320698222751e-05,-0.008252732225808865,0.008252803767259842
1.3131061924894691,0.0002052826548149754,-0.00819771935112928,0.008200289234426268
1.3155931360358508,0.0003739321244536712,-0.008139425407229298,0.00814801025978418
1.3180800795822323,0.000540254483017619,-0.008077920544807363,0.008095966602861052
1.320567023128614,0.0007041945147480754,-0.008013275751841027,0.008044158016203104
1.3230539666749954,0.0008656989283395362,-0.007945562804848786,0.007992584245431807
1.325540910221377,0.0010247163630953,-0.007874854220275746,0.007941245029300506
1.3280278537677586,0.0011811973939173195,-0.007801223206030064,0.007890140099751022
1.3305147973141402,0.001335094535140668,-0.007724743613197001,0.007839269181970367
1.3330017408605217,0.0014863622432240119,-0.007645489887956737,0.007788631994447461
1.3354886844069034,0.001634956918307548,-0.007563537023731861,0.007738228249029898
1.3379756279532848,0.0017808369046507244,-0.007478960513589959,0.007688057650980757
1.3404625714996665,0.0019239624899625783,-0.007391836302926211,0.007638119899035419
1.342949515046048,0.0020642959036377153,-0.007302240742450633,0.007588414685458447
1.3454364585924297,0.0022018013139122623,-0.007210250541503815,0.0075389416961004424
1.3479234021388111,0.0023364448239534532,-0.007115942721724957,0.0074897006104549515
1.3504103456851928,0.00246819446689817,-0.007019394571095121,0.007440691101715377
1.3528972892315743,0.0025970201998554575,-0.00692068359837832,0.007391912836831882
1.355384232777956,0.002722893896888599,-0.006819887487982669,0.007343365476568339
1.3578711763243374,0.002845789340993336,-0.006717084055262885,0.0072950486755592086
1.360358119870719,0.0029656822150881646,-0.006612351202285592,0.00724696208236651
1.3628450634171005,0.003082550092034394,-0.006505766874077515,0.0071991053395366825
1.3653320069634822,0.0031963724237026652,-0.006397409015376998,0.0071514780836575125
1.3678189505098637,0.003307130529104173,-0.006287355527907973,0.007104079945415014
1.3703058940562454,0.0034148075816044982,-0.006175684228195428,0.007056910549650273
1.3727928376026268,0.003519388595238354,-0.00606247280594084,0.007009969515416311
1.3752797811490085,0.0036208604101444493,-0.005947798782975079,0.006963256456034867
1.37776672469539,0.003719211677139044,-0.005831739472806425,0.006916770979153204
1.3802536682417716,0.003814432841448007,-0.0057143719407800235,0.00687051268680083
1.382740611788153,0.003906516125616843,-0.0055957729648651085,0.006824481175446209
1.3852275553345348,0.003995455511618673,-0.005476018997085464,0.0067786760360534215
1.3877144988809162,0.004081246722180433,-0.005355186125608034,0.006733096854138763
1.390201442427298,0.004163887201347571,-0.005233350037504228,0.006687743209827334
1.3926883859736794,0.004243376094308081,-0.005110585982197503,0.006642614677909515
1.395175329520061,0.004319714226496597,-0.00498696873561063,0.00659771082789743
1.3976622730664425,0.00439290408199964,-0.004862572565025192,0.006553031224081325
1.4001492166128242,0.004462949781283248,-0.004737471194665398,0.006508575425585893
1.4026361601592057,0.0045298570582643785,-0.004611737772017635,0.0064643429864265235
1.4051231037055874,0.004593633236747502,-0.004485444834896733,0.00642033345556546
1.4076100472519688,0.00465428720624824,-0.004358664279269154,0.006376546376967937
1.4100969907983505,0.004711829397225586,-0.004231467327842808,0.0063329812896581635
1.412583934344732,0.004766271755744735,-0.00410392449943272,0.006289637727775273
1.4150708778911136,0.00481762771759242,-0.0039761055791109525,0.006246515220629178
1.417557821437495,0.0048659121818666684,-0.003848079589148906,0.006203613292756315
1.4200447649838768,0.004911141484063231,-0.0037199147607592125,0.006160931463975319
1.4225317085302582,0.004953333368680627,-0.0035916785066441477,0.006118469249442585
1.42501865207664,0.0049925069613659945,-0.0034634373943567315,0.006076226159707723
1.4275055956230214,0.005028682740623938,-0.003335257120480168,0.006034201700768937
1.429992539169403,0.005061882509110376,-0.003207202485630806,0.005992395374128276
1.4324794827157845,0.005092129364533632,-0.0030793373702889893,0.005950806676846762
1.4349664262621662,0.005119447670184818,-0.00295172471146187,0.005909435101599427
1.4374533698085477,0.005143863025119494,-0.002824426480181631,0.00586828013673024
1.4399403133549293,0.005165402234012695,-0.002697503659841741,0.005827341266306867
1.4424272569013108,0.005184093276709127,-0.002571016225373881,0.005786617970175371
1.4449142004476925,0.005199965277490415,-0.002445023123267073,0.00574610972401473
1.447401143994074,0.0052130484740811524,-0.002319582252430263,0.00570581599939126
1.4498880875404556,0.0052233741864153175,-0.002194750445899204,0.005665736263812907
1.452375031086837,0.005230974785184606,-0.0020705834533875363,0.005625869980783362
1.4548619746332188,0.00523588366018999,-0.0019471359246820588,0.005586216609856081
1.4573489181796002,0.005238135188517778,-0.0018244613938810973,0.005546775606688153
1.459835861725982,0.0052377647025612095,-0.0017026122644746952,0.005507546423094024
1.4623228052723634,0.005234808457908469,-0.0015816397952646897,0.0054685285070990505
1.464809748818745,0.005229303601117838,-0.00146159408712244,0.005429721302992932
1.4672966923651265,0.005221288137400531,-0.0013425240705813221,0.0053911242513829845
1.4697836359115082,0.005210800898231482,-0.0012244774942606707,0.005352736789247246
1.4722705794578896,0.005197881508908249,-0.0011075009141174117,0.005314558349987439
1.4747575230042713,0.005182570356077888,-0.0009916396835210873,0.0052765883634817564
1.4772444665506528,0.005164908555251454,-0.0008769379441476966,0.0052388262561375
1.4797314100970345,0.005144937918325561,-0.000763438617687171,0.005201271450943534
1.482218353643416,0.005122700921130132,-0.0006511833983589289,0.005163923367522584
1.4847052971897976,0.005098240671021307,-0.0005402127462295222,0.005126781422183379
1.487192240736179,0.005071600874538042,-0.00043056588132592857,0.005089845027972561
1.4896791842825607,0.005042825805140875,-0.00032228077853778484,0.0050531135947264865
1.4921661278289422,0.00501196027105086,-0.00021539416330129587,0.005016586529122813
1.4946530713753239,0.004979049583206467,-0.00010994150805729496,0.004980263234731916
1.4971400149217053,0.004944139523355935,-5.957029475303257e-06,0.004944143112068099
1.499626958468087,0.004907276312302269,9.652631356447615e-05,0.004908225558640648
1.5021139020144685,0.004868506578317726,0.0001974768212401462,0.00487250996900469
1.5046008455608502,0.0048278773257443095,0.0002968640533169892,0.004836995734811828
1.5070877891072316,0.004785435903796571,0.0003946588289456064,0.0048016822448606515
1.5095747326536133,0.004741229975582458,0.0004908332257391949,0.004766568885146965
1.5120616761999948,0.004695307487357898,0.0005853605781397269,0.004731655038913891
1.5145486197463764,0.004647716638030203,0.0006782154750835892,0.0046969400867017275
1.517035563292758,0.0045985058489252375,0.0007693737569770619,0.004662423406397645
1.5195225068391396,0.004547723733832715,0.0008588125119928906,0.004628104373285126
1.522009450385521,0.004495419069343902,0.0009465100716987266,0.004593982360093247
1.5244963939319027,0.004441640765495386,0.001032446006029213,0.0045600567370457255
1.5269833374782842,0.004386437836732342,0.0011166011176132833,0.004526326871909754
1.5294702810246659,0.004329859373204405,0.0011989574354685252,0.0044927921300446675
1.5319572245710473,0.0042719545124065995,0.001279498208075059,0.004459451874450311
1.534444168117429,0.004212772411177865,0.0013582078958409858,0.004426305465815273
1.5369311116638105,0.004152362218068871,0.00143507216297229,0.004393352262564863
1.5394180552101921,0.004090773046090689,0.0015100778687599033,0.004360591620908859
1.5419049987565736,0.00402805394585555,0.0015832130582968274,0.004328022894889081
1.5443919423029553,0.003964253879120194,0.001654466952638756,0.00429564543642667
1.5468788858493367,0.0038994216927424356,0.0017238299384212173,0.004263458595369208
1.5493658293957184,0.003833606093060676,0.0017912935569470163,0.004231461719537569
1.5518527729421,0.0037668556207060763,0.0018568504927574305,0.004199654154772566
1.5543397164884816,0.0036992186258564333,0.0019204945617011236,0.004168035244981351
1.556826660034863,0.003630743243940657,0.0019822206985144943,0.0041366043321835865
1.5593136035812447,0.0035614773718021693,0.002042024943927621,0.004105360756557393
1.5618005471276262,0.003491468644329187,0.00209990443130992,0.004074303856485047
1.5642874906740079,0.003420764411559568,0.0021558573728696698,0.004043432968598465
1.5667744342203893,0.0033494117162672834,0.002209883045421838,0.004012747427824413
1.569261377766771,0.0032774572720374764,0.0022619817757384302,0.0039822465674295105
1.5717483213131525,0.0032049474418364256,0.002312154925495941,0.003951929719064977
1.5742352648595341,0.0031319282170824566,0.0023604048758343495,0.003921796212811149
1.5767222084059156,0.0030584451972234003,0.0024067350115422347,0.003891845377221721
1.5792091519522973,0.002984543569825914,0.002451149704882562,0.0038620765393677895
1.5816960954986787,0.002910268091181466,0.0024936542990737385,0.0038324890248816047
1.5841830390450604,0.0028356630674334794,0.002534255091440575,0.003803082158000104
1.5866699825914419,0.002760772336229719,0.0025729593162497804,0.0037738552616081926
1.5891569261378236,0.0026856392489035966,0.0026097751272446,0.0037448076572817518
1.591643869684205,0.0026103066531877957,0.002644711579893205,0.003715938665330428
1.5941308132305867,0.002534816876463128,0.002677778613365387,0.003687247604840139
1.5966177567769682,0.0024592117095452617,0.002708987032252141,0.00365873379371536
1.5991047003233498,0.002383532391011417,0.0027383484880426647,0.003630396548721111
1.6015916438697313,0.0023078195920690674,0.0027658754603731807,0.0036022351855247306
1.604078587416113,0.0022321134019679806,0.0027915812380620397,0.0035742490187373717
1.6065655309624944,0.0021564533139568458,0.002815479899945391,0.00354643736195523
1.6090524745088761,0.002080878211785272,0.0028375862955277178,0.003518799527800552
1.6115394180552576,0.0020054263567514698,0.0028579160254614345,0.0034913348279623307
1.6140263616016393,0.0019301353752959078,0.002876485421869575,0.0034640425732367754
1.6165133051480207,0.001855042247140542,0.0028933115285256447,0.003436922073567516
1.6190002486944024,0.0017801832939731393,0.002908412080904447,0.003409972638085531
1.6214871922407839,0.0017055941686757894,0.002921805486117706,0.0033831935751488388
1.6239741357871655,0.0016313098450962446,0.002933510802748133,0.003356584192381882
1.626461079333547,0.0015573646083607469,0.002943547720595449,0.0033301437967146836
1.6289480228799287,0.0014837920457263004,0.0029519365403477835,0.0033038716944217253
1.6314349664263101,0.0014106250379703944,0.0029586981531916474,0.0032777671911605683
1.6339219099726918,0.0013378957513154632,0.0029638540203736586,0.003251829592010176
1.6364088535190733,0.0012656356298856124,0.002967426152726902,0.003226058201509008
1.638895797065455,0.001193875388692314,0.0029694370901747606,0.0032004523236928203
1.6413827406118364,0.0011226450071458187,0.0029699098812248355,0.003175011262132207
1.643869684158218,0.00105197372308875,0.0029688680624653744,0.0031497343199698787
1.6463566277045996,0.0009818900273477562,0.0029663356380765366,0.0031246207999576377
1.6488435712509812,0.0009124216587993502,0.002962337059368549,0.0030996700044931334
1.6513305147973627,0.0008435955999452732,0.0029568972043586728,0.0030748812356562907
1.6538174583437444,0.0007754380729928854,0.0029500413573987174,0.0030502537952455345
1.6563044018901258,0.0007079745364354937,0.002941795188864563,0.0030257869848136602
1.6587913454365075,0.0006412296821276434,0.0029321847349190644,0.0030014801057035015
1.661278288982889,0.0005752274328498611,0.0029212363773594052,0.002977332459083289
1.6637652325292707,0.0005099909403572273,0.0029089768235598186,0.00295334334598174
1.6662521760756521,0.00044554258390602764,0.0028954330865203597,0.0029295120673228977
1.6687391196220338,0.0003819039692522863,0.002880632465032163,0.002905837923960648
1.6712260631684153,0.0003190959281160921,0.0028646025239694754,0.002882320216713015
1.673713006714797,0.00025713851810514463,0.0028473710747184402,0.002858958246396151
1.6761999502611784,0.0001960510230908729,0.0028289661557524314,0.002835751313858052
1.67868689380756,0.00013585195403036923,0.002809416013363525,0.0028126987200120224
1.6811738373539415,7.655905022699074e-05,0.0027887490825593635,0.0027897997658698284
1.6836607809003232,1.818928102260032e-05,0.0027669939681345696,0.0027670537525746066
1.6861477244467047,-3.9241152086015235e-05,0.0027441794259254956,0.0027444599814334734
1.6886346679930864,-9.571681291402001e-05,0.0027203343442569745,0.0027220177539498966
1.6911216115394678,-0.00015122302764638496,0.0026954877255893368,0.002699726371855732
1.6936085550858495,-0.00020574588149447785,0.002669668668373919,0.00267758513714304
1.696095498632231,-0.00025927221495934883,0.002642906349124839,0.0026555933520955935
1.6985824421786127,-0.00031178961970978076,0.0026152300047147083,0.0026337503193201257
1.701069385724994,-0.0003632864340832916,0.002586668914901627,0.0026120553417772977
1.7035563292713758,-0.00041375173821841496,0.002557252385094563,0.0025905077228123813
1.7060432728177573,-0.00046317534882662733,0.002527009729364013,0.0025691067661856816
1.708530216364139,-0.000511547813612461,0.0024959702537045267,0.00254785177610267
1.7110171599105204,-0.0005588604053503828,0.002464163239555474,0.002526742057243858
1.713504103456902,-0.0006051051156272192,0.0024316179275861083,0.00250577691479437
1.7159910470032835,-0.0006502746482587806,0.0023983635017508485,0.002484955654473269
1.7184779905496652,-0.0006943624123896359,0.0023644290736202986,0.0024642775825625845
1.7209649340960467,-0.0007373625152848918,0.0023298436669933974,0.0024437420059360815
1.7234518776424284,-0.0007792697548229576,0.002294636202795772,0.0024233482320877514
1.7259388211888098,-0.0008200796116983966,0.00225883548426907,0.002403095569160011
1.7284257647351915,-0.0008597882413438345,0.0022224701824559534,0.0023829833259716533
1.730912708281573,-0.0008983924655801308,0.0021855688219849824,0.0023630108120455077
1.7333996518279546,-0.0009358897640039085,0.002148159767159519,0.0023431773376358283
1.735886595374336,-0.0009722782651216316,0.002110271208354478,0.0023234822137554226
1.7383735389207178,-0.0010075567372394877,0.002071931148724438,0.0023039247522024784
1.7408604824670992,-0.0010417245791181995,0.0020331673912265275,0.002284504265587148
1.743347426013481,-0.0010747818104020757,0.001994007525961093,0.002265220067357837
1.7458343695598624,-0.0011067290618314387,0.00195447891783307,0.002246071471827249
1.748321313106244,-0.0011375675652477795,0.0019146086945365198,0.0022270577941981206
1.7508082566526255,-0.0011672991434007092,0.0018744237348648392,0.002208178350588711
1.7532952001990072,-0.0011959261995660294,0.0018339506573486555,0.0021894324580580267
1.7557821437453887,-0.0012234517069840529,0.0017932158092232966,0.002170819434630747
1.7582690872917703,-0.0012498791981272871,0.0017522452557275517,0.002152338599321915
1.7607560308381518,-0.0012752127538067227,0.0017110647697350055,0.0021339892721613275
1.7632429743845335,-0.0012994569921256662,0.0016696998217192766,0.002115770774217677
1.765729917930915,-0.001322617057290284,0.0016281755700539957,0.002097682427622414
1.7682168614772966,-0.0013446986082857777,0.0015865168516483459,0.00207972355559336
1.770703805023678,-0.0013657078074271868,0.0015447481729185745,0.0020618934824580167
1.7731907485700598,-0.0013856513087936602,0.0015028937010958963,0.0020441915336766522
1.7756776921164412,-0.0014045362465550453,0.0014609772558707706,0.002026617035865095
1.778164635662823,-0.001422370223199559,0.0014190223013734356,0.0020091693168172576
1.7806515792092044,-0.0014391612976712084,0.0013770519384904171,0.001991847705527431
1.783138522755586,-0.0014549179734255901,0.0013350888975163504,0.001974651532212266
1.7856254663019675,-0.0014696491864125696,0.0012931555311405018,0.001957580128332529
1.7881124098483492,-0.0014833642929943057,0.0012512738077669508,0.0019406328266145818
1.7905993533947306,-0.001496073057806978,0.0012094653051673066,0.0019238089610715942
1.7930862969411123,-0.00150778564157446,0.0011677512044646718,0.0019071078670245157
1.7955732404874938,-0.0015185125888821265,0.001126152284447248,0.0018905288811227544
1.7980601840338755,-0.0015282648159188315,0.0010846889162099847,0.0018740713413646268
1.800547127580257,-0.0015370535981950315,0.001043381058122317,0.00185773458711753
1.8030340711266386,-0.0015448905582449153,0.0010022482511199673,0.0018415179591378735
1.80552101467302,-0.0015517876533202586,0.0009613096143185412,0.0018254207995907295
1.8080079582194017,-0.0015577571630836437,0.0009205838409465817,0.0018094424520692452
1.8104949017657832,-0.0015628116773085414,0.0008800891945954855,0.001793582261613798
1.8129818453121649,-0.0015669640835936438,0.0008398435057835678,0.001777839574730887
1.8154687888585463,-0.0015702275550987183,0.0007998641688314106,0.0017622137394117836
1.817955732404928,-0.0015726155383091061,0.0007601681390454423,0.0017467041051509125
1.8204426759513095,-0.0015741417408358794,0.0007207719302066186,0.0017313100229639946
1.8229296194976912,-0.0015748201192585264,0.0006816916123608693,0.001716030845405933
1.8254165630440726,-0.0015746648670169022,0.0006429428099078848,0.0017008659265884555
1.8279035065904543,-0.0015736904023590564,0.0006045406999845873,0.0016858146221974894
1.8303904501368358,-0.0015719113563513974,0.0005665000111396782,0.0016708762895103113
1.8328773936832174,-0.001569342560957517,0.0005288350222953352,0.0016560502874124342
1.835364337229599,-0.0015659990371918518,0.0004915595619921562,0.0016413359764142525
1.8378512807759806,-0.0015618959833542246,0.00045468700791327014,0.0016267327186674466
1.840338224322362,-0.001557048763351151,0.0004182302866833743,0.0016122398779811293
1.8428251678687437,-0.0015514728951096604,0.0003822018739384952,0.0015978568198377627
1.8453121114151252,-0.0015451840390892189,0.0003466137946620047,0.0015835829114088302
1.8477990549615069,-0.0015381979868971873,0.00031147762378244123,0.0015694175215702527
1.8502859985078883,-0.00153053065001314,0.0002768044870285552,0.0015553600209175969
1.85277294205427,-0.0015221980486271318,0.00024260506203683987,0.001541409781780999
1.8552598856006515,-0.0015132163005969462,0.00020888957970688102,0.0015275661782398905
1.8577468291470332,-0.0015036016105291303,0.00017566782579960487,0.0015138285861374646
1.8602337726934146,-0.001493370258988497,0.00014294914277359017,0.0015001963830949183
1.8627207162397963,-0.0014825385918406095,0.00011074243185434264,0.0014866689485254446
1.8652076597861778,-0.0014711230097316274,7.905615533161398e-05,0.0014732456636480076
1.8676946033325594,-0.0014591399577097031,4.789833907953973e-05,0.0014599259115008721
1.870181546878941,-0.001446605914991992,1.727657529446182e-05,0.0014467090769549086
1.8726684904253226,-0.0014335373848811716,-1.2801974554755566e-05,0.001433594546726671
1.875155433971704,-0.0014199508848351814,-4.23305765693001e-05,0.001420581709391228
1.8776423775180857,-0.0014058629366938003,-7.130292106107053e-05,0.0014076699553947857
1.8801293210644672,-0.0013912900570654612,-9.971311899689702e-05,0.0013948586770670725
1.8826162646108489,-0.0013762487478775735,-0.00012755569825165228,0.001382147268633504
1.8851032081572303,-0.0013607554870934608,-0.00015482559967575817,0.0013695351262271152
1.887590151703612,-0.001344826719598876,-0.0001815181729824801,0.0013570216479002726
1.8900770952499935,-0.0013284788482608965,-0.0002076291724605517,0.001344606233636172
1.8925640387963751,-0.0013117282251618244,-0.00023315475251764012,0.0013322882853600989
1.8950509823427566,-0.0012945911430106158,-0.00025809146306014996,0.0013200672069504876
1.8975379258891383,-0.0012770838267341378,-0.000282436244714963,0.0013079424042497436
1.9000248694355197,-0.0012592224252504802,-0.000306186423898603,0.0012959132850748603
1.9025118129819014,-0.0012410230034263332,-0.00032933970773942707,0.0012839792592278148
1.9049987565282829,-0.0012225015342203235,-0.0003518941788584066,0.0012721397385057496
1.9074857000746646,-0.0012036738910140552,-0.0003738482900140234,0.0012603941367109435
1.909972643621046,-0.0011845558401324236,-0.0003952008586168894,0.001248741869660563
1.9124595871674277,-0.0011651630335546743,-0.0004159510611195692,0.0012371823551962043
1.9149465307138092,-0.0011455110018174911,-0.00043609842728719906,0.0012257150131932302
1.9174334742601908,-0.0011256151471112832,-0.0004556428343543754,0.0012143392655699
1.9199204178065723,-0.0011054907365706562,-0.0004745845010738483,0.001203054536296275
1.922407361352954,-0.0010851528957599827,-0.000492923981662486,0.001191860251402938
1.9248943048993354,-0.0010646166023547878,-0.0005106621596499386,0.0011807558389894974
1.9273812484457171,-0.0010438966800195586,-0.0005278002416354419,0.0011697407292328875
1.9298681919920986,-0.001023007792482438,-0.0005443397509581747,0.0011588143543954737
1.9323551355384803,-0.001001964437807133,-0.0005602825212864969,0.001147976148832944
1.9348420790848617,-0.0009807809428622665,-0.000575630690131386,0.001137225549002014
1.9373290226312434,-0.0009594714579882135,-0.0005903866922893754,0.0011265619934679215
1.9398159661776249,-0.0009380499518614104,-0.0006045532532202004,0.00111598492291174
1.9423029097240065,-0.0009165302065558993,-0.0006181333823643906,0.0011054937801374736
1.944789853270388,-0.000894925812801892,-0.0006311303664058717,0.0010950880100789786
1.9472767968167697,-0.0008732501654408544,-0.0006435477624847645,0.0010847670598066786
1.9497637403631514,-0.0008515164590766337,-0.00065538939136533,0.0010745303785340953
1.9522506839095328,-0.0008297376839219564,-0.0006666593305640903,0.0010643774176241872
1.9547376274559145,-0.0008079266218395122,-0.0006773619074430395,0.0010543076305954914
1.957224571002296,-0.000786095842576777,-0.0006875016922728132,0.0010443204731280886
1.9597115145486776,-0.0007642577001935864,-0.0006970834912705884,0.0010344154030693773
1.962198458095059,-0.0007424243296813509,-0.000706112339617479,0.0010245918804396574
1.9646854016414408,-0.0007206076437727527,-0.0007145934944600775,0.0010148493674375441
1.9671723451878222,-0.0006988193299405699,-0.000722532427900762,0.0010051873284451795
1.969659288734204,-0.0006770708475843214,-0.0007299348199812558,0.0009956052300332796
1.9721462322805854,-0.0006553734254031499,-0.0007368065516639588,0.000986102540965995
1.974633175826967,-0.00063373805895345,-0.0007431536978153593,0.0009766787322055953
1.9771201193733485,-0.0006121755083894773,-0.0007489825201959039,0.0009673332769169696
1.9796070629197302,-0.0005906962963852749,-0.0007542994604604899,0.0009580656504719635
1.9820940064661117,-0.0005693107062359723,-0.0007591111331737889,0.00094887533045353
1.9845809500124933,-0.000548028780136607,-0.000763424318844425,0.000939761796659713
1.9870678935588748,-0.0005268603176364276,-0.0007672459569820199,0.0009307245311074662
1.9895548371052565,-0.000505814874266558,-0.000770583139181011,0.0009217630180362821
1.992041780651638,-0.0004849017603389283,-0.0007734431022350552,0.0009128767439116727
1.9945287241980196,-0.00046413003991419325,-0.0007758332212857543,0.0009040651974284713
1.997015667744401,-0.000443508529936338,-0.0007777610030093722,0.0008953278695139766
1.9995026112907828,-0.00042304579953159917,-0.000779234078845082,0.0008866642533309174
2.0019895548371642,-0.00040275016946929423,-0.0007802601982682376,0.0008780738442802717
2.004476498383546,-0.00038262971178204053,-0.0007808472221120438,0.000869556140003912
2.0069634419299276,-0.00036269224954278446,-0.0007810031159409444,0.0008611106403870933
2.009450385476309,-0.0003429453567961012,-0.000780735943478908,0.0008527368475607852
2.0119373290226905,-0.0003233963586410118,-0.0007800538600957577,0.0008444342659038403
2.014424272569072,-0.00030405233146267965,-0.0007789651063545475,0.000836202402045009
2.016911216115454,-0.00028492010331017566,-0.0007774780016229403,0.0008280407648647994
2.019398159661835,-0.0002660062544175318,-0.0007756009377514195,0.0008199488654971882
2.021885103208217,-0.0002473171178652035,-0.0007733423728210831,0.000811926217331165
2.0243720467545985,-0.00022885878037906795,-0.0007707108249637008,0.0008039723360121433
2.02685899030098,-0.00021063708326403562,-0.0007677148662565696,0.000796086739443211
2.0293459338473614,-0.00019265762346930008,-0.0007643631166946604,0.0007882689477862324
2.031832877393743,-0.00017492575478222187,-0.0007606642382424453,0.0007805184834628131
2.0343198209401248,-0.00015744658914782557,-0.0007566269289676666,0.0007728348711551043
2.0368067644865064,-0.0001402249981108755,-0.0007522599172592772,0.0007652176378064804
2.0392937080328877,-0.00012326561437741969,-0.0007475719561316215,0.000757666312622055
2.0417806515792694,-0.00010657283349271856,-0.0007425718176169041,0.0007501804270690748
2.044267595125651,-9.015081563244103e-05,-0.0007372682872478362,0.0007427595148771588
2.0467545386720327,-7.400348750396815e-05,-0.0007316701586323039,0.0007354031120384048
2.049241482218414,-5.8134544354662125e-05,-0.000725786228121794,0.000728110756807359
2.0517284257647956,-4.254745208394373e-05,-0.0007196252895752185,0.0007208819897008474
2.0542153693111773,-2.724544945598843e-05,-0.0007131961292196993,0.0007137163534976768
2.056702312857559,-1.2231550409844679e-05,-0.0007065075206097748,0.0007066133932381978
2.0591892564039402,2.4914535362074585e-06,-0.0006995682196864077,0.0006995726562237357
2.061676199950322,1.6920990789241938e-05,-0.0006923869599370882,0.0006925936920158981
2.0641631434967036,3.1054707098440494e-05,-0.0006849724476582204,0.0006856760524357428
2.0666500870430853,4.489046288718517e-05,-0.0006773333573209277,0.0006788192915628321
2.0691370305894665,5.842633050372612e-05,-0.000669478327041272,0.0006720229657341415
2.071623974135848,7.166059139355323e-05,-0.000661415954155869,0.0006652866335428606
2.07411091768223,8.459173319673041e-05,-0.0006531547909037245,0.0006586098558370615
2.0765978612286116,9.721844677329192e-05,-0.0006447033402150894,0.00065199219571825
2.079084804774993,0.00010953962315994091,-0.0006360700516080012,0.0006454332185397859
2.0815717483213745,0.00012155435046112972,-0.0006272633171931525,0.000638932491905197
2.084058691867756,0.00013326191067773035,-0.0006182914677875856,0.0006324895856663622
2.086545635414138,0.00014466177647636108,-0.0006091627691376863,0.0006261040719215861
2.089032578960519,0.00015575360790249805,-0.0005998854182518398,0.0006197755250135568
2.0915195225069008,0.0001665372490404723,-0.000590467539843034,0.0006135035215271818
2.0940064660532824,0.0001770127246233807,-0.0005809171828816472,0.0006072876402873204
2.096493409599664,0.00018718023659596855,-0.0005712423172585502,0.0006011274623563966
2.0989803531460454,0.000197040160633522,-0.0005614508305585964,0.0005950225710319079
2.101467296692427,0.00020659304261970692,-0.0005515505249445005,0.0005889725518438206
2.1039542402388087,0.00021583959508638032,-0.0005415491141510219,0.0005829769925518581
2.1064411837851904,0.00022478069361824324,-0.0005314542205893264,0.0005770354831426808
2.1089281273315716,0.00023341737322530126,-0.0005212733725612947,0.0005711476158269645
2.1114150708779533,0.00024175082468594109,-0.0005110140015835223,0.0005653129850363751
2.113902014424335,0.0002497823908635171,-0.0005006834398206347,0.0005595311874204314
2.1163889579707167,0.0002575135629992066,-0.0004902889176275447,0.0005538018218432796
2.118875901517098,0.00026494597698392843,-0.0004798375612001502,0.0005481244893803562
2.1213628450634796,0.0002720814096120363,-0.00046933639033396214,0.0005424987933149584
2.1238497886098613,0.00027892177481950034,-0.00045879231629005537,0.0005369243391347186
2.126336732156243,0.00028546911990921055,-0.00044821213976768573,0.0005314007345279706
2.128823675702624,0.0002917256217660209,-0.0004376025489828917,0.0005259275893800359
2.131310619249006,0.0002976935830641041,-0.00042697011785228933,0.0005205045157694047
2.1337975627953876,0.00030337542846915587,-0.0004163213042812563,0.0005151311279638324
2.1362845063417693,0.0003087737008379235,-0.00040566244855562374,0.0005098070424163357
2.1387714498881505,0.00031389105741750045,-0.0003949997718359724,0.0005045318777611052
2.141258393434532,0.0003187302660467929,-0.0003843393747535484,0.000499305254809328
2.143745336980914,0.00032329420136250367,-0.00037368723610678103,0.0004941267965449194
2.1462322805272955,0.00032758584101193693,-0.0003630492116573491,0.000488996128120173
2.1487192240736768,0.0003316082618748892,-0.0003524310330246684,0.00048391287685131917
2.1512061676200585,0.0003353646362968341,-0.0003418383066776609,0.0004788766722140037
2.15369311116644,0.00033885822833555753,-0.0003312765130226102,0.0004738871458386822
2.156180054712822,0.00034209239002336013,-0.00032075100558586893,0.00046894393150593265
2.158666998259203,0.0003450705576469013,-0.00031026701029013813,0.0004640466651416904
2.1611539418055847,0.0003477962480466824,-0.00029982962482300875,0.0004591949848123949
2.1636408853519664,0.00035027305493814335,-0.00028944381809643767,0.0004543885307200692
2.166127828898348,0.0003525046452562852,-0.0002791144297957551,0.00044962694519731463
2.1686147724447293,0.00035449475552567675,-0.0002688461700168137,0.0004449098727022349
2.171101715991111,0.00035624718825766626,-0.00025864361898980876,0.00044023695981327887
2.1735886595374927,0.00035776580837654275,-0.00024851122688833823,0.00043560785522401706
2.1760756030838744,0.0003590545396763738,-0.00023845331372215886,0.0004310222097378406
2.1785625466302556,0.00036011736131015884,-0.0002284740693121485,0.0004264796762625904
2.1810494901766373,0.0003609583043129119,-0.0002185775533459092,0.00042197990980511916
2.183536433723019,0.0003615814481602214,-0.0002087676955124316,0.00041752256746577693
2.1860233772694007,0.00036199091736379454,-0.00019904829571423468,0.0004131073084328368
2.188510320815782,0.0003621908781054202,-0.0001894230243553669,0.00040873379397684905
2.1909972643621636,0.0003621855349107562,-0.00017989542270363215,0.00040440168744493277
2.1934842079085453,0.00036197912736428206,-0.00017046890332537352,0.0004001106542549981
2.195971151454927,0.0003615759268667045,-0.00016114675059117405,0.00039586036188990996
2.198458095001308,0.0003609802334360559,-0.0001519321212507772,0.00039165047989158687
2.20094503854769,0.00036019637255367933,-0.00014282804507551988,0.0003874806798550396
2.2034319820940715,0.0003592286920562212,-0.00013383742556660307,0.00038335063542234985
2.205918925640453,0.00035808155907472933,-0.00012496304072744075,0.00037926002227658647
2.2084058691868345,0.00035675935702187995,-0.00011620754389840417,0.00037520851813566906
2.210892812733216,0.00035526648262832014,-0.00010757346465218421,0.00037119580274616956
2.213379756279598,0.0003536073430290532,-9.906320974806489e-05,0.00036722155787706094
2.2158666998259795,0.00035178635290074995,-9.067906414334812e-05,0.0003632854673134124
2.2183536433723607,0.0003498079316508119,-8.242319206016642e-05,0.00035938721685002396
2.2208405869187424,0.0003476765006589744,-7.429763810595747e-05,0.0003555264942850161
2.223327530465124,0.00034539648057217324,-6.630432844582977e-05,0.000351702989413363
2.225814474011506,0.00034297228865336633,-5.84450720250634e-05,0.00034791639402037794
2.228301417557887,0.00034040833618493357,-5.072156183999572e-05,0.00034416640187514424
2.2307883611042687,0.0003377090259272547,-4.313537625554756e-05,0.00034045270872390317
2.2332753046506504,0.0003348787496329936,-3.568798036763545e-05,0.00033677501228339065
2.235762248197032,0.0003319218856175889,-2.8380727408714595e-05,0.00033313301223412777
2.2382491917434133,0.0003288427963863943,-2.1214860194743337e-05,0.00032952641021366725
2.240736135289795,0.000325645826318868,-1.4191512611801048e-05,0.0003259549098097914
2.2432230788361767,0.00032233529941017166,-7.311711140666682e-06,0.0003224182165536705
2.2457100223825583,0.0003189155170704866,-5.763764176212215e-07,0.0003189160379129758
2.2481969659289396,0.0003153907559823165,6.013675170219317e-06,0.00031544808328495203
2.2506839094753213,0.00031176526601599974,1.2457729856747755e-05,0.0003120140639894471
2.253170853021703,0.00030804326820361636,1.875517483756512e-05,0.0003086136932619043
2.2556577965680846,0.000304228952771427,2.4905496581203366e-05,0.00030524668624631375
2.258144740114466,0.00030032647723094433,3.090827911253485e-05,0.0003019127599881252
2.2606316836608475,0.0002963399645287,3.676320227001825e-05,0.0002986116334271279
2.2631186272072292,0.0002922735012547158,4.247003993840516e-05,0.00029534302739028746
2.265605570753611,0.0002881311359096745,4.802865825851786e-05,0.00029210666458455344
2.268092514299992,0.0002839168772307194,5.343901381570436e-05,0.00028890226958962857
2.270579457846374,0.00027963469257579734,5.8701151808547584e-05,0.00028572956885070686
2.2730664013927555,0.0002752885063664105,6.381520419938697e-05,0.00028258829067117887
2.275553344939137,0.00027088219858860694,6.878138784820496e-05,0.0002794781652053031
2.2780402884855184,0.0002664196033520132,7.360000263139812e-05,0.00027639892445084846
2.2805272320319,0.00026190450750667035,7.827142954693303e-05,0.00027335030224170606
2.283014175578282,0.0002573406493174081,8.279612880737577e-05,0.0002703320342404739
2.2855011191246635,0.0002527317171954455,8.717463792225882e-05,0.0002673438579310091
2.2879880626710447,0.00024808134848689536,9.140756977122476e-05,0.0002643855126109556
2.2904750062174264,0.00024339312831780512,9.549561066935915e-05,0.00026145673938424564
2.292961949763808,0.00023867058849533652,9.943951842611713e-05,0.0002585572811535741
2.2954488933101898,0.00023391720646466775,0.00010324012039920715,0.00025568688261284894
2.297935836856571,0.0002291364043211554,0.00010689831154479236,0.0002528452902396157
2.3004227804029527,0.00022433154787729386,0.00011041505246531438,0.00025003225228746134
2.3029097239493344,0.0002195059457839488,0.00011379136745626215,0.0002472475187783933
2.305396667495716,0.00021466284870535189,0.00011702834255313597,0.00024449084149519984
2.3078836110420973,0.00020980544854728065,0.00012012712357987776,0.00024176197397378447
2.310370554588479,0.00020493687773786673,0.00012308891419996948,0.00023906067149548625
2.3128574981348606,0.00020006020856040785,0.0001259149739714168,0.00023638669107937626
2.3153444416812423,0.0001951784525375734,0.00012860661640677037,0.00023373979147453685
2.3178313852276236,0.00019029455986635516,0.00013116520703933832,0.00023111973315232588
2.3203183287740052,0.0001854114189030845,0.00013359216149670742,0.00022852627829861806
2.322805272320387,0.0001805318556978472,0.0001358889435826561,0.0002259591908060361
2.3252922158667686,0.00017565863357757891,0.00013805706336852318,0.00022341823626616196
2.32777915941315,0.00017079445277711752,0.00014009807529507558,0.00022090318196173566
2.3302661029595315,0.00016594195011748319,0.0001420135762858659,0.00021841379685884024
2.332753046505913,0.00016110369873061165,0.00014380520387307592,0.0002159498515990706
2.335239990052295,0.00015628220782978904,0.00014547463433678192,0.00021351111849169302
2.337726933598676,0.00015147992252498147,0.0001470235808585797,0.00021109737150579045
2.340213877145058,0.00014669922368227913,0.00014845379169044982,0.0002087083862623992
2.3427008206914395,0.00014194242782661945,0.00014976704833974234,0.00020634394002663075
2.345187764237821,0.0001372117870869853,0.0001509651637711119,0.00020400381169978865
2.3476747077842024,0.00013250948918322531,0.00015204998062621705,0.00020168778181147288
2.350161651330584,0.0001278376574536582,0.0001530233694619638,0.00019939563251167647
2.3526485948769658,0.00012319835092259928,0.00015388722700805345,0.0001971271475628765
2.3551355384233474,0.00011859356440694136,0.00015464347444455368,0.00019488211233211394
2.3576224819697287,0.00011402522866092279,0.00015529405570019543,0.00019266031378307034
2.3601094255161104,0.00010949521055819482,0.00015584093577206324,0.0001904615404681369
2.362596369062492,0.00010500531331030014,0.00015628609906732693,0.00018828558252048037
2.3650833126088737,0.00010055727672066631,0.00015663154776762234,0.0001861322316461005
2.367570256155255,9.615277747322207e-05,0.00015687930021667304,0.00018400128111588785
2.3700571997016366,9.179342945472243e-05,0.00015703138933171153,0.00018189252575767555
2.3725441432480183,8.748078410987911e-05,0.0001570898610392335,0.00017980576194828954
2.3750310867944,8.321633082838615e-05,0.00015705677273558815,0.00017774078760559602
2.3775180303407812,7.900149736292172e-05,0.00015693419177288724,0.00017569740218054754
2.380004973887163,7.483765027721385e-05,0.00015672419397068328,0.0001736754066492286
2.3824919174335446,7.072609542325454e-05,0.00015642886215384112,0.0001716746035049003
2.3849788609799263,6.666807844674334e-05,0.0001560502847170039,0.00016969479675004508
2.3874658045263075,6.266478531984147e-05,0.0001555905542160305,0.00016773579188841405
2.389952748072689,5.8717342900320396e-05,0.00015505176598674635,0.0001657973959170727
2.392439691619071,5.4826819516195085e-05,0.00015443601679133548,0.0001638794173184512
2.3949266351654526,5.0994225574921284e-05,0.0001537454034926693,0.0001619816660523951
2.397413578711834,4.7220514196254205e-05,0.00015298202175684732,0.00016010395354822178
2.3999005222582155,4.350658186784964e-05,0.00015214796478419618,0.00015824609269677687
2.402387465804597,3.9853269122720365e-05,0.0001512453220689527,0.0001564078978424977
2.404874409350979,3.626136123763058e-05,0.0001502761781878339,0.00015458918477548013
2.40736135289736,3.2731588951547323e-05,0.0001492426116176676,0.00015278977072355016
2.4098482964437418,2.926462920325428e-05,0.00014814669358224262,0.0001510094743443432
2.4123352399901234,2.5861105887241007e-05,0.0001469904869285058,0.0001492481157173863
2.414822183536505,2.25215906269941e-05,0.00014577604503222076,0.00014750551633618982
2.4173091270828864,1.9246603564820185e-05,0.00014450541073317082,0.00014578149910034454
2.419796070629268,1.6036614167336244e-05,0.00014318061529997725,0.00014407588830762797
2.4222830141756497,1.2892042045765588e-05,0.00014180367742457384,0.00014238850964611713
2.4247699577220314,9.81325779020121e-06,0.00014037660224636484,0.00014071919018631066
2.4272569012684126,6.800583816991951e-06,0.0001389013804060692,0.00013906775837326017
2.4297438448147943,3.8542952284160284e-06,0.00013737998712923686,0.0001374340440187113
2.432230788361176,9.746206838326657e-07,0.00013581438133939932,0.0001358178782932539
2.4347177319075577,-1.8382567185152008e-06,0.0001342065048008027,0.00013421909371848345
2.437204675453939,-4.584198549833486e-06,0.00013255828129064877,0.00013263752415917248
2.4396916190003206,-7.263110150051465e-06,0.00013087161580075478,0.00013107300481545446
2.4421785625467023,-9.874939718807161e-06,0.00012914839376852142,0.0001295253722150187
2.444665506093084,-1.241967739891866e-05,0.00012739048033708455,0.00012799446420531764
2.447152449639465,-1.4897354353104114e-05,0.00012559971964450585,0.00012648011994578602
2.449639393185847,-1.730804183468954e-05,0.00012377793414184582,0.00012498217990007408
2.4521263367322286,-1.965185025304474e-05,0.00012192692393994256,0.00012350048582829393
2.4546132802786103,-2.1928928234471858e-05,0.00012004846618470514,0.0001220348807792793
2.4571002238249915,-2.4139461679256054e-05,0.0001181443144607165,0.00012058520908285949
2.459587167371373,-2.6283672815575252e-05,0.00011621619822292646,0.0001191513163421485
2.462074110917755,-2.836181925095626e-05,0.00011426582225619929,0.00011773304942584832
2.4645610544641365,-3.0374193021954906e-05,0.00011229486616246825,0.00011633025646056846
2.4670479980105178,-3.23211196427095e-05,0.00011030498387523705,0.00011494278682316107
2.4695349415568995,-3.420295715302616e-05,0.00010829780320115033,0.00011357049113307044
2.472021885103281,-3.6020095166619584e-05,0.0001062749253883534,0.00011221322124470187
2.474508828649663,-3.777295392013414e-05,0.00010423792472133664,0.00011087083023980482
2.476995772196044,-3.946198332354803e-05,0.00010218834814196025,0.00010954317241987495
2.4794827157424257,-4.108766201255485e-05,0.00010012771489633473,0.00010823010329857232
2.4819696592888074,-4.2650496403499374e-05,9.805751620722864e-05,0.00010693147959415798
2.484456602835189,-4.415101975142951e-05,9.597921497166346e-05,0.00010564715922194929
2.4869435463815703,-4.558979121181521e-05,9.389424548334259e-05,0.00010437700128679259
2.489430489927952,-4.696739490647167e-05,9.180401317955729e-05,0.00010312086607555616
2.4919174334743337,-4.828443899420502e-05,8.9709894412198e-05,0.00010187861504964043
2.4944043770207154,-4.9541554746686676e-05,8.761323624249878e-05,0.00010065011083750905
2.4968913205670966,-5.0739395630051184e-05,8.551535625912708e-05,9.943521722723937e-05
2.4993782641134783,-5.1878636392691935e-05,8.34175424192294e-05,9.823379915909328e-05
2.50186520765986,-5.2959972159722304e-05,8.132105291202981e-05,9.704572271810702e-05
2.5043521512062417,-5.3984117534544485e-05,7.922711604458322e-05,9.587085512670349e-05
2.506839094752623,-5.495180570796774e-05,7.713693014926377e-05,9.470906473732403e-05
2.5093260382990046,-5.5863787575289216e-05,7.505166351257768e-05,9.356022102508214e-05
2.5118129818453863,-5.6720830861746e-05,7.29724543248756e-05,9.242419458043902e-05
2.514299925391768,-5.7523719256728535e-05,7.09004106505349e-05,9.130085710189912e-05
2.516786868938149,-5.8273251557132854e-05,6.883661041818383e-05,9.019008138872978e-05
2.519273812484531,-5.897024082021083e-05,6.678210143052995e-05,8.909174133370191e-05
2.5217607560309125,-5.961551352626912e-05,6.473790139335212e-05,8.800571191585328e-05
2.5242476995772942,-6.02099087515488e-05,6.270499796321608e-05,8.693186919327554e-05
2.5267346431236755,-6.075427735160668e-05,6.068434881346156e-05,8.587009029592214e-05
2.529221586670057,-6.12494811555009e-05,5.867688171802149e-05,8.482025341844213e-05
2.531708530216439,-6.169639217107621e-05,5.668349465261242e-05,8.378223781303514e-05
2.5341954737628205,-6.209589180162203e-05,5.470505591285296e-05,8.275592378233186e-05
2.5366824173092017,-6.244887007417134e-05,5.2742404248847095e-05,8.174119267229674e-05
2.5391693608555834,-6.27562248796867e-05,5.0796349015786025e-05,8.073792686515647e-05
2.541656304401965,-6.301886122537374e-05,4.886767034010383e-05,7.974600977235149e-05
2.544143247948347,-6.323769049934263e-05,4.695711930073712e-05,7.876532582751313e-05
