Time_s,Real,Imaginary,Magnitude
-2.265605570753611,2.6110643912049267e-08,2.112354976605553e-07,2.1284313753890286e-07
-2.2631186272072292,1.9680327920928886e-08,2.1786180343157763e-07,2.187488987435929e-07
-2.2606316836608475,1.2850793268466496e-08,2.2444417739046453e-07,2.2481176938076706e-07
-2.258144740114466,5.613104934930189e-09,2.3096753800476326e-07,2.3103573437672428e-07
-2.2556577965680846,-2.04136765160114e-09,2.3741609836221074e-07,2.3742487431485339e-07
-2.253170853021703,-1.0120917493959186e-08,2.437733592662202e-07,2.439833675865164e-07
-2.2506839094753213,-1.8633465826392738e-08,2.5002210337128325e-07,2.507154925865253e-07
-2.2481969659289396,-2.7586526849119638e-08,2.5614439042390945e-07,2.576256299540738e-07
-2.2457100223825583,-3.698717141183762e-08,2.621215536757989e-07,2.6471826485995137e-07
-2.2432230788361767,-4.6841989664104823e-08,2.679341975370201e-07,2.7199798934091224e-07
-2.240736135289795,-5.715705269336602e-08,2.735621965379005e-07,2.794695046820549e-07
-2.2382491917434133,-6.793787317463049e-08,2.78984695669231e-07,2.8713762384812204e-07
-2.235762248197032,-7.918936505887977e-08,2.841801121711266e-07,2.9500727396459673e-07
-2.2332753046506504,-9.091580233068954e-08,2.891261388415748e-07,3.0308349884952595e-07
-2.2307883611042687,-1.0312077686891333e-07,2.9379974893624694e-07,3.113714615969966e-07
-2.228301417557887,-1.1580715544780274e-07,2.9817720273157834e-07,3.1987644721320185e-07
-2.225814474011506,-1.289770359195469e-07,3.0223405582344665e-07,3.286038653060587e-07
-2.223327530465124,-1.426317026229422e-07,3.059451692339614e-07,3.375592528293614e-07
-2.2208405869187424,-1.5677158106668927e-07,3.0928472139888767e-07,3.4674827688243395e-07
-2.2183536433723607,-1.7139619193969559e-07,3.122262221081822e-07,3.5617673756630555e-07
-2.2158666998259795,-1.865041045048189e-07,3.147425284718003e-07,3.6585057089741766e-07
-2.213379756279598,-2.0209288943643593e-07,3.1680586298258544e-07,3.7577585177989847e-07
-2.210892812733216,-2.1815907116650943e-07,3.1838783374740775e-07,3.8595879703745725e-07
-2.2084058691868345,-2.3469807980788758e-07,3.1945945695703094e-07,3.9640576850594727e-07
-2.205918925640453,-2.517042027280471e-07,3.1999118166420257e-07,4.0712327618771016e-07
-2.2034319820940715,-2.69170535850662e-07,3.199529169383872e-07,4.1811798146876563e-07
-2.20094503854769,-2.870889347669325e-07,3.1931406146421924e-07,4.2939670039997654e-07
-2.198458095001308,-3.054499657430119e-07,3.1804353564926766e-07,4.4096640704331907e-07
-2.195971151454927,-3.2424285671440086e-07,3.1610981630497173e-07,4.5283423688440174e-07
-2.1934842079085453,-3.434554483627155e-07,3.134809739626835e-07,4.6500749031238904e-07
-2.1909972643621636,-3.630741453748596e-07,3.101247128846119e-07,4.774936361685333e-07
-2.188510320815782,-3.830838679891949e-07,3.0600841382705545e-07,4.903003153644849e-07
-2.1860233772694007,-4.0346800393792266e-07,3.0109917961077063e-07,5.034353445716051e-07
-2.183536433723019,-4.242083608996084e-07,2.953638835503813e-07,5.16906719982528e-07
-2.1810494901766373,-4.4528511958026597e-07,2.887692207917654e-07,5.307226211462021e-07
-2.1785625466302556,-4.6667678754616445e-07,2.8128176260289066e-07,5.448914148776772e-07
-2.1760756030838744,-4.883601539360647e-07,2.728680136600979e-07,5.59421659243959e-07
-2.1735886595374927,-5.103102451851139e-07,2.634944723678978e-07,5.743221076271815e-07
-2.171101715991111,-5.325002818972289e-07,2.5312769424627847e-07,5.896017128664619e-07
-2.1686147724447293,-5.54901637007199e-07,2.417343584151164e-07,6.05269631479754e-07
-2.166127828898348,-5.774837953781735e-07,2.2928133720065025e-07,6.213352279670761e-07
-2.1636408853519664,-6.002143149845136e-07,2.1573576888403296e-07,6.378080791964882e-07
-2.1611539418055847,-6.230587898341835e-07,2.010651336067792e-07,6.546979788741898e-07
-2.158666998259203,-6.459808147890805e-07,1.8523733244244037e-07,6.720149421002152e-07
-2.156180054712822,-6.689419524455851e-07,1.682207696380291e-07,6.897692100110893e-07
-2.15369311116644,-6.919017022415853e-07,1.4998443802277314e-07,7.079712545109515e-07
-2.1512061676200585,-7.148174719599648e-07,1.3049800757522921e-07,7.266317830926057e-07
-2.1487192240736768,-7.37644551802047e-07,1.0973191713341725e-07,7.457617437499848e-07
-2.1462322805272955,-7.603360912079782e-07,8.765746922546091e-08,7.653723299835445e-07
-2.143745336980914,-7.828430786042301e-07,6.424692799119725e-08,7.85474985900159e-07
-2.141258393434532,-8.051143242613264e-07,3.947362015764699e-08,8.06081411408998e-07
-2.1387714498881505,-8.270964464478439e-07,1.3312039023459232e-08,8.272035675150424e-07
-2.1362845063417693,-8.487338610691517e-07,-1.4262048600599097e-08,8.488536817117753e-07
-2.1337975627953876,-8.69968774981747e-07,-4.327149255639248e-08,8.710442534747013e-07
-2.131310619249006,-8.90741183176028e-07,-7.37376466782592e-08,8.937880598573008e-07
-2.128823675702624,-9.109888700221514e-07,-1.056802533868462e-07,9.170981611911259e-07
-2.126336732156243,-9.306474147749998e-07,-1.3911732562468336e-07,9.409879068916639e-07
-2.1238497886098613,-9.496502015354499e-07,-1.740650262310775e-07,9.654709413716946e-07
-2.1213628450634796,-9.6792843386597e-07,-2.1053754486313787e-07,9.905612100638847e-07
-2.118875901517098,-9.854111542588943e-07,-2.485469725800874e-07,1.0162729655543206e-06
-2.1163889579707167,-1.0020252686559348e-06,-2.8810317421775864e-07,1.0426207738287907e-06
-2.113902014424335,-1.017695576217014e-06,-3.2921365869092435e-07,1.0696195206335495e-06
-2.1114150708779533,-1.0323448045359526e-06,-3.718834473714849e-07,1.0972844179524625e-06
-2.1089281273315716,-1.0458936504992046e-06,-4.1611494070139745e-07,1.1256310106022666e-06
-2.1064411837851904,-1.058260826982369e-06,-4.6190778321029757e-07,1.1546751829478533e-06
-2.1039542402388087,-1.0693631155771276e-06,-5.092587271189054e-07,1.1844331657394555e-06
-2.101467296692427,-1.0791154255386995e-06,-5.581614947206855e-07,1.2149215430736253e-06
-2.0989803531460454,-1.087430859140907e-06,-6.086066397456783e-07,1.246157259479901e-06
-2.096493409599664,-1.0942207836223934e-06,-6.60581407922301e-07,1.2781576271351723e-06
-2.0940064660532824,-1.099394909903569e-06,-7.14069596964265e-07,1.31094033320765e-06
-2.0915195225069008,-1.102861378249056e-06,-7.690514162221714e-07,1.3445234473324497e-06
-2.089032578960519,-1.1045268510455588e-06,-8.255033462507828e-07,1.3789254292208328e-06
-2.086545635414138,-1.1042966128589771e-06,-8.833979985554766e-07,1.4141651364050917e-06
-2.084058691867756,-1.1020746779286703e-06,-9.427039757929644e-07,1.4502618321211674e-06
-2.0815717483213745,-1.0977639052494888e-06,-1.0033857327140337e-06,1.4872351933311312e-06
-2.079084804774993,-1.091266121384898e-06,-1.06540343814752e-06,1.5251053188875173e-06
-2.0765978612286116,-1.0824822511462694e-06,-1.128712838337339e-06,1.56389273784177e-06
-2.07411091768223,-1.0713124562645723e-06,-1.1932651219560712e-06,1.603618417898868e-06
-2.071623974135848,-1.057656282171295e-06,-1.2590067871307e-06,1.644303774020352e-06
-2.0691370305894665,-1.0414128129952516e-06,-1.3258795108278833e-06,1.6859706771779484e-06
-2.0666500870430853,-1.0224808348711813e-06,-1.393820020957769e-06,1.7286414632599741e-06
-2.0641631434967036,-1.0007590076444088e-06,-1.4627599715672151e-06,1.7723389421328927e-06
-2.061676199950322,-9.761460450439444e-07,-1.532625821504019e-06,1.8170864068601151e-06
-2.0591892564039402,-9.485409033830906e-07,-1.6033387169456727e-06,1.8629076430805167e-06
-2.056702312857559,-9.178429788335467e-07,-1.6748143781962729e-06,1.909826938548885e-06
-2.0542153693111773,-8.839523133041036e-07,-1.7469629911664204e-06,1.957869092840684e-06
-2.0517284257647956,-8.467698089406951e-07,-1.8196891039606858e-06,2.0070594272234953e-06
-2.049241482218414,-8.061974512480635e-07,-1.8928915290076392e-06,2.0574237946975707e-06
-2.0467545386720327,-7.621385408175627e-07,-1.9664632511764327e-06,2.1089885902078534e-06
-2.044267595125651,-7.144979336279166e-07,-2.0402913423333866e-06,2.161780761029928e-06
-2.0417806515792694,-6.631822898681357e-07,-2.1142568828005223e-06,2.2158278173324126e-06
-2.0392937080328877,-6.081003312130718e-07,-2.1882348901860815e-06,2.2711578429182635e-06
-2.0368067644865064,-5.491631064628016e-07,-2.262094256064556e-06,2.3277995061474113e-06
-2.0343198209401248,-4.86284265437007e-07,-2.3356976909910733e-06,2.385782071043506e-06
-2.031832877393743,-4.193803409946713e-07,-2.408901678340856e-06,2.445135408587058e-06
-2.0293459338473614,-3.4837103902839863e-07,-2.481556437470565e-06,2.505890008197752e-06
-2.02685899030098,-2.731795362598332e-07,-2.5535058967032372e-06,2.568076989408484e-06
-2.0243720467545985,-1.9373278564089485e-07,-2.6245876766426736e-06,2.631728113733781e-06
-2.021885103208217,-1.099618291410385e-07,-2.6946330843267342e-06,2.6968757967352244e-06
-2.019398159661835,-2.1802117677921916e-08,-2.7634671187315394e-06,2.76355312028657e-06
-2.016911216115454,7.080616207706174e-08,-2.830908488140569e-06,2.8317938450414086e-06
-2.014424272569072,1.6791775431092834e-07,-2.8967696398930823e-06,2.9016324231058493e-06
-2.0119373290226905,2.695819944181608e-07,-2.9608568030266875e-06,2.9731040109192094e-06
-2.009450385476309,3.758424634318012e-07,-3.0229700443274645e-06,3.0462444823453806e-06
-2.0069634419299276,4.867366369086918e-07,-3.082903338299068e-06,3.1210904419777268e-06
-2.004476498383546,6.022955286682116e-07,-3.140444651558938e-06,3.1976792386602602e-06
-2.0019895548371642,7.225433298118144e-07,-3.1953760421656297e-06,3.2760489792281233e-06
-1.9995026112907828,8.474970434787627e-07,-3.247473774375442e-06,3.3562385424700554e-06
-1.997015667744401,9.771661158217227e-07,-3.29650844932019e-06,3.4382875933158234e-06
-1.9945287241980196,1.1115520637157064e-06,-3.3422451520898438e-06,3.5222365972516255e-06
-1.992041780651638,1.2506480997417519e-06,-3.3844436156946205e-06,3.6081268349662723e-06
-1.9895548371052565,1.3944387550174997e-06,-3.422858402370479e-06,3.696000417231165e-06
-1.9870678935588748,1.5428995004756583e-06,-3.4572391026803575e-06,3.7859003000171726e-06
-1.9845809500124933,1.6959963672213956e-06,-3.4873305528498624e-06,3.877870299851234e-06
-1.9820940064661117,1.8536855666298438e-06,-3.5128730707617094e-06,3.971955109415841e-06
-1.9796070629197302,2.0159131108747025e-06,-3.533602711016963e-06,4.068200313394481e-06
-1.9771201193733485,2.1826144346089707e-06,-3.549251539453408e-06,4.166652404566024e-06
-1.974633175826967,2.353714018548821e-06,-3.5595479274923166e-06,4.267358800151223e-06
-1.9721462322805854,2.529125015741367e-06,-3.5642168666641535e-06,4.370367858414439e-06
-1.969659288734204,2.7087488813269295e-06,-3.56298030364144e-06,4.475728895523805e-06
-1.9671723451878222,2.892475006635544e-06,-3.555557496082896e-06,4.583492202672823e-06
-1.9646854016414408,3.0801803584864204e-06,-3.541665389568081e-06,4.693709063466754e-06
-1.962198458095059,3.271729124588517e-06,-3.5210190158735827e-06,4.806431771576926e-06
-1.9597115145486776,3.466972365967392e-06,-3.493331912814214e-06,4.92171364866626e-06
-1.957224571002296,3.6657476773723323e-06,-3.4583165658408003e-06,5.039609062589038e-06
-1.9547376274559145,3.867878856644362e-06,-3.4156848715552543e-06,5.1601734458686495e-06
-1.9522506839095328,4.073175584051764e-06,-3.3651486232686704e-06,5.283463314456007e-06
-1.9497637403631514,4.281433112626216e-06,-3.306420018693268e-06,5.409536286772443e-06
-1.9472767968167697,4.492431970556684e-06,-3.239212189821232e-06,5.538451103040115e-06
-1.944789853270388,4.70593767672247e-06,-3.1632397550046955e-06,5.670267644903391e-06
-1.9423029097240065,4.921700470469298e-06,-3.0782193932104262e-06,5.8050469553445015e-06
-1.9398159661776249,5.1394550567547564e-06,-2.9838704403796337e-06,5.942851258896977e-06
-1.9373290226312434,5.358920367808545e-06,-2.8799155077806147e-06,6.083743982160043e-06
-1.9348420790848617,5.57979934247405e-06,-2.766081122194024e-06,6.227789774617637e-06
-1.9323551355384803,5.801778724413716e-06,-2.6420983877253366e-06,6.375054529765253e-06
-1.9298681919920986,6.024528880378698e-06,-2.5077036689875603e-06,6.5256054065481686e-06
-1.9273812484457171,6.2477036397568685e-06,-2.362639295348906e-06,6.679510851114623e-06
-1.9248943048993354,6.470940156627002e-06,-2.2066542858853253e-06,6.836840618887057e-06
-1.922407361352954,6.693858795558524e-06,-2.0395050946258004e-06,6.997665796955497e-06
-1.9199204178065723,6.9160630424048006e-06,-1.8609563756217585e-06,7.162058826795883e-06
-1.9174334742601908,7.13713944134675e-06,-1.6707817673153713e-06,7.330093527317428e-06
-1.9149465307138092,7.356657559448254e-06,-1.4687646956230753e-06,7.501845118242304e-06
-1.9124595871674277,7.5741699799884865e-06,-1.2546991950908428e-06,7.677390243821163e-06
-1.909972643621046,7.789212325837262e-06,-1.0283907474170343e-06,7.856806996887992e-06
-1.9074857000746646,8.001303314139195e-06,-7.89657136575091e-07,8.040174943258315e-06
-1.9049987565282829,8.209944843567086e-06,-5.383293197072251e-07,8.227575146473608e-06
-1.9025118129819014,8.414622115400778e-06,-2.742523128922177e-07,8.419090192896058e-06
-1.9000248694355197,8.614803789677667e-06,2.7139091715306684e-09,8.614804217157096e-06
-1.8975379258891383,8.809942177650019e-06,2.926935005970071e-07,8.814802927963193e-06
-1.8950509823427566,8.999473471769959e-06,5.957938199465412e-07,9.019173634262605e-06
-1.8925640387963751,9.182818014406181e-06,9.121044952421946e-07,9.228005271776978e-06
-1.8900770952499935,9.359380606475322e-06,1.2416964795789675e-06,9.441388429900825e-06
-1.887590151703612,9.528550857148896e-06,1.5846210986438582e-06,9.659415378973007e-06
-1.8851032081572303,9.68970357576968e-06,1.9409090915123448e-06,9.882180097923685e-06
-1.8826162646108489,9.842199207081998e-06,2.310569646164737e-06,1.010977830230037e-05
-1.8801293210644672,9.985384310847604e-06,2.6935894312355482e-06,1.0342307472676748e-05
-1.8776423775180857,1.0118592086882456e-05,3.0899316255792017e-06,1.0579866883447768e-05
-1.875155433971704,1.0241142946510313e-05,3.4995349473081713e-06,1.082255763201514e-05
-1.8726684904253226,1.0352345131385405e-05,3.9223126840263245e-06,1.107048266836604e-05
-1.870181546878941,1.0451495380590122e-05,4.358151726055855e-06,1.1323746825049575e-05
-1.8676946033325594,1.0537879646863265e-05,4.8069116045205736e-06,1.158245684755396e-05
-1.8652076597861778,1.0610773862759723e-05,5.2684235362228434e-06,1.1846721425088533e-05
-1.8627207162397963,1.066944475748576e-05,5.742489477314768e-06,1.2116651221773745e-05
-1.8602337726934146,1.0713150725091405e-05,6.228881187837536e-06,1.2392358908243533e-05
-1.8577468291470332,1.0741142744636774e-05,6.727339309263841e-06,1.2673959193662795e-05
-1.8552598856006515,1.0752665352879742e-05,7.237572457247846e-06,1.2961568858164241e-05
-1.85277294205427,1.0746957669959405e-05,7.75925633184905e-06,1.3255306785708087e-05
-1.8502859985078883,1.0723254478472563e-05,8.292032847559243e-06,1.355529399736809e-05
-1.8477990549615069,1.068078735625989e-05,8.835509285521984e-06,1.3861653685047335e-05
-1.8453121114151252,1.0618785863134159e-05,9.389257470393839e-06,1.4174511245628343e-05
-1.8428251678687437,1.0536478781692553e-05,9.952812974351401e-06,1.4493994315559635e-05
-1.840338224322362,1.0433095412265611e-05,1.0525674350802673e-05,1.4820232805883416e-05
-1.8378512807759806,1.0307866921955245e-05,1.1107302400414995e-05,1.5153358937707634e-05
-1.835364337229599,1.0160027747618008e-05,1.1697119472116431e-05,1.5493507278125673e-05
-1.8328773936832174,9.988817052541845e-06,1.2294508801778517e-05,1.5840814776587732e-05
-1.8303904501368358,9.79348023646107e-06,1.2898813891325489e-05,1.6195420801726797e-05
-1.8279035065904543,9.573270498438205e-06,1.3509337931060482e-05,1.65574671786435e-05
-1.8254165630440726,9.32745045203061e-06,1.4125343268029012e-05,1.692709822665239e-05
-1.8229296194976912,9.055293792038134e-06,1.4746050923276867e-05,1.7304460797493775e-05
-1.8204426759513095,8.7560870120073e-06,1.537064016088513e-05,1.7689704314014347e-05
-1.817955732404928,8.429131171541558e-06,1.5998248111689693e-05,1.8082980809320026e-05
-1.8154687888585463,8.073743712338506e-06,1.6627969454611537e-05,1.8484444966404046e-05
-1.8129818453121649,7.689260321743004e-06,1.7258856158540646e-05,1.8894254158254768e-05
-1.8104949017657832,7.275036842468809e-06,1.7889917287723624e-05,1.93125684884448e-05
-1.8080079582194017,6.830451227007042e-06,1.852011887361256e-05,1.9739550832206445e-05
-1.80552101467302,6.354905535092674e-06,1.9148383856131844e-05,2.0175366877995607e-05
-1.8030340711266386,5.847827972464677e-06,1.9773592097312527e-05,2.0620185169547843e-05
-1.800547127580257,5.308674969001825e-06,2.0394580470235285e-05,2.1074177148429994e-05
-1.7980601840338755,4.736933294174211e-06,2.1010143026202647e-05,2.153751719709001e-05
-1.7955732404874938,4.132122207596801e-06,2.1619031243040196e-05,2.2010382682408383e-05
-1.7930862969411123,3.493795642319543e-06,2.221995435739662e-05,2.249295399975468e-05
-1.7905993533947306,2.8215444183364724e-06,2.2811579783875206e-05,2.2985414617551488e-05
-1.7881124098483492,2.1149984836392356e-06,2.3392533623788344e-05,2.3487951122349188e-05
-1.7856254663019675,1.3738291799837167e-06,2.3961401266277238e-05,2.4000753264415e-05
-1.783138522755586,5.977515303829452e-07,2.4516728084480913e-05,2.4524014003838163e-05
-1.7806515792092044,-2.1347345482054472e-07,2.505702022937744e-05,2.505792955715502e-05
-1.778164635662823,-1.0600364566095288e-06,2.5580745523848475e-05,2.5602699444496767e-05
-1.7756776921164412,-1.9420775141345833e-06,2.608633445943954e-05,2.6158526537262185e-05
-1.7731907485700598,-2.8596836833714546e-06,2.6572181298203486e-05,2.6725617106318353e-05
-1.770703805023678,-3.812886691370972e-06,2.7036645281921277e-05,2.7304180870732415e-05
-1.7682168614772966,-4.801660590042326e-06,2.747805195089166e-05,2.789443104703637e-05
-1.765729917930915,-5.825919413564843e-06,2.789469457437331e-05,2.8496584399027952e-05
-1.7632429743845335,-6.885514843678535e-06,2.8284835694644767e-05,2.911086128810977e-05
-1.7607560308381518,-7.980233887259533e-06,2.8646708786522624e-05,2.973748572416972e-05
-1.7582690872917703,-9.10979657073432e-06,2.897852003404392e-05,3.0376685417004392e-05
-1.7557821437453887,-1.0273853656038754e-05,2.927845022587719e-05,3.102869182828804e-05
-1.7532952001990072,-1.1471984382974442e-05,2.954465677087642e-05,3.169374022409005e-05
-1.7508082566526255,-1.2703694242954777e-05,2.9775275835032165e-05,3.237206972794191e-05
-1.748321313106244,-1.3968412789275711e-05,2.9968424600908458e-05,3.306392337445658e-05
-1.7458343695598624,-1.5265491489182927e-05,3.0122203650476942e-05,3.3769548163502614e-05
-1.743347426013481,-1.6594201623131826e-05,3.023469947207754e-05,3.448919511493414e-05
-1.7408604824670992,-1.795373223677324e-05,3.0303987092039028e-05,3.522311932387901e-05
-1.7383735389207178,-1.934318815130972e-05,3.0328132831296965e-05,3.597158001658756e-05
-1.735886595374336,-2.0761588037988992e-05,3.0305197187132347e-05,3.673484060684274e-05
-1.7333996518279546,-2.2207862562607666e-05,3.023323783994032e-05,3.751316875293355e-05
-1.730912708281573,-2.368085260600484e-05,3.011031278471114e-05,3.8306836415194425e-05
-1.7284257647351915,-2.5179307566616897e-05,2.9934483586672468e-05,3.9116119914110274e-05
-1.7259388211888098,-2.6701883751257725e-05,2.9703818760300732e-05,3.994129998898978e-05
-1.7234518776424284,-2.8247142860370065e-05,2.9416397270659458e-05,4.078266185720859e-05
-1.7209649340960467,-2.981355057406236e-05,2.9070312155766443e-05,4.164049527402233e-05
-1.7184779905496652,-3.1399475245315136e-05,2.8663674268426578e-05,4.251509459295155e-05
-1.7159910470032835,-3.3003186706792675e-05,2.819461613569714e-05,4.340675882673953e-05
-1.713504103456902,-3.462285519774488e-05,2.7661295933870496e-05,4.4315791708883746e-05
-1.7110171599105204,-3.625655041751409e-05,2.706190157658113e-05,4.524250175574186e-05
-1.708530216364139,-3.790224071219533e-05,2.6394654913341933e-05,4.6187202329212395e-05
-1.7060432728177573,-3.9557792401005625e-05,2.5657816035528703e-05,4.715021169999232e-05
-1.7035563292713758,-4.122096924892522e-05,2.48496876865187e-05,4.81318531114101e-05
-1.701069385724994,-4.288943209216353e-05,2.396861977238681e-05,4.913245484383575e-05
-1.6985824421786127,-4.4560738622984465e-05,2.3013013969243895e-05,5.0152350279668386e-05
-1.696095498632231,-4.623234334038829e-05,2.1981328422987978e-05,5.119187796890054e-05
-1.6936085550858495,-4.79015976731049e-05,2.087208253691259e-05,5.225138169525951e-05
-1.6911216115394678,-4.9565750281294664e-05,1.9683861842289644e-05,5.333121054292701e-05
-1.6886346679930864,-5.122194754327482e-05,1.841532294671734e-05,5.4431718963834784e-05
-1.6861477244467047,-5.2867234233507956e-05,1.7065198554686087e-05,5.555326684553714e-05
-1.6836607809003232,-5.449855439798482e-05,1.563230255448442e-05,5.6696219579660255e-05
-1.6811738373539415,-5.611275243301811e-05,1.4115535165222251e-05,5.786094813092682e-05
-1.67868689380756,-5.7706574373329876e-05,1.251388813742252e-05,5.904782910675528e-05
-1.6761999502611784,-5.927666939517453e-05,1.0826450000275828e-05,6.0257244827433774e-05
-1.673713006714797,-6.081959154006977e-05,9.052411348329513e-06,6.148958339686724e-05
-1.6712260631684153,-6.233180166453327e-05,7.1910701600314205e-06,6.274523877389589e-05
-1.6687391196220338,-6.380966962102779e-05,5.2418371402176705e-06,6.402461084418461e-05
-1.6662521760756521,-6.524947667510625e-05,3.2042410782909396e-06,6.53281054926824e-05
-1.6637652325292707,-6.664741816351805e-05,1.0779342135091655e-06,6.665613467664841e-05
-1.661278288982889,-6.799960639779664e-05,-1.1373024015319778e-06,6.80091164992444e-05
-1.6587913454365075,-6.93020738175847e-05,-3.4415535484671864e-06,6.93874752836917e-05
-1.6563044018901258,-7.055077639767406e-05,-5.8347645113404235e-06,7.079164164798978e-05
-1.6538174583437444,-7.174159731244174e-05,-8.316735775280107e-06,7.222205258019446e-05
-1.6513305147973627,-7.287035086105122e-05,-1.0887117765860466e-05,7.367915151425416e-05
-1.6488435712509812,-7.393278665645434e-05,-1.3545405639652064e-05,7.51633884064011e-05
-1.6463566277045996,-7.49245940808832e-05,-1.6290934136744687e-05,7.66752198120936e-05
-1.643869684158218,-7.584140701015539e-05,-1.9122872506337606e-05,7.821510896350967e-05
-1.6413827406118364,-7.667880880873094e-05,-2.2040219516747155e-05,7.978352584758533e-05
-1.638895797065455,-7.74323375970613e-05,-2.5041798561465038e-05,8.138094728459645e-05
-1.6364088535190733,-7.809749179235147e-05,-2.8126252873156613e-05,8.300785700728067e-05
-1.6339219099726918,-7.866973592342314e-05,-3.129204085772673e-05,8.466474574049563e-05
-1.6314349664263101,-7.914450671991242e-05,-3.453743156082033e-05,8.635211128140766e-05
-1.6289480228799287,-7.951721947557242e-05,-3.786050027934663e-05,8.807045858021155e-05
-1.626461079333547,-7.97832746849617e-05,-4.125912433081007e-05,8.982029982137274e-05
-1.6239741357871655,-7.99380649523019e-05,-4.47309789934319e-05,9.160215450538968e-05
-1.6214871922407839,-7.997698217077068e-05,-4.8273533630213514e-05,9.341654953107146e-05
-1.6190002486944024,-7.98954249699668e-05,-5.1884048010248554e-05,9.526401927832655e-05
-1.6165133051480207,-7.968880642873103e-05,-5.555956884073638e-05,9.714510569145668e-05
-1.6140263616016393,-7.935256204995799e-05,-5.929692652325057e-05,9.906035836295066e-05
-1.6115394180552576,-7.888215799344409e-05,-6.309273214794321e-05,0.00010101033461777454
-1.6090524745088761,-7.827309956224251e-05,-6.69433747394158e-05,0.0001029955995981507
-1.6065655309624944,-7.752093993738543e-05,-7.084501876806205e-05,0.00010501672634881922
-1.604078587416113,-7.662128915522611e-05,-7.4793601940723e-05,0.00010707429590278003
-1.6015916438697313,-7.55698233210268e-05,-7.878483328449301e-05,0.00010916889736750373
-1.5991047003233498,-7.436229405178482e-05,-8.281419153751599e-05,0.00011130112801160866
-1.5966177567769682,-7.299453814063992e-05,-8.687692386057143e-05,0.00011347159335199652
-1.5941308132305867,-7.146248743455894e-05,-9.096804488317831e-05,0.0001156809072414391
-1.591643869684205,-6.976217891632547e-05,-9.508233609786405e-05,0.00011792969195660856
-1.5891569261378236,-6.788976498119022e-05,-9.921434561613203e-05,0.00012021857828654663
-1.5866699825914419,-6.584152389787683e-05,-0.0001033583882994983,0.00012254820562156165
-1.5841830390450604,-6.36138704429286e-05,-0.000107508546278821,0.00012491922204254676
-1.5816960954986787,-6.120336669672777e-05,-0.00011165866987492149,0.00012733228441071348
-1.5792091519522973,-5.8606732988804074e-05,-0.00011580237893327442,0.00012978805845772814
-1.5767222084059156,-5.582085897937197e-05,-0.0001199330645852808,0.00013228721887624694
-1.5742352648595341,-5.2842814863340256e-05,-0.00012404389144833706,0.00013483044941083627
-1.5717483213131525,-4.9669862682341024e-05,-0.0001281278002766004,0.00013741844294927453
-1.569261377766771,-4.6299467729644334e-05,-0.000132177511073976,0.00014005190161422095
-1.5667744342203893,-4.272931003212937e-05,-0.00013618552668047472,0.00014273153685524486
-1.5642874906740079,-3.8957295892797114e-05,-0.00014014413684266348,0.00014545806954120537
-1.5618005471276262,-3.498156947664356e-05,-0.00014404542277846757,0.00014823223005297029
-1.5593136035812447,-3.080052442203049e-05,-0.00014788126224609993,0.00015105475837646386
-1.556826660034863,-2.6412815459023173e-05,-0.0001516433351263698,0.00015392640419603426
-1.5543397164884816,-2.1817370015539477e-05,-0.00015532312952705547,0.0001568479269881289
-1.5518527729421,-1.701339979146692e-05,-0.00015891194841744267,0.00015982009611526407
-1.5493658293957184,-1.2000412280323894e-05,-0.0001624009168005004,0.00016284369092028341
-1.5468788858493367,-6.778222217391056e-06,-0.0001657809894295004,0.00016591950082088741
-1.5443919423029553,-1.3469629326616325e-06,-0.00016904295907519372,0.0001690483254044227
-1.5419049987565736,4.29290241363858e-06,-0.00017217746534893438,0.00017223097452292524
-1.5394180552101921,1.0140569735752663e-05,-0.00017517500408636012,0.00017546826838839535
-1.5369311116638105,1.6194883090662466e-05,-0.00017802593729545772,0.0001787610376682975
-1.534444168117429,2.2454323933793935e-05,-0.00018072050367200356,0.00018211012358127266
-1.5319572245710473,2.8917000586500562e-05,-0.00018324882968449855,0.00018551637799304414
-1.5294702810246659,3.558063794015849e-05,-0.00018560094122983226,0.00018898066351250936
-1.5269833374782842,4.244256742212803e-05,-0.00018776677585996866,0.00019250385358799855
-1.5244963939319027,4.9499717249272794e-05,-0.00018973619557899308,0.00019608683260369085
-1.522009450385521,5.674860299506358e-05,-0.0001914990002088633,0.00019973049597616678
-1.5195225068391396,6.418531849670466e-05,-0.00019304494132118606,0.0002034357502510893
-1.517035563292758,7.180552712897122e-05,-0.0001943637367312901,0.00020720351319999301
-1.5145486197463764,7.960445347176717e-05,-0.00019544508554978295,0.00021103471391716752
-1.5120616761999948,8.757687539862792e-05,-0.0001962786837856745,0.0002149302929166189
-1.5095747326536133,9.571711661361405e-05,-0.00019685424049401267,0.00021889120222909545
-1.5070877891072316,0.00010401903966417436,-0.00019716149445982002,0.0002229184054991573
-1.5046008455608502,0.00011247603945769303,-0.00019719023140893176,0.0002270128780822722
-1.5021139020144685,0.00012108103730951313,-0.0001969303017351376,0.0002311756071419302
-1.499626958468087,0.0001298264755502261,-0.00019637163873179123,0.00023540759174674587
-1.4971400149217053,0.00013870431272002806,-0.00019550427731481121,0.00023970984296753844
-1.4946530713753239,0.0001477060193778542,-0.0001943183732227364,0.00024408338397437405
-1.4921661278289422,0.00015682257455289827,-0.00019280422267819116,0.00024852925013354234
-1.4896791842825607,0.0001660444628659209,-0.00019095228249386525,0.00025304848910445824
-1.487192240736179,0.0001753616723475794,-0.00018875319060474528,0.00025764216093646455
-1.4847052971897976,0.0001847636929806715,-0.00018619778700706453,0.0002623113381655166
-1.482218353643416,0.00019423951599289934,-0.000183277135083076,0.0002670571059107319
-1.4797314100970345,0.00020377763392633486,-0.0001799825432894289,0.0002718805619707788
-1.4772444665506528,0.00021336604150935004,-0.0001763055871855795,0.0002767828169200929
-1.4747575230042713,0.00022299223735622938,-0.0001722381317773318,0.0002817649942048913
-1.4722705794578896,0.0002326432265191429,-0.0001677723541492499,0.00028682823023896823
-1.4697836359115082,0.00024230552391652548,-0.00016290076635833657,0.00029197367449925225
-1.4672966923651265,0.000251965158661195,-0.0001576162385600491,0.000297202489621099
-1.464809748818745,0.00026160767931081313,-0.0001519120223363711,0.00030251585149329834
-1.4623228052723634,0.000271218160062466,-0.00014578177419436033,0.0003079149493527797
-1.459835861725982,0.00028078120791226344,-0.00013921957920223923,0.00031340098587898265
-1.4573489181796002,0.00029028097079989394,-0.0001322199747288699,0.0003189751772878759
-1.4548619746332188,0.0002997011467571068,-0.00012477797425108802,0.00032463875342560384
-1.452375031086837,0.00030902499407796564,-0.00011688909119219121,0.0003303929578617303
-1.4498880875404556,0.0003182353425276139,-0.00010854936275359669,0.00033623904798205643
-1.447401143994074,0.0003273146056050897,-9.975537370047925e-05,0.0003421782950809968
-1.4449142004476925,0.00033624479387443405,-9.05042800610432e-05,0.00034821198445347676
-1.4424272569013108,0.0003450075293770259,-8.079383269791211e-05,0.0003543414154863324
-1.4399403133549293,0.0003535840611366858,-7.062240070900502e-05,0.0003605679017491918
-1.4374533698085477,0.00036195528176759565,-5.99889946142201e-05,0.0003668927710848014
-1.4349664262621662,0.00037010174519359874,-4.8893289283182384e-05,0.0003733173656987797
-1.4324794827157845,0.0003780036854858298,-3.733564655833943e-05,0.00037984304224876806
-1.429992539169403,0.00038564103682399117,-2.5317137526753215e-05,0.00038647117193295474
-1.4275055956230214,0.0003929934545848761,-1.2839564393005135e-05,0.0003932031405779425
-1.42501865207664,0.0004000403375599689,9.451809512037631e-08,0.0004000403487259306
-1.4225317085302582,0.00040676085130214167,1.3481781717412588e-05,0.0004069842117211907
-1.4200447649838768,0.0004131339525995613,2.7318104398310148e-05,0.0004140361597958003
-1.417557821437495,0.00041913841507299697,4.1598550420847136e-05,0.0004211976381546075
-1.4150708778911136,0.00042475285589073017,5.631735128862552e-05,0.00042847010705940477
-1.412583934344732,0.0004299557635932067,7.146788728745304e-05,0.00043585504191227326
-1.4100969907983505,0.0004347255270174963,8.704266979877663e-05,0.00044335393333807106
-1.4076100472519688,0.0004390404653094776,0.00010303332441741924,0.00045096828726604244
-1.4051231037055874,0.00044287885900947527,0.00011943057492638272,0.0004586996250105084
-1.4026361601592057,0.00044621898219485335,0.0001362242281817359,0.0004665494833506094
-1.4001492166128242,0.00044903913566080175,0.00015340315996075857,0.0004745194146090821
-1.3976622730664425,0.00045131768111824055,0.00017095530182646048,0.00048261098673001846
-1.395175329520061,0.00045303307638542325,0.0001888676290617054,0.0004908257833555922
-1.3926883859736794,0.000454163911547465,0.00020712614972588379,0.0004991654039017157
-1.390201442427298,0.00045468894605559684,0.00022571589488695293,0.0005076314636325919
-1.3877144988809162,0.0004545871467355428,0.0002446209100812938,0.0005162255937341371
-1.3852275553345348,0.00045383772667195423,0.00026382424805340606,0.0005249494413862277
-1.382740611788153,0.0004524201849333821,0.0002833079628269797,0.0005338046698337595
-1.3802536682417716,0.0004503143470997826,0.00030305310515818605,0.0005427929584564653
-1.37776672469539,0.0004475004065520651,0.00032303971942134434,0.0005519160028374648
-1.3752797811490085,0.00044395896648069327,0.0003432468419762926,0.0005611755148305236
-1.3727928376026268,0.0004396710825678592,0.0003636525010657706,0.000570573222625969
-1.3703058940562454,0.0004346183062952532,0.00038423371829012626,0.0005801108708152354
-1.3678189505098637,0.00042878272882694894,0.00040496651170549263,0.0005897902204540185
-1.3653320069634822,0.0004221470254144953,0.0004258259005901917,0.0005996130491239782
-1.3628450634171005,0.0004146945002687564,0.00044678591192287933,0.0006095811509929687
-1.360358119870719,0.0004064091318407182,0.00046781958861429035,0.0006196963368737708
-1.3578711763243374,0.00039727561845095033,0.0004888989995328831,0.0006299604342812642
-1.355384232777956,0.0003872794242051214,0.0005099952513629133,0.0006403752874880257
-1.3528972892315743,0.0003764068251305412,0.0005310785023316272,0.0006509427575783127
-1.3504103456851928,0.00036464495546646014,0.0005521179778402223,0.0006616647225003861
-1.3479234021388111,0.00035198185403855463,0.0005730819880311864,0.0006725430771171429
-1.3454364585924297,0.00033840651064581017,0.0005939379473223965,0.0006835797332550277
-1.342949515046048,0.00032390891238590216,0.000614652395935981,0.0006947766197511686
-1.3404625714996665,0.0003084800898430324,0.0006351910234475639,0.000706135682498717
-1.3379756279532848,0.00029211216306019466,0.0006555186943788978,0.000717658884490341
-1.3354886844069034,0.0002747983872158254,0.0006755994758542653,0.0007293482058598463
-1.3330017408605217,0.00025653319792304756,0.000695396667338158,0.0007412056439218756
-1.3305147973141402,0.00023731225606773133,0.0007148728324689444,0.0007532332132096461
-1.3280278537677586,0.00021713249210009937,0.0007339898330001584,0.000765432945510709
-1.325540910221377,0.00019599214969283251,0.0007527088648579325,0.0007778068899006585
-1.3230539666749954,0.0001738908286772321,0.0007709904963199103,0.0007903571127747736
-1.320567023128614,0.00015082952716750046,0.0007887947083176378,0.0008030856978775546
-1.3180800795822323,0.00012681068278200806,0.0008060809368609861,0.0008159947463300999
-1.3155931360358508,0.00010183821286916542,0.0008228081175796767,0.0008290863766552895
-1.3131061924894691,7.59175536444629e-05,0.0008389347323733754,0.0008423627248007518
-1.3106192489430877,4.905569814438711e-05,0.0008544188581580697,0.0008558259441595427
-1.308132305396706,2.126123290203606e-05,0.0008692182176927261,0.0008694782055885207
-1.3056453618503245,-7.455626751324651e-06,0.0008832902324663273,0.0008833216974243719
-1.3031584183039429,-3.7083002855147105e-05,0.0008965920776214493,0.0008973586254972434
-1.3006714747575614,-6.760732255548026e-05,0.0009090807388865179,0.0009115912131419314
-1.2981845312111797,-9.901328750489856e-05,0.0009207130714848546,0.00092602170120662
-1.2956975876647983,-0.00013128384502331025,0.0009314458609843921,0.0009406523480590798
-1.2932106441184166,-0.00016440016111658032,0.000941235886047838,0.0009554854295903294
-1.2907237005720351,-0.00019834159544951987,0.0009500399830387387,0.0009705232392156862
-1.2882367570256534,-0.0002330856783694615,0.0009578151124346601,0.0009857680878731937
-1.285749813479272,-0.00026860809007591096,0.0009645184269943284,0.0010012223040193632
-1.2832628699328903,-0.0003048826420310746,0.0009701073416212232,0.0010168882336221837
-1.2807759263865088,-0.00034188126070511097,0.0009745396048617475,0.0010327682401513939
-1.2782889828401272,-0.0003795739737486915,0.000977773371971646,0.0010488647045659297
-1.2758020392937457,-0.0004179288986842565,0.0009797672794799536,0.0010651800252985339
-1.273315095747364,-0.00045691223420572504,0.0009804805211753418,0.0010817166182374833
-1.2708281522009826,-0.0004964882541748193,0.000979872925435235,0.0010984769167053834
-1.2683412086546009,-0.0005366193044000319,0.0009779050338137813,0.0011154633714349864
-1.2658542651082194,-0.0005772658022824891,0.0009745381808002264,0.0011326784505420154
-1.2633673215618377,-0.0006183862394103133,0.0009697345746549828,0.0011501246394949156
-1.2608803780154563,-0.0006599371871808033,0.0009634573792262992,0.0011678044410815193
-1.2583934344690746,-0.0007018733055270116,0.0009556707966461424,0.0011857203753725776
-1.2559064909226931,-0.0007441473548222826,0.0009463401507996974,0.0012038749796821073
-1.2534195473763114,-0.0007867102110333172,0.0009354319714586861,0.0012222708085245144
-1.25093260382993,-0.0008295108841890131,0.0009229140789645845,0.001240910433568469
-1.2484456602835483,-0.0008724965402287063,0.0009087556693438319,0.0012597964435874626
-1.2459587167371668,-0.0009156125262898521,0.0008929273997331282,0.0012789314444070293
-1.2434717731907852,-0.0009588023994911891,0.000875401473989086,0.0012983180588485728
-1.2409848296444037,-0.0010020079592633294,0.0008561517283527992,0.0013179589266697758
-1.238497886098022,-0.0010451692832744621,0.0008351537170361228,0.0013378567045015343
-1.2360109425516406,-0.0010882247669941711,0.000812384797593203,0.0013580140657813776
-1.2335239990052589,-0.0011311111669339588,0.0007878242159370881,0.001378433700683348
-1.2310370554588774,-0.001173763647597867,0.0007614531908583351,0.0013991183160442827
-1.2285501119124957,-0.0012161158321716986,0.000733254997899244,0.0014200706352864576
-1.2260631683661143,-0.001258099856974064,0.0007032150524344682,0.0014412933983365677
-1.2235762248197326,-0.001299646429686939,0.0006713209918060797,0.001462789361540993
-1.2210892812733511,-0.0013406848913778877,0.0006375627563584971,0.0014845612975772952
-1.2186023377269695,-0.0013811432823203525,0.0006019326692163126,0.0015066119953619484
-1.216115394180588,-0.001420948411612327,0.0005644255146459372,0.0015289442599542096
-1.2136284506342063,-0.0014600259305877546,0.000525038614839941,0.001551560912456125
-1.2111415070878249,-0.0014983004100087324,0.0004837719049611143,0.0015744647899086346
-1.2086545635414432,-0.0015356954210200427,0.00044062800628201894,0.0015976587451837121
-1.2061676199950617,-0.0015721336198412236,0.0003956122972540307,0.0016211456468725072
-1.20368067644868,-0.001607536836164545,0.00034873298233927544,0.0016449283791694885
-1.2011937329022986,-0.0016418261652205153,0.00030000115843767996,0.0016690098417524843
-1.198706789355917,-0.0016749220634656716,0.0002494308787409629,0.001693392949658641
-1.1962198458095354,-0.0017067444478403358,0.00019703921384505994,0.0017180806331562244
-1.1937329022631538,-0.0017372127985369724,0.00014284630995233365,0.0017430758376122532
-1.1912459587167723,-0.0017662462652125188,8.687544399534415e-05,0.0017683815233559075
-1.1887590151703906,-0.0017937637765708385,2.9153075514327745e-05,0.0017940006655376751
-1.1862720716240092,-0.0018196841532341222,-3.029110487866864e-05,0.001819936253984231
-1.1837851280776275,-0.0018439262238145913,-9.142413061476928e-05,0.0018461912930489636
-1.181298184531246,-0.0018664089440905125,-0.00015420971802691214,0.0018727688014581515
-1.1788112409848643,-0.001887051519183021,-0.00021860822911492185,0.0018996718121527493
-1.1763242974384829,-0.0019057735286227414,-0.0002845766383776815,0.0019269033721257321
-1.1738373538921012,-0.0019224950541877237,-0.0003520685038708093,0.0019544665422549677
-1.1713504103457197,-0.0019371368103867353,-0.0004210339426455868,0.0019823643971316122
-1.168863466799338,-0.0019496202774544034,-0.0004914196107217943,0.002010600024883951
-1.1663765232529566,-0.0019598678367173275,-0.0005631686877438665,0.002039176526996671
-1.163889579706575,-0.0019678029081828382,-0.0006362208664662088,0.002068097018125564
-1.1614026361601935,-0.001973350090194718,-0.0007105123472093099,0.0020973646259075662
-1.1589156926138118,-0.0019764353009929596,-0.0007859758374241714,0.002126982490766146
-1.1564287490674303,-0.001976985922007407,-0.0008625405564979423,0.0021569537657120186
-1.1539418055210486,-0.001974930942708042,-0.0009401322459284304,0.0021872816161391086
-1.1514548619746672,-0.00197020110682771,-0.0010186731849901281,0.002217969219615787
-1.1489679184282855,-0.001962729059766178,-0.0010980822120085307,0.0022490197656712964
-1.146480974881904,-0.0019524494969777846,-0.0011782747513537052,0.002280436455577405
-1.1439940313355224,-0.0019392993131382855,-0.001259162846257571,0.0023122225021251944
-1.141507087789141,-0.0019232177518802096,-0.0013406551975528615,0.0023443811293969823
-1.1390201442427592,-0.0019041465558797713,-0.0014226572084247385,0.0023769155725333756
-1.1365332006963778,-0.0018820301170724473,-0.0015050710352586625,0.002409829077495396
-1.134046257149996,-0.0018568156267685062,-0.0015877956446605549,0.00244312490082164
-1.1315593136036146,-0.0018284532254342438,-0.0016707268767175163,0.002476806309380521
-1.129072370057233,-0.0017968961518994024,-0.001753757514558826,0.0025108765801174758
-1.1265854265108515,-0.001762100891746218,-0.0018367773602687,0.0025453389997971724
-1.1240984829644698,-0.0017240273246306918,-0.0019196733171934442,0.0025801968647407012
-1.1216115394180883,-0.0016826388702823694,-0.002002329478676308,0.0026154534805576763
-1.1191245958717067,-0.001637902632924629,-0.002084627223244237,0.0026511121618732784
-1.1166376523253252,-0.0015897895438536475,-0.002166445316260977,0.0026871762320502006
-1.1141507087789435,-0.0015382745019107919,-0.0022476600180510006,0.0027236490229054695
-1.111663765232562,-0.0014833365115799308,-0.00232814519848868,0.0027605338744221223
-1.1091768216861804,-0.0014249588184383959,-0.0024077724580367776,0.0027978341344557607
-1.106689878139799,-0.0013631290416879392,-0.0024864112552075383,0.0028355531584358996
-1.1042029345934172,-0.0012978393034899342,-0.002563929040409075,0.0028736943090621587
-1.1017159910470358,-0.0012290863548275232,-0.0026401913961285064,0.002912260955995221
-1.099229047500654,-0.0011568716976160334,-0.0027150621833923537,0.0029512564755426215
-1.0967421039542726,-0.0010812017027824292,-0.002788403694433026,0.002990684250339272
-1.094255160407891,-0.001002087724034031,-0.0028600768114789305,0.003030547669022744
-1.0917682168615095,-0.0009195462070367713,-0.002929941171574075,0.003070850125903343
-1.0892812733151278,-0.0008335987937240718,-0.0029978553373210272,0.0031115950206288727
-1.0867943297687463,-0.0007442724214581568,-0.0030636769734294265,0.003152785757844145
-1.0843073862223647,-0.0006515994167672147,-0.003127263028940222,0.0031944257468452366
-1.0818204426759832,-0.0005556175833838597,-0.0031884699249835847,0.0032365184012284167
-1.0793334991296015,-0.0004563702843127284,-0.003247153747916568,0.003279067138533808
-1.07684655558322,-0.00035390651765797705,-0.0033031704476743284,0.0033220753798837584
-1.0743596120368384,-0.0002482809859450652,-0.003356376041156528,0.0033655465496158898
-1.071872668490457,-0.00013955415867510402,-0.003406626820458486,0.003409484074910838
-1.0693857249440752,-2.7792327854413408e-05,-0.003453779565744527,0.0034538913854147207
-1.0668987813976938,8.69323437526883e-05,-0.00349769176254878,0.0034987719128562705
-1.064411837851312,0.00020454178189459422,-0.0035382218232768107,0.0035441290906586477
-1.0619248943049306,0.0003249519678672949,-0.003575229312669534,0.0035899663535459902
-1.059437950758549,0.0004480729135471529,-0.003608575176978968,0.003636287137144621
-1.0569510072121675,0.0005738086446485671,-0.003638121976593837,0.003683094877578973
-1.0544640636657858,0.000702057192425548,-0.0036637341218414433,0.003730393011062204
-1.0519771201194044,0.0008327105940282604,-0.0036852781116809754,0.003778184973481552
-1.0494901765730227,0.0009656549017166076,-0.0037026227749921963,0.003826474199978385
-1.0470032330266412,0.001100770201123863,-0.0037156395141526386,0.0038752641245229625
-1.0445162894802595,0.0012379306387536046,-0.0037242025505857903,0.0039245581794839805
-1.042029345933878,0.00137700445888269,-0.003728189171952297,0.003974359795192827
-1.0395424023874964,0.0015178540500323716,-0.003727479980646201,0.004024672399502583
-1.037055458841115,0.0016603360011584812,-0.00372195914324846,0.004075499417341848
-1.0345685152947333,0.0018043011676993675,-0.0037115146405805603,0.004126844270263314
-1.0320815717483518,0.0019495947476083455,-0.0036960385179919935,0.004178710375987131
-1.0295946282019701,0.0020960563674846753,-0.0036754271355066734,0.004231101147939132
-1.0271076846555887,0.0022435201789034014,-0.0036495814174452097,0.004284019994783887
-1.024620741109207,0.0023918149650311287,-0.003618407101132003,0.00433747031995256
-1.0221337975628255,0.0025407642576005664,-0.003581814984288913,0.004391455521165749
-1.0196468540164438,0.0026901864643018064,-0.003539721170710232,0.00444597898995113
-1.0171599104700624,0.00283989500663367,-0.0034920473138074608,0.004501044111156072
-1.0146729669236807,0.002989698468242921,-0.0034387208576063975,0.004556654262455222
-1.0121860233772992,0.003139400753763214,-0.0033796752747738347,0.004612812813853021
-1.0096990798309176,0.0032888012581497785,-0.0033148503012463758,0.004669523127181271
-1.007212136284536,0.0034376950464890437,-0.003244192167029754,0.004726788555591685
-1.0047251927381544,0.0035858730442460116,-0.0031676538227333626,0.004784612443043579
-1.002238249191773,0.003733122237894476,-0.003085195161401987,0.004842998123786597
-0.9997513056453914,0.003879225885858273,-0.002996783235204285,0.004901948921838575
-0.9972643620990098,0.004023963739674021,-0.0029023924665358474,0.00496146815045863
-0.9947774185526282,0.004167112275267511,-0.0028020048530940016,0.005021559111615386
-0.9922904750062467,0.004308444934218248,-0.0026956101664809937,0.005082225095450473
-0.9898035314598651,0.004447732374868167,-0.0025832061438926775,0.00514346937973731
-0.9873165879134835,0.004584742733111975,-0.0024647986724511393,0.005205295229335216
-0.984829644367102,0.004719241892688057,-0.0023404019657414328,0.005267705895638851
-0.9823427008207204,0.004850993764770329,-0.0022100387321152618,0.005330704616023124
-0.9798557572743388,0.004979760576642306,-0.002073740334327961,0.005394294613283515
-0.9773688137279573,0.005105303169216047,-0.0019315469400792398,0.0054584790950718935
-0.9748818701815757,0.005227381303139907,-0.0017835076630328833,0.0055232612533279365
-0.972394926635194,0.005345753973219778,-0.00162968069389682,0.005588644263706097
-0.9699079830888124,0.005460179730860103,-0.001470133421151096,0.0056546312849982475
-0.9674210395424309,0.0055704170142121204,-0.0013049425410185452,0.0057212254585520235
-0.9649340959960493,0.005676224485698066,-0.0011341941562816216,0.005788429907684954
-0.9624471524496677,0.0057773613765617,-0.0009579838635571269,0.0058562477370943545
-0.9599602089032861,0.005873587838077293,-0.0007764168286508068,0.005924682032263137
-0.9574732653569046,0.005964665299031012,-0.0005896078496239479,0.0059937358588615566
-0.954986321810523,0.00605035682907086,-0.0003976814072158616,0.006063412262144937
-0.9524993782641414,0.006130427507503722,-0.0002007717022779887,0.006133714266347423
-0.9500124347177599,0.006204644797101003,9.773201116509848e-07,0.006204644874071936
-0.9475254911713783,0.006272778922457131,0.00020741196017095293,0.006276207065676245
-0.9450385476249967,0.0063346032524289626,0.00041836876687607167,0.006348403798655296
-0.9425516040786152,0.00638989468616793,0.0006336745556514623,0.006421238007019926
-0.9400646605322336,0.006438434042241044,0.000853146440558676,0.006494712600671895
-0.937577716985852,0.006480006450321819,0.001076591881238708,0.006568830464775407
-0.9350907734394704,0.006514401744917537,0.0013038087448451227,0.006643594459125216
-0.9326038298930889,0.006541414860585051,0.0015345853831861666,0.006719007417511279
-0.9301168863467073,0.006560846228074018,0.0017687007252757403,0.006795072147080118
-0.9276299428003257,0.006572502170823471,0.002005924385473103,0.006871791427692992
-0.9251429992539442,0.006576195301225415,0.0022460167873704726,0.006949168011280862
-0.9226560557075626,0.006571744916057685,0.002488729303566884,0.007027204621196293
-0.920169112161181,0.00655897739047746,0.0027338044114449582,0.007105903951562421
-0.9176821686147995,0.006537726569956762,0.002980975865044444,0.007185268666618952
-0.9151952250684179,0.0065078341595320435,0.0032299688831039387,0.007265301400065371
-0.9127082815220363,0.006469150109731577,0.0034805003533182007,0.007346004754401415
-0.9102213379756547,0.006421532998536598,0.0037322790528349853,0.007427381300264935
-0.9077343944292732,0.0063648504087256315,0.003985005884989914,0.0075094335757671556
-0.9052474508828916,0.00629897929994558,0.004238374132253507,0.007592164085825502
-0.90276050733651,0.006223806374848026,0.004492069725339003,0.007675575301494093
-0.9002735637901285,0.006139228438625699,0.004745771528392919,0.007759669659291909
-0.8977866202437469,0.0060451527512807544,0.004999151640164928,0.007844449560528832
-0.8952996766973653,0.005941497371954729,0.005251875711026279,0.007929917370629579
-0.8928127331509838,0.005828191494649097,0.005503603275679453,0.008016075418455698
-0.8903257896046022,0.0057051757746654766,0.00575398810137423,0.008102925995625657
-0.8878388460582206,0.005572402645095798,0.0060026785514179625,0.008190471355833185
-0.885351902511839,0.005429836622694987,0.006249317963740231,0.008278713714163936
-0.8828649589654575,0.005277454602472011,0.0064935450442443286,0.008367655246410614
-0.8803780154190759,0.005115246140339962,0.006734994274649743,0.008457298088386604
-0.8778910718726943,0.004943213723171059,0.0069732963345024235,0.008547644335238313
-0.8754041283263128,0.004761373025609719,0.007208078537000935,0.008638696040756231
-0.8729171847799312,0.00456975315300436,0.007438965278259302,0.008730455216684911
-0.8704302412335496,0.004368396869827957,0.007665578499598972,0.008822923832031914
-0.867943297687168,0.004157360812967678,0.00788753816243472,0.008916103812375861
-0.8654563541407865,0.003936715689275263,0.008104462735291779,0.009009997039173713
-0.8629694105944049,0.0037065464567823214,0.008315969692464106,0.009104605349067424
-0.8604824670480233,0.0034669524889990385,0.008521676023796287,0.009199930533189973
-0.8579955235016418,0.003218047721729015,0.008721198755045277,0.009295974336471063
-0.8555085799552602,0.0029599607818498967,0.008914155478251229,0.009392738456942462
-0.8530216364088786,0.002692835097526299,0.009100164891520948,0.009490224545043176
-0.850534692862497,0.0024168289893400086,0.009278847347601978,0.009588434202924611
-0.8480477493161155,0.002132115741842617,0.009449825410599902,0.009687368983755738
-0.8455608057697339,0.0018388836550558222,0.009612724420167479,0.009787030391028509
-0.8430738622233523,0.0015373360754670662,0.009767173062470005,0.009887419877863596
-0.8405869186769708,0.0012276914060912266,0.009912803947208107,0.009988538846316555
-0.8380999751305892,0.0009101830951926905,0.010049254189956941,0.01009038864668461
-0.8356130315842076,0.0005850596032881052,0.010176165999058745,0.010192970576814146
-0.8331260880378261,0.0002525843480758478,0.010293187266284915,0.010296285881409024
-0.8306391444914445,-8.696437303447803e-05,0.010399972160463832,0.010400335751339956
-0.8281522009450629,-0.00043329348309026664,0.010496181723251228,0.010505121322954896
-0.8256652573986814,-0.0007860952487313064,0.010581484466202048,0.01061064367739079
-0.8231783138522998,-0.0011450474265305704,0.010655556968285287,0.010716903839886658
-0.8206913703059182,-0.0015098134327481284,0.010718084472967331,0.010823902779098216
-0.8182044267595366,-0.0018800425366737401,0.010768761483974217,0.01093164140641419
-0.8157174832131551,-0.0022553700777007213,0.010807292358829311,0.011040120575274447
-0.8132305396667735,-0.002635417706239805,0.010833391899250226,0.011149341080490035
-0.8107435961203919,-0.0030197936485480375,0.010846785937477262,0.011259303657565398
-0.8082566525740104,-0.0034080929955114447,0.01084721191759541,0.011370008982022752
-0.8057697090276288,-0.0037998980153856245,0.010834419470902986,0.011481457668728887
-0.8032827654812472,-0.004194778490460858,0.0108081709843725,0.011593650271224535
-0.8007958219348656,-0.004592292077581957,0.010768242161242825,0.01170658728105632
-0.7983088783884841,-0.004991984692415391,0.010714422572777245,0.011820269127111623
-0.7958219348421025,-0.005393390917318032,0.010646516200218302,0.011934696174956419
-0.7933349912957209,-0.0057960344326232986,0.01056434196596848,0.012049868726176135
-0.7908480477493394,-0.006199428471121968,0.010467734253025565,0.012165787017719911
-0.7883611042029578,-0.006603076295475651,0.010356543411702042,0.0122824512212482
-0.7858741606565762,-0.007006471698261073,0.010230636252661279,0.01239986144248397
-0.7833872171101947,-0.007409099524304605,0.010089896525306617,0.012518017720567633
-0.7809002735638131,-0.007810436214925601,0.009934225380566018,0.012636920027415833
-0.7784133300174315,-0.008209950373668421,0.009763541817121692,0.012756568267084302
-0.77592638647105,-0.008607103353062385,0.009577783110143439,0.012876962275134874
-0.7734394429246684,-0.009001349861909383,0.009376905221595028,0.012998101818006818
-0.7709524993782868,-0.009392138592559347,0.009160883191195191,0.013119986592392741
-0.7684655558319052,-0.009778912867594363,0.008929711507128407,0.013242616224619065
-0.7659786122855237,-0.01016111130530245,0.008683404455616892,0.013365990270031346
-0.7634916687391421,-0.010538168503284122,0.008421996448481524,0.013490108212384543
-0.7610047251927605,-0.010909515739495302,0.00814554232783917,0.013614969463238442
-0.758517781646379,-0.01127458168999287,0.007854117647103743,0.013740573361358286
-0.7560308380999974,-0.01163279316261149,0.007547818927480591,0.013866919172120925
-0.7535438945536158,-0.011983575845762925,0.007226763889168036,0.01399400608692649
-0.7510569510072342,-0.012326355071513664,0.006891091656504545,0.014121833222615864
-0.7485700074608527,-0.012660556592060487,0.006540962936327546,0.014250399620894038
-0.7460830639144711,-0.01298560736868903,0.006176560168838511,0.014379704247759523
-0.7435961203680895,-0.013300936372267024,0.005798087650298456,0.014509745992940033
-0.741109176821708,-0.013605975394290286,0.0054057716269105835,0.014640523669334516
-0.7386222332753264,-0.013900159867468188,0.004999860359279366,0.014772036012461737
-0.7361352897289448,-0.014182929694804471,0.00458062415686999,0.014904281679915587
-0.7336483461825632,-0.014453730086099181,0.004148355381929037,0.015037259250827202
-0.7311614026361817,-0.014712012400769777,0.0037033684223635737,0.015170967225334163
-0.7286744590898001,-0.014957234995861605,0.0032459996331160356,0.015305404024056881
-0.7261875155434185,-0.015188864078092402,0.0027766072456116785,0.015440567987582227
-0.723700571997037,-0.015406374558751226,0.002295571244897182,0.015576457375954773
-0.7212136284506554,-0.015609250910248887,0.0018032932141318753,0.015713070368175652
-0.7187266849042738,-0.015796988023095607,0.0013001961461373273,0.015850405061709195
-0.7162397413578923,-0.015969092062062058,0.0007867242217552081,0.015988459471997597
-0.7137527978115107,-0.01612508132026113,0.0002633425548110647,0.016127231531983685
-0.7112658542651291,-0.01626448706987186,-0.00026946309647276435,0.016266719091641978
-0.7087789107187475,-0.016386854408211596,-0.0008111866517221077,0.016406919917518217
-0.706291967172366,-0.016491743097849794,-0.0013613020643726543,0.01654783169227744
-0.7038050236259844,-0.01657872839944562,-0.001919263711357063,0.016689452014260888
-0.7013180800796028,-0.016647401895982086,-0.002484506816475217,0.016831778397051803
-0.6988311365332213,-0.01669737230706223,-0.0030564479073538786,0.016974808269050245
-0.6963441929868397,-0.016728266291927495,-0.0036344853058501506,0.0171185389730572
-0.6938572494404581,-0.016739729239854874,-0.004217999651700734,0.017262967765868064
-0.6913703058940766,-0.0167314260465883,-0.004806354459164791,0.017408091817875577
-0.688883362347695,-0.016703041875460272,-0.005398896706356379,0.017553908212682587
-0.6863964188013134,-0.016654282901862744,-0.005994957456906719,0.0177004139467245
-0.6839094752549318,-0.016584877039731036,-0.006593852513544159,0.01784760592890179
-0.6814225317085503,-0.01649457464871195,-0.007194883103124448,0.017995480980222692
-0.6789355881621687,-0.01638314922069624,-0.007797336592589725,0.018144035833456085
-0.6764486446157871,-0.01625039804440738,-0.008400487235280694,0.01829326713279487
-0.6739617010694056,-0.016096142846751933,-0.009003596946972411,0.018443171433529925
-0.671474757523024,-0.015920230409653163,-0.009605916110949034,0.01859374520173479
-0.6689878139766424,-0.01572253316110703,-0.010206684411380893,0.0187449848139612
-0.6665008704302608,-0.015502949739220805,-0.010805131694212163,0.018896886556945686
-0.6640139268838793,-0.015261405528016452,-0.011400478854715691,0.019049446627327278
-0.6615269833374977,-0.014997853163805946,-0.011991938750819131,0.019202661131376596
-0.6590400397911161,-0.014712273010972927,-0.012578717141253842,0.01935652608473627
-0.6565530962447346,-0.01440467360602377,-0.01316001364752859,0.01951103741217305
-0.654066152698353,-0.014075092068802838,-0.013735022738678849,0.019666190947341622
-0.6515792091519714,-0.013723594479800384,-0.014302934737693422,0.01982198243256019
-0.6490922656055899,-0.013350276222516473,-0.014862936848472811,0.01997840751859816
-0.6466053220592083,-0.012955262289883118,-0.015414214202125442,0.02013546176447596
-0.6441183785128267,-0.012538707553785756,-0.01595595092136277,0.020293140637276958
-0.6416314349664451,-0.012100796996767317,-0.016487331201709917,0.02045143951197202
-0.6391444914200636,-0.011641745905042604,-0.017007540408204062,0.020610353671256354
-0.636657547873682,-0.01116180002199537,-0.017515766186212763,0.02076987830539915
-0.6341706043273004,-0.010661235661379534,-0.018011199584962608,0.02093000851210596
-0.6316836607809189,-0.01014035977949462,-0.018493036192330958,0.021090739296393924
-0.6291967172345373,-0.00959951000565729,-0.018960477279416535,0.021252065570480084
-0.6267097736881557,-0.009039054630343952,-0.019412730953369327,0.02141398215368281
-0.6242228301417742,-0.00845939255043472,-0.019849013316927098,0.021576483772336487
-0.6217358865953926,-0.00786095317104429,-0.020268549633075103,0.021739565059719575
-0.619248943049011,-0.0072441962634850815,-0.020670575493215507,0.02190322055599616
-0.6167619995026294,-0.006609611778965528,-0.02105433798720704,0.022067444708171114
-0.6142750559562479,-0.005957719617689204,-0.021419096873609527,0.022232231870059026
-0.6117881124098663,-0.005289069353081402,-0.02176412574844574,0.02239757630226681
-0.6093011688634847,-0.004604239910933672,-0.02208871321077297,0.02256347217219041
-0.6068142253171032,-0.0039038392033215936,-0.022392164023338133,0.022729913554025434
-0.6043272817707216,-0.0031885037172168836,-0.022673800266575065,0.022896894428791986
-0.60184033822434,-0.002458898057781328,-0.022932962484189676,0.023064408684373674
-0.5993533946779585,-0.0017157144463972997,-0.023169010818568005,0.023232450115571058
-0.5968664511315769,-0.0009596721735594051,-0.023381326134234246,0.02340101242416938
-0.5943795075851953,-0.00019151700681866238,-0.023569311127580875,0.02357008921902097
-0.5918925640388137,0.0005879794459572473,-0.023732391421090043,0.023739674016142187
-0.5894056204924322,0.0013780204176763828,-0.023870016640265793,0.023909760238825038
-0.5869186769460506,0.002177784707063942,-0.023981661471499605,0.02408034121776372
-0.584431733399669,0.0029864274471791035,-0.024066826699097113,0.024251410191195862
-0.5819447898532875,0.0038030809168627805,-0.0241250402197027,0.02442296030505882
-0.5794578463069059,0.004626855394500833,-0.02415585803236988,0.024594984613161074
-0.5769709027605243,0.005456840053415342,-0.024158865202539313,0.024767476077368535
-0.5744839592141427,0.006292103898127836,-0.0241336767982037,0.024940427567806272
-0.5719970156677612,0.007131696740665431,-0.024079938796558356,0.025113831863075264
-0.5695100721213796,0.00797465021601289,-0.023997328959459295,0.025287681650484648
-0.567023128574998,0.008819978835742946,-0.023885557676035996,0.025461969526299325
-0.5645361850286165,0.009666681078788241,-0.023744368770834825,0.02563668799600289
-0.5620492414822349,0.010513740518251088,-0.023573540275900126,0.02581182947457619
-0.5595622979358533,0.011360126983079073,-0.02337288516523443,0.025987386286791463
-0.5570753543894718,0.012204797753368215,-0.023142252050116052,0.026163350667521974
-0.5545884108430902,0.013046698787991202,-0.02288152583379225,0.026339714762067437
-0.5521014672967086,0.013884765983183394,-0.02259062832410844,0.026516470626495096
-0.549614523750327,0.014717926460656625,-0.02226951880267974,0.026693610227996566
-0.5471275802039455,0.015545099883751032,-0.02191819454925817,0.026871125445260508
-0.5446406366575639,0.016365199800073348,-0.021536691320000665,0.027049008068861097
-0.5421536931111823,0.017177135009014785,-0.02112508377839492,0.02722724980166241
-0.5396667495648008,0.01797981095248348,-0.020683485877656838,0.02740584225923872
-0.5371798060184192,0.01877213112713335,-0.020212051193471036,0.027584776970310684
-0.5346928624720376,0.019552998516319035,-0.019710973206006614,0.027764045377197556
-0.532205918925656,0.020321317039956505,-0.01918048553020303,0.027943638836285343
-0.5297189753792745,0.021075993020420406,-0.018620862093387095,0.028123548618510966
-0.5272320318328929,0.02181593666256543,-0.018032417259347913,0.028303765909862506
-0.5247450882865113,0.022540063545913876,-0.01741550589806792,0.028484281811895384
-0.5222581447401298,0.023247296127012863,-0.01677052340037825,0.028665087342264663
-0.5197712011937482,0.023936565249925792,-0.01609790563688085,0.028846173435273445
-0.5172842576473666,0.02460681166278726,-0.015398128860555187,0.02902753094243714
-0.5147973141009851,0.025256987538319342,-0.014671709552543802,0.02920915063306401
-0.5123103705546035,0.025886057996176524,-0.013919204210690114,0.029391023194851654
-0.5098234270082219,0.02649300262496011,-0.013141209080482332,0.029573139234499515
-0.5073364834618403,0.027076817001720165,-0.012338359828138155,0.02975548927833746
-0.5048495399154588,0.027636514206741843,-0.01151133115564843,0.029938063772970452
-0.5023625963690772,0.028171126331395454,-0.010660836357682344,0.030120853085939054
-0.4998756528226957,0.028679705976816725,-0.009787626820340558,0.030303847506396062
-0.4973887092763141,0.029161327741171233,-0.008892491461830949,0.03048703724579906
-0.49490176572993255,0.029615089693251072,-0.007976256115226062,0.030670412438618865
-0.492414822183551,0.030040114830146653,-0.007039782853551075,0.03085396314306395
-0.4899278786371694,0.03043555251673619,-0.006083969257538143,0.031037679341820574
-0.48744093509078784,0.03080057990473853,-0.005109747626471756,0.03122155094280898
-0.4849539915444062,0.031134403329080677,-0.0041180841326382825,0.03140556777995515
-0.48246704799802465,0.03143625967934143,-0.0031099779199832904,0.03158971961397839
-0.4799801044516431,0.03170541774404605,-0.0020864601476666303,0.03177399613319469
-0.4774931609052615,0.03194117952560316,-0.0010485929792972016,0.031958386954335505
-0.47500621735887993,0.032142881523696216,2.5314812847425367e-06,0.03214288162338232
-0.47251927381249836,0.032309895984965364,0.001065792306720235,0.03232746961641671
-0.4700323302661168,0.032441632116843006,0.0021400409142940655,0.032512140340485614
-0.4675453867197352,0.0325375372634381,0.0032241022844162553,0.03269688313448242
-0.46505844317335365,0.03259709804139804,0.004316776228204507,0.032881687270042995
-0.4625714996269721,0.03261984143371567,0.0054168387028645515,0.0330665419524571
-0.4600845560805905,0.03260533583949056,0.00652304317348265,0.03325143632159499
-0.45759761253420894,0.03255319207769855,0.007634122019760718,0.0334363594528491
-0.45511066898782737,0.03246306434307244,0.008748787986143342,0.03362130035809066
-0.4526237254414458,0.03233465111224819,0.00986573567370801,0.03380624798664129
-0.45013678189506423,0.032167695998386925,0.01098364307210913,0.03399119122625933
-0.44764983834868266,0.03196198855254064,0.0121011731297939,0.03417611890414102
-0.4451628948023011,0.031717365010092285,0.013216975360630358,0.034361019787936105
-0.4426759512559195,0.03143370898066485,0.014329687485019813,0.034545882586778175
-0.44018900770953795,0.031110952079962857,0.015437937103492614,0.03473069595232925
-0.4377020641631564,0.03074907450207998,0.016540343400722024,0.03491544847983875
-0.4352151206167748,0.030348105530880815,0.017635518877824025,0.03510012870921653
-0.43272817707039324,0.029908123989141354,0.01872207111075064,0.03528472512612017
-0.43024123352401167,0.02942925862421236,0.019798604532523044,0.03546922616305605
-0.4277542899776301,0.028911688429051497,0.020863722236996517,0.03565362020049427
-0.4252673464312485,0.028355642897555083,0.021916027801794188,0.03583789556799732
-0.42278040288486696,0.02776140221320716,0.022954127127997194,0.03602204054536223
-0.4202934593384854,0.027129297370152856,0.023976630294131423,0.03620604336377621
-0.4178065157921038,0.026459710225894474,0.024982153421947453,0.03638989220698552
-0.41531957224572225,0.025753073484902408,0.025969320551449966,0.03657357521247745
-0.4128326286993407,0.025009870612528323,0.026936765522596204,0.0367570804726754
-0.4103456851529591,0.02423063567870513,0.027883133861049837,0.03694039603614669
-0.40785874160657754,0.02341595313101783,0.028807084665346854,0.03712350990882308
-0.40537179806019596,0.02256645749682839,0.029707292492805414,0.03730641005523387
-0.4028848545138144,0.021682833014241332,0.03058244924148825,0.03748908439975134
-0.4003979109674328,0.0207658131917979,0.03143126602550974,0.037671520827848325
-0.39791096742105125,0.0198161802968925,0.03225247504096461,0.037853707187368
-0.3954240238746697,0.018834764773007884,0.033044831419746686,0.038035631289805305
-0.3929370803282881,0.017822444585973915,0.03380711506851858,0.038217280911600274
-0.39045013678190654,0.016780144499558367,0.03453813249009325,0.03839864379544275
-0.387963193235525,0.015708835280807097,0.03523671858448942,0.03857970765158844
-0.3854762496891434,0.014609532835656013,0.03590173842693072,0.03876046015918626
-0.38298930614276183,0.013483297275446475,0.036532089020067916,0.038940888967616404
-0.38050236259638026,0.012331231915080502,0.03712670101772024,0.039120981697839445
-0.3780154190499987,0.011154482203660557,0.03768454041744999,0.03930072594375582
-0.3755284755036171,0.009954234588564353,0.03820461021930878,0.03948010927357577
-0.37304153195723555,0.008731715314010926,0.03868595204812167,0.039659119231199545
-0.370554588410854,0.007488189155279349,0.03912764773670715,0.03983774333760745
-0.3680676448644724,0.006224958089845485,0.03952882086746773,0.04001596909225971
-0.36558070131809084,0.004943359906805162,0.039888638269826256,0.040193783974506014
-0.36309375777170927,0.0036447667560536657,0.04020631147102756,0.04037117544500428
-0.3606068142253277,0.002330583638792645,0.04048109809787401,0.040548130947148556
-0.35811987067894613,0.0010022468410322573,0.04071230322701682,0.040724637908505994
-0.35563292713256456,-0.0003387776881442191,0.040899280681481194,0.04090068374226237
-0.353145983586183,-0.0016909960116934081,0.04104143427116478,0.041076255848676156
-0.3506590400398014,-0.003052887931147673,0.04113821897511374,0.04125134161654085
-0.34817209649341985,-0.004422908762530963,0.04118914206344907,0.041425928424655284
-0.3456851529470383,-0.005799491159520337,0.04119376415688873,0.041600003643301825
-0.3431982094006567,-0.007181046981636618,0.04115170022188651,0.041773554635732
-0.34071126585427514,-0.008565969205162206,0.04106262049948908,0.041946568759659575
-0.33822432230789357,-0.009952633874406229,0.040926251366094984,0.042119033368760606
-0.335737378761512,-0.011339402090857856,0.0407423761243865,0.04229093581418045
-0.3332504352151304,-0.01272462203769765,0.04051083572279474,0.04246226344604728
-0.33076349166874885,-0.014106631037064114,0.04023152940195113,0.04263300361499198
-0.3282765481223673,-0.01548375763740689,0.03990441526667492,0.04280314367367418
-0.3257896045759857,-0.016854323728194145,0.03952951078214444,0.04297267097831414
-0.32330266102960414,-0.018216646679182238,0.039106893193002125,0.04314157289023011
-0.3208157174832226,-0.019569041501399743,0.03863669986424695,0.04330983677738125
-0.318328773936841,-0.020909823026946033,0.03811912854287499,0.043477450015915485
-0.31584183039045943,-0.02223730810465694,0.03755443753933748,0.043644399991722205
-0.31335488684407786,-0.023549817808645474,0.036942945827997294,0.04381067410198955
-0.3108679432976963,-0.024845679656687793,0.03628503306587733,0.04397625975676604
-0.3083809997513147,-0.02612322983538727,0.03558113952910996,0.044141144380526194
-0.30589405620493315,-0.027380815429020787,0.03483176596661262,0.04430531541373987
-0.3034071126585516,-0.028616796648943343,0.03403747337063372,0.044468760314445174
-0.30092016911217,-0.029829549060407783,0.033198882663931215,0.04463146655982467
-0.29843322556578844,-0.031017465803636228,0.032316674303468323,0.04479342164778431
-0.29594628201940687,-0.0321789598059707,0.031391587800631046,0.044954613098535344
-0.2934593384730253,-0.033312465981920475,0.030424421158095544,0.04511502845617833
-0.29097239492664373,-0.03441644341792244,0.029416030223595596,0.04527465529028958
-0.28848545138026216,-0.03548937753863116,0.028367327960964528,0.04543348119750915
-0.2859985078338806,-0.03652978225156424,0.027279283638948538,0.045591493803130684
-0.283511564287499,-0.037536202066938154,0.02615292193841288,0.04574868076269228
-0.28102462074111745,-0.03850721418954799,0.024989321978685093,0.04590502976356861
-0.2785376771947359,-0.03944143057956479,0.02378961626390273,0.04606052852656354
-0.2760507336483543,-0.04033749997915147,0.02255498955035561,0.04621516480750334
-0.27356379010197274,-0.0411941099018287,0.02128667763593392,0.04636892639882997
-0.27107684655559117,-0.042009988581558654,0.01998596607291464,0.04652180113119422
-0.2685899030092096,-0.04278390687855521,0.018654188805437937,0.04667377687504848
-0.266102959462828,-0.043514680138874676,0.017292726733143915,0.04682484154223872
-0.26361601591644646,-0.04420117000489184,0.015903006202555987,0.046974983087595505
-0.2611290723700649,-0.0448422861738207,0.014486497427912925,0.04712418951052377
-0.2586421288236833,-0.04543698810149919,0.013044712843264092,0.047272448856590855
-0.25615518527730174,-0.04598428664872121,0.01157920538775387,0.04741974921911279
-0.2536682417309202,-0.04648324566746839,0.010091566726128426,0.04756607874073836
-0.2511812981845386,-0.04693298352446634,0.008583425406606587,0.04771142561503071
-0.24869435463815706,-0.04733267455956818,0.007056444958357642,0.04785577808804621
-0.2462074110917755,-0.0476815504765494,0.00551232193093086,0.0479991244599102
-0.24372046754539392,-0.04797890166398395,0.0039527838780785435,0.04814145308638949
-0.24123352399901232,-0.04822407844396077,0.0023795872885097108,0.048282752380461064
-0.23874658045263075,-0.04841649224649412,0.0007945154662013268,0.0484230108138771
-0.23625963690624918,-0.048555616707577666,-0.0008006236370172593,0.04856221691872547
-0.2337726933598676,-0.048640988688933635,-0.002403999633807664,0.048700359288985924
-0.23128574981348604,-0.04867220921761252,-0.004013761955714302,0.04883742658208134
-0.22879880626710447,-0.04864894434370654,-0.005628042146649236,0.048973407520423944
-0.2263118627207229,-0.048570925914550804,-0.007244956192442483,0.04910829089295608
-0.22382491917434133,-0.04843795226390014,-0.008862606883362385,0.04924206555668528
-0.22133797562795976,-0.04824988881468609,-0.010479086206447087,0.04937472043821331
-0.2188510320815782,-0.04800666859407812,-0.012092477764429307,0.04950624453525902
-0.21636408853519662,-0.04770829265969494,-0.013700859217981556,0.04963662691817457
-0.21387714498881505,-0.0473548304359357,-0.015302304747960467,0.0497658567314547
-0.21139020144243348,-0.04694641995952801,-0.016894887534282112,0.049893923195239026
-0.2089032578960519,-0.04648326803351706,-0.018476682248021913,0.0500208156068067
-0.20641631434967034,-0.04596565028905091,-0.02004576755329637,0.05014652334206346
-0.20392937080328877,-0.04539391115444831,-0.021600228615454565,0.050271035857020585
-0.2014424272569072,-0.04476846373116865,-0.023138159612081596,0.050394342689265494
-0.19895548371052563,-0.04408978957643754,-0.02465766624329782,0.05051643345942397
-0.19646854016414406,-0.04335843839241691,-0.02615686823782111,0.050637297872613105
-0.1939815966177625,-0.04257502762194435,-0.027633901851252335,0.05075692571988547
-0.19149465307138092,-0.04174024195100273,-0.029086922353038613,0.05087530687966359
-0.18900770952499935,-0.040854832718218076,-0.03051410649857133,0.05099243131916477
-0.18652076597861778,-0.039919617231820415,-0.031913654982882025,0.051108289095815794
-0.1840338224322362,-0.038935477994639346,-0.033283794872412016,0.05122287035865762
-0.18154687888585463,-0.037903361837842216,-0.03462278201134849,0.05133616534973907
-0.17905993533947306,-0.03682427896425913,-0.035928903399043345,0.05144816440550009
-0.1765729917930915,-0.035699301902274,-0.0372004795350587,0.05155885795814358
-0.17408604824670992,-0.03452956437139526,-0.038435866728417124,0.05166823653699604
-0.17159910470032835,-0.03331626006075285,-0.03963345936767314,0.05177629076985636
-0.16911216115394678,-0.03206064132190023,-0.04079169214846674,0.051883011384332926
-0.1666252176075652,-0.030764017777429365,-0.04190904225526954,0.05198838920916821
-0.16413827406118364,-0.029427754847036518,-0.04298403149408762,0.0520924151755512
-0.16165133051480207,-0.028053272192801352,-0.044015228372945976,0.05219508031841689
-0.1591643869684205,-0.026642042085567308,-0.04500125012704322,0.052296375777732884
-0.15667744342203893,-0.02519558769443211,-0.04594076468553497,0.05239629279977274
-0.15419049987565736,-0.02371548130147718,-0.04683249257697885,0.05249482273837576
-0.1517035563292758,-0.022203342443979767,-0.04767520877055313,0.0525919570561931
-0.14921661278289422,-0.02066083598646673,-0.04846774445024458,0.05268768732591982
-0.14672966923651265,-0.019089670125077274,-0.04920898871928958,0.05278200523151273
-0.14424272569013108,-0.017491594326809825,-0.04989789023224509,0.052874902569393596
-0.1417557821437495,-0.015868397206331184,-0.050533458752163044,0.05296637124963784
-0.13926883859736794,-0.014221904343125332,-0.05111476663044265,0.05305640329714803
-0.13678189505098637,-0.012553976041855383,-0.05164095020704031,0.053144990852812234
-0.1342949515046048,-0.010866505038903256,-0.052111211128825455,0.05323212617464694
-0.13180800795822323,-0.009161414158139487,-0.05252481758398322,0.05331780163892424
-0.12932106441184166,-0.007440653919058214,-0.05288110545048106,0.05340200974128309
-0.1268341208654601,-0.005706200100491459,-0.053179479356735275,0.05348474309782447
-0.12434717731907853,-0.003960051263189869,-0.05341941365273658,0.053565994446190125
-0.12186023377269696,-0.0022042262346276256,-0.05360045329001852,0.0536457566466247
-0.11937329022631538,-0.0004407615594517603,-0.05372221460898159,0.0537240226830211
-0.1168863466799338,0.0013282910809427771,-0.05378438603221618,0.053800785663948844
-0.11439940313355224,0.003100867476178176,-0.05378672866260087,0.053876038823665096
-0.11191245958717067,0.004874893518414949,-0.05372907678508817,0.05394977552310838
-0.1094255160407891,0.006648287854001863,-0.05361133827122704,0.05402198925087452
-0.10693857249440752,0.008418964551588769,-0.05343349488561071,0.054092673624174775
-0.10445162894802595,0.010184835783003637,-0.053195602493579214,0.05416182238977602
-0.10196468540164438,0.011943814513167405,-0.052897791169648115,0.0542294294249225
-0.09947774185526281,0.013693817195298802,-0.05254026520627791,0.05429548873823937
-0.09699079830888124,0.015432766467644653,-0.05212330302274309,0.054359994470617415
-0.09450385476249967,0.017158593847960625,-0.05164725697400444,0.05442294089607914
-0.0920169112161181,0.01886924242196261,-0.051112553059633414,0.05448432242262571
-0.08952996766973653,0.020562669521969393,-0.05051969053298317,0.05454413359306497
-0.08704302412335496,0.02223684939196385,-0.04986924141094602,0.054602369085819856
-0.08455608057697339,0.02388977583531204,-0.04916184988478279,0.05465902371571758
-0.08206913703059182,0.025519464841397207,-0.04839823163265406,0.05471409243475892
-0.07958219348421025,0.02712395718744946,-0.047579173034627685,0.054767570332867915
-0.07709524993782868,0.02870132101188104,-0.04670553029108018,0.05481945263862139
-0.07460830639144711,0.030249654355471323,-0.04577822844555185,0.05486973471995849
-0.07212136284506554,0.031767087666787035,-0.04479826031325605,0.054918412084869916
-0.06963441929868397,0.03325178626826797,-0.04376668531658278,0.054965480382066674
-0.0671474757523024,0.034701952779460546,-0.042684628229073554,0.055010935401628394
-0.06466053220592083,0.03611582949393795,-0.04155327782948061,0.05505477307563081
-0.062173588659539265,0.03749170070650747,-0.04037388546765631,0.05509698947875249
-0.05968664511315769,0.03882789498737341,-0.03914776354414966,0.05513758082886073
-0.05719970156677612,0.040122787399995384,-0.037876283905514695,0.05517654348757613
-0.05471275802039455,0.04137480165946023,-0.03656087615746135,0.055213873960816215
-0.05222581447401298,0.042582412228267065,-0.03520302589810111,0.055249568899317626
-0.04973887092763141,0.04374414634651273,-0.03380427287365907,0.05528362509913696
-0.047251927381249836,0.04485858599355606,-0.03236620905913975,0.05531603950212998
-0.044764983834868266,0.04592436977833598,-0.030890476666545805,0.05534680919640941
-0.042278040288486696,0.04694019475561866,-0.029378766083356957,0.055375931416780835
-0.039791096742105125,0.047904818165554065,-0.027832813744080948,0.05540340354515686
-0.037304153195723555,0.04881705909403057,-0.02625439993778822,0.055429223110949395
-0.034817209649341985,0.04967580005142965,-0.024645346554638018,0.05545338779143999
-0.032330266102960414,0.05047998846749841,-0.023007514774494708,0.05547589541212801
-0.029843322556578844,0.05122863810017827,-0.021342802700820396,0.055496743947056774
-0.027356379010197274,0.051920830356351054,-0.019653142943111386,0.05551593151911759
-0.024869435463815703,0.0525557155225902,-0.01794050015122385,0.05553345640033125
-0.022382491917434133,0.053132513904134794,-0.016206868505005696,0.055549317012107566
-0.019895548371052563,0.053650516870435316,-0.014454269162719316,0.05556351192548221
-0.017408604824670992,0.054109087805756136,-0.01268474767180126,0.05557603986133139
-0.014921661278289422,0.054507662963455536,-0.01090037134556208,0.05558689969056391
-0.012434717731907852,0.05484575222270443,-0.009103226609480162,0.05559609043429074
-0.009947774185526281,0.05512293974654554,-0.007295416320789655,0.05560361126397218
-0.007460830639144711,0.055338884540337974,-0.00547905706510244,0.055609461501542216
-0.004973887092763141,0.055493320909776336,-0.0036562764338387488,0.05561364061951046
-0.0024869435463815703,0.055586058817819625,-0.001829210286269927,0.055616148241041455
0.0,0.05561698414001126,0.0,0.05561698414001126
0.0024869435463815703,0.055586058817819625,0.001829210286269927,0.055616148241041455
0.004973887092763141,0.055493320909776336,0.0036562764338387488,0.05561364061951046
0.007460830639144711,0.055338884540337974,0.00547905706510244,0.055609461501542216
0.009947774185526281,0.05512293974654554,0.007295416320789655,0.05560361126397218
0.012434717731907852,0.05484575222270443,0.009103226609480162,0.05559609043429074
0.014921661278289422,0.054507662963455536,0.01090037134556208,0.05558689969056391
0.017408604824670992,0.054109087805756136,0.01268474767180126,0.05557603986133139
0.019895548371052563,0.053650516870435316,0.014454269162719316,0.05556351192548221
0.022382491917434133,0.053132513904134794,0.016206868505005696,0.055549317012107566
0.024869435463815703,0.0525557155225902,0.01794050015122385,0.05553345640033125
0.027356379010197274,0.051920830356351054,0.019653142943111386,0.05551593151911759
0.029843322556578844,0.05122863810017827,0.021342802700820396,0.055496743947056774
0.032330266102960414,0.05047998846749841,0.023007514774494708,0.05547589541212801
0.034817209649341985,0.04967580005142965,0.024645346554638018,0.05545338779143999
0.037304153195723555,0.04881705909403057,0.02625439993778822,0.055429223110949395
0.039791096742105125,0.047904818165554065,0.027832813744080948,0.05540340354515686
0.042278040288486696,0.04694019475561866,0.029378766083356957,0.055375931416780835
0.044764983834868266,0.04592436977833598,0.030890476666545805,0.05534680919640941
0.047251927381249836,0.04485858599355606,0.03236620905913975,0.05531603950212998
0.04973887092763141,0.04374414634651273,0.03380427287365907,0.05528362509913696
0.05222581447401298,0.042582412228267065,0.03520302589810111,0.055249568899317626
0.05471275802039455,0.04137480165946023,0.03656087615746135,0.055213873960816215
0.05719970156677612,0.040122787399995384,0.037876283905514695,0.05517654348757613
0.05968664511315769,0.03882789498737341,0.03914776354414966,0.05513758082886073
0.062173588659539265,0.03749170070650747,0.04037388546765631,0.05509698947875249
0.06466053220592083,0.03611582949393795,0.04155327782948061,0.05505477307563081
0.0671474757523024,0.034701952779460546,0.042684628229073554,0.055010935401628394
0.06963441929868397,0.03325178626826797,0.04376668531658278,0.054965480382066674
0.07212136284506554,0.031767087666787035,0.04479826031325605,0.054918412084869916
0.07460830639144711,0.030249654355471323,0.04577822844555185,0.05486973471995849
0.07709524993782868,0.02870132101188104,0.04670553029108018,0.05481945263862139
0.07958219348421025,0.02712395718744946,0.047579173034627685,0.054767570332867915
0.08206913703059182,0.025519464841397207,0.04839823163265406,0.05471409243475892
0.08455608057697339,0.02388977583531204,0.04916184988478279,0.05465902371571758
0.08704302412335496,0.02223684939196385,0.04986924141094602,0.054602369085819856
0.08952996766973653,0.020562669521969393,0.05051969053298317,0.05454413359306497
0.0920169112161181,0.01886924242196261,0.051112553059633414,0.05448432242262571
0.09450385476249967,0.017158593847960625,0.05164725697400444,0.05442294089607914
0.09699079830888124,0.015432766467644653,0.05212330302274309,0.054359994470617415
0.09947774185526281,0.013693817195298802,0.05254026520627791,0.05429548873823937
0.10196468540164438,0.011943814513167405,0.052897791169648115,0.0542294294249225
0.10445162894802595,0.010184835783003637,0.053195602493579214,0.05416182238977602
0.10693857249440752,0.008418964551588769,0.05343349488561071,0.054092673624174775
0.1094255160407891,0.006648287854001863,0.05361133827122704,0.05402198925087452
0.11191245958717067,0.004874893518414949,0.05372907678508817,0.05394977552310838
0.11439940313355224,0.003100867476178176,0.05378672866260087,0.053876038823665096
0.1168863466799338,0.0013282910809427771,0.05378438603221618,0.053800785663948844
0.11937329022631538,-0.0004407615594517603,0.05372221460898159,0.0537240226830211
0.12186023377269696,-0.0022042262346276256,0.05360045329001852,0.0536457566466247
0.12434717731907853,-0.003960051263189869,0.05341941365273658,0.053565994446190125
0.1268341208654601,-0.005706200100491459,0.053179479356735275,0.05348474309782447
0.12932106441184166,-0.007440653919058214,0.05288110545048106,0.05340200974128309
0.13180800795822323,-0.009161414158139487,0.05252481758398322,0.05331780163892424
0.1342949515046048,-0.010866505038903256,0.052111211128825455,0.05323212617464694
0.13678189505098637,-0.012553976041855383,0.05164095020704031,0.053144990852812234
0.13926883859736794,-0.014221904343125332,0.05111476663044265,0.05305640329714803
0.1417557821437495,-0.015868397206331184,0.050533458752163044,0.05296637124963784
0.14424272569013108,-0.017491594326809825,0.04989789023224509,0.052874902569393596
0.14672966923651265,-0.019089670125077274,0.04920898871928958,0.05278200523151273
0.14921661278289422,-0.02066083598646673,0.04846774445024458,0.05268768732591982
0.1517035563292758,-0.022203342443979767,0.04767520877055313,0.0525919570561931
0.15419049987565736,-0.02371548130147718,0.04683249257697885,0.05249482273837576
0.15667744342203893,-0.02519558769443211,0.04594076468553497,0.05239629279977274
0.1591643869684205,-0.026642042085567308,0.04500125012704322,0.052296375777732884
0.16165133051480207,-0.028053272192801352,0.044015228372945976,0.05219508031841689
0.16413827406118364,-0.029427754847036518,0.04298403149408762,0.0520924151755512
0.1666252176075652,-0.030764017777429365,0.04190904225526954,0.05198838920916821
0.16911216115394678,-0.03206064132190023,0.04079169214846674,0.051883011384332926
0.17159910470032835,-0.03331626006075285,0.03963345936767314,0.05177629076985636
0.17408604824670992,-0.03452956437139526,0.038435866728417124,0.05166823653699604
0.1765729917930915,-0.035699301902274,0.0372004795350587,0.05155885795814358
0.17905993533947306,-0.03682427896425913,0.035928903399043345,0.05144816440550009
0.18154687888585463,-0.037903361837842216,0.03462278201134849,0.05133616534973907
0.1840338224322362,-0.038935477994639346,0.033283794872412016,0.05122287035865762
0.18652076597861778,-0.039919617231820415,0.031913654982882025,0.051108289095815794
0.18900770952499935,-0.040854832718218076,0.03051410649857133,0.05099243131916477
0.19149465307138092,-0.04174024195100273,0.029086922353038613,0.05087530687966359
0.1939815966177625,-0.04257502762194435,0.027633901851252335,0.05075692571988547
0.19646854016414406,-0.04335843839241691,0.02615686823782111,0.050637297872613105
0.19895548371052563,-0.04408978957643754,0.02465766624329782,0.05051643345942397
0.2014424272569072,-0.04476846373116865,0.023138159612081596,0.050394342689265494
0.20392937080328877,-0.04539391115444831,0.021600228615454565,0.050271035857020585
0.20641631434967034,-0.04596565028905091,0.02004576755329637,0.05014652334206346
0.2089032578960519,-0.04648326803351706,0.018476682248021913,0.0500208156068067
0.21139020144243348,-0.04694641995952801,0.016894887534282112,0.049893923195239026
0.21387714498881505,-0.0473548304359357,0.015302304747960467,0.0497658567314547
0.21636408853519662,-0.04770829265969494,0.013700859217981556,0.04963662691817457
0.2188510320815782,-0.04800666859407812,0.012092477764429307,0.04950624453525902
0.22133797562795976,-0.04824988881468609,0.010479086206447087,0.04937472043821331
0.22382491917434133,-0.04843795226390014,0.008862606883362385,0.04924206555668528
0.2263118627207229,-0.048570925914550804,0.007244956192442483,0.04910829089295608
0.22879880626710447,-0.04864894434370654,0.005628042146649236,0.048973407520423944
0.23128574981348604,-0.04867220921761252,0.004013761955714302,0.04883742658208134
0.2337726933598676,-0.048640988688933635,0.002403999633807664,0.048700359288985924
0.23625963690624918,-0.048555616707577666,0.0008006236370172593,0.04856221691872547
0.23874658045263075,-0.04841649224649412,-0.0007945154662013268,0.0484230108138771
0.24123352399901232,-0.04822407844396077,-0.0023795872885097108,0.048282752380461064
0.24372046754539392,-0.04797890166398395,-0.0039527838780785435,0.04814145308638949
0.2462074110917755,-0.0476815504765494,-0.00551232193093086,0.0479991244599102
0.24869435463815706,-0.04733267455956818,-0.007056444958357642,0.04785577808804621
0.2511812981845386,-0.04693298352446634,-0.008583425406606587,0.04771142561503071
0.2536682417309202,-0.04648324566746839,-0.010091566726128426,0.04756607874073836
0.25615518527730174,-0.04598428664872121,-0.01157920538775387,0.04741974921911279
0.2586421288236833,-0.04543698810149919,-0.013044712843264092,0.047272448856590855
0.2611290723700649,-0.0448422861738207,-0.014486497427912925,0.04712418951052377
0.26361601591644646,-0.04420117000489184,-0.015903006202555987,0.046974983087595505
0.266102959462828,-0.043514680138874676,-0.017292726733143915,0.04682484154223872
0.2685899030092096,-0.04278390687855521,-0.018654188805437937,0.04667377687504848
0.27107684655559117,-0.042009988581558654,-0.01998596607291464,0.04652180113119422
0.27356379010197274,-0.0411941099018287,-0.02128667763593392,0.04636892639882997
0.2760507336483543,-0.04033749997915147,-0.02255498955035561,0.04621516480750334
0.2785376771947359,-0.03944143057956479,-0.02378961626390273,0.04606052852656354
0.28102462074111745,-0.03850721418954799,-0.024989321978685093,0.04590502976356861
0.283511564287499,-0.037536202066938154,-0.02615292193841288,0.04574868076269228
0.2859985078338806,-0.03652978225156424,-0.027279283638948538,0.045591493803130684
0.28848545138026216,-0.03548937753863116,-0.028367327960964528,0.04543348119750915
0.29097239492664373,-0.03441644341792244,-0.029416030223595596,0.04527465529028958
0.2934593384730253,-0.033312465981920475,-0.030424421158095544,0.04511502845617833
0.29594628201940687,-0.0321789598059707,-0.031391587800631046,0.044954613098535344
0.29843322556578844,-0.031017465803636228,-0.032316674303468323,0.04479342164778431
0.30092016911217,-0.029829549060407783,-0.033198882663931215,0.04463146655982467
0.3034071126585516,-0.028616796648943343,-0.03403747337063372,0.044468760314445174
0.30589405620493315,-0.027380815429020787,-0.03483176596661262,0.04430531541373987
0.3083809997513147,-0.02612322983538727,-0.03558113952910996,0.044141144380526194
0.3108679432976963,-0.024845679656687793,-0.03628503306587733,0.04397625975676604
0.31335488684407786,-0.023549817808645474,-0.036942945827997294,0.04381067410198955
0.31584183039045943,-0.02223730810465694,-0.03755443753933748,0.043644399991722205
0.318328773936841,-0.020909823026946033,-0.03811912854287499,0.043477450015915485
0.3208157174832226,-0.019569041501399743,-0.03863669986424695,0.04330983677738125
0.32330266102960414,-0.018216646679182238,-0.039106893193002125,0.04314157289023011
0.3257896045759857,-0.016854323728194145,-0.03952951078214444,0.04297267097831414
0.3282765481223673,-0.01548375763740689,-0.03990441526667492,0.04280314367367418
0.33076349166874885,-0.014106631037064114,-0.04023152940195113,0.04263300361499198
0.3332504352151304,-0.01272462203769765,-0.04051083572279474,0.04246226344604728
0.335737378761512,-0.011339402090857856,-0.0407423761243865,0.04229093581418045
0.33822432230789357,-0.009952633874406229,-0.040926251366094984,0.042119033368760606
0.34071126585427514,-0.008565969205162206,-0.04106262049948908,0.041946568759659575
0.3431982094006567,-0.007181046981636618,-0.04115170022188651,0.041773554635732
0.3456851529470383,-0.005799491159520337,-0.04119376415688873,0.041600003643301825
0.34817209649341985,-0.004422908762530963,-0.04118914206344907,0.041425928424655284
0.3506590400398014,-0.003052887931147673,-0.04113821897511374,0.04125134161654085
0.353145983586183,-0.0016909960116934081,-0.04104143427116478,0.041076255848676156
0.35563292713256456,-0.0003387776881442191,-0.040899280681481194,0.04090068374226237
0.35811987067894613,0.0010022468410322573,-0.04071230322701682,0.040724637908505994
0.3606068142253277,0.002330583638792645,-0.04048109809787401,0.040548130947148556
0.36309375777170927,0.0036447667560536657,-0.04020631147102756,0.04037117544500428
0.36558070131809084,0.004943359906805162,-0.039888638269826256,0.040193783974506014
0.3680676448644724,0.006224958089845485,-0.03952882086746773,0.04001596909225971
0.370554588410854,0.007488189155279349,-0.03912764773670715,0.03983774333760745
0.37304153195723555,0.008731715314010926,-0.03868595204812167,0.039659119231199545
0.3755284755036171,0.009954234588564353,-0.03820461021930878,0.03948010927357577
0.3780154190499987,0.011154482203660557,-0.03768454041744999,0.03930072594375582
0.38050236259638026,0.012331231915080502,-0.03712670101772024,0.039120981697839445
0.38298930614276183,0.013483297275446475,-0.036532089020067916,0.038940888967616404
0.3854762496891434,0.014609532835656013,-0.03590173842693072,0.03876046015918626
0.387963193235525,0.015708835280807097,-0.03523671858448942,0.03857970765158844
0.39045013678190654,0.016780144499558367,-0.03453813249009325,0.03839864379544275
0.3929370803282881,0.017822444585973915,-0.03380711506851858,0.038217280911600274
0.3954240238746697,0.018834764773007884,-0.033044831419746686,0.038035631289805305
0.39791096742105125,0.0198161802968925,-0.03225247504096461,0.037853707187368
0.4003979109674328,0.0207658131917979,-0.03143126602550974,0.037671520827848325
0.4028848545138144,0.021682833014241332,-0.03058244924148825,0.03748908439975134
0.40537179806019596,0.02256645749682839,-0.029707292492805414,0.03730641005523387
0.40785874160657754,0.02341595313101783,-0.028807084665346854,0.03712350990882308
0.4103456851529591,0.02423063567870513,-0.027883133861049837,0.03694039603614669
0.4128326286993407,0.025009870612528323,-0.026936765522596204,0.0367570804726754
0.41531957224572225,0.025753073484902408,-0.025969320551449966,0.03657357521247745
0.4178065157921038,0.026459710225894474,-0.024982153421947453,0.03638989220698552
0.4202934593384854,0.027129297370152856,-0.023976630294131423,0.03620604336377621
0.42278040288486696,0.02776140221320716,-0.022954127127997194,0.03602204054536223
0.4252673464312485,0.028355642897555083,-0.021916027801794188,0.03583789556799732
0.4277542899776301,0.028911688429051497,-0.020863722236996517,0.03565362020049427
0.43024123352401167,0.02942925862421236,-0.019798604532523044,0.03546922616305605
0.43272817707039324,0.029908123989141354,-0.01872207111075064,0.03528472512612017
0.4352151206167748,0.030348105530880815,-0.017635518877824025,0.03510012870921653
0.4377020641631564,0.03074907450207998,-0.016540343400722024,0.03491544847983875
0.44018900770953795,0.031110952079962857,-0.015437937103492614,0.03473069595232925
0.4426759512559195,0.03143370898066485,-0.014329687485019813,0.034545882586778175
0.4451628948023011,0.031717365010092285,-0.013216975360630358,0.034361019787936105
0.44764983834868266,0.03196198855254064,-0.0121011731297939,0.03417611890414102
0.45013678189506423,0.032167695998386925,-0.01098364307210913,0.03399119122625933
0.4526237254414458,0.03233465111224819,-0.00986573567370801,0.03380624798664129
0.45511066898782737,0.03246306434307244,-0.008748787986143342,0.03362130035809066
0.45759761253420894,0.03255319207769855,-0.007634122019760718,0.0334363594528491
0.4600845560805905,0.03260533583949056,-0.00652304317348265,0.03325143632159499
0.4625714996269721,0.03261984143371567,-0.0054168387028645515,0.0330665419524571
0.46505844317335365,0.03259709804139804,-0.004316776228204507,0.032881687270042995
0.4675453867197352,0.0325375372634381,-0.0032241022844162553,0.03269688313448242
0.4700323302661168,0.032441632116843006,-0.0021400409142940655,0.032512140340485614
0.47251927381249836,0.032309895984965364,-0.001065792306720235,0.03232746961641671
0.47500621735887993,0.032142881523696216,-2.5314812847425367e-06,0.03214288162338232
0.4774931609052615,0.03194117952560316,0.0010485929792972016,0.031958386954335505
0.4799801044516431,0.03170541774404605,0.0020864601476666303,0.03177399613319469
0.48246704799802465,0.03143625967934143,0.0031099779199832904,0.03158971961397839
0.4849539915444062,0.031134403329080677,0.0041180841326382825,0.03140556777995515
0.48744093509078784,0.03080057990473853,0.005109747626471756,0.03122155094280898
0.4899278786371694,0.03043555251673619,0.006083969257538143,0.031037679341820574
0.492414822183551,0.030040114830146653,0.007039782853551075,0.03085396314306395
0.49490176572993255,0.029615089693251072,0.007976256115226062,0.030670412438618865
0.4973887092763141,0.029161327741171233,0.008892491461830949,0.03048703724579906
0.4998756528226957,0.028679705976816725,0.009787626820340558,0.030303847506396062
0.5023625963690772,0.028171126331395454,0.010660836357682344,0.030120853085939054
0.5048495399154588,0.027636514206741843,0.01151133115564843,0.029938063772970452
0.5073364834618403,0.027076817001720165,0.012338359828138155,0.02975548927833746
0.5098234270082219,0.02649300262496011,0.013141209080482332,0.029573139234499515
0.5123103705546035,0.025886057996176524,0.013919204210690114,0.029391023194851654
0.5147973141009851,0.025256987538319342,0.014671709552543802,0.02920915063306401
0.5172842576473666,0.02460681166278726,0.015398128860555187,0.02902753094243714
0.5197712011937482,0.023936565249925792,0.01609790563688085,0.028846173435273445
0.5222581447401298,0.023247296127012863,0.01677052340037825,0.028665087342264663
0.5247450882865113,0.022540063545913876,0.01741550589806792,0.028484281811895384
0.5272320318328929,0.02181593666256543,0.018032417259347913,0.028303765909862506
0.5297189753792745,0.021075993020420406,0.018620862093387095,0.028123548618510966
0.532205918925656,0.020321317039956505,0.01918048553020303,0.027943638836285343
0.5346928624720376,0.019552998516319035,0.019710973206006614,0.027764045377197556
0.5371798060184192,0.01877213112713335,0.020212051193471036,0.027584776970310684
0.5396667495648008,0.01797981095248348,0.020683485877656838,0.02740584225923872
0.5421536931111823,0.017177135009014785,0.02112508377839492,0.02722724980166241
0.5446406366575639,0.016365199800073348,0.021536691320000665,0.027049008068861097
0.5471275802039455,0.015545099883751032,0.02191819454925817,0.026871125445260508
0.549614523750327,0.014717926460656625,0.02226951880267974,0.026693610227996566
0.5521014672967086,0.013884765983183394,0.02259062832410844,0.026516470626495096
0.5545884108430902,0.013046698787991202,0.02288152583379225,0.026339714762067437
0.5570753543894718,0.012204797753368215,0.023142252050116052,0.026163350667521974
0.5595622979358533,0.011360126983079073,0.02337288516523443,0.025987386286791463
0.5620492414822349,0.010513740518251088,0.023573540275900126,0.02581182947457619
0.5645361850286165,0.009666681078788241,0.023744368770834825,0.02563668799600289
0.567023128574998,0.008819978835742946,0.023885557676035996,0.025461969526299325
0.5695100721213796,0.00797465021601289,0.023997328959459295,0.025287681650484648
0.5719970156677612,0.007131696740665431,0.024079938796558356,0.025113831863075264
0.5744839592141427,0.006292103898127836,0.0241336767982037,0.024940427567806272
0.5769709027605243,0.005456840053415342,0.024158865202539313,0.024767476077368535
0.5794578463069059,0.004626855394500833,0.02415585803236988,0.024594984613161074
0.5819447898532875,0.0038030809168627805,0.0241250402197027,0.02442296030505882
0.584431733399669,0.0029864274471791035,0.024066826699097113,0.024251410191195862
0.5869186769460506,0.002177784707063942,0.023981661471499605,0.02408034121776372
0.5894056204924322,0.0013780204176763828,0.023870016640265793,0.023909760238825038
0.5918925640388137,0.0005879794459572473,0.023732391421090043,0.023739674016142187
0.5943795075851953,-0.00019151700681866238,0.023569311127580875,0.02357008921902097
0.5968664511315769,-0.0009596721735594051,0.023381326134234246,0.02340101242416938
0.5993533946779585,-0.0017157144463972997,0.023169010818568005,0.023232450115571058
0.60184033822434,-0.002458898057781328,0.022932962484189676,0.023064408684373674
0.6043272817707216,-0.0031885037172168836,0.022673800266575065,0.022896894428791986
0.6068142253171032,-0.0039038392033215936,0.022392164023338133,0.022729913554025434
0.6093011688634847,-0.004604239910933672,0.02208871321077297,0.02256347217219041
0.6117881124098663,-0.005289069353081402,0.02176412574844574,0.02239757630226681
0.6142750559562479,-0.005957719617689204,0.021419096873609527,0.022232231870059026
0.6167619995026294,-0.006609611778965528,0.02105433798720704,0.022067444708171114
0.619248943049011,-0.0072441962634850815,0.020670575493215507,0.02190322055599616
0.6217358865953926,-0.00786095317104429,0.020268549633075103,0.021739565059719575
0.6242228301417742,-0.00845939255043472,0.019849013316927098,0.021576483772336487
0.6267097736881557,-0.009039054630343952,0.019412730953369327,0.02141398215368281
0.6291967172345373,-0.00959951000565729,0.018960477279416535,0.021252065570480084
0.6316836607809189,-0.01014035977949462,0.018493036192330958,0.021090739296393924
0.6341706043273004,-0.010661235661379534,0.018011199584962608,0.02093000851210596
0.636657547873682,-0.01116180002199537,0.017515766186212763,0.02076987830539915
0.6391444914200636,-0.011641745905042604,0.017007540408204062,0.020610353671256354
0.6416314349664451,-0.012100796996767317,0.016487331201709917,0.02045143951197202
0.6441183785128267,-0.012538707553785756,0.01595595092136277,0.020293140637276958
0.6466053220592083,-0.012955262289883118,0.015414214202125442,0.02013546176447596
0.6490922656055899,-0.013350276222516473,0.014862936848472811,0.01997840751859816
0.6515792091519714,-0.013723594479800384,0.014302934737693422,0.01982198243256019
0.654066152698353,-0.014075092068802838,0.013735022738678849,0.019666190947341622
0.6565530962447346,-0.01440467360602377,0.01316001364752859,0.01951103741217305
0.6590400397911161,-0.014712273010972927,0.012578717141253842,0.01935652608473627
0.6615269833374977,-0.014997853163805946,0.011991938750819131,0.019202661131376596
0.6640139268838793,-0.015261405528016452,0.011400478854715691,0.019049446627327278
0.6665008704302608,-0.015502949739220805,0.010805131694212163,0.018896886556945686
0.6689878139766424,-0.01572253316110703,0.010206684411380893,0.0187449848139612
0.671474757523024,-0.015920230409653163,0.009605916110949034,0.01859374520173479
0.6739617010694056,-0.016096142846751933,0.009003596946972411,0.018443171433529925
0.6764486446157871,-0.01625039804440738,0.008400487235280694,0.01829326713279487
0.6789355881621687,-0.01638314922069624,0.007797336592589725,0.018144035833456085
0.6814225317085503,-0.01649457464871195,0.007194883103124448,0.017995480980222692
0.6839094752549318,-0.016584877039731036,0.006593852513544159,0.01784760592890179
0.6863964188013134,-0.016654282901862744,0.005994957456906719,0.0177004139467245
0.688883362347695,-0.016703041875460272,0.005398896706356379,0.017553908212682587
0.6913703058940766,-0.0167314260465883,0.004806354459164791,0.017408091817875577
0.6938572494404581,-0.016739729239854874,0.004217999651700734,0.017262967765868064
0.6963441929868397,-0.016728266291927495,0.0036344853058501506,0.0171185389730572
0.6988311365332213,-0.01669737230706223,0.0030564479073538786,0.016974808269050245
0.7013180800796028,-0.016647401895982086,0.002484506816475217,0.016831778397051803
0.7038050236259844,-0.01657872839944562,0.001919263711357063,0.016689452014260888
0.706291967172366,-0.016491743097849794,0.0013613020643726543,0.01654783169227744
0.7087789107187475,-0.016386854408211596,0.0008111866517221077,0.016406919917518217
0.7112658542651291,-0.01626448706987186,0.00026946309647276435,0.016266719091641978
0.7137527978115107,-0.01612508132026113,-0.0002633425548110647,0.016127231531983685
0.7162397413578923,-0.015969092062062058,-0.0007867242217552081,0.015988459471997597
0.7187266849042738,-0.015796988023095607,-0.0013001961461373273,0.015850405061709195
0.7212136284506554,-0.015609250910248887,-0.0018032932141318753,0.015713070368175652
0.723700571997037,-0.015406374558751226,-0.002295571244897182,0.015576457375954773
0.7261875155434185,-0.015188864078092402,-0.0027766072456116785,0.015440567987582227
0.7286744590898001,-0.014957234995861605,-0.0032459996331160356,0.015305404024056881
0.7311614026361817,-0.014712012400769777,-0.0037033684223635737,0.015170967225334163
0.7336483461825632,-0.014453730086099181,-0.004148355381929037,0.015037259250827202
0.7361352897289448,-0.014182929694804471,-0.00458062415686999,0.014904281679915587
0.7386222332753264,-0.013900159867468188,-0.004999860359279366,0.014772036012461737
0.741109176821708,-0.013605975394290286,-0.0054057716269105835,0.014640523669334516
0.7435961203680895,-0.013300936372267024,-0.005798087650298456,0.014509745992940033
0.7460830639144711,-0.01298560736868903,-0.006176560168838511,0.014379704247759523
0.7485700074608527,-0.012660556592060487,-0.006540962936327546,0.014250399620894038
0.7510569510072342,-0.012326355071513664,-0.006891091656504545,0.014121833222615864
0.7535438945536158,-0.011983575845762925,-0.007226763889168036,0.01399400608692649
0.7560308380999974,-0.01163279316261149,-0.007547818927480591,0.013866919172120925
0.758517781646379,-0.01127458168999287,-0.007854117647103743,0.013740573361358286
0.7610047251927605,-0.010909515739495302,-0.00814554232783917,0.013614969463238442
0.7634916687391421,-0.010538168503284122,-0.008421996448481524,0.013490108212384543
0.7659786122855237,-0.01016111130530245,-0.008683404455616892,0.013365990270031346
0.7684655558319052,-0.009778912867594363,-0.008929711507128407,0.013242616224619065
0.7709524993782868,-0.009392138592559347,-0.009160883191195191,0.013119986592392741
0.7734394429246684,-0.009001349861909383,-0.009376905221595028,0.012998101818006818
0.77592638647105,-0.008607103353062385,-0.009577783110143439,0.012876962275134874
0.7784133300174315,-0.008209950373668421,-0.009763541817121692,0.012756568267084302
0.7809002735638131,-0.007810436214925601,-0.009934225380566018,0.012636920027415833
0.7833872171101947,-0.007409099524304605,-0.010089896525306617,0.012518017720567633
0.7858741606565762,-0.007006471698261073,-0.010230636252661279,0.01239986144248397
0.7883611042029578,-0.006603076295475651,-0.010356543411702042,0.0122824512212482
0.7908480477493394,-0.006199428471121968,-0.010467734253025565,0.012165787017719911
0.7933349912957209,-0.0057960344326232986,-0.01056434196596848,0.012049868726176135
0.7958219348421025,-0.005393390917318032,-0.010646516200218302,0.011934696174956419
0.7983088783884841,-0.004991984692415391,-0.010714422572777245,0.011820269127111623
0.8007958219348656,-0.004592292077581957,-0.010768242161242825,0.01170658728105632
0.8032827654812472,-0.004194778490460858,-0.0108081709843725,0.011593650271224535
0.8057697090276288,-0.0037998980153856245,-0.010834419470902986,0.011481457668728887
0.8082566525740104,-0.0034080929955114447,-0.01084721191759541,0.011370008982022752
0.8107435961203919,-0.0030197936485480375,-0.010846785937477262,0.011259303657565398
0.8132305396667735,-0.002635417706239805,-0.010833391899250226,0.011149341080490035
0.8157174832131551,-0.0022553700777007213,-0.010807292358829311,0.011040120575274447
0.8182044267595366,-0.0018800425366737401,-0.010768761483974217,0.01093164140641419
0.8206913703059182,-0.0015098134327481284,-0.010718084472967331,0.010823902779098216
0.8231783138522998,-0.0011450474265305704,-0.010655556968285287,0.010716903839886658
0.8256652573986814,-0.0007860952487313064,-0.010581484466202048,0.01061064367739079
0.8281522009450629,-0.00043329348309026664,-0.010496181723251228,0.010505121322954896
0.8306391444914445,-8.696437303447803e-05,-0.010399972160463832,0.010400335751339956
0.8331260880378261,0.0002525843480758478,-0.010293187266284915,0.010296285881409024
0.8356130315842076,0.0005850596032881052,-0.010176165999058745,0.010192970576814146
0.8380999751305892,0.0009101830951926905,-0.010049254189956941,0.01009038864668461
0.8405869186769708,0.0012276914060912266,-0.009912803947208107,0.009988538846316555
0.8430738622233523,0.0015373360754670662,-0.009767173062470005,0.009887419877863596
0.8455608057697339,0.0018388836550558222,-0.009612724420167479,0.009787030391028509
0.8480477493161155,0.002132115741842617,-0.009449825410599902,0.009687368983755738
0.850534692862497,0.0024168289893400086,-0.009278847347601978,0.009588434202924611
0.8530216364088786,0.002692835097526299,-0.009100164891520948,0.009490224545043176
0.8555085799552602,0.0029599607818498967,-0.008914155478251229,0.009392738456942462
0.8579955235016418,0.003218047721729015,-0.008721198755045277,0.009295974336471063
0.8604824670480233,0.0034669524889990385,-0.008521676023796287,0.009199930533189973
0.8629694105944049,0.0037065464567823214,-0.008315969692464106,0.009104605349067424
0.8654563541407865,0.003936715689275263,-0.008104462735291779,0.009009997039173713
0.867943297687168,0.004157360812967678,-0.00788753816243472,0.008916103812375861
0.8704302412335496,0.004368396869827957,-0.007665578499598972,0.008822923832031914
0.8729171847799312,0.00456975315300436,-0.007438965278259302,0.008730455216684911
0.8754041283263128,0.004761373025609719,-0.007208078537000935,0.008638696040756231
0.8778910718726943,0.004943213723171059,-0.0069732963345024235,0.008547644335238313
0.8803780154190759,0.005115246140339962,-0.006734994274649743,0.008457298088386604
0.8828649589654575,0.005277454602472011,-0.0064935450442443286,0.008367655246410614
0.885351902511839,0.005429836622694987,-0.006249317963740231,0.008278713714163936
0.8878388460582206,0.005572402645095798,-0.0060026785514179625,0.008190471355833185
0.8903257896046022,0.0057051757746654766,-0.00575398810137423,0.008102925995625657
0.8928127331509838,0.005828191494649097,-0.005503603275679453,0.008016075418455698
0.8952996766973653,0.005941497371954729,-0.005251875711026279,0.007929917370629579
0.8977866202437469,0.0060451527512807544,-0.004999151640164928,0.007844449560528832
0.9002735637901285,0.006139228438625699,-0.004745771528392919,0.007759669659291909
0.90276050733651,0.006223806374848026,-0.004492069725339003,0.007675575301494093
0.9052474508828916,0.00629897929994558,-0.004238374132253507,0.007592164085825502
0.9077343944292732,0.0063648504087256315,-0.003985005884989914,0.0075094335757671556
0.9102213379756547,0.006421532998536598,-0.0037322790528349853,0.007427381300264935
0.9127082815220363,0.006469150109731577,-0.0034805003533182007,0.007346004754401415
0.9151952250684179,0.0065078341595320435,-0.0032299688831039387,0.007265301400065371
0.9176821686147995,0.006537726569956762,-0.002980975865044444,0.007185268666618952
0.920169112161181,0.00655897739047746,-0.0027338044114449582,0.007105903951562421
0.9226560557075626,0.006571744916057685,-0.002488729303566884,0.007027204621196293
0.9251429992539442,0.006576195301225415,-0.0022460167873704726,0.006949168011280862
0.9276299428003257,0.006572502170823471,-0.002005924385473103,0.006871791427692992
0.9301168863467073,0.006560846228074018,-0.0017687007252757403,0.006795072147080118
0.9326038298930889,0.006541414860585051,-0.0015345853831861666,0.006719007417511279
0.9350907734394704,0.006514401744917537,-0.0013038087448451227,0.006643594459125216
0.937577716985852,0.006480006450321819,-0.001076591881238708,0.006568830464775407
0.9400646605322336,0.006438434042241044,-0.000853146440558676,0.006494712600671895
0.9425516040786152,0.00638989468616793,-0.0006336745556514623,0.006421238007019926
0.9450385476249967,0.0063346032524289626,-0.00041836876687607167,0.006348403798655296
0.9475254911713783,0.006272778922457131,-0.00020741196017095293,0.006276207065676245
0.9500124347177599,0.006204644797101003,-9.773201116509848e-07,0.006204644874071936
0.9524993782641414,0.006130427507503722,0.0002007717022779887,0.006133714266347423
0.954986321810523,0.00605035682907086,0.0003976814072158616,0.006063412262144937
0.9574732653569046,0.005964665299031012,0.0005896078496239479,0.0059937358588615566
0.9599602089032861,0.005873587838077293,0.0007764168286508068,0.005924682032263137
0.9624471524496677,0.0057773613765617,0.0009579838635571269,0.0058562477370943545
0.9649340959960493,0.005676224485698066,0.0011341941562816216,0.005788429907684954
0.9674210395424309,0.0055704170142121204,0.0013049425410185452,0.0057212254585520235
0.9699079830888124,0.005460179730860103,0.001470133421151096,0.0056546312849982475
0.972394926635194,0.005345753973219778,0.00162968069389682,0.005588644263706097
0.9748818701815757,0.005227381303139907,0.0017835076630328833,0.0055232612533279365
0.9773688137279573,0.005105303169216047,0.0019315469400792398,0.0054584790950718935
0.9798557572743388,0.004979760576642306,0.002073740334327961,0.005394294613283515
0.9823427008207204,0.004850993764770329,0.0022100387321152618,0.005330704616023124
0.984829644367102,0.004719241892688057,0.0023404019657414328,0.005267705895638851
0.9873165879134835,0.004584742733111975,0.0024647986724511393,0.005205295229335216
0.9898035314598651,0.004447732374868167,0.0025832061438926775,0.00514346937973731
0.9922904750062467,0.004308444934218248,0.0026956101664809937,0.005082225095450473
0.9947774185526282,0.004167112275267511,0.0028020048530940016,0.005021559111615386
0.9972643620990098,0.004023963739674021,0.0029023924665358474,0.00496146815045863
0.9997513056453914,0.003879225885858273,0.002996783235204285,0.004901948921838575
1.002238249191773,0.003733122237894476,0.003085195161401987,0.004842998123786597
1.0047251927381544,0.0035858730442460116,0.0031676538227333626,0.004784612443043579
1.007212136284536,0.0034376950464890437,0.003244192167029754,0.004726788555591685
1.0096990798309176,0.0032888012581497785,0.0033148503012463758,0.004669523127181271
1.0121860233772992,0.003139400753763214,0.0033796752747738347,0.004612812813853021
1.0146729669236807,0.002989698468242921,0.0034387208576063975,0.004556654262455222
1.0171599104700624,0.00283989500663367,0.0034920473138074608,0.004501044111156072
1.0196468540164438,0.0026901864643018064,0.003539721170710232,0.00444597898995113
1.0221337975628255,0.0025407642576005664,0.003581814984288913,0.004391455521165749
1.024620741109207,0.0023918149650311287,0.003618407101132003,0.00433747031995256
1.0271076846555887,0.0022435201789034014,0.0036495814174452097,0.004284019994783887
1.0295946282019701,0.0020960563674846753,0.0036754271355066734,0.004231101147939132
1.0320815717483518,0.0019495947476083455,0.0036960385179919935,0.004178710375987131
1.0345685152947333,0.0018043011676993675,0.0037115146405805603,0.004126844270263314
1.037055458841115,0.0016603360011584812,0.00372195914324846,0.004075499417341848
1.0395424023874964,0.0015178540500323716,0.003727479980646201,0.004024672399502583
1.042029345933878,0.00137700445888269,0.003728189171952297,0.003974359795192827
1.0445162894802595,0.0012379306387536046,0.0037242025505857903,0.0039245581794839805
1.0470032330266412,0.001100770201123863,0.0037156395141526386,0.0038752641245229625
1.0494901765730227,0.0009656549017166076,0.0037026227749921963,0.003826474199978385
1.0519771201194044,0.0008327105940282604,0.0036852781116809754,0.003778184973481552
1.0544640636657858,0.000702057192425548,0.0036637341218414433,0.003730393011062204
1.0569510072121675,0.0005738086446485671,0.003638121976593837,0.003683094877578973
1.059437950758549,0.0004480729135471529,0.003608575176978968,0.003636287137144621
1.0619248943049306,0.0003249519678672949,0.003575229312669534,0.0035899663535459902
1.064411837851312,0.00020454178189459422,0.0035382218232768107,0.0035441290906586477
1.0668987813976938,8.69323437526883e-05,0.00349769176254878,0.0034987719128562705
1.0693857249440752,-2.7792327854413408e-05,0.003453779565744527,0.0034538913854147207
1.071872668490457,-0.00013955415867510402,0.003406626820458486,0.003409484074910838
1.0743596120368384,-0.0002482809859450652,0.003356376041156528,0.0033655465496158898
1.07684655558322,-0.00035390651765797705,0.0033031704476743284,0.0033220753798837584
1.0793334991296015,-0.0004563702843127284,0.003247153747916568,0.003279067138533808
1.0818204426759832,-0.0005556175833838597,0.0031884699249835847,0.0032365184012284167
1.0843073862223647,-0.0006515994167672147,0.003127263028940222,0.0031944257468452366
1.0867943297687463,-0.0007442724214581568,0.0030636769734294265,0.003152785757844145
1.0892812733151278,-0.0008335987937240718,0.0029978553373210272,0.0031115950206288727
1.0917682168615095,-0.0009195462070367713,0.002929941171574075,0.003070850125903343
1.094255160407891,-0.001002087724034031,0.0028600768114789305,0.003030547669022744
1.0967421039542726,-0.0010812017027824292,0.002788403694433026,0.002990684250339272
1.099229047500654,-0.0011568716976160334,0.0027150621833923537,0.0029512564755426215
1.1017159910470358,-0.0012290863548275232,0.0026401913961285064,0.002912260955995221
1.1042029345934172,-0.0012978393034899342,0.002563929040409075,0.0028736943090621587
1.106689878139799,-0.0013631290416879392,0.0024864112552075383,0.0028355531584358996
1.1091768216861804,-0.0014249588184383959,0.0024077724580367776,0.0027978341344557607
1.111663765232562,-0.0014833365115799308,0.00232814519848868,0.0027605338744221223
1.1141507087789435,-0.0015382745019107919,0.0022476600180510006,0.0027236490229054695
1.1166376523253252,-0.0015897895438536475,0.002166445316260977,0.0026871762320502006
1.1191245958717067,-0.001637902632924629,0.002084627223244237,0.0026511121618732784
1.1216115394180883,-0.0016826388702823694,0.002002329478676308,0.0026154534805576763
1.1240984829644698,-0.0017240273246306918,0.0019196733171934442,0.0025801968647407012
1.1265854265108515,-0.001762100891746218,0.0018367773602687,0.0025453389997971724
1.129072370057233,-0.0017968961518994024,0.001753757514558826,0.0025108765801174758
1.1315593136036146,-0.0018284532254342438,0.0016707268767175163,0.002476806309380521
1.134046257149996,-0.0018568156267685062,0.0015877956446605549,0.00244312490082164
1.1365332006963778,-0.0018820301170724473,0.0015050710352586625,0.002409829077495396
1.1390201442427592,-0.0019041465558797713,0.0014226572084247385,0.0023769155725333756
1.141507087789141,-0.0019232177518802096,0.0013406551975528615,0.0023443811293969823
1.1439940313355224,-0.0019392993131382855,0.001259162846257571,0.0023122225021251944
1.146480974881904,-0.0019524494969777846,0.0011782747513537052,0.002280436455577405
1.1489679184282855,-0.001962729059766178,0.0010980822120085307,0.0022490197656712964
1.1514548619746672,-0.00197020110682771,0.0010186731849901281,0.002217969219615787
1.1539418055210486,-0.001974930942708042,0.0009401322459284304,0.0021872816161391086
1.1564287490674303,-0.001976985922007407,0.0008625405564979423,0.0021569537657120186
1.1589156926138118,-0.0019764353009929596,0.0007859758374241714,0.002126982490766146
1.1614026361601935,-0.001973350090194718,0.0007105123472093099,0.0020973646259075662
1.163889579706575,-0.0019678029081828382,0.0006362208664662088,0.002068097018125564
1.1663765232529566,-0.0019598678367173275,0.0005631686877438665,0.002039176526996671
1.168863466799338,-0.0019496202774544034,0.0004914196107217943,0.002010600024883951
1.1713504103457197,-0.0019371368103867353,0.0004210339426455868,0.0019823643971316122
1.1738373538921012,-0.0019224950541877237,0.0003520685038708093,0.0019544665422549677
1.1763242974384829,-0.0019057735286227414,0.0002845766383776815,0.0019269033721257321
1.1788112409848643,-0.001887051519183021,0.00021860822911492185,0.0018996718121527493
1.181298184531246,-0.0018664089440905125,0.00015420971802691214,0.0018727688014581515
1.1837851280776275,-0.0018439262238145913,9.142413061476928e-05,0.0018461912930489636
1.1862720716240092,-0.0018196841532341222,3.029110487866864e-05,0.001819936253984231
1.1887590151703906,-0.0017937637765708385,-2.9153075514327745e-05,0.0017940006655376751
1.1912459587167723,-0.0017662462652125188,-8.687544399534415e-05,0.0017683815233559075
1.1937329022631538,-0.0017372127985369724,-0.00014284630995233365,0.0017430758376122532
1.1962198458095354,-0.0017067444478403358,-0.00019703921384505994,0.0017180806331562244
1.198706789355917,-0.0016749220634656716,-0.0002494308787409629,0.001693392949658641
1.2011937329022986,-0.0016418261652205153,-0.00030000115843767996,0.0016690098417524843
1.20368067644868,-0.001607536836164545,-0.00034873298233927544,0.0016449283791694885
1.2061676199950617,-0.0015721336198412236,-0.0003956122972540307,0.0016211456468725072
1.2086545635414432,-0.0015356954210200427,-0.00044062800628201894,0.0015976587451837121
1.2111415070878249,-0.0014983004100087324,-0.0004837719049611143,0.0015744647899086346
1.2136284506342063,-0.0014600259305877546,-0.000525038614839941,0.001551560912456125
1.216115394180588,-0.001420948411612327,-0.0005644255146459372,0.0015289442599542096
1.2186023377269695,-0.0013811432823203525,-0.0006019326692163126,0.0015066119953619484
1.2210892812733511,-0.0013406848913778877,-0.0006375627563584971,0.0014845612975772952
1.2235762248197326,-0.001299646429686939,-0.0006713209918060797,0.001462789361540993
1.2260631683661143,-0.001258099856974064,-0.0007032150524344682,0.0014412933983365677
1.2285501119124957,-0.0012161158321716986,-0.000733254997899244,0.0014200706352864576
1.2310370554588774,-0.001173763647597867,-0.0007614531908583351,0.0013991183160442827
1.2335239990052589,-0.0011311111669339588,-0.0007878242159370881,0.001378433700683348
1.2360109425516406,-0.0010882247669941711,-0.000812384797593203,0.0013580140657813776
1.238497886098022,-0.0010451692832744621,-0.0008351537170361228,0.0013378567045015343
1.2409848296444037,-0.0010020079592633294,-0.0008561517283527992,0.0013179589266697758
1.2434717731907852,-0.0009588023994911891,-0.000875401473989086,0.0012983180588485728
1.2459587167371668,-0.0009156125262898521,-0.0008929273997331282,0.0012789314444070293
1.2484456602835483,-0.0008724965402287063,-0.0009087556693438319,0.0012597964435874626
1.25093260382993,-0.0008295108841890131,-0.0009229140789645845,0.001240910433568469
1.2534195473763114,-0.0007867102110333172,-0.0009354319714586861,0.0012222708085245144
1.2559064909226931,-0.0007441473548222826,-0.0009463401507996974,0.0012038749796821073
1.2583934344690746,-0.0007018733055270116,-0.0009556707966461424,0.0011857203753725776
1.2608803780154563,-0.0006599371871808033,-0.0009634573792262992,0.0011678044410815193
1.2633673215618377,-0.0006183862394103133,-0.0009697345746549828,0.0011501246394949156
1.2658542651082194,-0.0005772658022824891,-0.0009745381808002264,0.0011326784505420154
1.2683412086546009,-0.0005366193044000319,-0.0009779050338137813,0.0011154633714349864
1.2708281522009826,-0.0004964882541748193,-0.000979872925435235,0.0010984769167053834
1.273315095747364,-0.00045691223420572504,-0.0009804805211753418,0.0010817166182374833
1.2758020392937457,-0.0004179288986842565,-0.0009797672794799536,0.0010651800252985339
1.2782889828401272,-0.0003795739737486915,-0.000977773371971646,0.0010488647045659297
1.2807759263865088,-0.00034188126070511097,-0.0009745396048617475,0.0010327682401513939
1.2832628699328903,-0.0003048826420310746,-0.0009701073416212232,0.0010168882336221837
1.285749813479272,-0.00026860809007591096,-0.0009645184269943284,0.0010012223040193632
1.2882367570256534,-0.0002330856783694615,-0.0009578151124346601,0.0009857680878731937
1.2907237005720351,-0.00019834159544951987,-0.0009500399830387387,0.0009705232392156862
1.2932106441184166,-0.00016440016111658032,-0.000941235886047838,0.0009554854295903294
1.2956975876647983,-0.00013128384502331025,-0.0009314458609843921,0.0009406523480590798
1.2981845312111797,-9.901328750489856e-05,-0.0009207130714848546,0.00092602170120662
1.3006714747575614,-6.760732255548026e-05,-0.0009090807388865179,0.0009115912131419314
1.3031584183039429,-3.7083002855147105e-05,-0.0008965920776214493,0.0008973586254972434
1.3056453618503245,-7.455626751324651e-06,-0.0008832902324663273,0.0008833216974243719
1.308132305396706,2.126123290203606e-05,-0.0008692182176927261,0.0008694782055885207
1.3106192489430877,4.905569814438711e-05,-0.0008544188581580697,0.0008558259441595427
1.3131061924894691,7.59175536444629e-05,-0.0008389347323733754,0.0008423627248007518
1.3155931360358508,0.00010183821286916542,-0.0008228081175796767,0.0008290863766552895
1.3180800795822323,0.00012681068278200806,-0.0008060809368609861,0.0008159947463300999
1.320567023128614,0.00015082952716750046,-0.0007887947083176378,0.0008030856978775546
1.3230539666749954,0.0001738908286772321,-0.0007709904963199103,0.0007903571127747736
1.325540910221377,0.00019599214969283251,-0.0007527088648579325,0.0007778068899006585
1.3280278537677586,0.00021713249210009937,-0.0007339898330001584,0.000765432945510709
1.3305147973141402,0.00023731225606773133,-0.0007148728324689444,0.0007532332132096461
1.3330017408605217,0.00025653319792304756,-0.000695396667338158,0.0007412056439218756
1.3354886844069034,0.0002747983872158254,-0.0006755994758542653,0.0007293482058598463
1.3379756279532848,0.00029211216306019466,-0.0006555186943788978,0.000717658884490341
1.3404625714996665,0.0003084800898430324,-0.0006351910234475639,0.000706135682498717
1.342949515046048,0.00032390891238590216,-0.000614652395935981,0.0006947766197511686
1.3454364585924297,0.00033840651064581017,-0.0005939379473223965,0.0006835797332550277
1.3479234021388111,0.00035198185403855463,-0.0005730819880311864,0.0006725430771171429
1.3504103456851928,0.00036464495546646014,-0.0005521179778402223,0.0006616647225003861
1.3528972892315743,0.0003764068251305412,-0.0005310785023316272,0.0006509427575783127
1.355384232777956,0.0003872794242051214,-0.0005099952513629133,0.0006403752874880257
1.3578711763243374,0.00039727561845095033,-0.0004888989995328831,0.0006299604342812642
1.360358119870719,0.0004064091318407182,-0.00046781958861429035,0.0006196963368737708
1.3628450634171005,0.0004146945002687564,-0.00044678591192287933,0.0006095811509929687
1.3653320069634822,0.0004221470254144953,-0.0004258259005901917,0.0005996130491239782
1.3678189505098637,0.00042878272882694894,-0.00040496651170549263,0.0005897902204540185
1.3703058940562454,0.0004346183062952532,-0.00038423371829012626,0.0005801108708152354
1.3727928376026268,0.0004396710825678592,-0.0003636525010657706,0.000570573222625969
1.3752797811490085,0.00044395896648069327,-0.0003432468419762926,0.0005611755148305236
1.37776672469539,0.0004475004065520651,-0.00032303971942134434,0.0005519160028374648
1.3802536682417716,0.0004503143470997826,-0.00030305310515818605,0.0005427929584564653
1.382740611788153,0.0004524201849333821,-0.0002833079628269797,0.0005338046698337595
1.3852275553345348,0.00045383772667195423,-0.00026382424805340606,0.0005249494413862277
1.3877144988809162,0.0004545871467355428,-0.0002446209100812938,0.0005162255937341371
1.390201442427298,0.00045468894605559684,-0.00022571589488695293,0.0005076314636325919
1.3926883859736794,0.000454163911547465,-0.00020712614972588379,0.0004991654039017157
1.395175329520061,0.00045303307638542325,-0.0001888676290617054,0.0004908257833555922
1.3976622730664425,0.00045131768111824055,-0.00017095530182646048,0.00048261098673001846
1.4001492166128242,0.00044903913566080175,-0.00015340315996075857,0.0004745194146090821
1.4026361601592057,0.00044621898219485335,-0.0001362242281817359,0.0004665494833506094
1.4051231037055874,0.00044287885900947527,-0.00011943057492638272,0.0004586996250105084
1.4076100472519688,0.0004390404653094776,-0.00010303332441741924,0.00045096828726604244
1.4100969907983505,0.0004347255270174963,-8.704266979877663e-05,0.00044335393333807106
1.412583934344732,0.0004299557635932067,-7.146788728745304e-05,0.00043585504191227326
1.4150708778911136,0.00042475285589073017,-5.631735128862552e-05,0.00042847010705940477
1.417557821437495,0.00041913841507299697,-4.1598550420847136e-05,0.0004211976381546075
1.4200447649838768,0.0004131339525995613,-2.7318104398310148e-05,0.0004140361597958003
1.4225317085302582,0.00040676085130214167,-1.3481781717412588e-05,0.0004069842117211907
1.42501865207664,0.0004000403375599689,-9.451809512037631e-08,0.0004000403487259306
1.4275055956230214,0.0003929934545848761,1.2839564393005135e-05,0.0003932031405779425
1.429992539169403,0.00038564103682399117,2.5317137526753215e-05,0.00038647117193295474
1.4324794827157845,0.0003780036854858298,3.733564655833943e-05,0.00037984304224876806
1.4349664262621662,0.00037010174519359874,4.8893289283182384e-05,0.0003733173656987797
1.4374533698085477,0.00036195528176759565,5.99889946142201e-05,0.0003668927710848014
1.4399403133549293,0.0003535840611366858,7.062240070900502e-05,0.0003605679017491918
1.4424272569013108,0.0003450075293770259,8.079383269791211e-05,0.0003543414154863324
1.4449142004476925,0.00033624479387443405,9.05042800610432e-05,0.00034821198445347676
1.447401143994074,0.0003273146056050897,9.975537370047925e-05,0.0003421782950809968
1.4498880875404556,0.0003182353425276139,0.00010854936275359669,0.00033623904798205643
1.452375031086837,0.00030902499407796564,0.00011688909119219121,0.0003303929578617303
1.4548619746332188,0.0002997011467571068,0.00012477797425108802,0.00032463875342560384
1.4573489181796002,0.00029028097079989394,0.0001322199747288699,0.0003189751772878759
1.459835861725982,0.00028078120791226344,0.00013921957920223923,0.00031340098587898265
1.4623228052723634,0.000271218160062466,0.00014578177419436033,0.0003079149493527797
1.464809748818745,0.00026160767931081313,0.0001519120223363711,0.00030251585149329834
1.4672966923651265,0.000251965158661195,0.0001576162385600491,0.000297202489621099
1.4697836359115082,0.00024230552391652548,0.00016290076635833657,0.00029197367449925225
1.4722705794578896,0.0002326432265191429,0.0001677723541492499,0.00028682823023896823
1.4747575230042713,0.00022299223735622938,0.0001722381317773318,0.0002817649942048913
1.4772444665506528,0.00021336604150935004,0.0001763055871855795,0.0002767828169200929
1.4797314100970345,0.00020377763392633486,0.0001799825432894289,0.0002718805619707788
1.482218353643416,0.00019423951599289934,0.000183277135083076,0.0002670571059107319
1.4847052971897976,0.0001847636929806715,0.00018619778700706453,0.0002623113381655166
1.487192240736179,0.0001753616723475794,0.00018875319060474528,0.00025764216093646455
1.4896791842825607,0.0001660444628659209,0.00019095228249386525,0.00025304848910445824
1.4921661278289422,0.00015682257455289827,0.00019280422267819116,0.00024852925013354234
1.4946530713753239,0.0001477060193778542,0.0001943183732227364,0.00024408338397437405
1.4971400149217053,0.00013870431272002806,0.00019550427731481121,0.00023970984296753844
1.499626958468087,0.0001298264755502261,0.00019637163873179123,0.00023540759174674587
1.5021139020144685,0.00012108103730951313,0.0001969303017351376,0.0002311756071419302
1.5046008455608502,0.00011247603945769303,0.00019719023140893176,0.0002270128780822722
1.5070877891072316,0.00010401903966417436,0.00019716149445982002,0.0002229184054991573
1.5095747326536133,9.571711661361405e-05,0.00019685424049401267,0.00021889120222909545
1.5120616761999948,8.757687539862792e-05,0.0001962786837856745,0.0002149302929166189
1.5145486197463764,7.960445347176717e-05,0.00019544508554978295,0.00021103471391716752
1.517035563292758,7.180552712897122e-05,0.0001943637367312901,0.00020720351319999301
1.5195225068391396,6.418531849670466e-05,0.00019304494132118606,0.0002034357502510893
1.522009450385521,5.674860299506358e-05,0.0001914990002088633,0.00019973049597616678
1.5244963939319027,4.9499717249272794e-05,0.00018973619557899308,0.00019608683260369085
1.5269833374782842,4.244256742212803e-05,0.00018776677585996866,0.00019250385358799855
1.5294702810246659,3.558063794015849e-05,0.00018560094122983226,0.00018898066351250936
1.5319572245710473,2.8917000586500562e-05,0.00018324882968449855,0.00018551637799304414
1.534444168117429,2.2454323933793935e-05,0.00018072050367200356,0.00018211012358127266
1.5369311116638105,1.6194883090662466e-05,0.00017802593729545772,0.0001787610376682975
1.5394180552101921,1.0140569735752663e-05,0.00017517500408636012,0.00017546826838839535
1.5419049987565736,4.29290241363858e-06,0.00017217746534893438,0.00017223097452292524
1.5443919423029553,-1.3469629326616325e-06,0.00016904295907519372,0.0001690483254044227
1.5468788858493367,-6.778222217391056e-06,0.0001657809894295004,0.00016591950082088741
1.5493658293957184,-1.2000412280323894e-05,0.0001624009168005004,0.00016284369092028341
1.5518527729421,-1.701339979146692e-05,0.00015891194841744267,0.00015982009611526407
1.5543397164884816,-2.1817370015539477e-05,0.00015532312952705547,0.0001568479269881289
1.556826660034863,-2.6412815459023173e-05,0.0001516433351263698,0.00015392640419603426
1.5593136035812447,-3.080052442203049e-05,0.00014788126224609993,0.00015105475837646386
1.5618005471276262,-3.498156947664356e-05,0.00014404542277846757,0.00014823223005297029
1.5642874906740079,-3.8957295892797114e-05,0.00014014413684266348,0.00014545806954120537
1.5667744342203893,-4.272931003212937e-05,0.00013618552668047472,0.00014273153685524486
1.569261377766771,-4.6299467729644334e-05,0.000132177511073976,0.00014005190161422095
1.5717483213131525,-4.9669862682341024e-05,0.0001281278002766004,0.00013741844294927453
1.5742352648595341,-5.2842814863340256e-05,0.00012404389144833706,0.00013483044941083627
1.5767222084059156,-5.582085897937197e-05,0.0001199330645852808,0.00013228721887624694
1.5792091519522973,-5.8606732988804074e-05,0.00011580237893327442,0.00012978805845772814
1.5816960954986787,-6.120336669672777e-05,0.00011165866987492149,0.00012733228441071348
1.5841830390450604,-6.36138704429286e-05,0.000107508546278821,0.00012491922204254676
1.5866699825914419,-6.584152389787683e-05,0.0001033583882994983,0.00012254820562156165
1.5891569261378236,-6.788976498119022e-05,9.921434561613203e-05,0.00012021857828654663
1.591643869684205,-6.976217891632547e-05,9.508233609786405e-05,0.00011792969195660856
1.5941308132305867,-7.146248743455894e-05,9.096804488317831e-05,0.0001156809072414391
1.5966177567769682,-7.299453814063992e-05,8.687692386057143e-05,0.00011347159335199652
1.5991047003233498,-7.436229405178482e-05,8.281419153751599e-05,0.00011130112801160866
1.6015916438697313,-7.55698233210268e-05,7.878483328449301e-05,0.00010916889736750373
1.604078587416113,-7.662128915522611e-05,7.4793601940723e-05,0.00010707429590278003
1.6065655309624944,-7.752093993738543e-05,7.084501876806205e-05,0.00010501672634881922
1.6090524745088761,-7.827309956224251e-05,6.69433747394158e-05,0.0001029955995981507
1.6115394180552576,-7.888215799344409e-05,6.309273214794321e-05,0.00010101033461777454
1.6140263616016393,-7.935256204995799e-05,5.929692652325057e-05,9.906035836295066e-05
1.6165133051480207,-7.968880642873103e-05,5.555956884073638e-05,9.714510569145668e-05
1.6190002486944024,-7.98954249699668e-05,5.1884048010248554e-05,9.526401927832655e-05
1.6214871922407839,-7.997698217077068e-05,4.8273533630213514e-05,9.341654953107146e-05
1.6239741357871655,-7.99380649523019e-05,4.47309789934319e-05,9.160215450538968e-05
1.626461079333547,-7.97832746849617e-05,4.125912433081007e-05,8.982029982137274e-05
1.6289480228799287,-7.951721947557242e-05,3.786050027934663e-05,8.807045858021155e-05
1.6314349664263101,-7.914450671991242e-05,3.453743156082033e-05,8.635211128140766e-05
1.6339219099726918,-7.866973592342314e-05,3.129204085772673e-05,8.466474574049563e-05
1.6364088535190733,-7.809749179235147e-05,2.8126252873156613e-05,8.300785700728067e-05
1.638895797065455,-7.74323375970613e-05,2.5041798561465038e-05,8.138094728459645e-05
1.6413827406118364,-7.667880880873094e-05,2.2040219516747155e-05,7.978352584758533e-05
1.643869684158218,-7.584140701015539e-05,1.9122872506337606e-05,7.821510896350967e-05
1.6463566277045996,-7.49245940808832e-05,1.6290934136744687e-05,7.66752198120936e-05
1.6488435712509812,-7.393278665645434e-05,1.3545405639652064e-05,7.51633884064011e-05
1.6513305147973627,-7.287035086105122e-05,1.0887117765860466e-05,7.367915151425416e-05
1.6538174583437444,-7.174159731244174e-05,8.316735775280107e-06,7.222205258019446e-05
1.6563044018901258,-7.055077639767406e-05,5.8347645113404235e-06,7.079164164798978e-05
1.6587913454365075,-6.93020738175847e-05,3.4415535484671864e-06,6.93874752836917e-05
1.661278288982889,-6.799960639779664e-05,1.1373024015319778e-06,6.80091164992444e-05
1.6637652325292707,-6.664741816351805e-05,-1.0779342135091655e-06,6.665613467664841e-05
1.6662521760756521,-6.524947667510625e-05,-3.2042410782909396e-06,6.53281054926824e-05
1.6687391196220338,-6.380966962102779e-05,-5.2418371402176705e-06,6.402461084418461e-05
1.6712260631684153,-6.233180166453327e-05,-7.1910701600314205e-06,6.274523877389589e-05
1.673713006714797,-6.081959154006977e-05,-9.052411348329513e-06,6.148958339686724e-05
1.6761999502611784,-5.927666939517453e-05,-1.0826450000275828e-05,6.0257244827433774e-05
1.67868689380756,-5.7706574373329876e-05,-1.251388813742252e-05,5.904782910675528e-05
1.6811738373539415,-5.611275243301811e-05,-1.4115535165222251e-05,5.786094813092682e-05
1.6836607809003232,-5.449855439798482e-05,-1.563230255448442e-05,5.6696219579660255e-05
1.6861477244467047,-5.2867234233507956e-05,-1.7065198554686087e-05,5.555326684553714e-05
1.6886346679930864,-5.122194754327482e-05,-1.841532294671734e-05,5.4431718963834784e-05
1.6911216115394678,-4.9565750281294664e-05,-1.9683861842289644e-05,5.333121054292701e-05
1.6936085550858495,-4.79015976731049e-05,-2.087208253691259e-05,5.225138169525951e-05
1.696095498632231,-4.623234334038829e-05,-2.1981328422987978e-05,5.119187796890054e-05
1.6985824421786127,-4.4560738622984465e-05,-2.3013013969243895e-05,5.0152350279668386e-05
1.701069385724994,-4.288943209216353e-05,-2.396861977238681e-05,4.913245484383575e-05
1.7035563292713758,-4.122096924892522e-05,-2.48496876865187e-05,4.81318531114101e-05
1.7060432728177573,-3.9557792401005625e-05,-2.5657816035528703e-05,4.715021169999232e-05
1.708530216364139,-3.790224071219533e-05,-2.6394654913341933e-05,4.6187202329212395e-05
1.7110171599105204,-3.625655041751409e-05,-2.706190157658113e-05,4.524250175574186e-05
1.713504103456902,-3.462285519774488e-05,-2.7661295933870496e-05,4.4315791708883746e-05
1.7159910470032835,-3.3003186706792675e-05,-2.819461613569714e-05,4.340675882673953e-05
1.7184779905496652,-3.1399475245315136e-05,-2.8663674268426578e-05,4.251509459295155e-05
1.7209649340960467,-2.981355057406236e-05,-2.9070312155766443e-05,4.164049527402233e-05
1.7234518776424284,-2.8247142860370065e-05,-2.9416397270659458e-05,4.078266185720859e-05
1.7259388211888098,-2.6701883751257725e-05,-2.9703818760300732e-05,3.994129998898978e-05
1.7284257647351915,-2.5179307566616897e-05,-2.9934483586672468e-05,3.9116119914110274e-05
1.730912708281573,-2.368085260600484e-05,-3.011031278471114e-05,3.8306836415194425e-05
1.7333996518279546,-2.2207862562607666e-05,-3.023323783994032e-05,3.751316875293355e-05
1.735886595374336,-2.0761588037988992e-05,-3.0305197187132347e-05,3.673484060684274e-05
1.7383735389207178,-1.934318815130972e-05,-3.0328132831296965e-05,3.597158001658756e-05
1.7408604824670992,-1.795373223677324e-05,-3.0303987092039028e-05,3.522311932387901e-05
1.743347426013481,-1.6594201623131826e-05,-3.023469947207754e-05,3.448919511493414e-05
1.7458343695598624,-1.5265491489182927e-05,-3.0122203650476942e-05,3.3769548163502614e-05
1.748321313106244,-1.3968412789275711e-05,-2.9968424600908458e-05,3.306392337445658e-05
1.7508082566526255,-1.2703694242954777e-05,-2.9775275835032165e-05,3.237206972794191e-05
1.7532952001990072,-1.1471984382974442e-05,-2.954465677087642e-05,3.169374022409005e-05
1.7557821437453887,-1.0273853656038754e-05,-2.927845022587719e-05,3.102869182828804e-05
1.7582690872917703,-9.10979657073432e-06,-2.897852003404392e-05,3.0376685417004392e-05
1.7607560308381518,-7.980233887259533e-06,-2.8646708786522624e-05,2.973748572416972e-05
1.7632429743845335,-6.885514843678535e-06,-2.8284835694644767e-05,2.911086128810977e-05
1.765729917930915,-5.825919413564843e-06,-2.789469457437331e-05,2.8496584399027952e-05
1.7682168614772966,-4.801660590042326e-06,-2.747805195089166e-05,2.789443104703637e-05
1.770703805023678,-3.812886691370972e-06,-2.7036645281921277e-05,2.7304180870732415e-05
1.7731907485700598,-2.8596836833714546e-06,-2.6572181298203486e-05,2.6725617106318353e-05
1.7756776921164412,-1.9420775141345833e-06,-2.608633445943954e-05,2.6158526537262185e-05
1.778164635662823,-1.0600364566095288e-06,-2.5580745523848475e-05,2.5602699444496767e-05
1.7806515792092044,-2.1347345482054472e-07,-2.505702022937744e-05,2.505792955715502e-05
1.783138522755586,5.977515303829452e-07,-2.4516728084480913e-05,2.4524014003838163e-05
1.7856254663019675,1.3738291799837167e-06,-2.3961401266277238e-05,2.4000753264415e-05
1.7881124098483492,2.1149984836392356e-06,-2.3392533623788344e-05,2.3487951122349188e-05
1.7905993533947306,2.8215444183364724e-06,-2.2811579783875206e-05,2.2985414617551488e-05
1.7930862969411123,3.493795642319543e-06,-2.221995435739662e-05,2.249295399975468e-05
1.7955732404874938,4.132122207596801e-06,-2.1619031243040196e-05,2.2010382682408383e-05
1.7980601840338755,4.736933294174211e-06,-2.1010143026202647e-05,2.153751719709001e-05
1.800547127580257,5.308674969001825e-06,-2.0394580470235285e-05,2.1074177148429994e-05
1.8030340711266386,5.847827972464677e-06,-1.9773592097312527e-05,2.0620185169547843e-05
1.80552101467302,6.354905535092674e-06,-1.9148383856131844e-05,2.0175366877995607e-05
1.8080079582194017,6.830451227007042e-06,-1.852011887361256e-05,1.9739550832206445e-05
1.8104949017657832,7.275036842468809e-06,-1.7889917287723624e-05,1.93125684884448e-05
1.8129818453121649,7.689260321743004e-06,-1.7258856158540646e-05,1.8894254158254768e-05
1.8154687888585463,8.073743712338506e-06,-1.6627969454611537e-05,1.8484444966404046e-05
1.817955732404928,8.429131171541558e-06,-1.5998248111689693e-05,1.8082980809320026e-05
1.8204426759513095,8.7560870120073e-06,-1.537064016088513e-05,1.7689704314014347e-05
1.8229296194976912,9.055293792038134e-06,-1.4746050923276867e-05,1.7304460797493775e-05
1.8254165630440726,9.32745045203061e-06,-1.4125343268029012e-05,1.692709822665239e-05
1.8279035065904543,9.573270498438205e-06,-1.3509337931060482e-05,1.65574671786435e-05
1.8303904501368358,9.79348023646107e-06,-1.2898813891325489e-05,1.6195420801726797e-05
1.8328773936832174,9.988817052541845e-06,-1.2294508801778517e-05,1.5840814776587732e-05
1.835364337229599,1.0160027747618008e-05,-1.1697119472116431e-05,1.5493507278125673e-05
1.8378512807759806,1.0307866921955245e-05,-1.1107302400414995e-05,1.5153358937707634e-05
1.840338224322362,1.0433095412265611e-05,-1.0525674350802673e-05,1.4820232805883416e-05
1.8428251678687437,1.0536478781692553e-05,-9.952812974351401e-06,1.4493994315559635e-05
1.8453121114151252,1.0618785863134159e-05,-9.389257470393839e-06,1.4174511245628343e-05
1.8477990549615069,1.068078735625989e-05,-8.835509285521984e-06,1.3861653685047335e-05
1.8502859985078883,1.0723254478472563e-05,-8.292032847559243e-06,1.355529399736809e-05
1.85277294205427,1.0746957669959405e-05,-7.75925633184905e-06,1.3255306785708087e-05
1.8552598856006515,1.0752665352879742e-05,-7.237572457247846e-06,1.2961568858164241e-05
1.8577468291470332,1.0741142744636774e-05,-6.727339309263841e-06,1.2673959193662795e-05
1.8602337726934146,1.0713150725091405e-05,-6.228881187837536e-06,1.2392358908243533e-05
1.8627207162397963,1.066944475748576e-05,-5.742489477314768e-06,1.2116651221773745e-05
1.8652076597861778,1.0610773862759723e-05,-5.2684235362228434e-06,1.1846721425088533e-05
1.8676946033325594,1.0537879646863265e-05,-4.8069116045205736e-06,1.158245684755396e-05
1.870181546878941,1.0451495380590122e-05,-4.358151726055855e-06,1.1323746825049575e-05
1.8726684904253226,1.0352345131385405e-05,-3.9223126840263245e-06,1.107048266836604e-05
1.875155433971704,1.0241142946510313e-05,-3.4995349473081713e-06,1.082255763201514e-05
1.8776423775180857,1.0118592086882456e-05,-3.0899316255792017e-06,1.0579866883447768e-05
1.8801293210644672,9.985384310847604e-06,-2.6935894312355482e-06,1.0342307472676748e-05
1.8826162646108489,9.842199207081998e-06,-2.310569646164737e-06,1.010977830230037e-05
1.8851032081572303,9.68970357576968e-06,-1.9409090915123448e-06,9.882180097923685e-06
1.887590151703612,9.528550857148896e-06,-1.5846210986438582e-06,9.659415378973007e-06
1.8900770952499935,9.359380606475322e-06,-1.2416964795789675e-06,9.441388429900825e-06
1.8925640387963751,9.182818014406181e-06,-9.121044952421946e-07,9.228005271776978e-06
1.8950509823427566,8.999473471769959e-06,-5.957938199465412e-07,9.019173634262605e-06
1.8975379258891383,8.809942177650019e-06,-2.926935005970071e-07,8.814802927963193e-06
1.9000248694355197,8.614803789677667e-06,-2.7139091715306684e-09,8.614804217157096e-06
1.9025118129819014,8.414622115400778e-06,2.742523128922177e-07,8.419090192896058e-06
1.9049987565282829,8.209944843567086e-06,5.383293197072251e-07,8.227575146473608e-06
1.9074857000746646,8.001303314139195e-06,7.89657136575091e-07,8.040174943258315e-06
1.909972643621046,7.789212325837262e-06,1.0283907474170343e-06,7.856806996887992e-06
1.9124595871674277,7.5741699799884865e-06,1.2546991950908428e-06,7.677390243821163e-06
1.9149465307138092,7.356657559448254e-06,1.4687646956230753e-06,7.501845118242304e-06
1.9174334742601908,7.13713944134675e-06,1.6707817673153713e-06,7.330093527317428e-06
1.9199204178065723,6.9160630424048006e-06,1.8609563756217585e-06,7.162058826795883e-06
1.922407361352954,6.693858795558524e-06,2.0395050946258004e-06,6.997665796955497e-06
1.9248943048993354,6.470940156627002e-06,2.2066542858853253e-06,6.836840618887057e-06
1.9273812484457171,6.2477036397568685e-06,2.362639295348906e-06,6.679510851114623e-06
1.9298681919920986,6.024528880378698e-06,2.5077036689875603e-06,6.5256054065481686e-06
1.9323551355384803,5.801778724413716e-06,2.6420983877253366e-06,6.375054529765253e-06
1.9348420790848617,5.57979934247405e-06,2.766081122194024e-06,6.227789774617637e-06
1.9373290226312434,5.358920367808545e-06,2.8799155077806147e-06,6.083743982160043e-06
1.9398159661776249,5.1394550567547564e-06,2.9838704403796337e-06,5.942851258896977e-06
1.9423029097240065,4.921700470469298e-06,3.0782193932104262e-06,5.8050469553445015e-06
1.944789853270388,4.70593767672247e-06,3.1632397550046955e-06,5.670267644903391e-06
1.9472767968167697,4.492431970556684e-06,3.239212189821232e-06,5.538451103040115e-06
1.9497637403631514,4.281433112626216e-06,3.306420018693268e-06,5.409536286772443e-06
1.9522506839095328,4.073175584051764e-06,3.3651486232686704e-06,5.283463314456007e-06
1.9547376274559145,3.867878856644362e-06,3.4156848715552543e-06,5.1601734458686495e-06
1.957224571002296,3.6657476773723323e-06,3.4583165658408003e-06,5.039609062589038e-06
1.9597115145486776,3.466972365967392e-06,3.493331912814214e-06,4.92171364866626e-06
1.962198458095059,3.271729124588517e-06,3.5210190158735827e-06,4.806431771576926e-06
1.9646854016414408,3.0801803584864204e-06,3.541665389568081e-06,4.693709063466754e-06
1.9671723451878222,2.892475006635544e-06,3.555557496082896e-06,4.583492202672823e-06
1.969659288734204,2.7087488813269295e-06,3.56298030364144e-06,4.475728895523805e-06
1.9721462322805854,2.529125015741367e-06,3.5642168666641535e-06,4.370367858414439e-06
1.974633175826967,2.353714018548821e-06,3.5595479274923166e-06,4.267358800151223e-06
1.9771201193733485,2.1826144346089707e-06,3.549251539453408e-06,4.166652404566024e-06
1.9796070629197302,2.0159131108747025e-06,3.533602711016963e-06,4.068200313394481e-06
1.9820940064661117,1.8536855666298438e-06,3.5128730707617094e-06,3.971955109415841e-06
1.9845809500124933,1.6959963672213956e-06,3.4873305528498624e-06,3.877870299851234e-06
1.9870678935588748,1.5428995004756583e-06,3.4572391026803575e-06,3.7859003000171726e-06
1.9895548371052565,1.3944387550174997e-06,3.422858402370479e-06,3.696000417231165e-06
1.992041780651638,1.2506480997417519e-06,3.3844436156946205e-06,3.6081268349662723e-06
1.9945287241980196,1.1115520637157064e-06,3.3422451520898438e-06,3.5222365972516255e-06
1.997015667744401,9.771661158217227e-07,3.29650844932019e-06,3.4382875933158234e-06
1.9995026112907828,8.474970434787627e-07,3.247473774375442e-06,3.3562385424700554e-06
2.0019895548371642,7.225433298118144e-07,3.1953760421656297e-06,3.2760489792281233e-06
2.004476498383546,6.022955286682116e-07,3.140444651558938e-06,3.1976792386602602e-06
2.0069634419299276,4.867366369086918e-07,3.082903338299068e-06,3.1210904419777268e-06
2.009450385476309,3.758424634318012e-07,3.0229700443274645e-06,3.0462444823453806e-06
2.0119373290226905,2.695819944181608e-07,2.9608568030266875e-06,2.9731040109192094e-06
2.014424272569072,1.6791775431092834e-07,2.8967696398930823e-06,2.9016324231058493e-06
2.016911216115454,7.080616207706174e-08,2.830908488140569e-06,2.8317938450414086e-06
2.019398159661835,-2.1802117677921916e-08,2.7634671187315394e-06,2.76355312028657e-06
2.021885103208217,-1.099618291410385e-07,2.6946330843267342e-06,2.6968757967352244e-06
2.0243720467545985,-1.9373278564089485e-07,2.6245876766426736e-06,2.631728113733781e-06
2.02685899030098,-2.731795362598332e-07,2.5535058967032372e-06,2.568076989408484e-06
2.0293459338473614,-3.4837103902839863e-07,2.481556437470565e-06,2.505890008197752e-06
2.031832877393743,-4.193803409946713e-07,2.408901678340856e-06,2.445135408587058e-06
2.0343198209401248,-4.86284265437007e-07,2.3356976909910733e-06,2.385782071043506e-06
2.0368067644865064,-5.491631064628016e-07,2.262094256064556e-06,2.3277995061474113e-06
2.0392937080328877,-6.081003312130718e-07,2.1882348901860815e-06,2.2711578429182635e-06
2.0417806515792694,-6.631822898681357e-07,2.1142568828005223e-06,2.2158278173324126e-06
2.044267595125651,-7.144979336279166e-07,2.0402913423333866e-06,2.161780761029928e-06
2.0467545386720327,-7.621385408175627e-07,1.9664632511764327e-06,2.1089885902078534e-06
2.049241482218414,-8.061974512480635e-07,1.8928915290076392e-06,2.0574237946975707e-06
2.0517284257647956,-8.467698089406951e-07,1.8196891039606858e-06,2.0070594272234953e-06
2.0542153693111773,-8.839523133041036e-07,1.7469629911664204e-06,1.957869092840684e-06
2.056702312857559,-9.178429788335467e-07,1.6748143781962729e-06,1.909826938548885e-06
2.0591892564039402,-9.485409033830906e-07,1.6033387169456727e-06,1.8629076430805167e-06
2.061676199950322,-9.761460450439444e-07,1.532625821504019e-06,1.8170864068601151e-06
2.0641631434967036,-1.0007590076444088e-06,1.4627599715672151e-06,1.7723389421328927e-06
2.0666500870430853,-1.0224808348711813e-06,1.393820020957769e-06,1.7286414632599741e-06
2.0691370305894665,-1.0414128129952516e-06,1.3258795108278833e-06,1.6859706771779484e-06
2.071623974135848,-1.057656282171295e-06,1.2590067871307e-06,1.644303774020352e-06
2.07411091768223,-1.0713124562645723e-06,1.1932651219560712e-06,1.603618417898868e-06
2.0765978612286116,-1.0824822511462694e-06,1.128712838337339e-06,1.56389273784177e-06
2.079084804774993,-1.091266121384898e-06,1.06540343814752e-06,1.5251053188875173e-06
2.0815717483213745,-1.0977639052494888e-06,1.0033857327140337e-06,1.4872351933311312e-06
2.084058691867756,-1.1020746779286703e-06,9.427039757929644e-07,1.4502618321211674e-06
2.086545635414138,-1.1042966128589771e-06,8.833979985554766e-07,1.4141651364050917e-06
2.089032578960519,-1.1045268510455588e-06,8.255033462507828e-07,1.3789254292208328e-06
2.0915195225069008,-1.102861378249056e-06,7.690514162221714e-07,1.3445234473324497e-06
2.0940064660532824,-1.099394909903569e-06,7.14069596964265e-07,1.31094033320765e-06
2.096493409599664,-1.0942207836223934e-06,6.60581407922301e-07,1.2781576271351723e-06
2.0989803531460454,-1.087430859140907e-06,6.086066397456783e-07,1.246157259479901e-06
2.101467296692427,-1.0791154255386995e-06,5.581614947206855e-07,1.2149215430736253e-06
2.1039542402388087,-1.0693631155771276e-06,5.092587271189054e-07,1.1844331657394555e-06
2.1064411837851904,-1.058260826982369e-06,4.6190778321029757e-07,1.1546751829478533e-06
2.1089281273315716,-1.0458936504992046e-06,4.1611494070139745e-07,1.1256310106022666e-06
2.1114150708779533,-1.0323448045359526e-06,3.718834473714849e-07,1.0972844179524625e-06
2.113902014424335,-1.017695576217014e-06,3.2921365869092435e-07,1.0696195206335495e-06
2.1163889579707167,-1.0020252686559348e-06,2.8810317421775864e-07,1.0426207738287907e-06
2.118875901517098,-9.854111542588943e-07,2.485469725800874e-07,1.0162729655543206e-06
2.1213628450634796,-9.6792843386597e-07,2.1053754486313787e-07,9.905612100638847e-07
2.1238497886098613,-9.496502015354499e-07,1.740650262310775e-07,9.654709413716946e-07
2.126336732156243,-9.306474147749998e-07,1.3911732562468336e-07,9.409879068916639e-07
2.128823675702624,-9.109888700221514e-07,1.056802533868462e-07,9.170981611911259e-07
2.131310619249006,-8.90741183176028e-07,7.37376466782592e-08,8.937880598573008e-07
2.1337975627953876,-8.69968774981747e-07,4.327149255639248e-08,8.710442534747013e-07
2.1362845063417693,-8.487338610691517e-07,1.4262048600599097e-08,8.488536817117753e-07
2.1387714498881505,-8.270964464478439e-07,-1.3312039023459232e-08,8.272035675150424e-07
2.141258393434532,-8.051143242613264e-07,-3.947362015764699e-08,8.06081411408998e-07
2.143745336980914,-7.828430786042301e-07,-6.424692799119725e-08,7.85474985900159e-07
2.1462322805272955,-7.603360912079782e-07,-8.765746922546091e-08,7.653723299835445e-07
2.1487192240736768,-7.37644551802047e-07,-1.0973191713341725e-07,7.457617437499848e-07
2.1512061676200585,-7.148174719599648e-07,-1.3049800757522921e-07,7.266317830926057e-07
2.15369311116644,-6.919017022415853e-07,-1.4998443802277314e-07,7.079712545109515e-07
2.156180054712822,-6.689419524455851e-07,-1.682207696380291e-07,6.897692100110893e-07
2.158666998259203,-6.459808147890805e-07,-1.8523733244244037e-07,6.720149421002152e-07
2.1611539418055847,-6.230587898341835e-07,-2.010651336067792e-07,6.546979788741898e-07
2.1636408853519664,-6.002143149845136e-07,-2.1573576888403296e-07,6.378080791964882e-07
2.166127828898348,-5.774837953781735e-07,-2.2928133720065025e-07,6.213352279670761e-07
2.1686147724447293,-5.54901637007199e-07,-2.417343584151164e-07,6.05269631479754e-07
2.171101715991111,-5.325002818972289e-07,-2.5312769424627847e-07,5.896017128664619e-07
2.1735886595374927,-5.103102451851139e-07,-2.634944723678978e-07,5.743221076271815e-07
2.1760756030838744,-4.883601539360647e-07,-2.728680136600979e-07,5.59421659243959e-07
2.1785625466302556,-4.6667678754616445e-07,-2.8128176260289066e-07,5.448914148776772e-07
2.1810494901766373,-4.4528511958026597e-07,-2.887692207917654e-07,5.307226211462021e-07
2.183536433723019,-4.242083608996084e-07,-2.953638835503813e-07,5.16906719982528e-07
2.1860233772694007,-4.0346800393792266e-07,-3.0109917961077063e-07,5.034353445716051e-07
2.188510320815782,-3.830838679891949e-07,-3.0600841382705545e-07,4.903003153644849e-07
2.1909972643621636,-3.630741453748596e-07,-3.101247128846119e-07,4.774936361685333e-07
2.1934842079085453,-3.434554483627155e-07,-3.134809739626835e-07,4.6500749031238904e-07
2.195971151454927,-3.2424285671440086e-07,-3.1610981630497173e-07,4.5283423688440174e-07
2.198458095001308,-3.054499657430119e-07,-3.1804353564926766e-07,4.4096640704331907e-07
2.20094503854769,-2.870889347669325e-07,-3.1931406146421924e-07,4.2939670039997654e-07
2.2034319820940715,-2.69170535850662e-07,-3.199529169383872e-07,4.1811798146876563e-07
2.205918925640453,-2.517042027280471e-07,-3.1999118166420257e-07,4.0712327618771016e-07
2.2084058691868345,-2.3469807980788758e-07,-3.1945945695703094e-07,3.9640576850594727e-07
2.210892812733216,-2.1815907116650943e-07,-3.1838783374740775e-07,3.8595879703745725e-07
2.213379756279598,-2.0209288943643593e-07,-3.1680586298258544e-07,3.7577585177989847e-07
2.2158666998259795,-1.865041045048189e-07,-3.147425284718003e-07,3.6585057089741766e-07
2.2183536433723607,-1.7139619193969559e-07,-3.122262221081822e-07,3.5617673756630555e-07
2.2208405869187424,-1.5677158106668927e-07,-3.0928472139888767e-07,3.4674827688243395e-07
2.223327530465124,-1.426317026229422e-07,-3.059451692339614e-07,3.375592528293614e-07
2.225814474011506,-1.289770359195469e-07,-3.0223405582344665e-07,3.286038653060587e-07
2.228301417557887,-1.1580715544780274e-07,-2.9817720273157834e-07,3.1987644721320185e-07
2.2307883611042687,-1.0312077686891333e-07,-2.9379974893624694e-07,3.113714615969966e-07
2.2332753046506504,-9.091580233068954e-08,-2.891261388415748e-07,3.0308349884952595e-07
2.235762248197032,-7.918936505887977e-08,-2.841801121711266e-07,2.9500727396459673e-07
2.2382491917434133,-6.793787317463049e-08,-2.78984695669231e-07,2.8713762384812204e-07
2.240736135289795,-5.715705269336602e-08,-2.735621965379005e-07,2.794695046820549e-07
2.2432230788361767,-4.6841989664104823e-08,-2.679341975370201e-07,2.7199798934091224e-07
2.2457100223825583,-3.698717141183762e-08,-2.621215536757989e-07,2.6471826485995137e-07
2.2481969659289396,-2.7586526849119638e-08,-2.5614439042390945e-07,2.576256299540738e-07
2.2506839094753213,-1.8633465826392738e-08,-2.5002210337128325e-07,2.507154925865253e-07
2.253170853021703,-1.0120917493959186e-08,-2.437733592662202e-07,2.439833675865164e-07
2.2556577965680846,-2.04136765160114e-09,-2.3741609836221074e-07,2.3742487431485339e-07
2.258144740114466,5.613104934930189e-09,-2.3096753800476326e-07,2.3103573437672428e-07
2.2606316836608475,1.2850793268466496e-08,-2.2444417739046453e-07,2.2481176938076706e-07
2.2631186272072292,1.9680327920928886e-08,-2.1786180343157763e-07,2.187488987435929e-07
2.265605570753611,2.6110643912049267e-08,-2.112354976605553e-07,2.1284313753890286e-07
