Time (s),Acceleration x (m/s^2),Acceleration y (m/s^2),Acceleration z (m/s^2),Absolute acceleration (m/s^2)
0.0,-4.862807122400454,3.5293000703771806,-0.11402646322463816,6.009646755904083
0.002486943546381497,-4.856163316038362,3.5077140797238067,-0.10878337662721904,5.991511832597826
0.004973887092762994,-4.839944985527772,3.4957064049373447,-0.09396359223499573,5.97108531919626
0.007460830639144491,-4.818940681276893,3.483700348191086,-0.08872072751581506,5.946951216643956
0.009947774185525988,-4.812304163598365,3.4764844215823723,-0.08826638333359149,5.93733999792145
0.012434717731907486,-4.800881966182586,3.469270330528653,-0.09260056387007509,5.923924302684211
0.014921661278288981,-4.784674235938229,3.4524813770854212,-0.10172327330445441,5.901108610041379
0.01740860482467048,-4.76846952302806,3.435694476545397,-0.11084611249296294,5.878314808588155
0.019895548371051976,-4.757056377545399,3.418909737514281,-0.10560387564845186,5.85915363776777
0.022382491917433474,-4.745646542870267,3.4069156718693185,-0.10036177690281534,5.842799670650054
0.02486943546381497,-4.729451762306789,3.3949239847959936,-0.10948503038501478,5.822818029649245
0.02735637901019647,-4.708472182400599,3.3829347847467854,-0.09945481701786285,5.798607532064754
0.029843322556577963,-15.97376297891061,10.007675182070706,-0.0606943343226245,18.849889921653865
0.032330266102959464,-15.952791046262082,10.627760519481473,-0.18473971927044808,19.16963652730601
0.03481720964934096,-15.625365344219954,10.941390856428411,-0.2944200531651333,19.07754594231635
0.03730415319572246,-15.020216438902843,10.962931511087136,-0.38015853351802775,18.599389498015277
0.03979109674210395,-14.185228509615461,10.721113011528905,-0.4515319711182375,17.78670439392648
0.04227804028848545,-13.158708928923545,10.244665885757339,-0.5133287734309651,16.684373114281655
0.04476498383486695,-11.97417666597097,9.552743855065444,-0.5511837346364992,15.327740391124262
0.04725192738124844,-10.679515899757844,8.693231060595785,-0.5746736655129236,13.782400950049377
0.04973887092762994,-9.33218761581697,7.723588450056872,-0.5885869735141451,12.128065751308
0.05222581447401144,-7.956133976327905,6.667758147838049,-0.5929236627698184,10.397625932741201
0.05471275802039294,-6.575297143355943,5.573624294850877,-0.5876837374055537,8.639744931349982
0.05719970156677443,-5.266291715372406,4.474705821964335,-0.55371358826158,6.932778617722267
0.059686645113155926,-4.038694644243671,3.4045216599634247,-0.5245320426973485,5.3081970598706
0.062173588659537427,-2.921236494993628,2.420532756148406,-0.49056229818518204,3.825343494598986
0.06466053220591893,-1.9330710258786765,1.5323160245278102,-0.4374391488727003,2.5052163577389526
0.06714747575230041,-1.088563591704892,0.768601992300503,-0.3699510021842656,1.3829618432085897
0.06963441929868192,-0.4164447571061203,0.1533327832517966,-0.3264050887818577,0.5508878834423665
0.07212136284506342,0.1168041565841218,-0.3230683021706985,-0.273282589518109,0.4389757539961735
0.07460830639144492,0.48245258500766575,-0.65102435033595,-0.20100670184245395,0.8348633994232265
0.0770952499378264,0.66134677058949,-0.8018048344317948,-0.1478846564026135,1.0498287551246939
0.0795821934842079,0.7061590057048894,-0.8041400675922236,-0.0851860373570048,1.0735727504952484
0.0820691370305894,0.6073123397138356,-0.6867603630559141,-0.027276058741831477,0.9171761322744242
0.0845560805769709,0.38396024205000634,-0.44008880760601155,0.006691662091490969,0.5840791079954215
0.0870430241233524,0.060044585622315516,-0.07849050473646257,0.02629392771862804,0.10226183174191958
0.0895299676697339,-0.37401157974450205,0.3549390220254031,0.036319137400216306,0.516899846083188
0.0920169112161154,-0.8703243642208989,0.8649882822416315,0.05113249704288414,1.2281220459000322
0.09450385476249688,-1.4193171043756059,1.4085617521550458,0.06115719595717195,2.000561784855592
0.09699079830887838,-2.0018363299695876,1.961717521171511,0.06160482677948309,2.803476320488535
0.09947774185525989,-2.598728570593508,2.514878888537268,0.04768698215186262,3.6166669816138968
0.10196468540164137,-3.186051952344399,3.0441039434148482,0.05292248128457189,4.406846565331802
0.10445162894802287,-3.759018214424194,3.520662371521473,0.07252291683118806,5.150780624729204
0.10693857249440437,-4.303262289214802,3.9541310850096103,0.06818105820900122,5.844473254615508
0.10942551604078588,-4.794842302275097,4.330144979300707,0.054262111364717924,6.460929702618627
0.11191245958716736,-5.224181588939454,4.6008201264423345,0.03555447561049263,6.961385151737171
0.11439940313354886,-5.596068694314756,4.814040664754417,0.036000163545885755,7.381887859157313
0.11688634667993036,-5.905715356675798,4.960229892577016,0.02208034793295255,7.712447212335122
0.11937329022631185,-6.124391297501399,5.001080688190014,0.008160234743186834,7.906898469319626
0.12186023377269335,-6.276038674596392,4.974900382857781,0.003816626634186804,8.008639699164085
0.12434717731907485,-6.3558692256433424,4.886477484459808,0.0042611163091024196,8.017153732885813
0.12683412086545634,-6.363883091441772,4.731023694090082,-0.019236720123902984,7.92981483056076
0.12932106441183785,-6.304868815905195,4.522904325976769,-0.05231167666718761,7.759559964278186
0.13180800795821934,-6.197980152698802,4.276484694198826,-0.08059854731636307,7.530589315504771
0.13429495150460083,-6.038428838674018,3.99176490272287,-0.09930893270082386,7.23924527436765
0.13678189505098234,-5.8262150137874364,3.6926870719635176,-0.12280804672431067,6.898971011293559
0.13926883859736383,-5.585280834379171,3.3936165155390787,-0.13194228004137898,6.536773196209687
0.14175578214374532,-5.3252032466074075,3.094553336949055,-0.13628844322137468,6.160570145096663
0.14424272569012683,-5.041193986445535,2.8146512528142247,-0.14063494350617312,5.775437357575467
0.14672966923650832,-4.74761840292142,2.539545156351055,-0.1354049781694613,5.385861547516544
0.14921661278288983,-4.44926503819265,2.2931771671742696,-0.13496376107916852,5.0072783143078325
0.15170355632927132,-4.160499240824908,2.104277808052542,-0.1440996994551913,4.664601135118643
0.1541904998756528,-3.8956863591484874,1.939328358422012,-0.14365918390837074,4.354079081936458
0.15667744342203432,-3.6356729180132294,1.807905727431051,-0.12885381500291437,4.062418490467672
0.1591643869684158,-3.4091894752310266,1.7243752273756763,-0.11404880657662986,3.8221786893203293
0.1616513305147973,-3.221024571768259,1.6791601537755727,-0.09924416249865153,3.633789690908454
0.1641382740611788,-3.0616015383836217,1.6818374152548325,-0.08443988663030311,3.4941538554617417
0.1666252176075603,-2.9261321089065464,1.7084650970164386,-0.06963598282501948,3.3890929873051974
0.1691121611539418,-2.814616420234398,1.7686201073245729,-0.06919766488919876,3.324886613692563
0.1715991047003233,-2.750996625610928,1.862302547619741,-0.07833653333993951,3.322994105539372
0.1740860482467048,-2.7209076514594304,1.9751473091964105,-0.06832217208465252,3.362917373352289
0.1765729917930863,-2.714772827262779,2.1071544931228434,-0.06309660154597196,3.43716056399156
0.1790599353394678,-2.742169095521594,2.248747393637465,-0.06265982553667904,3.546869386171599
0.18154687888584928,-2.7935197851890057,2.395137708107842,-0.047858234579935655,3.680044543434172
0.1840338224322308,-2.849671418308511,2.54153713370826,-0.028268639112340566,3.818486259016746
0.18652076597861228,-2.9345661465346993,2.673580560777148,-0.03740986616352515,3.970026571880765
0.18900770952499377,-3.038627298005523,2.800844896057229,-0.05133990291077595,4.132871129564175
0.19149465307137528,-3.142701393941155,2.8945998195294744,-0.06527034980395285,4.273118344401811
0.19398159661775677,-3.2467885685631503,2.978787447497033,-0.06962440396384295,4.406774128991133
0.19646854016413826,-3.3556773591308398,3.048619476137949,-0.06919047246334742,4.5342517100785935
0.19895548371051977,-3.459791092657388,3.094519198104745,-0.08312217232738917,4.642533012031541
0.20144242725690126,-3.5591299025086904,3.1116983091630797,-0.082689087368788,4.72830937178922
0.20392937080328274,-3.6536939217601043,3.114522118150726,-0.08225643127411786,4.801717757099303
0.20641631434966426,-3.7386948798734845,3.0982023204131215,-0.08182420775988142,4.856273491472756
0.20890325789604575,-3.8045561026945554,3.0483738044420527,-0.05745040393181,4.875503106251787
0.21139020144242726,-3.860854529051854,2.9985554917174673,-0.04744225005040548,4.888740481811142
0.21387714498880875,-3.9028018875119344,2.934382270299301,-0.03264613652306991,4.882983478534766
0.21636408853519024,-3.9303983096580177,2.8414890280286857,-0.013062067029020241,4.849975400614428
0.21885103208157175,-3.9388555234467852,2.7486062824088493,-0.012632061839534359,4.8030801470796805
0.22133797562795324,-3.9281736598464283,2.66052253411885,-0.0026257046928801486,4.7443582654338625
0.22382491917433472,-3.907929656154402,2.567661073652294,-0.0021966125207963927,4.675981438340712
0.22631186272071624,-3.8781236427136223,2.479598804557658,-0.02092159560467799,4.603117523255385
0.22879880626709773,-3.838755749550555,2.4011242268348383,-0.03485864097393332,4.527986128760908
0.2312857498134792,-3.794614509693004,2.3178722269723573,-0.053584558890309,4.446853071858113
0.23377269335986073,-3.7361232458863416,2.2442081111486196,-0.06273414300404134,4.358786818289695
0.23625963690624222,-3.6680704905128927,2.184920378667581,-0.062307396916310154,4.269953207729432
0.2387465804526237,-3.6000331789488165,2.1447975285975205,-0.07624634081976644,4.191206131019896
0.24123352399900522,-3.541588246241319,2.1142628498082763,-0.09497417165472655,4.125769600604908
0.2437204675453867,-3.473582207184316,2.0837396309303653,-0.08976047307003654,4.051641783537018
0.24620741109176822,-3.3960151895191,2.0723815802750414,-0.07975886190737747,3.9792016859868373
0.2486943546381497,-3.328040933931907,2.0658235826684326,-0.06975774503714938,3.9176969861933
0.2511812981845312,-3.2696595674889855,2.0688541359731842,-0.07412233595993811,3.869925741392691
0.2536682417309127,-3.2160828135951256,2.0862617378054207,-0.05933381496272183,3.8339532083908985
0.2561551852772942,-3.152945588670945,2.108469675572036,-0.06369941212659569,3.7935165576324685
0.2586421288236757,-3.099401632033309,2.125901236429863,-0.06806551767827962,3.7590396989658905
0.26112907237005717,-3.060239472689829,2.1481333205651674,-0.0724321351150401,3.7396241532176173
0.2636160159164387,-3.030670832656817,2.189531231230954,-0.07679926792338065,3.739640468815962
0.2661029594628202,-2.991542223636622,2.211787834901494,-0.06680170961803533,3.7209935193207304
0.26858990300920166,-2.9572189802184226,2.238845240958081,-0.047227866984094646,3.7094207878514673
0.2710768465555832,-2.951643243274336,2.265915138601377,-0.0372313567566227,3.7212841096637432
0.2735637901019647,-2.9556615234336725,2.288209216771584,-0.032023779058102164,3.738029157624355
0.27605073364834615,-2.945331927643136,2.3009391641467345,-0.026816733999909914,3.73764903894423
0.27853767719472766,-2.9398081923676656,2.323258685742563,-0.02639862832290696,3.7470922081485574
0.2810246207411092,-2.9438788437444154,2.336014259746767,-0.035557868756734834,3.758277481828173
0.28351156428749064,-2.9431787942601857,2.3392059773610816,-0.044717652058814394,3.7598119218799106
0.28599850783387215,-2.9568617792726095,2.3280455261980526,-0.04430117497521735,3.7636139743440924
0.28848545138025367,-2.970562710523553,2.321686610201259,-0.034308440881241964,3.770364518485786
0.2909723949266352,-2.974704902699399,2.3105525131202342,-0.01952785646103017,3.7666833569080413
0.29345933847301664,-2.9884420900304023,2.2898549217510182,-0.01911303834811484,3.7649152708085656
0.29594628201939815,-2.992620779804126,2.2691707325751582,-0.0330639898831766,3.755796609604696
0.29843322556577967,-3.001606302167951,2.238923228515909,-0.03743869779366982,3.7448390182349556
0.30092016911216113,-3.0106103736034724,2.2134777088194393,-0.051390778678136684,3.7370977243340238
0.30340711265854264,-3.0100563068852946,2.1832574558501125,-0.06055502588115402,3.7189674642707633
0.30589405620492416,-3.009521027680454,2.1482625583310906,-0.06014303937607757,3.6980895095661825
0.3083809997513056,-3.004216251304107,2.11806991134276,-0.06452003240561233,3.6763702572669215
0.31086794329768713,-2.9989304993189894,2.0831027963992876,-0.059320798278626796,3.651906400391525
0.31335488684406865,-2.9888754862520672,2.0481497046892625,-0.04454534025290613,3.623572570333798
0.3158418303904501,-2.9788397328737104,2.0275759337538286,-0.04892408149602723,3.60374026353663
0.3183287739368316,-2.9592465495940616,1.997439554282032,-0.0533034119603073,3.5706786705080833
0.32081571748321314,-2.9444612630234817,1.967317459913982,-0.04331812490618603,3.541478021599686
0.3233026610295946,-2.929695586087699,1.956363350637774,-0.04769864346466157,3.523173136172671
0.3257896045759761,-2.9149496346273494,1.940635296264548,-0.04250295423099004,3.5021141081695593
0.3282765481223576,-2.890646717435027,1.9201333829113691,-0.03251946370992442,3.470419019183208
0.3307634916687391,-2.8615753528548504,1.904434503038806,-0.03211338503442285,3.437515897552969
0.3332504352151206,-2.8373124621398533,1.8887503388478968,-0.03170791472339829,3.408625124910081
0.3357373787615021,-2.81785815948908,1.8826577822005572,-0.026514652603543354,3.389015780235051
0.3382243223078836,-2.803212558686255,1.8813685146962569,-0.021322005129590593,3.3760928253188602
0.3407112658542651,-2.7646453531759705,1.8896710242721344,-0.035283588704571045,3.3489349710681244
0.3431982094006466,-2.740463882468011,1.8932001852796936,-0.03966898651569295,3.331054316751063
0.34568515294702806,-2.72109145244794,1.8823792750849417,-0.03447820165928839,3.308909061041752
0.3481720964934096,-2.6921629652580172,1.8859387973091652,-0.05801846378137476,3.287532923157171
0.3506590400397911,-2.672832145857817,1.8943020287025323,-0.07677095271044365,3.2769354029424353
0.3531459835861726,-2.658310702178608,1.8931038423848814,-0.06200525158237902,3.264092921255999
0.35563292713255407,-2.6246567284418174,1.8919211277662225,-0.06160539664511333,3.236044455927471
0.3581198706789356,-2.600600754961868,1.8859655639828643,-0.07078298761012469,3.2132539001100517
0.3606068142253171,-2.590931295019361,1.8704488298569926,-0.0655960108945699,3.1962175516177513
0.36309375777169856,-2.5764948448592646,1.8693130238171949,-0.04125606618375599,3.1834507895671815
0.36558070131808007,-2.5525031102516182,1.8729814207330613,-0.031281979712312946,3.166119090070704
0.3680676448644616,-2.542898216450687,1.8479352785544814,-0.03567375445947718,3.1436394115279103
0.37055458841084304,-2.5381034650291348,1.8372703080368846,-0.020912570149034693,3.1333638026212483
0.37304153195722456,-2.518965350477839,1.836198186411814,-0.001363639694586638,3.1171801481793113
0.3755284755036061,-2.5094259967275847,1.8207769773075009,-0.005757385957304351,3.10040010025131
0.37801541904998753,-2.490331897381723,1.80058356727102,-0.01972860190213943,3.073148769515771
0.38050236259636905,-2.4808367721597713,1.79477164916545,-0.014546870519644983,3.0620202439223188
0.38298930614275056,-2.4809407270519723,1.784187688965484,-0.014154211310303921,3.0559111476446725
0.385476249689132,-2.4810670609582393,1.773620168920238,-0.023339030479794687,3.0499126175869935
0.38796319323551354,-2.466850669006807,1.7487039576691945,-0.03731292757957583,3.024022157543128
0.39045013678189505,-2.447868462474455,1.728592746764411,-0.03692229218652976,2.996907764580667
0.3929370803282765,-2.443274158823936,1.7228634207864808,-0.0317439337857266,2.9897917417761892
0.395424023874658,-2.433914248499235,1.7027856374214534,-0.031354661848505216,2.9705892699725447
0.39791096742103954,-2.424577238088024,1.6875130872252528,-0.030966075871489807,2.9541892459464973
0.400397910967421,-2.4152632303982005,1.677045847138119,-0.030578178657798105,2.940563597429376
0.4028848545138025,-2.396395521135998,1.6665955904443623,-0.034979376316995214,2.919156712575875
0.40537179806018403,-2.377551018826305,1.6561623934118224,-0.053746478265052744,2.8980185307205115
0.4078587416065655,-2.358729824889243,1.636169525329773,-0.04378385738056245,2.870988353965758
0.410345685152947,-2.339932040279262,1.6257706750702754,-0.03382193633281183,2.8494834908139453
0.4128326286993285,-2.3259461688039393,1.6153891112432945,-0.04301433113643505,2.8322001683461995
0.41531957224571003,-2.316772310481853,1.6146017153986978,-0.03305381794823248,2.824086612139365
0.4178065157920915,-2.3028337582207854,1.599466545501705,-0.02788241607495756,2.803946143795669
0.420293459338473,-2.293707417738127,1.5939256923770984,-0.03707693484826713,2.793397130753961
0.4227804028848545,-2.2798165809969255,1.574037213301879,-0.04148376366375395,2.770717902366707
0.425267346431236,-2.275526556087252,1.5637431984104373,-0.03152609854339872,2.761214912483739
0.4277542899776175,-2.25689542406072,1.5534669142481685,-0.02156915209647714,2.7399455536802377
0.430241233523999,-2.223923282093134,1.5432084336532272,-0.01640133027732027,2.706953275911723
0.43272817707038047,-2.224494260084658,1.532967829114854,-0.01602263570561213,2.7015961584044446
0.435215120616762,-2.2250896310100003,1.5275335760926503,-0.020433070986644708,2.6990369027689423
0.4377020641631435,-2.2017674740029873,1.5221173430546135,-0.020055832070658752,2.676756143544865
0.44018900770952496,-2.183258304238023,1.507142394796433,-0.024467728174686343,2.653053653987994
0.4426759512559065,-2.169562216483445,1.501762415682675,-0.028880358540327222,2.6387733209692414
0.445162894802288,-2.1511024983814537,1.4916122664817237,-0.02850532239464343,2.6178162016204456
0.44764983834866945,-2.142244453688997,1.4958456308491774,-0.02334262227043915,2.6129122313438513
0.45013678189505096,-2.12383456243273,1.4857321588815628,-0.02775747064685241,2.592073257779457
0.4526237254414325,-2.1102381273921194,1.4612719202403757,-0.03217306338682313,2.5669935109364976
0.45511066898781394,-10.34708575847318,5.277129657080818,-0.022224193018315574,11.615109772429863
0.45759761253419545,-10.24734844594942,5.49212667858209,-0.2804266579139494,11.629713871663565
0.46008455608057697,-9.913004699132498,5.5730670572355665,-0.509899454673814,11.383617001785677
0.4625714996269584,-9.387150238753817,5.529527667906349,-0.6914889724613573,10.916612241630336
0.46505844317333994,-8.708092381728896,5.385450595058914,-0.8251952137064844,10.272044498602474
0.46754538671972146,-7.9045616378360135,5.155201116154701,-0.9205949874648809,9.481861018033163
0.4700323302661029,-7.000500113035227,4.848356104971496,-0.9681114894961365,8.570344135990982
0.47251927381248443,-6.058157139350005,4.469704031602555,-0.9773215288261916,7.59175074840374
0.47500621735886595,-5.077532805139719,4.043186979057367,-0.9434367045051264,6.558869807390336
0.4774931609052474,-4.092146021504587,3.5975354332998055,-0.885610632169648,5.520165436558524
0.4799801044516289,-3.1450925056830155,3.1375378633254067,-0.8086317174805266,4.515488452827616
0.48246704799801043,-2.2507375544881056,2.6679827377621503,-0.7124999627632231,3.562528263062275
0.48495399154439195,-1.4330232708690593,2.212812138150888,-0.6020037736484749,2.704163788879506
0.4874409350907734,-0.7015265473084775,1.776814532381998,-0.47714315243164407,1.968978152995817
0.4899278786371549,-0.07061267910258451,1.3552015813352185,-0.3379181013929813,1.3984799318376215
0.49241482218353644,0.4453530389600544,0.9862805754023354,-0.19390542943825295,1.099403482936338
0.4949017657299179,0.8463705225605043,0.6604747714004728,-0.06425875209872522,1.0754994989943665
0.4973887092762994,1.1420164945302214,0.3777842324150167,0.051021928390792226,1.2039625564016572
0.4998756528226809,1.3179256616097654,0.14778582779892546,0.1663018197716024,1.3365721064301386
0.5023625963690624,1.3884631509732404,-0.029520380109256505,0.24327369327677495,1.4099232121973369
0.5048495399154439,1.3679940903073922,-0.15413432934557392,0.28672595003745727,1.4061923741165863
0.5073364834618254,1.2613068011719024,-0.23084436164161715,0.33017741112192667,1.324085000594524
0.5098234270082069,1.073189605640945,-0.269227222425265,0.36405126773093954,1.1647972151782875
0.5123103705545884,0.8275844395853553,-0.25491764089950264,0.36440550111964143,0.9395053898364987
0.5147973141009698,0.543644836071953,-0.20228076656654315,0.3599705290819486,0.682675617052482
0.5172842576473514,0.2022171021222432,-0.12568174930662956,0.3363811395443115,0.41211640290168233
0.5197712011937329,-0.16318001820078543,-0.01554372277713556,0.3032141370501211,0.3446855647758269
0.5222581447401143,-0.5238161836355542,0.10897975906334256,0.2508927128769116,0.5909375055780072
0.5247450882864959,-0.8844798756429353,0.24788875515746955,0.198570478239521,0.9397785484778498
0.5272320318328774,-1.2355943652023054,0.40597172738760046,0.14624743108697302,1.3087760655884944
0.5297189753792588,-1.577159729412302,0.5592867173329723,0.09871197270406107,1.6762990478491915
0.5322059189256404,-1.8852340282478426,0.7126221861128423,0.04638729443012046,2.0159587055513764
0.5346928624720219,-2.1550289344421607,0.8659781911437019,-0.005938202419084604,2.3225208713954335
0.5371798060184033,-2.3817561202047948,1.009777982818374,-0.02474569659039716,2.587088351838314
0.5396667495647849,-2.5702040638614663,1.1392332144663753,-0.04355401329951292,2.8117073458857487
0.5421536931111663,-2.706007629931473,1.2543439423533482,-0.07672836446532116,2.983578934916824
0.5446406366575478,-2.8035321023300934,1.350321819039877,-0.10032673542865389,3.1133947256350787
0.5471275802039294,-2.8579891511647615,1.4271669000215728,-0.11434912811632003,3.1965580038212384
0.5496145237503108,-2.86937884933594,1.494456047048846,-0.1331607544004747,3.237972458822003
0.5521014672966923,-2.8329128658958247,1.5378241048841987,-0.15197321285642396,3.226979104479433
0.5545884108430739,-2.7725332892898713,1.5716363378251492,-0.1468444887625875,3.190383193673278
0.5570753543894553,-2.693028594153029,1.5815275898599788,-0.13692819726458438,3.1260809102805194
0.5595622979358368,-2.5800336413091083,1.5818631245109882,-0.1126475335704793,3.028457363377255
0.5620492414822184,-2.443125307652985,1.5630661883105808,-0.08836770947424988,2.9016970948071035
0.5645361850285998,-2.2918804695484294,1.5251368340429783,-0.06887713011357022,2.7538159902769195
0.5670231285749813,-2.140664406147844,1.492017130704699,-0.06375260393075166,2.6101003069944526
0.5695100721213628,-1.9703235728291846,1.4397651136994216,-0.029898502828970663,2.4404902140233395
0.5719970156677443,-1.8143768609610367,1.3827460446031699,-0.010410458461322492,2.2812405386328534
0.5744839592141259,-1.6584591281755015,1.3305367812810727,-0.010076875902667481,2.1262446589229564
0.5769709027605073,-1.5121472481723883,1.2544069546447747,0.014197872990981963,1.9647716629710366
0.5794578463068888,-1.380229690796768,1.1878754383785606,0.01931815661374081,1.8211137382478206
0.5819447898532704,-1.2483413120775941,1.1357306858530491,0.0004955699379642908,1.6876730926981711
0.5844317333996518,-1.1452125973912723,1.059665520163871,0.015190951115846119,1.5603312702255363
0.5869186769460333,-1.0612668050158456,1.002775620459391,0.029885475229400882,1.46039012529048
0.5894056204924149,-0.991715596013391,0.9459074223309993,0.025425527337368692,1.3707250389620285
0.5918925640387963,-0.9317706309092595,0.8890609742580655,0.020964719076770777,1.288047143554811
0.5943795075851778,-0.8910087796525714,0.8418131309669505,0.021291452139486466,1.2259687266894506
0.5968664511315593,-0.8694301050142638,0.8041639401494467,0.021617321592568572,1.1845065043023755
0.5993533946779408,-0.8622462659069954,0.7713250457827601,0.021942325839185983,1.157105187519945
0.6018403382243223,-0.8694573240253948,0.7480848980901347,0.027054866618627216,1.1473094695241033
0.6043272817707038,-0.8862749372050657,0.7200783336186791,0.022589732404759033,1.1421498880948224
0.6068142253170853,-0.9222759727034758,0.7016706084422017,0.013335324968517526,1.1589272813553955
0.6093011688634667,-0.9583068773168262,0.6880733649578019,0.013656852737295111,1.1798235191348607
0.6117881124098483,-0.9943677105828305,0.6792866484871656,0.009189104232447676,1.2042765190350846
0.6142750559562298,-1.0400353381397913,0.6848873105966173,-0.004856325368201908,1.2452982440732416
0.6167619995026112,-1.0857330118044253,0.6857217825343713,0.00025098237119003386,1.2841458635825505
0.6192489430489928,-1.1314607894934559,0.6865785117537304,0.0005690093788714989,1.3234779540040684
0.6217358865953743,-1.1772187285827214,0.7066111552722338,-0.00869064911980999,1.373032697011693
0.6242228301417557,-1.2230068859069212,0.7123009331870629,-0.022739591243034596,1.415498340304504
0.6267097736881373,-1.2544601077984383,0.7180130984013957,-0.03678941509313027,1.44587912101826
0.6291967172345188,-1.2859436599699254,0.7285360967804615,-0.03647491211594911,1.4784269884383276
0.6316836607809002,-1.3126691943109692,0.7342931638310399,-0.036161293663363736,1.5045246768668885
0.6341706043272818,-1.339425168809767,0.7544379545840971,-0.035848561110460864,1.53770007787338
0.6366575478736632,-1.3470580243107566,0.755451687149306,-0.030748312496172048,1.5447388229723802
0.6391444914200447,-1.3451446210378841,0.7564880157617639,-0.020860549163879583,1.54341288449
0.6416314349664263,-1.348050221992884,0.7623353842974729,-0.0013968691208159356,1.5486757538007692
0.6441183785128077,-1.346198073033265,0.7729938329138277,-0.0010876936005370652,1.5523433578427985
0.6466053220591892,-1.330011419473742,0.7740981914088665,-0.010356217258260969,1.5389170338614542
0.6490922656055708,-1.3042787160470617,0.7608600958227159,-0.00526042477241262,1.509992955817182
0.6515792091519522,-1.283365223583587,0.7667984083593602,0.004622875952234651,1.4950008251329723
0.6540661526983337,-9.776263692604962,6.37040303574592,-0.09083959269981356,11.669002461941155
0.6565530962447153,-9.391493313519355,6.4960971362638205,-0.25812900871884814,11.422173840683564
0.6590400397910967,-8.77691053205108,6.430278013303397,-0.39668890359494746,10.887607446185669
0.6615269833374782,-7.9995530433811775,6.2064645274732175,-0.5065192785289412,10.137534838617023
0.6640139268838597,-7.112093332186454,5.853387135662514,-0.5971969413464571,9.230420180708135
0.6665008704302412,-6.124108252717574,5.375834277759889,-0.6639334898963618,8.175885502619739
0.6689878139766227,-5.097847095205319,4.8216900231376645,-0.7067289253320332,7.052390052969247
0.6714747575230042,-4.057251922774653,4.210108020847159,-0.7207948454707207,5.891166940540503
0.6739617010693857,-3.040630007968182,3.560241919540551,-0.7109196547545107,4.735626687834108
0.6764486446157671,-2.0862886227852524,2.9151873840724374,-0.6771033542893896,3.648203209006898
0.6789355881621487,-1.1990162154398136,2.270156045695149,-0.619345945165561,2.6409918130291263
0.6814225317085302,-0.41233165352454393,1.6538783585040733,-0.5615894450590169,1.7946347043418354
0.6839094752549116,0.25939980919220085,1.0902963728751807,-0.47510343510654884,1.21727470842196
0.6863964188012932,0.816178129445984,0.5746217188634992,-0.3694647229916761,1.0643500553440601
0.6888833623476747,1.2484264578746238,0.12121963940627478,-0.2686153263431166,1.282738093004798
0.6913703058940561,1.5800867689008902,-0.2603330262785315,-0.17255524617229057,1.610659118127909
0.6938572494404377,1.792005407607375,-0.5748246493328104,-0.07649608015455733,1.8834963256278667
0.6963441929868192,1.884182332900416,-0.8126783913363551,0.01956217073011146,2.052065279147516
0.6988311365332006,1.885347924150563,-0.9882594308692791,0.11561950551745426,2.131797684551001
0.7013180800795822,1.7955021413486636,-1.0967793336291132,0.17815710001671015,2.1115143377561805
0.7038050236259636,1.6337985583088055,-1.1526032789932033,0.235905373216875,2.013316515849013
0.7062919671723452,1.4241791527071725,-1.136577623495162,0.2888643242007465,1.8448678952791129
0.7087789107187267,1.161855482839714,-1.0726443539497619,0.313091935465204,1.6119865486778588
0.7112658542651081,0.8707695274655509,-0.9751686509293389,0.3373186260462351,1.3501767747949323
0.7137527978114897,0.5604980559240387,-0.8489388887636784,0.37112120171420315,1.0828602190087742
0.7162397413578712,0.23582943477516227,-0.6987434421805123,0.37619243505197275,0.8278759982551591
0.7187266849042526,-0.06971754895867194,-0.5245822829849833,0.3668975351814616,0.6439416973428369
0.7212136284506342,-0.3609313342771443,-0.3503973999814116,0.3528133079198579,0.6144322551934961
0.7237005719970157,-0.6426003596398155,-0.17140036244969226,0.32915134913900523,0.7420605885621022
0.7261875155433971,-0.8859942397243479,0.007620453292465967,0.2815464480856651,0.9296839605816387
0.7286744590897787,-1.1006898152313804,0.18187667053028234,0.2243638139440236,1.1379526851520583
0.7311614026361601,-1.277110313041122,0.34657991215211537,0.17196865591380295,1.3344293183980038
0.7336483461825416,-1.4200441694559414,0.492153397329429,0.12436097324930095,1.5080471018427197
0.7361352897289232,-1.5199146102787575,0.6042319415169426,0.06238715193906863,1.6368044533221522
0.7386222332753046,-1.5815100707352978,0.7019691830153771,0.014777611190270434,1.7303621631129518
0.7411091768216861,-1.6048305821932414,0.7805767431279844,-0.03283285965728666,1.7848975449947442
0.7435961203680677,-1.5994529821235064,0.8352662427623119,-0.0804442612874059,1.806208962854554
0.7460830639144491,-1.5749541074600368,0.8756145123914099,-0.10411457776689126,1.804998908647666
0.7485700074608306,-1.5217571813189528,0.8968331721322418,-0.12299742302995575,1.7706448044722558
0.7510569510072121,-1.4398622329208468,0.88934543838656,-0.14188120103448476,1.6983135263483529
0.7535438945535936,-1.3484229042318383,0.8675165437630761,-0.15597750908234786,1.610949491976453
0.7560308380999751,-1.2474392234015155,0.8457117204761913,-0.1700747511007048,1.5166602622846497
0.7585177816463566,-1.1225460080837046,0.8095657804244194,-0.16501931439980844,1.3938212465104134
0.7610047251927381,-1.012050511921309,0.7495019384328883,-0.15038800619646864,1.2683122434174439
0.7634916687391196,-0.9015875514999144,0.689462232175531,-0.15012284365314343,1.1448821558582276
0.7659786122855011,-0.805522362793591,0.6438118922926028,-0.14507021403419884,1.0413478749283929
0.7684655558318826,-0.6951245513607079,0.5933973257894571,-0.12086490790906268,0.9219147759540308
0.770952499378264,-0.5943361587506972,0.5334301492400133,-0.0966605390741222,0.8044417030033045
0.7734394429246456,-0.5175224193405175,0.47348718878711127,-0.06288030138866674,0.7042538638646674
0.7759263864710271,-0.44074134041331503,0.418356866861624,-0.02431259865775104,0.6081665065202893
0.7784133300174085,-0.3735697519636613,0.37282760550314054,-0.00011104463220235061,0.5277829055002702
0.7809002735637901,-0.32558448345592517,0.32732261639940896,0.004935956913234563,0.4617030590590293
0.7833872171101716,-0.30157396050453195,0.2770535141679744,0.019558825461126972,0.40998542781497954
0.785874160656553,-0.2775961882729856,0.2363855263175103,0.03896915726695127,0.3666829093565633
0.7883611042029346,-0.2632279946385244,0.2101070733263506,0.053590145280942636,0.34103645420162354
0.790848047749316,-0.2536809969896034,0.17906455868196547,0.06342178910901097,0.3169234730079078
0.7933349912956975,-0.25853202214838594,0.16241161204544108,0.073252491692406,0.3139781294015212
0.7958219348420791,-0.268204283129186,0.15057144276754197,0.08308225266705271,0.31860313490951675
0.7983088783884605,-0.27312099242035665,0.13396725981101465,0.0976994750041662,0.31951133096972023
0.800795821934842,-0.30201258854744284,0.12696428835260276,0.10273894840866404,0.34334650963440416
0.8032827654812236,-0.32136026634727993,0.12956254322099836,0.09341226924099288,0.3588658878152666
0.805769709027605,-0.34074085001554266,0.12739682889730597,0.0888730504780586,0.3744765653331054
0.8082566525739865,-0.36015435658399203,0.1204671594373874,0.10348650179131447,0.39361523487073763
0.8107435961203681,-0.37960080256179496,0.13271556511296545,0.10852220298423987,0.4165180177007534
0.8132305396667495,-0.4038686072565442,0.14498844592773352,0.09440334715637277,0.4393671509503262
0.815717483213131,-0.42816938281403694,0.15249741146160423,0.08028354734391208,0.4615516535079961
0.8182044267595125,-0.43813793421900343,0.16481928087120856,0.06616280331656199,0.4727660745985314
0.820691370305894,-0.4481394858583456,0.1771656629685321,0.05204111485876872,0.48469056990641507
0.8231783138522755,-0.4581740516390738,0.18953656950268494,0.028341675129039956,0.496639530568531
0.825665257398657,-0.45866483830938,0.19714360851980173,0.01900650054275843,0.4996001234431997
0.8281522009450385,-0.46397706870159555,0.20477519432451308,0.00967038096744055,0.5072485749212339
0.8306391444914201,-0.4645339485298482,0.19806612755861153,-0.00924349039446426,0.5050815996821388
0.8331260880378015,-0.45554708631272833,0.18659322508441312,-0.009004693763420946,0.4923629393091968
0.835613031584183,-0.45138170333502947,0.1942985133446924,-0.013555245868777988,0.4916107190492831
0.8380999751305646,-0.43767260044543543,0.18766317855855874,-0.018106743503480516,0.47655285953152365
0.840586918676946,-0.4192081912604708,0.1906292464095305,-0.017870783445976812,0.4608626499376077
0.8430738622233275,-0.410353695524705,0.1888315156398641,-0.008058962460248509,0.4517880516409949
0.845560805769709,-0.4015323158694124,0.167904784613639,0.006540316063539109,0.43527346934750927
0.8480477493160905,-0.3783788510946775,0.16136788452047934,0.006773438788680863,0.4114073754605852
0.850534692862472,-0.35525851941244047,0.15485561296990502,-0.007359594325903274,0.3876119710639059
0.8530216364088535,-0.3321713285645654,0.1483679771560058,-0.021493573346008432,0.3644349350170669
0.855508579955235,-0.3139056891049736,0.13711658057680864,-0.006898078362194582,0.3426154138485829
0.8579955235016165,-0.305250011080222,0.13067823631615427,0.0172732773461437,0.33249471698277117
0.860482467047998,-0.28226228410853577,0.11947614380214144,0.007924863912274205,0.306609441204973
0.8629694105943795,-0.2545193205447876,0.09393350208902129,0.008152311249309818,0.271422267922133
0.8654563541407609,-0.24596314220016374,0.08278073642033235,0.027532426042345293,0.2609761524106134
0.8679432976871425,-0.2278633338587317,0.08122944842488078,0.03254638510780872,0.24408848680798526
0.870430241233524,-0.20979670636431913,0.06533762607833138,0.03277099515904247,0.22216570731456772
0.8729171847799054,-0.2013400700589641,0.04468208022731357,0.0377830629234559,0.2096708657602827
0.875404128326287,-0.19291662150263272,0.043204831308850444,0.03800578186124781,0.20131547321381194
0.8778910718726685,-0.18931476671637648,0.04654067282760055,0.03343915208724724,0.1977986147990826
0.8803780154190499,-0.19053450790206694,0.035535994598739684,0.03844838369119152,0.19759677077844554
0.8828649589654315,-0.18221063680276117,0.03413281595177997,0.0386682668548719,0.18937000858220768
0.885351902511813,-0.16434315462557886,0.027965929285963753,0.04367560837555118,0.17233201803521295
0.8878388460581944,-0.16087407868333825,0.021823739914722307,0.05347040842372586,0.17092638588900896
0.890325789604576,-0.1813802158330764,0.020494652785146616,0.05368745722278767,0.19026601522995573
0.8928127331509574,-0.1684007259536412,0.014401862517772646,0.049115158291176186,0.17600715019470511
0.8952996766973389,-0.16024283483735507,0.003545370008875892,0.0349651085204723,0.1640514997769301
0.8977866202437205,-0.15690654122231273,-0.007286420889104139,0.030390921417540184,0.159988633072258
0.9002735637901019,-0.1392382300746886,-0.008516703366819645,0.035392597221671096,0.14391822292074674
0.9027605073364834,-0.12160310911324063,-0.01451068757913454,0.03560492622487743,0.12753661031839023
0.905247450882865,-0.11836638556819773,-0.015691567441245002,0.031027908693719297,0.12336757126225745
0.9077343944292464,-0.11516284626046935,-0.02163615051072565,0.03602675486926543,0.12259091007960343
0.9102213379756279,-0.1072040841652388,-0.03234443806488052,0.04102465840456482,0.11925561174490586
0.9127082815220094,-0.10406690173337751,-0.04302802842027775,0.04602161960679041,0.12165245882164814
0.9151952250683909,-0.09138608433005552,-0.04889852025227981,0.04622923547626101,0.11348843070887106
0.9176821686147724,-0.06916162679836452,-0.05474431923487311,0.04643590966734834,0.09968231947803023
0.9201691121611539,-0.06612394342137695,-0.0701422347195586,0.05143004584780897,0.10925821983244485
0.9226560557075354,-0.07269622143891635,-0.05678504321110989,0.04205803109718076,0.10138125923342539
0.9251429992539169,-0.06493643765026008,-0.04819157137457797,0.027896672430179237,0.08554176067239837
0.9276299428002984,-0.05720979493873429,-0.05872703294853299,0.028099583515404092,0.08666840040989147
0.9301168863466799,-0.04472788242912573,-0.06923781878330537,0.033089958112809015,0.08882231895402745
0.9326038298930613,-0.03227909541072799,-0.07972393336359218,0.03329098999553892,0.09222871335099737
0.9350907734394429,-0.029440232018210055,-0.08539697820605685,0.03349108291081393,0.09633807026586531
0.9375777169858244,-0.026634476631240966,-0.09104536181942668,0.028901833978340008,0.09916637162648419
0.9400646605322058,-0.014285013156937754,-0.10624589638332926,0.014734840330888233,0.10820983143304398
0.9425516040785874,-0.011545444952943185,-0.11184497450525299,0.010143715715816626,0.11289592813633909
0.9450385476249689,-0.013627358305202453,-0.11263100574312324,0.01991686393252401,0.11518736830917053
0.9475254911713503,0.0034112742505008065,-0.11339240000287143,0.03447747883241803,0.11856715277454866
0.9500124347177319,0.0204168507632585,-0.10934076089694145,0.049037157600112735,0.12156024273630578
0.9524993782641133,0.02302417306891913,-0.11962970898559311,0.044442287472136854,0.12967843588369382
0.9549863218104948,0.025598463390407944,-0.1251056386119611,0.035058078940032544,0.13242269835425582
0.9574732653568764,0.03292813777397319,-0.12098015442459609,0.0400381458284258,0.13161881758790864
0.9599602089032578,0.04501320940823739,-0.13119528133750125,0.04501727873249095,0.14582505357768505
0.9624471524496394,0.057065288622928256,-0.13180901140423718,0.030841864939777253,0.14690569521275848
0.9649340959960209,0.06429598620791366,-0.1276097569420167,0.021453921633307615,0.14449392604084405
0.9674210395424023,0.06191691341191963,-0.1425395438901531,0.026430256047783374,0.15763814314316008
0.9699079830887839,0.07387010186310716,-0.1430795586841529,0.03140565882890556,0.16405751268684832
0.9723949266351654,0.10494397036465086,-0.14359502130165414,0.03159172727552573,0.18063998530439052
0.9748818701815468,0.11204290497156033,-0.15366274873806596,0.03177686533960333,0.1928098080363532
0.9773688137279284,0.10953213203623147,-0.16370594504469294,0.03196107366521517,0.19954557028711956
0.9798557572743098,0.11656528168369151,-0.16893621792935676,0.022567546268197347,0.20648536211276744
0.9823427008206913,0.11398875792745555,-0.17414198207575415,0.01796149377829437,0.20890543821036361
0.9848296443670729,0.11616778847287745,-0.17932324918156617,0.03729653015785317,0.21689355439369082
0.9873165879134543,0.12310239151267732,-0.18448003127781476,0.05663063949866576,0.22889759733652043
0.9898035314598358,0.1300041823662168,-0.19918914736851923,0.05202180590473304,0.24348238571136094
0.9922904750062174,0.14166158343907587,-0.21387380350785312,0.042623643375032216,0.2600515007146545
0.9947774185525988,0.14370940429981283,-0.22374560940073085,0.0332245559597375,0.2679894806312987
0.9972643620989803,0.14093606824108873,-0.23359298172214205,0.023824544400776304,0.273854460173652
0.9997513056453619,0.15249520895797442,-0.22905072419428674,0.019212012772431564,0.27584075921413714
1.0022382491917432,0.15923323402312806,-0.22448406078871352,0.014598558520338756,0.27561101987498043
1.0047251927381249,0.16115016472914656,-0.22946981248313003,0.024349392383321344,0.28145810228648754
1.0072121362845063,-11.209423459615959,8.327233949419279,0.034099305190220974,13.964066825533457
1.0096990798308878,-11.049554535791733,8.992673401337749,-0.13332262510889592,14.247056020979528
1.0121860233772693,-10.51143437420576,9.33731417737586,-0.2624382482865357,14.062167773299477
1.0146729669236507,-9.65252379166851,9.361156261900703,-0.37240117679875695,13.451436530903697
1.0171599104700322,-8.515918394597907,9.08814165555951,-0.4632114098086717,12.463135627326851
1.0196468540164139,-7.18302101554432,8.547000761999493,-0.5348689464677161,11.177347526370768
1.0221337975627953,-5.730446083308449,7.795194404470112,-0.5825853825954255,9.69239257589173
1.0246207411091768,-4.210866009663401,6.8566645826609305,-0.6111491206403432,8.069618640190802
1.0271076846555582,-2.672164802634855,5.745776489302935,-0.6014065464379552,6.365226000038441
1.0295946282019397,-1.1957452930669614,4.5391445599753215,-0.5629344657341395,4.727635281507736
1.0320815717483214,0.19445052846302657,3.2990180199809864,-0.5148864909039705,3.344613430980361
1.0345685152947028,1.4457502518769672,2.0397620611060265,-0.4812046376314836,2.5460520340338424
1.0370554588410843,2.5294234841188974,0.7948954881040664,-0.43794688838622164,2.687310826098752
1.0395424023874658,3.426316639191498,-0.3829092813015582,-0.3803248389077325,3.4685605390129184
1.0420293459338472,4.117276131514531,-1.4553450396594805,-0.30833848824460475,4.377792200519993
1.0445162894802287,4.626244005805999,-2.427200209710904,-0.23156464207489513,5.229441331799781
1.0470032330266104,4.924489870674628,-3.2697443912640733,-0.1547917027451664,5.913187747891879
1.0494901765729918,5.012013755063151,-3.954247184433905,-0.08280807259098921,6.384607259137552
1.0519771201193733,4.931911318208319,-4.466343399603918,-0.0012485406555438061,6.653718822787042
1.0544640636657547,4.703336203154639,-4.810821460743807,0.06115647414611658,6.728232656603684
1.0569510072121362,4.335865246713899,-4.997258195448101,0.11398377947238991,6.617046864849712
1.0594379507585177,3.8582288993854967,-5.0352304316146235,0.16681018299256323,6.345652163226521
1.0619248943048993,3.299157612073598,-4.934314997443374,0.2052704757852073,5.93919535051061
1.0644118378512808,2.71611225600773,-4.699300318115206,0.24372986886154102,5.43323968880891
1.0668987813976623,2.099516056334515,-4.339763222431161,0.2821883632826072,4.829196907348535
1.0693857249440437,1.463734255202242,-3.8892225560925993,0.28712713687795954,4.165454603450102
1.0718726684904252,0.8566509184004998,-3.3620435518177265,0.27769980401121863,3.4805609923492855
1.0743596120368066,0.30220809551381,-2.786956652581874,0.2634831724159987,2.81564921439281
1.0768465555831883,-0.19480577675884525,-2.192692301656014,0.24447724319582242,2.214862962542106
1.0793334991295698,-0.6391790679651022,-1.5840389260040668,0.2350472274256461,1.7242321186955478
1.0818204426759512,-0.99739292069802,-0.9753617595234507,0.22561631958930484,1.413161676477335
1.0843073862223327,-1.2598704937613254,-0.40496805300542915,0.22097292414195913,1.3416787313694967
1.0867943297687142,-1.4553421721321445,0.12235376571005974,0.21154023558817414,1.4757169624431512
1.0892812733150956,-1.5550775005563038,0.5874500585323714,0.18295304512249722,1.6723741868151765
1.0917682168614773,-1.5686532499561856,0.9951092036838074,0.14957656387158735,1.8636760701135688
1.0942551604078588,-1.5200114008307677,1.3213891591773317,0.11619919633167264,2.017425642217084
1.0967421039542402,-1.404363513374423,1.5854435126224198,0.07803254036849516,2.1194237629059063
1.0992290475006217,-1.2312863573613442,1.7729070281012191,0.035076597178193225,2.1588181469925773
1.1017159910470031,-1.0247219121471671,1.8598376627712812,-0.003091825392443681,2.1234548943835247
1.1042029345933846,-0.7942469467487168,1.8797542133511014,-0.04126112944757665,2.041079762242075
1.1066898781397663,-0.5446498264862838,1.8422334596759908,-0.06506610380018785,1.9221605425419195
1.1091768216861477,-0.27593051298512483,1.7281217613789033,-0.08408355385493671,1.7520309683839592
1.1116637652325292,-0.0024541774586868126,1.5422074944151603,-0.08873667172539434,1.544760232439386
1.1141507087789106,0.2470487992902083,1.3275862610243863,-0.0694486495153619,1.352161789362113
1.116637652325292,0.4821552633908065,1.0746812266459282,-0.054949905881400696,1.1791662007863988
1.1191245958716736,0.6932884480591623,0.7930691697246504,-0.04045203622821525,1.0541555612977795
1.1216115394180552,0.8804483935183351,0.4923268684308959,-0.04032024923213662,1.0095547739108222
1.1240984829644367,1.0340583337154805,0.18203110066168193,-0.030612526997432,1.0504042488221894
1.1265854265108182,1.1493299062811257,-0.11387614599716755,-0.020905674861037227,1.1551467687444505
1.1290723700571996,1.221474749207191,-0.40018330415262726,-0.01598809483011543,1.285458229212284
1.131559313603581,1.2600697108062546,-0.6673135967204611,-0.006282978941483108,1.4258760774638641
1.1340462571499625,1.2746916397489425,-0.9009018435646561,0.0034212708164691463,1.5609210784911722
1.1365332006963442,1.265340578421629,-1.115313284738309,0.01791305910527008,1.6868110090346955
1.1390201442427257,1.2272281662450546,-1.2818175306779098,0.01325037067384116,1.7746325609267424
1.1415070877891071,1.1651428496335918,-1.4147798219675598,0.0277404334443645,1.8330110027892708
1.1439940313354886,1.0838730753529238,-1.5094117861737926,0.047018038824726105,1.8588478904123078
1.14648097488187,0.9882072905183539,-1.5657134544458935,0.051929574911602217,1.8522173066940657
1.1489679184282517,0.8877223459134096,-1.583684858194361,0.052051849732585254,1.8162648729105246
1.1514548619746332,0.7776298827069452,-1.5633260290896929,0.06653847796487788,1.747319054082009
1.1539418055210147,0.6818719623341556,-1.5237906123423874,0.0762358477321321,1.671137070308614
1.1564287490673961,0.595660226651171,-1.4602902368188937,0.061990347166892334,1.578322363937284
1.1589156926137776,0.5094179145349875,-1.363248128321701,0.08126281753553322,1.4575855777742899
1.161402636160159,0.4183566685222183,-1.247029529509852,0.09574603370697687,1.3188147150138982
1.1638895797065407,0.3559953580496866,-1.1259996832962338,0.08628638384012,1.1840833255190903
1.1663765232529222,0.30796881968705336,-0.9905818162447928,0.07682588598534856,1.04019197522943
1.1688634667993036,0.2551234870178688,-0.8311991551707361,0.07694134824072663,0.8728688333614637
1.171350410345685,0.22140142384102013,-0.6813705570222215,0.07226756211132823,0.7200743204622132
1.1738373538920666,0.2163794843252279,-0.5554612657149867,0.06280452907167877,0.5994178073918575
1.176324297438448,0.22090410304638153,-0.43910610549048723,0.06770586388601352,0.4961823038221946
1.1788112409848297,0.22061011822799215,-0.3227283041568323,0.06302955144417055,0.3959736189745055
1.1812981845312112,0.2538048049425806,-0.22548150968909075,0.06314080320683502,0.34531949156283837
1.1837851280775926,0.2965461954224379,-0.15215416034522677,0.053674410721125554,0.3375966186088714
1.186272071623974,0.3344691288625701,-0.09316948466483632,0.02984197218303919,0.34848342046440456
1.1887590151703555,0.3819388647002018,-0.05331592138976404,0.025162312359263694,0.3864621919481694
1.191245958716737,0.4198018394489671,-0.027805102861281572,0.039635432782441526,0.4225845189801849
1.1937329022631187,0.46721171650184967,-0.016637064979758254,0.020588898469863892,0.4679609841727704
1.1962198458095001,0.5193801429653491,-0.024600247203399928,0.011118340853112585,0.5200812653542721
1.1987067893558816,0.5523651529780688,-0.06127149254696507,0.03037737477018254,0.5565826469818712
1.201193732902263,0.6044740241542517,-0.10270882101802714,0.035270371902949904,0.6141514039113811
1.2036806764486445,0.6565531945742045,-0.1441238661391151,0.025797333823978974,0.6726806735211772
1.206167619995026,0.6702954893450388,-0.19509347162612434,0.025900278715210945,0.6985902448109077
1.2086545635414077,0.6935849936457903,-0.2651944814261449,0.03079080484448582,0.7431933328902272
1.2111415070877891,0.7216333564365696,-0.33527331979424524,0.03089210716705537,0.7963147759353609
1.2136284506341706,0.7400754203396334,-0.4101184278157062,0.030992590606773618,0.8466813410589787
1.216115394180552,0.7536996415594648,-0.4801530368421827,0.035880660095100936,0.8943698956497229
1.2186023377269335,0.7577176699591359,-0.5501655884123253,0.04555631725074427,0.9374932640199782
1.221089281273315,0.7521295590194683,-0.6249445242895582,0.04565435373896243,0.9789478290520105
1.2235762248196966,0.7560889757981946,-0.6853362698592318,0.04096317451371334,1.0212905187919692
1.226063168366078,0.7504423610844286,-0.7361292673304676,0.041059587856654645,1.0520151735053165
1.2285501119124596,0.7256129626000108,-0.7725351524926776,0.05552040205678743,1.0613233477006885
1.231037055458841,0.7151196582399129,-0.804130771315843,0.06519200548852844,1.0780873900374677
1.2335239990052225,0.7093856963048291,-0.8213393567070346,0.07007439981476438,1.08753704603899
1.236010942551604,0.6988343253822016,-0.833737755071625,0.07016758670556733,1.0901429029206917
1.2384978860979856,0.6882540043053729,-0.8509028130307494,0.07504837447875445,1.0969783180072092
1.240984829644367,0.6728563855502332,-0.8393157475371984,0.055986344896709284,1.077182022897961
1.2434717731907485,0.6670067351553053,-0.8277070189209992,0.03692351625228696,1.063654191909222
1.24595871673713,0.6563398995168335,-0.8112882644818833,0.03701350352498878,1.0441938092265188
1.2484456602835114,0.6456443385901026,-0.7804827184098455,0.041891098459046816,1.0137873296801352
1.250932603829893,0.6492853192470328,-0.7592324383463671,0.032402689485234504,0.9995275161359831
1.2534195473762746,0.6481092853915632,-0.7379606588987344,0.02770189160364467,0.9825471870049992
1.255906490922656,0.6421162944812949,-0.7166674215215512,0.037365513180491305,0.9629754463557102
1.2583934344690375,0.6360948075647551,-0.680987557913884,0.03266313602619775,0.932430983343767
1.260880378015419,0.6396216892795982,-0.6548631265414002,0.027959971840642694,0.9158293399568471
1.2633673215618004,0.647908594569555,-0.6335057661506918,0.0280444256896768,0.9065878845845751
1.2658542651081819,0.6513787753232579,-0.5977619057289134,0.047281709286313145,0.8853525653180913
1.2683412086545636,0.659609096974001,-0.5715736043462138,0.05694140446724916,0.8746558577742918
1.270828152200945,0.6773880218963729,-0.5501525013497783,0.06660031963810731,0.8751902133399327
1.2733150957473265,0.6951388027638294,-0.5287102362843665,0.07147005324995348,0.8762764618380161
1.275802039293708,0.7080730958281378,-0.5168236588519632,0.07633901040081348,0.8799442299905996
1.2782889828400894,0.706614154276948,-0.5097044089885983,0.08120719287466471,0.8750410023201917
1.280775926386471,0.7147040547944861,-0.49777572350366617,0.07649779582109417,0.8743194322527459
1.2832628699328525,0.7323428577159903,-0.4954028560004984,0.06221082103649245,0.8863522083433358
1.285749813479234,0.7308002037056063,-0.4977974469922386,0.04313467364368151,0.885286301734356
1.2882367570256155,0.734018170199874,-0.5097479438224157,0.04799977537310873,0.8949467128553638
1.290723700571997,0.74199681828093,-0.5121007774214514,0.04328730479718068,0.9025964077766333
1.2932106441183784,0.7307941926746948,-0.5192212021490961,0.024208860416131017,0.8967925499974111
1.29569758766476,0.7339291781943762,-0.5454744725509459,0.01949486397829503,0.9146444601763777
1.2981845312111415,0.7370366266917834,-0.566918616794621,0.019568510675357587,0.9300551778059091
1.300671474757523,0.7353281968992678,-0.5883420831528539,0.02442980234543235,0.9420460600238212
1.3031584183039044,0.7383807577482233,-0.6097449167599689,0.02450193419175406,0.9579119749259839
1.305645361850286,0.7414059684454017,-0.6311271629309001,0.03415011802482226,0.9742538357105812
1.3081323053966674,0.7539806983929753,-0.6572772704801944,0.043797549059213736,1.0012085342937542
1.310619248943049,0.7617398006242242,-0.6738300751191404,0.04386742251509723,1.0179483507271956
1.3131061924894305,0.7551065317236052,-0.6903624293372643,0.039148143579121,1.0238743747344168
1.315593136035812,0.7628113750671193,-0.6972975725182207,0.04879332740436304,1.0346428791475741
1.3180800795821934,0.7657007810548839,-0.6994239541806624,0.05843776590714356,1.0387042535168471
1.3205670231285749,0.7589864102733794,-0.7206836372972472,0.0632930576498012,1.048547226973741
1.3230539666749563,0.7713987467748873,-0.7371346518089532,0.06335920452030841,1.0688488715533266
1.325540910221338,0.7742074349897428,-0.7439886411081447,0.05863620841192052,1.0753392280709686
1.3280278537677195,0.7769893461307731,-0.7364572487560217,0.06827768450436977,1.072727162631437
1.330514797314101,0.784532948308674,-0.7289057317625454,0.07313002142005764,1.0733794822014675
1.3330017408604824,0.7824730965692628,-0.7356993473038989,0.06361641442713939,1.0759018192486893
1.3354886844068639,0.7851750660947923,-0.7424729327992927,0.06367888204102456,1.0825067853711305
1.3379756279532453,0.7878505189990148,-0.7252845191909105,0.04937540957901376,1.0720000023955703
1.340462571499627,0.7857111176066245,-0.7272297840676005,0.03985961224618606,1.0713514399365298
1.3429495150460085,0.7835453310920721,-0.7339435653354465,0.03513149197128662,1.0741744107460485
1.34543645859239,0.805295242118381,-0.7262722977398992,0.02082584072699234,1.084622327395523
1.3479234021387714,0.8126536903900277,-0.728158046067592,0.02088467705330821,1.09135527226157
1.3504103456851528,0.8008323390573839,-0.7348124553403523,0.020942792932491017,1.0870696299590248
1.3528972892315343,0.8033500780352221,-0.7175051541342072,0.025788593632768197,1.0774275129445627
1.355384232777916,0.805841764235284,-0.704966611023393,0.030633677786408242,1.071119644978265
1.3578711763242974,0.8083074647285378,-0.7163504880946716,0.030689644030291063,1.0804910150390221
1.360358119870679,0.8107472467824353,-0.7037728011022808,0.03553330096679019,1.0741833499055204
1.3628450634170604,0.8131611778591068,-0.6911756157556872,0.03558784392154024,1.0678114663307596
1.3653320069634418,0.8203377289338727,-0.6929241912729722,0.04043008150588001,1.0745848109173415
1.3678189505098233,0.817911757891878,-0.6994417704185985,0.05484841901524895,1.0775930507258098
1.370305894056205,0.8298253493700394,-0.6963631927833562,0.06926605178850309,1.0855089095216608
1.3727928376025864,0.8417133616302441,-0.6980537180252484,0.08368298180942801,1.0967056204106351
1.3752797811489679,0.8344222497997413,-0.6997249926650673,0.09331080774575717,1.092969561864902
1.3777667246953493,0.8271056957521512,-0.6918002600460316,0.07420751498818312,1.0808321733859187
1.3802536682417308,0.8389173815431721,-0.6982215868949853,0.06946873541592069,1.0936734716823349
1.3827406117881123,0.8411269562056596,-0.718989023477349,0.06951766438885443,1.108725609877751
1.385227555334494,0.8385228921931402,-0.744525813556772,0.0408354806693616,1.1220993112313276
1.3877144988808754,0.8454704687764594,-0.7413131844328791,0.02172941282851859,1.124650042621692
1.3902014424272569,0.8428161421591762,-0.747658413346246,0.02177626951948497,1.1268568491364324
1.3926883859736383,0.8401367886398341,-0.7539847444692809,0.01703403615713661,1.1289875893499728
1.3951753295200198,0.8374324780476698,-0.7555038254283732,0.01707952140239044,1.127994191287039
1.3976622730664012,0.8394916837017616,-0.757004110622916,0.026701130599667167,1.1307141375607324
1.400149216612783,0.8415260724483054,-0.7680624579037021,0.026745252495576466,1.139649673532353
1.4026361601591644,0.843535714619766,-0.7647369020091328,0.04594230904356955,1.1395111789244807
1.4051231037055458,0.8407322773924679,-0.7661811076889302,0.0651386889976262,1.1393451192826918
1.4076100472519273,0.8474810413863758,-0.7723951265387856,0.06039237779503104,1.1482445672877972
1.4100969907983087,0.8542052707805003,-0.773802203639697,0.05564539407976099,1.1539206666271
1.4125839343446904,0.8609050365533066,-0.7704023908379334,0.06526294985867942,1.157124270938913
1.4150708778910719,0.8580036031996903,-0.7621957401031323,0.06051462725930712,1.1492495592547973
1.4175578214374533,0.8598662519713804,-0.7635475134879384,0.046188831654774276,1.15087279262417
1.4200447649838348,0.8569162476720507,-0.7600925532439322,0.05101598502312932,1.1465813428401437
1.4225317085302163,0.8587304685383468,-0.7614077183437691,0.06063087946293777,1.1492762221041564
1.4250186520765977,0.8653089863162506,-0.7627046579174079,0.06066830707604254,1.155057868893174
1.4275055956229794,0.8718634695796195,-0.7544066178914592,0.06549347988937981,1.1548006973559821
1.4299925391693609,0.8736055870487356,-0.7460904575894687,0.05595278669087378,1.1502036371735673
1.4324794827157423,0.8705354109088497,-0.7377562298087654,0.055988246154393906,1.142475750278897
1.4349664262621238,0.8770182234490429,-0.7437691974207512,0.0512346503943828,1.1510771358578271
1.4374533698085052,0.8834772904979653,-0.744975800166503,0.056057211450195155,1.1570062560828787
1.4399403133548867,0.8803358780236399,-0.7413760911789415,0.06087912476260904,1.1525346131632146
1.4424272569012684,0.8819592687332674,-0.7473353336612467,0.05133518245503055,1.157150618372897
1.4449142004476498,0.8835591321886584,-0.7580651776434011,0.0465789998959405,1.16512194935157
1.4474011439940313,0.8851355414060447,-0.7496236599809296,0.05139898249572816,1.161052287222661
1.4498880875404128,0.881900166213702,-0.7507412541583123,0.05142992238632971,1.1593124560616155
1.4523750310867942,0.87864148321114,-0.7518412072017906,0.056248628303984916,1.1577737106413315
1.4548619746331757,0.8753595658064175,-0.7529235728812305,0.056278295706377435,1.1559911429663516
1.4573489181795574,0.8768428908550252,-0.7539884050682328,0.05151892669447378,1.1575863553221788
1.4598358617259388,0.8783031286972054,-0.75024735441457,0.061124136653093686,1.156729717248998
1.4623228052723203,0.8845287564374624,-0.7512772816321744,0.07072871772743738,1.162674170338707
1.4648097488187017,0.8907314446615799,-0.7475014342496991,0.05639065542458077,1.1641910525053334
1.4672966923650832,0.8873344607551956,-0.748496673173761,0.05162877509783925,1.1620134445926198
1.4697836359114647,0.8791262821833192,-0.7494746494455042,0.056443078860755946,1.1566162247427656
1.4722705794578463,0.8804721931682902,-0.7456470142002858,0.04210314890738154,1.1545533456173853
1.4747575230042278,0.8865838647661777,-0.7465906286273634,0.027762600637224466,1.15939608331755
1.4772444665506093,0.8974613714666191,-0.7475171440467734,0.0277866461317533,1.1683282465222866
1.4797314100969907,0.8939511745895325,-0.7580034218299616,0.027810077552805623,1.172387005416483
1.4822183536433722,0.8952069621271499,-0.7541075001954183,0.03740970366596663,1.1710991046108261
1.4847052971897536,0.9108056155391737,-0.7549830473324373,0.04700871995771827,1.1839662540837594
1.4871922407361353,0.9168051931495009,-0.7558417149155021,0.05181872523696285,1.1893332756117962
1.4896791842825168,0.9084173666679531,-0.747106751384301,0.06141652827559696,1.177778671896112
1.4921661278288982,0.9047958245088723,-0.7431434218643584,0.0662253245662896,1.1727333128733353
1.4946530713752797,0.9155174485472377,-0.7391633782829965,0.07582192288492351,1.1791029057631668
1.4971400149216612,0.9118518941950828,-0.7447434826102914,0.07584111540774963,1.1797748118280698
1.4996269584680426,0.9177412534857354,-0.7598837902562812,0.0662829042738391,1.1933422838577354
1.5021139020144243,0.9236087953064951,-0.7606423401088,0.06630090490535956,1.1983429335231948
1.5046008455608058,0.9246661919594406,-0.7661728010166287,0.05195310284345389,1.201968157841755
1.5070877891071872,0.9209135191597371,-0.7716868253038998,0.042393113513826464,1.2022393448029303
1.5095747326535687,0.917139256033948,-0.7676076620501244,0.042409342382946136,1.1967307508867295
1.5120616761999501,0.9229202851183484,-0.7635121736905353,0.037636581637690014,1.1983944276964702
1.5145486197463316,0.9143146657947525,-0.7689772227336227,0.03765164006811794,1.195288635924522
1.5170355632927133,0.9152644907341332,-0.7744260584786709,0.032877713184618074,1.1993855727304177
1.5195225068390947,0.9161930294496452,-0.7702819302957926,0.02331480313972456,1.197199857750482
1.5220094503854762,0.9171003581777613,-0.7709101042262829,0.018539718728085575,1.1982149961248494
1.5244963939318577,0.9179865532359768,-0.7810990397392268,0.03291767206609997,1.205777174662824
1.5269833374782391,0.914063287700831,-0.786483583089669,0.04729505202937645,1.2067746029555304
1.5294702810246208,0.9149074446874952,-0.77748698391897,0.04730665081519625,1.201573785382891
1.5319572245710023,0.910942294105928,-0.7876281218161036,0.056894487184653286,1.2055749268040286
1.5344441681173837,0.9117447192217112,-0.8073302465508414,0.05211654669699328,1.2189244006353057
1.5369311116637652,0.9125263934122188,-0.7934977847131708,0.06649165475642427,1.2111004471846538
1.5394180552101466,0.9180757967665223,-0.765284406118353,0.10001981352616873,1.1993862405222993
1.541904998756528,0.9236046028024982,-0.7705742005635505,0.0904517820065287,1.206238610624064
1.5443919423029098,0.9243244851058106,-0.7662715948188183,0.07609478892546839,1.203053750957915
1.5468788858492912,0.9298123272892047,-0.7380114356337444,0.061737239769831476,1.1887065785464237
1.5493658293956727,0.9209145931080627,-0.7432546196190475,0.028225523425913224,1.183768472952845
1.5518527729420541,0.9263617795837664,-0.7436939770344866,0.02344367526535862,1.188182007968864
1.5543397164884356,0.9222119472755108,-0.729752758115795,0.03302648749669679,1.1764797969160665
1.556826660034817,0.9228303833646114,-0.7301614397141201,0.03782034900902609,1.1773623160715807
1.5593136035811987,0.928217165129448,-0.7449200788104906,0.056978875254801054,1.1915282714569884
1.5618005471275802,0.9240071599438493,-0.7596635224755643,0.061771648484160835,1.1977869742003089
1.5642874906739617,0.924565655158283,-0.7839686344309813,0.04262186422926817,1.212948924637893
1.5667744342203431,0.9251043248951263,-0.8034702618450482,0.04262515454645843,1.2260503160185259
1.5692613777667246,0.9304116499689292,-0.813380058573772,0.05220471496932255,1.236922912047637
1.571748321313106,0.9261224979629379,-0.8136980818393802,0.0617837410321016,1.2343519272387922
1.5742352648594877,0.9170253497899963,-0.8092127922291659,0.0665738315899631,1.224823624166907
1.5767222084058692,0.9270622996909441,-0.7999242470537102,0.05699818217833119,1.2257944775957923
1.5792091519522506,0.9322914087486573,-0.7954093103066548,0.061787214895659304,1.2270537484860338
1.581696095498632,0.9327127546911396,-0.7956680393823077,0.061787318637771094,1.2275416019029517
1.5841830390450136,0.9379032219290044,-0.7863352817541771,0.047421688941575724,1.2248405796748816
1.586669982591395,0.9430744849523303,-0.7769879015363266,0.042632344586571946,1.2226680662006657
1.5891569261377767,0.9386498149697076,-0.7819911662009784,0.04741928775107951,1.2226292357087867
1.5916438696841582,0.9294176931879199,-0.7774031166945634,0.05699411729342607,1.213021509975496
1.5941308132305396,0.9393202141306796,-0.7823774238818872,0.056991625431624726,1.223799388561664
1.596617756776921,0.9444154391526967,-0.7921257420606262,0.056988620985501726,1.23394951917285
1.5991047003233025,0.9447034462428006,-0.78749451560082,0.07135031609541187,1.2319509247739169
1.601591643869684,0.9449727167411319,-0.787637415467175,0.061769486378436156,1.2317311407431342
1.6040785874160657,0.9404349253766529,-0.7925544993741918,0.042611343975240246,1.230599939046741
1.6065655309624471,0.9358785535468479,-0.7926690184256628,0.03302950434689933,1.2269000725072299
1.6090524745088286,0.9456688893161793,-0.7927694337151117,0.018658759712364414,1.2341479540830909
1.61153941805521,0.9410755908911086,-0.7832789964027991,0.009075918892179402,1.2244311439523918
1.6140263616015915,0.9412523497044964,-0.7881397809177311,0.009069387386551497,1.2276817803799371
1.616513305147973,0.9414108406093824,-0.7929866351518604,0.013850764055014508,1.2309646696844072
1.6190002486943547,0.9367627384790178,-0.7978196169824137,0.03778526103826252,1.2310435798120243
1.6214871922407361,0.9368849281662783,-0.812215590950466,0.052142460594042817,1.241034395576911
1.6239741357871176,0.9369890845802693,-0.8218094050176581,0.056922364901822675,1.2476214964579861
1.626461079333499,0.932286882645748,-0.8218127138072777,0.06649018610179169,1.244570573722704
1.6289480228798805,0.9275668039422358,-0.826590785243781,0.07605752305264701,1.2447558992985126
1.631434966426262,0.9276173300618857,-0.8217784673485737,0.0664707646518714,1.2410528284413669
1.6339219099726436,0.93722694260798,-0.8217410280826671,0.04730671971851308,1.2473534322377064
1.636408853519025,0.9372421065918684,-0.8312669287830903,0.032930600391580356,1.2532006613864295
1.6388957970654066,0.9276629003142856,-0.8312026142008624,0.03770761880969964,1.2461452993090965
1.641382740611788,0.9324314186841725,-0.8311249490233465,0.0424841638688882,1.24980075836834
1.6438696841581695,0.9228173200921912,-0.8453992012716016,0.04247183442563873,1.2522361887808044
1.646356627704551,0.9179742961358035,-0.850083412416502,0.042459035976579074,1.2518471896233057
1.6488435712509326,0.9226908284537381,-0.8499660438620169,0.04244577069749056,1.255229972587174
1.651330514797314,0.9226017854041968,-0.8450471537019664,0.0520088474042133,1.2521995314721697
1.6538174583436955,0.9224956486258908,-0.8496920100001959,0.04720625166980419,1.2550709795818678
1.656304401890077,0.9223724964350133,-0.8591122675473208,0.047191598949499536,1.261377008448096
1.6587913454364585,0.9222324071440926,-0.8541543711799764,0.051964891416611536,1.2580908761025924
1.6612782889828401,0.9220754590605373,-0.8491835889828794,0.051949324603123515,1.254605377131098
1.6637652325292216,0.9266901338054969,-0.8394115757643408,0.051933304001217095,1.25142457450863
1.666252176075603,0.9264997030311708,-0.8344151962973863,0.0519168317819787,1.2479366077454142
1.6687391196219845,0.9262926483412373,-0.8389829120374666,0.04711150679536402,1.2506517865234992
1.671226063168366,0.9308574513284797,-0.8435379744807716,0.047094137851418694,1.2570878119307516
1.6737130067147474,0.9354057869327319,-0.8289268284835067,0.03749951715774458,1.2504038895469065
1.6761999502611291,0.9255725234394492,-0.828668355424905,0.032692856842905016,1.2427568395777338
1.6786868938075106,0.9300881590017207,-0.8283974034796304,0.037462562393887566,1.2460777203642313
1.681173837353892,0.9345875618732318,-0.818537224140178,0.03744342601545547,1.242923613205186
1.6836607809002735,0.9342824069302813,-0.8182414888174048,0.04221225651291327,1.242652254060433
1.686147724446655,0.9387495789906886,-0.8179334489957468,0.05655745937020917,1.2463806181306278
1.6886346679930364,0.9384123495702006,-0.8128247594743825,0.06132542346864511,1.2430054847039336
1.691121611539418,0.9332707968029683,-0.8220690916474558,0.056516150969665446,1.2449843560975964
1.6936085550857995,0.9329018054401508,-0.8265128903389947,0.05170645067418356,1.2474385329671893
1.696095498632181,0.9325170502469635,-0.8213678103253277,0.05168472806162683,1.243746131634075
1.6985824421785625,0.9321166092825419,-0.8209991196543842,0.061239388610205836,1.243636277410324
1.701069385724944,0.926912157257936,-0.8158300697618688,0.08037043447658121,1.237418383869486
1.7035563292713254,0.9264805788159827,-0.8154375253530648,0.08992425453487307,1.2374938352294047
1.706043272817707,0.9356103552486861,-0.8054563345190173,0.08511244761883674,1.2374856655351822
1.7085302163640885,0.9399363545349086,-0.8002517652589698,0.06593501588119288,1.2362162693864387
1.71101715991047,0.9298818479405846,-0.7998238755965499,0.05154557475453814,1.2276218592793375
1.7135041034568514,0.9246005266189112,-0.7802307069381511,0.04673252970911079,1.2107146729127336
1.715991047003233,0.9288808717261947,-0.7702027371969371,0.027553866291833984,1.206976033644454
1.7184779905496144,0.9331461544204975,-0.774528427666854,0.037105216532538066,1.2132735997571935
1.720964934095996,0.942184855782173,-0.7740542230216465,0.041867759334538235,1.220092271885456
1.7234518776423775,0.9368434402500303,-0.7735685845169953,0.0418414968417995,1.215662246411026
1.725938821188759,0.9314871954637463,-0.7682831667473509,0.04181483451702661,1.2081704763839993
1.7284257647351404,0.9309046023797305,-0.7725632375668301,0.03699937118070018,1.2102918194548262
1.7309127082815219,0.9207305286291749,-0.7816204515257437,0.04654872225322748,1.208652977548343
1.7333996518279033,0.9296954716807964,-0.7906664631508824,0.04652087327053778,1.221331780338642
1.735886595374285,0.9338574924332796,-0.7901245236242258,0.03691582636843194,1.2238257054183195
1.7383735389206665,0.9284282650186548,-0.7895714973835513,0.041675600282548686,1.2194831070683037
1.740860482467048,0.918196270160365,-0.7937958455199094,0.051223390504588906,1.2148333509728235
1.7433474260134294,0.9223151984922857,-0.7980092224563546,0.06555919916508479,1.2213853008327993
1.7458343695598109,0.9359967239949303,-0.792634879267299,0.07031781843182294,1.2285375512166237
1.7483213131061923,0.9305105039941604,-0.7920380835994392,0.07507605707230347,1.2242591793655715
1.750808256652574,0.9250102289645932,-0.7914304897879916,0.06546870725058263,1.2191358806483596
1.7532952001989555,0.9290727826845697,-0.7812353488166952,0.0510725777303751,1.2149540377981458
1.755782143745337,0.9379098389145761,-0.7806063315590435,0.05104128391406704,1.221321547941585
1.7582690872917184,-6.398677622002469,5.550302500519512,0.00791398807709598,8.470477896128152
1.7607560308380998,-6.294100069978412,5.910082960010949,-0.13577014750711314,8.634999120907201
1.7632429743844813,-5.921385601938929,6.068760990401541,-0.2507242310749671,8.482660552298276
1.765729917930863,-5.3475717875279125,6.045490147518077,-0.33215985719306396,8.078044646895258
1.7682168614772444,-4.5870237599290276,5.854635583903823,-0.39444223371133624,7.448028562660155
1.770703805023626,-3.6828370723122648,5.500985645499106,-0.4375713585208896,6.634425421012931
1.7731907485700074,-2.69247248787424,5.008482291564112,-0.45675882619465646,5.704641232205381
1.7756776921163888,-1.6542371565972473,4.420221094679807,-0.4711582479093188,4.743083932495004
1.7781646356627703,-0.601649825211505,3.7505672075457706,-0.46161600828123994,3.826463932875393
1.780651579209152,0.41261714620251766,3.0138857829026993,-0.42334370188996395,3.071315729724514
1.7831385227555334,1.355045010774451,2.238907183494833,-0.37549493991884475,2.6438322199856317
1.7856254663019149,2.211268634843748,1.463938578749953,-0.3132813169519544,2.670387672482652
1.7881124098482963,2.938192464754887,0.6889799115774577,-0.23191442757568304,3.026789153578002
1.7905993533946778,3.5214513667000116,-0.05245005182611884,-0.16970149626156683,3.525928152104543
1.7930862969410595,3.965833820077135,-0.7459861584997078,-0.1170657142803666,4.037082810471037
1.795573240487441,4.25218628760601,-1.3916284653962177,-0.04048825630372299,4.474299644537023
1.7980601840338224,4.394874055170949,-1.9558582061790981,0.01693524986935735,4.810466306521749
1.8005471275802039,4.393897198616265,-2.4338870343849015,0.055204806320197974,5.023264502173426
1.8030340711265853,4.263621003667072,-2.8448686201026248,0.10783923836984854,5.126731008146206
1.8055210146729668,4.032775965928197,-3.1696494068081407,0.12216611157119317,5.1307781000803105
1.8080079582193485,3.686996951038986,-3.38907583792657,0.14606946120117748,5.010101579777007
1.81049490176573,3.269379664399283,-3.531878390033906,0.17954928933102465,4.816144339539186
1.8129818453121114,2.8086546013627824,-3.6028455230518968,0.19866358142783547,4.5725817380684575
1.8154687888584928,2.3143986439161295,-3.5828236802469347,0.2082007428779491,4.270411473855176
1.8179557324048743,1.815342287240313,-3.486178128073011,0.2225259857056905,3.9368037003147394
1.8204426759512558,1.3162740098264263,-3.3368509395693504,0.2224856986905266,3.593974310978197
1.8229296194976374,0.8411359033572174,-3.1492073810781496,0.22244509385141242,3.267185112100663
1.825416563044019,0.4186584627459906,-2.9088822989629395,0.20803896328271776,2.9462096578302943
1.8279035065904004,0.04884176289172304,-2.625452556130406,0.203209325638543,2.6337578993370907
1.8303904501367818,-0.2635257180785333,-2.322860225389603,0.1840141663670991,2.3449918217788355
1.8328773936831633,-0.508867098811242,-2.005893766208763,0.16960710079661823,2.0763723399738256
1.8353643372295447,-0.6776054980480106,-1.679341637995351,0.14083451768999744,1.816362273739128
1.8378512807759264,-0.7745292445871943,-1.3527807034161166,0.11685003236979163,1.5631906832887132
1.8403382243223079,-0.8044266673243776,-1.0453646317161787,0.0976536468744218,1.3226585769175585
1.8428251678686893,-0.7625092886127092,-0.7618818821166529,0.0832453632394099,1.0811171111489886
1.8453121114150708,-0.6631422441859063,-0.4927557038141934,0.07362518349734337,0.8294495085961283
1.8477990549614522,-0.5111138632373735,-0.257139765862457,0.04485109307629642,0.5739075369180738
1.8502859985078337,-0.33515449166362155,-0.05024572064832755,0.025653513924808635,0.3398694874543178
1.8527729420542154,-0.1352640555416753,0.10877276290611526,0.006455641425908709,0.1736938512959837
1.8552598856005968,0.09334592226802951,0.24385764582850378,-0.017530925720091517,0.2617008712054516
1.8577468291469783,0.32673349887868874,0.3454320659722012,-0.022364168894057457,0.4760023608572285
1.8602337726933598,0.5648987478992722,0.40870756457945534,-0.03198610268305835,0.697979641169774
1.8627207162397412,0.7982649361915397,0.4384724896025869,-0.0463967250757058,0.9119417133725841
1.8652076597861227,1.0124669271888656,0.4299383824234764,-0.051230824102797,1.1011634250511733
1.8676946033325044,1.1931395842162438,0.39747039777624504,-0.046488397759208766,1.2584617418333925
1.8701815468788858,1.3594365937306239,0.33628007718559294,-0.03695784736331653,1.4008990060556115
1.8726684904252673,1.4969928188361425,0.25594417220967713,-0.03221597755698369,1.5190565454073883
1.8751554339716487,1.5914431225250454,0.15646262783934306,-0.017897576383758107,1.5992160858942959
1.8776423775180302,1.633210770996906,0.03304698581930321,0.005997358148642107,1.63355608843921
1.8801293210644117,1.6606030635405975,-0.09036079210903303,0.02510361806827177,1.6632491692561
1.8826162646107933,1.6592548628066375,-0.22333756737084087,0.04899801200147991,1.6749349760294263
1.8851032081571748,1.6195894346499733,-0.36109499135376355,0.07289213861031918,1.6609553857589856
1.8875901517035563,1.5607604647305207,-0.5036331186888052,0.0967859998738394,1.6428594207288771
1.8900770952499377,1.4779796219887558,-0.6317983906477385,0.09194917784585144,1.6099837330686375
1.8925640387963192,1.3808237852073013,-0.7408024583845116,0.07753528777989693,1.5689086426538248
1.8950509823427006,1.2692930264082685,-0.8545873928956302,0.06790954160578799,1.5316775459690986
1.8975379258890823,1.1529642241335893,-0.9539996352146156,0.06307194128898175,1.4978050193197878
1.9000248694354638,1.036625853483229,-1.0390392395752448,0.058234085471163155,1.4688726664342278
1.9025118129818452,0.9250663894342794,-1.1001294534891497,0.06297278275146923,1.438748835156009
1.9049987565282267,0.8134975001997337,-1.151635540987027,0.06771122844428668,1.4116045524696823
1.9074857000746082,0.7210728704693609,-1.2031343626962503,0.07244942450110159,1.4045381085388808
1.9099726436209896,0.643004168205932,-1.2211071492774943,0.06761056622923611,1.381712060818986
1.9124595871673713,0.5649262546050516,-1.2199191645100247,0.06277146221368213,1.345839774099938
1.9149465307137528,0.5107812172974074,-1.2235124787284484,0.062720517715535,1.327333455048338
1.9174334742601342,0.48056912718382105,-1.2079451289782583,0.06266933135165331,1.3015396904115464
1.9199204178065157,0.46471324839519224,-1.1780055721401177,0.05304109841494942,1.2674655377359347
1.9224073613528971,0.46321365157289107,-1.1480590716478933,0.05777783743686271,1.2393323999215848
1.9248943048992788,0.4712820039068907,-1.1037404709254948,0.057725937062349075,1.2015332031096992
1.9273812484456603,0.49849518241610213,-1.0546266299095626,0.057673802534232266,1.1679302388863908
1.9298681919920417,0.5352764507053478,-1.0055060051268714,0.057621435771306295,1.1405627711293496
1.9323551355384232,0.5768374755659422,-0.9420134397328126,0.0575688386886295,1.1060944647915438
1.9348420790848047,0.6279667302952021,-0.8689373900730737,0.057516013197506766,1.0736398343945643
1.9373290226311861,0.6886642847346031,-0.8150083290033194,0.04788615456483747,1.0680777861245936
1.9398159661775678,0.7397765953079148,-0.7610726960838821,0.04783287797558344,1.0624448427589954
1.9423029097239493,0.7860921349032571,-0.7071305440633204,0.04777937868900928,1.05842208968443
1.9447898532703307,0.8419761829111825,-0.6579703289169418,0.04293725528084735,1.0694355774032422
1.9472767968167122,0.8834867920207704,-0.6183805065257304,0.04767171960421557,1.0794516920067307
1.9497637403630936,0.9154124347031095,-0.5739959193944797,0.05240596690679311,1.0817567316444232
1.952250683909475,0.9569067932495467,-0.5439702331745191,0.05235159575265946,1.1019595796239177
1.9547376274558568,0.9792395166067539,-0.523515096819346,0.047508608022280185,1.111411334888309
1.9572245710022382,0.9919874801415318,-0.4982653525448839,0.052242215553112814,1.1113220826520642
1.9597115145486197,1.0143043657181052,-0.4777978590710119,0.04739880693646725,1.1222079964724234
1.9621984580950012,1.0126714185332304,-0.4669010716990538,0.03776678736122285,1.1157626731950743
1.9646854016413826,0.9918771102005357,-0.46557504231039193,0.028134562012267494,1.0960711087067805
1.967172345187764,-7.839586987222935,7.771810694888318,0.032867342711075054,11.039078125895863
1.9696592887341458,-7.735898100659391,8.122702108724718,-0.20182024466244997,11.21887429210356
1.9721462322805272,-7.445469028464436,8.215025636874252,-0.3838355957167341,11.093646155924732
1.9746331758269087,-6.982664912892263,8.091876857739663,-0.5466975318456893,10.702100660986403
1.9771201193732901,-6.361850896345884,7.743678913302179,-0.6808292445644675,10.044960846111445
1.9796070629196716,-5.6213341379801225,7.2039505755289115,-0.7718655220719199,9.170173268245668
1.982094006466053,-4.785056587138184,6.539729439731767,-0.838959975813399,8.146697584176408
1.9845809500124347,-3.8817485966358083,5.765380664803869,-0.8629589906757644,7.003733618375738
1.9870678935588162,-2.9449289227606643,4.909634619703622,-0.8582277747923168,5.789099530369951
1.9895548371051976,-2.0129047252734287,4.029952093416423,-0.8247663263396063,4.5795784523603515
1.992041780651579,-1.1000411474865377,3.121544631869225,-0.7529978368577588,3.394280064642212
1.9945287241979606,-0.23985694614824093,2.2131426043378633,-0.6668643211333354,2.3238415532371315
1.997015667744342,0.577224751721428,1.35741839680631,-0.5663657773555535,1.5800453511680093
1.9995026112907237,1.346415608985311,0.549583555522851,-0.4658674136788754,1.5270591094480492
2.001989554837105,2.0198316584672815,-0.20557356651575853,-0.35100401834014505,2.0603844885573244
2.0044764983834864,2.592684562716757,-0.8841110029226749,-0.23614079950239208,2.7494413949797782
2.006963441929868,3.0649743874455493,-1.4812404004829565,-0.14521977197359348,3.407232000010007
2.0094503854762498,3.446278004847461,-1.9873850025514292,-0.06387572400356589,3.978770079205221
2.011937329022631,3.722230270355385,-2.388179649052101,0.036621766114441456,4.422639638886474
2.0144242725690127,3.892831249203094,-2.702778003040089,0.10838866695779892,4.740347262766134
2.016911216115394,3.9772346197448565,-2.9455453241385445,0.16579019026355013,4.951981306935546
2.0193981596617756,3.961075236931304,-3.0973280486161876,0.23755675772525997,5.033884313978211
2.0218851032081573,3.86350677879307,-3.15333782259,0.2949579511883602,4.995720593280401
2.0243720467545385,3.7084713265184,-3.1423051153056565,0.3044749491734411,4.870271656895476
2.02685899030092,3.500757347850607,-3.0785951859340956,0.29962657668106196,4.67149081266786
2.0293459338473014,3.2307881004079433,-2.962208083570821,0.3043548520666661,4.393779734589162
2.031832877393683,2.932082471526811,-2.7979322605167685,0.309082970439011,4.064611277464383
2.0343198209400644,2.5998521218152817,-2.5905561689571592,0.31381093354297285,3.683570227624353
2.036806764486446,2.2532507283170364,-2.3640218742425008,0.3041735331579627,3.2799786287157544
2.0392937080328277,1.9114319679089453,-2.113541021684825,0.2945359809807151,2.86485239800955
2.041780651579209,1.5648190973782987,-1.8534788697600857,0.2753214721018349,2.441279304210659
2.0442675951255906,1.2229889866258434,-1.6125658867877186,0.2465300082479729,2.0388349235792274
2.046754538671972,0.9050953120241982,-1.362071701125203,0.21294999446149632,1.649176928954391
2.0492414822183536,0.620714943135717,-1.1163615708938859,0.17936983578013788,1.2898541528360619
2.0517284257647352,0.3554827327514313,-0.9041659640569888,0.15536634055733067,0.983881478442249
2.0542153693111165,0.12855235673390197,-0.69675450861418,0.11699749389967096,0.7181093003678698
2.056702312857498,-0.06486452582708524,-0.5132808656479866,0.0738401041512784,0.5226059842100842
2.0591892564038794,-0.21997944937293967,-0.35374508283891437,0.03547097965158663,0.41807263983257187
2.061676199950261,-0.3367923518378011,-0.22772401438682266,0.0018901220947249442,0.4065598203787728
2.0641631434966428,-0.4200915746491398,-0.1304293044088478,-0.022114063509581783,0.4404290707306632
2.066650087043024,-0.45551184612675244,-0.047495790259292736,-0.022176365515692353,0.4585179203058944
2.0691370305894057,-0.4526299113662171,0.011499674228822254,-0.027027202165522013,0.4535819097226592
2.071623974135787,-0.4258109189581598,0.04176863866597058,-0.0510317817448005,0.43088722495340925
2.0741109176821686,-0.37505480770760524,0.0433110561066794,-0.06545968266121704,0.3831800182939762
2.07659786122855,-0.31472672655641176,0.02570368637030329,-0.07988770988972327,0.3257232538419108
2.0790848047749315,-0.21609619474008257,-0.011053517239747457,-0.0799506518085078,0.23067694368774339
2.081571748321313,-0.1031051681945685,-0.038230181373036576,-0.0560717001208797,0.12343523820486349
2.0840586918676944,0.009881203607245537,-0.08455677239725734,-0.03219286977716784,0.09101575032629852
2.086545635414076,0.13722819093624605,-0.13566812667121297,-0.01789096577160265,0.19379758419121676
2.0890325789604574,0.2645706439628047,-0.2011410970287244,-0.0035891798220202276,0.3323676409830035
2.091519522506839,0.4110622359203083,-0.2666105195750563,0.010712489708250672,0.4900694730174836
2.0940064660532207,0.5288189933780936,-0.32249963360835343,0.03459085109162885,0.6203644641774588
2.096493409599602,0.651359799170501,-0.3879620982206964,0.034527082712831,0.7589310226047551
2.0989803531459836,0.7595310994278127,-0.4486327491337039,0.03446320279540949,0.8828060641727629
2.101467296692365,0.8533329533803073,-0.5140884385417817,0.03918761627675238,0.9969953466473848
2.1039542402387466,0.937553823396734,-0.5699640019085024,0.03433511480806395,1.097745432851475
2.106441183785128,1.012193768343364,-0.6066826778881524,0.03427090995748294,1.1805823103841566
2.1089281273315095,1.0724644435834052,-0.6529749315674436,0.058148616608502124,1.2569556498220822
2.111415070877891,1.1040006976561911,-0.69926400134006,0.08681462307712096,1.309703959975494
2.1139020144242724,1.1163793955189498,-0.7407615287891383,0.09153851103375743,1.342910978537131
2.116388957970654,1.1287542085853282,-0.7726791553664523,0.09147389534692962,1.3709436947106346
2.1188759015170353,1.1363367914827645,-0.795016925712352,0.05789035767702977,1.3880434104733315
2.121362845063417,1.1247619920129626,-0.8077748843350552,0.033883529484088015,1.3851851486389024
2.1238497886097987,1.1036066743936004,-0.8157414789305095,0.04339542894188675,1.3730495313232103
2.12633673215618,1.0776592993360397,-0.8141283504210981,0.05769563769568897,1.3518444152393925
2.1288236757025616,1.0421315207245152,-0.807723946236476,0.0863609639482128,1.321330502147544
2.131310619248943,1.0018117988969868,-0.8061051169928648,0.1006609893346031,1.289792609230305
2.1337975627953245,0.9567001906837429,-0.7901182932504809,0.11017252204741723,1.2456725720660513
2.1362845063417057,0.9163735593679121,-0.7645519220365906,0.11010716031318424,1.1985006168336731
2.1387714498880874,0.8521015414819125,-0.7437712568841883,0.10046490567363975,1.135502495301067
2.141258393434469,0.8021914198539066,-0.7277763412300584,0.08124575966540704,1.0861723391824367
2.1437453369808503,0.7570664439198874,-0.7022020084144036,0.071603337101239,1.0350672920224848
2.146232280527232,0.7119382662467073,-0.671836704922661,0.0619608328668626,0.9808464700641286
2.1487192240736133,0.6668069425316754,-0.6414688771038906,0.05231824848348232,0.9267421529345402
2.151206167619995,0.6312493349224714,-0.6158869711704087,0.061829198748400316,0.8840901163995623
2.1536931111663766,0.6004770954151853,-0.6046678365177467,0.05697486193028922,0.8540738080103415
2.156180054712758,0.5697018758148947,-0.5790810958415014,0.042543642855164876,0.8134525827701278
2.1586669982591395,0.5485005376961704,-0.5534920015822586,0.018535543023526557,0.7794548107643573
2.161153941805521,0.5225079258402511,-0.537477402722168,-0.0006842261083814805,0.7495978649704229
2.1636408853519025,0.5060893047580846,-0.5214605348236421,-0.005538856409849302,0.7266898600499454
2.166127828898284,0.5040331321274689,-0.51022984327121,-0.019970362997572266,0.7174835932932856
2.1686147724446654,0.5067626554723796,-0.5133621766305647,-0.0104599211497316,0.7214281137623814
2.171101715991047,0.5047011221235533,-0.5069155600857291,0.008627260647125823,0.7153747530882508
2.1735886595374283,0.5122137958197029,-0.505255245243418,0.018137570580895712,0.7197046664713185
2.17607560308381,0.524512326824362,-0.5035928702889687,0.0324362200764039,0.7278537410561501
2.178562546630191,0.532019961886485,-0.49714007326727616,0.05631161391258743,0.7303180746464721
2.181049490176573,0.5395251575213652,-0.49068529872310274,0.05145652698029757,0.7311000151486174
2.1835364337229546,0.5470279667290566,-0.49380539438045545,0.02744776736822807,0.7374528756717025
2.186023377269336,0.5641052489549913,-0.501711997861034,0.03216936972227202,0.7556219484931676
2.1885103208157175,0.5811802501677894,-0.5048283433245508,0.032102512237708325,0.7704886181514151
2.1909972643620987,0.5886762161401925,-0.5079428747496779,0.03203559966700453,0.7781850236956029
2.1934842079084804,0.6057468123706481,-0.5158440359728287,0.036757036757308015,0.7964768357567696
2.195971151454862,0.6180268809189359,-0.5045898507659805,0.04626682493012524,0.7991925688615591
2.1984580950012433,0.6398816835699175,-0.5029107792817107,0.05577656228131822,0.8157688678700182
2.200945038547625,0.652157658669249,-0.5251720715685364,0.06049784690141635,0.839508967192282
2.2034319820940063,0.6596432609667617,-0.5378549443284486,0.04606547023495544,0.8523726886904515
2.205918925640388,0.6767037516553103,-0.5361710340416423,0.031633046963326805,0.8639490696272784
2.208405869186769,0.6841855684876619,-0.5249087836849937,0.03156578844223645,0.8629226629985011
2.210892812733151,0.6820887622996707,-0.5327986526927297,0.045863696061086756,0.8667311939598508
2.2133797562795325,0.6799901903693899,-0.5263218571905486,0.060161561242967565,0.8619865253043685
2.2158666998259138,0.677889903135565,-0.5150552430422275,0.0505173687649485,0.8528590907678522
2.2183536433722955,0.6709995475176946,-0.5229408659275028,0.04087313660184222,0.8516913497985231
2.2208405869186767,0.6688959801970347,-0.5308251514980626,0.0360172694418015,0.8546896615057048
2.2233275304650584,0.6667908476944819,-0.5291313319007398,0.03116136532695002,0.8517987037189105
2.22581447401144,0.664684199651588,-0.5226478490975799,0.04545903889557046,0.8467776471129288
2.2283014175578213,0.6625760855100165,-0.5209515482249771,0.05496827489771583,0.8446414007926726
2.230788361104203,0.6556781511910046,-0.5144656609918821,0.04532386471864136,0.8346514284430967
2.233275304650584,0.6487788490560811,-0.5127670322420657,0.05004463294129913,0.828461519699677
2.235762248196966,0.6370898246256003,-0.5254325066726446,0.059553774260393766,0.8279549599697044
2.238249191743347,0.630187933180095,-0.5333085089119844,0.06906288668550076,0.8284470285546677
2.240736135289729,0.6232848198381968,-0.5268182700819786,0.0642067615801345,0.8186232128186387
2.2432230788361105,0.6068037261970614,-0.5346922477197067,0.049773803583612164,0.8102987062937781
2.2457100223824917,0.5998983135743619,-0.5282000593709753,0.0353408206501129,0.8000764106965588
2.2481969659288734,0.6025686298049708,-0.5264953556369796,0.025696217408020416,0.8005914118459114
2.2506839094752547,0.5908727059204728,-0.5391549803303595,0.016051591839648438,0.8000476867146099
2.2531708530216363,0.5887526059536636,-0.52787174391249,0.011195348562459628,0.7908245980417392
2.255657796568018,0.577054763852442,-0.5213761031807964,0.006339085547820034,0.7777309467022466
2.2581447401143993,0.5653560332843378,-0.5292449015029224,0.006271207402237522,0.774446213871642
2.260631683660781,0.5632332677144485,-0.5275361588556287,0.015780118726743453,0.7718647063491612
2.263118627207162,0.5563213038037504,-0.5210383149886364,0.006135400874690333,0.762241406574056
2.265605570753544,0.5541969946120466,-0.5145398095025961,0.00127907171738606,0.756232213294601
2.268092514299925,0.5616487896759532,-0.5176174851692146,0.020364745800323547,0.7640627898077991
2.2705794578463068,0.5786767350087532,-0.5254829746498308,0.03945040778068254,0.7826592201982212
2.2730664013926885,0.5813388598190079,-0.5285595071358729,0.048959252271080445,0.787227432767891
2.2755533449390697,0.5792120163541736,-0.5220587149893183,0.05846808715988061,0.7819529263334853
2.2780402884854514,0.5770846533379748,-0.5059806337425354,0.05361170372836277,0.7693616273361741
2.2805272320318326,0.5749568159702789,-0.4946905087387341,0.058332119814807015,0.7607211551343618
2.2830141755782143,0.5632517426066661,-0.5025535851709018,0.06305253000977551,0.7574881207373529
2.285501119124596,0.5659114946411274,-0.5056278815191257,0.04861932225769117,0.7604467192599829
2.287988062670977,0.5637825033809563,-0.4943366260739044,0.04376291770057961,0.7510889454400835
2.290475006217359,0.5664416198513327,-0.48304506357661037,0.043694914232748516,0.745719711202098
2.29296194976374,0.5595236782717874,-0.4813300352974954,0.04362690974298289,0.739356921033408
2.295448893310122,0.5526055292592313,-0.4844031723949205,0.03398209879422964,0.7356453543879681
2.2979358368565035,0.5504756199059917,-0.4826877025558489,0.029125692545465043,0.73270671641236
2.3004227804028847,0.5483455904594152,-0.4809720632769685,0.03863449882981662,0.7304174400498801
2.3029097239492664,0.5510038876030383,-0.4792562885833176,0.03377809891237327,0.7310491325940083
2.3053966674956476,0.5536621511752613,-0.4871172189890993,0.033710107255805255,0.7382149646348887
2.3078836110420293,0.5467436174895972,-0.48540127493507734,0.033642121715690365,0.7318980621150345
2.3103705545884106,0.5398251359361592,-0.4836852966321912,0.03836254678268958,0.7258335405327572
2.3128574981347922,0.5376951523800487,-0.4867577208192775,0.043082980301299756,0.7265709179851776
2.315344441681174,0.5451421124815987,-0.48025337080201824,0.047803423430785585,0.728085427858094
2.317831385227555,0.5478008484150916,-0.4785374896559573,0.04773547400456124,0.7289462078980586
2.320318328773937,0.5360945954702574,-0.4768217070232872,0.047667536491115214,0.7190469731638902
2.322805272320318,0.5291770086538048,-0.4655292490736893,0.05238801535338844,0.7067462715738718
2.3252922158666998,0.5366249361268797,-0.4542369551058041,0.047531701767518086,0.7046678622797312
2.3277791594130814,0.539284805923789,-0.4573100675861994,0.04267540350566712,0.7083655764365774
2.3302661029594627,0.5275798525144659,-0.4699602155477325,0.05218433165474856,0.708467578261073
2.3327530465058444,0.5206637300856973,-0.46824541458947877,0.06648168069458116,0.7033948407393965
2.3352399900522256,0.5137480760176767,-0.4569541000797632,0.06641383845879822,0.6907640213056859
2.3377269335986073,0.5116213341261711,-0.45045151387484683,0.07113441933798903,0.6853634521184635
2.3402138771449885,0.5047067380609518,-0.4535260910376011,0.07106661779532608,0.6822501527012212
2.34270082069137,0.5073695378682901,-0.46138945983744684,0.05663362828843077,0.6881216821601288
2.345187764237752,0.5148213701081445,-0.45967644175028743,0.04698906519125501,0.6917741296606722
2.347674707784133,0.5031202578541651,-0.45317547138032754,0.03734452627064755,0.6781538286896291
2.350161651330515,0.4962082571780775,-0.4418865798584535,0.027700012608212532,0.6650215595371338
2.352648594876896,0.5036622139856344,-0.44975181476405846,0.01805552528001897,0.6754837693635668
2.3551355384232777,0.4967517474150711,-0.4480407869999907,0.02277627531752202,0.6693441596763486
2.3576224819696594,0.48984210628244307,-0.45111873719876217,0.0131318438638246,0.6660524374719231
2.3601094255160406,0.4972985391988307,-0.444620485917822,0.02264105522054649,0.6674622318667858
2.3625963690624223,0.49039066468757553,-0.4381228701629465,0.03693870048065229,0.6586342846874429
2.3650833126088036,0.48348373094992625,-0.44120272678665406,0.03208276409093358,0.6553210419091959
2.3675702561551852,0.4861545826619552,-0.4442832792069207,0.032015263695772234,0.659362485690219
2.3700571997015665,0.474461241052744,-0.44736455732901526,0.03673620033245584,0.6531447502892159
2.372544143247948,0.4771341636700317,-0.4408697842642444,0.031880365071801364,0.6504148941217547
2.37503108679433,0.4798081779740391,-0.4295873929314853,0.03660137222127524,0.6450588161283572
2.377518030340711,0.4729065145406415,-0.4326710260571711,0.03653401284062774,0.6420120889660742
2.3800049738870928,0.47558282366299487,-0.4261786963315246,0.03167828794500949,0.6393831537483858
2.382491917433474,0.4686835288672282,-0.42447564285386497,0.03161100518466853,0.6331216922965324
2.3849788609798557,0.47136228003751235,-0.42277349128884856,0.04590897220432666,0.6348444358325762
2.3874658045262374,0.4788307102520778,-0.42107227046802587,0.050630173401001954,0.6396437449832705
2.3899527480726186,0.4863004523848382,-0.4097952024289109,0.04098620644742823,0.6372598426406622
2.3924396916190003,0.47940633246487485,-0.4128843322977822,0.05049589557332901,0.6347076011315448
2.3949266351653815,0.46772519291869163,-0.42076288180533084,0.045640418518539505,0.6307862606291464
2.397413578711763,0.4751990859296821,-0.4094888625679176,0.026419776259597683,0.6278481539458243
2.3999005222581444,0.4730976269538657,-0.40779272257194954,0.031141196329997456,0.6253687258896831
2.402387465804526,0.4709976578059082,-0.41567448972859866,0.040651066413992964,0.6295050311716159
2.404874409350908,0.4688992134561082,-0.4091921751941272,0.035795774190335194,0.6233667027278115
2.407361352897289,0.46680232867112903,-0.4074994198542887,0.02136372393382935,0.6200133868995826
2.4098482964436707,0.45991863469379723,-0.40101944451966265,0.02608533651535616,0.6107554258478468
2.412335239990052,0.453036569204156,-0.39932908312881477,0.03559540291749208,0.6049569260514591
2.4148221835364336,0.44615616635864774,-0.40242836282645156,0.030740310797016335,0.6016218735176778
2.4173091270828153,0.4536426700714885,-0.3959521006431439,0.02588527104741445,0.6026937741262189
2.4197960706291965,0.4563425008116664,-0.39905393669848976,0.03539549455669011,0.6072440724095384
2.4222830141755782,0.4494672888062067,-0.3973686877167921,0.03532896564486876,0.600974919192227
2.4247699577219595,0.4473822773606114,-0.3908963802302199,0.04005089518899396,0.5954451749564317
2.427256901268341,0.44051069297619083,-0.3940022505788634,0.03998447745908429,0.5923564826396764
2.429743844814723,0.41927576194961214,-0.38753271170696424,0.030341310040009617,0.5717467641327976
2.432230788361104,-11.659156833561484,3.502330496442933,-0.003243816129426591,12.173835365169053
2.4347177319074857,-11.508005420403649,3.67160287529624,-0.123020143319021,12.080148607760817
2.437204675453867,-11.093489863702775,3.7115868893190065,-0.2427964108743108,11.700442072425059
2.4396916190002487,-10.420398534648164,3.627070916216638,-0.33863060131033684,11.038796118069488
2.44217856254663,-9.536615434513648,3.4515737537690696,-0.40573431042882824,10.150123923094268
2.4446655060930116,-8.475659354813839,3.209037393268239,-0.44889594067758587,9.073931345111333
2.4471524496393933,-7.271049087263991,2.880308196275611,-0.48248070115047526,7.835631293132522
2.4496393931857745,-5.980245440383245,2.498904961028784,-0.501700187665497,6.500735697579348
2.452126336732156,-4.6176135930082,2.083981275956596,-0.4921891894054866,5.089949258198888
2.4546132802785374,-3.2310375474184374,1.6355371163588672,-0.4683129154805279,3.651561621912069
2.457100223824919,-1.8827665160560927,1.1823028776097986,-0.42528296172489277,2.2635183776413004
2.459587167371301,-0.5728004683980481,0.7386437452741821,-0.37267613393912846,1.0062715636633628
2.462074110917682,0.670130205954814,0.2997712917881956,-0.3152808346089291,0.7989614039395819
2.4645610544640637,1.8220835205232069,-0.11994929697931012,-0.22436664298314035,1.8397599245802694
2.467047998010445,2.8255986653857117,-0.48221081840610003,-0.14781759144095652,2.8702587220591806
2.4695349415568266,3.70461768686566,-0.8013785062413574,-0.07605687252328686,3.7910663887568004
2.472021885103208,4.449563807845015,-1.0774523841218318,-0.018661292057641887,4.5781950552543424
2.4745088286495895,5.031706637725899,-1.305644072212732,0.03394595740440387,5.198454622237576
2.4769957721959712,5.460623012273046,-1.50510720712911,0.08655327998553553,5.66491331419945
2.4794827157423525,5.726736153771706,-1.6375345854912733,0.1439490798031482,5.957998643099225
2.481969659288734,5.839622897589467,-1.7172914402916748,0.18219134104737655,6.089620609011935
2.4844566028351154,5.818436885536235,-1.7587430043717769,0.21085687114521257,6.082092186616741
2.486943546381497,5.667966549262826,-1.757100897140891,0.23473407419800196,5.938716060891046
2.4894304899278787,5.402577126862696,-1.7267303511387877,0.2394577410205141,5.676863335238793
2.49191743347426,5.022268646270952,-1.6436893721921475,0.2393930823440833,5.289820994650753
2.4944043770206417,4.565348361787344,-1.541496805820798,0.23932850225410718,4.824509943903246
2.496891320567023,4.031816300952203,-1.4249410774723694,0.2392640015103762,4.2829017057727095
2.4993782641134046,3.464768120991647,-1.2892338058036088,0.2344111775470683,3.7042800296988685
2.501865207659786,2.859415445731969,-1.1439518192821008,0.22477003111338512,3.0879449514225628
2.5043521512061675,2.2301235120842646,-0.9938835429051585,0.21034056295324355,2.450611868173386
2.506839094752549,1.6151995733650049,-0.8438174015202864,0.18633437048496582,1.8318345903849973
2.5093260382989304,1.0098552528119207,-0.6937534165050114,0.1575398577622309,1.2352814421531428
2.511812981845312,0.42845578674833185,-0.5484800124076679,0.14311063879439878,0.7105528412053451
2.5142999253916933,-0.10984518537752397,-0.40799721030691893,0.11910469770277388,0.43899159147268413
2.516786868938075,-0.5858940243125306,-0.27709343445254886,0.07594522856436114,0.6525490455770617
2.5192738124844567,-1.009267510920357,-0.16534551226560446,0.047151055333744196,1.0238082188793143
2.521760756030838,-1.3656004096574244,-0.08233027101832135,0.023145372077474136,1.36827572536791
2.5242476995772196,-1.6596810984560144,-0.00410571459196829,-0.010437030463444685,1.6597189934050187
2.526734643123601,-1.872355938840803,0.054962926718213456,-0.044019344951673034,1.8736796385070291
2.5292215866699825,-2.022778519092424,0.09966403604652685,-0.06802476405504265,2.026374404177956
2.5317085302163638,-2.101372007763249,0.13478599667550917,-0.08724169040754326,2.107496783498358
2.5341954737627455,-2.108136380239389,0.15075198207477536,-0.10167012332803615,2.1159636036014056
2.536682417309127,-2.0574368220606676,0.15235037582267008,-0.08736804553898736,2.0649189061960063
2.5391693608555084,-1.9588501156391172,0.13958115832488982,-0.0682774729711415,1.965003432214312
2.54165630440189,-1.8075878336180666,0.11723271345489428,-0.049186808279156224,1.8120531524921513
2.5441432479482713,-1.6132267587937146,0.08530502191310285,-0.030096050802532304,1.6157609025860162
2.546630191494653,-1.3853436741537122,0.048586467867299366,-0.01579360320619827,1.3862853884679596
2.5491171350410347,-1.1335153628771484,0.007077032311862741,-0.006279464839924032,1.133554848229027
2.551604078587416,-0.8721070116544337,-0.03922330361213655,0.003234768261719978,0.8729945996675944
2.5540910221337976,-0.6011185974054265,-0.08073775197656685,0.017537500059063404,0.6067699042052255
2.556577965680179,-0.3157616939201727,-0.13661994462885962,0.017475117905757287,0.344493594082023
2.5590649092265605,-0.03518989178021592,-0.18771628670788187,0.012624429072250365,0.1914030015132973
2.561551852772942,0.21665481492298244,-0.229238393167583,0.022139047464529327,0.3161956469561272
2.5640387963193234,0.46850286843190153,-0.27076308877716304,0.026865360421016504,0.5417834766432256
2.566525739865705,0.6916238709565643,-0.30750198819948693,0.036380175196939035,0.7577760676947641
2.5690126834120863,0.8764410377994258,-0.33945510927247735,0.06026029904247743,0.9418120659615765
2.571499626958468,1.0468964073168827,-0.3761992763296842,0.06498690931995021,1.1143344567709168
2.5739865705048492,1.1982015977555296,-0.39858089363800264,0.0649252165897849,1.2644244071459563
2.576473514051231,1.306414613893037,-0.41138838192131955,0.07444043140737655,1.3716781408192122
2.5789604575976126,1.3763238802418274,-0.42419856507951703,0.07916734440125417,1.4423866729691412
2.581447401143994,1.4222946277679829,-0.4274346535871123,0.06952914951524924,1.4867604695770982
2.5839343446903755,1.4395384739698296,-0.42588506773568735,0.0790446705710135,1.5032954363348865
2.5864212882367568,1.4184786328392178,-0.43391503431381073,0.09334869818210301,1.4862966959114405
2.5889082317831384,1.3782687381040755,-0.441947763365083,0.09328761963678822,1.450394815198916
2.59139517532952,1.3141204067053387,-0.43082965814931606,0.09322664546057702,1.3860800283837487
2.5938821188759014,1.230822062039511,-0.4197143483459014,0.07880056625215737,1.3028018313819945
2.596369062422283,1.1331621273184134,-0.39902504356968205,0.06437459252717126,1.2030883094551363
2.5988560059686643,1.0211406222492472,-0.3783385665743224,0.06910233811663424,1.0911660618339805
2.601342949515046,0.8899691630349765,-0.3720201432916195,0.05946498032322545,0.9664265011125964
2.603829893061427,0.758801382296585,-0.36091617626925343,0.054616132968156705,0.842035002864146
2.606316836607809,0.6276372991906506,-0.34981508451479293,0.05934419990682649,0.720986065574091
2.6088037801541906,0.510842142651921,-0.33871688357407814,0.06886077834912285,0.6167905874137414
2.611290723700572,0.3892623181905805,-0.31804478221116783,0.06401225553913648,0.5067299129852723
2.6137776672469535,0.2676862477363755,-0.3021640056507877,0.04479863199734346,0.4061599819860924
2.6162646107933347,0.16047915967816861,-0.29107456901610185,0.03516192484096159,0.3342369314983639
2.6187515543397164,0.07242947558290214,-0.2704112773289613,0.015948521299559815,0.2803972952286401
2.621238497886098,-0.010827996444448651,-0.25453935539300465,0.011100438480701413,0.2550112716829418
2.6237254414324793,-0.07971643187767885,-0.2434588179111139,0.015829273565271862,0.2566660698876845
2.626212384978861,-0.13902421633160733,-0.23238127612629356,0.015769817088740368,0.27125168635736546
2.6286993285252422,-0.1887513322801755,-0.21651834114229151,-0.00344314041821292,0.2872614013481284
2.631186272071624,-0.21453255241558755,-0.21502364052541845,-0.01786758186718096,0.30426737010815275
2.633673215618005,-0.22594466621032228,-0.2087435751407729,-0.013138296815146333,0.3078920057335824
2.636160159164387,-0.22777605999484973,-0.19288975567595923,-0.0275625113472735,0.2997466987028835
2.6386471027107685,-0.22002671695721032,-0.200981019242934,-0.03240980506908109,0.29975910617613066
2.6411340462571498,-0.19790821714259021,-0.2090753629720421,-0.027680177512667825,0.28921680802052735
2.6436209898035314,-0.16620894741383108,-0.20280759049668218,-0.032527241496094206,0.2642240609839097
2.6461079333499127,-0.12971729481037664,-0.2061197318754764,-0.01822057663897958,0.24422102664266515
2.6485948768962944,-0.08843324322752677,-0.20943499378788077,0.005663010871874263,0.2274104765018611
2.651081820442676,-0.04235677673631533,-0.207964986096977,0.019969908204371833,0.21317206480094184
2.6535687639890573,-0.0010646862236982635,-0.2160749318107098,0.03427692244363989,0.2187793800292092
2.656055707535439,0.04980825385007337,-0.21461123055874687,0.04379565070923164,0.2246261370690819
2.65854265108182,0.1054736555690845,-0.22751591171778696,0.038949286795759264,0.253781853263349
2.661029594628202,0.16114313084345078,-0.24042377796654968,0.024526234454167906,0.2904689962908935
2.663516538174583,0.2120282914097653,-0.2341812285282736,0.029256914032350423,0.3172582720306158
2.666003481720965,0.25812915215186183,-0.22794188905383228,0.04835292263144275,0.3477444019722976
2.6684904252673465,0.299445727780953,-0.22170577177829998,0.053083840746442235,0.37634968749086256
2.6709773688137277,0.3407664361563905,-0.2298380987634503,0.05302647543029693,0.4144383220100245
2.6734643123601094,0.37251448500491086,-0.2331852686949567,0.06254603705171746,0.4439081186751239
2.6759512559064906,0.39947829184289596,-0.22695889008581593,0.07685412269362857,0.4658323728743106
2.6784381994528723,0.4168694673753315,-0.22552418459699775,0.06722031283289276,0.478706466558877
2.680925142999254,0.43905323541814645,-0.22409276047525806,0.057586624465290726,0.49628774732595415
2.6834120865456352,0.4564528030158221,-0.21787622583471755,0.052741461300868764,0.5085281436706652
2.685899030092017,0.45470297372316243,-0.21645139861811513,0.03831961376395654,0.5050489036474031
2.688385973638398,0.4577457774885387,-0.22939509663621083,0.03347469551661497,0.5131021948981055
2.69087291718478,0.44642761420906824,-0.23276531432592407,0.03820670693520256,0.5049129219345444
2.6933598607311615,0.4303253035357715,-0.23613886923504168,0.04772724507133752,0.49317271046648303
2.6958468042775428,0.41422726163187307,-0.23472736881942824,0.06682471361281728,0.4807771877921905
2.6983337478239244,0.3933450978529458,-0.2428960336855468,0.07155709632118779,0.4678025942842061
2.7008206913703057,0.3724672280286671,-0.23670285774704913,0.061924393555152335,0.44563966311152364
2.7033076349166874,0.3468052611820447,-0.2209362547094944,0.06186862227059642,0.4158298260710342
2.7057945784630686,0.32593601613144624,-0.22432665475036417,0.06660137949717537,0.4012386800821355
2.7082815220094503,0.30028269824894205,-0.22772045471473934,0.05696905229926408,0.3811453492868949
2.710768465555832,0.28421052934356184,-0.23111766460000016,0.047336850979093015,0.36936672473372945
2.713255409102213,0.2633543111383885,-0.22972989095462193,0.042493179193957786,0.35204685238076966
2.715742352648595,0.24729086179445064,-0.23792235348008672,0.04243803727654161,0.34577565504302143
2.718229296194976,0.2360201926690666,-0.2413298518281075,0.02322940895368042,0.3383566671003499
2.720716239741358,0.21517710499601395,-0.23995239548379343,0.01359771447136815,0.3225883389890609
2.7232031832877395,0.19912681976884294,-0.23378999380506604,0.0039661475088497156,0.3071237240603338
2.7256901268341207,0.18308094453826684,-0.23241946266364177,0.008699918342697899,0.2959951476917308
2.7281770703805024,0.15746268337357816,-0.22147560120320264,0.023010623963999777,0.272718586456333
2.7306640139268836,0.1653676767069281,-0.21532362836319408,0.018167844758073315,0.27210439910830453
2.7331509574732653,0.1732771116853934,-0.2187519563166842,0.02290200094978978,0.280003352611916
2.7356379010196465,0.1668257885777228,-0.2221837871504202,0.03721309283796259,0.2803235510720587
2.7381248445660282,0.1699557340561163,-0.23040753278705983,0.03237070079537041,0.2881326864025614
2.74061178811241,0.17787855471234804,-0.22905799174335817,0.027528438393755295,0.29131796842703145
2.743098731658791,0.17622905033954994,-0.22771197901334528,0.0274747092397849,0.289247788613093
2.745585675205173,0.16979563385458774,-0.22636950282650847,0.02263270697507025,0.2838766431234194
2.748072618751554,0.17294352465796414,-0.2154537646481649,0.013002431877737308,0.27658425598164815
2.7505595622979357,0.19524953867339478,-0.214118385742335,0.012949094182754806,0.29006334567682057
2.7530465058443174,0.19840645846553884,-0.21757497064868092,0.017684290839772743,0.2949859738294647
2.7555334493906987,0.18720269632642583,-0.2258235271047515,0.012842812153767369,0.2936086727771021
2.7580203929370803,0.1999454876353831,-0.21971044944481255,0.012789868347555355,0.2973456916676959
2.7605073364834616,0.20790442113299612,-0.22317776176427584,0.003160249718055397,0.3050287672516127
2.7629942800298433,0.19671429536694762,-0.21707185815446017,-0.006469236840258574,0.29301630778787746
2.7654812235762245,0.1951055386144166,-0.20618114918734687,-0.006521784436911204,0.283935505265682
2.767968167122606,0.19828975575762842,-0.20487085195503196,-0.001785796146336338,0.285121171236155
2.770455110668988,0.19669014820624786,-0.20356416682791956,0.002950324953065575,0.2830796510437822
2.772942054215369,0.19988353049948548,-0.1926842940566722,0.01247498241957068,0.2779141740311664
2.775428997761751,0.19350470042382018,-0.1865964503741635,0.02199977316690216,0.2697152098005324
2.777915941308132,0.18234206889635107,-0.18051223911305225,0.026736294104868108,0.2579692384403059
2.7804028848545137,0.18554925664502486,-0.17443166680774214,0.036261352100313005,0.25723494840902034
2.7828898284008954,0.18397265768573778,-0.16835473987445848,0.03620973741463196,0.2519928616008534
2.7853767719472766,0.16803547252601703,-0.15749306129133744,0.03615825690691565,0.2331252966207342
2.7878637154936583,0.16646812808741496,-0.1418466372394298,0.03610691079178352,0.22166599913380539
2.7903506590400395,0.15532861462014347,-0.14535749038437107,0.026478892639394402,0.21437562894616577
2.792837602586421,0.14898214878954485,-0.14887201339239153,0.02642781593796073,0.21226631029135362
2.7953245461328025,0.14742873715320715,-0.13802500213384494,0.04074208421095982,0.20602439461988545
2.797811489679184,0.13151477284120128,-0.1319700756054858,0.045479681056212584,0.19178278786107275
2.800298433225566,0.12518227872069565,-0.13549564272774584,0.04542900998964505,0.18998280725515704
2.802785376771947,0.11885445427150843,-0.1438133056654487,0.054955281164060565,0.19449609537063417
2.8052723203183287,0.11253130546947498,-0.13776945650790706,0.06448168812696231,0.18921312312007116
2.80775926386471,0.10142443482606556,-0.14130611711307584,0.06443142442214622,0.18548785180282795
2.8102462074110917,0.10468746131081541,-0.14005808266264186,0.054804490230333514,0.18324645487497326
2.8127331509574733,0.10316677718782319,-0.1388137615061913,0.04517769236918312,0.1787558899354767
2.8152200945038546,0.09686238786005674,-0.14236156188036153,0.045127837652696456,0.1780046578440469
2.8177070380502363,0.09535110522928825,-0.15070148858894505,0.06423173289121564,0.1895481137906131
2.8201939815966175,0.10342133773572304,-0.14946833636267032,0.06897055500864013,0.19440600333392663
2.822680925142999,0.1067078803976168,-0.13866210978150262,0.06892111080807162,0.1880528434856226
2.825167868689381,0.10521073805403847,-0.14222482991566388,0.06408340044838035,0.18815919817920804
2.827654812235762,0.11808352868572625,-0.13621448452138463,0.05924582740515483,0.18975819772863742
2.8301417557821438,0.12617264357193192,-0.12541948116630097,0.05440839183009771,0.1860372418186513
2.832628699328525,0.12947808713471876,-0.11941663062831731,0.03999428723073706,0.18062239542698047
2.8351156428749067,0.1375766702989013,-0.11341753361478535,0.030368723712628665,0.1808677321186052
2.837602586421288,0.14567999389106556,-0.11221059736447181,0.03510850805748689,0.18720706749216262
2.8400895299676696,0.14899965860106756,-0.12537263232767426,0.025483220481028468,0.1963888737329322
2.8425764735140513,0.15232407162323114,-0.1433268355650763,0.01585807107829318,0.20975386291389694
2.8450634170604325,0.1508648333756697,-0.137342790748177,0.01102146330023146,0.2043152289312876
2.847550360606814,0.1446219474617959,-0.13615092128470474,0.010973397274018026,0.1989296270092762
2.8500373041531954,0.1335954173505829,-0.1445396338737419,0.006137066482772013,0.19691903128556607
2.852524247699577,0.1273620530177635,-0.15772052846708062,0.010877681007748663,0.2030152250274376
2.855011191245959,0.1307102609854689,-0.16132839826964762,0.034772047606494993,0.21052581720512994
2.85749813479234,0.13406323768217487,-0.15057484302119173,0.034724536509742165,0.20457646121804987
2.8599850783387217,0.13263258272453726,-0.13982507563732138,0.015523551147980541,0.19334796202031154
2.862472021885103,0.13120670223827358,-0.13865590560838292,0.010687914870223025,0.1911933325108303
2.8649589654314846,0.134574002218121,-0.13749052903894965,0.020217627779967273,0.1934491150702489
2.867445908977866,0.14273448520810217,-0.13154054524981662,0.015382270055512848,0.19471174218393125
2.8699328525242476,0.14132294366147935,-0.1303827634190582,0.0009702451140469748,0.19228307459970861
2.8724197960706292,0.1399161865038362,-0.12922878266058513,-0.013441640310228209,0.19093793548675073
2.8749067396170105,0.143302619211779,-0.13286700862613676,0.0008770337948806883,0.19542275159891542
2.877393683163392,0.13711703385258966,-0.12693223358385008,0.015195847594565492,0.18746676153183678
2.8798806267097734,0.13572464228792458,-0.1353664762624356,0.024726397852331772,0.19327870076820522
2.882367570256155,0.1343370429712768,-0.14859293204692925,0.04862229793003259,0.2061320654933794
2.8848545138025368,0.13295423755011937,-0.14266958626037685,0.053364724662881,0.2021861369248292
2.887341457348918,0.12678782422586898,-0.13675005400802664,0.04853048476570798,0.19269389610136245
2.8898284008952997,0.12541461103571172,-0.13083433701369396,0.03890798162987075,0.18536525952174016
2.892315344441681,0.12883459925163454,-0.12971084022176438,0.03886242528419004,0.1869051741775348
2.8948022879880626,0.1274709833810067,-0.12859116183670238,0.04839381579341939,0.18742064964587354
2.897289231534444,0.12132376444841675,-0.12747530328442247,0.05313694325824159,0.18382857097366553
2.8997761750808255,0.11996974999626109,-0.11678645925179598,0.053091807737175145,0.17564326923494097
2.902263118627207,0.1329857474446931,-0.12046664756990033,0.053046812605966664,0.18711329863963924
2.9047500621735884,0.13164133752973578,-0.11936225608946671,0.05300195791697604,0.1854346177724595
2.90723700571997,0.12551332742884314,-0.11347328584537486,0.0433804370788895,0.1746758262724457
2.9097239492663514,0.12417852419900133,-0.10758814109616699,0.024182250137981143,0.1660731621861479
2.912210892812733,0.11806012149606404,-0.10649522600417072,0.000195800457808204,0.15899516906863578
2.9146978363591147,0.11194652281752948,-0.10540613799532794,-0.004636895319814371,0.15383100694018967
2.917184779905496,0.11541453486249942,-0.0995324744002577,-0.009469450438883698,0.15269871908231425
2.9196717234518776,0.10452214096977719,-0.10802784905625717,-0.00951346154480781,0.15061673238784593
2.922158666998259,0.09842295424344771,-0.11173864914369513,-0.009557331926567159,0.14921107944124049
2.9246456105446406,0.11148218435034396,-0.11066487503019751,-0.009601061555772006,0.15737589515542408
2.927132554091022,0.11018100763783567,-0.11438333363047404,0.01429736619460975,0.15946101760810352
2.9296194976374035,0.10409623022033121,-0.11331721848488607,0.023830724784636104,0.15570716295340004
2.932106441183785,0.10280465809708039,-0.10746652968176873,0.018999014233971323,0.14992936760409123
2.9345933847301664,0.1063062905121267,-0.11119647717818948,0.018955847840649298,0.1550000261504692
2.937080328276548,0.11460112659552474,-0.11014185091758177,0.01891282229828839,0.16006979848741276
2.9395672718229293,0.10853555208268006,-0.11387945735363125,0.028446744258602052,0.1598678020489554
2.942054215369311,0.10247477583837727,-0.11762089288822342,0.028404000448599476,0.15856399770576118
2.9445411589156927,-12.334276222876976,3.2544581836672544,0.03314980083459673,12.756448052681533
2.947028102462074,-12.254136146555346,3.485340853825429,-0.1249099707915331,12.740763559004698
2.9495150460084556,-11.810072623580886,3.591721209931107,-0.2590275849378916,12.34687701055949
2.952001989554837,-11.054758092018314,3.57838765594135,-0.36920304160740613,11.62535356774881
2.9544889331012185,-10.02649978008172,3.450128595901809,-0.4506479374853427,10.613065944004962
2.9569758766476,-8.758816512773823,3.2213092405870167,-0.49857386925982006,9.345708952831743
2.9594628201939814,-7.328322745088652,2.915871607499764,-0.5512880635044546,7.906360731497737
2.961949763740363,-5.797267722168472,2.5481809075897575,-0.5656948903502634,6.357794404451105
2.9644367072867444,-4.203958672659848,2.137390755213449,-0.5561595597747129,4.7487915534199505
2.966923650833126,-2.6058564385986034,1.6882895548529926,-0.5418356850782526,3.1518875787749367
2.9694105943795073,-1.0604218621268844,1.2296077276780468,-0.49878124968118165,1.6985913059578928
2.971897537925889,0.3988262311100962,0.7852872916231091,-0.46051507685016446,0.9938876339972013
2.9743844814722706,1.7335806120402217,0.34096303814562123,-0.42224876329202843,1.8165493524605627
2.976871425018652,2.9151108581277043,-0.08899982129054251,-0.36482869575529087,2.939199255003018
2.9793583685650336,3.924263353374405,-0.4758708651768191,-0.2978316809128785,3.9642148853356645
2.981845312111415,4.732307675037335,-0.8004964785612838,-0.23083452544034877,4.805082217979371
2.9843322556577965,5.3392438201928005,-1.0820302729713611,-0.1638372293751722,5.45024373040535
2.986819199204178,5.740283382494626,-1.3061070366095386,-0.08726298611675531,5.887646705702619
2.9893061427505594,5.945003165455814,-1.4823035741974129,-0.025053812309259627,6.127064078077632
2.991793086296941,5.953403165847931,-1.5962546737733285,0.03715550196319661,6.163799053343441
2.9942800298433223,5.775060186982582,-1.652748736575323,0.0993649566530106,6.0077260210609875
2.996766973389704,5.438704645352804,-1.6661509704011128,0.16157455171010326,5.69048975144592
2.9992539169360852,4.977855360672574,-1.6364613730069342,0.214207480441301,5.244324042409797
3.001740860482467,4.402089135956042,-1.554103135428376,0.2572637427915634,4.675447566790333
3.0042278040288486,3.7401363873998914,-1.4430182718634958,0.28595493538313477,4.01904119838981
3.00671474757523,3.0255159344240248,-1.3032067798296676,0.3050694614764158,3.3083473150159435
3.0092016911216115,2.2678045797497557,-1.1298802534452046,0.31460732100908295,2.5531440941497756
3.0116886346679927,1.5053095459239354,-0.9517691099923276,0.30499170727579283,1.8068871600883976
3.0141755782143744,0.7523960387961011,-0.7736617500738612,0.3049530401313003,1.1214493565956227
3.016662521760756,0.04737128072218588,-0.585981364254307,0.285760899584238,0.6536646611388687
3.0191494653071373,-0.5953995226380215,-0.3887279496618552,0.24262688224243867,0.7513173859246037
3.021636408853519,-1.1807047789999805,-0.19626671330915002,0.2138582145941914,1.2158617248091923
3.0241233523999003,-1.6893908795710033,-0.008597652171858705,0.18030128328170747,1.6990067734866705
3.026610295946282,-2.087939005690294,0.15033722024837726,0.13716768490580833,2.0978335360693903
3.029097239492663,-2.3859259686721193,0.29011471376724485,0.09403422602594702,2.4053381697367504
3.031584183039045,-2.597716983242722,0.4155232349548119,0.05568930987896792,2.63132939463112
3.0340711265854265,-2.7089468442975555,0.5121975771741409,0.017344533058816225,2.7569984033582196
3.036558070131808,-2.7339807667444473,0.5753493405027159,-0.011423297881906436,2.7938876477553576
3.0390450136781895,-2.6632419489795636,0.6241321416929417,-0.040190989674103506,2.7356925859368166
3.0415319572245707,-2.5350376226916262,0.658545984288851,-0.049804929129035,2.619652475587274
3.0440189007709524,-2.3397909864548545,0.6594372586257222,-0.045053519661756525,2.431359532852577
3.046505844317334,-2.077502045572311,0.6363827750326858,-0.0450903746504725,2.173253535048674
3.0489927878637153,-1.7721128220364746,0.5893825372698642,-0.06428070415525688,1.8686593157104472
3.051479731410097,-1.4427769346059862,0.5328017591293466,-0.0834708949962355,1.5402760752130913
3.0539666749564782,-1.0942827921655434,0.45227523455211305,-0.10266094727691666,1.1885061998637536
3.05645361850286,-0.7457840136463754,0.3765333874321426,-0.11227405446236993,0.8429570867885507
3.0589405620492416,-0.4068574114261264,0.29599941517205375,-0.12188702330108292,0.5176920450072272
3.061427505595623,-9.888941394640073,7.833811407816549,-0.1985375003873493,12.617415750419049
3.0639144491420045,-9.353681013142788,8.160284286541987,-0.4236283422786258,12.420187160634645
3.0664013926883857,-8.60293786960002,8.228179676689368,-0.6247770295578601,11.920730980805885
3.0688883362347674,-7.675019196645004,8.071016405817492,-0.7780415457397893,11.164791719451893
3.0713752797811487,-6.617809033634033,7.722313301552715,-0.8977871009037379,10.209580834272058
3.0738622233275303,-5.469614613364611,7.196435578307279,-0.9935905018107967,9.093546675348797
3.076349166873912,-4.268743168715519,6.51732525720074,-1.031932925341298,7.858917375249949
3.0788361104202933,-3.072655545927496,5.723289569379839,-1.0319679849010672,6.57740173022386
3.081323053966675,-1.910082171399536,4.8430589394164905,-0.9793304706557784,5.297425975218079
3.083809997513056,-0.8097534716101946,3.90057538862767,-0.8883855926950037,4.081595032393674
3.086296941059438,0.20917693352359967,2.9389345516765273,-0.7639217544697114,3.0437916708455144
3.0887838846058195,1.1131902140456964,1.977290046688975,-0.6155157627531533,2.351112084861117
3.091270828152201,1.8927095565230925,1.0443722984962678,-0.4671096342816199,2.211618044251522
3.0937577716985825,2.5429465507666418,0.15933492535164895,-0.3043381592307064,2.566044912634366
3.0962447152449637,3.044747576548889,-0.6586684544276491,-0.1559317576609356,3.1190778526362033
3.0987316587913454,3.4029010301682825,-1.3761190125014675,-0.002736816431493594,3.6706193548027493
3.1012186023377266,3.6365605178080718,-2.002593550349279,0.14566985767443974,4.154055011072426
3.1037055458841083,3.7361492256549633,-2.5237268527877106,0.2701346512312419,4.516744512770207
3.10619248943049,3.7160323564226245,-2.9395189145328557,0.37544596741293645,4.7529598775208415
3.108679432976871,3.590575112750998,-3.245181326919062,0.46160380607120466,4.861739355279181
3.111166376523253,3.3693542938861065,-3.435925681220768,0.5142429570950675,4.839687951048396
3.113653320069634,3.06194669900137,-3.5117519719721564,0.5333634203324831,4.689605104731579
3.116140263616016,2.7018711437995075,-3.4918138069290765,0.5429072122311283,4.448327728602015
3.1186272071623975,2.298704427309941,-3.3761111805068227,0.5332975259946373,4.1190502544287435
3.1211141507087787,1.8716001551319235,-3.1790092970229384,0.49974595814512135,3.722731963750614
3.1236010942551604,1.4397119327937093,-2.9196617640566656,0.470982928445018,3.289227901014115
3.1260880378015417,1.0078281557929383,-2.612433785809106,0.4374316300924459,2.834056158203508
3.1285749813479233,0.5855256228781363,-2.262113759783223,0.37993844964308465,2.3673512926400697
3.1310619248943046,0.20153474600997767,-1.8782784867450026,0.31286859689295454,1.91479322291995
3.1335488684406863,-0.14893288616118572,-1.4752931707241663,0.2314336683550593,1.5007439778369742
3.136035811987068,-0.45630047509171323,-1.0675230156943474,0.1499988738218896,1.1706046193117094
3.138522755533449,-0.720568028945992,-0.6645448222528345,0.07335261644350233,0.9829642472955316
3.141009699079831,-0.9369471526346786,-0.2807237942619061,-0.008081910592741437,0.9781314496394959
3.143496642626212,-1.1102262577751523,0.0743632677914361,-0.06557428753872685,1.11464443937798
3.1459835861725938,-1.226040142769088,0.3959279667950417,-0.12306653117152244,1.294248336937812
3.1484705297189755,-1.2843888160440937,0.6743935023705996,-0.17098183502773878,1.4607176368923207
3.1509574732653567,-1.290060689412532,0.9001830741933214,-0.20453179596601423,1.5863226043250975
3.1534444168117384,-1.2669977880319139,1.0972387052341062,-0.23808162412797707,1.6928966391628864
3.1559313603581196,-1.1960465072402946,1.2416183853133753,-0.2429008997741171,1.74101818179506
3.1584183039045013,-1.0867836623603528,1.333322120905665,-0.2381432363697531,1.736536440129726
3.1609052474508825,-0.9727280853786576,1.3723499185373438,-0.2477506507021925,1.7002719229338707
3.163392190997264,-0.8347261718199963,1.3634901881067552,-0.2525695296776078,1.6185378099711567
3.165879134543646,-0.6823547371922042,1.340261759485232,-0.22865785688351536,1.521247510046164
3.168366078090027,-0.529979000384046,1.278722622751078,-0.19995764911221592,1.3985679633903934
3.170853021636409,-0.36802216374279717,1.178872784634454,-0.17604571319669127,1.2474668125816628
3.17333996518279,-0.2156378495971384,1.059865865196644,-0.13776843604969358,1.090318979179711
3.1758269087291717,-0.07282606705351402,0.9217018712671625,-0.09949102782778141,0.9299120604434058
3.1783138522755534,0.06998998136393314,0.7691692130447425,-0.06600189204846707,0.7751619995466559
3.1808007958219346,0.1888682698307434,0.6070563007769687,-0.027724222269984722,0.636362481736904
3.1832877393683163,0.28859719238712256,0.4401515447594706,0.005765174666633399,0.5263601039657307
3.1857746829146976,0.37875354633675495,0.2732433553356204,0.029677895239078822,0.4679711076162269
3.1882616264610792,0.4401837090051071,0.11112014289624339,0.05359074588439938,0.457144782180898
3.190748570007461,0.4824644775837832,-0.03185287548031912,0.0918689363583951,0.49216509351454457
3.193235513553842,0.49123063260759736,-0.17004090259097326,0.13014725649341763,0.5358728872958368
3.195722457100224,0.4952125844394998,-0.29865552790540795,0.14927209279999865,0.597254372796548
3.198209400646605,0.4848335168257809,-0.4081199375272031,0.16839705834961194,0.6557308835991069
3.2006963441929868,0.46009342009973747,-0.4936457208349898,0.18752215293095986,0.7003831885172805
3.203183287739368,0.41141547790095245,-0.5648096771234652,0.18270535972967394,0.7222561286017113
3.2056702312857497,0.37231850369926345,-0.6168233956819298,0.17788869513300654,0.7421162695383849
3.2081571748321314,0.31407206774840457,-0.6401100624353253,0.16828375560484865,0.7325991934005845
3.2106441183785126,0.24146456349285006,-0.6490348798665142,0.1634673475685311,0.711528625163615
3.2131310619248943,0.17843799760727652,-0.6483862437745187,0.1538626641646612,0.6898685088696044
3.2156180054712755,0.12499236011440507,-0.6046453233530382,0.12031609189176073,0.6290429390016041
3.218104949017657,0.05239722106515149,-0.5561193375580551,0.09634645377032669,0.5668305086491712
3.220591892564039,-0.015405413015534775,-0.5123850853816703,0.08674215289751963,0.5199038406869654
3.22307883611042,-0.07362714893278216,-0.4447121392119411,0.057984365806582616,0.4544799561041417
3.225565779656802,-0.12226799686043899,-0.3674657012784861,0.029226705552737542,0.3883744391561066
3.228052723203183,-0.17569317698107428,-0.29022257044988375,-0.004319231411752611,0.3392873245440052
3.2305396667495647,-0.22911429624331958,-0.20819433559339506,-0.018711428714173195,0.3101424828700067
3.233026610295946,-0.2538009450410263,-0.12616939217694156,-0.04268030650664123,0.28662736050404847
3.2355135538423276,-0.2736951503377439,-0.0537245389492127,-0.06186065505985283,0.2856958208447225
3.2380004973887093,-0.2983737291818464,0.00914023202094505,-0.04752205468497017,0.30227267787340595
3.2404874409350906,-0.3134714820653435,0.0863669453048681,-0.04754853881949472,0.3286099250683187
3.2429743844814722,-0.3046232095249855,0.1588019956295681,-0.0667285110195035,0.3499515220428632
3.2454613280278535,-0.3005593420245249,0.1977149711192916,-0.06675474495961176,0.36590070218235504
3.247948271574235,-0.3060682934698291,0.24620150974053834,-0.05241564419860012,0.39628321112912174
3.250435215120617,-0.287631251247441,0.2851080063329179,-0.04286482225751165,0.40725385812349
3.252922158666998,-0.25961343598970377,0.29528085577274865,-0.0381022793774779,0.39502114326454246
3.2554091022133798,-0.2459568750117077,0.3054504861758396,-0.033339612480643765,0.3935813939084787
3.257896045759761,-0.22750796578738075,0.3204053090923846,-0.023788418490459762,0.39368175655670884
3.2603829893061427,-0.19947831579272968,0.3162033161862441,-0.0046602943316873535,0.37389551211794425
3.262869932852524,-0.17623314582562488,0.30720972571894034,0.009679549788373265,0.35430161014029854
3.2653568763989056,-0.1529840634428074,0.28863614270550064,0.028807920262686082,0.3279403037341466
3.2678438199452873,-0.12015427292032427,0.25569417219532076,0.05272481684230712,0.2873960078127686
3.2703307634916685,-0.09210899517486976,0.22753743587330444,0.07185343263640398,0.2557738600747867
3.27281770703805,-0.0784250478414672,0.19937753885640142,0.0670401541122434,0.22449114323902764
3.2753046505844314,-0.06473723199165715,0.16642608629472022,0.07659220757960306,0.1943062471132524
3.277791594130813,-0.04625715537521424,0.13825989333210265,0.09572118946418406,0.1744077654235881
3.280278537677195,-0.027773232419638305,0.1100905651838433,0.11006188954984353,0.15812939167914122
3.282765481223576,-0.009285474268735883,0.07712970709726763,0.11961430758013947,0.14262816807062292
3.2852524247699577,-0.005159102063338361,0.048954134312223285,0.10522483001617644,0.11616965374955875
3.287739368316339,-0.0010289170580275453,0.015987048818556282,0.09562387652096582,0.09695653748528833
3.2902263118627206,0.0031050694965638614,-0.012194734081801162,0.07644623687350993,0.0774750290611441
3.292713255409102,0.002454442994867745,-0.03080280237677613,0.05248031413286647,0.060901726545001374
3.2952001989554836,-0.002980807882500658,-0.05420235730547596,0.04287972131784912,0.06917695608654131
3.2976871425018652,-0.008412291168253927,-0.0680281801554723,0.038067651524213986,0.07840756360539376
3.3001740860482465,0.0005251917123700323,-0.10579908538811589,0.02846729784656432,0.10956326638970557
3.302661029594628,-0.004898790581331691,-0.11963103099059058,0.014078660018958189,0.12055617111106673
3.3051479731410094,-0.015107442859739528,-0.12867762140589756,0.018843754375859945,0.13092460486637927
3.307634916687391,-0.020523969964916344,-0.1377272510879597,0.028397370688100665,0.14211417838260923
3.3101218602337728,-0.00199477012949989,-0.1372031045019968,0.02837429872537811,0.14012056173528706
3.312608803780154,-0.007403888101213951,-0.13189357604678653,0.009197731576595203,0.13242103770768396
3.3150957473265357,-0.0032325122127071504,-0.12658706009409793,0.004386492212324455,0.12670427866651088
3.317582690872917,-0.013422670670120929,-0.11170674102813916,0.009152177039540632,0.11288191362485563
3.3200696344192986,-0.01882076182605885,-0.09682941648812715,0.0043411725031781145,0.0987370383992085
3.3225565779656803,-0.024215200663473546,-0.08674348076709171,0.004318688289266959,0.09016350962170312
3.3250435215120615,-0.029605998873316663,-0.06708371485133258,0.009084724121818155,0.07388688774005352
3.327530465058443,-0.04456997481499342,-0.042638512983279586,0.013850876403449064,0.0632168665909508
3.3300174086048244,-0.04516512363309155,-0.018196269380607255,-0.0005364684252278096,0.04869579458778075
3.332504352151206,-0.05054507038188555,0.006243025083672471,-0.01971210068246876,0.05461086352934655
3.3349912956975873,-0.060709826860811056,0.0258909762402304,-0.02931081068757102,0.07221599096671359
3.337478239243969,-0.051717388293685995,0.040747593263684934,-0.03890940536244081,0.07647873190869033
3.3399651827903507,-0.05229818645322387,0.06517809531282248,-0.029354271708136537,0.08857176571808109
3.342452126336732,-0.0576638298949515,0.08002887832712302,-0.015010619968935046,0.099775033732408
3.3449390698831136,-0.05823752387861675,0.08051154822952666,-0.010243660390125697,0.09989319878758555
3.347426013429495,-0.06359608696927649,0.08577972756666563,0.004100220024174206,0.10686175996801565
3.3499129569758765,-0.0354323045524606,0.09104502230538314,0.013655811026664466,0.09864646707957668
3.3523999005222582,-0.03599543176339359,0.09151903843392972,0.004057902369057231,0.0984269885516215
3.3548868440686395,-0.03176665735372297,0.0919901886022183,-0.0007514896354106071,0.09732358427006614
3.357373787615021,-0.032322799980111616,0.07809327219958728,0.0088044413645747,0.08497553029628806
3.3598607311614024,-0.037663871680348016,0.06898191187787317,0.00878367847718664,0.07908365446709562
3.362347674707784,-0.03821307787288308,0.06944452034792192,0.008763028051825827,0.07974692086537921
3.3648346182541653,-0.03397043063762356,0.06990430037922613,0.03747290971819339,0.08628337227973035
3.367321561800547,-0.02972434539516272,0.07514966472143936,0.047029289980052624,0.0935027429166843
3.3698085053469287,-0.025474834265698187,0.07081541286182391,0.051797378504302216,0.09136059489502744
3.37229544889331,-0.016433506068586734,0.05690155426709209,0.06614238495691005,0.08878435722302203
3.3747823924396916,-0.021753986243748746,0.04777330838302518,0.07091069576075171,0.08822613946346469
3.377269335986073,-0.007917463726238916,0.048219088032569246,0.0661023106190406,0.08220268944338195
3.3797562795324545,0.0011340326870333262,0.04387369277485709,0.05171722923409661,0.06782963030630422
3.382243223078836,-0.004176315857570834,0.025160325506401016,0.04212066126827807,0.04924056964950011
3.3847301666252174,9.3495011282696e-05,0.006444205741995113,0.03252420310181847,0.033156602907575376
3.387217110171599,0.004366646405969454,-0.0074862536278228475,0.027716257754699214,0.029039671798072736
3.3897040537179803,-0.005722083897772845,-0.021419446337131998,0.04206203488666915,0.047547341716754274
3.392190997264362,-0.006230691577589209,-0.030566959463726118,0.03725430763317661,0.048590574864056484
3.3946779408107433,-0.006735995568753539,-0.044505590031022724,0.03723509229289057,0.05841723442933443
3.397164884357125,-0.016814814821540625,-0.04887011844592859,0.04679279188239249,0.06971794493923848
3.3996518279035066,-0.02210195169922502,-0.03408372842103713,0.041985389495554415,0.058420627719045444
3.402138771449888,-0.027385821860455795,-0.028876830217188676,0.027601288147298675,0.04843227921288828
3.4046257149962695,-0.04224324429788523,-0.02846101083911856,0.008428890851741144,0.051629129643891956
3.4071126585426508,-0.052309021415850754,-0.028047857277993415,-0.0011665927371851126,0.059365621010691656
3.4095996020890325,-0.05758316559245813,-0.013272149871131678,-0.02512717952885346,0.06421328579760942
3.412086545635414,-0.06285409253850988,-0.01765270214609682,-0.044299256550594635,0.07889663473706453
3.4145734891817954,-0.072910217976761,-0.022035891094473126,-0.03474080751021802,0.0837162116212165
3.417060432728177,-0.08296315100088802,-0.012056497015969114,-0.03475905928035594,0.09075481114710954
3.4195473762745583,-0.08343609739534091,0.0027086832000042804,-0.029988802210986876,0.08870314296174905
3.42203431982094,-0.08869427955681702,0.007894449355231092,-0.025218439934084458,0.0925471083796471
3.424521263367321,-0.10831451657195124,0.008289214543920842,-0.020447972762060118,0.11053897578704355
3.427008206913703,-0.11835480429501921,0.018258198511744705,-0.006100594367433487,0.11991012786350674
3.4294951504600846,-0.12360355851157812,0.018647797772684438,0.02261209825623034,0.12703104748857844
3.431982094006466,-0.14321440497711296,0.023823232093072022,0.041748088192786525,0.15106559849304402
3.4344690375528475,-0.1484569362525464,0.038572914608442144,0.036942165165966045,0.15777216240526185
3.4369559810992287,-0.1489079714694551,0.03895483854195003,0.0417131521019396,0.1594711587443228
3.4394429246456104,-0.16850953972808763,0.03933422368841244,0.036907435402739,0.17693163911677684
3.441929868191992,-0.16895442697195062,0.04928788653116145,0.03689022471188963,0.17982153050016716
3.4444168117383733,-0.1646078556748961,0.04966222364015449,0.04166151971129928,0.17691174305689017
3.446903755284755,-0.16983504831727209,0.05003405151539253,0.046432916761894205,0.1830392463571463
3.4493906988311362,-0.17027080746364043,0.05519178334440333,0.05599281886456353,0.1875459319405662
3.451877642377518,-0.1850687589264185,0.050770219040981335,0.07034122569923085,0.20439165517433475
3.4543645859238996,-0.18549849532018353,0.05592298176828825,0.07990133030456015,0.20957407816890636
3.456851529470281,-0.17634843250656262,0.06586167809478383,0.0894615356795061,0.20842239960023046
3.4593384730166625,-0.17198379299226269,0.07100951127515831,0.09902184150209514,0.21077500050529793
3.4618254165630438,-0.16761618600680805,0.06657808789062392,0.08464023084817462,0.19922800073451727
3.4643123601094254,-0.1632456241036903,0.05735582116890647,0.055893510035151195,0.18183208868352274
3.4667993036558067,-0.16844892648028792,0.07207314094485939,0.04151209866111394,0.1878638677693746
3.4692862472021884,-0.16407249241496813,0.07721123389453277,0.04628439972196574,0.18714594055014583
3.47177319074857,-0.15490473779012232,0.07277010994108535,0.055845202931779525,0.18002681295061532
3.4742601342949513,-0.14573407849022224,0.07790339229353904,0.05104089468373907,0.17295240123904565
3.476747077841333,-0.14134893040140128,0.07345747760271815,0.04144828129232714,0.16460097558478168
3.479234021387714,-0.13217249945015874,0.07379758576560747,0.04143257239177878,0.15694684237261478
3.481720964934096,-0.11341639488419492,0.0789237267219236,0.041416961014217435,0.1442483896889588
3.4842079084804776,-0.10423424255328434,0.07447070045379522,0.03182464019121589,0.13199799343185548
3.486694852026859,-0.10941445834638158,0.07001532354795881,0.012655609594455441,0.1305137298561523
3.4891817955732405,-0.09064982826937057,0.07034600927356127,0.003063482176312249,0.11478387216428503
3.4916687391196217,-0.08145918813217201,0.07067436426154838,0.0030482576074088996,0.10788770536705167
3.4941556826660034,-0.07705414718117826,0.06142359182466084,-0.0017552744030862044,0.09855597505322218
3.4966426262123846,-0.07264631466137184,0.056958911879002816,-0.011347114185571883,0.09300839573210294
3.4991295697587663,-0.07302410645657137,0.05249193106092154,-0.011362052109991083,0.09064777536396224
3.501616513305148,-0.05903392184686651,0.043234256007954386,-0.020953701788959833,0.07611348395549859
3.5041034568515292,-0.04982938667230463,0.04355110663977335,-0.016180046952756655,0.06812826568378481
3.506590400397911,-0.04541051348877034,0.03907728295476298,0.002958912066301167,0.05998253028221221
3.509077343944292,-0.04098891152854239,0.02502439159220815,0.007732755013574177,0.04864264120044069
3.511564287490674,-0.03177619002024312,0.02533445911325405,0.007718288196466361,0.0413658439228242
3.5140512310370555,-0.03213757146971463,0.030430688836536657,0.017280721242247665,0.04751287877712108
3.5165381745834368,-0.027707858456531176,0.030736284080072895,-0.0018871727456648557,0.04142470277829509
3.5190251181298184,-0.03285227347737446,0.03103965812190168,-0.025843377500237352,0.05206354203832575
3.5215120616761997,-0.033205619101927986,0.031340820918538626,-0.02585747343452205,0.05247350882309326
3.5239990052225814,-0.03355631117563479,0.03642818574530615,-0.025871477485418737,0.05587818969588302
3.5264859487689626,-0.024327555577149496,0.03672495591478864,-0.021096986668357687,0.048842964629384734
3.5289728923153443,-0.024672978100791665,0.05138475465935377,-0.011534001319471798,0.058156530555060634
3.531459835861726,-0.02980418793274986,0.05167717200585864,0.007605881545037718,0.06013874922985111
3.533946779408107,-0.0253559876116628,0.037602217900362334,0.017169048307032142,0.04849359873796056
3.536433722954489,-0.025693599590766003,0.042678725528147776,0.007578691988637587,0.05038919770046178
3.53892066650087,-0.026028633034412718,0.0477530915478086,0.017142038814755622,0.05702365285335638
3.541407610047252,-0.0359379070599104,0.033671712614398164,0.04107068512712431,0.06412580269318091
3.5438945535936335,-0.0410562241746707,0.033953421902584324,0.04584580734527144,0.07028717132959222
3.5463814971400147,-0.04138359683836246,0.029444616059490336,0.04104421177120621,0.06530095575173875
3.5488684406863964,-0.05128524746256463,0.020145305009094283,0.055396317987874255,0.07813297618688035
3.5513553842327776,-0.06597278516823446,0.020420708631638362,0.06974851237477964,0.09815431066625181
3.5538423277791593,-0.07586941574630057,0.020694030200850033,0.07452398795175164,0.10834313966223942
3.5563292713255406,-0.0761867482979548,0.025753682946157763,0.07929955101957376,0.11294286871428898
3.5588162148719222,-0.081290005195234,0.02602287013054294,0.06013318463655537,0.10440907340363831
3.561303158418304,-0.07681398887757385,0.03586681161275429,0.04096690506385059,0.0941546832242528
3.563790101964685,-0.07233551837490154,0.045708710643917794,0.03137751860139737,0.09113869716468499
3.566277045511067,-0.077431412705741,0.050760173789131,0.016999814947320502,0.09413401417634708
3.568763989057448,-0.08731328091594182,0.05580961424750308,0.021775810361988945,0.1058891306210537
3.5712509326038298,-0.09719273203928624,0.06085704189094532,0.02655189122272006,0.11770730494102705
3.5737378761502114,-0.10706977841747123,0.06590246658421428,0.012174443906598498,0.12631424953933257
3.5762248196965927,-0.10257922241853534,0.05658068822371032,-0.006991321967324993,0.11735735909908188
3.5787117632429744,-0.10766309295996113,0.052045329940316076,-0.007003390139606935,0.1197877515764827
3.5811987067893556,-0.11753299902398368,0.0522964015757128,-0.016592180874432927,0.12970821077907851
3.5836856503357373,-0.11782374293852216,0.05254550964304139,-0.03096929119400471,0.1326746470911039
3.586172593882119,-0.12290054693934521,0.04800426064695351,-0.02140430151913364,0.13366786301042158
3.5886595374285,-0.13755182660725673,0.05303787436459384,-0.0022624221536453604,0.14744029189508737
3.591146480974882,-0.13783557758654513,0.06764636060315787,0.002514329957856276,0.15356105758494223
3.593633424521263,-0.13332861874870727,0.06309930923868823,-0.007074045527843964,0.147675609103087
3.596120368067645,-0.14797297891089706,0.06333874666112838,-0.002297129032228895,0.16097538979035925
3.598607311614026,-0.15782665367154836,0.06836468264906559,0.007268272460567715,0.17215054524289886
3.6010942551604077,-0.15810125189443974,0.06860032033041241,0.012045351966282425,0.17276313352106087
3.6035811987067894,-0.15358518906776275,0.06883407278371001,0.012034109141140448,0.16873458347296325
3.6060681422531706,-0.16343209062412062,0.06427754643631634,0.016811350281878745,0.176420726446593
3.6085550857995523,-0.1732767587371059,0.059719154345398984,0.021588671724190434,0.1845461548257824
3.6110420293459335,-0.16875399556318949,0.059947309557057515,0.021577669803676258,0.18038067184658985
3.6135289728923152,-0.16901742648358925,0.06017361846545377,0.03114355413709724,0.18209249237311187
3.616015916438697,-0.17885546690086096,0.05560968745318373,0.011979097817702566,0.18768381433541848
3.618502859985078,-0.1839029189182818,0.05583233285196876,0.0023915270636685193,0.19220627560007875
3.62098980353146,-0.17458298794111787,0.06084156434084731,0.007169244850922851,0.18501976570524148
3.623476747077841,-0.17004929927789192,0.0562721816256162,0.016735444194399207,0.17989829821927789
3.6259636906242227,-0.17509026825727741,0.05648940432139993,0.026301721429291547,0.18584788239077682
3.628450634170604,-0.18012910022781253,0.06149324206959639,0.035868076211093225,0.19368642301461425
3.6309375777169857,-0.17558900051853954,0.061706897857944476,0.04064610487494136,0.19050287186248718
3.6334245212633673,-0.1806235943606011,0.061918784621848744,0.055001017037222155,0.19870563807783279
3.6359114648097486,-0.17607928040257992,0.0621289119628905,0.07893281235334726,0.20271729959426674
3.6383984083561303,-0.161956070553955,0.06712569278921876,0.09328787719749343,0.19859067312873693
3.6408853519025115,-0.1526191866645264,0.08169753999498752,0.10285461454538236,0.2013608102701549
3.643372295448893,-0.15285704392254373,0.07232563989766128,0.11242142737277305,0.20306366340602722
3.645859238995275,-0.14830444421382938,0.06774042196429297,0.1028347020538618,0.19276397196566536
3.648346182541656,-0.13417299604339017,0.0727302990456935,0.08845964820510055,0.1764006763793885
3.650833126088038,-0.12961632449601423,0.06335326405590047,0.06929626548200218,0.16004999235284215
3.653320069634419,-0.1346344413532603,0.06355134309692101,0.045344553540170196,0.15563204857510685
3.6558070131808007,-0.12049693845252402,0.07811294897414545,0.02139291535557497,0.1451854049182617
3.658293956727182,-0.1159342474524015,0.0783076712351809,0.007018157224582211,0.14007889076324384
3.6607809002735636,-0.11615797674648481,0.07371232597431199,0.0022202788030032394,0.13759037829856854
3.6632678438199453,-0.11159133138497018,0.0834805359103985,0.002210876426426367,0.139379026724721
3.6657547873663265,-0.10223432303534136,0.07409348722261022,0.002201546430541157,0.12627964389396837
3.668241730912708,-0.08808696334145832,0.07428160923766969,0.002192288471453807,0.11524702473556246
3.6707286744590895,-0.08351447388426803,0.07925650802342288,0.002183102205384202,0.11515653410671986
3.673215618005471,-0.07894005961902212,0.06507617634953133,-0.012191222672260693,0.10302945040703027
3.675702561551853,-0.07915213543752986,0.06047104349195065,-0.02656547654406438,0.10308992283118507
3.678189505098234,-0.0793623095663401,0.06544111878740733,-0.031362853112796074,0.10753857337358524
3.6806764486446157,-0.06041698024617986,0.060832798273803945,-0.02658335272169232,0.08976366464118163
3.683163392190997,-0.05104657889574882,0.056222897893130064,-0.017015379034155842,0.07782217285669443
3.6856503357373787,-0.056039520306816915,0.061188233569386075,-0.0122357390337271,0.08386978641478327
3.68813727928376,-0.05145379932363442,0.07572881456772595,-0.007456029742836989,0.09185825602631445
3.6906242228301416,-0.05165463732707104,0.06632582689271782,0.011688958456879561,0.08487607802084558
3.6931111663765233,-0.04706523907031529,0.06170969969435891,0.016468805301167677,0.07933754037756441
3.6955981099229045,-0.03768561592081787,0.06666884550226015,0.0020951071275430166,0.07661155318756771
3.698085053469286,-0.037880989180357205,0.07162646686606289,-0.007490119804405282,0.08137212048166059
3.7005719970156674,-0.04765137016294396,0.06221736299585645,0.002078334124524517,0.07839625507189255
3.703058940562049,-0.03826635023363023,0.05280675300417048,0.006858451971258006,0.06557366153028496
3.7055458841084308,-0.038456360573911885,0.052971452663585605,0.011638636714842221,0.06648551970513045
3.708032827654812,-0.048221412415860754,0.05792306776590728,0.011630484693945675,0.07626043908220383
3.7105197712011937,-0.05798471032316188,0.0724500107235384,0.011622398888123442,0.09352171320616662
3.713006714747575,-0.0581694588314936,0.07739867732708561,0.01161437895687989,0.09751479370477671
3.7154936582939566,-0.04877566908893466,0.0775574799482972,-0.007547188721254372,0.09193034672292937
3.7179806018403383,-0.048956965496363525,0.07771483093830422,-0.026708691204964552,0.09565423986558821
3.7204675453867195,-0.053924955824418475,0.08265914262742502,-0.02192811223234159,0.10110033049718802
3.722954488933101,-0.06367965113516444,0.06844840740311575,-0.03151267870523178,0.0986576472651681
3.7254414324794825,-0.06864425582092037,0.049447844194133506,-0.012366761079869448,0.08549888848553434
3.727928376025864,-0.07360718420561713,0.054387881868806165,0.016356027023764597,0.09297084962963921
3.7304153195722454,-0.08814525390395322,0.04017289946920988,0.04029047530632823,0.10491315474222225
3.732902263118627,-0.09310486257899142,0.03553332582036983,0.04985977678912512,0.11143217677659724
3.7353892066650087,-0.09327442446539813,0.035680766483189075,0.05464073777505796,0.11383692538355811
3.73787615021139,-0.1078075637285757,0.031038423676160942,0.054633357926753945,0.12478244403658949
3.7403630937577717,-0.12233908126138265,0.026394709556417872,0.06899125018844998,0.1429101959239163
3.742850037304153,-0.12729218124638902,0.026538036258627162,0.07856080094225781,0.15191894621677976
3.7453369808505346,-0.12745527779629784,0.031468412574503724,0.07376520321127522,0.15058689860971095
3.7478239243969163,-0.13719359163345263,0.02682063731200568,0.07854647326117536,0.160346426941411
3.7503108679432975,-0.14214192352711996,0.026959929177966746,0.06896259415491279,0.1602716556283294
3.752797811489679,-0.14708868749642834,0.046251506856057834,0.059378775518338145,0.16522748820318947
3.7552847550360604,-0.14724549088828826,0.051176555803486234,0.03542980705585741,0.1598610198855731
3.757771698582442,-0.15697755429907811,0.056100294657079,0.01626930171446439,0.16749294251581878
3.7602586421288233,-0.17149648501195092,0.07059953870966806,0.02105087244160586,0.18665068568860116
3.762745585675205,-0.16207187367633208,0.06594387666774404,0.01146729234140409,0.17534932534963119
3.7652325292215867,-0.15743415075304396,0.0660753337372264,-0.007693035598764553,0.17091121773757822
3.767719472767968,-0.15758332674849485,0.07099391849828995,-0.017276498430106813,0.17369835557906185
3.7702064163143496,-0.1625194121363694,0.0663344295458459,-0.022071499804953376,0.17691796677546331
3.772693359860731,-0.1722424173574465,0.07125048869248918,-0.02207804005483105,0.18770061888208583
3.7751803034071125,-0.158021932897546,0.061800087843348006,-0.022084522831097075,0.1711078849229319
3.777667246953494,-0.16295359901390194,0.0571368487615449,-0.007725738503372881,0.17285306463411546
3.7801541904998754,-0.17267221608656574,0.05247237658367876,0.0018446993170204706,0.18047838493336332
3.782641134046257,-0.1728125844619729,0.04780667974152797,0.0018383869802178765,0.17931270909510172
3.7851280775926384,-0.17773992437464115,0.04313976664159114,0.011408937438423195,0.18325578854723237
3.78761502113902,-0.17308903610325554,0.04326004898524882,0.02097954372248978,0.17964238784920472
3.7901019646854013,-0.16364833317362393,0.052955938448298934,0.016184995543495617,0.1727630239611139
3.792588908231783,-0.16857143903819283,0.057862233399552654,0.006602099214624957,0.17834785063866404
3.7950758517781646,-0.1782815571930782,0.06276734546319407,-0.0029807422707079922,0.18903157967961107
3.797562795324546,-0.17362508445914815,0.058094476276444595,0.011378487362708967,0.18343965793127734
3.8000497388709276,-0.15939043422404758,0.05820884405191018,0.020949367867221014,0.17097501590006123
3.802536682417309,-0.15951963312172196,0.0583220536946385,0.04009710887856066,0.17451576845336417
3.8050236259636905,-0.17401269114946866,0.0632225167238456,0.044879693470521786,0.19050377998345677
3.807510569510072,-0.1741391983474453,0.07291024131183788,0.03529712131906315,0.19205793517231715
3.8099975130564534,-0.1646875679625917,0.07302002564324939,0.04007981202262023,0.18455435654067512
3.812484456602835,-0.16481142316722586,0.08270549111802472,0.044862555297422446,0.1897779026527966
3.8149714001492163,-0.1601455638557696,0.08760143586692415,0.04964535082124577,0.18916996074111178
3.817458343695598,-0.1602668064883514,0.08291946463418798,0.04963979495218496,0.1871501966872864
3.8199452872419792,-0.1555983542078485,0.08781319873834148,0.049634290689578364,0.18543346115819578
3.822432230788361,-0.15571702340224375,0.09749424286894781,0.059205644353722775,0.193023902906308
3.8249191743347426,-0.14625761382167307,0.10238579836771988,0.04483503238275155,0.18407694433841362
3.827406117881124,-0.13679694178140311,0.08812266322840312,0.040041277699808475,0.16757777589837003
3.8298930614275055,-0.1369118235601472,0.0834352652997623,0.05440118662715854,0.16930971629723301
3.8323800049738868,-0.13223705879835218,0.09311201580108674,0.044819128964292076,0.1678250324811484
3.8348669485202684,-0.13234946370119338,0.08363409936113975,0.030448717675424675,0.1594934717348024
3.83735389206665,-0.13246064447594935,0.07415513710395061,0.020866759084849917,0.15323259551608048
3.8398408356130314,-0.12778220729280637,0.08861715344558307,0.025650059517552393,0.15760462537208017
3.842327779159413,-0.12310256492534732,0.08871292960966315,0.03043340869764677,0.15475922504357018
3.8448147227057943,-0.11363332346919103,0.07923087667408923,0.03521680631088131,0.14293455659124799
3.847301666252176,-0.10895129894342559,0.08411301896938328,0.020846638762492375,0.13921195296847672
3.8497886097985576,-0.1090565006889131,0.09378255755514608,0.016053325661536277,0.14472801286858922
3.852275553344939,-0.10916053468849829,0.09387429014180215,0.020836866695939094,0.14547363918184775
3.8547624968913206,-0.0996866035668838,0.09875343433268435,0.0016784383121919433,0.14032988590592058
3.857249440437702,-0.09499992651238237,0.10363159442080017,0.0016736700825159545,0.14059621108372863
3.8597363839840835,-0.0951005127143203,0.0941435680293452,0.0016689484158511902,0.13382789062313324
3.8622233275304647,-0.09519996800353331,0.09423137931471937,-0.012700936957800835,0.13455073598845277
3.8647102710768464,-0.08093309153195305,0.1086834391226863,-0.012705566424846992,0.13610175113726622
3.867197214623228,-0.07145350565530922,0.10398093170700129,-0.003133343613100692,0.12620402319770607
3.8696841581696093,-0.08591483269083544,0.09927747781525786,-0.003137882110538115,0.13132868072813683
3.872171101715991,-0.08122145175310708,0.09457308488409844,-0.01271918222308166,0.12531069469842207
3.8746580452623722,-0.0765269850820568,0.08986776032035948,-0.017512034294915324,0.11932839199408166
3.877144988808754,-0.08140824823819126,0.09473831814160372,-0.00793963198973735,0.12516265242332936
3.8796319323551356,-0.08150004014155882,0.08524274909321505,-0.0031555888922927267,0.11797686450021325
3.882118875901517,-0.07680236963415005,0.0805346737733057,0.0016284980150498285,0.11129730305348107
3.8846058194478985,-0.08168045547979952,0.08540250278886452,0.006412628430449985,0.11834866325132928
3.8870927629942797,-0.08655749980160032,0.09026943675567578,0.011196802052900523,0.12556329224858204
3.8895797065406614,-0.08664510800368708,0.09034707957947541,0.015981018582227335,0.12619573084869454
3.8920666500870427,-0.07715488545083599,0.07605863181524253,0.01118847107848886,0.10891727919670242
3.8945535936334243,-0.07245205074962224,0.06655771390929299,0.011184369204162437,0.09901676147578323
3.897040537179806,-0.06295980586553629,0.08099794627731693,0.006391906021027793,0.10278842793987457
3.8995274807261873,-0.06304336932600985,0.08107210946056975,0.0015994845526812185,0.10271178948492987
3.902014424272569,-0.06791434633753801,0.07635701717263865,0.001595507823594744,0.10220224143908414
3.90450136781895,-0.0775727453871557,0.08600628973687474,0.011168378859132133,0.11635869278891388
3.906988311365332,-0.07765336496111303,0.08607791756287853,0.01595288740429801,0.11702114167226252
3.9094752549117135,-0.07294461678698932,0.0813603109511063,0.011160629845624825,0.10984068906745116
3.911962198458095,-0.07781171919299179,0.07664188017092677,0.011156815851784074,0.10978668398241348
3.9144491420044765,-0.09225468050632829,0.07192263214022487,0.020729848451736643,0.11880032704557165
3.9169360855508577,-0.09711989573283086,0.05283736378471149,0.020726114073804425,0.11248836812521654
3.9194230290972394,-0.09719577643968058,0.06248171184254314,0.011145612428476781,0.11608276335827288
3.9219099726436206,-0.10205913747411771,0.06733685989550287,0.020718763149046637,0.1240144644344914
3.9243969161900023,-0.1069215836821179,0.04824920145486056,0.03029195266663187,0.12115202389758632
3.926883859736384,-0.11178312318957662,0.04831437316444598,0.02549997073359833,0.1244186231707447
3.9293708032827652,-0.12622057072258291,0.04837876847245015,0.025496430345446797,0.13755800839211693
3.931857746829147,-0.14544553100576607,0.03886558743606061,0.035069734537694686,0.15457950270603055
3.934344690375528,-0.1503043987622843,0.038928450002633674,0.03985467306557666,0.16029732209885267
3.93683163392191,-0.14558558527623577,0.043778959486214575,0.02548603568529373,0.15414700110242754
3.9393185774682915,-0.1504427117520037,0.034263509208098064,0.01590583871651141,0.15511284049950722
3.9418055210146727,-0.16966418939231237,0.034324122340525065,0.011114081878307758,0.17345779127094724
3.9442924645610544,-0.16494279947633944,0.05353761206287633,0.00632236157044197,0.1735291769712355
3.9467794081074357,-0.15543216308620122,0.053596758319434556,0.011107484154605274,0.16478818534182643
3.9492663516538173,-0.1650743045834841,0.06323198750683146,0.030257852673161167,0.17934142835991826
3.951753295200199,-0.17950402172639174,0.06807809610680682,0.03504304692730287,0.1951520845992317
3.9542402387465803,-0.1795677089119026,0.058558283889296625,0.035039873281727196,0.19209744250127
3.956727182292962,-0.17484218041790733,0.05861457383425073,0.039825138102145274,0.18865709089221594
3.959214125839343,-0.18448105712192636,0.05867016564722016,0.030245227833413324,0.19593423024216772
3.961701069385725,-0.1749655233370207,0.053936662321808715,0.011088545522978777,0.18342588078248262
3.964188012932106,-0.17502600649925698,0.05399087678025882,0.011085510820874944,0.18349933590271866
3.966674956478488,-0.18466251408174228,0.05404441195153531,0.01587091349535541,0.1930619808904746
3.9691619000248695,-0.1847214402352227,0.049308870732225785,0.015867946636030084,0.19184672774354583
3.9716488435712507,-0.18956800231149096,0.04936106594743972,0.01586501329448886,0.19653050902766026
3.9741357871176324,-0.1848369976993124,0.04941260042889972,0.015862113203056083,0.1919841853770989
3.9766227306640136,-0.17531683702751955,0.049463480296157325,0.020647649415417746,0.18332745199430495
3.9791096742103953,-0.18016114084467755,0.04951371163625229,0.03022162166600495,0.18926962441600825
3.981596617756777,-0.18021630309564085,0.049563300503681074,0.025430416409065515,0.1886296443749406
3.984083561303158,-0.17548233096528087,0.04482384960005703,0.03500445330305091,0.1844682566866787
3.98657050484954,-0.1659592315972243,0.049660574875642904,0.039790118804353014,0.1777410836126105
3.989057448395921,-0.15643541541415468,0.054496675646515946,0.03978741265170882,0.1703671478244502
3.991544391942303,-0.15169929279749095,0.0497553511961053,0.03978473790524184,0.16453296258833805
3.994031335488684,-0.1421740641264434,0.04980181737672984,0.034993690985542614,0.1546552421777123
3.9965182790350657,-0.1422249463405077,0.0594244833673927,0.039779481595541455,0.15919048885235526
3.9990052225814474,-0.14706354305664798,0.0690465483534517,0.04456530283770732,0.16846714146360015
4.001492166127829,-0.13753624788961605,0.06909121148753528,0.04456275113591701,0.16023624364409855
4.00397910967421,-0.12800827765506062,0.07392368849109099,0.03498342291515755,0.15190349155698732
4.006466053220592,-0.11847963916642179,0.07875558177156039,0.020615721242153384,0.1437528243879633
4.008952996766973,-0.1137387425161771,0.08837530034423935,0.011036452505061689,0.14445933179961837
4.0114399403133545,-0.11378559443522468,0.09320604323070869,0.020610826413459904,0.1485238504791333
4.013926883859736,-0.11862020161320436,0.08367100941975947,0.02060842279523989,0.1466161557884604
4.016413827406118,-0.10908895741725855,0.08371222110957133,0.01581764472159186,0.13841363544832103
4.0189007709524995,-0.09955707841548511,0.07896447390302619,0.02060370190545946,0.1287303869862038
4.02138771449888,-0.10917818445505995,0.07421617665144131,0.02538978745936582,0.13443421493389549
4.023874658045262,-0.10443345881853705,0.08383254481396296,0.025387497817273896,0.1363039542207425
4.026361601591644,-0.1092649245910211,0.09344837389504468,0.006231622773663403,0.14391058144522534
4.028848545138025,-8.16819016633989,5.743802780655399,0.025383001928842575,9.98555182618083
4.031335488684407,-7.9910610947632605,6.146066620104179,-0.22840458077979697,10.083816785896053
4.033822432230788,-7.61281848770562,6.328063383936483,-0.41994289317153566,9.90836735044656
4.0363093757771695,-7.066981174728184,6.308946690767736,-0.5731739520879326,9.490709122624283
4.038796319323551,-6.377491178710471,6.103081755860262,-0.697674564408441,8.854758633134319
4.041283262869933,-5.5874441357722215,5.7248337944435965,-0.7790795204097947,8.037426133004322
4.043770206416315,-4.744724085312167,5.202933231675225,-0.8269656269691321,7.089907827835297
4.046257149962695,-3.863696243447139,4.585264105962,-0.846121287642088,6.055469991375742
4.048744093509077,-2.9587258262511518,3.8814032291142078,-0.8509117126237946,4.954129619275633
4.051231037055459,-2.077696873000769,3.1200810261915355,-0.8317600955066276,3.8397336838060516
4.05371798060184,-1.258916616290756,2.344393132181672,-0.788666436522421,2.7754359933333954
4.056204924148222,-0.5023850621123143,1.5734931654377835,-0.7168423325814928,1.8005927974125313
4.058691867694603,0.20147459022374645,0.8313231476017342,-0.6306529938743566,1.06273862493417
4.061178811240985,0.7999898982847883,0.1322482936405205,-0.5253100173089145,0.9661387389053537
4.063665754787366,1.3027376628419103,-0.4950009715494963,-0.4151786130732571,1.4541405230496747
4.066152698333748,1.7145062813867802,-1.045636239706387,-0.30983558803394295,2.0319658034313415
4.068639641880129,2.0161421348500848,-1.5196575059211122,-0.2236461523766824,2.534601673773046
4.07112658542651,2.226798830765536,-1.8883343453953092,-0.13745669304379682,2.9228982149847136
4.073613528972892,2.3512647667463837,-2.1516667532850127,-0.05605561357799793,3.1876728270555934
4.076100472519274,2.38475153380567,-2.3240199347396864,0.001403472518264337,3.32988145506579
4.0785874160656554,2.336835932957751,-2.4197590949412184,0.054074178306203535,3.364366251149354
4.081074359612036,2.2170947652572153,-2.4245190191821853,0.12111011684831574,3.28762366047425
4.083561303158418,2.063835251720869,-2.3478765093889096,0.16420406136441557,3.130319955428608
4.0860482467048,1.8626921768821896,-2.2089851741608326,0.18814441495841017,2.8956235885143147
4.088535190251181,1.6232423419163446,-2.003056605528114,0.2168731940166282,2.587312398575565
4.091022133797563,1.3550625480385492,-1.7540328154750648,0.2360251883641027,2.229020752797609
4.093509077343944,1.077306403144621,-1.4714906060572965,0.22644678450673794,1.83770286939557
4.095996020890325,0.7995507085296605,-1.1745835860032396,0.22165680547507804,1.4380749895022613
4.098482964436707,0.5265838622082943,-0.8728885574328502,0.22165525105867978,1.043243043570046
4.100969907983089,0.26319426223491316,-0.5664055158575663,0.20728850776704277,0.6580691099873502
4.1034568515294705,0.023747113344308568,-0.2742880701022399,0.18813338203275265,0.3334547049115972
4.105943795075851,-0.19175758965039252,0.008252187578244197,0.1785550836098686,0.2621468856791589
4.108430738622233,-0.3785314485757012,0.2716384549354771,0.16418840233182763,0.4939952825896519
4.110917682168615,-0.5461512751799507,0.49671712304892957,0.15461014463479295,0.7542634901244282
4.113404625714996,-0.6802518645704492,0.6834881962473558,0.13545510035457653,0.9737796454399245
4.115891569261378,-0.7712564151355477,0.831951678827743,0.1115116726094314,1.1399188159339197
4.118378512807759,-0.8383185451461654,0.9421075750551662,0.09235666783914276,1.264466061310725
4.1208654563541405,-0.881438259552992,1.0235326958038664,0.07320168252372738,1.3527420563831238
4.123352399900522,-0.9006155632675841,1.0570734319944117,0.05883511978505673,1.3899547491729196
4.125839343446904,-0.9006388644828861,1.042729787797081,0.03010336614463327,1.3781661682212365
4.1283262869932855,-0.8671429580717158,1.0188089939131117,0.006160034687644256,1.3378888675218752
4.130813230539666,-0.8144930587900749,0.9709458444889152,-0.0034180681401263513,1.2673383364111241
4.133300174086048,-0.7426891713942416,0.8895635369597121,-0.022572959133906778,1.159059976911721
4.13578711763243,-0.6708849138832409,0.7938156886513341,-0.041727831845523866,1.0401784112235957
4.138274061178811,-0.599080290936348,0.6932791102177003,-0.041729073184997745,0.9172101368833122
4.140761004725192,-0.5129100972335158,0.573588595679964,-0.03694189330333941,0.7703540409571713
4.143247948271574,-0.426739547338289,0.4443209556297081,-0.041731502350362604,0.6174700568955577
4.1457348918179555,-0.3549338557760531,0.3246298072681153,-0.04173269055281459,0.48280862793012175
4.148221835364337,-0.26876260715119776,0.20493834784332865,-0.032157054776867255,0.33951014946741237
4.150708778910719,-0.18259101591310173,0.0900349845337578,-0.022581401848430716,0.20483089913783242
4.1531957224571,-0.12036110311379317,-0.015291875513208986,-0.03215934523284503,0.12551836552985363
4.155682666003481,-0.05813085656443545,-0.11104222850123202,-0.013006851909873163,0.12601091695579458
4.158169609549863,-0.005477087280721771,-0.18285086070373824,0.006145658016915689,0.18303607529019905
4.160656553096245,0.0328117970795162,-0.240294575026343,0.0013561677654490012,0.24252821692678603
4.163143496642626,0.061524195536509285,-0.2785849644442737,0.015720307039229553,0.2857305323276453
4.165630440189007,0.08544850714781332,-0.3072988319241676,0.015719252417952134,0.3193448204877089
4.168117383735389,0.09979632436757124,-0.33122457714274134,0.0013530037246791693,0.34593475899328807
4.1706043272817706,0.10456764300733506,-0.33120858320545965,0.0013519807055359934,0.34732599298771966
4.173091270828152,0.09976245891563751,-0.31682765316989236,0.006139376545339914,0.3322198097139924
4.175578214374534,0.09495757461849252,-0.3024469934440561,0.01571519107073449,0.31739264649825333
4.178065157920915,0.07578777607712345,-0.2737013905441952,0.02529102078921497,0.28512431310062414
4.180552101467296,0.05661826921121116,-0.2353792442977194,0.03486686552980878,0.24459091431717658
4.183039045013678,0.03266064669571683,-0.19705735788228074,0.03965432180238615,0.20364377077567314
4.18552598856006,0.008703307882599098,-0.15394732454438653,0.04444179275863824,0.16046993252966657
4.188012932106441,-0.015253751160248796,-0.11083754420086,0.039652471590486016,0.11870112312935664
4.190499875652822,-0.03921053432876909,-0.048574400196674805,0.034863164772296784,0.07150089939822167
4.192986819199204,-0.06316704548295282,0.013688497531298527,0.039650678779588944,0.07582629443268306
4.195473762745586,-0.09670009508750599,0.061585942336970234,0.030072996846884692,0.1185247730342398
4.197960706291967,-0.11107926700889731,0.11427155078711504,0.006130118811435992,0.1594809369020901
4.200447649838348,-0.13503498492172883,0.1573801161770665,-0.008235938886768324,0.20753500622802185
4.20293459338473,-0.15899044590261874,0.18612323841362421,-0.008236773087819671,0.24492379671397504
4.205421536931111,-0.15900363703189596,0.21486613065577886,-0.008237593911891494,0.26742750166318796
4.207908480477493,-0.16859338519842199,0.23403198943198644,-0.013026804837371841,0.2887289373347048
4.210395424023875,-0.18297129069347567,0.24362081788246437,0.0061260139007011105,0.30474107726079336
4.212882367570256,-0.19734895377338962,0.25320942575928607,0.030067248865320195,0.32243706719781456
4.215369311116637,-0.1925727646987504,0.2436442028639796,0.04922009326126542,0.31443502488366654
4.217856254663019,-0.1925847435782871,0.23407876553200513,0.06837295025540158,0.3107355986344816
4.220343198209401,-0.20217329720494803,0.2293015201094204,0.05879539977356352,0.311303916232585
4.222830141755782,-0.19260800909510473,0.21015885631235598,0.049217861586488,0.28928703384915844
4.225317085302163,-0.1830424959340055,0.19580439039118636,0.054005545505111385,0.2734236887314616
4.227804028848545,-0.1782651644118564,0.18623812528687944,0.049216434779026486,0.2624602171863686
4.2302909723949265,-0.17827601786459019,0.1766716605920542,0.039638932580842834,0.25409930967666616
4.232777915941308,-0.1734982529536992,0.1671049991916842,0.0492150553655506,0.24586143700766247
4.23526485948769,-0.173508679588257,0.14796133730230965,0.034849173104923636,0.2306778795091658
4.237751803034071,-0.15915368772194016,0.1336058877142965,0.006118092295299249,0.20788905839594313
4.240238746580452,-0.14479849051723914,0.11925024990915212,-0.008247767284593976,0.18776381606861064
4.242725690126834,-0.14480830110342074,0.10968282998150647,-0.017825212417406533,0.18253083426899874
4.245212633673216,-0.1304527026938655,0.09053842071735119,-0.0321910498846556,0.16202276679159178
4.247699577219597,-0.1304621183127851,0.061817024836330337,-0.05134527982610493,0.15322547645445792
4.250186520765978,-0.1400481477094202,0.05224906495281045,-0.036980675817911646,0.15398382658328783
4.25267346431236,-0.12569197067854088,0.052257737091586876,-0.01782765791946339,0.1372849881301011
4.2551604078587415,-0.12091241346681592,0.047477833930221536,0.0013253704125197885,0.12990655507635604
4.257647351405123,-0.12570947904642327,0.03312095476007437,0.01569000572242274,0.13094291521847098
4.260134294951505,-0.12571796039645133,0.018763908806740393,0.03963145783700028,0.13314556804579455
4.262621238497886,-0.12093786042493904,0.023560311909846643,0.053996113341908014,0.13452373261801603
4.265108182044267,-0.11136918200807938,0.03314495664037498,0.053995568784866776,0.12812963864868396
4.267595125590649,-0.11137713795133286,0.03794103886326372,0.05878343731623481,0.13152901501556843
4.270082069137031,-0.12096173106770436,0.0475253676984706,0.053994508845292444,0.1407331089090795
4.2725690126834115,-0.12096935085759236,0.05232113895859358,0.04920558988397872,0.1406850223181631
4.275055956229793,-0.1401304199933262,0.05711675839118646,0.04920508362500087,0.15912259095165115
4.277542899776175,-0.14013771463182828,0.06191222839761368,0.030050973340296494,0.15612419442895206
4.2800298433225565,-0.13535644742259,0.07149595467381609,0.02047367882631157,0.15444161006110918
4.282516786868938,-0.13536342766408604,0.08107953624949094,0.02047319995870467,0.1591109696531068
4.285003730415319,-0.14015865798362653,0.08587457212884031,0.010895923332965296,0.16473497713406357
4.287490673961701,-0.14016533433752315,0.08588106461101042,0.010895462108152287,0.16474401143355824
4.289977617508082,-0.14496026593313088,0.10025262925115275,-0.003470200438410842,0.17628417587025746
4.292464561054464,-0.14017824534620255,0.10504725169649065,-0.017835854465827694,0.17607664030714637
4.294951504600846,-0.13060767840386928,0.09547653085050545,-0.003471080171191687,0.16182145098487685
4.2974384481472265,-0.13540218086449707,0.0954824855136942,0.0013168957650808721,0.16568762729060638
4.299925391693608,-0.14019654521473107,0.10985352118056912,0.015681686507390324,0.17879816189668157
4.30241233523999,-0.13541396723216603,0.10507081675853769,0.020469678658690427,0.1726146772445796
4.304899278786372,-0.1306312559464547,0.1002879876539704,0.025257678744857515,0.16661379244651237
4.307386222332753,-0.13063681703791596,0.10029343928795775,0.025257283331880487,0.16662137405300703
4.309873165879134,-0.12585384619709034,0.10508717373705867,0.02525689562741107,0.16589278303584384
4.312360109425516,-0.12585915236708423,0.10030398309282385,0.03483332216045021,0.1646656478795141
4.314847052971897,-0.12107593118125987,0.08115546606347701,0.04440975617978005,0.1523739388062698
4.317333996518279,-0.11150418488527636,0.07637204457561442,0.03962098761489763,0.14083925269316577
4.319820940064661,-0.11629752897789197,0.07637691396965263,0.03004382299789299,0.14234177016680685
4.322307883611042,-0.11630235236738962,0.0763816728827722,0.034831875502502996,0.143435200245899
4.324794827157423,-0.12109546385612818,0.07159791992874309,0.030043128420681242,0.14385048859824948
4.327281770703805,-0.11152325229696936,0.05723725369805921,0.020465984967275475,0.127013367621169
4.329768714250187,-0.11152773639814256,0.062030096000262436,0.0252540583190779,0.13009202995371674
4.332255657796568,-0.11153211159842147,0.057246028778140445,0.03483054173202227,0.1301141282329347
4.334742601342949,-0.10674797662981145,0.06203866715473261,0.03483022514272349,0.1282851172988795
4.337229544889331,-0.11154054347864906,0.06683120630848327,0.02525310844974271,0.1324591350663816
4.3397164884357124,-0.11633300750298442,0.057258438074925255,0.030041208154203858,0.13309534760025868
4.342203431982094,-0.1115485640343239,0.05726238082964086,0.015675700914485446,0.12636372104191487
4.344690375528475,-0.11634082829967102,0.05726622968371009,0.01088700655399144,0.13012738490935574
4.347177319074857,-0.12113299557797447,0.06205838968697819,0.0013099150143158766,0.1361108453635461
4.349664262621238,-0.11634826112217661,0.06685045922663146,-0.0034787671603986325,0.1342311572844471
4.35215120616762,-0.11635183676095961,0.06685403666796486,0.001309363254653917,0.13419734188344873
4.354638149714002,-0.12114372433642823,0.06206912367483275,-0.0034793071163043976,0.13616344457258622
4.357125093260382,-0.12114711902460557,0.07164933517072791,0.010885641555040237,0.1411692206907514
4.359612036806764,-0.11636202261686668,0.06686425285454911,0.02525059589484968,0.1365596617245747
4.362098980353146,-0.12594205016074717,0.052502281646055415,0.03482715249119828,0.14082194476493734
4.3645859238995275,-0.13073359011637614,0.06208224636569426,0.039615311253418994,0.15004949111620694
4.367072867445909,-0.13073664420041897,0.05729692200819869,0.0396150720918218,0.14813629313993512
4.36955981099229,-0.13552802074562098,0.05729992339113377,0.04919164487858829,0.1551481342257019
4.372046754538672,-0.14031931809944725,0.06209125203007382,0.04919141624466583,0.16113544005808278
4.374533698085053,-0.13553373126488544,0.05251729613872902,0.034825982782885845,0.1494667447330643
4.377020641631435,-0.1355364718225085,0.04773167047284543,0.0300373610088851,0.14680153478966096
4.379507585177817,-0.1499043480087841,0.05731118312722483,0.02046034087672588,0.16178538503886183
4.3819945287241975,-0.14511853815377018,0.06689062557492065,0.010883325622664586,0.16016301908462025
4.384481472270579,-0.13554425376722268,0.062104789268974336,0.00609471848385823,0.14921928552588118
4.386968415816961,-0.1403351096559871,0.06210728888471939,0.0060945193780916895,0.15358516041993722
4.3894553593633425,-0.14033749404136514,0.0716865291168145,0.010882728224055782,0.1579620348825146
4.391942302909724,-0.14512821504367973,0.07168889803877976,0.0013057316601141622,0.1618740307737697
4.394429246456105,-0.14513046747933833,0.06690280030623885,0.0013055462083482183,0.1598140848939476
4.396916190002487,-0.14513265610320858,0.07169344719614701,0.010882171790184358,0.1622401303664109
4.399403133548868,-0.14034637900724412,0.07648403336475162,0.015670398367005234,0.1606003575499323
4.40189007709525,-0.14034844422223625,0.07648615676960802,0.01567022586202782,0.16060315672972988
4.404377020641631,-0.1403504497961277,0.08127662531035629,0.010881654199350166,0.1625501429649622
4.4068639641880125,-0.14035239707545233,0.07649023026636836,0.015669893264885104,0.16060851859711672
4.409350907734394,-0.14035428738521122,0.0669153761797121,0.025246539664184553,0.15752581160463225
4.411837851280776,-0.13077931538843718,0.08128248417560924,0.020457980042740687,0.15533383570444548
4.414324794827158,-0.12599269232857208,0.07170752223602106,0.02524623092972078,0.14715128080172618
4.416811738373538,-0.13557122610778127,0.0669209114498015,0.039611292253601604,0.1562914591768839
4.41929868191992,-0.13557290136526867,0.08128786292690382,0.03482274402184338,0.16186522710276843
4.421785625466302,-0.13078612264152872,0.09086636119696889,0.010880586164638828,0.15962484965715437
4.424272569012683,-0.1307876977769743,0.09086800405322615,0.01566885181616051,0.160024776105624
4.426759512559065,-0.13078922463087667,0.09086959923232785,0.025245524306740208,0.1612465250531372
4.429246456105446,-0.13079070436280527,0.09565955113325009,0.006091780326935137,0.1621544567943948
4.4317333996518276,-0.13079213811250517,0.09566105417681925,0.010880056333757437,0.16240688502673373
4.434220343198209,-0.13558193032040045,0.09566251272773352,0.03003354562100391,0.16862914941776413
4.436707286744591,-0.13079487212622132,0.10045233113377927,0.02524502156142283,0.1668390857034458
4.439194230290973,-0.13079617457232257,0.11481891372597675,0.010879694052029265,0.17438288326161067
4.441681173837353,-0.14037424204135662,0.10524343825624838,0.006091176310969004,0.17555116505888946
4.444168117383735,-0.14037546229556064,0.10045632562409601,0.006091064955636938,0.17272476615957702
4.446655060930117,-0.1260114330394116,0.1004575767908511,0.006090956604243303,0.1612690476926389
4.449142004476498,-0.12601257520108355,0.11003559602199253,0.015667657836736737,0.16802522728094416
4.45162894802288,-0.14037888976856988,0.11003677096542219,0.03003276527293508,0.18087645133375513
4.454115891569261,-0.13559155446956883,0.09567269921414079,0.04918627885373894,0.17308271157418142
4.456602835115643,-0.13559258685759412,0.1004622049079078,0.04918618191932289,0.17577623479154794
4.459089778662024,-0.1451703911871809,0.09088646568656866,0.044397684373123525,0.176934865134406
4.461576722208406,-0.145171355093754,0.09088749901830795,0.034820786158432426,0.17477913767452632
4.464063665754788,-0.1355954794766282,0.09567690243417548,0.02045548721931567,0.1672083451005811
4.466550609301168,-0.12601957185858909,0.09088946680949705,0.010878594141255249,0.1557567702503712
4.46903755284755,-0.13080884306573515,0.09089040292650674,-0.003486699770782309,0.15932412197665
4.471524496393932,-0.14517489062613798,0.08610290495107886,0.0060900253514564184,0.16889803882256013
4.4740114399403135,-0.14517569877001357,0.08610378031568056,0.006089946212927799,0.16889917685675396
4.476498383486694,-0.13559967163303904,0.09089302979764913,0.010878272722466775,0.1636066949431126
4.478985327033076,-0.13560042329560268,0.08610544419903121,0.010878198188095212,0.1609967624347725
4.481472270579458,-0.14038955122049213,0.09568304087016832,0.010878125879523637,0.1702433670505381
4.483959214125839,-0.1356018462140191,0.10047220726454009,0.0013012491062625031,0.16877268255999173
4.486446157672221,-0.12602571234808108,0.09568454078265676,-0.008275625540200338,0.15845029976529168
4.488933101218602,-0.1308147636400359,0.10047365541284048,0.0013011151729784842,0.1649519648834473
4.4914200447649835,-0.13560379084976182,0.11005114852824116,0.010877857916865352,0.17497991649920985
4.493906988311365,-0.126027584722039,0.1052634075276333,0.006089392683565009,0.16431803850598384
4.496393931857747,-0.12123975922890656,0.08611043307771471,0.01566613934869565,0.14953097948187047
4.4988808754041285,-0.12602871836673923,0.07653424243360707,0.020454484585476607,0.14885937678798242
4.501367818950509,-0.12124084951579944,0.07174643291554972,0.020454428349090392,0.14235616553738117
4.503854762496891,-0.11645295996386112,0.06695860183092739,0.02524277723603774,0.13668190826179424
4.506341706043273,-0.12124185698451856,0.07653595975566363,0.020454321241954787,0.14482997023490718
4.508828649589654,-0.1212423312358078,0.08132489401093412,0.02045427028504143,0.14741715789648277
4.511315593136036,-0.11645438332289326,0.07174859854612681,0.030031027643563135,0.1400405205994932
4.513802536682417,-0.1260316271185457,0.07174909054055689,0.03481938331520773,0.1491452060308897
4.5162894802287985,-0.1164552399586754,0.07653796723954631,0.03960774057959782,0.14487462323269473
4.51877642377518,-0.1164556423299623,0.07175001923582913,0.04918450271703101,0.14535851264493452
4.521263367321562,-0.1212444314638394,0.0669620537118738,0.049184459727205976,0.1469804064389491
4.5237503108679435,-0.11645639793819945,0.07175087783848344,0.03960761157142301,0.14240450830548154
4.526237254414324,-0.12124515556039694,0.07653968549367818,0.015665554891352684,0.14423633665754967
4.528724197960706,-0.12124549488306574,0.08132847718473046,-0.008276500389488461,0.14623026940180323
4.531211141507088,-0.10688060976678199,0.0813288500873588,-0.022641747667215384,0.13620020314991116
4.533698085053469,-0.10209251730212593,0.08132920800681998,-0.03221859029825502,0.13444463442216012
4.53618502859985,-0.111669621286421,0.07654114809680213,-0.027430221677464672,0.13813424170532132
4.538671972146232,-0.12124671222391081,0.0669646708205085,-0.022641851800647927,0.14034844429550836
4.5411589156926135,-0.11167017728687395,0.05738817995079959,-0.017853480702040514,0.12681631782434524
4.543645859238995,-0.11167043683923716,0.06217688589065462,0.006088504865992661,0.12795828028865017
4.546132802785377,-0.12603589463206372,0.06217717579049742,0.02045368494856703,0.1420190168708484
4.548619746331758,-0.12124772784279048,0.057389050071780634,0.02524205951327474,0.13649789794591138
4.551106689878139,-0.1260363568019644,0.05260091246619236,0.030030435168932,0.13983506807887475
4.553593633424521,-0.13082497526685372,0.04302436005485788,0.03960721520463295,0.14330038802448877
4.556080576970903,-0.12603677698412058,0.04781300651067344,0.04439559294912776,0.14192364643511415
4.558567520517284,-0.12603697229155592,0.0573900455750076,0.05397237501298946,0.14863361995210456
4.561054464063665,-0.13082556155575048,0.05260186433909597,0.0491839480855063,0.14933634667288434
4.563541407610047,-0.12124893185195268,0.057390479767616576,0.03481871545809412,0.13859045273520249
4.566028351156429,-0.1260375034486131,0.05739068225352062,0.025241887063366164,0.14077036459284836
4.56851529470281,-0.14040287336224122,0.04781406882129646,0.006088252912636705,0.14844601324774423
4.571002238249192,-0.14040302531851262,0.05260265640835904,-0.003488573740037637,0.14997406151247106
4.573489181795573,-0.14519157291648987,0.05739123538080948,0.010876617039624392,0.15650127009940373
4.575976125341954,-0.14519170982411883,0.062179806057026,0.015665001983361293,0.15872099158611377
4.578463068888336,-0.1356150330205642,0.05260315878590749,0.006088177745308343,0.14558707155404488
4.580950012434718,-0.13561515607763291,0.06218011711108318,0.006088160902027795,0.14931477899082105
4.5834369559810995,-0.1356152726364971,0.06696866472417007,0.020453354749369268,0.15262582988378237
4.58592389952748,-0.1308269796500529,0.05739199526961114,0.025241742661833655,0.14507475761823163
4.588410843073862,-0.13082708402369053,0.0526037223057183,0.025241727936327507,0.14324811462553524
4.590897786620244,-0.13561558601390944,0.062180652742339415,0.015664907229647085,0.15001136644892255
4.593384730166625,-0.14040408254878234,0.06696917355972598,0.010876490480351109,0.1559374061885318
4.595871673713007,-0.14040417054842663,0.07175768833210361,0.0012996710259489674,0.15768381682003604
4.598358617259388,-0.13561585024548362,0.06218098734501121,0.010876465446621353,0.1495875380023932
4.6008455608057695,-0.1356159285055708,0.06218108743914641,0.020453260440254084,0.15058719587727148
4.603332504352151,-0.13561600222589237,0.06218118220584712,0.01087644270521615,0.149587755134469
4.605819447898533,-0.14040447493694813,0.06696967519033059,0.0012996255028507875,0.15556363008063978
4.608306391444914,-0.14040454020112636,0.07175816329026352,-0.003488787865952858,0.15771759746031971
4.610793334991295,-0.14519300485504433,0.07654664671683076,-0.008277200740463897,0.16434387677831552
4.613280278537677,-0.14998146576751248,0.07654672235423687,0.0060880001420891006,0.16849600743839072
4.615767222084059,-0.13082790651937237,0.08133519704108672,0.0204532014824359,0.15540170157638286
4.61825416563044,-0.11646274720833355,0.09091207096894882,0.015664789981773453,0.14857308565264593
4.620741109176821,-0.13561640792568497,0.10527734432311231,0.030029992185498955,0.17428978672617068
4.623228052723203,-0.1451932589517546,0.10527740400145857,0.03481838815508276,0.18269300586512777
4.6257149962695845,-0.13561649380293,0.10527746013802508,0.015664767913365907,0.17239652536606773
4.628201939815966,-0.1308281292318031,0.11006591622031614,0.010876358007070763,0.17131491609083255
4.630688883362348,-0.13561656870387628,0.11006596576911631,0.02524156174115788,0.1764752304626181
4.633175826908729,-0.14040500571801756,0.11485441558080156,0.03481836249914316,0.18470901649948157
4.63566277045511,-0.13082823044722663,0.11485445916495918,0.030029953625881234,0.1766617411518422
4.638149714001492,-0.12603985630127484,0.11006609666638667,0.020453141747898584,0.16857912687868573
4.640636657547874,-0.1260398834034061,0.11485453818552616,0.010876330171814885,0.1708681120284327
4.643123601094255,-0.12125150523109929,0.11964297721607897,0.006087922204644158,0.17045067413977655
4.645610544640636,-0.1260399318583913,0.10527780060606506,0.025241531114739146,0.1661523837214942
4.648097488187018,-0.13561676007319967,0.10527783172200422,0.034818333647409716,0.17517889091674482
4.6505844317333995,-0.12603997337745926,0.10527786072246714,0.025241523149906797,0.16615245209811713
4.653071375279781,-0.1260399917919247,0.09570108108162945,0.02524151953235787,0.16025576669625174
4.655558318826163,-0.13561681541102266,0.09091270287063669,0.02524151614276704,0.16520948611583305
4.658045262372544,-0.13561683104357158,0.08133591955460684,0.006087899688900222,0.15825460244402445
4.660532205918925,-0.1260400387754268,0.08133594119583254,-0.0034889099180190897,0.15004599027344606
4.663019149465307,-0.12604005196960333,0.08612436457112027,0.006087893952361867,0.15277618703860477
4.665506093011689,-0.135616870703901,0.08612438313282045,0.015664698008873046,0.1614147693156876
4.6679930365580695,-7.562430431575715,8.101911558493317,-0.08489177412525706,11.083254555742378
4.670479980104451,-7.404413132116222,8.489772243276699,-0.24769748925614188,11.267782418024872
4.672966923650833,-7.064436505595182,8.53765629107981,-0.38656118762706093,11.08815889307058
4.675453867197215,-6.561654165357011,8.255140508620778,-0.5254248858481692,10.558348427357723
4.677940810743596,-5.929584934703684,7.6948973324969625,-0.6403465673261675,9.735577341987488
4.680427754289977,-5.182594023652691,6.904810795981911,-0.7169610221080802,8.663124496942844
4.682914697836359,-4.335046642218385,5.93276493234578,-0.7648450568421818,7.387510886195475
4.68540164138274,-3.4348268236542863,4.812278564894503,-0.7696334615748999,5.9622475594203435
4.687888584929122,-2.505876584609444,3.6151777434933363,-0.7504798495945462,4.462302945676248
4.690375528475504,-1.5865031516910457,2.389346501402887,-0.7073842209079011,2.954041534928261
4.692862472021885,-0.7006485415426489,1.1874572752010972,-0.6355581722011454,1.5181888385327815
4.695349415568266,0.13253363251508687,0.04781729150208491,-0.5493669134414354,0.5671469498272992
4.697836359114648,0.8986781604842959,-0.9912662230828162,-0.4679640579159674,1.41747011279162
4.70032330266103,1.5929966390101171,-1.8962744452652718,-0.39134960563041865,2.507319201356446
4.702810246207411,2.1771818414979487,-2.657630568361316,-0.29079313666830053,3.447851745242286
4.705297189753792,2.651233767917192,-3.246604172407391,-0.1902366676364462,4.195911001695686
4.707784133300174,3.0199408215606582,-3.648830047404547,-0.10883381182091867,4.73770493795954
4.710271076846555,3.278514599081846,-3.897827016558433,-0.032219359265496905,5.093402744189496
4.712758020392937,3.4173782938160016,-3.9744414665536976,0.0683371099472474,5.242072999749452
4.715244963939319,3.4508971157017116,-3.8834618006786132,0.1497399659303067,5.197344371684945
4.7177319074857,3.3742826613981363,-3.6631952454660066,0.2119892086796078,4.984949579485579
4.720218851032081,3.216265350808082,-3.337583817489264,0.2790268547930026,4.643456097700345
4.722705794578463,2.976845183914133,-2.9066275167224034,0.3269108876653224,4.173363331706784
4.725192738124845,2.670387370661241,-2.3894799564224183,0.37000651725412226,3.602428069280782
4.727679681671226,2.311257120995588,-1.8244483631290658,0.39394853359528526,2.9708107910466155
4.730166625217607,1.9090312415449167,-1.249839963384564,0.39394853336550995,2.315533558860353
4.732653568763989,1.4732865389373273,-0.6848083704502146,0.398736936483866,1.6728798147413777
4.7351405123103705,1.0279650297635785,-0.1293535843083755,0.3891601296664806,1.1067475135333673
4.737627455856752,0.5874319239747319,0.38779397513551395,0.36042970959058707,0.7908033940314202
4.740114399403133,0.17084083484316454,0.8522690979356131,0.3316992895351536,0.9303620933937596
4.742601342949515,-0.2361734476000018,1.2449181708244992,0.2886036595371131,1.2995734768371128
4.745088286495896,-0.6144573100805897,1.5609527904944902,0.23593122291480384,1.6940469125765334
4.747575230042278,-0.9400687360033058,1.795584553636771,0.17847038298671514,2.0346264510403964
4.75006217358866,-1.232161338654929,1.9440250569414648,0.116221139751163,2.3045525248553638
4.7525491171350405,-1.466793101438742,2.001485897097696,0.05397189652691736,2.482003377178195
4.755036060681422,-1.639175621038653,1.9823322840749,-0.0034889433671168035,2.572265572179296
4.757523004227804,-1.754097300778624,1.9009294278416373,-0.05616137993222736,2.587188460632329
4.7600099477741855,-1.8211349473024137,1.7572773284047147,-0.08010339656801513,2.531989861621312
4.762496891320567,-1.845076963932998,1.5561643890904922,-0.09925700987710862,2.4157418245167133
4.764983834866948,-1.821134947352311,1.3263210298261932,-0.12319902650108006,2.256288538896994
4.76747077841333,-1.7493088975622217,1.0629588472962035,-0.1327758331595188,2.051241709796004
4.769957721959711,-1.6343872178845815,0.7852314547858752,-0.14714104313442888,1.8191922664040578
4.772444665506093,-1.4859467149612633,0.5075040622597036,-0.15671784978584746,1.578023604815774
