Time (s),Acceleration x (m/s^2),Acceleration y (m/s^2),Acceleration z (m/s^2),Absolute acceleration (m/s^2)
0.0,0.4134792084310206,-0.4956957706084335,5.9512090965972995,5.986114688529303
0.002486943546381497,0.12261026859519375,-0.47458262562974696,5.718432394150355,5.73940162325157
0.004973887092762994,-0.04854831409479221,-0.5588146293178786,6.663606076672988,6.68717254703468
0.007460830639144491,-0.12872692715421197,-0.757968649568137,8.662232336056835,8.696284042010781
0.009947774185525988,-0.10356032822265449,-1.038525924384567,11.527564120931896,11.574713620621322
0.012434717731907486,0.017374708450880183,-1.3861213050426628,15.058489169854694,15.122160236931032
0.014921661278288981,0.21013619864789046,-1.7576592228848926,18.982069171449613,19.06442952714485
0.01740860482467048,0.46993577142184595,-2.13398612584279,23.039731024159586,23.143118676621203
0.019895548371051976,0.7776198458552874,-2.505525268474662,26.963324819629598,27.0906484755254
0.022382491917433474,1.0900928244184902,-2.819604275440814,30.50385426261368,30.6532803385006
0.02486943546381497,1.3738359162109368,-3.0762232079084466,33.44584188092091,33.615099486289026
0.02735637901019647,1.6144839436012286,-3.2610169170659358,35.62648263868178,35.81182842221032
0.029843322556577963,1.8120369389060624,-3.3500434474418004,36.94522074297391,37.14102320500578
0.032330266102959464,1.9281877078660854,-3.3528796667861704,37.34459603052599,37.54435460332075
0.03481720964934096,1.9773014927311177,-3.2743140395069426,36.84376279094503,37.04178330234513
0.03730415319572246,1.964166729095383,-3.11913502998875,35.49539413681872,35.68627129868141
0.03979109674210395,1.8839950458968004,-2.8969195059119386,33.43356603690373,33.611678296400186
0.04227804028848545,1.7415748786975276,-2.636397948212162,30.816296476267134,30.97785992790079
0.04476498383486695,1.5656366796441865,-2.3471472245165454,27.835122262912193,27.97774740213145
0.04725192738124844,1.3705456909046612,-2.0578978157048486,24.657638187919872,24.78129253927455
0.04973887092762994,1.1563019446673883,-1.7782265893456284,21.518476688519904,21.622764924603697
0.05222581447401144,0.9468474897031565,-1.5224988162964714,18.59480936174799,18.68104542080373
0.05471275802039294,0.7757011814034576,-1.3194449773432768,16.049442594313827,16.1222596108375
0.05719970156677443,0.6380746485766687,-1.1738535366364329,14.040394369227004,14.10382024226243
0.059686645113155926,0.5387563266504698,-1.0905129582910482,12.663433425938557,12.721714625980436
0.062173588659537427,0.49211145767114206,-1.074211706385626,11.95686766364655,12.015106691280925
0.06466053220591893,0.48856326706068653,-1.1249498416404209,11.930274561203317,11.993150433385834
0.06714747575230041,0.5329001901786206,-1.228362214775491,12.564501177100782,12.635645854990852
0.06963441929868192,0.6107570490790926,-1.3796604831109445,13.778145326213673,13.860511384935313
0.07212136284506342,0.7221338757523725,-1.5596910939640454,15.461074403027077,15.556314966567081
0.07460830639144492,0.8622422988429067,-1.7636657045697777,17.503155801543734,17.61290553862433
0.0770952499378264,1.0023519303673725,-1.982007568798275,19.74637288206635,19.870890905862527
0.0795821934842079,1.1233091889561773,-2.1955631338332013,22.032709004386213,22.170308682573687
0.0820691370305894,1.2394793164543225,-2.3803904434907444,24.194570721127988,24.34296243309437
0.0845560805769709,1.3412855380769673,-2.5269127514995593,26.09309500429776,26.24945602963334
0.0870430241233524,1.3952090624087397,-2.63991852149946,27.642091261870128,27.802895307099586
0.0895299676697339,1.420403534528047,-2.705042603797926,28.745792094609698,28.907704247065126
0.0920169112161154,1.4168689862017012,-2.6983430420094274,29.33237211929888,29.490280213003118
0.09450385476249688,1.3893938524857987,-2.643761912897877,29.406620405246883,29.557896000691542
0.09699079830887838,1.3284013584437842,-2.570029696492507,28.982902827791058,29.126935285662093
0.09947774185525989,1.2434683423879573,-2.4484160329225277,28.099527278243457,28.2333913628799
0.10196468540164137,1.1537484492381664,-2.293286192142385,26.81874366387654,26.941330864526876
0.10445162894802287,1.0592417105992538,-2.1333706540086013,25.245897521190138,25.358008695465276
0.10693857249440437,0.9695249646822546,-1.963881075075363,23.505487999295653,23.60730339575474
0.10942551604078588,0.8893866463427822,-1.799182725116668,21.664553406776875,21.75731926042679
0.11191245958716736,0.8188267870803532,-1.6392756638828647,19.847592891363277,19.932000541609792
0.11439940313354886,0.7674222249986498,-1.5128903709821744,18.19347081003302,18.27238775479428
0.11688634667993036,0.7399613948439135,-1.4248153093559899,16.778802275873915,16.85543969597074
0.11937329022631185,0.7412327313245844,-1.3606853285979086,15.684990804553628,15.761339634192913
0.12186023377269335,0.7425058458684483,-1.3444425047962074,14.959921087743147,15.038553106311578
0.12434717731907485,0.7629343830672801,-1.3617216874075884,14.61795899310281,14.701057103176552
0.12683412086545634,0.8168835841527436,-1.4077345324590258,14.668681984190135,14.758700703559244
0.12932106441183785,0.8851998670738563,-1.4681158892652704,15.092937103844363,15.189986619137708
0.13180800795821934,0.9439412464181971,-1.5620194303103907,15.814110554250611,15.919077309926518
0.13429495150460083,1.0026845599737526,-1.675080004762152,16.78431895669166,16.89747413636496
0.13678189505098234,1.0470646288845096,-1.7785672517520208,17.93652531833105,18.05487707798634
0.13926883859736383,1.0818698875326052,-1.9060000534988961,19.174962225558488,19.299804532924227
0.14175578214374532,1.111888770256429,-2.009494435698503,20.418227473859112,20.546979770729823
0.14424272569012683,1.1323329047093433,-2.07947365052996,21.584918857838645,21.71439869233809
0.14672966923650832,1.1384139184996587,-2.144668176654541,22.588845767889488,22.71896874779503
0.14921661278288983,1.125343439189985,-2.181136056128509,23.391701626700478,23.520107511320045
0.15170355632927132,1.1074867075778352,-2.179300540886251,23.931237839438573,24.055769000028775
0.1541904998756528,1.060901737851234,-2.1631037060203058,24.18351303689937,24.303226801111336
0.15667744342203432,1.0143189806740085,-2.1229688032957643,24.115009042290424,24.229517136007303
0.1591643869684158,0.9821036767007771,-2.058895891031865,23.768822130983416,23.878033533275392
0.1616513305147973,0.9307370333341212,-1.9708850274601435,23.183260174055334,23.285493585376848
0.1641382740611788,0.8889495010911389,-1.8733014806841668,22.37268902499389,22.46857146910114
0.1666252176075603,0.8519527071965608,-1.7709337120767579,21.418512182770016,21.508479577862705
0.1691121611539418,0.8245350854649288,-1.6781469895600418,20.373402725418373,20.459021825048648
0.1715991047003233,0.8114850696593442,-1.5853645643620586,19.294822133266187,19.37684313748227
0.1740860482467048,0.803225883529901,-1.5021633008983728,18.259385498880995,18.338670213493778
0.1765729917930863,0.7997575574146248,-1.44769687013026,17.324554300494892,17.403322099220677
0.1790599353394678,0.8154453315591578,-1.4171769263213374,16.538213208632197,16.61883984107903
0.18154687888584928,0.8263472195927086,-1.3962383169973025,15.943458489416301,16.025797944842584
0.1840338224322308,0.8468284616524229,-1.3944579061869558,15.545079181314804,15.630454825402198
0.18652076597861228,0.8721006845390257,-1.4214125578194436,15.367017934970008,15.457238222825904
0.18900770952499377,0.9021639183177654,-1.4579487158012285,15.404486979982895,15.499604295267781
0.19149465307137528,0.9274413863568659,-1.508854840538345,15.657486948142427,15.757337591934558
0.19398159661775677,0.9383563119675401,-1.5693425856930485,16.073346033568868,16.17701460203097
0.19646854016413826,0.9492739350049468,-1.6250467981826633,16.62812284914632,16.734287184886764
0.19895548371051977,0.9554058819847723,-1.675967534779982,17.269145586666163,17.37656631416112
0.20144242725690126,0.9519637793638781,-1.736470062112116,17.943742436736187,18.052685560596228
0.20392937080328274,0.9389476568600139,-1.7778240168156052,18.59445318544765,18.702833213256586
0.20641631434966426,0.9259343507715316,-1.8143946653008935,19.192548037604794,19.30034410571943
0.20890325789604575,0.9129238906955403,-1.83660525726682,19.71887400343099,19.82525008327535
0.21139020144242726,0.8855510962070016,-1.8396674456213509,20.106394058712503,20.20979116910172
0.21387714498880875,0.8677580133815742,-1.8283696898007697,20.335955211192225,20.436413923288654
0.21636408853519024,0.8595446716309658,-1.7979236424872975,20.407558080635386,20.504628094194995
0.21885103208157175,0.8321806803820356,-1.762694569529847,20.31162647889529,20.40494516161245
0.22133797562795324,0.8048196822012113,-1.7131057200601019,20.048161023182217,20.13730931232879
0.22382491917433472,0.7918269162704681,-1.6587339563742165,19.669834765933977,19.75552550357758
0.22631186272071624,0.778837201785192,-1.604367737330148,19.176648321756787,19.259398331199442
0.22879880626709773,0.7706389711567271,-1.5404303117059266,18.592544320538103,18.672158800745606
0.2312857498134792,0.7720206567305538,-1.4812869447610622,17.97019581075481,18.04766368215033
0.23377269335986073,0.768617077504468,-1.4413029016338892,17.352699032898627,17.429408767725047
0.23625963690624222,0.7700050690108271,-1.4109014307389192,16.759208209503207,16.8361103127487
0.2387465804526237,0.7761846600737955,-1.3852941836876247,16.208877561733658,16.286473357150268
0.24123352399900522,0.7871558794494092,-1.3788464252483057,15.749591729296538,15.829417913571483
0.2437204675453867,0.8077071591453262,-1.3771930001418853,15.395716527263975,15.478279581479446
0.24620741109176822,0.8186849144983956,-1.3851223662439662,15.1711945759446,15.256275883054402
0.2486943546381497,0.8200891740569145,-1.4074229813025272,15.076026477629672,15.163771300566847
0.2511812981845312,0.8214967729394524,-1.439306496296234,15.081482413261032,15.172263243159613
0.2536682417309127,0.8276961428733667,-1.4711961587536986,15.206716595544481,15.300121851137886
0.2561551852772942,0.829110505553629,-1.503092022713369,15.427787605852254,15.522993920969382
0.2586421288236757,0.8305282925641571,-1.539782545402176,15.720754024094308,15.817800561960317
0.26112907237005717,0.8271611287757119,-1.5716909739532476,16.04252081542562,16.140535374141958
0.2636160159164387,0.8094322356656729,-1.5988173620064345,16.388300170078452,16.48598738219162
0.2661029594628202,0.7964952545596871,-1.6163733597463517,16.75330427678861,16.84993387878117
0.26858990300920166,0.7931386167483269,-1.6243590205419718,17.04176565969809,17.137368172886365
0.2710768465555832,0.7945739468068715,-1.6419280109065464,17.28241532775793,17.3784105979536
0.2735637901019647,0.7720708526338442,-1.635561560691913,17.470465465146766,17.56383553183033
0.27605073364834615,0.7591481852161112,-1.619624932814042,17.558032624619017,17.648909329964148
0.27853767719472766,0.760594375542424,-1.5845413734473528,17.549905793900063,17.637700205611846
0.2810246207411092,0.747679031282591,-1.5494645485471503,17.46045076579246,17.545005137237393
0.28351156428749064,0.7395557932322698,-1.5239713172861333,17.280091314922757,17.362919892670217
0.28599850783387215,0.7505898987890194,-1.488908118772164,17.00882802097284,17.090361705632233
0.28848545138025367,0.74726255206898,-1.4490634085707206,16.670603478629967,16.750140489724043
0.2909723949266352,0.7535157969532379,-1.4188024487429836,16.28457187765418,16.363620249911158
0.29345933847301664,0.7645612573216991,-1.3837600812823676,15.893829422789402,15.972262194175064
0.29594628201939815,0.761245347013525,-1.3678783745979346,15.503165090588762,15.581999664744332
0.29843322556577967,0.7579333030297571,-1.3424269604274977,15.136521469247736,15.214823535779896
0.30092016911216113,0.7594135556500115,-1.326559503563225,14.793899128710791,14.872656806887894
0.30340711265854264,0.7656861317522987,-1.3250644586866303,14.523182670465603,14.60359222765908
0.30589405620492416,0.76238584817191,-1.3235766670473197,14.310007451165449,14.391296002356965
0.3083809997513056,0.7638779415837422,-1.3268845830245541,14.163950842384471,14.246460461173864
0.31086794329768713,0.755797228658067,-1.3349882575247527,14.118532230607391,14.201632844334341
0.31335488684406865,0.7620857525444218,-1.3526761446211903,14.121079740852085,14.206174731220282
0.3158418303904501,0.7492247164648873,-1.356006278310895,14.176382336268782,14.260782126049538
0.3183287739368316,0.7411561634011079,-1.354555515677791,14.289228978286232,14.372410998071812
0.32081571748321314,0.7378801196485117,-1.3722659236105441,14.430889803359445,14.514756675631142
0.3233026610295946,0.7298198047767783,-1.3756187289969706,14.601365366123758,14.684169516525271
0.3257896045759761,0.7265520515512476,-1.374190788449697,14.762348992900577,14.843962610936003
0.3282765481223576,0.7137116760496467,-1.377558958422458,14.937783251414043,15.018136419232762
0.3307634916687391,0.7200291241460051,-1.3665696752873342,15.103726674414068,15.182506844142717
0.3332504352151206,0.7167740017836366,-1.3555881984979297,15.207507372947834,15.284621841308423
0.3357373787615021,0.7039463347403117,-1.3350377707447527,15.258702699436073,15.33316256880123
0.3382243223078836,0.695911358666869,-1.3001300378762157,15.266890004499388,15.33794514085876
0.3407112658542651,0.6878806958445813,-1.293960678780587,15.217704620347146,15.288101517261088
0.3431982094006466,0.6798543717862737,-1.2782225157366942,15.106358684010194,15.175576676243423
0.34568515294702806,0.6814092185561966,-1.2577040007411964,14.961583153932997,15.029807329059992
0.3481720964934096,0.6781800515273997,-1.2419819889452386,14.778590163479919,14.846183841757432
0.3506590400397911,0.6749552992641099,-1.2166913187317294,14.55738024748841,14.623721212162367
0.3531459835861726,0.6765233902400503,-1.1961972482379513,14.317107552220746,14.382911402636472
0.35563292713255407,0.6733075428770743,-1.190076632112537,14.072137818753298,14.138411800042547
0.3581198706789356,0.6605193788259924,-1.17917590491309,13.822471576326794,13.888393072738632
0.3606068142253171,0.6573125362473988,-1.1778603242694263,13.587262965579482,13.654051765304093
0.36309375777169856,0.6541102332878161,-1.1813415343593214,13.380877721936642,13.448840716861607
0.36558070131808007,0.6509124946417779,-1.1896195825092732,13.198527965640682,13.268007472358821
0.3680676448644616,0.6477193449107921,-1.1979061125530737,13.049791024984547,13.120654145279149
0.37055458841084304,0.6445308086029313,-1.2109895747919528,12.94424422634198,13.0167343947966
0.37304153195722456,0.6413469101324273,-1.2240816127125447,12.886676490838507,12.96056066045166
0.3755284755036061,0.6238024638583313,-1.2371822729470336,12.867511527702176,12.94189330839806
0.37801541904998753,0.6158395106075487,-1.2407147953114452,12.881961447536248,12.956217126998924
0.38050236259636905,0.6174580745103839,-1.2442560327267493,12.920449955670026,12.994901100267311
0.38298930614275056,0.6142929696407702,-1.2573828379368441,12.963823948830138,13.039137196530682
0.385476249689132,0.6111326232580667,-1.2657300469062358,13.026449145014952,13.102058348309717
0.38796319323551354,0.6079770592051097,-1.2597208987411594,13.093960840322218,13.168460173275259
0.39045013678189505,0.6144031078687647,-1.2537206489700816,13.147205925542357,13.221131959602733
0.3929370803282765,0.6160455829373617,-1.2477293429804623,13.1909733060722,13.264166669455735
0.395424023874658,0.6129045079628155,-1.2321702193383337,13.210898272024039,13.282384143634498
0.39791096742103954,0.6193451163602522,-1.2118317263891325,13.206981321459775,13.276915309349153
0.400397910967421,0.621002221524825,-1.201079118936665,13.184011353742312,13.253165289269225
0.4028848545138025,0.6178758467141603,-1.1951240383205186,13.122835249605778,13.191622228415284
0.40537179806018403,0.6195428217276792,-1.184389722376288,13.047395517632054,13.115683059450236
0.4078587416065655,0.6020611530234263,-1.1592994087551842,12.948115841117993,13.013844804135738
0.410345685152947,0.6037380901239575,-1.1390067548452083,12.820208304630205,12.884858440943727
0.4128326286993285,0.6149968492488018,-1.1330886112079632,12.682827007278673,12.748184648097643
0.41531957224571003,0.6071070332359843,-1.1223914082967132,12.531184029506049,12.595988036060145
0.4178065157920915,0.6040106813463648,-1.1021267863385167,12.365279853002026,12.428984600497467
0.420293459338473,0.6009194128179807,-1.0866599986538628,12.194691764016193,12.25775025495055
0.4227804028848545,0.602621653428205,-1.0759910884138186,12.038573853350679,12.101577174158132
0.425267346431236,0.6091174255324694,-1.0557548886393673,11.882561386470023,11.94491136535561
0.4277542899776175,0.606041541423308,-1.045105055403872,11.750596853298621,11.812538141124156
0.430241233523999,0.6029708298925212,-1.044041631308997,11.652257531690108,11.714465516379162
0.43272817707038047,0.59511690966835,-1.0429878521246825,11.582755487420288,11.644836301005594
0.435215120616762,0.5920566093370223,-1.0275785501088253,11.537302784141001,11.598094853821946
0.4377020641631435,0.5937899507408713,-1.0265441872097671,11.51111148337318,11.57203815481702
0.44018900770952496,0.581163342337392,-1.035096401940669,11.499393644499929,11.560502998700041
0.4426759512559065,0.563753612402047,-1.019716412699212,11.497361324759709,11.556251863381346
0.445162894802288,0.5559259924263935,-1.013923084173228,11.49064977259894,11.54868503017563
0.44764983834866945,0.5481036971959006,-1.0177164576135316,11.493624654227796,11.551604743205607
0.45013678189505096,0.5450751513521422,-1.007154557473943,11.496709617090154,11.553605465089907
0.4526237254414325,0.5372635694706209,-1.0013910378950692,11.504693516419518,11.56068376267607
0.45511066898781394,0.5294573759823431,-1.0004259395396544,11.507999995310664,11.563530648792183
0.45759761253419545,0.5168681885719616,-0.9803172862716845,11.49705269467414,11.55034178586221
0.46008455608057697,0.5138612380993561,-0.9793723449214311,11.47664046319086,11.529809186771809
0.4625714996269584,0.5060713353962208,-0.9880143489176989,11.432398534063623,11.486166322661232
0.46505844317333994,0.5030753077892142,-0.9823013215294507,11.373904154893697,11.427322362491303
0.46754538671972146,0.5000847725371775,-0.981386915708998,11.296369361112179,11.349941224549243
0.4700323302661029,0.4923113467917931,-0.9804827676070773,11.204582992575467,11.258170231314937
0.47251927381248443,0.4845434542379322,-0.9652237065332399,11.098545483598308,11.150970855230453
0.47500621735886595,0.5007231317340063,-0.9643401914787453,10.963892056307229,11.017604307739116
0.4774931609052474,0.49296636622576406,-0.9682554546707216,10.829353560478404,10.883723306000375
0.4799801044516289,0.48042679103508334,-0.9673927281341377,10.709295633688095,10.763627249292963
0.48246704799801043,0.47746963605502235,-0.9761172602928445,10.579776684705344,10.635434022992712
0.48495399154439195,0.47930651778862254,-0.9800638794456251,10.45995074993161,10.516692903987618
0.4874409350907734,0.4859374559502143,-0.9840210269688061,10.364183460192036,10.422127008875409
0.4899278786371549,0.48299726018391476,-0.9879887407141954,10.258956410847112,10.317732054322027
0.49241482218353644,0.4848511599461892,-0.9871786550085861,10.163423631513744,10.222758055330164
0.4949017657299179,0.4771339646618562,-0.9959560172548296,10.087162342895812,10.147434618684438
0.4973887092762994,0.47899930688790504,-1.0047440580485358,10.030172956778827,10.091745166277251
0.4998756528226809,0.4856588024695079,-1.0087544110994737,9.987667479344966,10.050221470808182
0.5023625963690624,0.4923240671413416,-1.0079871132311005,9.959646317808525,10.022623198712175
0.5048495399154439,0.4894183132070469,-1.0072306043800987,9.931744667129527,9.994678379455646
0.5073364834618254,0.48172996282024405,-1.0016965176349748,9.918328139891463,9.980415460344508
0.5098234270082069,0.4884126479843074,-0.9865964858762348,9.909820329772883,9.970780235720488
0.5123103705545884,0.49510117734901726,-0.976295755057186,9.887068021503392,9.947481723481078
0.5147973141009698,0.4970071660931519,-0.9612175543206845,9.864436820741618,9.923611696367669
0.5172842576473514,0.4941306326039583,-0.9365735159205735,9.856292330828227,9.91301334325465
0.5197712011937329,0.49604840179725074,-0.916728885182196,9.833904522898395,9.888990546629849
0.5222581447401143,0.5075488951562627,-0.9016836972597804,9.792485382361532,9.847000016992114
0.5247450882864959,0.5046901141298773,-0.8770727771360272,9.741612102256065,9.794027522858784
0.5272320318328774,0.501837286616798,-0.8476845628638885,9.686073469963677,9.736037646080197
0.5297189753792588,0.5037788337622232,-0.8183074922849101,9.62108146388455,9.668951794273221
0.5322059189256404,0.5105147732779606,-0.8080952129897718,9.541848060073601,9.589604142430613
0.5346928624720219,0.5124683161219216,-0.7931057424741521,9.467527248837733,9.51450012881703
0.5371798060184033,0.5048510764588668,-0.7733391146227135,9.383754194887844,9.429091726443344
0.5396667495647849,0.5020282816211566,-0.7631605730680988,9.295317673858083,9.34009513408571
0.5421536931111663,0.4944231422257541,-0.7482049413077423,9.192641249059555,9.236282694443524
0.5446406366575478,0.4772472720959193,-0.7380490592269435,9.114032514640334,9.156313125405333
0.5471275802039294,0.4648658982219681,-0.7326929598563208,9.054703432495565,9.096185658131638
0.5496145237503108,0.46206744083922224,-0.727348272691763,8.995500752185412,9.036679457203277
0.5521014672966923,0.45448670678721226,-0.7268034336550229,8.92205962421249,8.96314394260305
0.5545884108430739,0.44691211607200976,-0.721481668491812,8.848745616619633,8.889351226332934
0.5570753543894553,0.43934368526449974,-0.7209598160136506,8.78513589174402,8.825611512325773
0.5595622979358368,0.42220462417990634,-0.7252379081756612,8.702500382971335,8.742867932420696
0.5620492414822184,0.41943696576044665,-0.7151623634356228,8.624781457818136,8.664539212759365
0.5645361850285998,0.41667551627048793,-0.719463633238024,8.5663446747643,8.606596742747625
0.5670231285749813,0.4043434851792084,-0.7189881356075007,8.517613573288632,8.557463326069353
0.5695100721213628,0.39680609844169723,-0.7137359016329063,8.488165303748321,8.527357400789361
0.5719970156677443,0.39406337193631047,-0.7132837688263867,8.463634997492813,8.502774667528133
0.5744839592141259,0.38653851478484047,-0.7224201711621441,8.429657783462142,8.469382106942506
0.5769709027605073,0.3790199459539402,-0.7315683324355242,8.395810804785322,8.436141737441552
0.5794578463068888,0.3810844876143602,-0.7311514762236748,8.362094395535067,8.402644259262875
0.5819447898532704,0.37357854189862916,-0.7355348424868295,8.323720484045044,8.3645020848817
0.5844317333996518,0.3756557373852978,-0.7399300576852261,8.266324189586612,8.307871528294195
0.5869186769460333,0.37773928261443857,-0.7395487480600931,8.213847855569028,8.255720193346141
0.5894056204924149,0.3750407893297085,-0.7535445562349534,8.161503403052246,8.204792671964707
0.5918925640387963,0.3675602724782302,-0.7579754947309976,8.099714347345692,8.143402232059682
0.5943795075851778,0.37445136017141056,-0.7480531891309021,8.03326941128683,8.076708167887446
0.5968664511315593,0.37656045384107895,-0.7620848946801493,7.952592105316629,7.9978929947606225
0.5993533946779408,0.3738875680831246,-0.7665518165992937,7.867259550719193,7.913353678402169
0.6018403382243223,0.37600952401676446,-0.7518771764899808,7.782060463017672,7.827334635796573
0.6043272817707038,0.38292633600318904,-0.74679142229567,7.687418345331205,7.733093224793942
0.6068142253170853,0.38506121164546026,-0.7465061784967228,7.6072755215756755,7.653507984735635
0.6093011688634667,0.3776257617493528,-0.7414446660320673,7.536843893297325,7.582635246446802
0.6117881124098483,0.3797736136045061,-0.7363953155802463,7.471335359592382,7.517137627707384
0.6142750559562298,0.38192797446089655,-0.7265697509576539,7.41553862374552,7.460830091949827
0.6167619995026112,0.37930045477093555,-0.7263332090402219,7.3694539832667925,7.414868898168794
0.6192489430489928,0.3766794715096966,-0.7213205065601036,7.328293329889582,7.373335325776598
0.6217358865953743,0.3788534415342073,-0.7163200733086224,7.282480149568626,7.327425298592151
0.6242228301417557,0.37624557162243166,-0.7161203388548447,7.251168345720263,7.296151824617042
0.6267097736881373,0.36885587507475726,-0.7111445225844713,7.215204592736227,7.259542582258265
0.6291967172345188,0.3710495750342332,-0.7157578602621748,7.169800772505271,7.214986501655935
0.6316836607809002,0.36846147460368783,-0.7108067641876925,7.129322377731765,7.174137417133088
0.6341706043272818,0.3563031834081609,-0.701079663039422,7.08898128537153,7.132469440297803
0.6366575478736632,0.34893992423546405,-0.6865765819523997,7.04398936991149,7.085967309904623
0.6391444914200447,0.3415833064736198,-0.6625091425181613,6.999135310008758,7.038713846079623
0.6416314349664263,0.33902174603267854,-0.6432425793861687,6.95920778184855,6.997090088826914
0.6441183785128077,0.33646685206341354,-0.6239885137011805,6.9098418458615125,6.946113009632604
0.6466053220591892,0.32913023359789384,-0.6191121796656294,6.851037769964586,6.8868240232461195
0.6490922656055708,0.3218003061900614,-0.6046715846957573,6.792372626239397,6.82682276436768
0.6515792091519522,0.3192654852750594,-0.5902435592261912,6.690751047766981,6.724319109953876
0.6540661526983337,0.3215257828488767,-0.5854049334676508,6.637152958118831,6.670672916177977
0.6565530962447153,0.31421600082768286,-0.5662137141646579,6.598059792058914,6.62976037914409
0.6590400397910967,0.30212455428997786,-0.5470351344001312,6.544741385191088,6.574508839723774
0.6615269833374782,0.29003985819530864,-0.5470228303531108,6.481986393880021,6.511490206298033
0.6640139268838597,0.28753873070455116,-0.5613884213768037,6.419371875328402,6.450284548379893
0.6665008704302412,0.27546756993769317,-0.5566131066781925,6.366474884255795,6.396694692141651
0.6689878139766227,0.26819159713787266,-0.5518505217632681,6.328084069577551,6.357760118373997
0.6714747575230042,0.26571082346823116,-0.5471006886322818,6.2658924478415825,6.295341894855931
0.6739617010693857,0.25844845333220623,-0.5423636290609317,6.21341908291523,6.242397825282613
0.6764486446157671,0.25598130429539045,-0.5328509612799968,6.15151059965653,6.179849450655932
0.6789355881621487,0.2535209838433311,-0.5281395132565363,6.104109250319937,6.1321573670734475
0.6814225317085302,0.25106750266276856,-0.5234409027719735,6.047273251469931,6.0750752297837245
0.6839094752549116,0.25340927464163,-0.5235435540236191,5.9857912371056,6.01398460653536
0.6863964188012932,0.2509695035877745,-0.5284474876637018,5.943605452019679,5.97232686716218
0.6888833623476747,0.2533250064711794,-0.5237875141587156,5.891985701993574,5.920643751433531
0.6913703058940561,0.25568739018175324,-0.5143520570315885,5.850085823523705,5.878217265690646
0.6938572494404377,0.2532682614902778,-0.514506346221038,5.817906037336973,5.846100602270033
0.6963441929868192,0.26043284032966596,-0.5146735948393757,5.771504545070341,5.800256794945778
0.6988311365332006,0.26281592659184605,-0.5196422257350006,5.710881562473922,5.740493748332259
0.7013180800795822,0.26999433665121253,-0.5054702416095909,5.650402512770375,5.679387789480337
0.7038050236259636,0.26760287016151607,-0.49131127482279346,5.590067606733113,5.617993762254774
0.7062919671723452,0.2700067465793191,-0.49153055418911196,5.534665455967693,5.563005270389548
0.7087789107187267,0.2724175719608911,-0.4869744850560469,5.4841962662713835,5.512509788616583
0.7112658542651081,0.27483535556379757,-0.4824314891478676,5.433871837633433,5.462164201323048
0.7137527978114897,0.2724717032063003,-0.47790158464376553,5.383692370876008,5.411725630321783
0.7162397413578712,0.27011502722832603,-0.4781731928185131,5.333658064334268,5.361857894191414
0.7187266849042526,0.2773421431711862,-0.47845792808156196,5.288557517177112,5.31739421764208
0.7212136284506342,0.28457625317604984,-0.4787558079380232,5.234025712806116,5.263574444217701
0.7237005719970157,0.2822405592652316,-0.46949004302778086,5.179639648738899,5.20852642544747
0.7261875155433971,0.2751234733031708,-0.469814263688042,5.134976320008171,5.163758338165313
0.7286744590897787,0.26801340703553655,-0.4653632767893381,5.080882299240542,5.109183800223942
0.7311614026361601,0.26569877208927484,-0.4609255022590273,5.017357769860366,5.045485818719608
0.7336483461825416,0.26817957665234504,-0.4565009564798026,4.97313333273116,5.0012367024289235
0.7361352897289232,0.2706674254737724,-0.45208965561007686,4.943420762992397,4.971423815357786
0.7386222332753046,0.2683739231840152,-0.4476916155840627,4.904278220021336,4.931977007720645
0.7411091768216861,0.26608748093564694,-0.4385184487915472,4.865282683957428,4.892246577213501
0.7435961203680677,0.2590197031221658,-0.43893538067954774,4.821645922500217,4.848507489628202
0.7460830639144491,0.25195900065930876,-0.43457721654928116,4.759002894230722,4.785441384287697
0.7485700074608306,0.24969378434448986,-0.42544397143907764,4.710872588456324,4.736630669942857
0.7510569510072121,0.24264725489593408,-0.41632406348386075,4.662889958805705,4.687722921000698
0.7535438945535936,0.2356078228746208,-0.41200591059494673,4.61026676307385,4.634632622254792
0.7560308380999751,0.2429407053640451,-0.4029127204992231,4.567368369863974,4.59153707081809
0.7585177816463566,0.24070389276716952,-0.393832910661144,4.524618128706067,4.548099815981251
0.7610047251927381,0.23368579529087696,-0.39434330164222997,4.4676509833395635,4.49110465246645
0.7634916687391196,0.22667482302417785,-0.3805018905387021,4.420409101597635,4.442542041397445
0.7659786122855011,0.2148825792976694,-0.38103911074724417,4.392469438885268,4.414199032479814
0.7684655558318826,0.20788587728518537,-0.38637816887920406,4.345524914938666,4.367618505972538
0.770952499378264,0.21047312672263452,-0.37257706136230784,4.298729286873764,4.319975241312384
0.7734394429246456,0.21306752726746825,-0.37794302756581155,4.242505889422292,4.264633035214673
0.7759263864710271,0.20609227845971212,-0.3833224667928432,4.191220071456958,4.213755549171372
0.7784133300174085,0.18954738636268775,-0.37913858476493933,4.154448776071393,4.176017110972557
0.7809002735637901,0.19216327684436285,-0.3749682002628396,4.098673314019493,4.120273147648278
0.7833872171101716,0.19957474577276502,-0.3755997285250947,4.038259026803278,4.060596163468678
0.785874160656553,0.18783978225827447,-0.3762447779279303,3.992359656792039,4.014446356086667
0.7883611042029346,0.1856888118177934,-0.37690335994636515,3.960975330622797,3.9831974652752957
0.790848047749316,0.1883334366092312,-0.38236388915440056,3.9201641558820652,3.9432675075547268
0.7933349912956975,0.1861968553534913,-0.37826116662364395,3.8699262543110953,3.892824166710502
0.7958219348420791,0.18406747661583667,-0.3741720098063208,3.8198385518471296,3.842531989593294
0.7983088783884605,0.18194530552475674,-0.36051962265266324,3.7651127620240636,3.7867073564346887
0.800795821934842,0.1798303470923993,-0.3564576288142378,3.715325805896599,3.7367160500680883
0.8032827654812236,0.1825110095350052,-0.3524092318004066,3.6609009888004076,3.68234960114591
0.805769709027605,0.1899872976324084,-0.3531628448613535,3.616203630237335,3.6383715950399993
0.8082566525739865,0.18789400608753837,-0.3539300743867386,3.5764454339950245,3.598823779712322
0.8107435961203681,0.18101954276873733,-0.34992252654655065,3.5416265047509805,3.5634719233640064
0.8132305396667495,0.1837291220692674,-0.3507170172522738,3.502170138114171,3.524479322224108
0.815717483213131,0.19123434498556913,-0.3371599422743099,3.4724416438698187,3.4940089254977305
0.8182044267595125,0.18438160243770974,-0.32840492372659247,3.4380759094586013,3.4586431340115094
0.820691370305894,0.1775361084726489,-0.3292403735433891,3.3990730298621825,3.4195929225156436
0.8231783138522755,0.17548627038156717,-0.3205126868389234,3.3554330976450037,3.375271113005396
0.825665257398657,0.17823209202032286,-0.3165870817513805,3.3071562029570956,3.3270521801912563
0.8281522009450385,0.17619677048928517,-0.3126751629197253,3.2638192401775603,3.2834931234876916
0.8306391444914201,0.15980350277410837,-0.30877693808552387,3.220633891315904,3.2393460789000255
0.8331260880378015,0.16735951894900591,-0.30489241477289974,3.1776002392962477,3.1965781507644175
0.835613031584183,0.17013440248940803,-0.29623319696848815,3.125141557999381,3.143757239265048
0.8380999751305646,0.1585513500377379,-0.2875876950826468,3.0728347321876894,3.0903330733596865
0.840586918676946,0.15655238136450866,-0.28374431930911603,3.0302566442270207,3.0475358597944497
0.8430738622233275,0.1497722895637965,-0.27512626966436216,2.9734653508476363,2.989920131988824
0.845560805769709,0.14778788421746658,-0.28088716587067575,2.9168261329520977,2.9340438900167505
0.8480477493160905,0.1553875714734596,-0.2722965942314657,2.879492672376321,2.896509758807555
0.850534692862472,0.14862933744440088,-0.2732965773581184,2.8327346153694624,2.84976614834572
0.8530216364088535,0.13708999137182853,-0.27431031440467635,2.786128832362854,2.8029544564346245
0.855508579955235,0.1351347457044917,-0.2705494076306447,2.7444637880906235,2.7610758529252046
0.8579955235016165,0.1331867961766482,-0.2763790723622397,2.702951138272782,2.720306778693488
0.860482467047998,0.12645774173011548,-0.25828049050832513,2.680744552860924,2.6961253179172173
0.8629694105943795,0.11973598783476236,-0.2593492968888538,2.653902069557371,2.6692311551044816
0.8654563541407609,0.11302153652774982,-0.2556434796258187,2.6272121436234643,2.64203919425827
0.8679432976871425,0.11110279305434034,-0.24237463990920638,2.576732808039413,2.5904905444186186
0.870430241233524,0.10919135590714435,-0.23869639531763998,2.5407713365939273,2.5542939741149153
0.8729171847799054,0.11207563010755694,-0.23503194329527544,2.5097509675207386,2.5232223208041824
0.875404128326287,0.12454402056532143,-0.21701607775370624,2.464518130064884,2.4771872768284378
0.8778910718726685,0.12265451215684597,-0.208590818955114,2.4433800909708783,2.4553330788423913
0.8803780154190499,0.11119550956914681,-0.2097561703485562,2.4176064681584606,2.4292350909760176
0.8828649589654315,0.11410903065941891,-0.1965701185703188,2.3632552805311713,2.3741601048268093
0.885351902511813,0.11702986661148296,-0.1881862799286469,2.3186337878240755,2.329200014526856
0.8878388460581944,0.11516961513910962,-0.1893930605603562,2.274165214240547,2.2849422735162177
0.890325789604576,0.11331668048622145,-0.18103684979057366,2.2202727816594425,2.2305215166046413
0.8928127331509574,-0.9084588437604041,1.9916638441247052,-21.531274709306125,21.642269126558926
0.8952996766973389,-1.2502737781865543,1.9808388041544998,-21.671052430085915,21.797280112803012
0.8977866202437205,-1.4771597139956856,1.8119826328127755,-20.340637312234307,20.47454048691021
0.9002735637901019,-1.589116650704026,1.5138257482518194,-17.69325824273861,17.828862761540705
0.9027605073364834,-1.5909329912575503,1.105521762191536,-13.953970160694467,14.08781492620138
0.905247450882865,-1.4778203320708312,0.6253778998409381,-9.424442460621869,9.560081911001797
0.9077343944292464,-1.273720689589321,0.12606659657744546,-4.401556136015515,4.583879754133648
0.9102213379756279,-0.9929992737266486,-0.3684701319363035,0.7507701708546666,1.2982579270684058
0.9127082815220094,-0.6643865044658979,-0.8199250598701511,5.702136638675678,5.79896963065397
0.9151952250683909,-0.30703599525793657,-1.1899909611875505,10.184392687015642,10.25827490338555
0.9176821686147724,0.055110237017919395,-1.4547258196070745,13.915022523204819,13.990965519568443
0.9201691121611539,0.3885333687338995,-1.6093412319231362,16.69770161206708,16.779576171793348
0.9226560557075354,0.6836565927561202,-1.6394719880844704,18.39835465932216,18.483904049381287
0.9251429992539169,0.9213262952025587,-1.5594832977570399,18.96909762819144,19.055379689895265
0.9276299428002984,1.0823888620840407,-1.3885287737229566,18.457814546044354,18.54158827124545
0.9301168863466799,1.1764210992262705,-1.121820011959008,16.941119857918146,17.018930306640456
0.9326038298930613,1.1986346023872867,-0.7880874314807715,14.548300443123868,14.618852639420654
0.9350907734394429,1.1394525638982889,-0.4447918710229106,11.461315615252378,11.526402196103103
0.9375777169858244,1.0228169992264196,-0.0919333292737976,7.905220315537345,7.971644409287349
0.9400646605322058,0.8630931170921446,0.24654617867867623,4.138588306219563,4.234811437994637
0.9425516040785874,0.6554925128289135,0.5227626213465881,0.39126292738871093,0.9252231465979995
0.9450385476249689,0.41916879826618314,0.7367160006462936,-3.111700886410935,3.2250791236090293
0.9475254911713503,0.18764079508910547,0.8788295120541716,-6.173978622776086,6.239035375259154
0.9500124347177319,-0.034303095044181164,0.9347379479265725,-8.618399384800696,8.669009152697708
0.9524993782641133,-0.22750926061934196,0.9092297141008041,-10.306099504349998,10.348630157186731
0.9549863218104948,-0.401554510148423,0.8023048132932038,-11.198771785220213,11.234653022479078
0.9574732653568764,-0.5324968290056502,0.6426936683407951,-11.282051050009029,11.312881327019932
0.9599602089032578,-0.6155478159504949,0.42560787903679875,-10.584667753390862,10.611090077371504
0.9624471524496394,-0.6459190698462137,0.1893546752551183,-9.183236385432055,9.207871477630167
0.9649340959960209,-0.6188221896595918,-0.04691232621410002,-7.23577429482853,7.262339245344245
0.9674210395424023,-0.5534107910622366,-0.28798152498540164,-4.866780009211851,4.906602135945113
0.9699079830887839,-0.46405008650841695,-0.5003340939144065,-2.2342708816282917,2.33615989624291
0.9723949266351654,-0.33637486863331234,-0.6504512056606462,0.4510632961834329,0.8600540217668479
0.9748818701815468,-0.19432715673702294,-0.7622748725320154,3.0312051668471174,3.131617918689931
0.9773688137279284,-0.05227216358125253,-0.8166514767585691,5.352925774149533,5.415114620867391
0.9798557572743098,0.08500170461099149,-0.8135810136571264,7.282149773007573,7.327949554417278
0.9823427008206913,0.2222828481556673,-0.7578518816708222,8.71353223611435,8.74925100616848
0.9848296443670729,0.3308408440251373,-0.6542524790493116,9.565670250624251,9.593724475619219
0.9873165879134543,0.4058872856922205,-0.5075712038492703,9.843352161322912,9.864783565161682
0.9898035314598358,0.4569989764898451,-0.33696166389579085,9.55136631086707,9.5682281343943
0.9922904750062174,0.4841759130097189,-0.1567890635017415,8.723231459711949,8.738064787175752
0.9947774185525988,0.4778412851026548,0.009004586570833695,7.445138802718997,7.460462798518597
0.9972643620989803,0.44278349248039256,0.15563088903210254,5.817644742598546,5.836545943100128
0.9997513056453619,0.3742141281143099,0.28308985010295773,3.946094083275023,3.9738941343435172
1.0022382491917432,0.2960752047982524,0.3818046695534876,1.9645620464956277,2.0231014228456923
1.0047251927381249,0.2227319285862367,0.43741014402289924,0.0023354485915856316,0.4908590433372923
1.0072121362845063,0.12066547223031188,0.45469468362043086,-1.8208757028341864,1.88066364262011
1.0096990798308878,0.02339465486831216,0.42886989200299475,-3.418880225503675,3.4457537187795544
1.0121860233772693,-0.06429212438209664,0.36951258297619294,-4.700698535895137,4.715637788422897
1.0146729669236507,-0.13760646650125163,0.2909879738531531,-5.604081472479315,5.613317975202906
1.0171599104700322,-0.201336779207825,0.19808447549304553,-6.076356682432169,6.082917432468668
1.0196468540164139,-0.24590626035696395,0.09080209562086283,-6.122312654831962,6.127921927780043
1.0221337975627953,-0.2713149145415751,-0.02128235121225064,-5.770679897410931,5.777093663747236
1.0246207411091768,-0.25840913317012093,-0.12859205027003062,-5.0549773232682425,5.063211128745724
1.0271076846555582,-0.2454961475913462,-0.22155018663184034,-4.0374542674647635,4.05097393296331
1.0295946282019397,-0.21821075272678436,-0.29536834851339444,-2.8138788903378593,2.837740792144015
1.0320815717483214,-0.17176455023451098,-0.3308929139861303,-1.4704425476119276,1.516968841826012
1.0345685152947028,-0.11094594850886919,-0.35206589082149886,-0.09812500035379834,0.38195275972939524
1.0370554588410843,-0.054908566000423376,-0.3493104633665567,1.2264591983160447,1.2764148681254133
1.0395424023874658,0.0011359953467923178,-0.3178382191070077,2.431483896587885,2.4521697256464012
1.0420293459338472,0.052399326853419914,-0.2624375519881026,3.4211809240478495,3.431631983942494
1.0445162894802287,0.10845822970663843,-0.1974736624152147,4.138089334848134,4.1442179452971155
1.0470032330266104,0.1549474883980027,-0.12294654065280808,4.577420617674683,4.5816922732908
1.0494901765729918,0.1727134840049357,-0.03406777346577927,4.705655839307489,4.7089475935451555
1.0519771201193733,0.1904866307145643,0.050009035958300974,4.52758329111237,4.531864574114984
1.0544640636657547,0.19390171273803591,0.12449549457091491,4.091086892367128,4.09757110533415
1.0569510072121362,0.1781703208342933,0.18460320950116138,3.4153201404635816,3.424943017050138
1.0594379507585177,0.15765765895101286,0.22554378805514563,2.538590144117194,2.5534615441719763
1.0619248943048993,0.1371521243030443,0.2521056443560137,1.5470880432954122,1.5734831981386475
1.0644118378512808,0.10228850073211965,0.2451351761011713,0.5126397660606319,0.5773679257552125
1.0668987813976623,0.07222039523058388,0.22857441104605414,-0.5168707780645914,0.5697520935366612
1.0693857249440437,0.03737099477766742,0.19763495719883473,-1.4887712781686595,1.5022969367796772
1.0718726684904252,-0.0022597070976632105,0.1523168260620471,-2.3360242153028254,2.3409858299996102
1.0743596120368066,-0.041883313636749686,0.11177364259285705,-3.005957282397892,3.008326236088864
1.0768465555831883,-0.08149983149149709,0.04727499871812446,-3.4698401908969645,3.4711191420636696
1.0793334991295698,-0.10674405744280635,-0.0076602702990147264,-3.713307864108425,3.7148496964466653
1.0818204426759512,-0.11761599832213887,-0.05303215226606017,-3.7507256471602233,3.7529440193667636
1.0843073862223327,-0.12848087101116645,-0.09362903813982992,-3.58209367711006,3.5856197292226413
1.0867943297687142,-0.12976187587895138,-0.11508570542554741,-3.216988899540217,3.2216611311231818
1.0892812733150956,-0.12145902002380038,-0.12697894806026122,-2.7176606984334946,2.7233353848921475
1.0917682168614773,-0.10836071395261959,-0.11973194653066299,-2.1080512330803813,2.1142274675729804
1.0942551604078588,-0.09046696493995576,-0.11249830107682524,-1.412102664634654,1.419462600760904
1.0967421039542402,-0.0725661836682866,-0.08133598188815361,-0.6920643826689528,0.7005958197997246
1.0992290475006217,-0.04029316762612145,-0.04061018554931861,0.004179431355616714,0.05736021420944242
1.1017159910470031,-0.01758994095141475,-0.014262915119014341,0.6239561908152069,0.6243670113218581
1.1042029345933846,0.0051202953734597045,0.026436263033471796,1.124170113891191,1.1244925692924874
1.1066898781397663,0.027837533639234024,0.08148736278230384,1.4760906268974665,1.4786002358267383
1.1091768216861477,0.04577336273041027,0.11737157492417705,1.6845059775689322,1.689210370498978
1.1116637652325292,0.05413937144588954,0.129300510341686,1.7446276051853715,1.7502500319354435
1.1141507087789106,0.04814714849934354,0.16036981328399413,1.6516669472195993,1.660132624057208
1.116637652325292,0.04216189580079044,0.17706067503802947,1.4247774559459092,1.436356121257586
1.1191245958716736,0.03618360521475772,0.179373110295034,1.0926893884863311,1.1079052602519242
1.1216115394180552,0.030212268521565333,0.1768839405483531,0.6362489669740512,0.6610699339469915
1.1240984829644367,0.009882667456734884,0.16959318081153585,0.1081284615684126,0.20137347962178728
1.1265854265108182,-0.0008631897652255915,0.1479240396176862,-0.4629418759441073,0.4860014887796485
1.1290723700571996,-0.011602118255159777,0.131030145581307,-1.029078182259866,1.0374514029111606
1.131559313603581,-0.041487739847351324,0.10933470755389507,-1.5615502091132818,1.5659228481682204
1.1340462571499625,-0.04742443329448581,0.08762614450609219,-2.0364161133086753,2.0388521291691357
1.1365332006963442,-0.058142627236044075,0.07069287556610115,-2.405792036790926,2.4075326315637646
1.1390201442427257,-0.07364233047139573,0.053746513378378324,-2.655312946482211,2.656877626894704
1.1415070877891071,-0.07476993860006259,0.03199867074361418,-2.7897674243134176,2.790952658216892
1.1439940313354886,-0.08067907386511791,0.01981457389931185,-2.8043672472950627,2.805597509978905
1.14648097488187,-0.08658134198876749,0.012405835956617928,-2.7230546140723852,2.7244589673487956
1.1489679184282517,-0.09726515541418101,0.004984070180907629,-2.5266760951132365,2.528552439841813
1.1514548619746332,-0.1031537167035701,0.02627971323329037,-2.2535391024273412,2.256051816507416
1.1539418055210147,-0.07551661521752434,0.047562362084017096,-1.937162646394576,1.9392173823600487
1.1564287490673961,-0.06223789352088449,0.05925522713679854,-1.5775469158357005,1.5798857582102832
1.1589156926137776,-0.06331756105428582,0.06614672890780593,-1.2129993278099231,1.2164505220313695
1.161402636160159,-0.050025207415020756,0.08739049802501331,-0.8530968811223918,0.8590191552594901
1.1638895797065407,-0.027149245520752152,0.10862134202438423,-0.5553006094421615,0.5664754578288104
1.1663765232529222,-0.02342010496852559,0.12026247191168782,-0.31003390160707944,0.33336554052984313
1.1688634667993036,-0.02447258555002607,0.14146751876338737,-0.11729695474101831,0.18539293918617614
1.171350410345685,-0.015941487134030652,0.15787129056188665,-0.010608790848111838,0.15902836803218187
1.1738373538920666,-0.012192029587916153,0.1694738053979723,-0.00433482028161869,0.16996707613069167
1.176324297438448,-0.018012626214793992,0.1714866781888742,-0.06974482513477653,0.18600127992164178
1.1788112409848297,-0.019038077112518592,0.17827513727914113,-0.20683900903786068,0.2737276906193508
1.1812981845312112,-0.020056795735820088,0.170685587916513,-0.415617577228673,0.4497486136488094
1.1837851280775926,-0.030645598934998686,0.1726600653762298,-0.6721387199433195,0.6946373944417712
1.186272071623974,-0.036439287033680656,0.16983337851502434,-0.9572490323304415,0.9728807264998711
1.1887590151703555,-0.05180308035188619,0.1526287396532413,-1.2613719177638156,1.2716281713713513
1.191245958716737,-0.06237177936190885,0.1306229745350782,-1.5701423778737365,1.576800458882529
1.1937329022631187,-0.06814539457075758,0.122969715687264,-1.8548302058986632,1.8601506494075926
1.1962198458095001,-0.0739123398791593,0.12009217585585752,-2.086705196638375,2.0914644970368985
1.1987067893558816,-0.09403783590149528,0.1172019712477379,-2.275344373008817,2.280300732892107
1.201193732902263,-0.09979147344200234,0.11429912152989985,-2.425536356151474,2.430277606029155
1.2036806764486445,-0.09117326329907266,0.11138364650844146,-2.5037625421833614,2.5078966781529513
1.206167619995026,-0.09212523294457431,0.10845556612785723,-2.524388361954914,2.52839598764565
1.2086545635414077,-0.09785899000003667,0.1150917071109605,-2.496990844518704,2.5015566674732304
1.2111415070877891,-0.09400933551752694,0.12171528303629664,-2.4024166005201213,2.4073341869677565
1.2136284506341706,-0.09494149054176876,0.12353791093900446,-2.264607871994107,2.2699613027457413
1.216115394180552,-0.09107865958633243,0.13013641795072628,-2.093141692513665,2.0991600592732467
1.2186023377269335,-0.08242085387544235,0.14629922801765005,-1.9119603071038238,1.919319899655257
1.221089281273315,-0.08333329466391198,0.15766115193885977,-1.716275542350962,1.7255153473969216
1.2235762248196966,-0.07466238003363923,0.1737990172484336,-1.5443948561996255,1.5559357445745214
1.226063168366078,-0.07556173469791544,0.18513603833191805,-1.396318481499291,1.410563798704717
1.2285501119124596,-0.07645456351667007,0.20124904298811241,-1.281623459199574,1.2995788428398019
1.231037055458841,-0.06776407141796503,0.1981960359049162,-1.1859448151001128,1.204300104827033
1.2335239990052225,-0.06385547999917635,0.1951306517836109,-1.1428016096473215,1.1610981924901662
1.236010942551604,-0.06951720428442504,0.1920529121740766,-1.1521940814811256,1.1701573245364065
1.2384978860979856,-0.07996085272419495,0.18896283875532482,-1.1758152441066816,1.193583755197978
1.240984829644367,-0.07124442055432517,0.18107205001446713,-1.2423957589333021,1.2575412822535963
1.2434717731907485,-0.052944726319065105,0.18753418116786502,-1.3567242721805304,1.3706469143711273
1.24595871673713,-0.06336900855037425,0.19877244763696789,-1.494859011549794,1.509347402553791
1.2484456602835114,-0.07857526268160975,0.1908448550085362,-1.6663770293805626,1.6791093575571252
1.250932603829893,-0.0794098875315074,0.1781166355573447,-1.8473365561578579,1.8576016305487055
1.2534195473762746,-0.07066129858505138,0.184529828323587,-2.0185842270667624,2.028232372885705
1.255906490922656,-0.0666947180321501,0.18614243926839924,-2.18012029194532,2.1890686787905778
1.2583934344690375,-0.07229856148600078,0.17816608775750709,-2.317579792034328,2.325542158135526
1.260880378015419,-0.07310763134207782,0.17496600656049877,-2.4261745765708014,2.4335736901130987
1.2633673215618004,-0.07391034334024599,0.17175381528759237,-2.486751286178343,2.4937710542927074
1.2658542651081819,-0.0699183066424991,0.16852953699047113,-2.5184637893825563,2.525064480933729
1.2683412086545636,-0.07070834043413204,0.17008159816155333,-2.5213123427591846,2.528031516652818
1.270828152200945,-0.08106886064210783,0.18119842541295084,-2.5000856075275735,2.507953961799231
1.2733150957473265,-0.07226946001278983,0.18272642887417057,-2.48351426282383,2.4912757607918556
1.275802039293708,-0.07782897451780513,0.18903084203513565,-2.4285029392864796,2.4370918190823416
1.2782889828400894,-0.08338220698646787,0.19053488190170187,-2.3494171086967803,2.35860485972118
1.280775926386471,-0.07935236362882714,0.20639218551835858,-2.251045437486214,2.261879769900254
1.2832628699328525,-0.08010466731652705,0.2174491634831126,-2.1764838199315175,2.1887856712910674
1.285749813479234,-0.08085072769960444,0.20455222650927318,-2.101790505099631,2.1132680333706886
1.2882367570256155,-0.08637896112797327,0.20122022194812716,-2.0126005499645654,2.024478173842354
1.290723700571997,-0.0823241707291612,0.2122415773429096,-1.9472214492820683,1.960483391611214
1.2932106441183784,-0.08305157961103915,0.2088858971077463,-1.9152302791361926,1.9283770131917914
1.29569758766476,-0.08377279765830975,0.2055184156519112,-1.8974736969310548,1.9104088911394796
1.2981845312111415,-0.08448783813367583,0.19735075421503634,-1.9035287812264663,1.9155958174780143
1.300671474757523,-0.08998511767744943,0.18438293746792267,-1.9477610151281848,1.9585370461356868
1.3031584183039044,-0.0954762463462221,0.18576860347274815,-1.9966518497562955,2.00754683551538
1.305645361850286,-0.09617283425309736,0.1823541638385735,-2.0597783673229504,2.0700698484855864
1.3081323053966674,-0.10644010484854838,0.16935124024404002,-2.1275640379601057,2.1369459689270283
1.310619248943049,-0.11191286171689996,0.16591347107725252,-2.2000091396332184,2.2090930227068895
1.3131061924894305,-0.10780271513843792,0.17204088155222363,-2.281902354812706,2.2909163771766656
1.315593136035812,-0.10368648540932396,0.17336828702844675,-2.373243963825143,2.381825846286036
1.3180800795821934,-0.09956418623964458,0.17468411625234026,-2.45009223156376,2.4583286010664867
1.3205670231285749,-0.09543583139364009,0.18556520139556865,-2.5220242473240067,2.5306419632126933
1.3230539666749563,-0.09608983800962395,0.19643476145273553,-2.5938286982328265,2.6030303855798356
1.325540910221338,-0.1063146232792766,0.19771601552189244,-2.6319870459982226,2.641543153578854
1.3280278537677195,-0.10695658784568918,0.1989857960850432,-2.665229996627618,2.674787093144208
1.330514797314101,-0.09801574568578192,0.20982093572615135,-2.693557837333671,2.703495096080809
1.3330017408604824,-0.09385732078959708,0.2158562505288324,-2.697817243166675,2.7080659140954464
1.3354886844068639,-0.09448132723802977,0.2218801699584203,-2.682796906889136,2.6936140730682547
1.3379756279532453,-0.09988777916337183,0.21831591361903913,-2.6580739256862653,2.668894228136196
1.340462571499627,-0.10528828742860252,0.22431712113566205,-2.6284369945171395,2.6400918219733445
1.3429495150460085,-0.10589446294731042,0.2350954156299374,-2.5986748094267274,2.6114352867498267
1.34543645859239,-0.09691791668329458,0.23628561368037726,-2.5592108575767227,2.571922274748039
1.3479234021387714,-0.09751227625173425,0.2374645485637954,-2.510045433838844,2.5231381523372103
1.3504103456851528,-0.09810074939535618,0.2338438436920658,-2.470332447427241,2.4833141366078664
1.3528972892315343,-0.10826015718716447,0.2397887358535633,-2.449649001968334,2.463736822860935
1.355384232777916,-0.10404849750660844,0.24572244532960186,-2.4288417822113164,2.4434561614621995
1.3578711763242974,-0.09983099484387681,0.2372797891749454,-2.4174878938636457,2.4311552074805323
1.360358119870679,-0.10518447041668594,0.23361440777955123,-2.429952846981209,2.4434218430085117
1.3628450634170604,-0.11053213220895153,0.24909153830533404,-2.4375065227569674,2.4526928048960266
1.3653320069634418,-0.11587399489226635,0.24061557816197432,-2.4545144332783213,2.4690005553498997
1.3678189505098233,-0.11642166986456842,0.25128218461554974,-2.5049188982766335,2.5201816260862313
1.370305894056205,-0.10259836524974603,0.26193777185809974,-2.5456245919939846,2.5611213138472078
1.3727928376025864,-0.1127113224206801,0.2630055608115667,-2.576631819542099,2.5924712728777637
1.3752797811489679,-0.11324173299103701,0.2688507890879879,-2.636248113573762,2.652340203142362
1.3777667246953493,-0.0994012085414368,0.27468508110593737,-2.71010857118865,2.7258064791308754
1.3802536682417308,-0.10470858725968102,0.2805084646913367,-2.769483080487543,2.7856211910660393
1.3827406117881123,-0.105221867534112,0.2815325644360924,-2.8095835471265893,2.8256135501037214
1.385227555334494,-0.11051787103915145,0.29212261829890407,-2.8495638943090675,2.866629416525738
1.3877144988808754,-0.11580820953178317,0.28833663776077056,-2.8654824162927017,2.8822801800228937
1.3902014424272569,-0.11630449481209576,0.2845398609492462,-2.86691623150646,2.883348460810402
1.3926883859736383,-0.11200674204320044,0.28073231611425564,-2.873019265940716,2.888874494684831
1.3951753295200198,-0.11249177307114938,0.26733722494765955,-2.874215026576495,2.8888121451298163
1.3976622730664012,-0.1129711998229792,0.25871982582469766,-2.875292231260044,2.8891181795503913
1.400149216612783,-0.10865663426725408,0.25966855056105675,-2.8666743887727186,2.8804610866259255
1.4026361601591644,-0.11391330169492159,0.2701834277324382,-2.843573412103966,2.8586509186937956
1.4051231037055458,-0.13352962079704422,0.27111087271287415,-2.839508441685304,2.8555453866705465
1.4076100472519273,-0.1339867837425312,0.26245091423648326,-2.8113841656945553,2.826785076322447
1.4100969907983087,-0.12965001594336972,0.26335719439672545,-2.7831429196570063,2.79858011314873
1.4125839343446904,-0.13967294617141923,0.2642529354425327,-2.764361829991854,2.7804737856879918
1.4150708778910719,-0.14011357335489316,0.26992656966037565,-2.7454644106836756,2.762257590590993
1.4175578214374533,-0.13097191306234113,0.27080131945165276,-2.745604596477296,2.7620339601143975
1.4200447649838348,-0.13140159418194364,0.2764540205741226,-2.750417499705552,2.767397627217978
1.4225317085302163,-0.13182582571799517,0.27730789557867164,-2.7694802501247686,2.7864490975267526
1.4250186520765977,-0.12745622003269846,0.27815137705075355,-2.812369978305023,2.828964151673126
1.4275055956229794,-0.12308119616608731,0.2789844943283981,-2.8551449923797083,2.871381941929055
1.4299925391693609,-0.1282775765153159,0.27980727682178097,-2.878652004599857,2.895062108554122
1.4324794827157423,-0.12389176359208853,0.27583135069217013,-2.902044954568126,2.9177554766369544
1.4349664262621238,-0.12428898318632414,0.27184514881212474,-2.9109589594258996,2.9262654697986807
1.4374533698085052,-0.1342576544829555,0.26784870080381307,-2.9197595570091828,2.9350918069212097
1.4399403133548867,-0.13943258342091303,0.2590536330382758,-2.9476006892388273,2.962245778680589
1.4424272569012684,-0.13023697929429656,0.25024837859562377,-2.970540668909237,2.9839064642527218
1.4449142004476498,-0.12582447135354957,0.2557981772642979,-2.998156632805186,3.011678551890435
1.4474011439940313,-0.1261950756019402,0.25654944565752036,-3.0160837018499116,3.029604547088287
1.4498880875404128,-0.12656040475611363,0.2477138104156782,-3.014745401018809,3.027551733808482
1.4523750310867942,-0.12692047488632568,0.2436565115258995,-3.027660885893777,3.0400999560089192
1.4548619746331757,-0.1272753020957414,0.23958917575881733,-3.0404652795691334,3.052545018821141
1.4573489181795574,-0.12762490252004638,0.24030023658970645,-3.0340053025262677,3.0461812971663114
1.4598358617259388,-0.12318088900674823,0.24100132091649984,-3.0274349025083325,3.0395093776834488
1.4623228052723203,-0.12830848771634595,0.24648086234030142,-3.039908027949611,3.0525819730045853
1.4648097488187017,-0.13343090823913623,0.2567388912037183,-3.047482998084556,3.0611878885727464
1.4672966923650832,-0.12897136019638444,0.26219863126980547,-3.031006536142824,3.0450586786023
1.4697836359114647,-0.13408347316181224,0.25807170968228066,-3.043151415825518,3.057016507111848
1.4722705794578463,-0.13440205349715373,0.2683001735663475,-3.050399151726788,3.0651237952121106
1.4747575230042278,-0.13471552087520017,0.2737304402232752,-3.0671152922944778,3.0822512619343905
1.4772444665506093,-0.1302354883575444,0.2695741369734237,-3.0789349666970587,3.093456323742508
1.4797314100969907,-0.14011558563638105,0.26061969783519157,-3.0810701113780343,3.0952460379532005
1.4822183536433722,-0.13562540922943456,0.26123236352429346,-3.0878862766884847,3.101883017965412
1.4847052971897536,-0.12155337892488693,0.2570469548905292,-3.0993838036368277,3.11239912658914
1.4871922407361353,-0.12662993114037085,0.25285190612017905,-3.09640942056045,3.1092958247205624
1.4896791842825168,-0.1412782757585167,0.2534356514540299,-3.0933286796410595,3.1069070634505835
1.4921661278288982,-0.14634481604845784,0.24922141522570884,-3.08535352037325,3.0988601879837963
1.4946530713752797,-0.14661797190762238,0.24499763178283107,-3.0820610927986323,3.095257864703456
1.4971400149216612,-0.14688616325979498,0.25034113884565246,-3.0834517408962654,3.0970826384182795
1.4996269584680426,-0.14714940673442123,0.2604635642250934,-3.075160599254337,3.0896774795109967
1.5021139020144243,-0.1426193156662267,0.2705765357829564,-3.071553222944976,3.0867444228994856
1.5046008455608058,-0.1380843100557737,0.2663148747905759,-3.082206764274062,3.096770806332797
1.5070877891071872,-0.12875600328783082,0.2620438224905981,-3.1023331661326257,3.1160417434582968
1.5095747326535687,-0.13857642869349251,0.26734021685406795,-3.107990758668574,3.122543958714798
1.5120616761999501,-0.1388151831045739,0.27262728261889846,-3.118333502444287,3.133304824423403
1.5145486197463316,-1.058422527438751,1.6138695775776082,-19.998118239397694,20.091031988848933
1.5170355632927133,-1.3172253827937614,1.5616772406246837,-19.24689939499786,19.355026603808383
1.5195225068390947,-1.4515249378680777,1.4089191997624706,-17.039903734081346,17.159554109109934
1.5220094503854762,-1.4469559995468775,1.1939027131166866,-13.62134017530495,13.749908855130231
1.5244963939318577,-1.3561910212218988,0.921416215615273,-9.369492930784716,9.511869411869911
1.5269833374782391,-1.1648648098223138,0.6010365455501767,-4.7584142795255415,4.935652075444727
1.5294702810246208,-0.8825541889002622,0.28064776781880374,-0.22863767776448363,0.9539078852911389
1.5319572245710023,-0.5715084185525194,-0.011019665920288801,3.81761064435525,3.8601676566449683
1.5344441681173837,-0.24130432237280064,-0.27396572388913865,7.021200086118103,7.0306852897258
1.5369311116637652,0.08890446938384716,-0.48424835766703445,9.099614499478028,9.112924037634155
1.5394180552101466,0.3760223098411929,-0.6418675353949299,9.918778238878307,9.946635032137156
1.541904998756528,0.5961071653845438,-0.7133044019320569,9.478690951294405,9.52416553156175
1.5443919423029098,0.7491590189816109,-0.6889821187004967,7.86554354303971,7.931122923209815
1.5468788858492912,0.8112358369796981,-0.6072078802874639,5.2948138096571515,5.390905144038376
1.5493658293956727,0.8014912155905034,-0.4631932513600001,2.044228789440284,2.244060493915144
1.5518527729420541,0.705559927765418,-0.2665150065094788,-1.5462352365569298,1.7203745136258426
1.5543397164884356,0.5425955696803725,-0.03632672693206285,-5.122236777715039,5.151023120730765
1.556826660034817,0.3317517374938661,0.213006409531729,-8.362953167047444,8.372240836243344
1.5593136035811987,0.10175883398806268,0.4575424184352186,-10.96192694790852,10.971943416562317
1.5618005471275802,-0.13780635135257552,0.6685509120450983,-12.708468730431257,12.726787826659894
1.5642874906739617,-0.36779022241945986,0.8412435192629615,-13.463715174920756,13.494983757596772
1.5667744342203431,-0.5594623764790811,0.9804086756632966,-13.2372434449684,13.285285595099953
1.5692613777667246,-0.708034427415045,1.057315993610164,-12.096091544359787,12.162839327652122
1.571748321313106,-0.7943527791651654,1.0576002954595944,-10.155181510426148,10.24095826729241
1.5742352648594877,-0.8136290456429709,1.0195688401213827,-7.658722270481728,7.769011498255948
1.5767222084058692,-0.7754400507373587,0.933644853331872,-4.870076365450208,5.019028171843366
1.5792091519522506,-0.6893626183512603,0.7950399641766284,-2.0573947398936507,2.3108834847218374
1.581696095498632,-0.5697619757216267,0.6324846250117022,0.5111716613129573,0.9929561808981572
1.5841830390450136,-0.40227293017686067,0.45076727161915064,2.5866255062718118,2.6562466288377586
1.586669982591395,-0.22999112890208634,0.259464743128238,4.001372319233692,4.016366306679443
1.5891569261377767,-0.07685860581377385,0.08730749197567045,4.678797287246143,4.680242931577867
1.5916438696841582,0.09064344500304489,-0.05612764265752057,4.580592823637634,4.581833384394603
1.5941308132305396,0.21984256968590987,-0.16605222488585047,3.7498541979078457,3.7599615160800166
1.596617756776921,0.29637354092326584,-0.23288941547930997,2.3110795357352796,2.3416155483119097
1.5991047003233025,0.3441783579548933,-0.2518507785047357,0.4031321725001664,0.5868586756815238
1.601591643869684,0.34410339012693836,-0.2373014912874145,-1.787240523464856,1.8354693758216223
1.6040785874160657,0.31051383001726796,-0.1700879078883104,-3.9966767309473585,4.0123277067978735
1.6065655309624471,0.24340966023269925,-0.06457520558913155,-6.024063872134724,6.029325315110331
1.6090524745088286,0.13800246004997957,0.05529463170856719,-7.701808192685803,7.703242928286619
1.61153941805521,0.02302263197863874,0.1895216367248982,-8.847950728520168,8.85001020263201
1.6140263616015915,-0.11110664804334547,0.3237406322384686,-9.433761422021618,9.439968604387671
1.616513305147973,-0.22128976756325835,0.4531632476872738,-9.425721812460466,9.439203238418786
1.6190002486943547,-0.312315147339868,0.5777895158477282,-8.838197472509489,8.862568252992729
1.6214871922407361,-0.40333641810085213,0.6784658562323922,-7.776533638119695,7.816487165539691
1.6239741357871176,-0.4560463707378195,0.7456154950112461,-6.3604407553876685,6.420212407814905
1.626461079333499,-0.48002182935280047,0.7600848517297418,-4.695264060626034,4.780549606215869
1.6289480228798805,-0.47526281141414434,0.7362391691909447,-2.9677516467631673,3.094426068115013
1.631434966426262,-0.4369809310764992,0.6884436902126994,-1.364651606890039,1.5897109979193478
1.6339219099726436,-0.37954141578202377,0.6214868509863449,-0.005674387768683786,0.7282374550373634
1.636408853519025,-0.30294428301785536,0.5210034744354304,0.9846811603703998,1.15447687139041
1.6388957970654066,-0.21197795359701488,0.41572401337912,1.5202234137183126,1.5902327929358584
1.641382740611788,-0.12100765497837584,0.3104369040471653,1.5578563782153,1.5930883274645655
1.6438696841581695,-0.05397542126632754,0.19556537271988406,1.1263101094799008,1.1444359413372909
1.646356627704551,0.017849149953659327,0.09983987225090019,0.32135230949564786,0.33697759430462276
1.6488435712509326,0.0753124278887517,0.03283724222284423,-0.7899797397876132,0.794240666011383
1.651330514797314,0.10404918506259131,-0.019807694373709328,-2.087976320001623,2.090661065442247
1.6538174583436955,0.11363621059685464,-0.0389412912970899,-3.4337740995945527,3.435874587288232
1.656304401890077,0.1136502936100347,-0.03892872553956117,-4.707663360386393,4.709195913278007
1.6587913454364585,0.08972620661621616,-0.019769964124837447,-5.794722787600909,5.795451132463847
1.6612782889828401,0.0274987221269698,0.02811183257096772,-6.589607873178888,6.589725212564656
1.6637652325292216,-0.029936547504536337,0.09035148757648637,-7.039646545653683,7.040289985214928
1.666252176075603,-0.09215642645044009,0.16694903388701388,-7.120897153542992,7.123450081118601
1.6687391196219845,-0.16873773888436716,0.24832769786226105,-6.833360062021031,6.839952398026864
1.671226063168366,-0.221373275777975,0.3201223025460229,-6.200977652912005,6.21318020563786
1.6737130067147474,-0.2644282646272245,0.38233288094685847,-5.333883567846561,5.354102600280504
1.6761999502611291,-0.307479529608254,0.458901482678018,-4.327846238528695,4.362956256516809
1.6786868938075106,-0.3265850716551876,0.5067325108708913,-3.292999306650847,3.3477275994627314
1.681173837353892,-0.3265333116238805,0.5258259985416007,-2.3059575906829473,2.387584007814308
1.6836607809002735,-0.32647788033063596,0.5401239953090844,-1.4577011190695561,1.5884628699439183
1.686147724446655,-0.292899972067511,0.5304729209101136,-0.8152679036599686,1.0158019827673974
1.6886346679930364,-0.24495321764886246,0.5016612116830448,-0.4217539397014285,0.6996730920919482
1.691121611539418,-0.21136805452820884,0.46805411060625923,-0.3250436257541178,0.6077865279634284
1.6936085550857995,-0.1777792902744671,0.4057096340944164,-0.5011953105593161,0.6688815459961261
1.696095498632181,-0.12982173245444145,0.348146638404089,-0.9358441494778464,1.0069081567657767
1.6985824421785625,-0.0866490118746881,0.2905767532268926,-1.561952861319222,1.5911127055485563
1.701069385724944,-0.05304954937806705,0.24257681821231358,-2.331637778139548,2.3448224870703442
1.7035563292713254,-0.029023362484046855,0.18978165640459377,-3.144342795430065,3.1501985727649786
1.706043272817707,-0.009782065388384165,0.14655651076555642,-3.9330306318760595,3.9357724084258776
1.7085302163640885,-0.019267692204990194,0.12247822093181782,-4.63066400610769,4.632323531018407
1.71101715991047,-0.03832664716092454,0.11275841657354047,-5.174994040013952,5.176364236273439
1.7135041034568514,-0.05738214111952372,0.10782032403446351,-5.498983452095247,5.50033971121891
1.715991047003233,-0.09558780486132179,0.12681758957348643,-5.597844203940884,5.6000963796222285
1.7184779905496144,-0.13857844591967944,0.1458082295593779,-5.471576660378859,5.47527306861342
1.720964934095996,-0.1719888718226582,0.1791574869154946,-5.134546396109755,5.140549024272834
1.7234518776423775,-0.19581910005363318,0.22207699127541236,-4.653791422262847,4.663200393713207
1.725938821188759,-0.21964595473068965,0.26977837226361956,-4.067619329943776,4.082468827670705
1.7284257647351404,-0.23868105000472756,0.3174732594948835,-3.4478565333924482,3.4706588119523727
1.7309127082815219,-0.25292440334040994,0.36037328257367385,-2.8328106234919765,2.866819785959178
1.7333996518279033,-0.2575876288752319,0.3793248611326505,-2.2847312076056188,2.3302865548747214
1.735886595374285,-0.24309393741920354,0.38390483471484993,-1.8467142796882037,1.9017968386059876
1.7383735389206665,-0.22380855637642583,0.398055252812195,-1.5714326402006744,1.6364408931845789
1.740860482467048,-0.21888511646352377,0.407410938341461,-1.4636750562603016,1.5350045723736843
1.7433474260134294,-0.19480481186560245,0.39760671420618987,-1.5330186981576759,1.5956773930869894
1.7458343695598109,-0.16114446664218496,0.3782194198976754,-1.7650987194283125,1.8123440506825952
1.7483213131061923,-0.14184611480503595,0.34446068493188386,-2.112031450205663,2.144632912739815
1.750808256652574,-0.1273329671147324,0.32506096205200175,-2.559452043699144,2.583151772072276
1.7532952001989555,-0.09845142768193843,0.2960782674622524,-3.07384203966407,3.0896375044464732
1.755782143745337,-0.07914353049050471,0.2670894405929065,-3.5690105411538244,3.5798654598408928
1.7582690872917184,-0.06940929291284498,0.2524597241778883,-4.011439087559518,4.019974765527139
1.7607560308380998,-0.06446032899084975,0.22345873105104053,-4.348455604799678,4.354670491025732
1.7632429743844813,-0.07387346271685447,0.19924010723151486,-4.560906841837145,4.565854260567269
1.765729917930863,-0.09286030811146556,0.19895749872007507,-4.6344279507510056,4.639626014434964
1.7682168614772444,-0.10705567254357784,0.21303413157666196,-4.578596100011607,4.584799527272908
1.770703805023626,-0.11645957333164281,0.2271048285213948,-4.412565264513415,4.419940231377418
1.7731907485700074,-0.12586043110275058,0.24116962221526173,-4.14591261228758,4.1548279174379825
1.7756776921163888,-0.14004666647202513,0.2600169486189374,-3.802580521097335,3.8140320530624683
1.7781646356627703,-0.15422989340170706,0.2836468403516066,-3.4112997717912794,3.4265446915345183
1.780651579209152,-0.16362172584149548,0.3120593300107273,-3.0199547582580255,3.040440730640771
1.7831385227555334,-0.16822218104855746,0.3308892402105239,-2.6620646641782795,2.687819686614124
1.7856254663019149,-0.17281967958725475,0.35450181346427456,-2.36157186633873,2.394276478873042
1.7881124098482963,-0.1678374320476001,0.373320275660312,-2.151995547907422,2.1905757850457466
1.7905993533946778,-0.15806385896684766,0.3825562559833604,-2.062066488466753,2.1032003412326423
1.7930862969410595,-0.15307578418858314,0.39178659355461587,-2.0774198374450137,2.1195759273034183
1.795573240487441,-0.14329641826088274,0.4057997241499507,-2.1980559539540643,2.2397895562573473
1.7980601840338224,-0.12872577835789611,0.4102304702384534,-2.4191867935022575,2.457096682383834
1.8005471275802039,-0.11415228495926294,0.40029046090375164,-2.7168706980274564,2.748572281576775
1.8030340711265853,-0.10915276184982109,0.38076813184347724,-3.0240703792897747,3.0499016958821508
1.8055210146729668,-0.09936201619747043,0.35166351540782115,-3.316844178630909,3.336914044989706
1.8080079582193485,-0.08478006511537345,0.332130257200526,-3.6095576636485127,3.6257971115870182
1.81049490176573,-0.08456053898200577,0.3173799861955904,-3.8303851418616475,3.844441555724955
1.8129818453121114,-0.0795498415971258,0.28825912137733134,-3.9601733569945683,3.9714474081630473
1.8154687888584928,-0.08411319998618583,0.25913290494300156,-4.027653085650266,4.036856979282796
1.8179557324048743,-0.09825063119693805,0.2395781757397808,-4.013671070898512,4.02201521058648
1.8204426759512558,-0.10759694229915706,0.21522975598298588,-3.9038624587936717,3.9112712827201332
1.8229296194976374,-0.12172895694687724,0.21002969441961916,-3.7461116382125628,3.7539689419931253
1.825416563044019,-0.13106988549528886,0.2096128132028685,-3.5499957711225516,3.5585933767895663
1.8279035065904004,-0.13561974492237755,0.20440233777438932,-3.315515212497166,3.324577289701741
1.8303904501367818,-0.1353785521880027,0.21355191346536584,-3.057035526912525,3.067474202816151
1.8328773936831633,-0.13992313087426667,0.22269636233193424,-2.81286429518223,2.8251332172944617
1.8353643372295447,-0.15404190122431555,0.2174705063968787,-2.616520694429598,2.6300575797620214
1.8378512807759264,-0.1490044602201902,0.23139320085223103,-2.472793481480961,2.4880620459749156
1.8403382243223079,-0.14875284134819539,0.2500992676525273,-2.4056250260629213,2.4231609144895274
1.8428251678686893,-0.15807546479394502,0.2640119320377572,-2.3958620676328692,2.415542423545937
1.8453121114150708,-0.14345352416085838,0.2779196291734638,-2.4818121851000345,2.5014415755689945
1.8477990549614522,-0.1288290528761375,0.29661079418934344,-2.620380100530996,2.640258843248788
1.8502859985078337,-0.12377887438583551,0.2961434422568532,-2.768470535589408,2.7870147567895414
1.8527729420542154,-0.1235146021545876,0.29567121839342025,-2.9500258580151417,2.9673776115098036
1.8552598856005968,-0.11367104298567698,0.30477096093850786,-3.1458928052514548,3.162664697178267
1.8577468291469783,-0.09903661694264387,0.29471228163126106,-3.3129760977210907,3.32753275032884
1.8602337726933598,-0.09397655070841571,0.2846488253756405,-3.432122472023872,3.4451881238681348
1.8627207162397412,-0.08891405434286115,0.27458062375556347,-3.522485890892435,3.5342901804376434
1.8652076597861227,-0.09342595116535102,0.259719304995385,-3.564913090061742,3.5755821715396214
1.8676946033325044,-0.09793545119201386,0.24485330392030846,-3.5641928214280973,3.5739355004477145
1.8701815468788858,-0.09765416773703872,0.22519424867472138,-3.515537029801525,3.524095542691531
1.8726684904252673,-0.10215892405305771,0.20074217068260802,-3.409369256220943,3.416801514592059
1.8751554339716487,-0.11623814004965222,0.20501592456897022,-3.27442026783166,3.2828906355399403
1.8776423775180302,-0.11594981569153578,0.21407352507344113,-3.1442092346381987,3.1536207040607147
1.8801293210644117,-0.11087077416237923,0.21354979353417214,-2.9995828896551853,3.009218063682658
1.8826162646107933,-0.1249430485833109,0.2082331645280009,-2.845329982027245,2.8556740925430897
1.8851032081571748,-0.1294362355283043,0.22206568586998232,-2.7293348903053705,2.7414112882504282
1.8875901517035563,-0.13392715810987366,0.23110537212857274,-2.656386362675848,2.669781767208004
1.8900770952499377,-0.1336274294553934,0.2449290610704704,-2.6264847435179703,2.6412626985577137
1.8925640387963192,-0.1237486626678001,0.27311359041795935,-2.6156883601176872,2.6328179507968668
1.8950509823427006,-0.12344448742691172,0.2917169746063024,-2.6431511691469325,2.6620641310292177
1.8975379258890823,-0.1279265167860733,0.3007392446270205,-2.6945083035336843,2.7142557515399726
1.9000248694354638,-0.1276179604531678,0.31454564138680796,-2.769760105660051,2.7904831745150593
1.9025118129818452,-0.12730723807163252,0.3283477924649323,-2.8641185140762566,2.885687832797651
1.9049987565282267,-0.1269943659389759,0.3277805187533809,-2.972795466815768,2.99350639300718
1.9074857000746082,-0.12667936032685795,0.3224206576986286,-3.0766376914298164,3.0960785237409967
1.9099726436209896,-0.12157383416054979,0.32184504669962966,-3.170857124904126,3.189466936306574
1.9124595871673713,-0.1212546102999496,0.32126531314644247,-3.236300493732383,3.254466925270948
1.9149465307137528,-0.12093330161748406,0.3206814877010453,-3.2729681371535797,3.290863398382989
1.9174334742601342,-0.13018673091975314,0.31530519765627973,-3.261706780584655,3.279496466698592
1.9199204178065157,-0.13464970438480928,0.314713280216671,-3.2264587787799286,3.2445664183064156
1.9224073613528971,-0.1391106414447394,0.29496374929487335,-3.1624360660215736,3.179207016794481
1.9248943048992788,-0.1435695581838775,0.27521024863625776,-3.0744273826775323,3.090057706637364
1.9273812484456603,-0.13366126069797502,0.2650296152950289,-2.967221468556133,2.982031065072129
1.9298681919920417,-0.13332778161738817,0.25484507299319104,-2.864760676182609,2.8791623852054884
1.9323551355384232,-0.14256913694282086,0.24944505536233041,-2.7861989541931287,2.800973653357029
1.9348420790848047,-0.14223172936540962,0.24404118934161767,-2.72195983072843,2.736576563341996
1.9373290226311861,-0.14189238146962924,0.2482103117789669,-2.6624668333512087,2.677773598624004
1.9398159661775678,-0.14155110917057967,0.24758724286812317,-2.6220855056431756,2.6375497262122827
1.9423029097239493,-0.14599633167470805,0.25653722267168844,-2.6056045839582325,2.6222702994586062
1.9447898532703307,-0.14565125819834512,0.2559066679566553,-2.5938707874571527,2.6105302476207832
1.9472767968167122,-0.13093909792843045,0.2552724153580619,-2.6251916745483506,2.640821914012193
1.9497637403630936,-0.13059028658480137,0.2642113014567138,-2.6852023665162594,2.701328040781473
1.952250683909475,-0.12066282333404527,0.26835814617722953,-2.745172774079455,2.760896443386045
1.9547376274558568,-0.12509874051585385,0.2725013826704501,-2.805103227269022,2.8210832696095736
1.9572245710022382,-0.12953284387719016,0.276641040711481,-2.884147668783571,2.900278744948243
1.9597115145486197,-0.12438834245489766,0.27598874669930495,-2.929633990899017,2.9452330245116825
1.9621984580950012,-0.11924205853642494,0.27054453029700865,-2.960716135073559,2.9754416552643987
1.9646854016413826,-0.11409400773776007,0.26509682443140337,-2.9917596388184204,3.0056479343709244
1.967172345187764,-0.1089442056438395,0.2644340619723189,-2.9988228124514595,3.012429662839255
1.9696592887341458,-0.10858107112866555,0.2541910624509742,-2.9914827888975495,3.0042257274558555
1.9721462322805272,-0.10342781307386056,0.23915625862211032,-2.9793167004421957,2.990689056068708
1.9746331758269087,-0.10784965693095777,0.2384832931432701,-2.9383828554851945,2.950016887242836
1.9771201193732901,-0.1122698115180899,0.22823017873069773,-2.8830467883411153,2.8942446871033165
1.9796070629196716,-0.11189988894165903,0.21318534796364963,-2.808520419391513,2.818821832587264
1.982094006466053,-0.11152830791645946,0.21250244332306378,-2.7387460882837846,2.7492409839762524
1.9845809500124347,-0.11594348712485741,0.21181628398810215,-2.683300924044463,2.6941441831028774
1.9870678935588162,-0.12035703857597091,0.20155009239825672,-2.6373968450750223,2.647823705402647
1.9895548371051976,-0.11519217092579742,0.20085751085455428,-2.591457365788534,2.601780977447743
1.992041780651579,-0.11002570607857715,0.2001617616754494,-2.5742132264884745,2.584326628401161
1.9945287241979606,-0.09528085262411234,0.2042512770792726,-2.5712995369194473,2.5811583317625937
1.997015667744342,-0.09011123904069557,0.2179144892229412,-2.573139809466351,2.583922452217805
1.9995026112907237,-0.09930528381212445,0.221997813600038,-2.6084647823926304,2.619777297714223
2.001989554837105,-0.09892098546656569,0.22128968224358658,-2.6389675467895195,2.650076262646311
2.0044764983834864,-0.08895835909981537,0.21579012380382556,-2.6646484196190503,2.6748514290261625
2.006963441929868,-0.10293624301574,0.23422958679004902,-2.704661330428962,2.716735592907745
2.0094503854762498,-0.11212423231984503,0.25745448644525926,-2.735064578184815,2.749442289429874
2.011937329022631,-0.10215713204409488,0.26631123794895073,-2.7606468810709064,2.775343034122431
2.0144242725690127,-0.10176537706860894,0.2751650796589562,-2.776620149923998,2.792076551600547
2.016911216115394,-0.10137217567617146,0.2744392332673611,-2.7734078915498888,2.788796253523892
2.0193981596617756,-0.1009775427551805,0.2641337270423536,-2.7557988220009637,2.770268982832544
2.0218851032081573,-0.110158299799473,0.2681906057888228,-2.728581656611553,2.743942220391153
2.0243720467545385,-0.10976084834565064,0.27224468768398014,-2.6821799000333737,2.698194512992854
2.02685899030092,-0.11415041313696983,0.2715075974801464,-2.621382266153704,2.6378763575296533
2.0293459338473014,-0.12332700892004389,0.26119095986380136,-2.5797078880527806,2.5958280097736592
2.031832877393683,-0.11334863380405596,0.2652368193771313,-2.547580268195521,2.563857192988273
2.0343198209400644,-0.11294572238557332,0.25970318729272135,-2.524999714951374,2.5408317618842293
2.036806764486446,-0.11732988598277222,0.2493784947382247,-2.488024519348654,2.5032422864482644
2.0392937080328277,-0.12171273587744919,0.25341638273511213,-2.4605970048756998,2.476604827887684
2.041780651579209,-0.12130588331486203,0.24787486235461298,-2.461871090953977,2.477290118897874
2.0442675951255906,-0.12089774614418297,0.23275396120176728,-2.467905066372156,2.481802991396217
2.046754538671972,-0.12527674217771623,0.2319957234151273,-2.4739108324467054,2.4879210366711244
2.0492414822183536,-0.11528927258917748,0.2408117731430064,-2.499042306338856,2.513263689971637
2.0517284257647352,-0.11008896507758931,0.22568331454317647,-2.5097809679261935,2.522311052519017
2.0542153693111165,-0.11446423734368832,0.21534079486850644,-2.5157039262055996,2.5274967782158577
2.056702312857498,-0.11883829708976718,0.21936104802134615,-2.5263882894071,2.538676741749046
2.0591892564038794,-0.11842275530076835,0.2281672945532338,-2.5418343583499823,2.554800612291541
2.061676199950261,-0.10364081960350446,0.2178175449849098,-2.5716192397207642,2.5829075508994395
2.0641631434966428,-0.10322292414931655,0.21225384297008842,-2.567859199585584,2.5786832947886063
2.066650087043024,-0.10280387316860906,0.20668781217017074,-2.5544965530354276,2.564905676142505
2.0691370305894057,-0.1023836808144491,0.20590788281644956,-2.550685211057953,2.56103016776703
2.071623974135787,-0.09717395788116606,0.2194908883895179,-2.527695050651527,2.5390670131496207
2.0741109176821686,-0.10153992840576559,0.21870643573617032,-2.4951031745876993,2.506727490959215
2.07659786122855,-0.0963279931443447,0.2227081648347462,-2.4720634914862476,2.483943621519308
2.0790848047749315,-0.08632656941569516,0.2362845056307914,-2.4442110859292736,2.4571223975959824
2.081571748321313,-0.07632407449959644,0.22591666143521927,-2.421123058301914,2.432837965361333
2.0840586918676944,-0.07589732895698392,0.22512348197091336,-2.3932228949065077,2.4049858235304002
2.086545635414076,-0.06589273338761908,0.23869339696620395,-2.3844529044830463,2.3972759632061957
2.0890325789604574,-0.07025231823463629,0.2378960128342893,-2.370871361760882,2.3838122650824856
2.091519522506839,-0.08418769397971532,0.23230816247765773,-2.3524785572604667,2.3654196271574426
2.0940064660532207,-0.08375685778356673,0.22192987208469717,-2.3388515873295095,2.350849809516353
2.096493409599602,-0.07853663000923605,0.2163379744106888,-2.3299907408588183,2.3413301719136395
2.0989803531459836,-0.08289223430008313,0.21074409217597845,-2.3258963059200664,2.336894910086234
2.101467296692365,-0.07288166769684779,0.2003598480266615,-2.3169917631223313,2.326780315492692
2.1039542402387466,-0.07723536372344014,0.20433888113589305,-2.317642608851475,2.3279147196830974
2.106441183785128,-0.08637652930088074,0.20831600735988198,-2.3326375320251653,2.3435132428789225
2.1089281273315095,-0.076363161348728,0.2075028491204578,-2.3380348008088614,2.34846662624735
2.111415070877891,-0.07592569326932369,0.21147623872513055,-2.3338346991365224,2.344626049786494
2.1139020144242724,-0.07548733186172701,0.22023620176529146,-2.3439795267079155,2.355513180490712
2.116388957970654,-0.07025968720439973,0.22420595711596292,-2.354104355821862,2.3658005099652444
2.1188759015170353,-0.08418478925663997,0.23296233685743362,-2.3498442579360805,2.362864059926307
2.121362845063417,-0.0837438280928447,0.2417169630328435,-2.3120459003442555,2.3261548452887104
2.1238497886097987,-0.07372522030860967,0.23131624764793113,-2.2502863694155995,2.2633451700774923
2.12633673215618,-0.06849418909876248,0.2209138291942594,-2.2363919938344985,2.248320156017957
2.1288236757025616,-0.07283915097596977,0.22966334608646388,-2.2129022117854245,2.2259800074069296
2.131310619248943,-0.07239490913000407,0.23841121009954191,-2.213336123684801,2.227316260520075
2.1337975627953245,-0.07194987999012048,0.23758063957174613,-2.2089635859285135,2.222867847958594
2.1362845063417057,-0.07629247994368998,0.22717165940435846,-2.199784873975373,2.2127993576244855
2.1387714498880874,-0.08063431869545862,0.22633790770209528,-2.204953875704051,2.218006387681686
2.141258393434469,-0.07539860258774506,0.23507940921038983,-2.195740444926278,2.209575384410303
2.1437453369808503,-0.07973895784251472,0.23424257531517467,-2.196086871111026,2.2099831291107885
2.146232280527232,-0.08886699403782972,0.2142506239645443,-2.196416619616496,2.2086300367934126
2.1487192240736133,-0.0884175140686756,0.21341080623104247,-2.1919415582502992,2.204080221724023
2.151206167619995,-0.09754414402966372,0.2125695332645785,-2.1826619572671238,2.195156916078655
2.1536931111663766,-0.09709328341023343,0.21172682941721765,-2.178154892686763,2.1905739185231186
2.156180054712758,-0.08706494493830297,0.20609431564142033,-2.1784206330106013,2.1898793633218987
2.1586669982591395,-0.08182435125983445,0.20046041945076842,-2.178671042539696,2.189403369830803
2.161153941805521,-0.08137151501687045,0.18524835831820985,-2.15975277473194,2.169209608515979
2.1636408853519025,-0.08570644880835965,0.18440017287898458,-2.14081970872331,2.1504553109477293
2.166127828898284,-0.08525235854943114,0.18355067712574025,-2.1218721094819664,2.131501833146997
2.1686147724446654,-0.08958606339316821,0.17791149161146702,-2.0981218377670547,2.107556264424916
2.171101715991047,-0.08913076916800872,0.1579058334883685,-2.074357560087517,2.082267474018257
2.1735886595374283,-0.08388648829952117,0.15226414639048524,-2.055367942059414,2.0627066418763476
2.17607560308381,-0.07864163648999495,0.16577485726944685,-2.045941648403849,2.0541526328308684
2.178562546630191,-0.07818462939803178,0.16491916643334958,-2.050867342944933,2.058972565647534
2.181049490176573,-0.07772707599782591,0.15927390399189045,-2.0557800753265383,2.0634052905199156
2.1835364337229546,-0.07726898854000758,0.16320430329368607,-2.0558917009321895,2.0638063928492483
2.186023377269336,-0.07681037923123857,0.15276837104328234,-2.027260460961246,2.034458892709722
2.1885103208157175,-0.07635126023412103,0.15190814706660793,-1.9986170322316514,2.0058353974369387
2.1909972643620987,-0.07589164366710732,0.15583525118579677,-2.01305730061552,2.020505843261058
2.1934842079084804,-0.08500834824503639,0.15018449650027854,-2.0131206813497897,2.020504065806014
2.195971151454862,-0.08454777271654357,0.13974430930847603,-2.0131726385655995,2.0197873329943947
2.1984580950012433,-0.06972152574680218,0.14366832578732947,-2.0180018288411485,2.0243105147662543
2.200945038547625,-0.0788368458392752,0.14759135878901963,-2.0132432945592953,2.02018489761186
2.2034319820940063,-0.07837492164818266,0.14193662440328847,-1.9941088838276304,2.0006895996757312
2.205918925640388,-0.06833576502525546,0.14106935523854602,-1.974964057117381,1.9811747441037482
2.208405869186769,-0.07744980769935683,0.15456638049983162,-1.960597467339774,1.9682051894130912
2.210892812733151,-0.07698664151077506,0.14890889942616337,-1.9414325565240667,1.9486562485033099
2.2133797562795325,-0.06694627817676907,0.1432505476966388,-1.9222579757377147,1.9287504371650483
2.2158666998259138,-0.07127074597117827,0.1519565575865336,-1.9174391817644363,1.924770981283308
2.2183536433722955,-0.07080644323997143,0.1558733380452817,-1.9221880171806962,1.9297970938186042
2.2208405869186767,-0.07513018820585882,0.16457771786039332,-1.9221395169947524,1.930634790215074
2.2233275304650584,-0.07466518576509351,0.1684929124541843,-1.9077171186060013,1.9165983815434608
2.22581447401144,-0.06941144740927374,0.16283054048520063,-1.883709468444076,1.892007689057319
2.2283014175578213,-0.059368984584646234,0.16674423712932684,-1.864482018646994,1.8728645212092685
2.230788361104203,-0.05890301865297326,0.1754456208765327,-1.8500350104580967,1.8592687464193751
2.233275304650584,-0.05843675432896367,0.1697811001713596,-1.8403686841855098,1.8491071818482037
2.235762248196966,-0.04360499296145498,0.17848111657685894,-1.8354832792006945,1.844656003869292
2.238249191743347,-0.0527149723770966,0.17760367504789665,-1.8258022272964087,1.8351772957683854
2.240736135289729,-0.06182468719278439,0.18151400701696474,-1.8256909759275004,1.8357334137267725
2.2432230788361105,-0.061357341940596666,0.19500053719093025,-1.811207745045456,1.8227077189246257
2.2457100223824917,-0.07046656102866733,0.18933286694935303,-1.7919295769017527,1.8032814753403759
2.2481969659288734,-0.06999874225675723,0.1788762274693605,-1.7917987227652823,1.8020652573018812
2.2506839094752547,-0.055165493339614236,0.17320744652241515,-1.786873399756983,1.7960959322779217
2.2531708530216363,-0.05948564850849314,0.16753814183356752,-1.7819422439735675,1.7907891367229904
2.255657796568018,-0.06859400874546262,0.16665673768290912,-1.7817938905643924,1.7908849976208625
2.2581447401143993,-0.058548568345859364,0.1753516582648249,-1.76727495712867,1.7769178126761285
2.260631683660781,-0.05807975808226978,0.17446931108634844,-1.7479624802377227,1.7576079287283188
2.263118627207162,-0.06718758875919689,0.1640097168498338,-1.7477987054728654,1.756762270245198
2.265605570753544,-0.06193005453329431,0.16791491277318915,-1.7428418442602052,1.752006975925164
2.268092514299925,-0.056672376077386344,0.17181970942570501,-1.7426689303147924,1.752035607926361
2.2705794578463068,-0.06577977401791546,0.1709357239310778,-1.7185497698348673,1.7282821852305152
2.2730664013926885,-0.07488704901301824,0.1700513799673149,-1.704003411227303,1.7141041880273646
2.2755533449390697,-0.06962900167435127,0.17874350444632547,-1.7086068853409682,1.7193414224319976
2.2780402884854514,-0.059582449168607776,0.17785850427163874,-1.7036299955047358,1.7139249917584318
2.2805272320318326,-0.04953580529558843,0.16260799622112732,-1.6938613673311824,1.70236937477693
2.2830141755782143,-0.04427748380848556,0.16172242022817063,-1.6745128188327794,1.6828867511547436
2.285501119124596,-0.039019091773198455,0.16083658625656438,-1.669526586983423,1.677709725085358
2.287988062670977,-0.04333744616985713,0.15995051414418926,-1.6645376812331492,1.6727665687299422
2.290475006217359,-0.04765575065060035,0.16385262696230374,-1.6356043034290941,1.644481739432911
2.29296194976374,-0.05197401546140146,0.16296613773421287,-1.6210338976192862,1.6300337903129378
2.295448893310122,-0.05629225080140893,0.15729106603675325,-1.6064614703642963,1.6151246864314481
2.2979358368565035,-0.05582206350259439,0.15161583467990214,-1.5823104305801419,1.5905375703899876
2.3004227804028847,-0.050563463670345477,0.13636365642546533,-1.577311412779677,1.5840022107109213
2.3029097239492664,-0.05009326800373348,0.13547656719010615,-1.581887823946797,1.5884685465277688
2.3053966674956476,-0.04483467987361417,0.13458937624061162,-1.5673094568169148,1.5737164236748433
2.3078836110420293,-0.03957611256477345,0.14327890935787835,-1.5575185396809168,1.564595511946234
2.3103705545884106,-0.04868278595559239,0.1471799756337231,-1.5525152832594475,1.5602357718082558
2.3128574981347922,-0.04821269331488193,0.13671578739269252,-1.547511493983455,1.554286812119946
2.315344441681174,-0.04295424778623719,0.13103997679357526,-1.5185653640325878,1.5248138600368137
2.317831385227555,-0.04727266910674882,0.13494096594651595,-1.5039843277798308,1.5107655767002386
2.320318328773937,-0.04201435372417278,0.1340535635926594,-1.4894033821034132,1.4960140368498676
2.322805272320318,-0.06069813456252465,0.1283777883462771,-1.470034329550261,1.4768771276366686
2.3252922158666998,-0.05543998805330619,0.13227886869471295,-1.4650309882963555,1.4720350159038675
2.3277791594130814,-0.04539353706516558,0.14575682307646387,-1.460028352302439,1.4679878794484664
2.3302661029594627,-0.049712404419504086,0.1352928465998784,-1.4646034311572151,1.4716788671621788
2.3327530465058444,-0.04924298632795454,0.13919418408997775,-1.4643912168737376,1.4718157250973765
2.3352399900522256,-0.05835050219704396,0.1526724504009258,-1.4689687170920305,1.4780334062574758
2.3377269335986073,-0.06266975146411485,0.14699724369723333,-1.4879129384770575,1.4964693782000986
2.3402138771449885,-1.85785198859731,1.7214952909615246,-18.97016577929643,19.13850437579507
2.34270082069137,-2.26918582153305,1.6344175622523234,-17.882992452271502,18.10032994473982
2.345187764237752,-2.479406879644769,1.432418347852439,-15.320993008014536,15.586279464635696
2.347674707784133,-2.464573155539782,1.1346512787767566,-11.624144278387666,11.936594345465952
2.350161651330515,-2.2486266749811374,0.7650583892722027,-7.199460740760378,7.581152367561443
2.352648594876896,-1.8794514802860465,0.34758171349740374,-2.4587452748451177,3.114254202996344
2.3551355384232777,-1.3809895971227473,-0.06989469787577951,2.1287384007795715,2.538413818727349
2.3576224819696594,-0.8107018743541367,-0.4442751975842054,6.132033795076126,6.2013269905904425
2.3601094255160406,-0.21168395083517233,-0.7564061550544519,9.225529291029856,9.25890658048213
2.3625963690624223,0.3633917279866427,-0.987133939801828,11.155439322412462,11.204923624867062
2.3650833126088036,0.8522759100701094,-1.1029397114688813,11.825995633542282,11.907855514683657
2.3675702561551852,1.2406033766251052,-1.1181886629898388,11.227621229482809,11.35116386529882
2.3700571997015665,1.4948552956270071,-1.0280923741060688,9.484814409245818,9.656773304908647
2.372544143247948,1.6006664483805204,-0.847016037928638,6.846571959148944,7.082027734998222
2.37503108679433,1.5580368261984785,-0.598901654297759,3.600197893052739,3.9683229218969314
2.377518030340711,1.3909084370427844,-0.30769122314211383,0.07130345235930413,1.4263184607070916
2.3800049738870928,1.1136464822821766,0.01703846548206167,-3.395346507268573,3.5733565035168753
2.382491917433474,0.7549813732937903,0.3369802015081591,-6.474140742469836,6.526718232276995
2.3849788609798557,0.35800873146322676,0.6186151781013307,-8.896928848747208,8.925592301357462
2.3874658045262374,-0.03417582177680989,0.8427897982993962,-10.486540083711642,10.520408050936172
2.3899527480726186,-0.40720708486734725,0.9951388683715696,-11.123264543835218,11.175112218203973
2.3924396916190003,-0.7275662429214037,1.0660855978192472,-10.792737197659802,10.869639706883847
2.3949266351653815,-0.9617344810042484,1.0699952126567154,-9.600303095754361,9.707504442307075
2.397413578711763,-1.1097118073758692,0.9829257122473596,-7.69919132091305,7.840609048234023
2.3999005222581444,-1.1619214236083657,0.8192423224284915,-5.285726584831495,5.473584283364287
2.402387465804526,-1.108786531226321,0.6172522855505749,-2.632848051352479,2.9227207901811028
2.404874409350908,-0.9694607516288177,0.3865324239537271,0.0008703266215484007,1.0436772591106334
2.407361352897289,-0.7583093028472379,0.13665955988961942,2.3999502270498496,2.520609038786165
2.4098482964436707,-0.5136394194671492,-0.10842427451756498,4.329759715589173,4.361467696919702
2.412335239990052,-0.24981631942519444,-0.31998864391174253,5.63706971532009,5.651668417473069
2.4148221835364336,0.02837158602995582,-0.47409151634552815,6.245265603426478,6.263298665248732
2.4173091270828153,0.28261706245480966,-0.5850980865224169,6.135193597913881,6.169506678716399
2.4197960706291965,0.47940127877336175,-0.6338547259920235,5.364314370891202,5.422865116292479
2.4222830141755782,0.6235126305196133,-0.6107846130329595,4.023607418686218,4.117188665053143
2.4247699577219595,0.7101627066340775,-0.525464539293343,2.2758782884091673,2.441324647727304
2.427256901268341,0.7345630961045596,-0.4018365064705032,0.3126629480689065,0.8937637490893636
2.429743844814723,0.6871369846457713,-0.24468890306871893,-1.6697142300291752,1.8220799941042594
2.432230788361104,0.591826381261894,-0.06359852100091068,-3.494082485883446,3.5444203553738505
2.4347177319074857,0.43905447176200946,0.1270694444117173,-4.9928478651590655,5.01372568829815
2.437204675453867,0.2575516685649335,0.30337299111907967,-6.046300445747625,6.059382568708552
2.4396916190002487,0.07125998081629387,0.44615852030334313,-6.5682491278082775,6.583770349507902
2.44217856254663,-0.1102437922521049,0.5554260463398792,-6.553905666970975,6.578322831713044
2.4446655060930116,-0.27259444804102895,0.6215987768754108,-6.032000641133917,6.070067916189718
2.4471524496393933,-0.39663838058398837,0.6350999194687446,-5.083937063744813,5.138782927968424
2.4496393931857745,-0.5015292104297882,0.5863526815906956,-3.8054831572398093,3.88291682581005
2.452126336732156,-0.5489597182365995,0.518452707147695,-2.35465638624623,2.4727629645975644
2.4546132802785374,-0.5389299111780878,0.4170348001145623,-0.8559553911770852,1.094085510988118
2.457100223824919,-0.5001702163028847,0.27252216769876103,0.5709095918453322,0.806459136735836
2.459587167371301,-0.42310383405015617,0.1280104535432991,1.7679211011087101,1.8223469895576248
2.462074110917682,-0.3125191747732414,-0.01171192535877763,2.644099322353707,2.6625301181898187
2.4645610544640637,-0.19235826205979123,-0.1514333587428034,3.1371948622135175,3.146732490476698
2.467047998010445,-0.0626211028490874,-0.25763500986916243,3.208900344891566,3.219835185887242
2.4695349415568266,0.06711548932563782,-0.3351052686481104,2.8975228486840656,2.9176083850697587
2.472021885103208,0.17769789433725836,-0.3886325250773939,2.26052306613688,2.3005600000297335
2.4745088286495895,0.25476089542575175,-0.38469794267964685,1.3601500940820763,1.4362812744624796
2.4769957721959712,0.30309288915887933,-0.35203192822884644,0.2778066436003712,0.5412654701527708
2.4794827157423525,0.3274822721510792,-0.3002112753049264,-0.8476437334196429,0.9570116755813559
2.481969659288734,0.32792903774300713,-0.2052939543328165,-1.8917026940848771,1.9308604673276217
2.4844566028351154,0.2996447760015366,-0.09601037234797305,-2.8016979443432604,2.819311326320784
2.486943546381497,0.24262948036033266,0.027639483449003688,-3.496226769257782,3.5047445881062376
2.4894304899278787,0.17124835426041696,0.1465020124893326,-3.884309646288571,3.8908418455073153
2.49191743347426,0.0902897945486339,0.2557888240782238,-3.985100328301457,3.9943215689465132
2.4944043770206417,-0.005034608522541673,0.34592312411389603,-3.784233743959642,3.800014892602725
2.496891320567023,-0.09078284473240628,0.4073281184077753,-3.310440450849386,3.336641080422528
2.4993782641134046,-0.15258971045464753,0.4400038193253004,-2.6307582321606873,2.671661628432521
2.501865207659786,-0.20003201861831676,0.43916183582504464,-1.8457436933678615,1.9077855508743575
2.5043521512061675,-0.23310977546569045,0.4048021800994248,-0.9889157925039047,1.0936907319231235
2.506839094752549,-0.25182298719294627,0.35607847753572663,-0.13688911652862323,0.45710538092099373
2.5093260382989304,-0.24659485330958952,0.28341393351306454,0.5954145219906941,0.7040248094957539
2.511812981845312,-0.21263697659944258,0.19159696328528142,1.1553225546048616,1.1902495895131393
2.5142999253916933,-0.17389137972226087,0.10456959530135279,1.5045276237786673,1.5181489989181838
2.516786868938075,-0.1303580686903495,0.022331841322666968,1.604722372928924,1.6101632933923737
2.5192738124844567,-0.07724864614985594,-0.04553948033470867,1.4894254962280424,1.4921224837175036
2.521760756030838,-0.004986311380889008,-0.10862116472174899,1.1969440921188852,1.20187294685628
2.5242476995772196,0.04812170317910541,-0.14775958705335146,0.7224896301101129,0.7390127600384737
2.526734643123601,0.08686379502114322,-0.167743139231602,0.1330996304626897,0.23108135206903296
2.5292215866699825,0.12560516832242613,-0.1589950032831604,-0.48982317565437405,0.5300781195130139
2.5317085302163638,0.14519220406354771,-0.12630357128109537,-1.0840296694080482,1.1009785158649155
2.5341954737627455,0.14562489655183924,-0.09361084866502756,-1.6303663609041745,1.6395316624729885
2.536682417309127,0.13648004678066722,-0.05612842103799265,-2.061795726101307,2.067070105000575
2.5391693608555084,0.1081808425075142,0.005297335872845199,-2.3304338532981212,2.3329494424549613
2.54165630440189,0.07988089145704136,0.07630122301308662,-2.4410692663754956,2.443567473325888
2.5441432479482713,0.042003381477275725,0.13294123460279472,-2.384125278313854,2.38819827455937
2.546630191494653,0.00412511374264013,0.18000578469915496,-2.16439041111615,2.1718666972952287
2.5491171350410347,-0.03375391716792486,0.222283287274609,-1.8153836057700623,1.8292530778502187
2.551604078587416,-0.062056909989818276,0.2406201396154959,-1.3706238023276978,1.3929675944447886
2.5540910221337976,-0.09514908001505129,0.2398047555252707,-0.8827835531873731,0.9197099923227806
2.556577965680179,-0.12345362588914455,0.23420235536366363,-0.4093238131347601,0.4874807944957879
2.5590649092265605,-0.12781693957215967,0.2190245461249387,0.011448077257755429,0.2538503108521399
2.561551852772942,-0.12739263954188507,0.17990612807863027,0.3603783916297001,0.42245435810665116
2.5640387963193234,-0.1126039243095438,0.1312123213321983,0.5991597912684608,0.6236094711533485
2.566525739865705,-0.08823920230265114,0.07294313594826196,0.7134269549911405,0.722554411800873
2.5690126834120863,-0.06866368854479898,0.019463791866682456,0.7127565791427504,0.716320795754027
2.571499626958468,-0.0490889847338406,-0.03880250765785398,0.587571747712234,0.5908941713474133
2.5739865705048492,-0.015149885882586367,-0.0779137362119533,0.36181436885435403,0.37041828632268653
2.576473514051231,0.009211586477975264,-0.11223509402804677,0.06900315828700165,0.13207197094958006
2.5789604575976126,0.028783830783022213,-0.1321897648202568,-0.27170837731235764,0.303526086423383
2.581447401143994,0.048355245511904954,-0.12820093238576735,-0.6172247137451183,0.6322499949314669
2.5839343446903755,0.06792582586778062,-0.1194222005265968,-0.924450325894842,0.9346036512048914
2.5864212882367568,0.07791876045721868,-0.091488349885394,-1.1838085109708967,1.1898924497798418
2.5889082317831384,0.07833404457137305,-0.06355298442967916,-1.3761457586271462,1.3798377996548408
2.59139517532952,0.07396007686559203,-0.021250884967324968,-1.4679433476431658,1.4699589671047568
2.5938821188759014,0.06958525603902621,0.025841151009826646,-1.4544129758085944,1.4563059352841836
2.596369062422283,0.05084436755329991,0.07772313256829433,-1.3403431466434572,1.343557139016502
2.5988560059686643,0.017737406874617556,0.12002985873153849,-1.178406395962222,1.18463640693439
2.601342949515046,0.00857159607524538,0.14797293508166343,-0.9733912254691557,0.9846115678765429
2.603829893061427,0.004193317427179766,0.17591758040019068,-0.7109325226817909,0.7323862579347032
2.606316836607809,-0.01455104675418506,0.1894985934650748,-0.42933761073724597,0.4695234114295592
2.6088037801541906,-0.03329629086795394,0.17913917629304166,-0.1621254085500965,0.24389369726593707
2.611290723700572,-0.04725401591062661,0.16399295074129672,0.07155037582658963,0.18505698093680592
2.6137776672469535,-0.04684741951524474,0.14884832862486075,0.2525360352386752,0.296858475950614
2.6162646107933347,-0.046441715873351996,0.10976330175581239,0.3425242501479513,0.36266744729161315
2.6187515543397164,-0.04603690917258019,0.0802567017090019,0.3606685417555884,0.3723470587871948
2.621238497886098,-0.040844600237359696,0.04596332677538628,0.3117572221955598,0.31776323633784687
2.6237254414324793,-0.03086479316964208,0.011671588446565018,0.18621339453313546,0.18911448843973838
2.626212384978861,-0.016097492028649962,-0.017830101866397996,0.022344195926846666,0.03280708572543269
2.6286993285252422,0.00345729916899995,-0.042541736153012266,-0.17985046213842004,0.1848457220599377
2.631186272071624,0.013434366488295546,-0.05288649984234706,-0.37727503740822854,0.3812006268618884
2.633673215618005,0.023410512638228798,-0.06322959504502723,-0.555564406664903,0.5596408167248602
2.636160159164387,0.028597330409206423,-0.0735710139905752,-0.7147186557684577,0.719064154515858
2.6386471027107685,0.01941800931358395,-0.06954553902724703,-0.8260074497755365,0.8291573723781139
2.6411340462571498,0.024602965468386473,-0.0607299691843699,-0.8750656628240936,0.8775154410725451
2.6436209898035314,0.02978698514990341,-0.03754749028936466,-0.8858353947367679,0.8871310078448368
2.6461079333499127,0.030181661317031927,-0.009574901530079671,-0.8295863079368111,0.8301903719842795
2.6485948768962944,0.020998586970557787,0.004034191186006009,-0.7254720971765032,0.7257871445092969
2.651081820442676,0.01181456511399881,0.027221811755382852,-0.6118000696171553,0.6125193353418604
2.6535687639890573,0.007417995472259187,0.04562275743337274,-0.4646282883857129,0.46692173757588973
2.656055707535439,-0.00655633546940404,0.059237035357735834,-0.30311044562349565,0.3089141533481998
2.65854265108182,-0.006166414621727734,0.07285305590821967,-0.14640023260533575,0.16364174446439286
2.661029594628202,-0.005777455416539401,0.07689401942548191,-0.00407453310086936,0.0772183335386524
2.663516538174583,-0.014966267924042098,0.07135993281283026,0.11907817330320114,0.13962750640132862
2.666003481720965,-0.014579242251350322,0.056250802895772445,0.20390419791989878,0.2120227088318604
2.6684904252673465,-0.014193188386339872,0.036355039742505646,0.21688464296000376,0.22036806452645902
2.6709773688137277,-0.009019706314934761,0.006884246703161345,0.20111506461600115,0.20143489561189734
2.6734643123601094,-0.013424009263391268,-0.01779635966816384,0.14701858341163643,0.14869895194824528
2.6759512559064906,-0.013040890495279567,-0.032898369535051764,0.0498067240436697,0.0610989140896707
2.6784381994528723,0.0017064534462229997,-0.052786986419245174,-0.047424954737273595,0.0709824221228196
2.680925142999254,0.006876002816375348,-0.06309699399734114,-0.15425332985550355,0.16680107864681837
2.6834120865456352,0.002467754512500475,-0.06382838598339591,-0.25631326078701555,0.26415268373585
2.685899030092017,0.007635318753573261,-0.06934636612875211,-0.3488164128040303,0.3557247621816666
2.688385973638398,0.012801885876997932,-0.07007412165935145,-0.4078208370549863,0.4139952970077884
2.69087291718478,0.022755856221312043,-0.04206962991616914,-0.43811500376985535,0.4407180950243691
2.6933598607311615,0.03749722684483292,-0.0188517081597106,-0.45885259230125897,0.46076797890389165
2.6958468042775428,0.037872381564614144,-0.009997157124518541,-0.4556684579234691,0.4573488864994648
2.6983337478239244,0.03824652747977697,0.008436045621659893,-0.4141974550767191,0.4160450642923466
2.7008206913703057,0.03383125844796686,0.022082695873361757,-0.35838166393184245,0.3606516554069378
2.7033076349166874,0.024626571686810483,0.03094279931104227,-0.2834327439080333,0.2861783450603589
2.7057945784630686,0.015420867773799807,0.05416997482159269,-0.1797739502765321,0.1883901869341873
2.7082815220094503,0.015790950646201174,0.08218742129538859,-0.06177055408477372,0.10401792005917254
2.710768465555832,0.016160010999364927,0.10062993422807098,0.041846964482171956,0.11017575983226822
2.713255409102213,0.002162836247574851,0.0999207123613548,0.10234812606024768,0.14305231744882282
2.715742352648595,0.0025298437270359075,0.09921337428479537,0.14846329194807062,0.1785806338949332
2.718229296194976,0.0028958209301648274,0.09371952191254795,0.19934601762023263,0.22029654855994052
2.720716239741358,0.003260765349216488,0.08822756372575746,0.2071122128813876,0.225144851853802
2.7232031832877395,-0.0011637288050746486,0.07794910149150658,0.1717618215514829,0.18862539603867876
2.7256901268341207,-0.000800857322356574,0.06767254354428198,0.12202520818230411,0.13953625318940654
2.7281770703805024,-0.00043902591464628493,0.04782108818459063,0.07226752817231485,0.0866582070380437
2.7306640139268836,0.004710166385118231,0.02797154692137882,0.022488727764487848,0.036198563245184764
2.7331509574732653,0.005069910621407492,0.017700731190959385,-0.04167645595606828,0.04556255984316248
2.7356379010196465,0.005428607837852706,0.002643435755689705,-0.09628605854087269,0.09647519165561692
2.7381248445660282,0.015363062436515085,-0.007623528092728815,-0.14134013134452061,0.14237687521678238
2.74061178811241,0.015719658935580028,-0.0131001557752084,-0.18162712824568494,0.18277618956844507
2.743098731658791,0.01607520181299249,-0.013786442784454511,-0.17405146912606462,0.17533508497422556
2.745585675205173,0.026006495584466216,-0.014470788005056523,-0.16170883284141624,0.16442471875300638
2.748072618751554,0.031148328201805464,-0.015153187072655783,-0.14938767089579663,0.15335094927615261
2.7505595622979357,0.02671229429497679,-0.011045232373736003,-0.11314601408456504,0.11677998256514625
2.7530465058443174,0.02227519849229931,-0.006935323006339367,-0.057772312340407694,0.06230508202571614
2.7555334493906987,0.01783703881877774,-0.0028234548189303155,0.011944985185992962,0.0216521251158106
2.7580203929370803,0.027763023297529,0.0012903762695235521,0.08164062348315859,0.086241764454671
2.7605073364834616,0.037687940066865155,0.005406174269754871,0.15131455827780727,0.15603109655939265
2.7629942800298433,0.03803498062235633,-0.004841266838517377,0.19702472947002114,0.20072080519537522
2.7654812235762245,0.03359254645733745,-0.015086733223568682,0.22355949765429095,0.22657210262582292
2.767968167122606,0.024360635781538575,-0.015753414443619995,0.23091882087481785,0.23273399510284148
2.770455110668988,0.015127650161589234,-0.021206516727885205,0.21910265794348405,0.22064572705819815
2.772942054215369,0.02983560448183631,-0.02665763309353064,0.2072645817186114,0.21109097453926545
2.775428997761751,0.034965673819222776,-0.036895163267330666,0.19540455254001365,0.20190787644744873
2.777915941308132,0.02094104988847878,-0.0375538937635711,0.17873412818747525,0.1838333785964186
2.7804028848545137,0.026068957643562207,-0.04778743440726352,0.15725327051890048,0.1664085951167813
2.7828898284008954,0.031195782230661218,-0.05323057184954827,0.12138513550688934,0.1361654204651043
2.7853767719472766,0.026744715472450498,-0.05388330277059339,0.09028329979878258,0.10848854476730077
2.7878637154936583,0.03665777246952229,-0.0545340272387449,0.04000571090939964,0.07692989870440423
2.7903506590400395,0.04656974179558426,-0.06475954871030076,-0.0007172463751370373,0.0797687560541836
2.792837602586421,0.032538605419205946,-0.07498305742772526,-0.017520396484339784,0.08359535894297476
2.7953245461328025,0.028083185188070625,-0.07562774370066494,-0.015192176386191747,0.0820915533469193
2.797811489679184,0.03799188306322565,-0.06669360454635109,0.025420994293167354,0.0808557172804009
2.800298433225566,0.03353427779864515,-0.0673342503299943,0.09474227674341762,0.12097333614274416
2.802785376771947,0.029075578066104724,-0.06797287156142628,0.14009920300658685,0.15840923960194095
2.8052723203183287,0.029404185931618088,-0.059032658816748906,0.1758569523416842,0.18781674218285555
2.80775926386471,0.03452010017562379,-0.04051360937872284,0.22116910805806178,0.22748354714182178
2.8102462074110917,0.03484651297254626,-0.026780930556856042,0.2616704309503337,0.2653354709449348
2.8127331509574733,0.03038342317192244,-0.022623023085589722,0.3021492958192553,0.3045146146595383
2.8152200945038546,0.04986124957950766,-0.018463077803784866,0.3330288682268847,0.33724658118963685
2.8177070380502363,0.050184361230619645,-0.004724285615391288,0.33515550781437575,0.3389247754369887
2.8201939815966175,0.04092956371810219,-0.005348660731424371,0.3324712048227454,0.3350237892957185
2.822680925142999,0.046038872629709515,-0.015547797505652383,0.33455274024653114,0.3380633783874768
2.825167868689381,0.04635867370423208,-0.011379677075000316,0.3414000891514739,0.3447211112632661
2.827654812235762,0.03710056267511719,-0.007209507203049803,0.3290712107109677,0.3312344946766614
2.8301417557821438,0.0374181519109521,-0.012614092396989296,0.3119312913674541,0.31442067990766515
2.832628699328525,0.0425230372122255,-0.022805027266757705,0.2804035016657238,0.2845248701059179
2.8351156428749067,0.042838411092439244,-0.018628696524796595,0.2632182394143463,0.26733125398936414
2.837602586421288,0.03357586941860535,-0.024027114829570984,0.2460102732376619,0.24945078831849318
2.8400895299676696,0.029100621372052715,-0.03421187698063477,0.22399117909657562,0.2284498785376168
2.8425764735140513,0.03420106952642177,-0.04439457784026679,0.2211029535671294,0.2280945150030461
2.8450634170604325,0.034512003206907726,-0.049786812333227015,0.21819196403312446,0.2264454420302821
2.847550360606814,0.039610228372942036,-0.05038857876683389,0.22962340180841956,0.23840068313654
2.8500373041531954,0.044707341055560845,-0.0605650854713371,0.2458204422905066,0.25708863407453253
2.852524247699577,0.05459174395883537,-0.061162717596557226,0.25720626155936444,0.26995591773029803
2.855011191245959,0.06447503317848746,-0.07133508691632606,0.27814605297630735,0.2942973858447024
2.85749813479234,0.055203594881453655,-0.07192857870324287,0.3038513972984358,0.3170911997553955
2.8599850783387217,0.05071944514948479,-0.06294319157217787,0.3438990859181654,0.3532716925779834
2.862472021885103,0.05581098681496821,-0.0587441341597148,0.3791354909776192,0.38769764000606904
2.8649589654314846,0.051324606140473295,-0.04975459856140452,0.4095605985690369,0.4157518721229154
2.867445908977866,0.05641391598268175,-0.04076298689401758,0.42080918548985125,0.42652610894253
2.8699328525242476,0.07107891594850119,-0.041346104654672367,0.37457401259932155,0.38349368127426287
2.8724197960706292,0.061800782434004886,-0.04192714411902099,0.3761999410266732,0.3835408944974509
2.8749067396170105,0.05730993503052695,-0.028140894301951214,0.38737973294966643,0.39260590429267833
2.877393683163392,0.062394776758919135,-0.023929370840124253,0.39853657112300667,0.4041003853970977
2.8798806267097734,0.06269009738972431,-0.03408097614799965,0.4048820422740427,0.41112167226009055
2.882367570256155,0.06777270332585195,-0.025076886136324195,0.4064161370999937,0.41279058374637007
2.8848545138025368,0.05848898107900302,-0.020859116618133555,0.41271565358546525,0.4173610839168245
2.887341457348918,0.03962733379298833,-0.026216070183496587,0.4142037770777822,0.4169201084919124
2.8898284008952997,0.04470658456386967,-0.026782536199271956,0.40609209688576087,0.4094224885148664
2.892315344441681,0.05457311999455006,-0.027346917371350088,0.40753421955816016,0.41208035554553396
2.8948022879880626,0.05007332671804876,-0.027909213142841338,0.42810694563869234,0.43192802540580216
2.897289231534444,0.040784011319252245,-0.028469423014134687,0.43429144642101214,0.43713030558461796
2.8997761750808255,0.05064719037383425,-0.02902754654264239,0.43566452371153197,0.43955808896190807
2.902263118627207,0.04614404064343669,-0.024795180022235908,0.4513797865844058,0.45440927056588754
2.9047500621735884,0.03206296548177334,-0.015772323123609322,0.4527068115349824,0.4541148061254675
2.90723700571997,0.03713438487356391,-0.011535782214345147,0.4540108055628771,0.4556729620891362
2.9097239492663514,0.03262787898908048,-0.007297153757091834,0.46486857296602935,0.46606932646523014
2.912210892812733,0.03290865791056907,-0.003056437590553962,0.4709149020566077,0.4720732639699099
2.9146978363591147,0.03318831846805659,0.00597476971137878,0.4769381950409777,0.4781288573646092
2.917184779905496,0.028678457520457723,0.00543125823833579,0.4925152580559047,0.4933793995594856
2.9196717234518776,0.033744285236682936,0.014466641267155023,0.49849247792354134,0.49984268629443757
2.922158666998259,0.034020591892381935,0.018715708777764295,0.49965825867196934,0.5011646973669102
2.9246456105446406,0.02471897443230242,0.003813250695633208,0.5151662148917229,0.5157730097084544
2.927132554091022,0.02020464311076875,-0.0015103132251703677,0.5162859285688786,0.5166833350201077
2.9296194976374035,0.020477598249371676,-0.002043386526697777,0.5173826121681007,0.5177917292043659
2.932106441183785,0.030326243518062457,-0.0025743728046978553,0.5088794621453996,0.5097887949284935
2.9345933847301664,0.025808562692833714,-0.007891675708342483,0.5099300954686807,0.5106437728186386
2.937080328276548,0.02128976613995348,-0.008418488979034855,0.5253229197320568,0.525821543011312
2.9395672718229293,0.026346660933012855,-0.023308426332959264,0.5311159231920151,0.5322795817505539
2.942054215369311,0.017037230930910252,-0.028619471656134543,0.5416743212488964,0.5426973481565227
2.9445411589156927,0.00772668658240383,-0.029140028808839702,0.5378445066393116,0.5386887378501681
2.947028102462074,0.017568641683764596,-0.03444690502378389,0.5387800992379379,0.5401659391068381
2.9495150460084556,0.022621080175545094,-0.04932850426523627,0.5492695095311593,0.5519438456056505
2.952001989554837,0.02767240594709619,-0.06420802058813324,0.5549475352938789,0.5593346036921889
2.9544889331012185,0.03272261959424694,-0.06950864809873769,0.5414489748678353,0.546872210282305
2.9569758766476,0.03777172173948229,-0.07001879091533558,0.5470810636821373,0.5528354405100935
2.9594628201939814,0.03324290639117222,-0.08010365984765055,0.5766322144847145,0.5831178250815748
2.961949763740363,0.03350138418561921,-0.08539804583407706,0.5726415974175296,0.579942728265069
2.9644367072867444,0.04812396246504147,-0.09547875646486492,0.5686280462636528,0.5785930899146935
2.966923650833126,0.043591818714931785,-0.09598058277872301,0.5837451853974738,0.593187120902123
2.9694105943795073,0.0342701636498548,-0.09169192914537128,0.5940510098598715,0.6020618376068365
2.971897537925889,0.04410101465079708,-0.0969780066246475,0.5851803218787506,0.5947988251301763
2.9743844814722706,0.04435395260098052,-0.09747360640375113,0.5906519574285909,0.6002816937662762
2.976871425018652,0.049394188291949304,-0.0979671330000933,0.6008891231415738,0.6108232831966444
2.9793583685650336,0.06879852922032026,-0.09367018433916208,0.5967382195468112,0.6079505273662571
2.981845312111415,0.06425974970481763,-0.08937116503550646,0.6069296809112021,0.6168307370283221
2.9843322556577965,0.05971986725332257,-0.08985847975184846,0.6314635221114546,0.6406146959643304
2.986819199204178,0.0743324960783549,-0.09513212987850439,0.6511861452717653,0.6622830496867332
2.9893061427505594,0.07457881389380605,-0.10040371353311395,0.680462776284319,0.6918616155573379
2.991793086296941,0.07482403164135842,-0.09130802224007217,0.7049282216422732,0.7147444216670729
2.9942800298433223,0.07985655364659339,-0.08221026749275184,0.7102172883586739,0.7194054447424545
2.996766973389704,0.0753111709782236,-0.07789885419074327,0.7011183972447448,0.7094413371896099
2.9992539169360852,0.06597628801044986,-0.07358538063958386,0.7063619862272486,0.7132425494952008
3.001740860482467,0.06621711578219325,-0.0644814451911273,0.7067944605408307,0.7128120177491767
3.0042278040288486,0.07124525207507804,-0.0697406628448185,0.7072042425297553,0.7141970922997104
3.00671474757523,0.06669548805391312,-0.07020942208338443,0.7267449650043183,0.7331683948692553
3.0092016911216115,0.05735622818842412,-0.0610993213959925,0.7223210181128739,0.7271660863892595
3.0116886346679927,0.057592683612485374,-0.06156397591861085,0.7226628423076225,0.7275634845075216
3.0141755782143744,0.05303964556147678,-0.06202658091030244,0.7277704586150904,0.7323321249088615
3.016662521760756,0.04848551857526573,-0.0672755416357722,0.7184902752737692,0.7232600636540605
3.0191494653071373,0.04871870721681393,-0.06294565012291198,0.7139759275749,0.7183991178020144
3.021636408853519,0.03937400279078351,-0.06819052168597084,0.7094390346954516,0.7137954912250339
3.0241233523999003,0.0348166165465188,-0.07343335176122157,0.709668022937322,0.7143062065517854
3.026610295946282,0.03983495311540319,-0.0643089325082582,0.7146629157634354,0.7186553732197049
3.029097239492663,0.04006380387009045,-0.05997087937222423,0.710058527154132,0.7137119354035731
3.031584183039045,0.030714766846236086,-0.05563079123979575,0.7102200914869972,0.7130573330302291
3.0340711265854265,0.03572986002360434,-0.06565388032172459,0.7103592303307931,0.7142809608373741
3.036558070131808,0.04074387484154873,-0.06609813230882189,0.7152643723643113,0.7194665724031455
3.0390450136781895,0.0313916027613691,-0.056963549535753,0.7249355434124851,0.727847388401164
3.0415319572245707,0.03161506182866847,-0.06219215098076436,0.7393727697637029,0.7426570328530487
3.0440189007709524,0.036625850188833575,-0.07220713242167465,0.748999271526209,0.7533626162887351
3.046505844317334,0.032058759368140954,-0.06785488303715459,0.7586034792267,0.7623065576912379
3.0489927878637153,0.027490597515806292,-0.06828901860959258,0.7729738238463764,0.7764712843152194
3.051479731410097,0.022921366161638757,-0.07829794500138432,0.7825335268570672,0.7867748584401487
3.0539666749564782,0.027927873497165745,-0.083516454834351,0.7872826168197573,0.7921924533172079
3.05645361850286,0.028144911133289208,-0.08394455073166007,0.7776443161003925,0.7826681966091942
3.0589405620492416,0.023572480662648276,-0.0843706386769294,0.772772267429378,0.7777217007537375
3.061427505595623,0.03336419697977877,-0.08479472137333266,0.767878097375176,0.7732658578014464
3.0639144491420045,0.038366448437236134,-0.09000520488395702,0.762961836263182,0.7692097794918996
3.0664013926883857,0.03857923668918484,-0.09042528535028271,0.7484467082118123,0.7548758605011143
3.0688883362347674,0.04357937005063883,-0.09563177223410291,0.7530631643326426,0.7603609187940543
3.0713752797811487,0.03900164025512809,-0.09604786175475644,0.7624460262821131,0.7694610208994579
3.0738622233275303,0.0392112589779926,-0.09646196013104191,0.7718069227819946,0.7787993057503156
3.076349166873912,0.05378503459405137,-0.09687407029969952,0.7955110962570124,0.8031907119176293
3.0788361104202933,0.05399254893527128,-0.09728419523545595,0.8191933696287652,0.8267146949382651
3.081323053966675,0.054199013735936274,-0.09290393463044344,0.8332769695548965,0.8401899678943792
3.083809997513056,0.06398123742937845,-0.08373329153455655,0.856915543027716,0.8633707840416486
3.086296941059438,0.07376241518689686,-0.0841374789958107,0.875743914207133,0.8828631901584781
3.0887838846058195,0.07875414551917814,-0.07975129017725546,0.9041273275817474,0.9110481371483644
3.091270828152201,0.08374483359646112,-0.07057472823952926,0.9085469948408651,0.9151238338359182
3.0937577716985825,0.08394607796715181,-0.0613961996999457,0.8937913546371536,0.8998218840236
3.0962447152449637,0.08414628383892098,-0.04742730447130672,0.8838024593024159,0.8890650894970022
3.0987316587913454,0.0891338564379407,-0.04782165910380032,0.8833687482821002,0.8891412153783133
3.1012186023377266,0.0941203943681152,-0.033848846980073066,0.8781250481323486,0.8838031416754126
3.1037055458841083,0.09431749625156188,-0.01987408140087421,0.8776482023998273,0.8829253288848045
3.10619248943049,0.08972516404878139,-0.020262575701991192,0.8771498450562518,0.8819597653634016
3.108679432976871,0.08992020637882658,-0.030225929972711008,0.8766300137766709,0.8817479409740702
3.111166376523253,0.09490262523790954,-0.025822131055586617,0.8713003432958537,0.8768338377120101
3.113653320069634,0.09509561599925803,-0.02141639238988624,0.8707376786865932,0.8761768903194108
3.116140263616016,0.08571077737391086,-0.03137392744884204,0.874942058755158,0.8796898697042723
3.1186272071623975,0.06674811141057546,-0.04132952981749982,0.888701925999273,0.8921628515504507
3.1211141507087787,0.06693804009704674,-0.036917993114336856,0.8928637066832756,0.896130145759991
3.1236010942551604,0.08628056551631491,-0.042081337553481646,0.9065810539992221,0.9116492650281937
3.1260880378015417,0.08646846320579804,-0.04724276013976825,0.9154887982592381,0.920775984294193
3.1285749813479233,0.0770785419228256,-0.05240226455127628,0.9243753834159989,0.9290624028667427
3.1310619248943046,0.07247601376167623,-0.05755985449844525,0.9236640438175794,0.9282893812072333
3.1335488684406863,0.07266088087219791,-0.05313872708317824,0.9229316274466974,0.9273112297748549
3.136035811987068,0.07763314542059496,-0.04871569272044818,0.9317549826364999,0.9362518206407252
3.138522755533449,0.08260440626897314,-0.053867561856784096,0.9261921348254383,0.9314274382730772
3.141009699079831,0.07799785897519973,-0.04944072504813102,0.9206083363589936,0.9252284908451933
3.143496642626212,0.07339031239432292,-0.059377202764268056,0.9293688399242424,0.9341510749250237
3.1459835861725938,0.0639933654362429,-0.0693117889432342,0.9381084786250256,0.9428397491485645
3.1484705297189755,0.06896063362807037,-0.06966768087387187,0.9372504892212028,0.9423627933519619
3.1509574732653567,0.07392690927023071,-0.07959849579711831,0.9411601254069595,0.9474088294413645
3.1534444168117384,0.05973858135820598,-0.09910423770263233,0.945049027925057,0.9521071437687073
3.1559313603581196,0.05991447542613493,-0.10903129732851058,0.9393404345248371,0.9475431494639369
3.1584183039045013,0.060089383820113196,-0.11895648536416381,0.9479764065217875,0.9572986194391157
3.1609052474508825,0.060263308862114284,-0.12887980588753356,0.9518033756696234,0.9623779593780757
3.163392190997264,0.06522465620922313,-0.12922445636484436,0.9651865972823366,0.975980729048405
3.165879134543646,0.06060821825193219,-0.12956724757220694,0.9689725037469117,0.9794737060180178
3.168366078090027,0.06556761063743821,-0.13948499031410577,0.97752635100478,0.9896024156176809
3.170853021636409,0.06573762578512643,-0.14461247882157524,0.9860597820254728,0.9987732967009625
3.17333996518279,0.056329862769242456,-0.13058450735349458,0.9849960367646293,0.995209806745484
3.1758269087291717,0.0612863406000006,-0.1261315000791452,0.9791235654423396,0.989114820059266
3.1783138522755534,0.0710302550593851,-0.13125346127324855,0.9732308185792959,0.9846070253977146
3.1808007958219346,0.07119639862287641,-0.13158518527665608,0.9864714569548347,0.9977522355513686
3.1832877393683163,0.07136158038119489,-0.1414918863788781,0.9901151084399693,1.0027164888574673
3.1857746829146976,0.06673739947765622,-0.13224314901315992,0.9889502244397974,0.9999823385287776
3.1882616264610792,0.07168906835021971,-0.12299259084213565,0.9973420632890573,1.0074510862213895
3.190748570007461,0.06706297620791024,-0.11852861959351557,1.0105022703273328,1.0196378351048478
3.193235513553842,0.06243593219474497,-0.1140628363801377,1.0044888778962004,1.0128704172248673
3.195722457100224,0.0673847454677109,-0.104806842340325,0.9936671451800567,1.0014487373467411
3.198209400646605,0.07712101523569681,-0.10512585191888268,1.0067675416017021,1.0151748512228769
3.2006963441929868,0.07727953407966204,-0.10065465966370812,1.0150596970147792,1.0229612286901797
3.203183287739368,0.07743711119468577,-0.10097007674896874,1.0137552581461833,1.0217099324210885
3.2056702312857497,0.07280534582732812,-0.10128370441234402,1.0220078885932242,1.0295917304967557
3.2081571748321314,0.06817264387705368,-0.09201874059538895,1.0446060422582306,1.0508647589087539
3.2106441183785126,0.06832741125546793,-0.08754039986515627,1.0528193500644623,1.0586597851092587
3.2131310619248943,0.06848124724555371,-0.08306028353111472,1.0466478631172969,1.0521693976221602
3.2156180054712755,0.06863415446247079,-0.07857839624646301,1.0500336493810778,1.0552041870405882
3.218104949017657,0.06878613553310542,-0.06930633936724417,1.062976760473127,1.0674523382446686
3.220591892564039,0.0737255964162451,-0.0648209242333353,1.0711120383015196,1.0756013268771245
3.22307883611042,0.07866413644149917,-0.05554534892601337,1.0696511316638144,1.0739771299329788
3.225565779656802,0.07402495162948275,-0.04626802150986853,1.0729593028848434,1.0765045698580726
3.228052723203183,0.06459644797292075,-0.0369889467513147,1.0714597979310643,1.0740423557080825
3.2305396667495647,0.06474383811620188,-0.0372849360792622,1.0747294762905497,1.0773232468670724
3.233026610295946,0.06489031811305368,-0.037579187662987845,1.0636147777670217,1.0662548214261984
3.2355135538423276,0.07461269730921682,-0.028294899693133146,1.062057772281733,1.065051345059213
3.2380004973887093,-1.6777982500952666,2.365615969852919,-15.18657075907457,15.461017990586022
3.2404874409350906,-2.142129606334853,2.2599820293832438,-14.632711045724633,14.960363316816315
3.2429743844814722,-2.390983712423206,1.9580252710741983,-12.939230294402922,13.303170550167076
3.2454613280278535,-2.429148968933692,1.4980529165742813,-10.268934163770561,10.658139430218696
3.247948271574235,-2.25183696978922,0.9375258007930407,-6.870819572033085,7.290945477583482
3.250435215120617,-1.878201325504004,0.31953954865886214,-3.022613857097573,3.5729456015170977
3.252922158666998,-1.3513376631845186,-0.31281021491868577,0.9404948034954597,1.6758562545458466
3.2554091022133798,-0.7382836265286377,-0.9068510584094183,4.755144282226691,4.896819243154861
3.257896045759761,-0.08213484262307036,-1.3907569370209545,8.12445362854405,8.243039351635245
3.2603829893061427,0.5596478514933806,-1.745374242502661,10.809002731942611,10.963305934945705
3.262869932852524,1.1248152154713082,-1.9371841566619747,12.65077433856951,12.84756720516327
3.2653568763989056,1.5798484288922086,-1.970975087887056,13.558788841256803,13.792078113799043
3.2678438199452873,1.8816518647059004,-1.8563238479044828,13.494739069558538,13.75116484243134
3.2703307634916685,2.0110719124728496,-1.5932304418179593,12.511297516310355,12.771662343622552
3.27281770703805,1.9728969783634953,-1.2104252946707734,10.71380911106444,10.9609834207311
3.2753046505844314,1.7671270652367799,-0.7510040414844039,8.284233236688163,8.50383827779357
3.277791594130813,1.432069402522559,-0.2628507206177524,5.4428365027989685,5.634215337664287
3.280278537677195,0.9964544130183107,0.21572743619413837,2.4003087125579263,2.607861506969274
3.282765481223576,0.5081661328113127,0.6416347938790139,-0.5943531041271717,1.011525402369201
3.2852524247699577,0.010300194676075236,0.9765641206690376,-3.340035950375496,3.4798884645329076
3.287739368316339,-0.47320138188585514,1.220515411342466,-5.616473215846185,5.767005184795722
3.2902263118627206,-0.8800893508027157,1.335181434099273,-7.303954759751539,7.476966086579295
3.292713255409102,-1.1816332892372576,1.3061969737253785,-8.29713565109354,8.482032054705432
3.2952001989554836,-1.3586795809852856,1.1527156382335497,-8.509824571986838,8.694358963857283
3.2976871425018652,-1.4016514164759308,0.898679438941568,-7.999482303989526,8.17092213640094
3.3001740860482465,-1.315337196091855,0.5776071937933507,-6.8331464351377305,6.982523341441838
3.302661029594628,-1.1188905301695447,0.18949889747552895,-5.125738586509094,5.249859227434176
3.3051479731410094,-0.8266766257181865,-0.19860780885503004,-3.030487605586708,3.147490179946819
3.307634916687391,-0.47221430302131395,-0.5531941072978666,-0.7197759529795169,1.0232729307543322
3.3101218602337728,-0.08423397903532537,-0.8838368098492904,1.6196487008955174,1.8470313435297279
3.312608803780154,0.2941687193288028,-1.1282866787144292,3.815403895730686,3.9895955875693563
3.3150957473265357,0.6390517784481841,-1.2721785093152111,5.714260784648774,5.888938923955323
3.317582690872917,0.9312615880265901,-1.3107239037273155,7.20129774747946,7.3786133212812235
3.3200696344192986,1.1229141178518551,-1.2487112706799,8.175958374153698,8.346646709277206
3.3225565779656803,1.2235861775619217,-1.0957174222352188,8.571205077985288,8.727159692144472
3.3250435215120615,1.2237009635193843,-0.8708959771087248,8.410979935510362,8.544032263903286
3.327530465058443,1.1184700754130816,-0.5934005540280771,7.733590233360411,7.836550097118177
3.3300174086048244,0.9366239361796543,-0.28717317505312234,6.56776645165721,6.640428374269893
3.332504352151206,0.6925277588004822,0.023844137744358562,5.061949153659713,5.1091577068877285
3.3349912956975873,0.3957583529421401,0.3109209589607298,3.3358484828315156,3.3736006902201483
3.337478239243969,0.09419975483883769,0.5549036698218819,1.509174582758721,1.6107140024965478
3.3399651827903507,-0.18341761255097389,0.7270618449017126,-0.22653635304513564,0.7833132618287344
3.342452126336732,-0.4466705528262722,0.8130302687243578,-1.7755161973543006,2.003245009401397
3.3449390698831136,-0.6476750297375441,0.822385742404951,-3.046785226148648,3.2215992096681023
3.347426013429495,-0.7720658302724333,0.7647050670481845,-3.9493637152934635,4.096136379751048
3.3499129569758765,-0.8294197580154733,0.6304114304673711,-4.416213957144944,4.537433351789552
3.3523999005222582,-0.8101600032653345,0.45781205366899425,-4.46170110039613,4.557710808799912
3.3548868440686395,-0.6999213529959837,0.2469069310875036,-4.081036680353215,4.147977015291571
3.357373787615021,-0.5417994340206735,0.0072728637882892855,-3.312527862101466,3.3565518554688403
3.3598607311614024,-0.3501594532266382,-0.23714813721139594,-2.25194265046935,2.2913089234474113
3.362347674707784,-0.11063619757511833,-0.448048850942401,-0.9998374535072738,1.1012098230948526
3.3648346182541653,0.13367470613287147,-0.6062756697256004,0.3623849341114056,0.7188615688933876
3.367321561800547,0.3492544377407949,-0.7166170024919778,1.7581101211269452,1.9304066381338487
3.3698085053469287,0.5217377903771196,-0.7694960482198989,3.062839683167489,3.2008313630866536
3.37229544889331,0.6511247671347679,-0.7601244092161434,4.152075195948749,4.271004684225403
3.3747823924396916,0.7326269677899604,-0.6980788977563008,4.968355881757672,5.070366514288866
3.377269335986073,0.7327255722003756,-0.5833595194829448,5.482951382886315,5.562369185897561
3.3797562795324545,0.6897278100315605,-0.4303314900070738,5.643189325105425,5.701446781493839
3.382243223078836,0.6036336843897456,-0.2533600249468426,5.468223384069505,5.50727082185501
3.3847301666252174,0.4744431983841524,-0.07638714656802437,4.986784042149585,5.009884871700302
3.387217110171599,0.2973679518065751,0.0957987361381023,4.23239018511063,4.243905250547906
3.3897040537179803,0.12029198097501248,0.24404400421277783,3.2960215386325302,3.307232320205016
3.392190997264362,-0.04241950103207659,0.3587718453315518,2.2495042151827036,2.278329621717448
3.3946779408107433,-0.2003432977352383,0.43040544716386187,1.1790295372560617,1.271022004379939
3.397164884357125,-0.31996058276990735,0.4445795940529993,0.16600042409038274,0.5723477358852529
3.3996518279035066,-0.40127135301124395,0.4204478935786997,-0.7369106249356987,0.9385267173103609
3.402138771449888,-0.4299103953714074,0.353221936713743,-1.438723883822652,1.542567696571513
3.4046257149962695,-0.4202429166823378,0.23332491110532327,-1.8963436597171217,1.9563138549101247
3.4071126585426508,-0.38184572045374743,0.09427563427853203,-2.1097698895939745,2.14611813199666
3.4095996020890325,-0.28598838363098067,-0.04956068952774251,-2.0646373004153045,2.084939519454826
3.412086545635414,-0.1614013230014265,-0.19818406604006,-1.7848878456557538,1.8030950980656621
3.4145734891817954,-0.03681495535098267,-0.32765248438770245,-1.2800982687821492,1.321878613641201
3.417060432728177,0.10692433573928073,-0.4331775469855974,-0.6125177497388172,0.7577952193903378
3.4195473762745583,0.2506629401269376,-0.5099708562523917,0.1556045315717256,0.5891646238747998
3.42203431982094,0.35609363438967434,-0.553244014610589,0.9715962019284206,1.173405639903363
3.424521263367321,0.43758163162973124,-0.5486318178455747,1.7827848881481732,1.915932283067899
3.427008206913703,0.4951269349894366,-0.5200762883085566,2.5077677971618026,2.608549281093727
3.4294951504600846,0.5047875310104668,-0.4675774317523018,3.1130261691366137,3.1881610743306403
3.431982094006466,0.47614022947749235,-0.37677004397150915,3.5363108243496555,3.5880578911959757
3.4344690375528475,0.41876184017586127,-0.26201934068550825,3.76804501962968,3.8002866844011622
3.4369559810992287,0.33265236625088074,-0.1472673442567083,3.827382431754401,3.8446328233472395
3.4394429246456104,0.2369654241295719,-0.037302463768567495,3.685592704322689,3.693391079779224
3.441929868191992,0.13170101695806014,0.058298488373063506,3.357041110838363,3.3601292968386267
3.4444168117383733,0.0264359545233408,0.13953550640107792,2.8991885547079566,2.9026648606044367
3.446903755284755,-0.06925295338745607,0.18725497126544477,2.359919132715042,2.368349363749154
3.4493906988311362,-0.15536570362780988,0.22061049047716086,1.7440213117757022,1.7647713240814458
3.451877642377518,-0.21274867976999323,0.22044844498344984,1.1185328019837524,1.1597306354292451
3.4543645859238996,-0.23661347534746946,0.18676882901170533,0.5265492968417096,0.6067311548049185
3.456851529470281,-0.24132529717520812,0.1339368467494242,0.020743296502340414,0.2767801696720075
3.4593384730166625,-0.2125189321467268,0.05716408910212012,-0.3557895055162268,0.4183517680602549
3.4618254165630438,-0.1549827804373144,-0.02918423974386375,-0.5934722389331881,0.6140689541622173
3.4643123601094254,-0.09265885550407815,-0.12031974224317699,-0.6683628235047703,0.6853986925287054
3.4667993036558067,-0.020758750883090205,-0.2066656175300845,-0.6091916155102863,0.6436272427541814
3.4692862472021884,0.060717536568549835,-0.2738566614185802,-0.39680493802805117,0.4859405818551581
3.47177319074857,0.13261639671150427,-0.34104649296446476,-0.06950995398422144,0.3724667136040379
3.4742601342949513,0.1997262360069078,-0.3795046980198955,0.3248093670477825,0.5379735217374925
3.476747077841333,0.2572586542742423,-0.3988080889989001,0.7861530886899502,0.9182954785398311
3.479234021387714,0.2908484446909938,-0.3941682683536145,1.2714256446702343,1.3625287562033979
3.481720964934096,0.31007241703491545,-0.3655852418554435,1.7471082753449245,1.8116801038392771
3.4842079084804776,0.2909885578401008,-0.3130590152745043,2.1748938177352564,2.2164934933948133
3.486694852026859,0.2719040968031591,-0.25574320766074443,2.506898302204796,2.5345365500856833
3.4891817955732405,0.23845382709557994,-0.18884942146083805,2.7287565823407487,2.745657811401593
3.4916687391196217,0.17627254188710284,-0.12674287240091342,2.8404687216700655,2.8487538193943247
3.4941556826660034,0.11409066422841191,-0.05984675960350394,2.827669573735804,2.830603033371218
3.4966426262123846,0.051908197246351095,-0.0073147021108099786,2.699936008657513,2.7004448553254696
3.4991295697587663,-0.010274855934300109,0.03564169763892622,2.5003637197698403,2.5006388452586124
3.501616513305148,-0.05809328222998955,0.05944562724910263,2.23374117381581,2.235287060679081
3.5041034568515292,-0.09633548184068041,0.07367388760712812,1.866549610944741,1.8704854495276322
3.506590400397911,-0.10584783836712852,0.06874966632211033,1.4849803542808893,1.490334504098523
3.509077343944292,-0.10578396197505946,0.04467295764690471,1.1273406937098311,1.1331738434371956
3.511564287490674,-0.09614384955149957,0.006232159157992356,0.7888422891974649,0.794704119053531
3.5140512310370555,-0.06256228802518682,-0.032207524924046105,0.5077924305532822,0.5126446303940863
3.5165381745834368,-0.019404484249516463,-0.08501131029679776,0.2937679876239656,0.30643610661931237
3.5190251181298184,0.023752758239626748,-0.1330255894118726,0.17549944349416968,0.22149504651149543
3.5215120616761997,0.0669094425440021,-0.17146196467775088,0.14819845796153075,0.2363024794090807
3.5239990052225814,0.12443078172330557,-0.21468565177999954,0.20707669077669877,0.32319298319039147
3.5264859487689626,0.1627979556309297,-0.23875463983726775,0.35213420496179637,0.45552766184449217
3.5289728923153443,0.19637617732019502,-0.2580341445261829,0.5594290468865868,0.6466112288390039
3.531459835861726,0.21558864323953225,-0.2629473649170797,0.8145960695087808,0.8827154333474931
3.533946779408107,0.22522375979489556,-0.24870590339570864,1.1128469323721237,1.1623289823668987
3.536433722954489,0.2252815300684214,-0.22967497562400085,1.3967208584404567,1.4332939400627147
3.53892066650087,0.21097355381833577,-0.20585458729771178,1.666217910463013,1.6920898547860803
3.541407610047252,0.1870882374398007,-0.16766793746656283,1.911761344488193,1.9281975998641647
3.5438945535936335,0.15841398732419049,-0.12469183845593879,2.0854671899398287,2.0951888808107486
3.5463814971400147,0.12016240321841104,-0.08171469926519492,2.196912316021514,2.2017129739160457
3.5488684406863964,0.08669869814661701,-0.048313332208040904,2.250885188550873,2.253072341130453
3.5513553842327776,0.04844606852737732,-0.02448774295150935,2.2473858699575455,2.248041351842855
3.5538423277791593,0.01019292073605993,-0.010237937156385879,2.1720492126408626,2.172097256829017
3.5563292713255406,-0.013695532215592943,-0.0007755171567187524,2.0440288921711005,2.0440749206082796
3.5588162148719222,-0.03279609392169314,-0.005677295240928526,1.863324970764264,1.8636222155070534
3.561303158418304,-0.032743551379194824,-0.029731680370383984,1.6538795271632054,1.6544707925328137
3.563790101964685,-0.023114708191114053,-0.05378506489798873,1.4348462367138204,1.4360399875883172
3.566277045511067,-0.008697964644725387,-0.07304905113052396,1.2062251614024397,1.2084663662925719
3.568763989057448,0.005718278968035562,-0.10667725796911443,0.9823815730962426,0.988173209129459
3.5712509326038298,0.024922428991111634,-0.13551607774500685,0.7968343568618188,0.8086598339658005
3.5737378761502114,0.05849129508393269,-0.16914232270379204,0.6687371877212467,0.6922714663855151
3.5762248196965927,0.09205967029942697,-0.19797919180209433,0.5980901273301082,0.6366965868386564
3.5787117632429744,0.1160507510058722,-0.23160349726997298,0.5992584472178422,0.6528542282306584
3.5811987067893556,0.14004134684768582,-0.2508616314075809,0.6530885955830374,0.7134899092629209
3.5836856503357373,0.15924305750320733,-0.2509651964678703,0.7547922304948482,0.8112047783491629
3.586172593882119,0.16886748264550283,-0.25106781129702194,0.8852157999693819,0.9354989498016227
3.5886595374285,0.16412622194233228,-0.24638107813120635,1.0443593652101733,1.085507962242726
3.591146480974882,0.1641728916576004,-0.23211659919797123,1.2274345840052074,1.2599311536709006
3.593633424521263,0.15464228480753883,-0.1986975733957883,1.4152879040843533,1.4375099350513554
3.596120368067645,0.13553440436374786,-0.1700660228564015,1.603130983039767,1.6178136405898178
3.598607311614026,0.11163765661249214,-0.14622195310092634,1.757445058441391,1.767047526067888
3.6010942551604077,0.09731725447493778,-0.10322335303971242,1.8638649810384607,1.8692561023500236
3.6035811987067894,0.08299639426487071,-0.06501224477683998,1.9271792147580022,1.9300608071320353
3.6060681422531706,0.06388667561053518,-0.04595384376632161,1.9378110134608288,1.9394083600334278
3.6085550857995523,0.05435331141544175,-0.03647134885091008,1.9005488408620703,1.901675665893369
3.6110420293459335,0.04960790129582615,-0.022199555543279015,1.8441231771701023,1.8449238620369264
3.6135289728923152,0.04965044818212383,-0.017503679268032535,1.758957275920901,1.7597449372871286
3.616015916438697,0.04490414835796108,-0.02238372547876999,1.6642048104609444,1.6649609799834382
3.618502859985078,0.04494581138195186,-0.03205129629855996,1.5455006307815502,1.5464862143909883
3.62098980353146,0.05456384348606269,-0.05129480048073942,1.4267868133220478,1.4287508461036915
3.623476747077841,0.07854665089585178,-0.07053743680721025,1.303275014483896,1.3075438309044503
3.6259636906242227,0.08816381658820593,-0.09935601733049015,1.1893305038323074,1.1967253336004824
3.628450634170604,0.10256895673659006,-0.11380853085016085,1.0897417441727768,1.1004589231647997
3.6309375777169857,0.10739686426564587,-0.1330485960376806,1.0140856015107325,1.0283995442205698
3.6334245212633673,0.12180115533551433,-0.1522878149519289,0.9719389417295723,0.9913084315561428
3.6359114648097486,0.13620502617768138,-0.15237257967967022,0.9633018239486333,0.9847434265924622
3.6383984083561303,0.13145486637618553,-0.15724491217917658,1.0073279204436272,1.0279668689240429
3.6408853519025115,0.13149269539095976,-0.16211641447540437,1.0800752734810644,1.100061206101159
3.643372295448893,0.1315301127530869,-0.1574102852614372,1.1671787318404334,1.1850672388213122
3.645859238995275,0.12199031466627908,-0.14791493317958704,1.2638499508126042,1.2783102763018537
3.648346182541656,0.0980849006474982,-0.13841876686036558,1.3605121822373825,1.3710484312271753
3.650833126088038,0.08854429344863646,-0.12892179160198847,1.4715306944244588,1.4798187405508536
3.653320069634419,0.08379168925188973,-0.11942401269061076,1.5442331090655497,1.551108970101413
3.6558070131808007,0.06946188091181471,-0.09556022543924225,1.5929846942020482,1.5973593664381849
3.658293956727182,0.055131677877150786,-0.09563766167199805,1.6465159277001629,1.6502123391872834
3.6607809002735636,0.031224276307947108,-0.10050271335678795,1.68567325408549,1.6889553192320383
3.6632678438199453,0.026470098919224805,-0.10536698240988862,1.6913031177448374,1.694788807849629
3.6657547873663265,0.021715535215337423,-0.11023047405518094,1.6634055762060935,1.6671953793223049
3.668241730912708,0.02174899129453811,-0.11509319350374225,1.6163458968165951,1.6205843143659828
3.6707286744590895,0.03135887324739406,-0.1391087592349498,1.5549125401403128,1.561437681533539
3.673215618005471,0.04096837719576918,-0.14875835319169362,1.4743171599565077,1.48236923326025
3.675702561551853,0.05536590921464357,-0.16319559382712479,1.4080786364615747,1.4185850810604343
3.678189505098234,0.060186262089863884,-0.17763208297954236,1.3466202198224533,1.359618166796352
3.6806764486446157,0.07937145516182853,-0.18727942247383966,1.2707883534175721,1.286964043459795
3.683163392190997,0.09855628120044502,-0.19213761744170466,1.2045251103589614,1.2237282974931585
3.6856503357373787,0.10816393628785115,-0.19699507632149693,1.176560966928637,1.1978322946507345
3.68813727928376,0.11777122977931948,-0.19706340089721053,1.1438003494522668,1.1666118831659635
3.6906242228301416,0.122589761061011,-0.18276578961866718,1.1397621372276383,1.1608140733251147
3.6931111663765233,0.1274079361514675,-0.16367905420297024,1.1692347894766346,1.187490466446626
3.6955981099229045,0.13701416106093595,-0.14459160303283536,1.1891227320627475,1.2056917035076629
3.698085053469286,0.13704322851006867,-0.13508024779708894,1.2377332471383422,1.2526017367451676
3.7005719970156674,0.12749514117203808,-0.1255681868890357,1.2911243735340996,1.3034663511249145
3.703058940562049,0.12273511167249912,-0.09690181204694115,1.3397193598828583,1.348814973248806
3.7055458841084308,0.1275515459879611,-0.07302314487738082,1.3978834712591102,1.4055888359655968
3.708032827654812,0.11800243016449524,-0.06829740033169962,1.4656167626152676,1.471944837035564
3.7105197712011937,0.09887617016141281,-0.05399416346371266,1.533342482101009,1.5374755393597708
3.713006714747575,0.09411478521060546,-0.039690245874920205,1.5866954743823314,1.5899796969893112
3.7154936582939566,0.09414147129304606,-0.03496245915190599,1.6400410038826863,1.6431127425054244
3.7179806018403383,0.0798026177403014,-0.03981080822561145,1.683802318258456,1.6861623899323375
3.7204675453867195,0.0798286470782309,-0.0398700880509244,1.6844606483978506,1.686822430730762
3.722954488933101,0.08464275526131104,-0.04950551348939669,1.6515928549042211,1.6545011786803752
3.7254414324794825,0.07987973491477296,-0.05914028278570438,1.5995642015324965,1.6026490507663618
3.727928376025864,0.08469320189705276,-0.06398599748942813,1.537951548547504,1.5416102334902806
3.7304153195722454,0.08950635213568003,-0.06404266245496526,1.476331756043228,1.4804284189344106
3.732902263118627,0.08474238154910896,-0.08804070244297035,1.4194932806215288,1.4247433489042638
3.7353892066650087,0.08955490596853721,-0.10246129903437717,1.3626477720706873,1.3694259197605592
3.73787615021139,0.08957871797380512,-0.11688126367711282,1.3057952833255442,1.3140726382007304
3.7403630937577717,0.09439062673709386,-0.1313006011626383,1.2776662870678273,1.2878589128437863
3.742850037304153,0.0896254248197601,-0.13614250962581886,1.2591072226003348,1.2696135229689653
3.7453369808505346,0.08964832469571937,-0.14098380046670744,1.2453297390100158,1.25648693307075
3.7478239243969163,0.08967092554828415,-0.16018968838954617,1.2459106951669376,1.2593629625673401
3.7503108679432975,0.0849048265513701,-0.1650297581995268,1.2464849331609003,1.2602255112717908
3.752797811489679,0.07535003018975683,-0.16508082124803813,1.2470525048629693,1.2601861983367895
3.7552847550360604,0.07058334557936763,-0.18907330215131424,1.2619786719245507,1.278014432880956
3.757771698582442,0.0753931785062808,-0.19391157570443873,1.296051889174933,1.3126447843919433
3.7602586421288233,0.061049111504822284,-0.18917245320934528,1.344483804620351,1.35909893383638
3.762745585675205,0.05628156694345343,-0.1892211492716509,1.4120628727243805,1.4257958530715134
3.7652325292215867,0.05630214393879718,-0.2036344751599315,1.4556935145632863,1.4709454575977243
3.767719472767968,0.056322441597784545,-0.20368201556345777,1.4657989742704736,1.4809541565706552
3.7702064163143496,0.056342462337927945,-0.19415217839680432,1.4950517389575246,1.5086580936708103
3.772693359860731,0.061150611887282325,-0.18462177487789866,1.524298245744566,1.5366553742050348
3.7751803034071125,0.07553529596409203,-0.17987921288731723,1.5248081249235206,1.5372384102663212
3.777667246953494,0.08034290367520369,-0.1799244969682099,1.5061582331604004,1.5189932291149575
3.7801541904998754,0.08036184071912988,-0.18475763164653758,1.516232653494498,1.5295603510219435
3.782641134046257,0.08516891610478317,-0.170436604829451,1.5215126123297775,1.5333959077859958
3.7851280775926384,0.09476413219049873,-0.16569184093018974,1.5172097558012787,1.529169536055185
3.78761502113902,0.10435908800430604,-0.1753117477430366,1.4985357298524509,1.5123605263925086
3.7901019646854013,0.10916538256421215,-0.17056590980260777,1.4654905835546952,1.479416256779904
3.792588908231783,0.1139714215187877,-0.16103113818848414,1.4228627691066507,1.4364744940649443
3.7950758517781646,0.11877720718620277,-0.1467074373219952,1.3945943517943054,1.4073110896916574
3.797562795324546,0.11400593523387736,-0.1323832149271209,1.371108573466925,1.3821944107460056
3.8000497388709276,0.10923441460032146,-0.13242368535070304,1.3524054824190586,1.363256681132377
3.802536682417309,0.10446264757323043,-0.12767523967959704,1.357638740030504,1.3676243490070168
3.8050236259636905,0.0996906364300838,-0.11334947894371705,1.3724431842421705,1.380719602722231
3.807510569510072,0.09970678675841904,-0.09902321411597814,1.3728768461569185,1.3800499537963526
3.8099975130564534,0.10451110081517956,-0.09427325615129334,1.3876701932029736,1.3947897985441913
3.812484456602835,0.09494996756575513,-0.08952280270526858,1.3976696594066826,1.4037486617521446
3.8149714001492163,0.08538859920737463,-0.07519505141538474,1.4028752918762617,1.4074816493257973
3.817458343695598,0.08540380460659347,-0.07523202314313204,1.4128639441604953,1.4174407189918883
3.8199452872419792,0.07105356937738283,-0.08484531880988566,1.418058856326251,1.4223706471417823
3.822432230788361,0.06627991232641661,-0.07051611939685198,1.4376136881609813,1.4408673312489972
3.8249191743347426,0.0662944323280451,-0.06097484903095207,1.4715284859689817,1.474282526855083
3.827406117881124,0.06630872824614431,-0.06100991521913102,1.4910728759301888,1.4937929503553666
3.8298930614275055,0.07589960889502767,-0.06104451548894918,1.486670097302671,1.4898574299964518
3.8323800049738868,0.06633665651598564,-0.07065546063069528,1.4870506157033603,1.4902054488487144
3.8348669485202684,0.05677348654287928,-0.08984275477547499,1.4778492666621483,1.481665753243197
3.83735389206665,0.06157531107868863,-0.09466438543421729,1.4590660954650856,1.4634297850391749
3.8398408356130314,0.06637692229392156,-0.09948556666166741,1.4546431637944721,1.4595513035728471
3.842327779159413,0.0711783223094089,-0.11867151249387797,1.4358500966033212,1.4425029571408625
3.8448147227057943,0.07119110991502586,-0.1330686137059387,1.426628955161723,1.434589002394199
3.847301666252176,0.0807804971712267,-0.13310006769476024,1.4221913806110145,1.4306884496031427
3.8497886097985576,0.0807928728856151,-0.1427078950805889,1.4129606105648467,1.4224453306314546
3.852275553344939,0.07601664245664452,-0.1618920998631972,1.4276671089914936,1.4388262424714897
3.8547624968913206,0.06645180795173389,-0.1571338627812482,1.4280036931665423,1.43815904590205
3.857249440437702,0.06646358138849495,-0.15716360771846372,1.40439360007864,1.414722301790677
3.8597363839840835,0.07605196481284948,-0.16676974193798477,1.3855672930696894,1.3976382836064642
3.8622233275304647,0.07127494365837894,-0.17158705940263896,1.3811016219906262,1.393543658021911
3.8647102710768464,0.08086293987129889,-0.17161556401707534,1.3814198232010382,1.3943856872437825
3.867197214623228,0.08566234218389424,-0.17164366298711764,1.3817335361702714,1.3949864332278177
3.8696841581696093,0.08088474927855693,-0.17645976349940629,1.3868312067973463,1.4003503800646127
3.872171101715991,0.07610696978777598,-0.17648706276042203,1.406289684090229,1.419362754813115
3.8746580452623722,0.07132900569255263,-0.17172556459801402,1.4113785902826699,1.4235754359000057
3.877144988808754,0.08091606892394898,-0.16696367614105778,1.4164631772791063,1.4285629884426736
3.8796319323551356,0.09050295148027276,-0.1669898044990994,1.440697100091798,1.453163622324136
3.882118875901517,0.08572444534892765,-0.1718039534420157,1.4697151902779941,1.4822037712415144
3.8846058194478985,0.09531097238921249,-0.17182932007967278,1.4891522791817815,1.5020599213377321
3.8870927629942797,0.10010892124637727,-0.1622775048228262,1.465489584652489,1.4778415028038563
3.8895797065406614,0.09532989051567287,-0.16709052798465018,1.4705531973724701,1.4830825124956177
3.8920666500870427,0.08576228542202757,-0.16711477997603374,1.456459124802148,1.468521604031308
3.8945535936334243,0.08577131782003,-0.15277345782898655,1.4567262306328006,1.4672245088572018
3.897040537179806,0.09535698959235861,-0.14322017847785018,1.4617777484581786,1.4718692743837025
3.8995274807261873,0.08578888268885287,-0.12887813891554245,1.4668253149773332,1.4749731562783401
3.902014424272569,0.08579741889209702,-0.11453574607632255,1.4622921633537294,1.469278055789147
3.90450136781895,0.09538260005181165,-0.11455821351547746,1.448178333175914,1.4558303161277657
3.906988311365332,0.09060241140514835,-0.1050035282061601,1.434060670457284,1.4407513818978501
3.9094752549117135,0.09061046806105899,-0.10023690366437155,1.4390928276358315,1.4454223812890672
3.911962198458095,0.0906183685159141,-0.09546994010519194,1.448909633691125,1.4548763950175028
3.9144491420044765,0.08583771125505968,-0.0859142377240043,1.444357514065982,1.4494543791910344
3.9169360855508577,0.08105690139343202,-0.09551181661835217,1.4445901205490514,1.4500114981492958
3.9194230290972394,0.08106434403493645,-0.09074385702230447,1.449607491430891,1.4547053841495396
3.9219099726436206,0.08107163763180913,-0.08118716903298528,1.4306792448631542,1.4352724718763679
3.9243969161900023,0.08586718726586695,-0.08120696604807698,1.4309010485849747,1.435773504430718
3.926883859736384,0.08587418804694058,-0.08601484816422289,1.4311193269540698,1.436271373473309
3.9293708032827652,0.0810926417144342,-0.08124560881766296,1.4265457140715831,1.4311567139305121
3.931857746829147,0.0810993566373226,-0.08605286466700646,1.426757053781941,1.4316486620958755
3.934344690375528,0.08589433453289952,-0.09085981242917907,1.4269649797508448,1.4324323354542245
3.93683163392191,0.08111236714646364,-0.08608964880127168,1.4319579320667204,1.4368347723185249
3.9393185774682915,0.08111866613413177,-0.09568439370272763,1.4273707373187294,1.4328722772625104
3.9418055210146727,0.09070163650032992,-0.0957020338300123,1.4323570451201038,1.4384131433104448
3.9442924645610544,0.09549606995718563,-0.10050778242223224,1.4469168915846335,1.4535438778577139
3.9467794081074357,0.08113675820576449,-0.11010164273768996,1.4471082960062693,1.453557004604858
3.9492663516538173,0.07635412281888054,-0.11969521469451205,1.4472965040231154,1.4542434689726949
3.951753295200199,0.0859365687567385,-0.12450009819093566,1.4379047444533253,1.4458407320381512
3.9542402387465803,0.08115367772630322,-0.13888150638658292,1.4332982624981518,1.4422960519619168
3.956727182292962,0.08594746794691943,-0.14847423249930136,1.4239002865388315,1.434197891146166
3.959214125839343,0.09552953770501682,-0.14370147304737557,1.4049224480583735,1.4154798094598358
3.961701069385725,0.09074627531504098,-0.15329365109169268,1.4050952015634763,1.4163425981750606
3.964188012932106,0.08596289232258703,-0.15330875314981318,1.4339953880610432,1.4447269519286878
3.966674956478488,0.08117939030127908,-0.15811199228190542,1.4485274118160154,1.4593906804880745
3.9691619000248695,0.08597257745433917,-0.15812656492668697,1.4582681133982636,1.469333585392979
3.9716488435712507,0.0955540520130228,-0.16292928078423596,1.468005929838852,1.4801074073981957
3.9741357871176324,0.09555860555695472,-0.16294333625349955,1.4633756846691517,1.475516984790863
3.9766227306640136,0.10035144957661457,-0.15338033103385884,1.4683194277646212,1.4797154730998823
3.9791096742103953,0.10514418227023681,-0.1533938814063709,1.4588951755792454,1.4707005525417423
3.981596617756777,0.1003599985047453,-0.16298399035097866,1.4446797675909098,1.457304203417092
3.984083561303158,0.10036410973764098,-0.14863183758557064,1.4352500430592858,1.4464117891420736
3.98657050484954,0.10036811413419788,-0.14385624929255236,1.4449712443462293,1.4555790173614302
3.989057448395921,0.10516041648934726,-0.13908042175166857,1.4499013870330542,1.4603479410850038
3.991544391942303,0.1051642116261251,-0.13430435786344797,1.4500405030847103,1.4600392571894145
3.994031335488684,0.10516790431755707,-0.13431646382890206,1.4501770275686434,1.460176226296632
3.9965182790350657,0.10995989932573202,-0.13911674250891126,1.4550993953346048,1.465864556433898
3.9990052225814474,0.11475179476118624,-0.1391283901039242,1.4552308310538464,1.4663633434396441
4.001492166127829,0.10517838208292385,-0.13913981275553233,1.4457829625005267,1.4562660313994917
4.00397910967421,0.10039327598122483,-0.13915101326523427,1.4411210305127842,1.4512999824092925
4.006466053220592,0.10997328449486188,-0.13916199441476262,1.4412450657507296,1.4521182884127957
4.008952996766973,0.11476479572985587,-0.13917275896610004,1.4509435019778536,1.462113901551076
4.0114399403133545,0.10997940774230353,-0.13918330966149428,1.4654279661002807,1.4761255324817333
4.013926883859736,0.1051939285383916,-0.139193649223476,1.4511796648856983,1.4616302727992656
4.016413827406118,0.10519676279316137,-0.1392037803548769,1.441717451369823,1.4522373294167683
4.0189007709524995,0.09562270188958966,-0.13442530241853667,1.4322529518097191,1.4417220193278015
4.02138771449888,0.08604855380140031,-0.12485821807793851,1.4371514055277688,1.4451290913421373
4.023874658045262,0.09562793313217643,-0.12486773993787414,1.432470825068175,1.4410792201485048
4.026361601591644,0.10041882459190488,-0.12966546730225614,1.4373648526424718,1.4466909806019552
4.028848545138025,0.08605601952044839,-0.12967459613508803,1.4566219202860529,1.464912474530929
4.031335488684407,0.08126993912974678,-0.12489512902142375,1.4519348299365493,1.45956101162038
4.033822432230788,0.08127218137883474,-0.11532706852676577,1.4520340298012755,1.4588722781319765
4.0363093757771695,0.0764859408957359,-0.12012403047834219,1.4473427413106315,1.4543317684344386
4.038796319323551,0.07648802557904377,-0.12970921076200614,1.4378609923215118,1.445724431090962
4.041283262869933,0.07649003335575333,-0.12492899860351381,1.4379540204379166,1.445396051187497
4.043770206416315,0.08128036878284295,-0.13451381641230364,1.4476218530893705,1.4561282548928103
4.046257149962695,0.0812822264457328,-0.1393100533752638,1.4477109042109184,1.4566677567237454
4.048744093509077,0.07170720423955501,-0.14410611526146955,1.452586410766889,1.461477258235734
4.051231037055459,0.06213211000979946,-0.14411360118000394,1.4622483995481055,1.4706459502954254
4.05371798060184,0.07171055823202377,-0.13933251354093645,1.4575432838518987,1.4659428289648135
4.056204924148222,0.07171213016811895,-0.1297628547350369,1.4576247033262248,1.4651453183316323
4.058691867694603,0.05734842367104542,-0.12976983709475087,1.4720694907668657,1.4788906781651479
4.061178811240985,0.057349859825429506,-0.12977665633172908,1.4769356555162796,1.483735123762305
4.063665754787366,0.06213963314295068,-0.1393601214196747,1.4818000299483112,1.4896354944093078
4.066152698333748,0.06214093812483934,-0.1489434280318771,1.486662639585771,1.495396751663268
4.068639641880129,0.06214217922284304,-0.1441613685021852,1.496311913061767,1.5045243407062419
4.07112658542651,0.06693176087831387,-0.12980234842660998,1.4820174555576076,1.4891958396560139
4.073613528972892,0.07172128088160834,-0.12501998334304254,1.482086518529763,1.489078368244622
4.076100472519274,0.06693393369242506,-0.12981427548910718,1.486942320022794,1.494098176384361
4.0785874160656554,0.0813001403226381,-0.12503161380220096,1.477431271232275,1.4849396548282627
4.081074359612036,0.08130107860978597,-0.1298256137632774,1.4774954130286542,1.485414841346632
4.083561303158418,0.07172515294360982,-0.13940787423283796,1.4679811561921063,1.4763291394191258
4.0860482467048,0.08130278430519344,-0.13941318741189646,1.4441001212566826,1.453090272410385
4.088535190251181,0.09566876378259037,-0.12505315212327783,1.4345827517920489,1.4431973097809268
4.091022133797563,0.09088107581304417,-0.1394234003741608,1.429852264599261,1.439505384877898
4.093509077343944,0.08609333470645397,-0.13942830438737008,1.4442738928752874,1.4535402959623622
4.095996020890325,0.10045915476259049,-0.13464467289048354,1.449117239729147,1.458822129045766
4.098482964436707,0.11003652038831291,-0.14422612123306378,1.4348055213464432,1.4462282302428413
4.100969907983089,0.1100370292616607,-0.15380744150389303,1.4348575835914366,1.4472667902154603
4.1034568515294705,0.10524908569126024,-0.1538118290935162,1.430119835601305,1.442212949944717
4.105943795075851,0.11003790061634633,-0.14902768933491517,1.4253807029116352,1.4373683383160434
4.108430738622233,0.10524986172399642,-0.1538202341832422,1.4206402075351257,1.4328142926082754
4.110917682168615,0.11003858325383209,-0.14903585233305883,1.420686774602685,1.4327145865859439
4.113404625714996,-0.7710273547441283,1.6035158595316177,-16.334667489315684,16.43128443792633
4.115891569261378,-1.0535429220344945,1.550839635799691,-15.889302030584805,15.99953047072578
4.118378512807759,-1.2067716430790116,1.3497230233786093,-14.323451471553408,14.437427475015188
4.1208654563541405,-1.2450787269198877,1.009742827006098,-11.785556294141745,11.894079988603693
4.123352399900522,-1.1636757693276496,0.5739946746805087,-8.510248240237232,8.608596650624467
4.125839343446904,-0.9817163826841998,0.09993940437915594,-4.794408295089515,4.894906111520563
4.1283262869932855,-0.7135657760607347,-0.3597505492230626,-0.8918218142621912,1.1974734747898845
4.130813230539666,-0.3927427718198496,-0.785921574674838,2.948514249798424,3.076630606299768
4.133300174086048,-0.04318938569248132,-1.149843253867213,6.448872524535427,6.550722225007588
4.13578711763243,0.30157555993972934,-1.3796895387899304,9.384198073713542,9.489871681349978
4.138274061178811,0.6080332426856707,-1.4898256411806836,11.62041562398907,11.731297632384047
4.140761004725192,0.8522416467853053,-1.4802515627984592,13.042603515104485,13.153971528245698
4.143247948271574,1.0246239664300185,-1.3366020954235953,13.588512523131232,13.692480857221158
4.1457348918179555,1.0916613792001297,-1.0876076607016785,13.296449893673591,13.38544712609282
4.148221835364337,1.0772959025103617,-0.7667870835806552,12.219088082103209,12.290428896149573
4.150708778910719,0.9863159404846373,-0.4028707856711602,10.476137190084188,10.5301744729072
4.1531957224571,0.8043562839563554,-0.02937759188630773,8.244768158932118,8.283963668980327
4.155682666003481,0.5793009669136205,0.3058084629171747,5.692575123130874,5.730141355913247
4.158169609549863,0.3255152000930543,0.5931105704624131,3.0158826368956744,3.090839428668962
4.160656553096245,0.05736419422202221,0.8037983092085739,0.4062268509315965,0.9024425893557472
4.163143496642626,-0.1916332267000791,0.8995644509914227,-1.9735865041673097,2.1773798897974435
4.165630440189007,-0.39753504532365846,0.9091394141482669,-3.970328504636081,4.092441449959194
4.168117383735389,-0.5651296642301417,0.8181579871506983,-5.459500646819382,5.549315393988038
4.1706043272817706,-0.6656866627678679,0.6314085717685942,-6.4171608969754805,6.482420033842379
4.173091270828152,-0.7039944435364277,0.40635200631223967,-6.81457881822866,6.862886754086422
4.175578214374534,-0.6656877958631489,0.13819988594466182,-6.613447167247923,6.64830225576544
4.178065157920915,-0.5651319290063593,-0.13474056427107284,-5.880803573935065,5.909431427138315
4.180552101467296,-0.4023268422721763,-0.3981041358572708,-4.71720449161664,4.751039044959278
4.183039045013678,-0.2155797615382632,-0.6327372169988394,-3.2040527605224005,3.2730391246625126
4.18552598856006,-0.014467492769231871,-0.7955441792625841,-1.4610584476269874,1.6636681270276799
4.188012932106441,0.19622156138186203,-0.891313427401875,0.3633379599918305,0.9823222486480893
4.190499875652822,0.3733917716904327,-0.8961029462317045,2.1494263949944683,2.3584858983912067
4.192986819199204,0.517043138806351,-0.8434315603944034,3.7870735965054303,3.9141585085180997
4.195473762745586,0.6223872600502292,-0.7237224646331244,5.156569496826451,5.244172869279623
4.197960706291967,0.6798473294137796,-0.5465524669559931,6.1860880612842255,6.247287210654714
4.200447649838348,0.6846349442004196,-0.34544039195648635,6.832533674949307,6.87543238571449
4.20293459338473,0.6367501050253147,-0.1395398542510078,7.086329545957195,7.116248204010316
4.205421536931111,0.5361928124951086,0.08072595148197959,6.957052495548222,6.978151534412808
4.207908480477493,0.411693487129843,0.2674729907362523,6.449490941466784,6.468150178542597
4.210395424023875,0.2680405328395641,0.3967592456230693,5.649836157727786,5.670089261678389
4.212882367570256,0.11959916016655375,0.4829499248320306,4.625125804890883,4.6518096801218505
4.215369311116637,-0.024053823675563413,0.5116798171466281,3.442397543342561,3.4803010887162507
4.217856254663019,-0.15813001480177502,0.473372114686359,2.1926310498985364,2.248714562038278
4.220343198209401,-0.258687396054074,0.3919688328285247,0.9668060012030137,1.0748360706397768
4.222830141755782,-0.32093756356391245,0.25789316372377646,-0.14888632959076986,0.43780925383186026
4.225317085302163,-0.344880516791219,0.09029871946010282,-1.082619879460335,1.1398079807586112
4.227804028848545,-0.33051625520403993,-0.08208408121850308,-1.7912990054740439,1.8233844680582003
4.2302909723949265,-0.2778447782785112,-0.24967843283392943,-2.231828064868205,2.262872853646974
4.232777915941308,-0.19165448881903235,-0.3981191265727664,-2.399418641609504,2.439762303940846
4.23526485948769,-0.09588740291934372,-0.5226177602467232,-2.2988591264706804,2.359465405705593
4.237751803034071,0.014244883240832285,-0.6088091250120558,-1.9540915236718526,2.046784099577352
4.240238746580452,0.13395396683324523,-0.6375396086896621,-1.3986346442382311,1.5429125982834972
4.242725690126834,0.22972102509993225,-0.6231744223277231,-0.6803725093197039,0.9508022199461073
4.245212633673216,0.311122865157953,-0.5657135669986579,0.11450363320849277,0.6556983751149486
4.247699577219597,0.3781594874760112,-0.4747338504007237,0.9476865685125837,1.125382894318006
4.250186520765978,0.40688887591351364,-0.3502352735770682,1.7760806782762408,1.85544762252831
4.25267346431236,0.39731103092384634,-0.22094825747787228,2.551801940704453,2.591981352625688
4.2551604078587415,0.3733679695543196,-0.08208439979680948,3.1838707039589558,3.206738865094446
4.257647351405123,0.32548288560251953,0.028049071904086453,3.6483449625278483,3.662942372582068
4.260134294951505,0.2584441828194415,0.1190289632802557,3.9595899373043606,3.9698002168037037
4.262621238497886,0.1770402649487478,0.18127846672003978,4.0840868158219426,4.09193966928645
4.265108182044267,0.09563634236715124,0.21958598458700873,4.007470398740009,4.014621191518051
4.267595125590649,0.014232415483193539,0.21958630597746653,3.758471116445988,3.764907148998773
4.270082069137031,-0.06717151530191334,0.17649102664235006,3.3849730124549255,3.3902364799526006
4.2725690126834115,-0.1342102396332462,0.11424216226839023,2.9204949201683448,2.925808305202389
4.275055956229793,-0.1629417405225526,0.02326290531385622,2.37461365623376,2.3803111540174795
4.277542899776175,-0.162942824230773,-0.07729313182724606,1.7856364570707122,1.7947206325821325
4.2800298433225565,-0.16294391030729172,-0.17306074006767824,1.2062357689091394,1.2294329863212659
4.282516786868938,-0.13900298178507908,-0.26882832358787834,0.6938724411505346,0.7570003045550339
4.285003730415319,-0.08633163498535212,-0.3406538666329446,0.25812328984531163,0.4360342197715528
4.287490673961701,-0.024083482837835013,-0.3885373700361656,-0.08185806246247918,0.3977964862217007
4.289977617508082,0.03816466836147936,-0.41726723793785636,-0.27818757345293754,0.502948124353857
4.292464561054464,0.1052012222706935,-0.41726666450419847,-0.3404420407949518,0.5487071619856432
4.294951504600846,0.16744937258018222,-0.3885356505288913,-0.2925634722624082,0.5143856815772017
4.2974384481472265,0.220120716293895,-0.3454394067535542,-0.1297634558504015,0.4296743743280765
4.299925391693608,0.2536384470887828,-0.28318953062563246,0.14316961366326542,0.40623430477258315
4.30241233523999,0.27279096859610075,-0.21136282954067243,0.4687749048362537,0.5820988487046482
4.304899278786372,0.287155087760835,-0.13474770756116428,0.8374756192892461,0.8955335850898213
4.307386222332753,0.2775771915995579,-0.058132568736922074,1.2444833618242752,1.2763883933590514
4.309873165879134,0.24884568372397087,0.008905779574393868,1.632337300581276,1.6512203214855508
4.312360109425516,0.19617216109866514,0.05679053002773715,1.981883830126427,1.9923785275914685
4.314847052971897,0.15307544724440403,0.08073327861065627,2.273969344889272,2.2805452278611895
4.317333996518279,0.11476713911312408,0.0855224279636313,2.48944023916442,2.4935513402125915
4.319820940064661,0.05730522036923347,0.07594638073932414,2.613931310432756,2.6156621793897
4.322307883611042,0.014208514514743142,0.04242832964160215,2.661807775963937,2.662183818075486
4.324794827157423,-0.009734574876459234,-0.015031725973107424,2.6139160296535184,2.613977376492262
4.327281770703805,-0.03367766083808876,-0.08685698009579212,2.4941980951488203,2.4959371902503658
4.329768714250187,-0.03846712984742384,-0.14431701342438608,2.321807592646903,2.3266064595705136
4.332255657796568,-0.04325659495023504,-0.19220022988730667,2.091956125614244,2.1012121484682074
4.334742601342949,-0.03846924927636408,-0.24487184004189322,1.8477393305929004,1.8642914833805602
4.337229544889331,-0.014528285961527554,-0.2879666345121916,1.5987340207553542,1.6245264918756601
4.3397164884357124,0.014201085251168033,-0.3071194039107339,1.3401517991875975,1.374965761008815
4.342203431982094,0.04293046125342648,-0.31190695544028735,1.1102998987338912,1.1540774837435963
4.344690375528475,0.08123664889222915,-0.29754088633144615,0.9091783255517685,0.9600704139880883
4.347177319074857,0.11475443840728716,-0.2592327938036427,0.7415754889967108,0.7939171420230984
4.349664262621238,0.14827223331396067,-0.22092469498713374,0.6410102182243609,0.6940363649659219
4.35215120616762,0.16742482384080304,-0.19219339704027893,0.6266361323088345,0.6764925837132152
4.354638149714002,0.16742380685149105,-0.1395200772277625,0.6457808004000327,0.6815639553377167
4.357125093260382,0.16263439248550504,-0.07726994600663062,0.7080210346934397,0.7305575786639721
4.359612036806764,0.1626333875566216,-0.04853863374513612,0.842087260548368,0.8590207052753978
4.362098980353146,0.1578439855920315,-0.02459572099627083,1.0000954500827808,1.0127737074762475
4.3645859238995275,0.1291125734730308,0.00413559841618838,1.177257205182089,1.1843233033915326
4.367072867445909,0.11474637791939912,0.004136500796068976,1.3496305143364822,1.3545059494563376
4.36955981099229,0.1003801891223709,-0.00543940101914453,1.5124269792038625,1.5157642088647596
4.372046754538672,0.0620719906274001,-0.0006500908614306411,1.675223411291217,1.6763731184842945
4.374533698085053,0.03812900913895567,-0.010225989076134923,1.8284430087132062,1.8288691118564788
4.377020641631435,0.028551244794003616,-0.05810911267830443,1.9433553561932833,1.9444335635348073
4.379507585177817,0.018973487763618846,-0.09641542886841803,2.005595248306962,2.0080010528366916
4.3819945287241975,-0.00018106846567478296,-0.12035653471994445,2.0295278994437824,2.03309351060306
4.384481472270579,-0.00018200384972966166,-0.13950923725764808,2.0055765072850384,2.0104228378575653
4.386968415816961,0.014182278408662152,-0.17302715013729086,1.938529479367265,1.9462877675414325
4.3894553593633425,0.0285465684613484,-0.19217985380201874,1.8523288364036965,1.8624903009011768
4.391942302909724,0.04769926973678629,-0.1921789452871705,1.7613397923632723,1.772435000643862
4.394429246456105,0.06685197901813844,-0.19696644154061627,1.646408737870666,1.6594959169364336
4.396916190002487,0.0860046964043859,-0.1826003262979401,1.5219008866910206,1.535227017700848
4.399403133548868,0.10994582531029051,-0.16344580984811508,1.4117582591300275,1.4254346703661704
4.40189007709525,0.12909855918524016,-0.15386810247111038,1.3111924554722751,1.3264868963654257
4.404377020641631,0.14346289811486002,-0.1347135911958075,1.2058382692636318,1.2217918343192087
4.4068639641880125,0.15303884218044406,-0.10598227632353474,1.1244261238357396,1.1397312130826789
4.409350907734394,0.15782639145901056,-0.08203936810785706,1.0908980391040002,1.1053045550803915
4.411837851280776,0.15303714270304603,-0.06288486683279482,1.0717351950452105,1.084431280359381
4.414324794827158,0.1434594993014987,-0.053307176094176345,1.0669375947845996,1.077858114098381
4.416811738373538,0.12909346131889687,-0.05809469947942425,1.1004472579562723,1.1095153371659072
4.41929868191992,0.12430423877665492,-0.06288222728640269,1.1531105742199204,1.1614946038032794
4.421785625466302,0.114726621770317,-0.07724656640633176,1.220139143105671,1.2279530765884494
4.424272569012683,0.09078380371180084,-0.09639931376138344,1.3063213706948371,1.3130156321400315
4.426759512559065,0.06684099461070281,-0.12034046958603195,1.3972920496991499,1.404056487230192
4.429246456105446,0.05726340447279188,-0.13949322746621684,1.4834743760633762,1.4911182657446658
4.4317333996518276,0.04768582337819427,-0.1538575876206858,1.555291545646079,1.5636105291848998
4.434220343198209,0.038108251364243784,-0.1730103569011212,1.617531964181766,1.6272044977711977
4.436707286744591,0.033319091784947186,-0.19695153551093414,1.6654072306801542,1.6773435286843386
4.439194230290973,0.042895151311010404,-0.21131591368510616,1.6893405407478275,1.703046056921752
4.441681173837353,0.05725962332832357,-0.21610349161212872,1.7132739131516521,1.7277982767200082
4.444168117383735,0.06204729789900154,-0.2161026727935016,1.7084769300543448,1.7232073737345082
4.446655060930117,0.07162338500357601,-0.2256786673641238,1.6749495934607808,1.6916018771617192
4.449142004476498,0.0764110780176388,-0.21610105556896508,1.641422325219117,1.6573489580621128
4.45162894802288,0.09077558691502263,-0.2017350475287838,1.588741513896836,1.6040688372262637
4.454115891569261,0.10514010506470572,-0.1921574500371177,1.5264839679069375,1.542119396017926
4.456602835115643,0.10513942251216823,-0.18257985991972214,1.4833801088681637,1.4982677500367625
4.459089778662024,0.09556194258095885,-0.15863706735501948,1.440276325121924,1.4521341868834166
4.461576722208406,0.10034968187277515,-0.1394826857569833,1.4019610215379492,1.4124518342901746
4.464063665754788,0.09556062378313723,-0.13469352189243322,1.3684341995934979,1.3783636444257759
4.466550609301168,0.09077157494676324,-0.12032755927958938,1.33969586069479,1.3481480629008273
4.46903755284755,0.10034774531573265,-0.10596160467249849,1.2965923928967351,1.3047794315409802
4.471524496393932,0.09077031163611948,-0.10596086813930583,1.2534890074275253,1.261230211655666
4.4740114399403135,0.09076969381522648,-0.10596013982014041,1.258269738689651,1.2659816048616728
4.476498383486694,0.08119227855445355,-0.10117101648971705,1.2774157645734858,1.283985512478739
4.478985327033076,0.07640327579466488,-0.09159349823711826,1.2965618761848985,1.3020366846781133
4.481472270579458,0.07640268551311791,-0.10116960174714329,1.3348616878072797,1.3408685186277554
4.483959214125839,0.0716137010438298,-0.12511092377696809,1.363584780457261,1.3711836926248058
4.486446157672221,0.06682472567919351,-0.134687044476554,1.4114615749326571,1.4194470477701187
4.488933101218602,0.07640096934971852,-0.14426317387311727,1.4593384587666334,1.4684405703633003
4.4914200447649835,0.07640041542095977,-0.15383931202747547,1.4928502227522031,1.5026993528224084
4.493906988311365,0.07161146717794553,-0.1634154589950958,1.5215736742245696,1.5319984531856463
4.496393931857747,0.08597614118460628,-0.15383800154490634,1.545508813819871,1.5555241949796956
4.4988808754041285,0.09076401747914009,-0.15383735964379897,1.5598672387966541,1.5700604583143374
4.501367818950509,0.1003403059803154,-0.14904832337077112,1.564648949677478,1.5749317177041982
4.503854762496891,0.10033979668283566,-0.13947089276077307,1.5598539469296568,1.569287908727353
4.506341706043273,0.10512769950114276,-0.1346818744844942,1.569424247567853,1.5786967756256998
4.508828649589654,0.10991561106634429,-0.12031605860626726,1.555052625389492,1.5635683749824907
4.511315593136036,0.10991512800751913,-0.11073865510759795,1.5215274840226565,1.5295065445222078
4.513802536682417,0.11949146023300178,-0.10116126068415054,1.5023676469662082,1.5105033453728605
4.5162894802287985,0.11470259108672021,-0.09637227866768416,1.464054291184513,1.4716994489478465
4.51877642377518,0.1051253271528928,-0.0867949024246073,1.4209526267959491,1.4274771651743532
4.521263367321562,0.10512487833423823,-0.08679434191857194,1.3970046705115386,1.4036404622498309
4.5237503108679435,0.09554763128950505,-0.09158219382773636,1.3826336157529875,1.3889536937859073
4.526237254414324,0.09075879591791403,-0.0867932481855016,1.3682626558960012,1.3740134360648146
4.528724197960706,0.08118156551544065,-0.09636952158371015,1.3586801942321358,1.3645106820646313
4.531211141507088,0.07160434333738208,-0.10594580404775122,1.3682514406495594,1.3742138480672128
4.533698085053469,0.06202712931714871,-0.11552209556008597,1.3730343784308827,1.3792810169385354
4.53618502859985,0.052449923386628794,-0.12509839609939766,1.3634522007775995,1.370183384432604
4.538671972146232,0.05244953211686221,-0.13467470564068407,1.3730237307329487,1.3806094288083461
4.5411589156926135,0.04287234215559099,-0.14903942747565768,1.4065373713782128,1.4150611879871875
4.543645859238995,0.03808356339136998,-0.1586157549315872,1.440051105833695,1.4492606745944465
4.546132802785377,0.04287159907080407,-0.15382688133232136,1.4639881271425086,1.4726716945203862
4.548619746331758,0.047659642478283915,-0.15382641992025592,1.4639832249902902,1.4728139366666828
4.551106689878139,0.057236096857909535,-0.1634027739736057,1.478343625549921,1.4884476183359232
4.553593633424521,0.0668125588119759,-0.15382552352524392,1.4879157151152995,1.497337431907014
4.556080576970903,0.08117743158227031,-0.1490366851284164,1.4831226865866691,1.4928009285837212
4.558567520517284,0.08596550512824552,-0.14903625873182724,1.4926949593934449,1.5025778237040945
4.561054464063665,0.08117677936925416,-0.1346706310000383,1.5118441296904814,1.5199995134348834
4.563541407610047,0.07638806086428329,-0.115516608516677,1.5166281803199295,1.5229380355176443
4.566028351156429,0.09075296281200085,-0.12988141778452578,1.5022587073746942,1.5105914427230025
4.56851529470281,0.0907526618867397,-0.1250926222177906,1.4831009201993464,1.491131298467375
4.571002238249192,0.090752367965106,-0.11551543171250511,1.4639432214691617,1.4712951991155643
4.573489181795573,0.09075208096196208,-0.12509186280284368,1.4352088038707906,1.44350553343125
4.575976125341954,0.10511701075234692,-0.13466830213780323,1.4208396833061663,1.4310732137831923
4.578463068888336,0.10511673732777105,-0.14424474964531075,1.4208358590497863,1.4320023095750993
4.580950012434718,0.0955396639212609,-0.15382120525107768,1.4256205237104913,1.4370743433071433
4.5834369559810995,0.09553940372614933,-0.16339766887867624,1.4399820798339444,1.4523687431579577
4.58592389952748,0.08596234337270003,-0.1681857371293023,1.4591321233019112,1.4713063990560895
4.588410843073862,0.08117369273280384,-0.1777622165631203,1.4734938466535423,1.4863958726245057
4.590897786620244,0.08596185503724396,-0.18255030045714005,1.4687020390861587,1.4824978017974517
4.593384730166625,0.08596162023509657,-0.17776158540686993,1.4543335063780418,1.4676765751260243
4.595871673713007,0.0715961815953412,-0.17297287796700678,1.449541860928357,1.4615803899597402
4.598358617259388,0.07638436226939427,-0.15860737140936143,1.4495386985158056,1.4601894765952754
4.6008455608057695,0.08596095220522981,-0.14903027560568916,1.449535614901051,1.4597098366516907
4.603332504352151,0.09074914467084116,-0.1346647838246975,1.4591094157884932,1.4681179443436005
4.605819447898533,0.09074893957460284,-0.1298761059352196,1.4543180836239769,1.4629231904931057
4.608306391444914,0.09074874014499712,-0.12508743520317278,1.4543152307206118,1.4625029882326936
4.610793334991295,0.09553694961034154,-0.11551036821350458,1.454312452775226,1.4620173269160535
4.613280278537677,0.10990197119882872,-0.10593330819058266,1.45430974879105,1.462298585955097
4.615767222084059,0.10511338489637789,-0.10114465835764186,1.4638839243988349,1.4711339876816087
4.61825416563044,0.10511320721229855,-0.10593282193685605,1.4590929619748314,1.4667047490133958
4.620741109176821,0.10511303473401601,-0.11072099218847375,1.4590904737665928,1.4670558608378261
4.623228052723203,0.10032446404898443,-0.1059323623718238,1.4638764587296826,1.471129141138652
4.6257149962695845,0.09074749506503677,-0.1059321423469548,1.4878161257706362,1.4943405069614957
4.628201939815966,0.08595893433073432,-0.11072033201220055,1.4973906505836663,1.5039370634330222
4.630688883362348,0.08595878175415406,-0.11550852794487465,1.4878116287764316,1.4947623807518802
4.633175826908729,0.07638182728261167,-0.12029673004196662,1.487809479191088,1.4946178552287797
4.63566277045511,0.07638168410582202,-0.12029653487957948,1.4878073941003498,1.4946157566112264
4.638149714001492,0.08116994881218431,-0.11550794235362538,1.4686517591300872,1.4754215109360582
4.640636657547874,0.07638141134975418,-0.12987296896114175,1.4494961864631746,1.4573058370286753
4.643123601094255,0.07638128158877766,-0.13466119467535398,1.4447058849574006,1.45297723022733
4.645610544640636,0.0715927527982877,-0.1394494260316792,1.4494924501852289,1.4579437670286808
4.648097488187018,0.06680422820863696,-0.14423766292466622,1.4494906710751305,1.4581805491249544
4.6505844317333995,0.06680411105059347,-0.12987229196743488,1.4399121431935225,1.4472997552650584
4.653071375279781,0.06680399791474789,-0.1202953296557725,1.4351220753860563,1.441703545023999
4.655558318826163,0.07159229203279605,-0.12987198584481252,1.4399088698564322,1.4475253857798185
4.658045262372544,0.07638058999631259,-0.1250834371865488,1.4207537022451984,1.4282930172867274
4.660532205918925,0.08595729503804783,-0.12987170017677974,1.4111753946772252,1.4197433956949712
4.663019149465307,0.0763803904694409,-0.1298715647489299,1.4207507526764598,1.4287173578456052
4.665506093011689,0.08116869944628247,-0.12987143411784707,1.4303261618462333,1.4385019556578311
4.6679930365580695,0.08595701192186711,-0.12987130817829806,1.435113217752673,1.4435390927698875
4.670479980104451,0.08116852117045914,-0.1298711868253366,1.4446887259253556,1.4527836620819523
4.672966923650833,0.09553364702950828,-0.13465947327466843,1.463841088576621,1.473122732179012
4.675453867197215,0.09074516285280121,-0.13465936078145813,1.4638398846803078,1.4728187383409097
4.677940810743596,0.09074508515892576,-0.14423605920288063,1.468627129737956,1.4784804217361909
4.680427754289977,0.09553341386567193,-0.14902435847473816,1.468626016013749,1.4792556464303435
4.682914697836359,0.10989855221193279,-0.13944745185369412,1.4542597357772662,1.4650579042173493
4.68540164138274,0.11468688683585393,-0.13944735583920176,1.4351050945852837,1.4464180860205258
4.687888584929122,0.105110014337358,-0.12987045704855316,1.4446809146026096,1.4543099379929412
4.690375528475504,0.09553314459848039,-0.13465877198254983,1.459045178157309,1.4683570405364004
4.692862472021885,0.10510989082245481,-0.1490238972208635,1.449467464264667,1.4608942949623176
4.695349415568266,0.10989823633061091,-0.14423541274239637,1.4494665951120451,1.4607651717450185
4.697836359114648,0.10989818104677074,-0.14902373837063854,1.4590425696531444,1.47074501694053
4.70032330266103,0.10989812821602007,-0.14902366404714673,1.4494649669287938,1.4612441073911338
4.702810246207411,0.10989807776410032,-0.14423518967533644,1.444675802512732,1.45601152186469
4.705297189753792,0.10032122297713297,-0.1394467184799062,1.4494634787073828,1.4596075195685136
4.707784133300174,0.10510958038441687,-0.1394466536865484,1.439885977903689,1.450436149051942
4.710271076846555,0.10989793995379349,-0.14423499520169525,1.4350969123862152,1.4465076698681445
4.712758020392937,0.1098978982947727,-0.13944653297192255,1.4350962811695185,1.4460374199287096
4.715244963939319,0.105109455338244,-0.13944647686680023,1.430307276639187,1.4409275565131903
4.7177319074857,0.1146862242974136,-0.13944642347580327,1.4255183011537955,1.4369066295303232
4.720218851032081,0.10989778518347937,-0.12986956606928368,1.4207293537640506,1.4308792835267674
4.722705794578463,0.10510934789154902,-0.1250811145203814,1.4303056434944033,1.4396067150565068
4.725192738124845,0.10989771899754708,-0.1202926654222427,1.4350935561402771,1.4443134524301149
4.727679681671226,0.10989768847697223,-0.11550421868961314,1.4398814941122016,1.4486812774224929
4.730166625217607,0.10032085294711446,-0.11550417755887166,1.4494578598345385,1.457509374242824
4.732653568763989,0.10510922894828234,-0.11550413862711828,1.4494574424645945,1.4578463683002054
4.7351405123103705,0.10032079981884934,-0.11550410181314064,1.4542454510960292,1.462270594809814
4.737627455856752,0.09074396882024671,-0.10592726039650602,1.463821884876353,1.4704521627769187
4.740114399403133,0.10032075249635253,-0.10592722758008355,1.4542447263665768,1.4615445785501162
4.742601342949515,0.10032073086881321,-0.11071559996663183,1.4494559913461744,1.4571358426609873
4.745088286495896,0.08116709724173943,-0.10592716751975839,1.4446672756883379,1.4508177693763518
4.747575230042278,0.07637867480327587,-0.1011387368061305,1.4303017719617754,1.4359059526739344
4.75006217358866,0.08116706018029596,-0.10592711439392932,1.4350898993137493,1.4412812578863583
4.7525491171350405,0.07637864003997119,-0.10592709025131031,1.4542432536656245,1.4600950948261715
4.755036060681422,0.07159022097258838,-0.10592706762923143,1.4494546077130392,1.455082253075747
4.757523004227804,0.07159020624936707,-0.11550385310053146,1.4494543806526634,1.4558105300158712
4.7600099477741855,0.07159019250215093,-0.1250806399583837,1.4494541684558042,1.4566014240720764
4.762496891320567,0.06201337304372301,-0.12986902481787155,1.4446655671107473,1.451816180802109
4.764983834866948,0.05722495778968362,-0.1394458142566264,1.4350885759432117,1.4429826927965699
4.76747077841333,0.06201335001626296,-0.1394457982523396,1.425511597616481,1.4336575955121096
4.769957721959711,0.052436533079072256,-0.13944578338589597,1.4302998414518324,1.438037674389164
4.772444665506093,0.05722492685841518,-0.14423417291950935,1.4255112902254776,1.4339318768519067
4.774931609052475,0.07637853131396954,-0.15381096679673023,1.4446647665749621,1.4548359980890333
4.7774185525988555,0.06201331320356551,-0.15859935832212635,1.478183463272532,1.487960267805243
4.779905496145237,0.06201330569248209,-0.16338775076287382,1.4590297332644795,1.4694587335927738
4.782392439691619,0.07637850874416996,-0.1633877407471651,1.4590296258037245,1.4701349187735806
4.7848793832380005,0.07637850240141986,-0.15381092490485893,1.4686063337156439,1.4786128768811926
4.787366326784382,0.08116689991138604,-0.15859931978934805,1.4590294365620506,1.4698669009925502
4.789853270330763,0.07637849128027052,-0.1633877153931742,1.4590293537662173,1.4701346450659263
4.792340213877145,0.07637848643736145,-0.15859930503085762,1.4590292782065788,1.4696101004724837
4.794827157423526,0.07159007871160439,-0.1585992986201199,1.4494524027791913,1.4598599743862761
4.797314100969908,0.08116688135502204,-0.14902248615845215,1.4398755336789177,1.449840445185916
4.799801044516289,0.09074368437864344,-0.14902248088716918,1.4398754771181093,1.4504080479887307
4.8022879880626705,0.08116687447437088,-0.16338768608826726,1.4398754260452478,1.451387212292502
4.804774931609052,0.09074367817901363,-0.16338768180318963,1.4350869767463985,1.4472057837507406
4.807261875155434,0.09553207886649695,-0.16338767795775988,1.4350869354857076,1.4475138768947062
4.809748818701816,0.08595526987281377,-0.1681760778387842,1.4398753019036938,1.4522094844093252
4.812235762248196,0.09074367109758985,-0.16817607477369556,1.4446636723373985,1.4572476564201204
4.814722705794578,0.10032047587906467,-0.1681760720524199,1.45424044978113,1.4673658967248784
4.81720964934096,0.10032047423626222,-0.16817606964610698,1.4542404239644053,1.4673658707509774
4.819696592887341,0.09553206947053516,-0.15381085756648405,1.4398751912735923,1.4512149126327996
4.822183536433723,0.09553206820460902,-0.13944564574864815,1.4255099613923088,1.4354964695889743
4.824670479980104,0.10032047042162517,-0.13944564412916405,1.4350867506605551,1.4453315420254567
4.827157423526486,0.09074366282449464,-0.1298688360835416,1.4398751389103586,1.44856506328871
4.829644367072867,0.09074366199993922,-0.1298688348715178,1.439875125910815,1.4485650502068348
4.832131310619249,0.1003204679340931,-0.13944564047296648,1.4590287280474632,1.4691065693819594
4.834618254165631,0.09074366069216666,-0.13465723626755155,1.463817121876656,1.4727958275111614
4.837105197712011,0.09074366018404678,-0.1155036222378496,1.4686055171720662,1.4759328113711323
4.839592141258393,0.08116685311739635,-0.11071521828956543,1.4733939137602912,1.4797755041599234
4.842079084804775,0.07637844944293992,-0.11550362108749468,1.4686055048407702,1.4751192775068207
4.8445660283511565,0.09553206243256007,-0.11550362065702036,1.459028693586939,1.4667079429959837
4.847052971897538,0.09074365887457447,-0.11550362030595274,1.4638170931458285,1.4711682365098935
4.849539915443919,0.0715900454018652,-0.11071521670262063,1.4638170901141665,1.469742653365022
4.852026858990301,0.07159004524959078,-0.10592681315706054,1.4446634744207518,1.4503096837054794
4.854513802536682,0.08116685177084815,-0.10113840966005272,1.4446634725290863,1.450472193664792
