Time (s),Acceleration x (m/s^2),Acceleration y (m/s^2),Acceleration z (m/s^2),Absolute acceleration (m/s^2)
0.0,0.17417728118412779,-0.575085096563555,2.1557473829269256,2.2379247915348937
0.002486943546381497,0.39608389192768545,0.07195524662400699,6.160510973818507,6.173650092570809
0.004973887092762994,0.7951615003058308,0.6519575938962494,11.060706540748763,11.108400411236987
0.007460830639144491,1.3235261452045595,1.1170379064637967,16.48762766454985,16.57834012036026
0.009947774185525988,1.914140252224287,1.4145237422244836,22.04862590941258,22.17671560028044
0.012434717731907486,2.5382734735220143,1.5396266922869462,27.32711082287254,27.487893125948112
0.014921661278288981,3.1432534446456777,1.5115003643691756,32.002260018803874,32.191758601851774
0.01740860482467048,3.6476773812122527,1.3253563495955225,35.791558337561526,36.00135786275138
0.019895548371051976,4.037180145312409,1.0051366590202506,38.45079784596719,38.67522434609069
0.022382491917433474,4.28781979238393,0.5987253203073464,39.86984590370157,40.104220263783276
0.02486943546381497,4.361289167889807,0.16358316776970927,40.02954953340756,40.26676593055693
0.02735637901019647,4.276741957121346,-0.28113619083385544,38.992158614035596,39.22700591056765
0.029843322556577963,4.06290865199345,-0.6875487278141414,36.85823025094685,37.087856330602015
0.032330266102959464,3.724577727800848,-1.0365008353951704,33.83845482570394,34.05859419035688
0.03481720964934096,3.2952680797399596,-1.2753200825500082,30.196195156213193,30.402227466789693
0.03730415319572246,2.822863812946357,-1.375276054844398,26.190025656866915,26.377592540654987
0.03979109674210395,2.345672225891635,-1.374675984319444,22.11682796841223,22.28331195396065
0.04227804028848545,1.9115774236630811,-1.263943069804001,18.230388101491876,18.373859982632407
0.04476498383486695,1.5445214947199033,-1.0526541233989286,14.794068873153586,14.911676672151001
0.04725192738124844,1.2684465274932235,-0.7791163771175986,11.999407050390982,12.091391503180073
0.04973887092762994,1.1025062070641787,-0.4576950463623355,9.980478560090496,10.05161464544407
0.05222581447401144,1.065854218482667,-0.13148576644774135,8.852205715580036,8.917111626125553
0.05471275802039294,1.1393370202032722,0.15641582732130788,8.628954360169743,8.70525175434546
0.05719970156677443,1.3133778772868139,0.40122132621226214,9.291571513622506,9.392509845292427
0.059686645113155926,1.5736116514378393,0.5885655148618962,10.705982515694773,10.837007180083797
0.062173588659537427,1.8913079943624376,0.6897179679561156,12.738112705810247,12.896211541021854
0.06466053220591893,2.2329481544072887,0.690313470151946,15.244310616405388,15.422438079525369
0.06714747575230041,2.574590186519041,0.6334476459604543,17.999521923110922,18.193750575657667
0.06963441929868192,2.8827153389615043,0.5095436833796789,20.812211124425602,21.017083869519595
0.07212136284506342,3.128593263275017,0.3233899803791189,23.481265911819523,23.69097983849543
0.07460830639144492,3.288282014274891,0.10850535486078705,25.824727589642315,26.033461681011037
0.0770952499378264,3.380935276612358,-0.10637977858286618,27.68936788175,27.89521703971528
0.0795821934842079,3.3730342983667603,-0.3308422319110309,28.969842544772565,29.16742350687302
0.0820691370305894,3.264579150809628,-0.5122095739078585,29.63263338470174,29.816317629641052
0.0845560805769709,3.108242341684376,-0.6409050032292232,29.64901061039304,29.818379564506905
0.0870430241233524,2.8944471355172605,-0.7217169284807405,29.052493673395787,29.20524076579171
0.0895299676697339,2.6231936034205225,-0.7402801449754621,27.919697654658282,28.052427283598874
0.0920169112161154,2.351942656293963,-0.6965946579759561,26.327237634631285,26.441261691650826
0.09450385476249688,2.0902711717765685,-0.6146024893348336,24.380459113176606,24.477617456785556
0.09699079830887838,1.86212123740897,-0.4847268376508693,22.280475656037467,22.36340875334587
0.09947774185525989,1.6866465373507094,-0.3309097247532815,20.151786375294055,20.22495418791797
0.10196468540164137,1.5638471424177562,-0.1723047691391173,18.133255592435827,18.201380859674394
0.10445162894802287,1.5032999300028507,-0.023277185973144654,16.382901241668336,16.451744758571696
0.10693857249440437,1.5050049707927362,0.1018078095919357,14.953396383571688,15.029287015571283
0.10942551604078588,1.5881159486885064,0.20295021237654387,13.911779288094882,14.00360325115819
0.11191245958716736,1.7239025143197164,0.27057321057275363,13.325088224581473,13.438862523816416
0.11439940313354886,1.874057511605372,0.29988839570534775,13.188535411951507,13.324394579829214
0.11688634667993036,2.0577346242367747,0.2861073593116039,13.468602648571004,13.627890024135393
0.11937329022631185,2.246203502629151,0.21965328962109165,14.174867362043294,14.353415707572363
0.12186023377269335,2.415522200443582,0.11967979479796353,15.21635050958638,15.407348687710952
0.12434717731907485,2.5656907878667425,0.010128886339492826,16.473342627824348,16.671949170597227
0.12683412086545634,2.6775557217265975,-0.09942263420506858,17.874018285899115,18.073730085065424
0.12932106441183785,2.741540265412784,-0.21855157855470386,19.303456422371376,19.498390643069982
0.13180800795821934,2.7576444888751093,-0.3185275318527663,20.641947571769776,20.82777142354082
0.13429495150460083,2.7258684619814475,-0.3945620958309495,21.78893588117947,21.962326036957965
0.13678189505098234,2.631847044555308,-0.451443678848249,22.686961126830596,22.843568579174075
0.13926883859736383,2.5186759361790534,-0.47480707596897975,23.307293504124104,23.447795220836078
0.14175578214374532,2.386355206465846,-0.4598638888845574,23.602049594415796,23.726839465571253
0.14424272569012683,2.2300965216206876,-0.4209793325540181,23.55207639820629,23.66116769648379
0.14672966923650832,2.078630371001442,-0.358153411961736,23.19089335172969,23.2866165970295
0.14921661278288983,1.9511104372345573,-0.28575134203919506,22.547231487096916,22.633297009063824
0.15170355632927132,1.842748386252668,-0.21334993438364336,21.67376385220462,21.75300621364022
0.1541904998756528,1.7439674805743848,-0.1361607906173714,20.64231710740207,20.716303190886805
0.15667744342203432,1.6882866125059666,-0.058972318989172656,19.529506315517317,19.602433684321053
0.1591643869684158,1.6804942543351844,-0.005726541014876574,18.392792925242944,18.469405115568623
0.1616513305147973,1.6870716516892483,0.037941748366502104,17.33273401428724,17.414686868968744
0.1641382740611788,1.7463260999005543,0.0480905276678576,16.416367836236603,16.50906116290896
0.1666252176075603,1.824738844395875,0.03429659865877577,15.67242541722248,15.778332185796064
0.1691121611539418,1.9079447437808663,0.030078779725001503,15.124849379150938,15.244744229416028
0.1715991047003233,2.005520673158948,-0.002870160537717492,14.792793939690057,14.928123591075346
0.1740860482467048,2.1031014909267567,-0.05976182363603222,14.695413315577673,14.845261192460045
0.1765729917930863,2.18153365205398,-0.10228898781952589,14.827919706007322,14.98788693978819
0.1790599353394678,2.250394031324111,-0.14960527116654987,15.171160099256277,15.33788622303105
0.18154687888584928,2.309682696770575,-0.19692227513884752,15.691616272673327,15.861911416693564
0.1840338224322308,2.3163040864330964,-0.22987479454236714,16.317462776064545,16.48264840643774
0.18652076597861228,2.2942002847235115,-0.2676164474100031,17.015181384806123,17.17123673668273
0.18900770952499377,2.2577365692993596,-0.28141681855618916,17.717735050027283,17.86322213781946
0.19149465307137528,2.206913007742185,-0.2760643160221208,18.372451931801166,18.506584409789582
0.19398159661775677,2.1321528608764635,-0.25634734783348456,18.93144859249189,19.052861611711982
0.19646854016413826,2.052609809330716,-0.236631128640985,19.361206803383087,19.471146093740096
0.19895548371051977,1.9730723236533194,-0.21212725979838654,19.637785141345383,19.737796676082205
0.20144242725690126,1.8839636643111426,-0.17325893932336678,19.73245377886334,19.82294301771254
0.20392937080328274,1.8044375115709788,-0.13439138181929566,19.645213307265653,19.72836692847736
0.20641631434966426,1.7440707389356929,-0.10988980187359187,19.414371543353695,19.49286230737675
0.20890325789604575,1.693286606502237,-0.08060059081545168,19.039929076264585,19.115245622700883
0.21139020144242726,1.6616619875227978,-0.06567736652044776,18.55061691394361,18.62500528765407
0.21387714498880875,1.6635621584425127,-0.060331730246387494,17.989531273171423,18.066386312738057
0.21636408853519024,1.68462197565594,-0.05498687991447637,17.375826352989716,17.457385720865467
0.21885103208157175,1.7248415053885386,-0.059219626710796724,16.75259836789251,16.84126293538622
0.22133797562795324,1.7698556037734565,-0.06824157184403523,16.158155127892627,16.254938415982352
0.22382491917433472,1.8148759334517726,-0.08684112314696835,15.630804441830183,15.736052984571131
0.22631186272071624,1.8694793668914857,-0.11980668843574893,15.20885411736105,15.32379033754368
0.22879880626709773,1.928877566464327,-0.16234986886920844,14.911458347663949,15.036572621460252
0.2312857498134792,1.9691285811241335,-0.1809518456675212,14.729040904788281,14.861186255288532
0.23377269335986073,1.9902324762883612,-0.18997783323712625,14.68075597948639,14.81626515070582
0.23625963690624222,2.001766123875842,-0.20858144928783506,14.73787372807708,14.874659520823613
0.2387465804526237,2.0085179923445597,-0.2176090849499417,14.895606322238908,15.03198542929537
0.24123352399900522,1.986546130088798,-0.22663755125852214,15.149165932397276,15.280541827890707
0.2437204675453867,1.9550042152425473,-0.2117248359892927,15.445880694509949,15.570552312516918
0.24620741109176822,1.9234691191547877,-0.19681296010384752,15.752232356540251,15.870453459433369
0.2486943546381497,1.8823640997475977,-0.17711352462457697,16.063433085086398,16.17431749050549
0.2511812981845312,1.8316892214367597,-0.14304972723615927,16.350753028846967,16.45365227658401
0.2536682417309127,1.7858097584508148,-0.12814039548861045,16.604615948492558,16.700862470281816
0.2561551852772942,1.7351489682673096,-0.1132319203909562,16.79629199009226,16.88605898444963
0.2586421288236757,1.6844953181740459,-0.08874749957522665,16.91141650834483,16.995334916215953
0.26112907237005717,1.6530024852678402,-0.059475540616690914,16.93083645328647,17.011442548007718
0.2636160159164387,1.6406705332111002,-0.03978125771347818,16.849763983561218,16.929498771337833
0.2661029594628202,1.6331343155509073,-0.0392414617255592,16.677776466410048,16.75759217335501
0.26858990300920166,1.6447591056006052,-0.03870254357312053,16.438816477660087,16.520938762325947
0.2710768465555832,1.6516029499542038,-0.04295291075992713,16.152038188432652,16.236316543398225
0.2735637901019647,1.6728195249304814,-0.04720416413106765,15.831807365132494,15.920008726215054
0.27605073364834615,1.7036204900874037,-0.0658215177947592,15.497278176077831,15.590775673878086
0.27853767719472766,1.724852294861548,-0.07486295927852993,15.16760478816945,15.26554797286563
0.2810246207411092,1.7508802117700333,-0.08869370265414744,14.861941366880147,14.964984105619415
0.28351156428749064,1.7817043032062116,-0.10252534869380714,14.575500059642685,14.684351659499042
0.28599850783387215,1.7933826147978524,-0.11156949815130801,14.341800239003472,14.453923448374043
0.28848545138025367,1.7954920152497242,-0.10624934844168044,14.156054049487148,14.269861483310596
0.2909723949266352,1.802397776420543,-0.10571851688330458,14.018262037469107,14.134054078727916
0.29345933847301664,1.7901579434390018,-0.10518860417440834,13.928424747844915,14.043387983719763
0.29594628201939815,1.7683493845072966,-0.10465961431487925,13.92006154726229,14.032324349876113
0.29843322556577967,1.7465489676577906,-0.1089199546061983,13.974019364345331,14.083164205818102
0.30092016911216113,1.7247567541112439,-0.10360441904981466,14.0472031096063,14.153071572596245
0.30340711265854264,1.6886075949553638,-0.09350141490958519,14.163555338521522,14.264166219996616
0.30589405620492416,1.6572551643467959,-0.09297615607108378,14.318288185115135,14.414177596982753
0.3083809997513056,1.6259111196662506,-0.0972402431196655,14.453941345347628,14.545427565000828
0.31086794329768713,1.5897871181189434,-0.09671687330134349,14.57051535347315,14.657308583103342
0.31335488684406865,1.563248430014737,-0.10577126044460883,14.677587548826551,14.760979285499584
0.3158418303904501,1.5415067122045305,-0.10524979511661758,14.732062832649586,14.812865886393459
0.3183287739368316,1.5245620246807214,-0.10472928778719348,14.738730137807785,14.817740167311023
0.32081571748321314,1.5267796372167388,-0.1137865489068961,14.70716679889798,14.78664122408936
0.3233026610295946,1.5337943994831407,-0.11805637230539912,14.651738552238724,14.732274270121577
0.3257896045759761,1.5408179676090379,-0.1223271650742479,14.558080712618583,14.639904302273944
0.3282765481223576,1.5430619975403912,-0.1457525442464891,14.421405399849167,14.504455103146977
0.3307634916687391,1.5596801616405074,-0.15002528699192874,14.251289942076028,14.337167600557278
0.3332504352151206,1.5715189055249184,-0.14951060698426488,14.05731166580836,14.145672001064312
0.3357373787615021,1.569001481263452,-0.15378531455728073,13.853836299230036,13.943249111202316
0.3382243223078836,1.5856467706213713,-0.153272606743855,13.621710745627851,13.714545993605231
0.3407112658542651,1.6023012186520815,-0.14318408387747006,13.399242746468301,13.495465055193659
0.3431982094006466,1.595022866899222,-0.14746176619372253,13.224740041544706,13.321396026124898
0.34568515294702806,1.5877537899190752,-0.14695204402558515,13.069472722483775,13.166384250977682
0.3481720964934096,1.5804940454748597,-0.1320781143267924,12.928652895822555,13.02556992061102
0.3506590400397911,1.5732436911372782,-0.13157040059366487,12.840588296280721,12.93727615368077
0.3531459835861726,1.5564259776428848,-0.12627529309943597,12.80049102698609,12.895385911459973
0.35563292713255407,1.5348293654946499,-0.12098119869888802,12.784419576067343,12.876790032013306
0.3581198706789356,1.5132423150000223,-0.12526492754705565,12.787586043207785,12.877420177132628
0.3606068142253171,1.4868764796293206,-0.12476127317729846,12.80520252635538,12.891841558983646
0.36309375777169856,1.47009712593663,-0.13383544902469469,12.832481121714109,12.917107618435784
0.36558070131808007,1.4485391003556993,-0.14291065190256003,12.888575940336978,12.970508037448639
0.3680676448644616,1.4222024590817886,-0.13283327196333294,12.935180251672149,13.013807769289047
0.37055458841084304,1.419817678031646,-0.11796852258134605,12.948352533359191,13.026497308920788
0.37304153195722456,1.4174427963972447,-0.1174700204308996,12.956823697783184,13.034654718180853
0.3755284755036061,1.410289466449523,-0.12176096224403654,12.97017104226167,13.047186630711936
0.37801541904998753,1.4079345502171319,-0.11647614141205631,12.940511022473899,13.01739881512362
0.38050236259636905,1.4055896995636306,-0.1159807712276626,12.877420932140097,12.954424101685643
0.38298930614275056,1.4032549694678096,-0.110698048361479,12.78568965984926,12.862940513165075
0.385476249689132,1.4200840279837075,-0.09105116946357628,12.694048108972922,12.773558092987018
0.38796319323551354,1.4225581064350195,-0.08098215440561196,12.583343147852448,12.66375751710847
0.39045013678189505,1.4202540658204352,-0.08049100643704366,12.47272886955669,12.553587768724512
0.3929370803282765,1.4131719602893085,-0.07042411550539995,12.352628945389693,12.433400838381747
0.395424023874658,1.4108886504220122,-0.06035829145936855,12.223043851445352,12.304350893143187
0.39791096742103954,1.4038273833071817,-0.06465874744719002,12.083974061959019,12.165415784338933
0.400397910967421,1.3919882124627148,-0.06896027667443816,11.954573662581014,12.035539795018327
0.4028848545138025,1.380159594514587,-0.06847447896647951,11.83005472048616,11.91048798119948
0.40537179806018403,1.368341582555368,-0.058412954127811556,11.719994510928666,11.799747543738304
0.4078587416065655,1.356534229463678,-0.05792931854358807,11.629181903953382,11.708177171399925
0.410345685152947,1.3303723779423995,-0.05265836533583723,11.562405767708583,11.638809677306895
0.4128326286993285,1.3090096937209632,-0.04738850088685931,11.519666565118301,11.593897956243028
0.41531957224571003,1.2924462290310754,-0.05648493819857148,11.481811143913998,11.55446212282024
0.4178065157920915,1.2758936325668295,-0.06558247032997011,11.463205173150717,11.534178707813943
0.420293459338473,1.273717166085449,-0.07468110027991548,11.459060706676466,11.529874455743927
0.4227804028848545,1.2667632678830358,-0.08378083102615763,11.459801393085941,11.529907040973038
0.425267346431236,1.250243585996893,-0.08330485888468431,11.431908862432206,11.500373427102103
0.4277542899776175,1.2481001881656577,-0.08761839675187355,11.408902389305593,11.477303027795832
0.430241233523999,1.2459679153441425,-0.08235623758102495,11.390782423100172,11.459020150359425
0.43272817707038047,1.2438468182259825,-0.08188359422608293,11.367972604608386,11.436112143964882
0.435215120616762,1.2369485439616121,-0.07662366291816758,11.340473379295487,11.407990592240044
0.4377020641631435,1.2396383527590573,-0.07615325314835841,11.317861997292727,11.385802683753095
0.44018900770952496,1.2471278913206691,-0.08047236774579147,11.261831673546903,11.330960083884541
0.4426759512559065,1.249840402803311,-0.07521579955731728,11.181959654219941,11.251843411529737
0.445162894802288,1.257352743419167,-0.07474876133028907,11.106976796760444,11.17816876158519
0.44764983834866945,1.2457229459115644,-0.07428285250940814,11.022518326733078,11.092937116170544
0.45013678189505096,1.2341046726792424,-0.07381807583826205,10.919007871015262,10.988775925404179
0.4526237254414325,1.2320747792521842,-0.073354434038988,10.825176281032917,10.895312324577949
0.45511066898781394,1.2252681043299642,-0.08246873645287378,10.736235582949465,10.806240674377502
0.45759761253419545,1.218473099663844,-0.08679577579814612,10.628244187620487,10.698214089883857
0.46008455608057697,1.211689813454506,-0.08633555473244892,10.529932940392195,10.599770457948464
0.4625714996269584,1.204918293671668,-0.09066488253250382,10.431725458009351,10.50147343217273
0.46505844317333994,1.1933701847330789,-0.10457216513315304,10.328833758491998,10.398070712689659
0.46754538671972146,1.1770455341444603,-0.10411538852577529,10.2499886810513,10.317874983021314
0.4700323302661029,1.165521195819144,-0.1084481685629557,10.180825432958608,10.247897694627186
0.47251927381248443,1.1540088134758375,-0.11757050779440048,10.135709639344242,10.201870860728375
0.47500621735886595,1.1520852405598379,-0.11232879546691477,10.100276503347903,10.166390883882471
0.4774931609052474,1.1358085070392525,-0.1118766473681383,10.060161226034813,10.124693636980002
0.4799801044516289,1.1243322725293508,-0.11621406598277151,10.02015261967122,10.083704046117543
0.48246704799801043,1.1272333897684863,-0.11576424713318634,9.999404704398499,10.063406526533155
0.48495399154439195,1.125358291336215,-0.11531559658097246,9.969187465063468,10.033166383763033
0.4874409350907734,1.1330722328167318,-0.10529131010504322,9.939078110978537,10.004009828108757
0.4899278786371549,1.1360100496341918,-0.09526819674381004,9.909077042713115,9.974437462865
0.49241482218353644,1.1245949802942845,-0.09003466219360146,9.864819448767935,9.929122965644526
0.4949017657299179,1.1179806829851913,-0.09437911212896255,9.820670935452535,9.884551878905611
0.4973887092762994,1.1257440090144886,-0.09872474224170347,9.776631896997193,9.841726342362179
0.4998756528226809,1.1095777762460564,-0.08391794156119392,9.718337515547741,9.78183465044046
0.5023625963690624,1.0934240454666861,-0.05953551901686005,9.655364987722939,9.717262663290281
0.5048495399154439,1.0916480705808136,-0.054307896797534116,9.587714701367213,9.649814405079011
0.5073364834618254,1.085096282008393,-0.04429306054676685,9.5153870421863,9.57715961958701
0.5098234270082069,1.083345529848396,-0.04385622244874643,9.443170797062608,9.50521097124025
0.5123103705545884,1.072030647354822,-0.052997384704854156,9.375854750730046,9.437092281971218
0.5147973141009698,1.0559400808189638,-0.05256293621333974,9.303862475808272,9.36374013337067
0.5172842576473514,1.0446506796079313,-0.047341282452124656,9.24634796268076,9.305293487386637
0.5197712011937329,1.0333740828828692,-0.04212082887723234,9.193734779646375,9.251723912756947
0.5222581447401143,1.0125335262390571,-0.05126678756340253,9.122081282875698,9.178247074286913
0.5247450882864959,1.015647874908518,-0.046048740680646905,9.040964649609586,9.097950477322607
0.5272320318328774,1.0091983473923205,-0.04562030358018143,8.964750458232821,9.021491744432499
0.5297189753792588,0.9931849851866381,-0.054769881630356565,8.907804284949368,8.963168710545188
0.5322059189256404,0.9819730395010033,-0.049555460255708894,8.855761283856133,8.910175907948911
0.5346928624720219,0.9803509546562565,-0.04913065474164702,8.784679800219928,8.839349580592613
0.5371798060184033,0.969165158123126,-0.06307227371100854,8.77117464684042,8.824781238127496
0.5396667495647849,0.9627809003655055,-0.0578614958818684,8.71468971146782,8.767902359286248
0.5421536931111663,0.9707750282774845,-0.04786353315347425,8.639167365978489,8.693670562582918
0.5446406366575478,0.9644171619407025,-0.061808807364053475,8.582915190003689,8.637149642660454
0.5471275802039294,0.9580725510692079,-0.07575530380643647,8.54114513108186,8.595045202287794
0.5496145237503108,0.9421644285246393,-0.07054941107180701,8.489915521256265,8.542325010665877
0.5521014672966923,0.9358464468392227,-0.06534474429188464,8.43401511027426,8.486029070655055
0.5545884108430739,0.948695451652841,-0.0697181119358028,8.359079032380379,8.413030722914304
0.5570753543894553,0.94240425515011,-0.07888111248979301,8.308203259437605,8.361853228212171
0.5595622979358368,0.9361265091068374,-0.08325694109780901,8.267022921236217,8.320272383734713
0.5620492414822184,0.929862251764612,-0.08284559952246795,8.211596338693296,8.264491613539102
0.5645361850285998,0.9283999244319647,-0.07285868618411362,8.156289057052327,8.2092804794348
0.5670231285749813,0.9173743548824094,-0.06766141276237958,8.115466619317218,8.167432413128678
0.5695100721213628,0.9159391938774921,-0.062465377633691865,8.060398936366084,8.112513639042795
0.5719970156677443,0.9193060753226598,-0.05248217915252029,8.000663143393197,8.053476812737717
0.5744839592141259,0.9226866328684495,-0.06165383557326187,7.941047970022905,7.99471041877815
0.5769709027605073,0.9165040965898081,-0.061249928604929504,7.8863421436267025,7.939655138553729
0.5794578463068888,0.9151237129076086,-0.04648205653615767,7.817392372718517,7.870910716082561
0.5819447898532704,0.908968711385171,-0.04129223755552047,7.758140993435993,7.8113174843422915
0.5844317333996518,0.8884623213294813,-0.04568047322809976,7.7037999197327505,7.754997434256884
0.5869186769460333,0.8823349983533486,-0.05485836177673864,7.659157869937929,7.710008026312822
0.5894056204924149,0.8810099712500801,-0.05924909808205081,7.609849946831395,7.660907598865514
0.5918925640387963,0.8701220652353405,-0.06364108696367676,7.555876460883079,7.606078601256125
0.5943795075851778,0.8736133318296462,-0.06803432989904268,7.52117973689082,7.57205213652233
0.5968664511315593,0.8627533857721177,-0.0628520217030557,7.472241257532332,7.522146182577269
0.5993533946779408,0.8423306647858044,-0.06245937377029964,7.4090613264484695,7.45705115050746
0.6018403382243223,0.8506524295773816,-0.06206798419223425,7.355582261600007,7.404866804863694
0.6043272817707038,0.8446230841493676,-0.05688945103845233,7.307015958741667,7.355889258629636
0.6068142253170853,0.8386078720889005,-0.046923775677003565,7.248997504700896,7.297494763753728
0.6093011688634667,0.8373952300830891,-0.041747766094719196,7.176738790656687,7.225548651601221
0.6117881124098483,0.8170431746374933,-0.031784616975347735,7.123758932059118,7.170530742782576
0.6142750559562298,0.8110705618414877,-0.021822732941757295,7.094846622142672,7.14108957230535
0.6167619995026112,0.8146890209617574,-0.03101572855594048,7.051694921963076,7.0986675826336105
0.6192489430489928,0.8135333743639261,-0.04020999179559892,7.008669326801385,7.05584148965173
0.6217358865953743,0.8028152507935655,-0.030251910616650335,6.965770119677487,7.01194558344504
0.6242228301417557,0.796899892016586,-0.02029509951575026,6.903843968027765,6.949713869205966
0.6267097736881373,0.7909989262565105,-0.019916366327173307,6.851621570187466,6.897158407927484
0.6291967172345188,0.7755355781551925,-0.029115712222833157,6.794737992302853,6.838915670025955
0.6316836607809002,0.7648750886944766,-0.028739525071672656,6.733193508173092,6.7765592065672235
0.6341706043272818,0.763805891953806,-0.01878780600217933,6.676565195928131,6.720139525167358
0.6366575478736632,0.7531744051490852,-0.01841416940240226,6.615276518105084,6.658039814930441
0.6391444914200447,0.742557465155925,-0.03719542299809575,6.554116144888745,6.59615141800445
0.6416314349664263,0.7367435052672695,-0.03682434129023582,6.5026611474693325,6.544367732903779
0.6441183785128077,0.7213673452322811,-0.03166613528159967,6.446546578119058,6.486858744781613
0.6466053220591892,0.715582627779606,-0.03608601595334937,6.390561100073442,6.430601206069245
0.6490922656055708,0.7193893820937716,-0.040507177663485994,6.329916567607993,6.370793174118092
0.6515792091519522,0.7184224271353399,-0.04492962138905909,6.274190042638389,6.315347191234374
0.6540661526983337,0.7126817915626316,-0.058930154726186235,6.228170181437905,6.269090197796905
0.6565530962447153,0.702167503770643,-0.058566762007262074,6.19185723463616,6.23181877809999
0.6590400397910967,0.6964563985315333,-0.053416250785350616,6.146097837256967,6.185662732160415
0.6615269833374782,0.6859716970726184,-0.06263223523264472,6.110045848560944,6.148751112021997
0.6640139268838597,0.6802902336387469,-0.07663790957798966,6.074124705560061,6.112582032976232
0.6665008704302412,0.6794120355703075,-0.08585646802878344,6.038334649579117,6.077043474214078
0.6689878139766227,0.6785487266234307,-0.07113429813037042,5.983522306332882,6.022294218415102
0.6714747575230042,0.672911930290196,-0.07077862725044382,5.919264719128337,5.957811250377089
0.6739617010693857,0.6672900764391603,-0.07521264953218987,5.859927332262261,5.89827782731181
0.6764486446157671,0.6616831913543273,-0.0700711557771303,5.795933571098557,5.834002106031507
0.6789355881621487,0.6560913010553757,-0.07450776000764225,5.770379295192534,5.808036192381085
0.6814225317085302,0.6505144312975824,-0.07415725298261444,5.735380698680857,5.772630256849755
0.6839094752549116,0.64495260757175,-0.07380803872090702,5.666995989968432,5.704056016810469
0.6863964188012932,0.6298290484635185,-0.07824852122013004,5.603532618290357,5.639360359615759
0.6888833623476747,0.6242973922158066,-0.08747870113635603,5.544990803984856,5.580709880772927
0.6913703058940561,0.6283576635256352,-0.08234496582321338,5.481793958414727,5.518304001160141
0.6938572494404377,0.6180678702237696,-0.0772125258553471,5.428307507209137,5.463926432445351
0.6963441929868192,0.6125816497590566,-0.08165818846595174,5.389320067021113,5.424637787185566
0.6988311365332006,0.6118990260343291,-0.08131674426554492,5.355255042206972,5.390713255038047
0.7013180800795822,0.6016548127266943,-0.06661138716387516,5.306959028146408,5.341370584129297
0.7038050236259636,0.5962142431703257,-0.07106094093244808,5.268374247765792,5.302479447919355
0.7062919671723452,0.5955773404736382,-0.07551179279830711,5.22992409841308,5.264268275316061
0.7087789107187267,0.5901673208395959,-0.0655987332878154,5.177243571779631,5.211185245405258
0.7112658542651081,0.5847726101672743,-0.06047537614855791,5.115121270501798,5.148794216965958
0.7137527978114897,0.5746048274503042,-0.05056491518531381,5.057922601520381,5.090708060903472
0.7162397413578712,0.569240801378446,-0.04544415746321162,5.015224566119824,5.047630900730886
0.7187266849042526,0.568680553736048,-0.04990150670619853,4.982238953287771,5.014837257601398
0.7212136284506342,0.5681357027223846,-0.04478335001582545,4.944600743035634,4.977334651515311
0.7237005719970157,0.5628178662720009,-0.03487809107440487,4.902310123000445,4.934635242234688
0.7261875155433971,0.5623038720156892,-0.03933934350441648,4.855367278484279,4.887977561058053
0.7286744590897787,0.5713821439992819,-0.029436687704480047,4.803772392454662,4.837723976372962
0.7311614026361601,0.5565338794415173,-0.02911214057595357,4.757102452185663,4.789634768569101
0.7336483461825416,0.5417011151403428,-0.02400049243702629,4.705780829336545,4.736917704112333
0.7361352897289232,0.5316722743479831,-0.00931334022588226,4.659384506514837,4.689629636247092
0.7386222332753046,0.5216589734116335,-0.013781104102298158,4.622702060675407,4.652063235290747
0.7411091768216861,0.5164496350547825,-0.018250171002364368,4.571791646519588,4.600905579717554
0.7435961203680677,0.5256210850569847,-0.027508944443210837,4.52101864298029,4.55155400245413
0.7460830639144491,0.510866115730513,-0.031980617960544855,4.465594813379046,4.494835256759091
0.7485700074608306,0.5009151656079494,-0.03166519171024751,4.410308725348742,4.438777054593904
0.7510569510072121,0.505345059676664,-0.021774262507475495,4.36952575083452,4.398704699687549
0.7535438945535936,0.4954253960976698,-0.016673040428260677,4.333669242852545,4.36192771831696
0.7560308380999751,0.4855214026510475,-0.030726735528300075,4.278797342131653,4.3063652724474455
0.7585177816463566,0.48520990353294025,-0.025628121319555053,4.228852220278463,4.256674353535034
0.7610047251927381,0.4801257060744285,-0.020530811137480676,4.174257223333201,4.2018288368743475
0.7634916687391196,0.470268827304161,-0.02022320833637492,4.1437429215755515,4.170391725988931
0.7659786122855011,0.4556392839875546,-0.01512850628941953,4.103790639799317,4.129035437498657
0.7684655558318826,0.4506023025878747,-0.010035108310595842,4.044823717079327,4.069857742076954
0.770952499378264,0.4599463026648214,-0.009731417693788824,3.99557271673371,4.021970491753038
0.7734394429246456,0.45972928359343446,-0.023794241033139762,3.951249376520577,3.977975466937161
0.7759263864710271,0.4643164710486295,-0.023493158340275322,3.9214306418425933,3.948893514968195
0.7784133300174085,0.46413107384130253,-0.023193379489663712,3.8725978259047027,3.9003806875430844
0.7809002735637901,0.454384703840377,-0.022894904374905156,3.8191162728016224,3.846119959245759
0.7833872171101716,0.44465418261360734,-0.017809329549398623,3.7945049375975497,3.8205107297044667
0.785874160656553,0.4349395248262008,-0.017513461507634442,3.7604567232418704,3.785566520213983
0.7883611042029346,0.4252407448816322,-0.022007300083676018,3.716971756938043,3.741282274065877
0.790848047749316,0.42034626024215327,-0.02650244177151606,3.68799218018441,3.711964396249077
0.7933349912956975,0.4154676814680561,-0.03578728968605516,3.6399992923306854,3.6638079879567114
0.7958219348420791,0.4153934254991313,-0.04028503696158792,3.5825700203063606,3.606796713504771
0.7983088783884605,0.4105466990533183,-0.03520728003309692,3.5444349020210506,3.5683058892611603
0.800795821934842,0.41529272518942484,-0.030130825276922124,3.50644043988206,3.5310763900923217
0.8032827654812236,0.4009010968229756,-0.025055672409242113,3.4590099406401444,3.4822549081882386
0.805769709027605,0.39610224645300585,-0.03434703108768433,3.406931918711858,3.4300527411291095
0.8082566525739865,0.3913193797560479,-0.03885128770824586,3.3837253061425985,3.4064992627269226
0.8107435961203681,0.38655250878949665,-0.03378003860846279,3.3462945795618833,3.3687165725636645
0.8132305396667495,0.3818016453512323,-0.03349849338777,3.309005053154295,3.3311272997669747
0.815717483213131,0.3579131876986231,-0.03800665166536232,3.2766452321773523,3.2963540970365997
0.8182044267595125,0.36277118031440947,-0.03293930308024162,3.2300616030028753,3.2505362459366034
0.820691370305894,0.3676452142975929,-0.018296447213137945,3.183619472963086,3.2048292797286884
0.8231783138522755,0.358170090449644,-0.027596906867810578,3.132530533829569,3.153061202757717
0.825665257398657,0.35349943255602656,-0.02253345502421844,3.081583281737587,3.101874453890318
0.8281522009450385,0.33926804090210294,-0.007894494526071938,3.021201000587009,3.0402007520177543
0.8306391444914201,0.3250527321171707,-0.012410444799627829,2.9513837786464237,2.969255715941994
0.8331260880378015,0.3300071292138146,-0.016927692049052645,2.910438928477596,2.929137417139706
0.835613031584183,0.3301892250647709,-0.02144623574085225,2.8792129205318577,2.8981635404396897
0.8380999751305646,0.3160222222469744,-0.021177672002352654,2.8577058362777876,2.8752045467134133
0.840586918676946,0.31623654964343095,-0.016122000262376535,2.8171873350008285,2.834926798827778
0.8430738622233275,0.3164670059982184,-0.011067623251293845,2.757657493649809,2.7757789376052364
0.845560805769709,0.3023483897996154,-0.020379750321385615,2.722212016800709,2.739026861396537
0.8480477493160905,0.2930343225226153,-0.03448157420470688,2.696485766932975,2.712580613439541
0.850534692862472,0.28373640878550166,-0.03421948097408256,2.661325200955874,2.6766264490569935
0.8530216364088535,0.27924305959237306,-0.03874708324627463,2.6310955967739575,2.6461560917969127
0.855508579955235,0.2795542823725429,-0.043275977017973144,2.5962202134463386,2.6115862619655204
0.8579955235016165,0.275093277660573,-0.038229354947103555,2.5614875177522247,2.5765007468646624
0.860482467047998,0.2706484556981843,-0.037972426274750504,2.5221091675924807,2.5368734980252836
0.8629694105943795,0.27100822647367473,-0.03771678694239844,2.46372001199277,2.4788675463459757
0.8654563541407609,0.26659578976134335,-0.032674032873234005,2.424627334270814,2.439458673073981
0.8679432976871425,0.2621995550437278,-0.03242096993313792,2.3904659789927605,2.4050212728120206
0.870430241233524,0.2626079315510381,-0.03695759732917825,2.3516591918202217,2.3665649672439586
0.8729171847799054,0.2630325216209084,-0.03191870428934784,2.3082070228339147,2.323364924279776
0.875404128326287,0.24910812069877553,-0.02209269330480934,2.264897923216725,2.278663104868065
0.8778910718726685,0.24477675054139048,-0.017056370169007185,2.231308745257131,2.2447595180842637
0.8803780154190499,0.25482681937345886,-0.012021330696478483,2.1834975157901546,2.1983499770795105
0.8828649589654315,0.25052791192709956,-0.01656438064477994,2.15019469596651,2.164803881168733
0.885351902511813,0.24624524256724434,-0.016320309152045187,2.1314003248108184,2.1456398618084727
0.8878388460581944,-1.7739389824032692,0.14193979095046005,-6.582991200501336,6.819294652925845
0.890325789604576,-1.443000930954225,0.6162332301695335,-4.078010436163213,4.369458112644635
0.8928127331509574,-0.9971249500151163,0.9995457272327912,-1.237698096811359,1.8775639551350674
0.8952996766973389,-0.4650414560997215,1.296665686432362,1.6985256817828054,2.1869144816243278
0.8977866202437205,0.09578871410838019,1.4788626888357688,4.5199711815839265,4.756716284636944
0.9002735637901019,0.6422699336390525,1.531771525488998,7.049467505616864,7.2425014177909315
0.9027605073364834,1.116941365314161,1.4506037940961334,9.100266948087711,9.282600277263564
0.905247450882865,1.495860994951138,1.2736667222614781,10.543082640872065,10.724570788981271
0.9077343944292464,1.7646636147618617,1.020113924325444,11.30608855351897,11.488355342340336
0.9102213379756279,1.8994072100718506,0.6899454013645019,11.365342686614248,11.54360371767469
0.9127082815220094,1.8857265726019974,0.3262567843551132,10.75436387842521,10.923312255242543
0.9151952250683909,1.7379869137502038,-0.032644699029316104,9.521036175021724,9.678418984256362
0.9176821686147724,1.4849186546310227,-0.3628170310591985,7.7802812668042245,7.929022398724988
0.9201691121611539,1.1408870061541245,-0.654683403948882,5.69011647190559,5.8401762802220905
0.9226560557075354,0.7394107922669969,-0.8843017999347664,3.398982299672171,3.5891222696605776
0.9251429992539169,0.31400883667426666,-1.0325186045565553,1.0744728705904425,1.522888100912148
0.9276299428002984,-0.106588440482272,-1.0849686066574318,-1.1158176969908409,1.5599894570139106
0.9301168863466799,-0.48886221598245394,-1.0608054183059275,-3.028237303457347,3.245691847322095
0.9326038298930613,-0.7945052635273628,-0.9648174415928576,-4.533499061284762,4.702629588649769
0.9350907734394429,-1.0091523736605006,-0.7970046752720459,-5.554988521595874,5.701885867038381
0.9375777169858244,-1.1184383371659656,-0.5813091346822226,-6.04961006087607,6.179531253481977
0.9400646605322058,-1.1175747517084438,-0.34646123846581567,-6.017363687608856,6.130063169688311
0.9425516040785874,-1.0352920384342776,-0.11161459860813405,-5.463037815708956,5.561390977024897
0.9450385476249689,-0.8524365855256467,0.132807592843875,-4.468035314322459,4.550563213393723
0.9475254911713503,-0.5929504112860552,0.3532865139768062,-3.1185474580179093,3.1940162490369626
0.9500124347177319,-0.2951407442177707,0.506726536253062,-1.4959771201402177,1.6068065799664453
0.9524993782641133,0.021838800220733368,0.6266464842762569,0.23208156410726488,0.668598984331676
0.9549863218104948,0.3388346063340258,0.6843159395021625,1.950706893956287,2.0948399895063217
0.9574732653568764,0.6175394449092094,0.6701580966839895,3.5354003599155117,3.65096186579107
0.9599602089032578,0.8483765064193844,0.6176917804738382,4.861663450414815,4.9736362288981875
0.9624471524496394,1.0169805777820953,0.5173401856570186,5.8720352982949855,5.9818633307443525
0.9649340959960209,1.099409639039511,0.36431491035517416,6.499478227687195,6.60186671635379
0.9674210395424023,1.0908752832809279,0.2064999892292465,6.710473383901217,6.801698623525713
0.9699079830887839,1.0105311199635507,0.03910702043256187,6.490655523468936,6.568965795907276
0.9723949266351654,0.8679539516709376,-0.1426523978656804,5.883120240712001,5.9485122119327665
0.9748818701815468,0.6775089840744251,-0.28610582763689507,4.9788471611060245,5.032871349613744
0.9773688137279284,0.44877301929313423,-0.4056184773211786,3.8017782615982814,3.849602774618581
0.9798557572743098,0.20089966585544655,-0.4868251354211677,2.452469970222026,2.508379624988908
0.9823427008206913,-0.03738066130042472,-0.5201489937442823,1.060209132898402,1.181522617224752
0.9848296443670729,-0.2564911607476922,-0.5199552606840401,-0.30317824632380486,0.654261597297812
0.9873165879134543,-0.4468550312892081,-0.47666712801700406,-1.5323473421773404,1.6658269258834837
0.9898035314598358,-0.5845302619959705,-0.4046498041059463,-2.5411069446949472,2.6386817912603537
0.9922904750062174,-0.6503632454876617,-0.303903287337445,-3.2815730724846457,3.3591742123909065
0.9947774185525988,-0.6539307945337369,-0.18400438272350828,-3.748957376045426,3.810008465122668
0.9972643620989803,-0.6048097221309007,-0.06889510522191378,-3.8666454580743324,3.914267292093689
0.9997513056453619,-0.5125768415024896,0.06057816010745798,-3.639425779710966,3.675843404982243
1.0022382491917432,-0.3724437561370201,0.1708965916962355,-3.1439128538917984,3.1705059579513355
1.0047251927381249,-0.19877568302961113,0.25727178791294447,-2.4232023722974443,2.4449151891482397
1.0072121362845063,-0.02509145268151558,0.3244921537815717,-1.5251784319101924,1.559517229153787
1.0096990798308878,0.14382052410369067,0.36776928770029826,-0.5551859715317722,0.6813002679543894
1.0121860233772693,0.3031718362988393,0.3871031914023666,0.4532561178705343,0.6687324962238452
1.0146729669236507,0.4481740726537935,0.36812865667476213,1.4378985234428363,1.550461502580229
1.0171599104700322,0.5453084017742006,0.3252108952409589,2.2742426872080124,2.3612079916322664
1.0196468540164139,0.5897864119658676,0.26313831219836104,2.933558115641553,3.003806418684898
1.0221337975627953,0.5959733045947896,0.18669931265882322,3.3966911199118677,3.4536287260249976
1.0246207411091768,0.5542922642049483,0.11025910838930209,3.6253343959633177,3.6691206668212706
1.0271076846555582,0.47432008840177536,0.009875684608539714,3.585969041124324,3.617215923788634
1.0295946282019397,0.360845171251247,-0.08572053692697335,3.302536990635941,3.3232977330635136
1.0320815717483214,0.21865590660081952,-0.16216434440748184,2.8229221944155576,2.83601787649734
1.0345685152947028,0.07648270468170904,-0.20987892932937857,2.161489777219151,2.1730018007619716
1.0370554588410843,-0.06567444441401427,-0.24801790309687988,1.3804888950918546,1.4041280576847655
1.0395424023874658,-0.1934503408498317,-0.2670044571783019,0.5469571054915079,0.6386520882105093
1.0420293459338472,-0.3020565916457384,-0.26205018634833444,-0.2912216493072979,0.49469034127128453
1.0445162894802287,-0.3771279973963093,-0.23794349200842335,-1.0622214123244422,1.152022986146477
1.0470032330266104,-0.4282413755122534,-0.2042611788665014,-1.7277350517124868,1.7916979973780482
1.0494901765729918,-0.4458199303368512,-0.15142643833556724,-2.2590322441480897,2.307577096569756
1.0519771201193733,-0.4154984631063088,-0.08422767177582102,-2.622594264866633,2.6566395976209938
1.0544640636657547,-0.3612190018318331,-0.021818490494841303,-2.7801139876550076,2.8035671916625944
1.0569510072121362,-0.27819315481459606,0.031012704174273154,-2.750745128010154,2.7649506285786543
1.0594379507585177,-0.17599774052785933,0.07905431755251158,-2.5440645966485578,2.5513701146080696
1.0619248943048993,-0.07378638429596429,0.11751794833363105,-2.1600724995001084,2.1645249136437914
1.0644118378512808,0.023652498307875247,0.13682679190439417,-1.6658065908272164,1.671583862599315
1.0668987813976623,0.12110729814203619,0.1465576569460767,-1.094785803491714,1.1111714899149392
1.0693857249440437,0.19942438925495531,0.1419221421921968,-0.4805290721910094,0.5392774524258235
1.0718726684904252,0.24902695212794856,0.127708653030016,0.10513743998500935,0.29896120857308234
1.0743596120368066,0.27949178031666666,0.10870559485983433,0.6382716013268865,0.7052114567126645
1.0768465555831883,0.29081886052983297,0.07533616313399571,1.0901428749875866,1.1307796580244196
1.0793334991295698,0.2734313726299905,0.03717716659900949,1.4080787057076982,1.434863233455411
1.0818204426759512,0.23211770623576078,-0.0009829893061144013,1.572925359665751,1.5899603085913054
1.0843073862223327,0.16687784744131956,-0.039144302449900525,1.599047924484216,1.6082085552496654
1.0867943297687142,0.09686539541867167,-0.0677299640475586,1.481657872712578,1.4863647952742494
1.0892812733150956,0.012503529215247777,-0.0819515686219856,1.2446970950367913,1.247454711095945
1.0917682168614773,-0.08620776568287292,-0.09617432396477676,0.8690118504809927,0.8785572694654084
1.0942551604078588,-0.15617287410804853,-0.11039822789410625,0.3929092361404827,0.4369844427137252
1.0967421039542402,-0.2117570209369078,-0.10546966493448773,-0.1117848294133914,0.26165002240483015
1.0992290475006217,-0.2625370279255567,-0.09096543951997127,-0.6163400592517618,0.6760735691161956
1.1017159910470031,-0.2989361037479058,-0.08603916271296308,-1.1016029748395582,1.1446810236129934
1.1042029345933846,-0.3113774572761838,-0.061960412360540396,-1.519689679466497,1.5524985460465508
1.1066898781397663,-0.2998611042208237,-0.03309439618047172,-1.861023504724887,1.8853170571608329
1.1091768216861477,-0.2739638671297096,-0.013806321878454764,-2.120816187261031,2.1384826665570364
1.1116637652325292,-0.23368576210621472,0.015057426093955772,-2.270337448846428,2.282382065546048
1.1141507087789106,-0.18381520876933866,0.03913164005495551,-2.309587432894986,2.3172210568728135
1.116637652325292,-0.12914062693269113,0.05841632229550653,-2.243354687854584,2.2478278456666203
1.1191245958716736,-0.06966203328340492,0.07291147511833929,-2.0764277638801847,2.0788749699531173
1.1216115394180552,-0.01016784802201054,0.08261710083788154,-1.8375372294287082,1.8394216591148396
1.1240984829644367,0.03497670181800927,0.0875332017801842,-1.5266832347289032,1.529590510655144
1.1265854265108182,0.06577159897254237,0.07808297364222216,-1.1773847549386751,1.1818027395323727
1.1290723700571996,0.07742842266636069,0.05426641877307459,-0.8327375735368037,0.8380882240092739
1.131559313603581,0.06994715525450934,0.040025556134787976,-0.5023186524333596,0.5087422512968269
1.1340462571499625,0.057692988863698225,0.01141837149761793,-0.21007016516602128,0.21814750620752896
1.1365332006963442,0.04066590547120319,-0.00282471283347574,-0.0038763035340050322,0.040947778932100526
1.1390201442427257,0.004500676905625056,-0.02185730774547512,0.1402047888152218,0.14196964746455554
1.1415070877891071,-0.04122590858982306,-0.0504678141533037,0.20301933670506855,0.21322154412871802
1.1439940313354886,-0.09172546627842076,-0.06471421303896818,0.1462599500383508,0.1843731637697513
1.14648097488187,-0.1374212082885341,-0.07896171193600399,0.01302209353072925,0.15902551795000766
1.1489679184282517,-0.1831015568940878,-0.08842190508579817,-0.1823291896496091,0.2731090383607322
1.1514548619746332,-0.2191897245918918,-0.08351798339860572,-0.43500566459366397,0.4942158608808649
1.1539418055210147,-0.2408973273821346,-0.0786151543754876,-0.7210654847230007,0.7642952950896356
1.1564287490673961,-0.2625895947285116,-0.07850181886620566,-1.0117784017436477,1.0482420355337392
1.1589156926137776,-0.2699013363543066,-0.06881276442867357,-1.3023561855607557,1.3318083803545158
1.161402636160159,-0.2628325721244298,-0.06391319853214217,-1.5975874143111106,1.6203244749991936
1.1638895797065407,-0.25096012872429724,-0.05901471535415759,-1.8400114245510792,1.8579843285981021
1.1663765232529222,-0.23428402637779694,-0.049328909061884474,-2.0392052008980937,2.053212165767304
1.1688634667993036,-0.2080158821667863,-0.030067373812170395,-2.1808037129377844,2.190908370645567
1.171350410345685,-0.16736731335062072,-0.020383720353192025,-2.2312883185370698,2.237649408212472
1.1738373538920666,-0.13628035728721866,-0.010701139501088086,-2.2193896202824703,2.2235955425361245
1.176324297438448,-0.1147550349088215,0.008557177938090188,-2.1451078023870362,2.1481921299532147
1.1788112409848297,-0.08842615736181253,0.013449217926118529,-2.0180198572457453,2.020001042328132
1.1812981845312112,-0.07165895588872162,0.013551789676902626,-1.83812597214712,1.8395721639675633
1.1837851280775926,-0.05008824198366618,0.03759531569546448,-1.6341567558285615,1.6353563961312483
1.186272071623974,-0.033290843914976054,0.04727257201224777,-1.4444196251879529,1.4455763660150682
1.1887590151703555,-0.04520880008375605,0.03779515790959964,-1.264126368753013,1.2654990263698758
1.191245958716737,-0.06190011585900673,0.028316689281076002,-1.0980655831975632,1.1001733882612341
1.1937329022631187,-0.08336481338149876,0.01883716874854846,-0.9749678832952142,0.9787067510208274
1.1962198458095001,-0.11439131828169397,0.00456819562307853,-0.8900450620684275,0.8973775429672092
1.1987067893558816,-0.15019124971799802,0.009451789147014722,-0.8385089140233983,0.8519060668328595
1.201193732902263,-0.1716110170556308,0.01912274200955988,-0.8251480417834536,0.8430215366738267
1.2036806764486445,-0.19780425638922505,0.02400425022949948,-0.8691162594021211,0.8916646231806608
1.206167619995026,-0.2287709906982509,0.01930791315513103,-0.9799905757541953,1.0065239640776094
1.2086545635414077,-0.24535762984621173,0.019398943425124493,-1.1338291779269891,1.1602350150932155
1.2111415070877891,-0.25714100378291105,0.01948894040595217,-1.2779598345331742,1.3037187784582562
1.2136284506341706,-0.26412113598114345,0.02436631011368684,-1.4650551886723449,1.4888721897450723
1.216115394180552,-0.26629805007647644,0.029242651932674057,-1.6711734317516953,1.6925100954379348
1.2186023377269335,-0.2588833665461093,0.03890637189671242,-1.8627959499630808,1.8811015534646898
1.221089281273315,-0.2514539159892874,0.038992262767102215,-2.0255577441975223,2.0414782985622457
1.2235762248196966,-0.23443291588427861,0.03907713391538037,-2.149882220076883,2.162979282066232
1.226063168366078,-0.21739719715003525,0.04873779472168538,-2.250134801227727,2.2611376644643215
1.2285501119124596,-0.20034678422348023,0.04403223133249412,-2.3071620894301645,2.3162630632656063
1.231037055458841,-0.17849329837897854,0.04411405978554939,-2.330541107774474,2.3377826594582403
1.2335239990052225,-0.16620197432905798,0.04419487952540724,-2.3154836707708615,2.3218615189656866
1.236010942551604,-0.15868443366106622,0.04427469332524048,-2.247624787662353,2.253654406529452
1.2384978860979856,-0.14157549147695103,0.0395651006461355,-2.1556950989407504,2.1607013621908164
1.240984829644367,-0.13881718959553924,0.030066104277645778,-2.0636368431360506,2.068519084539024
1.2434717731907485,-0.14562115006731569,0.025354513658023325,-1.9522966302464475,1.9578841904416606
1.24595871673713,-0.152410591775134,0.015853524952276654,-1.8312514915355784,1.8376513129508383
1.2484456602835114,-0.16876234703493498,0.0015631409739622626,-1.7148668629233708,1.7231516273210223
1.250932603829893,-0.18031123171207813,-0.0031514254945714804,-1.6127197783380094,1.622771442688949
1.2534195473762746,-0.18705727178299203,-0.012655381585075176,-1.5343872730286687,1.5457991089537846
1.255906490922656,-0.20336570333432075,-0.026948724460660323,-1.5038115935189484,1.517739487476266
1.2583934344690375,-0.2244481493198816,-0.04124304795649891,-1.5114161643961879,1.5285472785412777
1.260880378015419,-0.24551623284106017,-0.050749945900207205,-1.552412814866429,1.5725264148365994
1.2633673215618004,-0.26656998046626623,-0.05068101211192522,-1.6315901820671836,1.653999589387041
1.2658542651081819,-0.26366740230820135,-0.05061305036532904,-1.7250064844973547,1.7457747711160112
1.2683412086545636,-0.26075054182768587,-0.055334461106454125,-1.8230851518924869,1.8424690550183538
1.270828152200945,-0.2769730393093662,-0.05048003149283531,-1.9306148252171216,1.9510345720750113
1.2733150957473265,-0.2644508886967873,-0.045626565276390973,-2.0428073400556954,2.06035867862294
1.275802039293708,-0.2567029405212206,-0.04077405956131219,-2.164451339886165,2.180001955581776
1.2782889828400894,-0.2537292222133013,-0.031134108124447835,-2.276393452830227,2.2907018581609426
1.280775926386471,-0.23158774474278776,-0.021495111376321763,-2.3929991314894377,2.404275310075228
1.2832628699328525,-0.2142205524223934,-0.02143387304089428,-2.490326603132891,2.4996152596479906
1.285749813479234,-0.21599288306315523,-0.026161986874385423,-2.544434096252111,2.5537192964892297
1.2882367570256155,-0.21296274805170928,-0.026102643305977224,-2.5696870671159004,2.5786287253011073
1.290723700571997,-0.20034177219316385,-0.016467436078511977,-2.5421437466376844,2.550078985189592
1.2932106441183784,-0.20207200035086226,-0.021198378850130872,-2.476169593492868,2.4844915617345746
1.29569758766476,-0.20857665428144778,-0.0259302587099719,-2.419648890790869,2.42876045622731
1.2981845312111415,-0.210278955876184,-0.02108626606106201,-2.3630050829815232,2.372436488527626
1.300671474757523,-0.211967337121022,-0.01624320458132278,-2.287084809050473,2.296943821143801
1.3031584183039044,-0.21843023013479235,-0.006612667981463538,-2.215830339035005,2.2265802442765357
1.305645361850286,-0.2296676638480213,-0.011348266567553722,-2.1492419275319268,2.1615080110961067
1.3081323053966674,-0.2265260540411212,-0.011296384077036148,-2.0921082336117944,2.1043665371315234
1.310619248943049,-0.23773584982789403,-0.0016686142022397377,-2.0683715307721258,2.081989891396059
1.3131061924894305,-0.25372027388902657,-0.00640697055138828,-2.0588784637656428,2.074462714828093
1.315593136035812,-0.2553257423931052,-0.011146240164307208,-2.0540524851159923,2.0698905973528103
1.3180800795821934,-0.26649430151916514,-0.011098016715614278,-2.0586822584303732,2.075888970993678
1.3205670231285749,-0.2776491743308224,-0.0014738938741762908,-2.0919216583918043,2.1102671539922278
1.3230539666749563,-0.28400198733789694,-0.0014274819047428444,-2.144194140868601,2.162921098942747
1.325540910221338,-0.2759759638549117,-0.0061703744648933245,-2.2250767761097734,2.2421345779702313
1.3280278537677195,-0.277513150562716,0.0034510447542555056,-2.2962626022529005,2.312973712983008
1.330514797314101,-0.28382517434354676,0.0034947621842413845,-2.376905498363344,2.3937937862530614
1.3330017408604824,-0.2853352588817132,-0.0012508158161526062,-2.467005731301409,2.483452244915392
1.3354886844068639,-0.27725503130334506,-0.0012088795625180282,-2.5330447457537364,2.548173364934856
1.3379756279532453,-0.2691613288161343,-0.005956232646463722,-2.6037532306318028,2.617635227388063
1.340462571499627,-0.2610541821069061,-0.0011276620528812842,-2.6504010360563086,2.6632266538065372
1.3429495150460085,-0.2529336219813517,-0.010665181324070794,-2.6873536430760776,2.699251519620865
1.34543645859239,-0.24001127604284148,-0.010626770794205154,-2.714611323816495,2.725221638743897
1.3479234021387714,-0.22707557865248573,-0.02495444399564306,-2.7225975447920963,2.732164605876345
1.3504103456851528,-0.23806857756887725,-0.03449458457307175,-2.711312580180035,2.72196297392765
1.3528972892315343,-0.2442598841425244,-0.02488197948670301,-2.680756705171717,2.691976693106316
1.355384232777916,-0.24564952976028384,-0.020058642254539016,-2.6357185992853207,2.6472171379052223
1.3578711763242974,-0.2518143525632278,-0.020024569788378077,-2.5953521529987142,2.607616584091133
1.360358119870679,-0.2531775775238928,-0.010414549034518661,-2.559657644499449,2.5721692412508412
1.3628450634170604,-0.2449508330469564,-0.015170593497267237,-2.5430005629192465,2.554815633372604
1.3653320069634418,-0.2606529742105464,-0.015139086793699796,-2.516650768482444,2.5301581483016093
1.3678189505098233,-0.27155361303879705,-0.0007432191771719054,-2.490185348943548,2.504948101103548
1.370305894056205,-0.27286437826659204,0.004074995861043984,-2.4731813930169686,2.4881916681163117
1.3727928376025864,-0.2789505120183713,-0.0054728418848766225,-2.4656391837286336,2.481374603821763
1.3752797811489679,-0.2754468366041247,0.004132093945861559,-2.477135811689468,2.492406440280164
1.3777667246953493,-0.2910838043231976,0.013736193194672897,-2.4980947551657486,2.5150339699354696
1.3802536682417308,-0.31149623769778045,0.01376265234756513,-2.528516299993198,2.5476683449834683
1.3827406117881123,-0.30316534607360335,0.013788281175704409,-2.5779775395692415,2.5957787922473647
1.385227555334494,-0.29003317874403556,0.018601486133773992,-2.627325148282729,2.6433506568099547
1.3877144988808754,-0.2960417851054711,0.018625463719277313,-2.6574058014280144,2.673909729196268
1.3902014424272569,-0.3020375847736241,0.018648620394339677,-2.701738611720664,2.7186331123784977
1.3926883859736383,-0.2936554007857771,0.023459362624697278,-2.755535466203739,2.771237907797176
1.3951753295200198,-0.2900488795217744,0.028269290238997602,-2.7852778328806753,2.8004821212817848
1.3976622730664012,-0.30558326414064074,0.03786680970997658,-2.8244848271137624,2.841219731945476
1.400149216612783,-0.3019513613765753,0.04267511755282749,-2.8587915319288726,2.8750104022983196
1.4026361601591644,-0.3030952212255711,0.04748262024699912,-2.873833031210845,2.8901622106092613
1.4051231037055458,-0.3042264738585969,0.047500917634563766,-2.8839748296175927,2.9003656497828656
1.4076100472519273,-0.3053451528629047,0.05230681952170535,-2.8892172226895294,2.9057783510844635
1.4100969907983087,-0.31123969524114947,0.052323522436458436,-2.87040689352151,2.8877056001728723
1.4125839343446904,-0.3075449248089473,0.0619162395114512,-2.8610629625597905,2.878211037645152
1.4150708778910719,-0.31341448871743083,0.06193136064008442,-2.851608921188003,2.86944900191095
1.4175578214374533,-0.32406001760862757,0.047580485679582285,-2.8228914549616047,2.8418295100384285
1.4200447649838348,-0.33469314221612995,0.042805634411859916,-2.8084296867642102,2.828626721093193
1.4225317085302163,-0.34052549336423193,0.0428184066996975,-2.7986471103935777,2.8196128592587986
1.4250186520765977,-0.3319802986467294,0.042830402408548185,-2.7983324303976502,2.8182813473951227
1.4275055956229794,-0.3377880123088538,0.04284162472677844,-2.793120738824644,2.8137980751505824
1.4299925391693609,-0.34837186212139826,0.04285207684528469,-2.7830123384574748,2.805059167079088
1.4324794827157423,-0.34457826930171775,0.028496551996482822,-2.787161146126369,2.8085251452723563
1.4349664262621238,-0.3551376883565961,0.023717069977671645,-2.7912022561777032,2.8138044196409764
1.4374533698085052,-0.365684943995436,0.02851363398690676,-2.8142895869506592,2.8380916801271585
1.4399403133548867,-0.35227805437157056,0.023732633943235104,-2.846846637605445,2.868658021366634
1.4424272569012684,-0.34843587756576244,0.009374073049127851,-2.864931698076534,2.886057703626912
1.4449142004476498,-0.3445816418587686,-0.004985238850210294,-2.892487092229013,2.912944032971442
1.4474011439940313,-0.3407153822538994,-0.009768491907551802,-2.9390899346868338,2.958788948086028
1.4498880875404128,-0.3320487305152119,-0.009764086234637759,-2.9712217109032313,2.989734127336323
1.4523750310867942,-0.33773533508850884,-0.01933722858194553,-2.974517520317111,2.9936922960868957
1.4548619746331757,-0.3338332146160927,-0.024122705776254527,-3.006438512868794,3.025012239938147
1.4573489181795574,-0.32034240442026846,-0.03369732124415803,-3.0382545794220306,3.0552815999360403
1.4598358617259388,-0.32599335982278266,-0.038484265129314466,-3.0460240148422795,3.063660393762169
1.4623228052723203,-0.33642090633926924,-0.0336951308940896,-3.0489007445515295,3.0675902819957845
1.4648097488187017,-0.32768306292056654,-0.03848352860086601,-3.070827097958139,3.088500645499784
1.4672966923650832,-0.32851028511590386,-0.0432726483886805,-3.0687077586445035,3.0865448056832863
1.4697836359114647,-0.32453739866579195,-0.03848568039517053,-3.0616966540078607,3.0790894874769665
1.4722705794578463,-0.31097603602458657,-0.033699428037885504,-3.064159308768243,3.0800834430162314
1.4747575230042278,-0.3165566529611852,-0.028913888092493956,-3.052154021718712,3.0686622980954295
1.4772444665506093,-0.3221256721128519,-0.028917460653774985,-3.0256811088817486,3.0429175704919627
1.4797314100969907,-0.31331791950778365,-0.03371014249507276,-2.99910609686102,3.0156163337899375
1.4822183536433722,-0.31407544780643615,-0.038503527068359134,-2.9676408995915864,2.984462835660762
1.4847052971897536,-0.31003308317565925,-0.02893240118399598,-2.9456510448947952,2.962063077449816
1.4871922407361353,-0.31076766845189585,-0.01936197157329822,-2.9427136578691275,2.959140939851925
1.4896791842825168,-0.3114908365778195,-0.014580638326106232,-2.9588290575622693,2.9752157111982274
1.4921661278288982,-0.3217794305233485,-0.009799994890850705,-2.960478740361985,2.9779308947561356
1.4946530713752797,-0.3224798734019718,-0.0002316347152482301,-2.976393446394775,2.993812163470808
1.4971400149216612,-0.3183806049933277,-0.00024076452761612188,-2.992208286471458,3.009098984286149
1.4996269584680426,-0.323846871781407,-0.005038977774440401,-2.993558371962415,3.01102871358044
1.5021139020144243,-0.3340903070318197,0.00452734205924088,-3.018751251313482,3.0371855306163718
1.5046008455608058,-0.334745737431564,0.004516181606024183,-3.048633633671205,3.0669597547043543
1.5070877891071872,-0.3401784096506698,0.004504350741072027,-3.0640522287190723,3.0828813956891645
1.5095747326535687,-0.34559995713821834,-0.000296550621078584,-3.093737779873109,3.11298134734701
1.5120616761999501,-0.34622201340274134,0.004478690715600475,-3.1233254011884437,3.1424594353697115
1.5145486197463316,-0.3564098252926089,-0.00032353529486384147,-3.1480270138752022,3.1681385936111157
1.5170355632927133,-0.3665866231123788,-0.0003380154561511972,-3.158266136330118,3.179470215993375
1.5195225068390947,-0.3623872339031842,0.004435253467169442,-3.1684083040509154,3.189068102118253
1.5220094503854762,-0.362965308004389,0.009207871390196853,-3.1832422463866106,3.2038819889145005
1.5244963939318577,-0.3683208825293004,0.013979841548253269,-3.1931914832097767,3.214393808624004
1.5269833374782391,-0.3640887846846342,0.004385957215570002,-3.1934679381903184,3.214158887174583
1.5294702810246208,-0.3646342616524811,0.004368238228662946,-3.1936487454286304,3.214400338391896
1.5319572245710023,-0.3699573507066461,0.013926687822194417,-3.1841574262059904,3.2056077284718314
1.5344441681173837,-0.3704812825321234,0.009119292628921638,-3.169782712219307,3.191373056364468
1.5369311116637652,-0.37099449782580685,-0.0004771374766274761,-3.1601017389331165,3.181804542313261
1.5394180552101466,-0.3714970340144048,0.004291014020217698,-3.1503264322908944,3.1721577970008834
1.541904998756528,-0.37677733189422213,0.004270137071087365,-3.140457121988934,3.1629812403729103
1.5443919423029098,-0.38683542898969514,-0.005328168412060741,-3.1304941381486255,3.1543087336979516
1.5468788858492912,-0.37772934627130755,-0.010138689236689036,-3.1348030212700486,3.1574946134899124
1.5493658293956727,-0.3781895412797458,-0.010161422171934387,-3.148595698982408,3.1712435193917954
1.5518527729420541,-0.383427648359445,-0.010184767308046627,-3.167084099317943,3.1902260395094455
1.5543397164884356,-0.37429009193900514,-0.010208721415828403,-3.1806917473842677,3.2026547242553387
1.556826660034817,-0.3699305230537874,-0.015021684587321005,-3.198995781958603,3.220349089133602
1.5593136035811987,-0.37034897950134127,-0.015046846954620108,-3.241150148839848,3.2622751357826227
1.5618005471275802,-0.3707570958015072,-0.019861011932119865,-3.249694341075635,3.2708360696160153
1.5642874906739617,-0.37594331315652596,-0.019887369654086218,-3.2485707085253637,3.270311992833076
1.5667744342203431,-0.37154245952833587,-0.01991432021689965,-3.2473563914466563,3.2686027461977565
1.5692613777667246,-0.3575545728799338,-0.019941860397872713,-3.2316865138475066,3.2514674647253248
1.571748321313106,-0.35792170781517557,-0.019969986975623577,-3.2159266200024206,3.2358446771353737
1.5742352648594877,-0.358278692413889,-0.01521029340982416,-3.2048654478827086,3.2248655031637914
1.5767222084058692,-0.35383716143417915,-0.005662776481891729,-3.1937149291492446,3.2132612487191334
1.5792091519522506,-0.3398087496709783,-0.0009042396153522425,-3.1776869957858604,3.19580435058043
1.581696095498632,-0.3353471085567935,-0.0009346795946609809,-3.1615703867328016,3.179305878192462
1.5841830390450136,-0.3308754696374494,0.008611116755049775,-3.1645190511998145,3.181781506192112
1.586669982591395,-0.33118227445408455,0.022944749325724434,-3.1865333254167947,3.203779454710642
1.5891569261377767,-0.33147915794077365,0.03248941468726052,-3.198883125985997,3.21617587329017
1.5916438696841582,-0.32697775506434185,0.032456712728074155,-3.2111455963592714,3.227913247211822
1.5941308132305396,-0.32725491078448543,0.046788663256597474,-3.218532670307477,3.2354655778540553
1.596617756776921,-0.32273385681077904,0.06112005951684951,-3.2258330885149444,3.242513210299253
1.5991047003233025,-0.3277798414846773,0.06108569475087133,-3.233047188611417,3.250194641921481
1.601591643869684,-0.3328160965755814,0.05147397547992316,-3.24496371180558,3.2623926212561485
1.6040785874160657,-0.32826585388160023,0.056226921504413774,-3.2520061895967203,3.2690157837951563
1.6065655309624471,-0.32370595850999195,0.06097932606010348,-3.2589633636895545,3.2755680777007754
1.6090524745088286,-0.33350165891542677,0.05136598238053702,-3.2610471693856073,3.2784585496240672
1.61153941805521,-0.3576529936179358,0.04175210361886261,-3.258257945537123,3.2780945290909878
1.6140263616015915,-0.3530643712802366,0.04650290292590009,-3.26017283786034,3.2795645904556276
1.616513305147973,-0.33410104043349853,0.04167636688757881,-3.2476385723659913,3.265044673736503
1.6190002486943547,-0.33428186291404816,0.03684930532957198,-3.244597505157003,3.2619802583166577
1.6214871922407361,-0.34403007069850844,0.03202172143442272,-3.2462615726168114,3.2645974143892564
1.6239741357871176,-0.34898049246551255,0.027193618382110873,-3.2478427113242763,3.266651061026324
1.626461079333499,-0.3539215701964723,0.03194180599062024,-3.2541296646873707,3.2734753140078237
1.6289480228798805,-0.34448813261228833,0.036689480794011686,-3.2555459663346724,3.2739269586277566
1.631434966426262,-0.3398338316960021,0.03185983932361314,-3.2664571666709463,3.2842418461835146
1.6339219099726436,-0.3447471094888855,0.0366064980298364,-3.2724983963468155,3.29081089692061
1.636408853519025,-0.34965119808965606,0.02698744347743709,-3.273669996134691,3.2924002681969715
1.6388957970654066,-0.35933453957557115,0.01736788879076734,-3.269972306960957,3.2897023943184585
1.641382740611788,-0.35943196275945993,0.01732464377091203,-3.27577087986006,3.2954766478423205
1.6438696841581695,-0.3547319097514453,0.007704098294067485,-3.276700846084861,3.295855354177376
1.646356627704551,-0.364388032637853,-0.011493744485392199,-3.277550950302924,3.2977645422806616
1.6488435712509326,-0.3644583536366912,-0.021115268134961784,-3.283109937308465,3.3033447604719632
1.651330514797314,-0.36451971822187335,-0.03073727614719246,-3.2838013420546215,3.3041142018999943
1.6538174583436955,-0.36457216523963676,-0.04035976537724073,-3.2844139095685616,3.304832295850467
1.656304401890077,-0.3598273302280859,-0.0404059260429257,-3.2753711750228494,3.2953246699845855
1.6587913454364585,-0.3646504620179871,-0.04045256164665778,-3.275827093611504,3.296308468034037
1.6612782889828401,-0.3598879862085661,-0.05007647569424156,-3.2666283940589054,3.2867747231757574
1.6637652325292216,-0.35990515165111936,-0.05491245509336595,-3.266929031738103,3.287152627171829
1.666252176075603,-1.6384172804482526,-0.04538369007553733,-12.010777005070375,12.122096977409626
1.6687391196219845,-1.480399728890602,0.4812921711164142,-9.142670141651081,9.274246213591459
1.671226063168366,-1.255335885503049,0.9313531198843266,-5.915356586525693,6.118392792646031
1.6737130067147474,-0.9919562091297043,1.300010756025055,-2.6400828978833975,3.1054859191933564
1.6761999502611291,-0.7142027553005161,1.5537462594097207,0.35275075275155565,1.7460372584441999
1.6786868938075106,-0.4268639662696081,1.7021364397884828,2.804570243612739,3.30833727976959
1.681173837353892,-0.14909349425648052,1.7403928969468248,4.533415906020322,4.858297652751489
1.6836607809002735,0.0951666051951054,1.6493620207053752,5.424365717744841,5.670378752599793
1.686147724446655,0.2963394864992517,1.4625626374042962,5.424746899694533,5.626258569007924
1.6886346679930364,0.4592135140286424,1.1991483634188458,4.601596755765394,4.777397466364635
1.691121611539418,0.5598466322324722,0.8639076051593251,3.1225090595664415,3.2878302007477003
1.6936085550857995,0.5982388021606236,0.49993599559446666,1.135923971418416,1.3777332589963105
1.696095498632181,0.5743899848628434,0.12159874776701018,-1.1426807018741467,1.2846903504754892
1.6985824421785625,0.49308854470978886,-0.2471621186438484,-3.4595199269383077,3.5032133178982647
1.701069385724944,0.3639112493937631,-0.5632509706818827,-5.599115896951294,5.63912953219751
1.7035563292713254,0.20122326992944534,-0.8314562085982518,-7.384298031634067,7.433684661806178
1.706043272817707,0.014601374013978347,-1.027835812726565,-8.680991380565306,8.741640063940833
1.7085302163640885,-0.1815892673316092,-1.1428129733656942,-9.379063009893455,9.450175612000798
1.71101715991047,-0.37777188640239034,-1.181176090779906,-9.444994438854405,9.526059442685456
1.7135041034568514,-0.5595813121681921,-1.1381367585972797,-8.931458446405184,9.021055176976843
1.715991047003233,-0.7222291802337232,-1.018483377091023,-7.929435038014762,8.027132950206317
1.7184779905496144,-0.8561387228769893,-0.8413695564998394,-6.553846235696784,6.662865504013351
1.720964934095996,-0.9565215756891876,-0.6115836971060755,-4.957921287964052,5.086251236517126
1.7234518776423775,-1.009012567613032,-0.3674330224390001,-3.3044662499010986,3.4745662440533684
1.725938821188759,-1.0231885441842745,-0.11370593279025787,-1.770652386476792,2.0481830264499306
1.7284257647351404,-0.9846843343278231,0.14959757486398972,-0.46661331609423407,1.0998684736968656
1.7309127082815219,-0.9174419935211275,0.3793818736599839,0.5166709562129181,1.1191868899034476
1.7333996518279033,-0.8214615606293634,0.5756469666120414,1.045124795622927,1.4486042814333866
1.735886595374285,-0.6967430745063958,0.7288160500888066,1.1426898769843135,1.5239304123555315
1.7383735389206665,-0.5720169939158386,0.8197355138135083,0.8237310686121724,1.295261605750962
1.740860482467048,-0.4377065510460094,0.8675589740668732,0.1504972721372635,0.9833082056167923
1.7433474260134294,-0.29860018803272054,0.8627096272027237,-0.7908205940890412,1.207819185638638
1.7458343695598109,-0.17385155695853974,0.7956106695698306,-1.9092432082700572,2.0756758729906757
1.7483213131061923,-0.06824909993023451,0.6758389107931131,-3.0706956185951704,3.1449304849301334
1.750808256652574,0.008630337640673946,0.532124773773579,-4.165044889718281,4.198908214162313
1.7532952001989555,0.06636352364012929,0.3644682614852499,-5.110888506071545,5.12429727400687
1.755782143745337,0.09537361268980239,0.18723458685770167,-5.817247145298132,5.821040909149543
1.7582690872917184,0.10044896938985982,0.0052121561747595635,-6.226660308127352,6.227472661909652
1.7607560308380998,0.07680115171815863,-0.17681062428514238,-6.3343399316512,6.337272503488884
1.7632429743844813,0.0196417176715194,-0.3348917349676692,-6.1402863561147685,6.149443455005658
1.765729917930863,-0.04708735481171794,-0.4498775596442002,-5.697172358113524,5.715101041600874
1.7682168614772444,-0.13775131433539495,-0.5361333053337489,-5.04809390742332,5.078352729365465
1.770703805023626,-0.2331965862401757,-0.5840821624592529,-4.260088990236714,4.306261815667182
1.7731907485700074,-0.3238464024856905,-0.593724128089804,-3.4289260124774046,3.494984754147451
1.7756776921163888,-0.4144892049701808,-0.5698476026203794,-2.636008169911568,2.7285649457342114
1.7781646356627703,-0.4859714189673292,-0.5172409864515695,-1.948373448142096,2.0736117166778434
1.780651579209152,-0.5622350996100047,-0.42632747002866145,-1.4234830259228204,1.5887628344170506
1.7831385227555334,-0.6145498654832879,-0.3114722604042237,-1.1140096784736073,1.3098488729237865
1.7856254663019149,-0.6477041583895045,-0.201405774597478,-1.0247421475912049,1.2288943941145232
1.7881124098482963,-0.6569096134647244,-0.0961280097115429,-1.1173735449640994,1.2997286153267207
1.7905993533946778,-0.6421662691390545,0.01393784378527263,-1.4062694185730003,1.5460159954939017
1.7930862969410595,-0.6130509704562968,0.12400338545787726,-1.838757669677351,1.942225038397895
1.795573240487441,-0.5743521591123814,0.1957613916230776,-2.3717430059344426,2.448135578624314
1.7980601840338224,-0.5164930668140613,0.26273068839647706,-2.952553328112952,3.0088807982442822
1.8005471275802039,-0.4586273451611222,0.31054606868455803,-3.5141513267664806,3.557532494569739
1.8030340711265853,-0.3911782258019448,0.31526551874719333,-4.013441708790978,4.0447653951144735
1.8055210146729668,-0.3332993602766961,0.30561946136162543,-4.407329180816854,4.430467495288006
1.8080079582193485,-0.27541398017283203,0.28160789937714314,-4.662295255844901,4.67890509864649
1.81049490176573,-0.21273372036678367,0.23844243231663143,-4.7448214465994365,4.7555694705702845
1.8129818453121114,-0.1692006356247514,0.18091146633740207,-4.669273298726299,4.675839063948475
1.8154687888584928,-0.14002636075842395,0.11859181091089344,-4.473958374185569,4.4777198363974895
1.8179557324048743,-0.12042253054621174,0.046695065541400904,-4.154088604761837,4.156096022858617
1.8204426759512558,-0.11996598969353361,-0.02520196031212807,-3.7479715518243353,3.7499756973574163
1.8229296194976374,-0.12907996959003368,-0.09709926383770773,-3.341798809641551,3.345700104568381
1.825416563044019,-0.1477645082308091,-0.149843228948348,-2.9307823090876486,2.938328144781568
1.8279035065904004,-0.18559645021584606,-0.18822225616511057,-2.572383223885616,2.585929061396844
1.8303904501367818,-0.2234222201868586,-0.21223634269509395,-2.3001207108375343,2.320671678212491
1.8328773936831633,-0.2612418560298093,-0.22188548575185285,-2.0996298932171875,2.1274224227032237
1.8353643372295447,-0.31820900887434755,-0.23153489251637005,-1.9996415238505403,2.037996958704471
1.8378512807759264,-0.3703816999290732,-0.2172425436136347,-2.0240979519076348,2.0691422003609987
1.8403382243223079,-0.4081831603247328,-0.1837968395970706,-2.153845896334566,2.1998742954486756
1.8428251678686893,-0.4555554443948687,-0.1407745843469761,-2.3553668657702804,2.4031440487170936
1.8453121114150708,-0.4933449765501744,-0.0738105651487504,-2.6286611917441967,2.6755741302376377
1.8477990549614522,-0.5071865844810944,-0.006846795856892296,-2.930633575546393,2.9742054845304384
1.8502859985078337,-0.521022322399361,0.045751516307993345,-3.213400314784481,3.2556871847184436
1.8527729420542154,-0.5348522278733748,0.08877277739987077,-3.4769617399022863,3.518978609257626
1.8552598856005968,-0.515157515186984,0.13179379678622993,-3.706952971010267,3.7448974885311355
1.8577468291469783,-0.48109183510451475,0.17960298050748946,-3.8602787079197842,3.8942853371613952
1.8602337726933598,-0.4565972416670824,0.21304671799567254,-3.9034204567002657,3.9358050265394025
1.8627207162397412,-0.43209696562948574,0.2273366086369064,-3.860320562877382,3.891074988933866
1.8652076597861227,-0.3932258343815662,0.23204946177135266,-3.759709774904593,3.7873329799539146
1.8676946033325044,-0.35913749851002263,0.21760847345102308,-3.601588420915707,3.6259857065669494
1.8701815468788858,-0.33462039859484805,0.19359045300224098,-3.395533635282783,3.417469347775646
1.8726684904252673,-0.3053093618883488,0.16478380642402746,-3.1798529718919823,3.1987235629492172
1.8751554339716487,-0.2664160222364832,0.12640013306776154,-2.968911967615311,2.983520196344123
1.8776423775180302,-0.2370940300392642,0.07843943559812638,-2.7770761589074624,2.7882823236733825
1.8801293210644117,-0.2364970356485887,0.03047852331333445,-2.6378646950818574,2.6486203838627445
1.8826162646107933,-0.231106252844282,-0.012694197815821706,-2.53691269182152,2.5474491650839717
1.8851032081571748,-0.22092171859914725,-0.051078725145929926,-2.48858568429932,2.498894585613977
1.8875901517035563,-0.22988548643778256,-0.08467505604080161,-2.488095593969776,2.50012737409958
1.8900770952499377,-0.2436323832719885,-0.1134831878714122,-2.535442745165984,2.5496480318120516
1.8925640387963192,-0.25737404260332225,-0.1279263113753144,-2.635415865094714,2.6510419311925246
1.8950509823427006,-0.26632209788194994,-0.1327928272582639,-2.754496453948917,2.770525601687998
1.8975379258890823,-0.2944186024279698,-0.14723634619422077,-2.8783196247467178,2.8970821039967696
1.9000248694354638,-0.32729838294647795,-0.14252644566132,-3.0164625066468727,3.0375128103760423
1.9025118129818452,-0.34101945944896145,-0.12345152638721046,-3.144983405100607,3.1658261432757806
1.9049987565282267,-0.3499470784558163,-0.104376795747541,-3.2543058350496743,3.2747311250312814
1.9074857000746082,-0.37323488975369234,-0.07093704120344757,-3.3252765043205468,3.346909048201105
1.9099726436209896,-0.3821525098714876,-0.04228587346569235,-3.3578957335413726,3.379836148873372
1.9124595871673713,-0.3719115718845315,-0.008846483330585908,-3.3665290528172136,3.3870214556496845
1.9149465307137528,-0.3808193386952964,0.019804325116843824,-3.332023168522271,3.353773095423549
1.9174334742601342,-0.3753570233453909,0.0532433610653027,-3.2639552064594266,3.2858988633623283
1.9199204178065157,-0.36031306538221886,0.0675286104538122,-3.171902291933831,3.1930157794614864
1.9224073613528971,-0.35484111425690334,0.072236882456016,-3.065441549748389,3.0867559473463153
1.9248943048992788,-0.34936439944097225,0.07694498623798385,-2.973303717480613,2.9947472365607
1.9273812484456603,-0.3343061503477174,0.08165292431756521,-2.885912305634289,2.90635814001326
1.9298681919920417,-0.3288200162535444,0.07678389256435958,-2.7841140175569237,2.804515864102621
1.9323551355384232,-0.3137524198131336,0.05754949016063016,-2.711004799240179,2.729706860866131
1.9348420790848047,-0.2986802035432763,0.04310333288251966,-2.6809501762293646,2.6978809478400816
1.9373290226311861,-0.2836034032598923,0.02386861657659667,-2.6604316403379453,2.675611540210784
1.9398159661775678,-0.2780988613587909,-0.00015465627765332002,-2.6494495060884766,2.664004820926586
1.9423029097239493,-0.2773782102135982,-0.014601273247583535,-2.681522910708292,2.6958703584065797
1.9447898532703307,-0.27186467881590626,-0.029048038509860152,-2.732710151039285,2.74635375757059
1.9472767968167122,-0.2663467060560286,-0.043494949608330113,-2.7982231366586614,2.8112070540961875
1.9497637403630936,-0.2751895374022017,-0.04836519745403223,-2.8684853732730993,2.8820612086668316
1.952250683909475,-0.2840279983376107,-0.0580239895674155,-2.924343559394295,2.9386772433487627
1.9547376274558568,-0.28328531760208986,-0.06289451687522929,-2.9657980062565628,2.9799604200957583
1.9572245710022382,-0.29211514379321124,-0.06297677695273718,-2.9880606212111616,3.0029658019533816
1.9597115145486197,-0.31051751216268864,-0.05827076738311465,-3.0054969243236886,3.0220569765989316
1.9621984580950012,-0.32412724793622094,-0.043988082437154574,-2.9989536118465487,3.016739330843596
1.9646854016413826,-0.3377327895551917,-0.04407073631548242,-2.9732193960586137,2.9926642384402675
1.967172345187764,-0.3465457687543624,-0.03457671002358076,-2.957025005261116,2.977463081292043
1.9696592887341458,-0.350566220522324,-0.02508280781711658,-2.9168519240080233,2.9379501304155258
1.9721462322805272,-0.35458258310103874,-0.02516583395978067,-2.8622772661488955,2.884266505673547
1.9746331758269087,-0.35380648802445613,-0.010883769481118577,-2.798089741621739,2.8203906980372646
1.9771201193732901,-0.3626031800399234,-0.00139022530154298,-2.7338664630896865,2.7578087020146933
1.9796070629196716,-0.3570306772639923,0.003314800931688122,-2.6887613492574207,2.712364187507531
1.982094006466053,-0.34187741766633495,0.003231311563224093,-2.662774704945239,2.6846340047352495
1.9845809500124347,-0.34108545242868615,0.003147712249896628,-2.646330027725938,2.668222593711936
1.9870678935588162,-0.3307127994600183,-0.001724398000224614,-2.6490044278427174,2.6695689517233805
1.9895548371051976,-0.3251247031617248,-0.0018082102262986233,-2.666009804963183,2.6857620189417473
1.992041780651579,-0.31953279458343586,-0.006680528756915383,-2.6638276382146078,2.6829318892574943
1.9945287241979606,-0.31393710802414676,-0.01155294796792905,-2.6616118426254243,2.68008723350663
1.997015667744342,-0.3035492743911583,-0.006848658923105155,-2.7072467525199,2.7242198966203133
1.9995026112907237,-0.2883693278402775,-0.002144465975697063,-2.7528486351862824,2.767912042717462
2.001989554837105,-0.27797410909569953,-0.007017173487219086,-2.7696873705605523,2.7836104211426433
2.0044764983834864,-0.2771520554886492,-0.01188997254621027,-2.791282081105537,2.8050330282564575
2.006963441929868,-0.2667495876757102,-0.0023976509291920856,-2.803267855440044,2.815931774847992
2.0094503854762498,-0.26113194948215707,-0.007270626303813366,-2.8200102014602297,2.8320840900981326
2.011937329022631,-0.26508757801872823,-0.007355283142926883,-2.812778996531293,2.8252524148361564
2.0144242725690127,-0.2738281036812138,0.002136784111327561,-2.7911513439291937,2.8045520535247213
2.016911216115394,-0.26341154350942175,0.0020519644068821563,-2.76949274959488,2.7819920815614396
2.0193981596617756,-0.27214515763208136,0.001967066605164547,-2.733438298888581,2.746953183074753
2.0218851032081573,-0.27608696293832646,-0.002906310401734391,-2.7021418997503144,2.7162112038887734
2.0243720467545385,-0.2848137994835178,-0.0029913577692011195,-2.6660270395323806,2.6811989900257927
2.02685899030092,-0.29353729728575506,-0.0030764766219921746,-2.620305608238006,2.6366977623857037
2.0293459338473014,-0.29268068296608196,-0.003161664772999284,-2.5937083184398197,2.6101714157214935
2.031832877393683,-0.2966091996699748,-0.008035323363887681,-2.5766586554717303,2.593686837412684
2.0343198209400644,-0.3005344771841477,-0.012909046904180599,-2.550003297347404,2.567684644178672
2.036806764486446,-0.29487974189709476,-0.0034176232712677113,-2.5520497612412587,2.5690316709183807
2.0392937080328277,-0.29879864004089685,0.0012853364067639816,-2.558856320477293,2.5762429909126507
2.041780651579209,-0.2931375912064703,0.0011998342745576096,-2.560846457650788,2.577569721005274
2.0442675951255906,-0.29705024146817893,-0.0036741275317839772,-2.55802046130467,2.575212811715331
2.046754538671972,-0.2961714135787813,-0.003759740244080767,-2.555167022605957,2.572277231419846
2.0492414822183536,-0.29528954349249015,-0.0038454050636587134,-2.561863235342491,2.578828016412805
2.0517284257647352,-0.2944046637630422,-0.003931119880110856,-2.5733209826384655,2.5901101211022555
2.0542153693111165,-0.2887284035433305,-0.013593689232246575,-2.5799637435918577,2.5961051206852424
2.056702312857498,-0.2782607952256666,-0.013679497745607616,-2.5865802065525063,2.6015405750722778
2.0591892564038794,-0.27257867776173095,-0.008976946655918638,-2.5979590591580166,2.6122348658194583
2.061676199950261,-0.27647048670127783,-0.01385124384816283,-2.6236773916509506,2.6382401032569645
2.0641631434966428,-0.2803594475511527,-0.009148773973783886,-2.644581873633543,2.6594169297512398
2.066650087043024,-0.2698803824155733,-0.014023148255378981,-2.6415191739865005,2.6553070662426395
2.0691370305894057,-0.26897533987857564,-0.01889755800234827,-2.6384315907487714,2.652173846153819
2.071623974135787,-0.26806754519899595,-0.033348807814018055,-2.6113773880285667,2.625312212762233
2.0741109176821686,-0.2671570301929313,-0.04301168569684588,-2.5795104590863147,2.5936647995497957
2.07659786122855,-0.26145542327246196,-0.04788618962693514,-2.552407889808217,2.566210837298994
2.0790848047749315,-0.2605395627265631,-0.052760720909417635,-2.5300699587033293,2.5439965710176766
2.081571748321313,-0.2644094801192064,-0.062423680858155084,-2.507708540220934,2.5223820511187034
2.0840586918676944,-0.2586999969687154,-0.0672982608348085,-2.4805355080679554,2.4948970221492015
2.086545635414076,-0.2577763546302472,-0.05780765220978923,-2.4533395418467183,2.467522093365961
2.0890325789604574,-0.26163858441265336,-0.05310546628414414,-2.4165441104505163,2.4312466713922287
2.091519522506839,-0.2654983142187805,-0.053191701086439114,-2.389303101943618,2.4045972687489434
2.0940064660532207,-0.2597787685451477,-0.03412433805245474,-2.3859820003162753,2.4003248915235633
2.096493409599602,-0.25405678508319485,-0.0102685851892792,-2.3874274655600622,2.4009290279387976
2.0989803531459836,-0.2531207981173955,-0.0007780538330885989,-2.403216576829184,2.416510016315665
2.101467296692365,-0.24739403188432763,-0.0008643387273186143,-2.4189843959143307,2.431602365061039
2.1039542402387466,-0.24166492049423371,0.018202981977333277,-2.415577580521173,2.427704333288318
2.106441183785128,-0.23593349464946467,0.03248189359791276,-2.402573207509919,2.4143482981445974
2.1089281273315095,-0.23977659160511405,0.04197239804419217,-2.3799715463301343,2.392387731414036
2.111415070877891,-0.24840583856714515,0.046674497217094046,-2.362138075619697,2.375622078028625
2.1139020144242724,-0.24745605601242165,0.05137659632900471,-2.3442846599599942,2.35786866072547
2.116388957970654,-0.23692727428995708,0.046501890622509645,-2.331199969795236,2.34367025374886
2.1188759015170353,-0.2359731369409424,0.04162718861257941,-2.3276726747892447,2.3399735522330274
2.121362845063417,-0.23980527081564124,0.041540895484990514,-2.328914637182333,2.3415968058550933
2.1238497886097987,-0.24363530267466516,0.03187780313538946,-2.339714525070038,2.3525812236490005
2.12633673215618,-0.24746326250899753,0.022214720052099235,-2.3409189891584354,2.354067389409475
2.1288236757025616,-0.2417123735787824,0.02212845471453795,-2.34689350260547,2.3594117174882623
2.131310619248943,-0.2455362789755362,0.012465395671353185,-2.324119504573174,2.337086845181379
2.1337975627953245,-0.24456979845781313,0.0028023513841559655,-2.3061160799127833,2.3190501533005445
2.1362845063417057,-0.23881296165405552,-0.006860676334980109,-2.2928834894357824,2.3052968129204023
2.1387714498880874,-0.24263100806232285,-0.011735282362592692,-2.2844219931537335,2.29730088706942
2.141258393434469,-0.2608123704484614,-0.016609868224767954,-2.280731850275938,2.2956560616007993
2.1437453369808503,-0.2550498516036515,-0.026272835456525367,-2.2626597059258877,2.2771406705573978
2.146232280527232,-0.24928549739101968,-0.026358972320570384,-2.2733014475842808,2.287080568370968
2.1487192240736133,-0.24830774030006664,-0.01686827704949012,-2.2935037187586307,2.3069678325939464
2.151206167619995,-0.24732820608703532,-0.02653116780669329,-2.2849595488638474,2.298459328405768
2.1536931111663766,-0.2655005370168442,-0.03619402956141604,-2.2668228063450258,2.282605129736211
2.156180054712758,-0.26451753541752293,-0.041068457252784185,-2.2630357621518122,2.278812630626423
2.1586669982591395,-0.263532843367464,-0.041154449149201966,-2.26881026649405,2.2844350009503263
2.161153941805521,-0.2673348928904892,-0.041240406848348066,-2.2649929588006046,2.281087858792402
2.1636408853519025,-0.2567700993149814,-0.055691538597494095,-2.2707377042406556,2.28588760721819
2.166127828898284,-0.25578050775801964,-0.055777422770069585,-2.266891140596625,2.2819575439423256
2.1686147724446654,-0.2500009366798286,-0.055863267631292235,-2.253453518105866,2.2679669158245983
2.171101715991047,-0.253796624367919,-0.06073747481473202,-2.225636682857031,2.240883846045187
2.1735886595374283,-0.2432255824524806,-0.05603483268169018,-2.221748109991193,2.2357243234984163
2.17607560308381,-0.22786464571084025,-0.05133214620401105,-2.2178460306529697,2.2301117240358095
2.178562546630191,-0.22686745546567322,-0.04662941372189833,-2.1899886751526196,2.202201975721174
2.181049490176573,-0.2258688297019668,-0.041926633584544515,-2.1812719194484735,2.1933357602996164
2.1835364337229546,-0.2248687962699245,-0.027646997509506832,-2.1629655888559416,2.1747989494622497
2.186023377269336,-0.21429057628318526,-0.01815571382489445,-2.130281524451874,2.141109398057295
2.1885103208157175,-0.20371100404048204,0.0009124290540647451,-2.1263155996742498,2.1360517398022045
2.1909972643620987,-0.19791851042387087,-0.003961390499971795,-2.1079724273515748,2.117247076714852
2.1934842079084804,-0.20170152621882426,0.0007416523610275227,-2.0991942659510467,2.108862399951448
2.195971151454862,-0.20069486883278054,0.015021559233921344,-2.095192953170516,2.104836713057099
2.1984580950012433,-0.18532175889651242,0.03408992838624059,-2.0911803258585735,2.099652693374751
2.200945038547625,-0.184312643506075,0.02921634147499441,-2.072791413372176,2.081174905795956
2.2034319820940063,-0.19766754973828327,0.033919623312223646,-2.04960326081709,2.0593922714765216
2.205918925640388,-0.1966560846504774,0.04341137213848967,-2.0311929124446344,2.0411523241606244
2.208405869186769,-0.190855081764719,0.04811478286504256,-1.998406991728105,2.0080764923561407
2.210892812733151,-0.19941818114572257,0.04324145371444699,-1.9656109445251886,1.9761740357387583
2.2133797562795325,-0.19840339287723047,0.04315659618152612,-1.9567470224747474,1.967253239433846
2.2158666998259138,-0.19259914686651414,0.04307180847086167,-1.9670270564327232,1.9769028941243028
2.2183536433722955,-0.20115908288325418,0.03819868877804211,-1.9868744730721026,1.9973968779880324
2.2208405869186767,-0.20014121071561003,0.04290244857091485,-2.0067126982016603,2.0171249285663686
2.2233275304650584,-1.9133707519669179,0.11943233251146212,-23.3876091753191,23.466050256785902
2.22581447401144,-1.6106815463055137,0.5072085081042403,-17.670922533578292,17.751424131658492
2.2283014175578213,-1.1882813346676906,0.8423123244854467,-11.389195800678403,11.481954692842603
2.230788361104203,-0.6940541762497119,1.0912249598838577,-4.968597101104587,5.134144550531091
2.233275304650584,-0.1806725334685852,1.2300043991598955,1.1934358614515812,1.723323110069998
2.235762248196966,0.2991911313584155,1.2825926603681297,6.699465384171649,6.827693292703467
2.238249191743347,0.7120179692951608,1.2250477283510324,11.262187041478873,11.350972138217584
2.240736135289729,1.0147123248649494,1.0621580078639803,14.646968845195847,14.72044554651931
2.2432230788361105,1.1881205592928523,0.837019130215884,16.734100487709945,16.79709351705038
2.2457100223824917,1.2083006305839863,0.5639963067848623,17.47569771209169,17.5264968767961
2.2481969659288734,1.1039829333674338,0.23830113565862954,16.93400953865924,16.971630587654943
2.2506839094752547,0.8847442490916673,-0.07302873527907616,15.25268784505647,15.278500976247985
2.2531708530216363,0.5553729559856677,-0.3556280946771011,12.613691736372774,12.630919589729116
2.255657796568018,0.17811827222304263,-0.6047085378338499,9.26601796506483,9.287437077231427
2.2581447401143993,-0.2135010038430356,-0.8059048534158679,5.439509671196424,5.503029236197157
2.260631683660781,-0.5859660737588677,-0.9256982168177466,1.3975288189528197,1.7757703196133225
2.263118627207162,-0.9057581389686912,-0.9688770300051535,-2.5343133834224894,2.8603959220663806
2.265605570753544,-1.1393584008155988,-0.9402296949528621,-6.130962196527531,6.306414742151829
2.268092514299925,-1.267613270501926,-0.8445446136445323,-9.21524691327318,9.340282366212461
2.2705794578463068,-1.2905227724095074,-0.700975398033675,-11.614785228999931,11.707264900503063
2.2730664013926885,-1.2176637374589248,-0.5286756600827114,-13.190713661398677,13.25734248739528
2.2755533449390697,-1.049036189828139,-0.3084917852004634,-13.92866721359558,13.971521551219743
2.2780402884854514,-0.7990053635539744,-0.09788461192968878,-13.852588114385426,13.875957207884904
2.2805272320318326,-0.5058785091724067,0.09356905438124175,-13.024725818230554,13.034882081325549
2.2830141755782143,-0.19838607047670492,0.27065761833578383,-11.55521381190058,11.560085588699607
2.285501119124596,0.08995310552223212,0.4190158712474368,-9.582916001189671,9.592494198455759
2.287988062670977,0.34956218851740783,0.524278604420719,-7.25148469431614,7.278811170142805
2.290475006217359,0.5373455250625898,0.5768690124717128,-4.738091021839258,4.803230642191635
2.29296194976374,0.6437262850563268,0.5719986933278811,-2.219906113420304,2.3810815163790724
2.295448893310122,0.6734928484610313,0.5288212615094277,0.15941772542259258,0.8710100772846944
2.2979358368565035,0.6218567887014477,0.4473367182464454,2.2562281900729957,2.38272567678817
2.3004227804028847,0.5031832925867302,0.3466986780415202,3.9268729768155115,3.9741319524316348
2.3029097239492664,0.3270491437087604,0.21733033546643465,5.128256252566139,5.143268008678751
2.3053966674956476,0.10781952908311568,0.0783853050061265,5.80770537850278,5.809234981508557
2.3078836110420293,-0.13535196085114493,-0.04619439554307503,5.94606653995092,5.947786258181252
2.3103705545884106,-0.3593697189497308,-0.16598557163567706,5.600800376265683,5.614771826144589
2.3128574981347922,-0.5642337678478319,-0.2761998187741481,4.815002317747645,4.855810272713074
2.315344441681174,-0.7164253068347048,-0.3337415059071698,3.689228635448618,3.7729373885147446
2.317831385227555,-0.8063675516976572,-0.3577642451563152,2.3192471980063747,2.4813567758392914
2.320318328773937,-0.8388489280810721,-0.3578448420112501,0.7912490683270228,1.207392042058089
2.322805272320318,-0.7947158449239724,-0.32919489200946206,-0.7989978831341151,1.1740273286219287
2.3252922158666998,-0.7122755509052496,-0.28139120065812495,-2.3174185584495444,2.4406856092646514
2.3277791594130814,-0.5867396647169313,-0.21922217015277834,-3.6921871019471233,3.7449389033498703
2.3302661029594627,-0.42289661158784053,-0.13311099273685745,-4.837112447080721,4.857387868616538
2.3327530465058444,-0.23990002660341386,-0.042211280584257604,-5.685157139676653,5.690373056117613
2.3352399900522256,-0.06169194806537531,0.03432335412235776,-6.217167757851576,6.217568569655143
2.3377269335986073,0.0973623924693901,0.10606971911351337,-6.413990878810136,6.415606691049553
2.3402138771449885,0.2276861668686918,0.17302781547048296,-6.289991902086643,6.296489318963814
2.34270082069137,0.30533733714355454,0.21604403098454839,-5.873901436262979,5.885798501113528
2.345187764237752,0.3255274786907396,0.2255415600790096,-5.199238492327883,5.214299381010792
2.347674707784133,0.2978333769723401,0.23025082373101036,-4.356982920199802,4.373216245417136
2.350161651330515,0.23662022087522938,0.21580661302624993,-3.41896095560152,3.433927145278502
2.352648594876896,0.141887989429856,0.17263212236211833,-2.43305681673945,2.443296855623156
2.3551355384232777,0.008848258450909474,0.11509256272895962,-1.451943124225151,1.4565244335945162
2.3576224819696594,-0.11461495961891377,0.05276474178819468,-0.5426577077154793,0.5571338211663681
2.3601094255160406,-0.24286689539625872,-0.00956293612760506,0.232550007368296,0.33638561882725077
2.3625963690624223,-0.36633076279168353,-0.08146727665544695,0.8401610164437336,0.9201661146146165
2.3650833126088036,-0.4658529689703164,-0.1437946655189628,1.2705983324457257,1.3609246918709454
2.3675702561551852,-0.5270683243129726,-0.1869682950910181,1.4807661459840684,1.5828539228102632
2.3700571997015665,-0.5451884457362199,-0.21577656771386078,1.4850294884287614,1.5965909150567148
2.372544143247948,-0.520213353372257,-0.23979628905864825,1.321695408668763,1.440487051857529
2.37503108679433,-0.47608508385001513,-0.2542390548440756,1.0003405365883982,1.1366510868399542
2.377518030340711,-0.38886164049048777,-0.23995125083640145,0.5401183096300972,0.7074728027426783
2.3800049738870928,-0.2872734630332718,-0.21129808605255285,-0.011087413924194323,0.35678544600379514
2.382491917433474,-0.18568578115217732,-0.1826447695179234,-0.6149695815153908,0.6678517105941743
2.3849788609798557,-0.08888701777554492,-0.1396260903444957,-1.2380095429867168,1.2490252101379296
2.3874658045262374,0.0031228075935528232,-0.08224204761358944,-1.813169824021795,1.8150367260929376
2.3899527480726186,0.09034367555675932,-0.0344346570165901,-2.3212969825882883,2.3233095804671504
2.3924396916190003,0.12967993693795166,0.022949695629600697,-2.724083962455534,2.7272654819582867
2.3949266351653815,0.15465039579081674,0.07075739793714853,-3.026319336357111,3.031094205050387
2.397413578711763,0.155678226391134,0.09462324083014018,-3.2088496595068463,3.2140170200536726
2.3999005222581444,0.1183981997992587,0.12327764510713557,-3.262098292841266,3.2665732478633887
2.402387465804526,0.06196391042261823,0.13277859503488765,-3.171700193058343,3.175082958938338
2.404874409350908,-0.008836257187419039,0.13749130143431687,-2.9663859458208552,2.969583727894311
2.407361352897289,-0.09400232169492717,0.13262736183676926,-2.6940397491548556,2.6989399073744074
2.4098482964436707,-0.17916909169818285,0.10382156712466184,-2.340296557004436,2.3494400302938123
2.412335239990052,-0.25475977901092867,0.08459274137524542,-1.9530405655599612,1.9714020208008942
2.4148221835364336,-0.3064091920217632,0.06536407877468253,-1.5657907601332095,1.5968280309000173
2.4173091270828153,-0.343694155616036,0.03177037018055806,-1.1833357051965159,1.2326469162817733
2.4197960706291965,-0.3618262846133514,0.002965229684423143,-0.8296175775863954,0.9050924692342226
2.4222830141755782,-0.35601719372856133,-0.021051341911683785,-0.5381553598624773,0.6456025035386364
2.4247699577219595,-0.33105530421238,-0.045067747134223346,-0.3089492104255154,0.45505860161242434
2.427256901268341,-0.2869406338904905,-0.05950717855692389,-0.16115290004075788,0.3344342818384931
2.429743844814723,-0.23325000712449628,-0.06436963540231755,-0.08518977863512767,0.2565274140697382
2.432230788361104,-0.16998344153075762,-0.06923192354172247,-0.10500201846150148,0.2114541404487434
2.4347177319074857,-0.10192935794125041,-0.06451723557336031,-0.18707095101314586,0.22259292084275015
2.437204675453867,-0.038664580403713567,-0.055013974064515914,-0.3122431168286166,0.3194013949985435
2.4396916190002487,-0.004131142822254852,-0.04551054159059076,-0.5044606854140223,0.5065262667081264
2.44217856254663,0.025612954206659544,-0.036006937414768014,-0.7254165821964502,0.7267611304209676
2.4446655060930116,0.050567693589472607,-0.026503160808312387,-0.9703225549305614,0.972000704616392
2.4471524496393933,0.04679104173551274,-0.021787614370855746,-1.2104483338554388,1.2115482948112615
2.4496393931857745,0.033436595041280104,-0.012283490749146253,-1.4362172615773403,1.4366589409061754
2.452126336732156,0.010504336726378627,0.006797614081732739,-1.6380526797893307,1.6381004640779127
2.4546132802785374,-0.0315825565259405,0.00672528089650104,-1.7824359126699516,1.7827283780922472
2.457100223824919,-0.08324729464690467,0.011441526985321637,-1.8502134934461374,1.8521206742369527
2.459587167371301,-0.1349130874636263,0.006581143067891038,-1.8844811975969673,1.8893158117978974
2.462074110917682,-0.17221474137871867,0.006509339777819978,-1.870873959846211,1.8787947366019322
2.4645610544640637,-0.1999406759720283,-0.007927495501400816,-1.8093919239676044,1.8204225480948828
2.467047998010445,-0.22766771403970604,-0.017575748831711646,-1.7239772494259533,1.7390339420210683
2.4695349415568266,-0.23145385503175286,-0.022435419564190706,-1.5954764648933555,1.6123335216662462
2.472021885103208,-0.2256643248568218,-0.03687171701873382,-1.45262013133574,1.4705064287485647
2.4745088286495895,-0.21508754267912233,-0.05609623724186674,-1.3097735988491692,1.3285015314596906
2.4769957721959712,-0.1949351209185211,-0.0609553663270086,-1.1573602000201717,1.175243757967814
2.4794827157423525,-0.1604186718912004,-0.061025910297288544,-0.9953800731682048,1.0100692065790788
2.481969659288734,-0.11632661445039189,-0.06588467518364016,-0.8525637756277913,0.8629818440536619
2.4844566028351154,-0.08181257730674818,-0.06595485374353727,-0.7336998472256351,0.7411874299776167
2.486943546381497,-0.04729976914561146,-0.06602484870315939,-0.6483652302031828,0.6534324911908876
2.4894304899278787,-0.007999801869277012,-0.06609465947612314,-0.5869832526157719,0.5907468490754761
2.49191743347426,0.012145292801343965,-0.061375882163465345,-0.563919258216151,0.5673794469626371
2.4944043770206417,0.017923903170425748,-0.05186851619423871,-0.5839617832130148,0.5865347163897282
2.496891320567023,0.014124417645231535,-0.0471493676458179,-0.6231689429905245,0.6251096652197476
2.4993782641134046,0.015112031376668389,-0.03764162932199655,-0.6815408686324975,0.682746820839675
2.501865207659786,0.0017331163763802948,-0.028133703995159465,-0.7447124803606844,0.7452457228309493
2.5043521512061675,-0.026012341959906038,-0.018625591125010832,-0.8174723107777648,0.818098119706514
2.506839094752549,-0.053759148172788096,-0.013905693499178362,-0.9141856982275396,0.915870572279583
2.5093260382989304,-0.08150731666115824,-0.009185607272255591,-1.010910753592647,1.014232897208287
2.511812981845312,-0.11883366836199016,0.0003230713935957752,-1.0980707968188508,1.1044822406620574
2.5142999253916933,-0.14658460418793867,0.009831939688034641,-1.156512340314336,1.1658063760858002
2.516786868938075,-0.1551833315899414,0.009764191472880324,-1.2053891221537505,1.2153765431523935
2.5192738124844567,-0.15899507451826378,0.00011982724306491832,-1.2303360562743713,1.2405669105084212
2.521760756030838,-0.17238505682102917,-0.004735942553028227,-1.216988055719252,1.2291456238909937
2.5242476995772196,-0.1666228723615411,-0.0048031174354239425,-1.2132292758022079,1.224627097199249
2.526734643123601,-0.15128534146367567,-0.004870100251905818,-1.1855410144993836,1.1951646202421122
2.5292215866699825,-0.14073768766982742,-0.014513697177997997,-1.143500198778371,1.1522197918550952
2.5317085302163638,-0.11582631117851555,-0.028945504435689884,-1.0966837547163895,1.1031631041904442
2.5341954737627455,-0.09570483864916568,-0.029011908293429478,-1.0307265908996737,1.0355667106233921
2.536682417309127,-0.06600807339760656,-0.043443328230125644,-0.9504172283074368,0.9536966479887431
2.5391693608555084,-0.05067804520078406,-0.053086150528930176,-0.8844862036330472,0.8875259140219812
2.54165630440189,-0.04971476713289169,-0.05315197144123829,-0.8137800194805429,0.8170279127697662
2.5441432479482713,-0.048753042206089614,-0.053217597186683285,-0.747875597490637,0.7513500389942428
2.546630191494653,-0.03821607665188498,-0.048494624031239386,-0.705926665060538,0.7086216575282518
2.5491171350410347,-0.042045899843137724,-0.03898305156844817,-0.6687797221420162,0.6712330837731108
2.551604078587416,-0.06503092777073055,-0.034259686039713966,-0.6316464777658766,0.6359088146332772
2.5540910221337976,-0.07844075308280501,-0.02953612373271053,-0.6136806566837123,0.6193781419594204
2.556577965680179,-0.0870637915692265,-0.029600767582927734,-0.6148823694863061,0.6217207070292918
2.5590649092265605,-0.10047686223986452,-0.03924202053302128,-0.6160981126047655,0.6254697597616028
2.561551852772942,-0.1138915740434765,-0.03451786561091419,-0.6269048015148506,0.6381006220391954
2.5640387963193234,-0.1225195358287744,-0.015428302453227793,-0.6664561574568566,0.6778000287610241
2.566525739865705,-0.13114916298520696,-0.005915347305222252,-0.696445060952561,0.7087106724261164
2.5690126834120863,-0.139780467482147,-0.01076740313800073,-0.7216600215329212,0.7351514828515006
2.571499626958468,-0.12447144458779269,-0.010830856328155836,-0.7612547578174933,0.7714397282136457
2.5739865705048492,-0.12352933263493637,-0.010894109860877688,-0.7864989543516305,0.7962152867454265
2.576473514051231,-0.1225889333336111,-0.020533970048670636,-0.8117579246936604,0.8212189834659149
2.5789604575976126,-0.10249664497436439,-0.025385226609475176,-0.8513969815334317,0.8579200383050007
2.581447401143994,-0.07282928567059699,-0.01587107258850029,-0.8623205968498233,0.8655361387878813
2.5839343446903755,-0.06231728671808878,-0.030298734241027248,-0.8636824849198863,0.8664576690628935
2.5864212882367568,-0.05659544943109074,-0.035149388024564576,-0.8363291325936384,0.8389785112859781
2.5889082317831384,-0.03172176838466789,-0.030423033645704756,-0.8137794623813424,0.81496554832663
2.59139517532952,-0.011638271258607225,-0.04485009073978752,-0.8008219760095567,0.8021613411634265
2.5938821188759014,-0.005921775673513985,-0.05927694574587772,-0.7783031577428279,0.7805796750342302
2.596369062422283,-0.009783889190972395,-0.05454998510986586,-0.746223104267921,0.7482782548667577
2.5988560059686643,-0.004071009313708185,-0.05461122516725814,-0.7237355246951953,0.7258044287112961
2.601342949515046,-0.012725163329502465,-0.05946066565877439,-0.6964753040366443,0.6991247025211476
2.603829893061427,-0.016592748545732672,-0.0499446930506382,-0.6644425364104158,0.6665235748716853
2.606316836607809,-0.020462178773915318,-0.045216920378303715,-0.632425718401679,0.6343702073273566
2.6088037801541906,-0.03869867436893748,-0.04048894408236858,-0.6004249424234427,0.6030315526363548
2.611290723700572,-0.04257182570578999,-0.03097236061011266,-0.5828055099993268,0.5851785282725798
2.6137776672469535,-0.04644685294536638,-0.026243976376413514,-0.5652023018822128,0.567714451548951
2.6162646107933347,-0.05511216951119169,-0.035880597802774084,-0.5428270046182853,0.5467960547313547
2.6187515543397164,-0.06377938208961476,-0.04072861139544548,-0.6162361769547857,0.6208652471783103
2.621238497886098,-0.06287169395028247,-0.026422806987567604,-0.6178357908571996,0.6215883517999847
2.6237254414324793,-0.06675432486819621,-0.02169360430166245,-0.6002983701826814,0.6043880256922611
2.626212384978861,-0.06585047792077925,-0.04090621310584419,-0.587566018025349,0.5926579361243891
2.6286993285252422,-0.05537175940991612,-0.0361766000106849,-0.5844272233585155,0.588158105895878
2.631186272071624,-0.054471792143399644,-0.0362351847582425,-0.5669400543956495,0.5707023655390958
2.633673215618005,-0.048785375591361146,-0.045870370495475044,-0.5446814017560566,0.5487822274636134
2.636160159164387,-0.038312519089583,-0.04592854377421718,-0.5415933651852409,0.5448859086679372
2.6386471027107685,-0.046995248480312,-0.03640970443396707,-0.5241572037518765,0.5275177667166114
2.6411340462571498,-0.04610315298744916,-0.0412558689221747,-0.5163150155369447,0.5200084063789961
2.6436209898035314,-0.03563624166205359,-0.03652502048952799,-0.5228552845103955,0.5253395734018173
2.6461079333499127,-0.044324943382535786,-0.03179396563524506,-0.5198360738922023,0.5226902529953465
2.6485948768962944,-0.04343884708922724,-0.03663951086485495,-0.5216226726384274,0.5247090620556435
2.651081820442676,-0.0425547681908261,-0.03190804276830228,-0.518638352278856,0.5213585828809242
2.6535687639890573,-0.04646111868178254,-0.0175995612230464,-0.5108831901609108,0.5132933022097558
2.656055707535439,-0.045581100501873084,-0.027232889354975143,-0.5031456661310685,0.5059395500769424
2.65854265108182,-0.044703125458275594,-0.022500800491500605,-0.4858490492553482,0.48841985433725194
2.661029594628202,-0.04861560526483405,-0.022556907809976767,-0.4494166077819983,0.4526009042362735
2.663516538174583,-0.057318548221949206,-0.032189614532981636,-0.44652085230735494,0.45133408778790524
2.666003481720965,-0.06602355921678377,-0.022668500647043288,-0.4675850494494682,0.47276712000931154
2.6684904252673465,-0.06994224304378144,-0.01793558266823725,-0.46472523845146974,0.4703011266639917
2.6709773688137277,-0.06907460772518687,-0.0036256505562288766,-0.4618835075505583,0.46703406869472697
2.6734643123601094,-0.05384385455031726,0.001107682481078065,-0.4686367342142006,0.4717210789102665
2.6759512559064906,-0.04819200795858486,-0.003735583489016925,-0.46583137518102546,0.4683324613115442
2.6784381994528723,-0.042542269055338255,0.000998164876032881,-0.45825590298609953,0.4602274585583763
2.680925142999254,-0.02731783885425354,0.0009437176706126316,-0.44591038604090727,0.44674738645218703
2.6834120865456352,-0.02167233819943759,0.015254688225323054,-0.43358329527583805,0.4343925295146513
2.685899030092017,-0.016028967921881243,0.010412253341415045,-0.4116978908608182,0.41214135460001183
2.688385973638398,-0.010387735402186349,0.005570026337665013,-0.3994078520900217,0.39958173450666234
2.69087291718478,3.975539015665941e-05,0.005516410566035468,-0.39192484086031953,0.39196366317480363
2.6933598607311615,0.005676690615298852,-0.0041138039086150435,-0.38924892159507607,0.3893120485701284
2.6958468042775428,0.011311466484681454,-0.018532213745994675,-0.3818033512851322,0.382420176341311
2.6983337478239244,0.002578866018633774,-0.009008399010062451,-0.3552229828110587,0.35534654820309186
2.7008206913703057,0.0034208988898905557,-0.009061182934602119,-0.3478151047888609,0.34794993131868196
2.7033076349166874,0.004260751618683056,-0.01869056551695536,-0.3356377618844384,0.3361847683142332
2.7057945784630686,0.005098417455323467,-0.013954530158628575,-0.3186910145811659,0.3190371225222383
2.7082815220094503,0.00114548641903911,-0.01400669014961986,-0.3065517292209492,0.30687369094863415
2.710768465555832,-0.007598048061883578,-0.018847045504333693,-0.30879677136882044,0.30946467886723467
2.713255409102213,-1.4145575586803232,0.08165768012430563,-18.396860330017518,18.4513444243425
2.715742352648595,-1.1455781201905686,0.4934088294841228,-12.514196100239046,12.576203939890222
2.718229296194976,-0.7904096412419772,0.8381225402391572,-5.937232678662169,6.047968970985149
2.720716239741358,-0.37778254797421695,1.1062220057119747,0.7306910605328198,1.3785340784390834
2.7232031832877395,0.0444191202796968,1.2737652092586824,6.938908680459953,7.05499146295208
2.7256901268341207,0.43788813091468587,1.3311753441907839,12.17506097155996,12.255443014162317
2.7281770703805024,0.7595288480931359,1.2688756038143674,16.060864018013774,16.128802881000514
2.7306640139268836,0.9853992493454781,1.106019601351936,18.342532391090057,18.402249470034178
2.7331509574732653,1.1107109255704983,0.8665493533407798,18.92908637571235,18.98143560327132
2.7356379010196465,1.1115218544721246,0.5648300696723454,17.86840995385038,17.91185607689596
2.7381248445660282,1.0021972404033006,0.22001536355284612,15.323308787919792,15.35762345803579
2.74061178811241,0.8114674977641498,-0.12958753853531002,11.609817447343836,11.63886307122481
2.743098731658791,0.5441210244389265,-0.4504598134357174,7.1253733587402905,7.160302174783052
2.745585675205173,0.23367663831955038,-0.7234478479579378,2.2961443694025547,2.418731180836422
2.748072618751554,-0.07198163265575164,-0.9341864322371654,-2.485220495869898,2.655975632175042
2.7505595622979357,-0.34891177706510923,-1.0730987597341073,-6.811707001569126,6.904537106247129
2.7530465058443174,-0.5827485900426009,-1.1258196205944484,-10.314608138008621,10.392218568620741
2.7555334493906987,-0.7495500599966092,-1.082772208289241,-12.75929218772182,12.827071297811655
2.7580203929370803,-0.8301625785718054,-0.9583217328962963,-14.021260708874838,14.078469459314094
2.7605073364834616,-0.8341629572504191,-0.7668334044985463,-14.047841308697926,14.093463262940855
2.7629942800298433,-0.7615512007902037,-0.5322492398246692,-12.891706466733043,12.925143910576992
2.7654812235762245,-0.626692523826161,-0.2641460456472986,-10.715661938154906,10.737221587807177
2.767968167122606,-0.4247985276287394,0.003957354654086309,-7.78785835045496,7.799436334536135
2.770455110668988,-0.19417644326802586,0.2624841542967342,-4.40517675031657,4.417259854695754
2.772942054215369,0.022078094948430993,0.4874923365319366,-0.8597097803760878,0.9885530470987482
2.775428997761751,0.2287534859988108,0.6502514812857259,2.5564499174547635,2.6477521271307394
2.777915941308132,0.4114845156623853,0.7651267983620285,5.541632895346018,5.609316684854112
2.7804028848545137,0.5319639531989436,0.8081762709973801,7.865995755992486,7.925277519796899
2.7828898284008954,0.5949801978329052,0.7746114957046886,9.400251572533472,9.450859962564737
2.7853767719472766,0.600533245549926,0.683586085593658,10.04863224206555,10.089744300610759
2.7878637154936583,0.5486230924169545,0.535100040487837,9.791984115524214,9.821928134004125
2.7903506590400395,0.4440381379022688,0.3483069734873139,8.711710014281973,8.72997015966449
2.792837602586421,0.30114358819552656,0.13757209436709816,6.9706156168653965,6.978473731407719
2.7953245461328025,0.13909305288718382,-0.07795098378220944,4.712352989226073,4.7150497270232465
2.797811489679184,-0.01338305171146148,-0.2791086478747,2.181130667746105,2.198956964829945
2.800298433225566,-0.1562847291310402,-0.4515356881494439,-0.37884281049079327,0.6097796891441347
2.802785376771947,-0.2848235795021954,-0.5760784915298316,-2.7712429409047816,2.8447808944377972
2.8052723203183287,-0.3798459929152298,-0.6575254615454247,-4.799745218219126,4.859442032860526
2.80775926386471,-0.4221983593813168,-0.6910881950897358,-6.311120766345378,6.3628688243160045
2.8102462074110917,-0.4118806821140246,-0.6671898857405185,-7.214389951666832,7.256873322212847
2.8127331509574733,-0.3776233841701947,-0.5858305337206349,-7.466457173080713,7.498918558829666
2.8152200945038546,-0.2954844520049942,-0.470952155859111,-7.07211086199929,7.093931141397792
2.8177070380502363,-0.18461750187827963,-0.33691996234866917,-6.112753902275077,6.1248150137622925
2.8201939815966175,-0.06896455329250772,-0.1885223567458989,-4.698519596999697,4.702805885000364
2.822680925142999,0.05147439092882855,-0.020970935971269977,-2.963483265187331,2.964004462905272
2.825167868689381,0.15754571475832246,0.14658068644900846,-1.0896042583753527,1.1106502553676723
2.827654812235762,0.23967260888596092,0.2806136870232261,0.7842537024544214,0.8667415246822088
2.8301417557821438,0.29785507071908585,0.37633966217738424,2.48570807375288,2.531618812617949
2.832628699328525,0.3273046944210586,0.44812382161441366,3.866318329242789,3.9059391630601628
2.8351156428749067,0.3232330742312609,0.47202414847040464,4.849469993118094,4.883097954287729
2.837602586421288,0.290428611105524,0.45761744911947,5.353760186919175,5.381125407099163
2.8400895299676696,0.23367970607516747,0.41448052993149487,5.369612082653861,5.39065248675019
2.8425764735140513,0.162563163567022,0.32824818067060324,4.940121289513867,4.953682671040872
2.8450634170604325,0.07707898144228198,0.20370880437810923,4.151479047232382,4.157188560309819
2.847550360606814,-0.022772842363309675,0.08395803065357255,3.0419925629942437,3.0432361568851043
2.8500373041531954,-0.10826188991772034,-0.03100414079026148,1.7313719010832855,1.7350304185850602
2.852524247699577,-0.16502295317580573,-0.1651197268462936,0.3728459496760195,0.4398990809929837
2.855011191245959,-0.20263284062021325,-0.2800815012474085,-0.9330288389265693,0.9950118239033549
2.85749813479234,-0.230668360660085,-0.35194744769138264,-2.0856960117770713,2.1277224330463946
2.8599850783387217,-0.2156106917485865,-0.40944798640348123,-2.998964325247165,3.034455906430567
2.862472021885103,-0.18140185210970994,-0.43342950440974226,-3.6057961483483947,3.6362801914436993
2.8649589654314846,-0.14719545657452926,-0.3999499854198234,-3.853519059415426,3.877013752174662
2.867445908977866,-0.0938378933393007,-0.33773984967070936,-3.7421330726708746,3.75851482501521
2.8699328525242476,-0.02132916380951888,-0.28510632404388225,-3.319522234907618,3.331811581900257
2.8724197960706292,0.046388714079548865,-0.19895377897928768,-2.638358995608,2.6462563573224998
2.8749067396170105,0.09495052910458346,-0.08407061812393612,-1.7656810135885292,1.770229621703353
2.877393683163392,0.13872149003538198,0.0260243349496716,-0.7924679636407852,0.804938749970569
2.8798806267097734,0.1824899990719121,0.11696586994644464,0.1950888833859672,0.2916218217390094
2.882367570256155,0.19752563524250755,0.19833079316915914,1.125163467223679,1.1594586271497034
2.8848545138025368,0.19819360752855886,0.27011910427628205,1.940294938182877,1.9690072330233577
2.887341457348918,0.17970551170016924,0.29881197968041207,2.5447152206261254,2.5684933763243807
2.8898284008952997,0.15163815355801363,0.31792824227491945,2.9096938860132973,2.9309368821511095
2.892315344441681,0.11399153233148507,0.3131026817464364,3.030442523015415,3.0487061590222373
2.8948022879880626,0.07155405063936637,0.26039328113737836,2.897384317590074,2.9099416706939834
2.897289231534444,0.029114111169168844,0.19810726665069112,2.5296728762215483,2.5375852658107827
2.8997761750808255,-0.013328286643461862,0.13103304124359827,1.979980629238037,1.9843564682990429
2.902263118627207,-0.04140793333377668,0.049593797908953796,1.3344988308097037,1.3360618590344067
2.9047500621735884,-0.0694900392910901,-0.03184525376237346,0.6171694925386397,0.6218851728963067
2.90723700571997,-0.08320939491528223,-0.11328411414382655,-0.10975814681604845,0.17833660508154842
2.9097239492663514,-0.07777759717962951,-0.1851459769716315,-0.7553044279819563,0.7815453706221839
2.912210892812733,-0.05798304963109957,-0.24264243930575358,-1.2907389342624267,1.314627089260553
2.9146978363591147,-0.028614155750036563,-0.2809850982094333,-1.6681776350927615,1.691918442936518
2.917184779905496,-0.008824528911412277,-0.3001739540695816,-1.8588901126063542,1.8829908990109165
2.9196717234518776,0.015751040818022144,-0.30020900727640676,-1.8628763682777363,1.8869769227058355
2.922158666998259,0.04990095679658313,-0.271513451582742,-1.6992900162843867,1.7215679537338568
2.9246456105446406,0.07926000916673526,-0.2188756907056031,-1.3824962669080616,1.4019574333943567
2.927132554091022,0.0990397947766799,-0.1614493383261144,-0.9508023464590192,0.9694843329457798
2.9296194976374035,0.1140287171799963,-0.10881120148800782,-0.44251548067769164,0.46974714107739696
2.932106441183785,0.12901517999475848,-0.05138447395687873,0.08490349198192959,0.16276941906768194
2.9345933847301664,0.13921078026257666,0.010830843857920769,0.612300960193096,0.6280202340477394
2.937080328276548,0.1254619051279795,0.058681138262695054,1.072639279988044,1.0815448167317974
2.9395672718229293,0.10692216836154078,0.08737800552161934,1.4228228245599954,1.429507627130738
2.942054215369311,0.07880316719550706,0.11128665517708258,1.6724284041823338,1.6779783746807984
2.9445411589156927,0.055470112206294275,0.12083028016689878,1.7735719898387163,1.7785484230388144
2.947028102462074,0.04171140739232537,0.11122047674622815,1.7454071995485307,1.7494445198948583
2.9495150460084556,0.00879663357211169,0.08245724448757352,1.6118760552000602,1.6140077432459836
2.952001989554837,-0.024120595170725512,0.05848259956206858,1.37297856262588,1.3744352116390044
2.9544889331012185,-0.02830985805023467,0.02014292825516595,1.0574451481237617,1.058015797099458
2.9569758766476,-0.03728997738318829,-0.027773366549009637,0.6987946418521709,0.7003398130793423
2.9594628201939814,-0.03669574222217631,-0.07568947864886333,0.32096906786665613,0.33180810297906116
2.961949763740363,-0.01695034487938074,-0.10445179520496861,-0.061666355882557866,0.12247543084596572
2.9644367072867444,-0.006784204169042796,-0.14279073658384123,-0.3964391843508679,0.42142525644430073
2.966923650833126,0.017744697678125254,-0.16676428663129572,-0.6258885686435214,0.6479673617937628
2.9694105943795073,0.03748274860838818,-0.17158404247713266,-0.7595913058233386,0.7796313179692301
2.971897537925889,0.05721835322906155,-0.15725000457417337,-0.8023357891088381,0.8196000380488797
2.9743844814722706,0.0817399162066007,-0.15249259329978004,-0.7397567979157653,0.759720688789861
2.976871425018652,0.09668222898505707,-0.1429465991511627,-0.6053731443445791,0.6294901329679797
2.9793583685650336,0.10204529302795673,-0.11903521594845135,-0.38481960677658833,0.41553429969708167
2.981845312111415,0.11698272313827407,-0.08554684747531693,-0.11640339960352009,0.18588429752151742
2.9843322556577965,0.112764100973752,-0.056846704158612926,0.16156826329327245,0.2050648530239144
2.986819199204178,0.10375463813251956,-0.023357979826165387,0.4443069917822786,0.4568580995256486
2.9893061427505594,0.09953114294965204,0.0197077283713476,0.7078707829553821,0.7151055085344319
2.991793086296941,0.09051681053590799,0.04362000003862487,0.918740827766193,0.924218970805876
2.9942800298433223,0.08150004601960598,0.06753244798100244,1.0721287375893294,1.0773406698887749
2.996766973389704,0.062904044624427,0.08186826507951794,1.1536693176553747,1.1582798565789962
2.9992539169360852,0.04909401823159587,0.08183904753312055,1.1920930035714932,1.1959070120587791
3.001740860482467,0.04006996881706948,0.0865984081399418,1.139515778310889,1.143503867817177
3.0042278040288486,0.03583189841213852,0.07699273313327071,1.0198796751396237,1.023409183885924
3.00671474757523,0.036379809103124106,0.05781042534563374,0.8619151311295727,0.8646173888253297
3.0092016911216115,0.03692529971073699,0.03383988760726364,0.6656221639133992,0.6675039182242724
3.0116886346679927,0.03267996911007187,0.009869522746123849,0.4453660015646026,0.4466724339042125
3.0141755782143744,0.042797432831849225,-0.018889073052686722,0.25381909919630274,0.25809407675227447
3.016662521760756,0.04812407989803236,-0.04764749696565751,0.09098147587250516,0.11341886961640811
3.0191494653071373,0.05344831598556932,-0.06682894285115193,-0.03835844555092116,0.09377739828646761
3.021636408853519,0.06355854682450979,-0.08601021785094476,-0.12941224174936217,0.16788381328706392
3.0241233523999003,0.06887796823674619,-0.09561451582769376,-0.15344947233067252,0.19347622774891068
3.026610295946282,0.06940658273725475,-0.10521864392741476,-0.139200536283278,0.1877898454622605
3.029097239492663,0.06993279621346171,-0.10524579601695372,-0.09145381553366505,0.15598421055075232
3.031584183039045,0.07045661128429681,-0.10048437592614956,0.008944325050832092,0.12304976566230913
3.0340711265854265,0.06140122397955894,-0.09572278748687069,0.15720550445612247,0.19402714496108145
3.036558070131808,0.0523434436614687,-0.08138422457204841,0.32459932551853754,0.33871514614883175
3.0390450136781895,0.05286007974309603,-0.05746868769721347,0.48239539152363875,0.4886738706533541
3.0415319572245707,0.048585925086480075,-0.033552984020486676,0.6114401128439049,0.6142844670409265
3.0440189007709524,0.049097789205422515,-0.02400232402219915,0.7308871268580539,0.7329274839096619
3.046505844317334,0.049607271702674316,-0.004874691622096083,0.8215828448230091,0.8230935638988208
3.0489927878637153,0.05011437555085918,0.009464702695696658,0.8691620817539913,0.8706570826639513
3.051479731410097,0.0506191037718392,0.014227455085860097,0.8927784763436719,0.8943255123093675
3.0539666749564782,0.04154465279576702,0.02856717830279054,0.8972204577560898,0.8986359617042664
3.05645361850286,0.032467832382638395,0.03811866185691537,0.8537576323427132,0.855224699891686
3.0589405620492416,0.04733066230165783,0.014151485295955002,0.7671784301239484,0.7687673248632783
3.061427505595623,0.05261432252622311,0.009338084611201225,0.6662132981458075,0.668352919785209
3.0639144491420045,0.05310721963986231,-0.00026355733277583226,0.5508622639534746,0.5534163713591167
3.0664013926883857,0.0631745669140259,-0.02423024771215765,0.4307021621511904,0.43598449891100205
3.0688883362347674,0.08281636770620548,-0.048196777103230115,0.33925184436028566,0.3525241750363276
3.0713752797811487,0.08809060881898556,-0.07216314604485596,0.27172293605232944,0.2946198041308307
3.0738622233275303,0.08857410034347069,-0.09612935507751175,0.21853865978851061,0.2546475406938617
3.076349166873912,0.09384365241677489,-0.11051859810263709,0.2036410617793134,0.249981346640302
3.0788361104202933,0.09432246194044852,-0.12011927898417296,0.22703017203797238,0.27362029717434394
3.081323053966675,0.09001053250203028,-0.12971980158760177,0.2647640043776498,0.30826790442618895
3.083809997513056,0.0952730776950364,-0.12974335981897944,0.3072657829711307,0.3468754245193274
3.086296941059438,0.09574489123582469,-0.11540155090616455,0.3641123456683282,0.3937796368749914
3.0887838846058195,0.08184917020545979,-0.10105958535972492,0.4353037240716109,0.45431449310693905
3.091270828152201,0.0823163382915777,-0.07235225376981447,0.5208399501735457,0.532245321136867
3.0937577716985825,0.0875695926630623,-0.05322157329046551,0.6015674430729874,0.6102330358052233
3.0962447152449637,0.08324372721191131,-0.02930233451462838,0.6822746388549206,0.6879584491470038
3.0987316587913454,0.08370395579509637,-0.01495974795846644,0.7342311507440513,0.7391383693177226
3.1012186023377266,0.07458507239049961,-0.0006170075379494655,0.7765906255471577,0.780164286166397
3.1037055458841083,0.07504069426064419,0.013725886189034586,0.7997762905254255,0.8034062612610158
3.10619248943049,0.08985922874924956,0.02806893266330235,0.7989997766337424,0.804526686339886
3.108679432976871,0.08552185667935408,0.032835324683770484,0.7886263284788839,0.7939292364480962
3.111166376523253,0.08118219543891314,0.023236658368437357,0.7542907711135278,0.7590026736023093
3.113653320069634,0.086417055816432,0.013638143115326073,0.7055699465569347,0.710973175280172
3.116140263616016,0.08686123203969742,0.013616585000955528,0.6616175038311702,0.6674338966476987
3.1186272071623975,0.08251472833795637,0.00401837017879858,0.6320102856770653,0.6373867184788103
3.1211141507087787,0.07816595230097367,-0.01036809859724297,0.5880179086295794,0.5932811091183879
3.1236010942551604,0.08339171487870156,-0.0247544185744073,0.534428812819586,0.5414620165081939
3.1260880378015417,0.07903840713877919,-0.034352187001016166,0.5047618586508626,0.5120660860704033
3.1285749813479233,0.08425964675058051,-0.039161404446778736,0.48465187367225404,0.49347820855920604
3.1310619248943046,0.08947863150052293,-0.043970474802770276,0.4645220890982973,0.4751006203004095
3.1335488684406863,0.08511855921361666,-0.05835620528140106,0.4539493497674041,0.4655326282568129
3.136035811987068,0.08554464435470632,-0.06795338649451832,0.4768757108187227,0.4892299995735223
3.138522755533449,0.08118008482502947,-0.0679736156955757,0.5093591945252918,0.5202474484804157
3.141009699079831,0.07681328852439251,-0.06799370009991623,0.5513998400959323,0.5608611309451107
3.143496642626212,0.0724442600696007,-0.048860027001937034,0.5886324771099627,0.5950829069669811
3.1459835861725938,0.06807300411445116,-0.034514613579754716,0.6306339520769093,0.6352356837834816
3.1484705297189755,0.07327633199003747,-0.039322670371741975,0.672615901871227,0.6777372976936734
3.1509574732653567,0.07368903846224262,-0.029765374714017412,0.6906363504091875,0.6951939444700865
3.1534444168117384,0.08367633825485676,-0.02499634046696375,0.7086373551304899,0.7139982126776072
3.1559313603581196,0.0745078162445727,-0.020227164890225247,0.7361957638313967,0.7402329062966095
3.1584183039045013,0.07491389718722086,-0.015457848564542687,0.7493696013807298,0.7532634575947088
3.1609052474508825,0.08010618263152924,-0.010688392071431352,0.7481589095608125,0.752511126945039
3.163392190997264,0.08050787084066313,-0.01549560263377181,0.7469289404240911,0.7514149805608988
3.165879134543646,0.09527258003410277,-0.020302674193918513,0.74567973636848,0.7520155133481919
3.168366078090027,0.09566989526232383,-0.020321204015237182,0.7204693234939707,0.7270775242627108
3.170853021636409,0.09606503149241719,-0.03470480596333214,0.695239761404558,0.7027028103476308
3.17333996518279,0.10124639708433392,-0.044299867341960564,0.674779496721083,0.6837694643403082
3.1758269087291717,0.11600240043119098,-0.03474117877582783,0.6351465564378618,0.646586927306303
3.1783138522755534,0.12596783667771416,-0.039547564093363796,0.5954945977245778,0.609955507903764
3.1808007958219346,0.1119890976808453,-0.039565410600164164,0.5941308913220205,0.6058865370169797
3.1832877393683163,0.10279660853287143,-0.04915992884456166,0.6071134650939722,0.6177140121676638
3.1857746829146976,0.11275558439704275,-0.06833111941450642,0.6057119438682186,0.6198950900255414
3.1882616264610792,0.11792401390570056,-0.06356015965627249,0.6138683892775454,0.6283154990173095
3.190748570007461,0.11830190232401921,-0.06836587340100975,0.641159653272636,0.655556964514947
3.193235513553842,0.11867765826844284,-0.06838305127721789,0.6540669581974239,0.6682546027373808
3.195722457100224,0.11905128706574591,-0.058823290554476326,0.6765323665129142,0.689441390839882
3.198209400646605,0.10984598743240648,-0.05405180178404656,0.7037675210288405,0.7143363786663688
3.2006963441929868,0.11500378135710526,-0.05406858555666272,0.7214072581821647,0.7325146509309144
3.203183287739368,0.12015946429572383,-0.0540852391431339,0.7342400279562238,0.7459704609474571
3.2056702312857497,0.120524638374157,-0.04452495649432198,0.7518426839170758,0.7627424739488909
3.2081571748321314,0.1160993090676885,-0.03975294816299524,0.759850063288873,0.7696956964500637
3.2106441183785126,0.12124869184129955,-0.03498081142099796,0.7630506168339739,0.7734152482926658
3.2131310619248943,0.12160758226655238,-0.020631740220158346,0.7566559889283386,0.7666435666920779
3.2156180054712755,0.11717598590408301,-0.01585934843446246,0.7071474042775527,0.7169652585598832
3.218104949017657,0.12231911830329462,-0.006298426695965809,0.7198697841250681,0.730215134722372
3.220591892564039,0.12267177511923189,-0.0015257822385232878,0.7229971271088687,0.7333318063673635
3.22307883611042,0.11344555867477979,-0.006329818975888468,0.7356830951962561,0.7444055198269582
3.225565779656802,0.11858249124158676,-0.006345327540766554,0.7387741240327177,0.7482574936149787
3.228052723203183,0.11414056191477184,-0.011149115167592427,0.746635472743904,0.7553918849198429
3.2305396667495647,0.10011977641729541,-0.006375972489391035,0.7592671907298261,0.7658663653495933
3.233026610295946,0.11482736706058905,-0.011179513381504247,0.7527273110215269,0.7615173737369444
3.2355135538423276,0.11516770973643553,-0.015982931797510425,0.7509579000830922,0.7599057988803527
3.2380004973887093,0.09635240692447355,-0.015997825011392575,0.7491706046839663,0.7555106297384401
3.2404874409350906,0.09190028769189462,-0.01601259693782353,0.7377886684978439,0.743662682607086
3.2429743844814722,0.09702295456812682,-0.020815651491530307,0.750330965303112,0.7568641242342284
3.2454613280278535,0.09256680014610286,-0.025618585946636685,0.7676439325739253,0.773629195191569
3.247948271574235,0.0833202336444494,-0.02563299757727977,0.7657856046806835,0.7707314086213968
3.250435215120617,0.0836484709462385,-0.030435693618518833,0.7686980494107818,0.7738346653553488
3.252922158666998,0.08876311467681619,-0.04002667466474641,0.771592914840971,0.7777124477881482
3.2554091022133798,0.07951055752381375,-0.044829134669686965,0.7696818492565818,0.7750753054690958
3.257896045759761,0.07504441876026613,-0.04963147754792585,0.7629649044691824,0.7682515172795463
3.2603829893061427,0.0801531077208929,-0.0448568972530099,0.7562305358139483,0.7617882154548831
3.262869932852524,0.07089461384084017,-0.040082201019625785,0.7638440054673055,0.7681733487947603
3.2653568763989056,0.07599936310069988,-0.040095792762009363,0.7618633492412012,0.766693771140699
3.2678438199452873,0.09067895826057926,-0.049686076394240164,0.7838074429867063,0.7905981832385128
3.2703307634916685,0.0814145821801251,-0.054487842548979426,0.8200995328648464,0.825930083592035
3.27281770703805,0.08172506422444759,-0.05450109181961871,0.8084904287033261,0.8144360800191189
3.2753046505844314,0.09639881385759619,-0.054514228119652675,0.8064410235251902,0.8140096171452702
3.277791594130813,0.09670541732193516,-0.0497388487217143,0.8187397740149542,0.8259302079265715
3.280278537677195,0.10179849408315944,-0.05454016417943164,0.8166563137972549,0.8247818485946685
3.282765481223576,0.09731284038468868,-0.059341368444592923,0.8145559065592334,0.8224916484823097
3.2852524247699577,0.09761367241142316,-0.05935405878900957,0.8220154128448236,0.8299160634008838
3.287739368316339,0.09312418976601844,-0.06415504244511316,0.8103044668099724,0.8181572667421009
3.2902263118627206,0.10299801199202196,-0.05937911004344132,0.8033651393059866,0.812114533939633
3.292713255409102,0.11286993540951573,-0.05939147213605178,0.8107742913925868,0.8207447355085422
3.2952001989554836,0.10358635303669816,-0.073768935954317,0.8085899610540679,0.8185289937226993
3.2976871425018652,0.10866609443333275,-0.07378108216672752,0.8111774130014311,0.8217425165639062
3.3001740860482465,0.11374395597390319,-0.07858152464446855,0.8137482988260647,0.8254084064136715
3.302661029594628,0.10924313737075031,-0.0785934573364373,0.8163026735987486,0.8273216119038377
3.3051479731410094,-1.288684914576221,-0.2078921738004511,-15.624536409406334,15.678968906591018
3.307634916687391,-1.0920765216048305,0.32360887322645304,-11.154434593050087,11.212437956238771
3.3101218602337728,-0.8188555298502342,0.8024375884296724,-5.918204590353493,6.028231584417797
3.312608803780154,-0.502540756134558,1.209440357940133,-0.40426348430976056,1.3706648590143828
3.3150957473265357,-0.14313219402137578,1.5158867612490425,4.8989716422392355,5.130138657907764
3.317582690872917,0.21148612973844455,1.6786811678871438,9.579698159720312,9.72796554670294
3.3200696344192986,0.5277953983701565,1.7217655938698595,13.245267051978157,13.367129236339151
3.3225565779656803,0.796218811716094,1.6259864253305611,15.63710459596898,15.741563975563674
3.3250435215120615,1.0023911663130245,1.4057088716454564,16.640289168392943,16.729615330002677
3.327530465058443,1.112793645431258,1.1040285621132249,16.226090405850996,16.30163177789646
3.3300174086048244,1.1417914655585655,0.7448875127517707,14.509430044683599,14.573335423952987
3.332504352151206,1.0798078265951934,0.333074126298575,11.72493990436835,11.77926734041787
3.3349912956975873,0.9507847516974142,-0.09310437126599513,8.15034743439254,8.206145463572907
3.337478239243969,0.7882410706755439,-0.4905523506408733,4.144782940810073,4.247492344978294
3.3399651827903507,0.5538695635485317,-0.8401161991254369,0.10089555304158537,1.0113093661595245
3.342452126336732,0.2859774634733723,-1.113065497377821,-3.6557032458576177,3.832083523729816
3.3449390698831136,0.042025616900711826,-1.2902466326962525,-6.832920795961346,6.953798180098481
3.347426013429495,-0.17319756622966465,-1.3716596056592494,-9.153029647187644,9.256856874395387
3.3499129569758765,-0.3644804826065404,-1.3573044168445936,-10.4675892389921,10.561512475893315
3.3523999005222582,-0.5030927056647003,-1.2471810668292302,-10.747869093728855,10.831678214380368
3.3548868440686395,-0.5842458254288877,-1.0508663628300494,-10.022599573489627,10.094462120765682
3.357373787615021,-0.6079398352329743,-0.7875139187035181,-8.392337090065759,8.451099978624574
3.3598607311614024,-0.5645979217591575,-0.4858541549460127,-6.058194524873819,6.103814051422618
3.362347674707784,-0.4781620949211195,-0.15067547545143967,-3.2643803891136134,3.3026536925253636
3.3648346182541653,-0.36299755798147704,0.1701380860043753,-0.25989159720821675,0.4777633699952163
3.367321561800547,-0.19995069095049312,0.45743291556838717,2.67754451659205,2.723686800898578
3.3698085053469287,-0.032117116992572026,0.7064206093494483,5.289354231410746,5.336415442210279
3.37229544889331,0.13092636397957225,0.8931591501759679,7.393578279584776,7.448481372513175
3.3747823924396916,0.29396816202365583,1.0128601341587418,8.813045796860852,8.875926945914909
3.377269335986073,0.42827786396428313,1.0463699474485577,9.456777178835916,9.524124453504221
3.3797562795324545,0.5386438798769057,1.0032653961189766,9.339137694235395,9.40830333037084
3.382243223078836,0.6011241999237508,0.8787580762837153,8.503223031787988,8.569618894017255
3.3847301666252174,0.6157188308768453,0.7063668106199987,7.049589720143921,7.111594685596239
3.387217110171599,0.5920045861568396,0.48609159856390605,5.1554087411541225,5.212004773654134
3.3897040537179803,0.5299814725514884,0.2370860528338259,3.012216286703813,3.067659876123798
3.392190997264362,0.45837991677788653,-0.021496213850776158,0.8067601454289246,0.9281358562019464
3.3946779408107433,0.3628347156775317,-0.2609247821286722,-1.2742118939655267,1.3503135648999847
3.397164884357125,0.24813427938003702,-0.48598805587988547,-3.043952042709612,3.0924745834650573
3.3996518279035066,0.12385542134210015,-0.6631672124205568,-4.382750158451468,4.434369162398621
3.402138771449888,0.009151761667382075,-0.7828854456674168,-5.199626518700811,5.258242036056936
3.4046257149962695,-0.08639988617493388,-0.8451427561766207,-5.427543417509002,5.493628925181801
3.4071126585426508,-0.1627995153503513,-0.8547275478234571,-5.114384828557916,5.1878699904479095
3.4095996020890325,-0.2056819090578954,-0.797274611200782,-4.317611532114792,4.395420479957487
3.412086545635414,-0.21983546377241892,-0.6871491568220851,-3.0946843083941618,3.1776677868327248
3.4145734891817954,-0.19089496268245998,-0.5291395885591492,-1.589255197327077,1.6858711911617714
3.417060432728177,-0.14280241553415962,-0.3328227136025488,0.03587014792498522,0.3639370221402534
3.4195473762745583,-0.08513462210818357,-0.13171735574345034,1.6322512842046972,1.6397687704287556
3.42203431982094,-0.013103172219901094,0.05981127450964108,3.0897549949622114,3.0903616310352136
3.424521263367321,0.058926731038140834,0.23697477329010042,4.293459660368523,4.300398267372282
3.427008206913703,0.1357434978584693,0.3854079300919788,5.138020467274435,5.154242901912912
3.4294951504600846,0.21734713511685394,0.5146875510121811,5.5659766357707845,5.593946635628256
3.431982094006466,0.28458403641119057,0.5817180056255955,5.572539822506911,5.610043135776628
3.4344690375528475,0.332665805303291,0.6104413099926949,5.176863700765839,5.223334462512492
3.4369559810992287,0.3520156420375283,0.5960690602535297,4.431620767103443,4.485362411249857
3.4394429246456104,0.3617871667827018,0.5242360459088755,3.437367551306851,3.495884590294148
3.441929868191992,0.34282677314742765,0.41888428302339786,2.2850837765485803,2.348318995536217
3.4444168117383733,0.31907648462520366,0.2800137710616042,1.0753259726656115,1.1560897294389227
3.446903755284755,0.2761710981488501,0.12677812277066858,-0.07698412052243597,0.31348001958435795
3.4493906988311362,0.21889902393400373,-0.031245855741457884,-1.085655183098444,1.1079441604922116
3.451877642377518,0.1616254788382988,-0.19405816500588458,-1.8549190884867333,1.872032636373526
3.4543645859238996,0.0947736631188254,-0.3281399823102662,-2.3368917433003613,2.361719906152494
3.456851529470281,0.05186240691640176,-0.4382797115030881,-2.507631070740164,2.546172107636845
3.4593384730166625,0.01373810384895513,-0.5244773531111813,-2.3623486072775455,2.41990829820678
3.4618254165630438,-0.029176045824563568,-0.5675792943785374,-1.948928325898419,2.0301032280518174
3.4643123601094254,-0.052938018602933345,-0.572373939149236,-1.3008889896205753,1.4222259044704746
3.4667993036558067,-0.05275940426625547,-0.5292844813048756,-0.5092102013018796,0.7363563308606792
3.4692862472021884,-0.04779380919658138,-0.4670413412879939,0.3638588561254217,0.5939740144572891
3.47177319074857,-0.033252823174980684,-0.37127930965676414,1.2321269831275323,1.2872804584002913
3.4742601342949513,-0.004348035983378518,-0.2563635968897575,2.0237681901294753,2.0399458048210737
3.476747077841333,0.029343752634347853,-0.14623622010438364,2.6956869074759293,2.6998099916524168
3.479234021387714,0.05824574293297069,-0.026531969854160398,3.185633952223247,3.1862768538768975
3.481720964934096,0.11108836172825487,0.08838394338723043,3.44093694806139,3.443864025494354
3.4842079084804776,0.15435279267013557,0.1793579058274073,3.495114778436024,3.503115949755269
3.486694852026859,0.1736738326877889,0.24638991695682355,3.3242254869374097,3.3378654375727486
3.4891817955732405,0.19778190859099753,0.2942683795879626,2.9522111503449384,2.9734260103140633
3.4916687391196217,0.21710022062457418,0.3182048898942913,2.4317442653442,2.4620656022499237
3.4941556826660034,0.22684037235096427,0.31341104405095876,1.8059205219622925,1.8468979313178069
3.4966426262123846,0.22221396732970117,0.2750984382347954,1.151354433448713,1.2044397990010276
3.4991295697587663,0.2032210124374937,0.20805547526495172,0.51593009310929,0.5922581545741735
3.501616513305148,0.1794383211883125,0.13143576792321943,-0.033314792492664225,0.22490742006273529
3.5041034568515292,0.17001951373316282,0.05002771903215253,-0.4628613400618118,0.49563093915275036
3.506590400397911,0.15102258033644128,-0.04574547854483191,-0.7487674729709264,0.765214477880574
3.509077343944292,0.1224475278600542,-0.1319418087004931,-0.8670911146227418,0.8855783641326752
3.511564287490674,0.10344797644291936,-0.20856127192732998,-0.832197415013872,0.864148034502105
3.5140512310370555,0.08923552961791048,-0.28039227203642003,-0.6392979108931804,0.703764608968311
3.5165381745834368,0.06065658095229254,-0.3282811962354706,-0.3027577523264551,0.450677291649336
3.5190251181298184,0.04644155721151533,-0.3570164483320162,0.12953908734133535,0.38261983451601633
3.5215120616761997,0.04659046523404864,-0.35702122217082577,0.6097086347256475,0.7080815234067955
3.5239990052225814,0.056314908532703156,-0.3330839215558066,1.0994437230418086,1.1501707559567294
3.5264859487689626,0.07561489393504595,-0.29956975692967136,1.550860378820989,1.581337271441008
3.5289728923153443,0.09012521830193632,-0.25169032545205505,1.9208630318700841,1.9393775707956573
3.531459835861726,0.10942269508981362,-0.17508041764012816,2.1902981285506833,2.2000073569818777
3.533946779408107,0.11914212114736045,-0.09368205057171242,2.3352237118554235,2.340136952411682
3.536433722954489,0.12886030991841857,-0.00749522472120745,2.370005051288958,2.3735174532750056
3.53892066650087,0.1433656715199032,0.07390325279823262,2.285065399702029,2.2907508130435983
3.541407610047252,0.16265821274159564,0.13135976823470763,2.089981623172477,2.100413356480488
3.5438945535936335,0.17716113372562553,0.1696627244397706,1.8230610076439735,1.8394898599772531
3.5463814971400147,0.18687444124750618,0.19838892758716442,1.503457225721375,1.5279606843615336
3.5488684406863964,0.1917981420753222,0.20317316725100731,1.159900756590229,1.193078215513525
3.5513553842327776,0.19193224296950762,0.19838065292918916,0.8067568694139648,0.852671985991412
3.5538423277791593,0.19206515400296553,0.18401138416059304,0.49190965653501806,0.5592175990393004
3.5563292713255406,0.16825486531868133,0.15527695716572065,0.23930119362911562,0.33118830656044024
3.5588162148719222,0.15880861021543824,0.11696577480763759,0.058508346344495976,0.20572893269269998
3.561303158418304,0.13978437881953587,0.05950102999044482,-0.012161599817156699,0.15240718369552003
3.563790101964685,0.12554738781111208,0.0020363355420602858,0.008137800731741862,0.12582733029585888
3.566277045511067,0.11130924058021696,-0.06021671230918457,0.109829800147482,0.16756606004888805
3.568763989057448,0.1018583471484874,-0.10810450073141897,0.2785492471923554,0.315676082517569
3.5712509326038298,0.09719471420801529,-0.14641543349234754,0.49514258723293736,0.5254050564340401
3.5737378761502114,0.09731834844146592,-0.17514951103737353,0.7500330721993578,0.7763361524190489
3.5762248196965927,0.09744085320157314,-0.2038835404505024,1.024067147302107,1.0487024077986842
3.5787117632429744,0.0927738318312602,-0.20867550557157655,1.2597840311089783,1.2803156858897713
3.5811987067893556,0.11204771090563415,-0.19910221348058643,1.4619721852694099,1.4797158684806604
3.5836856503357373,0.12174367382556273,-0.1703752612945606,1.6162664580679351,1.6297749891482576
3.586172593882119,0.1266501305440183,-0.14164826273006215,1.7083016977033676,1.7188365763729458
3.5886595374285,0.14113229764403734,-0.1129212182203787,1.7380779622484273,1.7474508662094923
3.591146480974882,0.15082497177604332,-0.06982891823578363,1.7055953096870322,1.7136743011318187
3.593633424521263,0.16051656286076466,-0.02673657316639,1.6108537979126396,1.6190523059947417
3.596120368067645,0.15584186752656454,0.016355816560690517,1.4777955013282256,1.4860799925157042
3.598607311614026,0.16553131227331808,0.05465984720010386,1.3159972842821652,1.3274928122128946
3.6010942551604077,0.18000809702691756,0.07859871168825228,1.1350360110276174,1.1519059939091345
3.6035811987067894,0.18969542170160542,0.09774921624488897,0.9540653523613489,0.9776399945109778
3.6060681422531706,0.19459329284038945,0.1121113604511903,0.7826621723413609,0.8142454069718664
3.6085550857995523,0.18512491033365613,0.11210833724983571,0.6591337548473053,0.6937555898773534
3.6110420293459335,0.1804438939814612,0.09295174290591346,0.5786917537745264,0.6132570189333971
3.6135289728923152,0.1709734436496193,0.08337199692878894,0.5221826129542997,0.5557494845495436
3.616015916438697,0.15671356583202917,0.06421548562682577,0.5087600026757642,0.5362084581883452
3.618502859985078,0.14724107365049766,0.03548220859175144,0.548000786481234,0.5685453217469569
3.62098980353146,0.13297916693269518,0.0019605687377324266,0.6255398112037511,0.6395211943858574
3.623476747077841,0.1235046587744848,-0.03634943433924853,0.7222235202468177,0.7336085436481031
3.6259636906242227,0.12839436225850231,-0.06029418775981954,0.8428403735047585,0.8546931592957935
3.628450634170604,0.12370626721180511,-0.0698736919237386,0.9873904274394523,0.9975597373438827
3.6309375777169857,0.12380559001038394,-0.08424156050984255,1.1223549151567926,1.1323007640249847
3.6334245212633673,0.1286923370555676,-0.09382098727296473,1.247733892889789,1.2578568927885259
3.6359114648097486,0.12400130477385829,-0.10340037592670903,1.3491622067938067,1.3587886596406884
3.6383984083561303,0.12409770949957333,-0.09861451690127643,1.426639912867186,1.4354185819587277
3.6408853519025115,0.1241931542715663,-0.0794634105856522,1.4658018570277154,1.473198376748944
3.643372295448893,0.1290760487549366,-0.07467747728849439,1.4570712883926493,1.4646822493068508
3.645859238995275,0.13874639927993582,-0.0603147007928766,1.4148134725583112,1.4228793302938199
3.648346182541656,0.143627405521484,-0.04116348480159715,1.3294516583959215,1.3378209805910168
3.650833126088038,0.14850747710060075,-0.01722382969490388,1.239293127854367,1.2482782493543678
3.653320069634419,0.14859821698266096,0.006715860828784503,1.1443379361936667,1.1539652703132266
3.6558070131808007,0.15347643807881522,0.02586718307324798,1.04458613854586,1.056117573496273
3.658293956727182,0.14877693668333392,0.04023013666476727,0.954402999874608,0.966766842084788
3.6607809002735636,0.13449971903595748,0.04022791459119368,0.8785769783723119,0.8897224097767402
3.6632678438199453,0.13458680796235767,0.04501412976444774,0.8123197254586643,0.8246230757898949
3.6657547873663265,0.13946140303025878,0.04022357185646941,0.7556312957404678,0.7694453026502139
3.668241730912708,0.13954670379146317,0.03064464382264198,0.7420305669318648,0.7556598037445842
3.6707286744590895,0.13963111974263653,0.02106574862056476,0.7523639800876953,0.7655012566279205
3.673215618005471,0.13013785040329773,0.001910079249102914,0.7914199927270325,0.8020505678561578
3.675702561551853,0.12543211187816883,-0.022033961329726903,0.8687754655506819,0.8780600888805398
3.678189505098234,0.12072550697421935,-0.050766373472006965,0.9509116292367743,0.9598879097724994
3.6806764486446157,0.11601804180208697,-0.08428715753159466,1.033040134244164,1.0429460340341425
3.683163392190997,0.1256749324165568,-0.11301950721952769,1.1151610342096756,1.1278970386828953
3.6856503357373787,0.13533097493361645,-0.13217501956490096,1.1733323660248303,1.188483718750447
3.68813727928376,0.13062096545218826,-0.14175369491491452,1.2123425863581492,1.22757097283019
3.6906242228301416,0.11633331333523667,-0.15612074357548877,1.256133765013299,1.271133022925848
3.6931111663765233,0.11162163788932744,-0.165699359248749,1.271187131802808,1.2867915106036376
3.6955981099229045,0.1212743484426112,-0.15612433231428158,1.2575027396328533,1.272947530307079
3.698085053469286,0.12613783770407383,-0.1465492763916263,1.2294458512207598,1.2445579719705737
3.7005719970156674,0.1310005149665121,-0.13697419181685344,1.2061701324532255,1.2209707009456054
3.703058940562049,0.12628557954391884,-0.11782227228316966,1.1589452158616762,1.171744062846226
3.7055458841084308,0.1311466506541571,-0.09867032476279647,1.0973479603867329,1.1095529834719573
3.708032827654812,0.13121852425477032,-0.07472994626480389,1.0453204347755278,1.0561712348552381
3.7105197712011937,0.1265012062459795,-0.05078954043662609,0.9789206744164183,0.9883662374845403
3.713006714747575,0.12657150915024384,-0.036425914243793045,0.9268791510645009,0.9361902343194551
3.7154936582939566,0.11706422886994883,-0.026850664688657044,0.898772723035739,0.906762041303128
3.7179806018403383,0.11234458121072033,-0.007698582130709841,0.8754478285652514,0.8826604520617479
3.7204675453867195,0.11720097531879647,0.0018767198305966737,0.8808465356108641,0.8886113942498493
3.722954488933101,0.11247980371998145,0.001875240879315232,0.9053920887270603,0.912354129218907
3.7254414324794825,0.10296947552263347,0.006662190662652279,0.9442961356263737,0.949916990811689
3.727928376025864,0.10303520645662079,0.0066607622284955426,0.9736167105767493,0.9790761556882653
3.7304153195722454,0.09831179231069764,0.01144776190821517,1.0029306709239272,1.0078026545112728
3.732902263118627,0.08879923881520968,0.006657979433856376,1.0418148738481712,1.0456136307812667
3.7353892066650087,0.09843956828259126,-0.00292018217906298,1.0806925630820707,1.0851706280435889
3.73787615021139,0.11286757644318068,-0.017286723233081336,1.1099869821906356,1.1158445327396505
3.7403630937577717,0.10814125236702588,-0.026864837387912566,1.1488517944922876,1.1542429101621274
3.742850037304153,0.10820261830746969,-0.03644292826196338,1.1829218398937105,1.1884191065976766
3.7453369808505346,0.12741688985732047,-0.04602099615108912,1.1930435548107052,1.2007105894356955
3.7478239243969163,0.1274768460659328,-0.0508106380286204,1.2031590053704022,1.210959809169441
3.7503108679432975,0.12274770248594913,-0.04602345086564874,1.1989030309649262,1.2060487693920379
3.752797811489679,0.1371714812904058,-0.03165943495135615,1.1754872774535663,1.1838871038051055
3.7552847550360604,0.1468061714288681,-0.03644901049457516,1.1520654071227696,1.1619532196369133
3.757771698582442,0.1516517784320217,-0.03166175785816794,1.1286374688023564,1.139220463649093
3.7602586421288233,0.14691990448967895,-0.01729767732464671,1.1052035111458895,1.1150602983808933
3.762745585675205,0.15176416837256934,0.0018548275053786867,1.072186775989083,1.0828759327793542
3.7652325292215867,0.161396172229111,0.011430546392894314,1.0295873116301468,1.0422233033620203
3.767719472767968,0.17581592150716308,0.016217882382339344,1.006135586110199,1.0215101935867767
3.7702064163143496,0.17586980835241695,0.030582045161002824,0.9922548407278811,1.0081840704574032
3.772693359860731,0.18071145145199907,0.04494622781680846,0.9735799132807852,0.9912288533051637
3.7751803034071125,0.18555245287033845,0.040156816799265194,0.959687657986402,0.9782855838624396
3.777667246953494,0.18560441465063116,0.03057902180226657,0.9649433322000327,0.9831071709989149
3.7801541904998754,0.16650213217413062,0.030578052521912813,0.9893469831327,1.0037257744764452
3.782641134046257,0.16176443400378443,0.030577102054933025,1.0137450445299905,1.027025660140853
3.7851280775926384,0.16660292211854077,0.016210960179939615,1.0381375632337484,1.051545970980488
3.78761502113902,0.17622919847575258,0.0018448365996102112,1.067312989220298,1.0817657559637637
3.7901019646854013,0.18106646169077711,-0.007732865621816742,1.0916945623184393,1.106635386274807
3.792588908231783,0.18111471699782822,-0.007733743417922323,1.111282328810148,1.1259710324098768
3.7950758517781646,0.16679716296864144,-0.0077346036810461705,1.1356531414298736,1.1478628730419111
3.797562795324546,0.1668442247155153,-0.02210065662165528,1.150441836121523,1.162687340880037
3.8000497388709276,0.16210229412560517,-0.036466692526182065,1.1604368619205623,1.1722715913680692
3.802536682417309,0.16214818298583727,-0.046044308319516336,1.1608498610313678,1.1730236619228007
3.8050236259636905,0.166981896420338,-0.05083350424468458,1.1468924754671193,1.1600988531883927
3.807510569510072,0.1622382295700347,-0.05562268386287217,1.1329299603303387,1.1458383049576546
3.8099975130564534,0.14312878419414354,-0.0508350407721716,1.1141739572496565,1.12447928271203
3.812484456602835,0.13838398527166096,-0.05562418849039563,1.1145665275822587,1.1245010992131828
3.8149714001492163,0.13842703119659105,-0.06999012725196563,1.0958004893272388,1.1067246149284222
3.817458343695598,0.13368112034038593,-0.06041403404697521,1.0674526934921342,1.0774858469088595
3.8199452872419792,0.12893466101279794,-0.05083792570712298,1.0582536041703392,1.0672906503104957
3.822432230788361,0.11939925486025604,-0.05562701242135937,1.0634148620170425,1.0715417468912893
3.8249191743347426,0.10507490682673215,-0.05562768113432126,1.1068785274126203,1.1132453680119936
3.827406117881124,0.09553842847397309,-0.046051528749463166,1.0880881742120323,1.0932448076599828
3.8298930614275055,0.0955782280205224,-0.04126376544937571,1.08844670224412,1.093413974502203
3.8323800049738868,0.10998271366193824,-0.046052794773913774,1.0983773480532601,1.1048302385106252
3.8348669485202684,0.1100214703285669,-0.05084181029989443,1.0987265413440443,1.1053911643674723
3.83735389206665,0.09569450284951475,-0.055630812242657424,1.1182247448244258,1.1236898171132663
3.8398408356130314,0.09573223595261116,-0.05084299417482985,1.1185647745176635,1.1238046208522634
3.842327779159413,0.09576946445964751,-0.05084356626850495,1.1189002860898558,1.1241417654218477
3.8448147227057943,0.10059459645038837,-0.06042093205308108,1.1096545150837542,1.1158418815902822
3.847301666252176,0.11499603998123775,-0.06999828509492412,1.086039100160443,1.0943513038347885
3.8497886097985576,0.11503178316335805,-0.07478722227866541,1.076784503020578,1.085490813272583
3.852275553344939,0.11506704064693896,-0.07478774380717157,1.0675255552789764,1.0763105693249966
3.8547624968913206,0.11510181709773082,-0.07957665652188206,1.067839104948387,1.0769685355753778
3.857249440437702,0.11992452047823632,-0.08915396062156455,1.0681483865562171,1.078550552829628
3.8597363839840835,0.11516994544609716,-0.09873125298262186,1.0732418443862084,1.083909605636506
3.8622233275304647,0.11520330655716404,-0.09394332383880766,1.0783311158764057,1.0885288904768864
3.8647102710768464,0.12002460838264484,-0.09873218998433542,1.0786278382593046,1.0897669316989074
3.867197214623228,0.12005704882935964,-0.09394423832858934,1.0741320518816977,1.0848957921239901
3.8696841581696093,0.13445424570220044,-0.08915627570081508,1.0744206035245316,1.086465102505463
3.872171101715991,0.1488509935400103,-0.08915670560793565,1.0699167264805993,1.083894523482645
3.8746580452623722,0.13930528021712596,-0.08436872159393483,1.0654088637962946,1.077784806598923
3.877144988808754,0.13454753010737686,-0.07958072716174636,1.065685458310261,1.0770894234220012
3.8796319323551356,0.13457774763873542,-0.07000431917168681,1.080323355973288,1.090921779195738
3.882118875901517,0.1393959372151533,-0.06521630444303916,1.0949573859260369,1.10571970710089
3.8846058194478985,0.13942529657590186,-0.06042827983217203,1.1095875870611671,1.1199444645557104
3.8870927629942797,0.14424263671740034,-0.04606343887318376,1.109848788101079,1.1201303991488871
3.8895797065406614,0.14427115533068746,-0.04606379834039753,1.105317834160049,1.1156449051065744
3.8920666500870427,0.13951085672325558,-0.04606414844370654,1.1151483767829369,1.124784907063177
3.8945535936334243,0.13953855181901764,-0.046064489351994364,1.1153984374214367,1.1250362744486027
3.897040537179806,0.1443542448770232,-0.04127641791190939,1.106068053918099,1.116211642381419
3.8995274807261873,0.13959273017112417,-0.041276740929111266,1.091945667224758,1.1016057551725478
3.902014424272569,0.1444076251930524,-0.03648865192610096,1.0873965247225303,1.0975500835551504
3.90450136781895,0.14922212748834107,-0.041277361025034764,1.0876322602996549,1.0985968311941712
3.906988311365332,0.13488262793754202,-0.050854465064926746,1.0782877009918117,1.0878804465779244
3.9094752549117135,0.13011955059994995,-0.04606635092196587,1.073728093544359,1.082564189783683
3.911962198458095,0.13014449626826496,-0.04606663203296346,1.0787418778495628,1.087540235357838
3.9144491420044765,0.12059225907013182,-0.05564371187192174,1.0741754769854133,1.0823546881569661
3.9169360855508577,0.1254048596712335,-0.06043238062973888,1.0696057337387987,1.0786263843911168
3.9194230290972394,0.12542868882997427,-0.05564423513607508,1.0746094906834056,1.0833347563668092
3.9219099726436206,0.12066375056150525,-0.041279275539067406,1.089186783538885,1.0966273609227437
3.9243969161900023,0.1254752588174004,-0.04127951858658374,1.0989724378503194,1.1068823146047224
3.926883859736384,0.12549800760282503,-0.04606815778247153,1.1135432955504925,1.1215394313795664
3.9293708032827652,0.12552040417964438,-0.04606838662877433,1.108957375116013,1.1169888665229377
3.931857746829147,0.13033085578515413,-0.03649180194604362,1.0947915180514496,1.103125673518823
3.934344690375528,0.1303525596711369,-0.031703613834275224,1.0949877756079243,1.1031750258566226
3.93683163392191,0.12558551970540366,-0.031703822430751316,1.099969375579839,1.1075691772209526
3.9393185774682915,0.1256065463717857,-0.036492427870975064,1.1001595455469104,1.1079078154076494
3.9418055210146727,0.1256272401685613,-0.036492623648059386,1.1099235294755818,1.1176064407190132
3.9442924645610544,0.1400128148506331,-0.017339199933046334,1.10053094123454,1.109537105639689
3.9467794081074357,0.14003285426545786,-0.012550980098356757,1.0959238310008388,1.104905322066427
3.9492663516538173,0.1256873621577289,-0.022127964272481204,1.100890635455107,1.1082631235594558
3.951753295200199,0.13528356880998682,-0.01255132934000569,1.0819125645002252,1.0904100041184608
3.9542402387465803,0.14009105799575639,-0.012551495347851382,1.0533548610268308,1.062703866472072
3.956727182292962,0.1401098333857772,-0.01734005909904779,1.0535247843117226,1.0629421029482322
3.959214125839343,0.14012830194644776,-0.01734021407461972,1.0632687535724585,1.07260293974708
3.961701069385725,0.14493487061951038,-0.026917170355466258,1.0538563811704318,1.0641164987514655
3.964188012932106,0.1545295430017386,-0.026917314778625023,1.0540181190952236,1.0656256926689835
3.966674956478488,0.1593355160246261,-0.026917454101344607,1.0541771925582974,1.066490463769942
3.9691619000248695,0.16414119655595127,-0.02691758843859704,1.073487246477372,1.0862972693161568
3.9716488435712507,0.15936978147791087,-0.02212931458340206,1.0832178923513833,1.095102477452417
3.9741357871176324,0.15938648424961616,-0.017341035967772367,1.0929459680261466,1.1046427711774063
3.9766227306640136,0.1594029050242956,-0.017341156022100623,1.0978831011709076,1.1095302184523939
3.9791096742103953,0.1546306439305487,-0.022129674854860504,1.1076061292002386,1.118566804439276
3.981596617756777,0.15943491435360574,-0.026918189252614244,1.1029614693912766,1.1147502338144384
3.984083561303158,0.16423891305252453,-0.017341489359714135,1.1031027653681278,1.1153971753490766
3.98657050484954,0.16425424008207729,-0.007764785240810035,1.1176068538988044,1.1296392464660387
3.989057448395921,0.1642693021130746,-0.0029764803183613964,1.1033781350124734,1.1155431734699497
3.991544391942303,0.16907250579175426,0.0018118286273525186,1.103512268288588,1.1163906669267272
3.994031335488684,0.17866385441948374,0.006600141497284717,1.1036440732476116,1.1180315626843413
3.9965182790350657,0.17388973799183827,-0.0029767517670169497,1.1037735791557992,1.117390986214027
3.9990052225814474,0.1786921763626771,-0.00297683465998011,1.113477621704984,1.1277287659165258
4.001492166127829,0.15955234951761704,0.001811489403598543,1.1136026164501889,1.1249760091198202
4.00397910967421,0.15477748722245432,0.0018114136901155042,1.1280906086144373,1.1386605170174935
4.006466053220592,0.16436759265603257,-0.002977061891924482,1.1425764166435837,1.1543424259218493
4.008952996766973,0.16438065237118465,-0.012553937432538298,1.1379064554486327,1.1497868070084591
4.0114399403133545,0.15960507281819653,-0.017342406379657227,1.1236575596480929,1.1350686541714763
4.013926883859736,0.15004085710264392,-0.02213087214069409,1.114194966966581,1.1244698567393723
4.016413827406118,0.14047641162604307,-0.03170773812162109,1.1095187049537394,1.1188256162254875
4.0189007709524995,0.13091173944525525,-0.02691939112542041,1.1048403976250665,1.1128948024712222
4.02138771449888,0.1261352469131224,-0.017342637875525035,1.104948475423038,1.1122598621464375
4.023874658045262,0.13093534035821786,-0.022131091734596264,1.1002661586157672,1.1082506342751102
4.026361601591644,0.130946812803592,-0.0269195428217075,1.0955818772190806,1.103708013588754
4.028848545138025,0.12616966720900746,-0.041284797856118605,1.1004724643561339,1.1084506593726735
4.031335488684407,0.11660390651003072,-0.03649643699321947,1.114937946296708,1.1216127161453373
4.033822432230788,0.1166147435790027,-0.03649647691047919,1.1294015424574617,1.1359924451122758
4.0363093757771695,0.11662537466257328,-0.041284917682458566,1.1390748753631268,1.145773753463901
4.038796319323551,0.1070589959832996,-0.03170814610113526,1.1200159540451953,1.1255677556086494
4.041283262869933,0.10706922366155847,-0.026919775519664846,1.1009552238469134,1.1064767950053562
4.043770206416315,0.11186765719214664,-0.017342999368015644,1.1010463232594745,1.1068505582579546
4.046257149962695,0.11187749272556935,-0.012554624356114985,1.0771936473989374,1.083060638176787
4.048744093509077,0.11667553966964295,-0.012554650551969804,1.0629160442955001,1.069374264712069
4.051231037055459,0.12147339744734875,-0.01255467470200644,1.0630019418470305,1.0699937076987098
4.05371798060184,0.12627106877812566,-0.017343100192011462,1.0630861544599899,1.0706994619122445
4.056204924148222,0.12628015303728857,-0.026919927086213047,1.0631687062919575,1.0709804188517933
4.058691867694603,0.12628905621701014,-0.036496752127276544,1.0680380246113454,1.0760976538640572
4.061178811240985,0.1358745876060542,-0.04128517205666027,1.077694133157161,1.0870101258177074
4.063665754787366,0.13588313654763473,-0.041285186934910456,1.0729834421784012,1.082341055604602
4.066152698333748,0.13589151228321383,-0.04607360346199796,1.0730595882782037,1.0826108072813518
4.068639641880129,0.1406881207103633,-0.06043882501639297,1.077922594570472,1.0887438260508824
4.07112658542651,0.1454845610625024,-0.06043883505351344,1.0827840806412095,1.09418461677187
4.073613528972892,0.15028083586988628,-0.060438843590115976,1.0924324725098753,1.1043757922185282
4.076100472519274,0.1550769476393461,-0.0652272540011789,1.078137372746987,1.0911845164166536
4.0785874160656554,0.15987289885434086,-0.06043885637929591,1.0782060302011018,1.0916686506035367
4.081074359612036,0.16466869197501993,-0.06043886073779969,1.097426870272697,1.111356994669388
4.083561303158418,0.15988752279763713,-0.06522726712798255,1.0974926882739808,1.110994517150377
4.0860482467048,0.16468300701712452,-0.06522726895940112,1.1023455224762255,1.1164858890015077
4.088535190251181,0.17426674370370332,-0.06043886628114903,1.121562200985231,1.136628138485617
4.091022133797563,0.16948512194356957,-0.06043886578186575,1.1216239218199373,1.1359657939638683
4.093509077343944,0.16470335404207898,-0.06522726750850172,1.1216843193191472,1.135586854214945
4.095996020890325,0.16470984564099517,-0.06522726486633079,1.1169550110170192,1.1309166308658887
4.098482964436707,0.16471619571855206,-0.07001566454083541,1.121801227526385,1.1359892660112556
4.100969907983089,0.1647224065504544,-0.06522725661490547,1.1122809726955278,1.126302369901524
4.1034568515294705,0.16472848038962867,-0.055650444451668335,1.0979710734133814,1.1116532383219497
4.105943795075851,0.16473441946628836,-0.06522724469448216,1.0980251630084705,1.1122280705894396
4.108430738622233,0.16474022598800026,-0.07001564078261024,1.093289648046385,1.1078464634317182
4.110917682168615,0.15995749881943905,-0.05565042279494481,1.0981297581349665,1.1111131070630869
4.113404625714996,0.14559783680276772,-0.0604388173328525,1.1125455127217556,1.123658799903046
4.115891569261378,0.1503916619998963,-0.06043880783267719,1.1078065111336333,1.1196007179353713
4.118378512807759,0.15518536324723098,-0.0556503943313893,1.1078547890226975,1.1200543276626984
4.1208654563541405,0.1551905393198243,-0.055650383505641,1.107901961921554,1.1201017033771226
4.123352399900522,0.15998399893143173,-0.046073565429609165,1.0983712418454612,1.1109172058522765
4.125839343446904,0.1647773408127174,-0.046073553418748414,1.0888394538945079,1.1022003904586637
4.1283262869932855,0.15520535703163452,-0.03649673422511812,1.0840950196526578,1.095756691102597
4.130813230539666,0.14084485623571352,-0.026919914521782218,1.079349553868063,1.088833051831687
4.133300174086048,0.14084945369114987,-0.026919900980917788,1.0841798810552472,1.0936220847070015
4.13578711763243,0.12648873143918238,-0.02213148367229323,1.0985860188942045,1.1060652976476786
4.138274061178811,0.13606991798364576,-0.01734306594607604,1.103414371590416,1.1119078558715012
4.140761004725192,0.1408625953223055,-0.012554647831289234,1.1082417630786257,1.1172285779439783
4.143247948271574,0.12650155539225028,-0.012554632676446964,1.1130682104610212,1.1203040227800662
4.1457348918179555,0.12650562331216098,-0.0029778105480056105,1.0987401173672886,1.1060028867943978
4.148221835364337,0.14087480093708005,-0.01255460139442155,1.0891995171193294,1.0983437147123913
4.150708778910719,0.14087867017880717,-0.022131391960263258,1.1036000395288852,1.112775649207694
4.1531957224571,0.13130563617004576,-0.012554568989307402,1.1036344743747524,1.1114890194333742
4.155682666003481,0.13130931398323842,-0.0029777457870761026,1.1084564510910173,1.1162108702543683
4.158169609549863,0.13610130206815285,-0.007766132338028253,1.1324311956037185,1.1406069831509036
4.160656553096245,0.14089319885353102,-0.02213132534463691,1.1324630938081395,1.1414084929954718
4.163143496642626,0.15526181270811468,-0.026919711547706893,1.1085521612960996,1.119695849625904
4.165630440189007,0.1504767254172974,-0.026919694288892515,1.0894288333957594,1.100101403447412
4.168117383735389,0.14569155194883887,-0.026919676909142876,1.0798815286489578,1.0899976207457354
4.1706043272817706,0.14569469728889317,-0.031708062748715626,1.0655450521322738,1.0759268581948072
4.173091270828152,0.14569775976241284,-0.026919641865936317,1.0655730319812413,1.0758245167329437
4.175578214374534,0.1552775476348054,-0.02213122092002706,1.0751770795473874,1.086557251194312
4.178065157920915,0.1600688525495188,-0.026919606569543397,1.0847804026802574,1.096856975550377
4.180552101467296,-1.6307911657062224,0.16940494726196986,-7.251803971615512,7.4348395211356655
4.183039045013678,-1.290811782912276,0.7152829434875496,-4.742655521398165,4.966951393238903
4.18552598856006,-0.8454876020170402,1.1558160666614814,-1.9797223772489287,2.443370777450179
4.188012932106441,-0.3570678646606217,1.4718507034871608,0.8550361484329088,1.7392322353429197
4.190499875652822,0.1313518007775163,1.639444837348036,3.5796607430665865,3.939416670742846
4.192986819199204,0.6006177825007093,1.634656451628505,5.969096464017623,6.217954328575794
4.195473762745586,1.0028460487700088,1.4957927728773655,7.879691224917066,8.082860262120136
4.197960706291967,1.2949409711473432,1.2276422044018633,9.23483058570627,9.405640512345807
4.200447649838348,1.4769025510579443,0.8733003760722982,9.957900106152412,10.104636025917989
4.20293459338473,1.5200003699857634,0.47586291775951617,10.024957782372823,10.150695797806813
4.205421536931111,1.448176445918886,0.030541426131777794,9.440792030234276,9.551267034030586
4.207908480477493,1.26621918354495,-0.4004148556577567,8.305959331838261,8.411456681191419
4.210395424023875,1.002859004134061,-0.754756684455411,6.716227765795329,6.83250314576898
4.212882367570256,0.6820379256170245,-1.0181188503101293,4.80567263710879,4.959458762848316
4.215369311116637,0.34206317586670226,-1.1905013532312996,2.751464880495954,3.017426001898337
4.217856254663019,0.0020883694559321597,-1.2575389832668875,0.7068334139046506,1.4425748267369027
4.220343198209401,-0.3043676691001753,-1.2096549337846958,-1.2037232648061078,1.7334515958222212
4.222830141755782,-0.5533629219456909,-1.0660028180739392,-2.85091825462305,3.093591347619913
4.225317085302163,-0.7353205812040687,-0.8457362494233795,-4.124618267979238,4.27415980249675
4.227804028848545,-0.8358754356967852,-0.5775856477619561,-4.9769392606359375,5.079588303057767
4.2302909723949265,-0.8310854676229192,-0.27591622305734376,-5.364785591837769,5.4357848801282005
4.232777915941308,-0.7448926924027772,0.0353300080830139,-5.302522460835884,5.354704266375057
4.23526485948769,-0.6060275287949867,0.3226342224108172,-4.780573050440271,4.829621196090206
4.237751803034071,-0.4144899756541781,0.5524775966786022,-3.8516097867858026,3.913046304915614
4.240238746580452,-0.18943364513400218,0.7200717275610709,-2.6209775326899187,2.7246856012404206
4.242725690126834,0.03562264063329845,0.8158398084129956,-1.1796559411674048,1.434730533950051
4.245212633673216,0.260678882740132,0.8206282259489015,0.33349130140656236,0.9233637491500992
4.247699577219597,0.46658146898029085,0.7488021901258164,1.8131193317432164,2.0163840651706195
4.250186520765978,0.6198115771691088,0.614726910901318,3.163460093037246,3.2816970192902266
4.25267346431236,0.7251576116675641,0.4375560015533537,4.298322334972642,4.380968353181683
4.2551604078587415,0.7730427668584143,0.2364430753604041,5.14109161371891,5.204260123007775
4.257647351405123,0.7538902371075275,0.01617653564029231,5.667825921817322,5.7177672958888195
4.260134294951505,0.6916420400061003,-0.18972479436702505,5.8497948483377,5.893595165664139
4.262621238497886,0.5910865798475213,-0.3621073013819722,5.686998402121912,5.729088572218722
4.265108182044267,0.44743545426775844,-0.4913941787656686,5.203378608464064,5.2456473068327805
4.267595125590649,0.2989958907692801,-0.5775854265193154,4.451607912432456,4.49886835478164
4.270082069137031,0.15055629359599831,-0.6111042380032714,3.4891471622687966,3.5454567416928553
4.2725690126834115,0.006905066975668284,-0.5919506132182482,2.402187625991301,2.474057113104934
4.275055956229793,-0.1175925782396181,-0.5297013588052901,1.3152277980344476,1.4227563757368136
4.277542899776175,-0.2037830278931061,-0.4195680714442829,0.2665749129258437,0.5372402379142672
4.2800298433225565,-0.2468778778050138,-0.28549276773671206,-0.6719449717087587,0.770691152138235
4.282516786868938,-0.26124233709246136,-0.13705225432289225,-1.4189289917439556,1.4492723562933354
4.285003730415319,-0.2420880016068936,0.0018114521961605234,-1.9648003329992996,1.9796591197565394
4.287490673961701,-0.17504966057457805,0.13109835182121943,-2.290405374792857,2.300822883752142
4.289977617508082,-0.07928092647928708,0.25080844455327433,-2.3478600766588302,2.362548894886846
4.292464561054464,0.02127618485970617,0.3322113104716524,-2.1515296414323632,2.1771304115301753
4.294951504600846,0.12183327088932139,0.37051854625744296,-1.7540864986468483,1.7969270390729501
4.2974384481472265,0.227178735682177,0.37530695855286655,-1.1651074480874595,1.244966207040668
4.299925391693608,0.3373125799757848,0.3513649506800154,-0.42768811291499453,0.648193047714243
4.30241233523999,0.42829278789143144,0.29869252264084967,0.37198025369465526,0.6411093856590382
4.304899278786372,0.4713889402155626,0.2125012711171852,1.1764368183563434,1.2850556060997387
4.307386222332753,0.4905430542436612,0.11194480939252172,1.9473743608364575,2.0113256896037073
4.309873165879134,0.47617832401478183,-0.0029768625305690577,2.5890248209279445,2.6324521232784135
4.312360109425516,0.44265996015538567,-0.11311013136836223,3.0918113980631645,3.125386290258571
4.314847052971897,0.3995647699576512,-0.19930138383682783,3.441368888226842,3.4702151045498946
4.317333996518279,0.3229507374577104,-0.2759158298940285,3.5898132640365397,3.614856289628021
4.319820940064661,0.24154828320138527,-0.32379985625572605,3.57066335443106,3.5934424596347214
4.322307883611042,0.16014581111947185,-0.35731867287970287,3.393495971625093,3.4160120351432255
4.324794827157423,0.0739549184885232,-0.35253026316119795,3.0439459111097786,3.0651841096702634
4.327281770703805,0.016494429134404798,-0.3237998370577948,2.574685614740517,2.595019155116755
4.329768714250187,-0.04096607629427529,-0.2711273945660513,2.043175927573788,2.0614936707417106
4.332255657796568,-0.07927298395881455,-0.204089742323029,1.473358871305761,1.4895379124287507
4.334742601342949,-0.09363788999431388,-0.13226368696580693,0.9083300807979757,0.922672896000979
4.337229544889331,-0.0936376005095878,-0.046072421849977285,0.37681998083437485,0.3910037931278085
4.3397164884357124,-0.07927211498539621,0.02575363310635792,-0.07328739063338041,0.11098810503060438
4.342203431982094,-0.040964626274396676,0.08321447790698366,-0.4228384156881644,0.4328915288161802
4.344690375528475,0.002131252836639619,0.12152170923555916,-0.6383142665643655,0.6497824027732587
4.347177319074857,0.045227119509645974,0.14067532709602748,-0.7101381322078799,0.7253490241314249
4.349664262621238,0.09789978085547246,0.15025213813302685,-0.6622520249160919,0.6861033570902855
4.35215120616762,0.16014923733245295,0.13588693238967675,-0.4994443438130478,0.5418096429367871
4.354638149714002,0.19845666614498558,0.09757970987007303,-0.23608029477004777,0.3234822308789504
4.357125093260382,0.2223988743686791,0.05448408385959391,0.10868651291594311,0.2534611070841091
4.359612036806764,0.24155266906768363,-0.0029767522782302436,0.5061256632032691,0.5608205951467874
4.362098980353146,0.24634124401358765,-0.05564918525797147,0.9370835465881147,0.970518631252485
4.3645859238995275,0.22718779296681957,-0.10353321507541802,1.3536761335431606,1.3765073535660273
4.367072867445909,0.2032459295986352,-0.1514172450467286,1.7319614110430521,1.7504075009374802
4.36955981099229,0.1888808642491453,-0.19451287184732458,2.0432089626423497,2.0611196237035405
4.372046754538672,0.15536217736489577,-0.23282009547301064,2.26826517843927,2.285469212816431
4.374533698085053,0.12663188590529828,-0.24239689931801323,2.3879764484356105,2.4035855319938317
4.377020641631435,0.1074783935380842,-0.23282009001875625,2.411919582460106,2.4255129089840772
4.379507585177817,0.08353649063944624,-0.20887807089135357,2.354459793568113,2.3651827230251046
4.3819945287241975,0.06438298417703492,-0.1801476485722895,2.215597084761958,2.2238409983502314
4.384481472270579,0.05480627778816305,-0.1370520164167579,2.0001198622730083,2.005558886382519
4.386968415816961,0.054806371780024454,-0.08437957774095706,1.7367585488447546,1.739670632192419
4.3894553593633425,0.06917166977042899,-0.03649554250174436,1.435089953851211,1.4372194752945693
4.391942302909724,0.08832536540674096,0.006600089305014212,1.138209709821096,1.1416506798859674
4.394429246456105,0.10269065232689067,0.05448412432386407,0.8556946259563762,0.8635549680068335
4.396916190002487,0.12184433744087708,0.07842614263698389,0.592333108053408,0.6097993221638847
4.399403133548868,0.14578642100896755,0.09279135420923312,0.38164398174803793,0.41894635070744324
4.40189007709525,0.17930530660281863,0.11194496900544415,0.2332040559928963,0.31474783683624985
4.404377020641631,0.1936705745431223,0.11194497042789564,0.1422249296995055,0.26508092816344747
4.4068639641880125,0.21761264498569644,0.11194497176162566,0.1278602183021249,0.2761071809726233
4.409350907734394,0.2415547115153867,0.07842614976817819,0.20447513383725635,0.32605125360977577
4.411837851280776,0.2463431610680959,0.059272537654348145,0.33855085506219673,0.4228650709012894
4.414324794827158,0.2415548004934363,0.04490732878311654,0.5157221739408016,0.5712571667069789
4.416811738373538,0.22718962999238385,0.006600103236149568,0.7264122856839172,0.7611396048894954
4.41929868191992,0.21761285971899424,-0.03649552570183312,0.9371023688288851,0.9627295205695313
4.421785625466302,0.20324768321805697,-0.050860734785245665,1.1525808284050107,1.1714687367075503
4.424272569012683,0.17930569734712498,-0.05564913729201404,1.3728476660521167,1.3856255171464
4.426759512559065,0.15536370891729467,-0.07001434650014149,1.5500188501391303,1.5593583060191816
4.429246456105446,0.1362101214121102,-0.07480274912520768,1.6936711888123597,1.700785331623266
4.4317333996518276,0.11705653166741314,-0.06043753852350253,1.8038046835124835,1.8086089306232995
4.434220343198209,0.09311453651208845,-0.05086073129356494,1.8421121090542716,1.8451650747892325
4.436707286744591,0.08353774936985148,-0.0508607307527984,1.8181702733932248,1.8207988665839188
4.439194230290973,0.08832617037652013,-0.03170711697647288,1.7463443877445108,1.7488640811244
4.441681173837353,0.083537783059902,-0.0029766966024915575,1.6362112599437513,1.6383451129380355
4.444168117383735,0.08353779750398904,0.020965320410903487,1.49255929444808,1.4950422588392276
4.446655060930117,0.10269142378663099,0.03533053074596637,1.3297537022989019,1.3341809036632752
4.449142004476498,0.11705664541718375,0.04490733772549804,1.162159694482483,1.1689029398104593
4.45162894802288,0.1362102691413578,0.04969574135189481,1.004142481931364,1.0145565672486456
4.454115891569261,0.14578708509760885,0.04969574162746104,0.8604904688854056,0.8741666820233919
4.456602835115643,0.1553639000204542,0.0353305319137851,0.7455688661739597,0.7624035165991828
4.459089778662024,0.16494071399840754,0.01617691885361383,0.6545892712959258,0.6752438418331795
4.461576722208406,0.17930593043509113,0.006600112409914871,0.5875516850225022,0.6143379857584902
4.464063665754788,0.17930593612751328,-0.01255350069663308,0.563609721359601,0.5915776594170467
4.466550609301168,0.17451753778967205,-0.04128392046415508,0.5827633809867585,0.6097326391986722
4.46903755284755,0.1745175421308206,-0.07001434025029996,0.6450126645398804,0.6718628712534305
4.471524496393932,0.16972914257439176,-0.07959114677214263,0.7264155560110641,0.7502148308973946
4.4740114399403135,0.1697291458206477,-0.089167953309357,0.8269720559531777,0.8489061715913084
4.476498383486694,0.17930595524527726,-0.103533163180769,0.9466821648797605,0.9690597828648484
4.478985327033076,0.17451755429799176,-0.11310996974435605,1.0616038666648713,1.0817823310313066
4.481472270579458,0.16494074966674527,-0.11310996967849496,1.1717371617476822,1.188683007517905
4.483959214125839,0.16972915467632954,-0.10832156630227407,1.272293647212047,1.2881275839020963
4.486446157672221,0.16494075276509573,-0.11310996957549069,1.3584849201082463,1.373128033106015
4.488933101218602,0.1553639472897992,-0.09874475957521511,1.4207341741341502,1.4326109301599232
4.4914200447649835,0.15057554492419767,-0.07480274294110645,1.439887796316322,1.4496707595386638
4.493906988311365,0.15057554569826326,-0.06522593627380502,1.4494646101755908,1.458723782584147
4.496393931857747,0.15057554631867032,-0.04607232297095498,1.4350994060018536,1.4437125611422723
4.4988808754041285,0.15057554680956198,-0.03170711299273998,1.3967921840196809,1.405242591743434
4.501367818950509,0.14578714387209124,-0.031707112979113106,1.3345429444287866,1.3428566948325154
