Time (s),Acceleration x (m/s^2),Acceleration y (m/s^2),Acceleration z (m/s^2),Absolute acceleration (m/s^2)
0.0,-1.8243816650390623,0.70868369140625,-6.143521459960938,6.4477482087312055
0.002486943546381497,-2.0829554443359375,0.814028564453125,-7.335833886718749,7.669146282368426
0.004973887092762994,-2.2361843505859373,1.0726023437499999,-7.201758593749999,7.616844693196482
0.007460830639144491,-2.212242333984375,1.3838485595703125,-5.76523759765625,6.32827129139757
0.009947774185525988,-2.0829554443359375,1.8339584716796873,-3.0980969482421874,4.159364345623255
0.012434717731907486,-1.838746875,2.24097275390625,0.33039982910156246,2.917552570416302
0.014921661278288981,-1.5131354492187499,2.7054478759765623,4.42448466796875,5.402322803609486
0.01740860482467048,-1.1061211669921875,3.0885201416015624,8.623914379882812,9.22682827046739
0.019895548371051976,-0.6464344482421874,3.42849677734375,12.727576025390624,13.197107983578405
0.022382491917433474,-0.296881005859375,3.6296097167968746,16.39549296875,16.795070548117295
0.02486943546381497,0.105344873046875,3.797203833007812,19.268534960937497,19.639406661927367
0.027356379010196465,0.38307226562499996,3.821145849609375,21.289241162109374,21.632838214694114
0.029843322556577963,0.6272808349609375,3.763685009765625,22.256498632812498,22.58119876116032
0.032330266102959464,0.7134720947265625,3.5434184570312497,22.132000146484373,22.42521543431785
0.03481720964934096,0.7038952880859375,3.337517114257812,21.01151376953125,21.286573231775815
0.03730415319572245,0.5746083984375,3.0454245117187497,19.076998828125,19.3270967699863
0.03979109674210395,0.4165910888671875,2.7198130859375,16.438588598632812,16.6672771163397
0.04227804028848545,0.143652099609375,2.360682836914062,13.393164086914062,13.600378805063755
0.04476498383486695,-0.17238251953125,2.0446482177734375,10.156203442382813,10.361407743668451
0.04725192738124844,-0.4836287353515625,1.8339584716796873,7.015010864257812,7.266889145649505
0.04973887092762994,-0.7038952880859375,1.6998831787109374,4.285620971679688,4.66386304588318
0.05222581447401144,-1.0534487304687499,1.5083470458984374,1.9728221679687499,2.6975715643937384
0.05471275802039293,-1.2593500732421874,1.47482822265625,0.430956298828125,1.9866565442517061
0.05719970156677443,-1.4221557861328125,1.5658078857421873,-0.239420166015625,2.128756310848756
0.059686645113155926,-1.5179238525390624,1.7094599853515624,-0.1580173095703125,2.2915749461339976
0.062173588659537427,-1.5035586425781249,1.85790048828125,0.699106884765625,2.490227550316191
0.06466053220591893,-1.4508862060546874,2.0829554443359375,2.221819140625,3.3734632737968413
0.06714747575230041,-1.2832920898437499,2.389413256835937,4.295197778320312,5.079848251147529
0.06963441929868192,-1.1013327636718748,2.6144682128906247,6.6702458251953125,7.248486549693538
0.07212136284506342,-0.842758984375,2.85388837890625,9.198522778320312,9.667871683482282
0.0746083063914449,-0.612915625,3.0358477050781247,11.559205615234374,11.96692405370165
0.0770952499378264,-0.4070142822265625,3.1699229980468746,13.728352319335936,14.095450678970831
0.0795821934842079,-0.1771709228515625,3.2609026611328122,15.466542724609374,15.807555774168701
0.0820691370305894,0.009576806640625,3.2704794677734372,16.606182714843747,16.925171550773964
0.0845560805769709,0.1005564697265625,3.1842882080078123,17.118541870117188,17.412474802687203
0.0870430241233524,0.1771709228515625,3.1076737548828124,17.003620190429686,17.286183074440682
0.0895299676697339,0.2442085693359375,2.987963671875,16.290148095703124,16.563710022507696
0.09201691121611538,0.143652099609375,2.7437551025390623,15.069105249023437,15.317531165125045
0.09450385476249688,0.023942016601562498,2.5234885498046875,13.4458365234375,13.680609909509156
0.09699079830887838,-0.1292868896484375,2.379836450195312,11.525686791992188,11.76952814078017
0.09947774185525989,-0.33039982910156246,2.212242333984375,9.557653027343749,9.815900956225878
0.10196468540164137,-0.51714755859375,2.0446482177734375,7.6470801025390625,7.932582305053785
0.10445162894802287,-0.7230489013671875,1.9632453613281249,5.985504150390625,6.340614481017442
0.10693857249440437,-0.8714894042968749,1.915361328125,4.69263525390625,5.1428521683286075
0.10942551604078586,-1.0534487304687499,1.8770541015625,3.801992236328125,4.369008044512869
0.11191245958716736,-1.149216796875,1.9009961181640624,3.394977954101562,4.057137019664248
0.11439940313354886,-1.2114660400390624,2.0254946044921875,3.5434184570312497,4.257474923076425
0.11688634667993036,-1.1731588134765625,2.1595698974609374,4.2137949218749995,4.878125806831627
0.11937329022631185,-1.120486376953125,2.27927998046875,5.248090039062499,5.830356422073199
0.12186023377269335,-1.0007762939453124,2.50912333984375,6.598419775390624,7.129964702390723
0.12434717731907485,-0.8762778076171874,2.6479870361328124,8.10197841796875,8.568649393275537
0.12683412086545634,-0.718260498046875,2.7533319091796873,9.677363110351562,10.087025900370975
0.12932106441183785,-0.5793968017578125,2.863465185546875,11.228805786132812,11.60263818730102
0.13180800795821934,-0.37828386230468747,2.959233251953125,12.550405102539061,12.90010962580488
0.13429495150460083,-0.258573779296875,3.0071172851562498,13.555969799804688,13.887905960915853
0.13678189505098234,-0.16280571289062498,2.9975404785156248,14.264653491210936,14.57710855570493
0.13926883859736383,-0.05746083984375,2.96881005859375,14.446612817382812,14.748618810162947
0.14175578214374532,-0.023942016601562498,2.901772412109375,14.322114331054687,14.613138446741688
0.14424272569012683,-0.033518823242187495,2.7724855224609373,13.757082739257811,14.033713869769194
0.14672966923650832,-0.1197100830078125,2.6527754394531247,12.856862915039061,13.12823187075267
0.1492166127828898,-0.19632453613281248,2.480392919921875,11.659762084960937,11.922287709939688
0.15170355632927132,-0.3495534423828125,2.365471240234375,10.390835205078124,10.662415207472863
0.1541904998756528,-0.45968671875,2.269703173828125,9.107543115234375,9.397351008264705
0.15667744342203432,-0.5698199951171875,2.1787235107421874,7.881711865234375,8.197128331902121
0.1591643869684158,-0.7565677246093749,2.1068974609374997,6.789955908203124,7.149469411653428
0.1616513305147973,-0.833182177734375,2.0781670410156248,5.9950809570312495,6.399528613344623
0.1641382740611788,-0.9433154541015625,2.1021090576171875,5.473144995117187,5.93835184825212
0.1666252176075603,-0.967257470703125,2.1643583007812497,5.295974072265625,5.80235945481676
0.1691121611539418,-0.967257470703125,2.269703173828125,5.530605834960937,6.055967339213483
0.1715991047003233,-0.967257470703125,2.29843359375,6.047753393554687,6.541689774726541
0.1740860482467048,-0.9097966308593749,2.47081611328125,6.871358764648437,7.358548324750217
0.17657299179308628,-0.8092401611328125,2.5522189697265625,7.8529814453124995,8.296867414165709
0.1790599353394678,-0.7661445312499999,2.6096798095703124,8.94473740234375,9.349103344606393
0.18154687888584928,-0.59376201171875,2.7581203125,10.079588989257813,10.466990741237556
0.18403382243223076,-0.5458779785156249,2.786850732421875,11.137826123046874,11.494158973994313
0.18652076597861228,-0.39264907226562495,2.858676782226562,12.018892333984374,12.360419862411657
0.18900770952499377,-0.28730419921875,2.896984008789062,12.727576025390624,13.056272497622224
0.19149465307137528,-0.239420166015625,2.863465185546875,13.043610644531249,13.356366778838579
0.19398159661775677,-0.2154781494140625,2.81558115234375,13.120225097656249,13.420664464603725
0.19646854016413826,-0.1484405029296875,2.73896669921875,12.938265771484375,13.225834353109954
0.19895548371051977,-0.19153613281249998,2.6479870361328124,12.382810986328124,12.66422241421986
0.20144242725690126,-0.239420166015625,2.5426421630859375,11.674127294921874,11.950213357234976
0.20392937080328274,-0.28730419921875,2.4564509033203126,10.78348427734375,11.063463648561049
0.20641631434966426,-0.39264907226562495,2.4133552734375,9.7683427734375,10.069705929626162
0.20890325789604575,-0.5123591552734374,2.288856787109375,8.767566479492187,9.07588008229528
0.21139020144242723,-0.6368576416015624,2.2074539306640624,7.867346655273437,8.195949237636398
0.21387714498880875,-0.699106884765625,2.2266075439453124,7.1586629638671875,7.529474551475993
0.21636408853519024,-0.7948749511718749,2.221819140625,6.603208178710937,7.012179741923556
0.21885103208157172,-0.8379705810546875,2.1595698974609374,6.244077929687499,6.6599133649577675
0.22133797562795324,-0.8762778076171874,2.24097275390625,6.234501123046875,6.682725935809824
0.22382491917433472,-0.9002198242187499,2.346317626953125,6.4739212890625,6.944584868474432
0.22631186272071624,-0.8906430175781249,2.39420166015625,6.976703637695312,7.429659495729708
0.22879880626709773,-0.8379705810546875,2.461239306640625,7.632714892578124,8.063388261187095
0.2312857498134792,-0.7422025146484375,2.5665841796874997,8.494627490234375,8.904881533294992
0.23377269335986073,-0.689530078125,2.6575638427734374,9.423577734375,9.815391720296448
0.23625963690624222,-0.5698199951171875,2.7054478759765623,10.275913525390624,10.641359960915118
0.2387465804526237,-0.488417138671875,2.7629087158203123,11.109095703125,11.457932763570163
0.24123352399900522,-0.39743747558593745,2.7964275390625,11.774683764648437,12.108721703206443
0.2437204675453867,-0.3112462158203125,2.825157958984375,12.267889306640624,12.59283525422542
0.2462074110917682,-0.3112462158203125,2.7533319091796873,12.492944262695312,12.796537311311262
0.2486943546381497,-0.258573779296875,2.7198130859375,12.473790649414061,12.76948302740508
0.2511812981845312,-0.2442085693359375,2.70065947265625,12.224793676757812,12.521931953651675
0.2536682417309127,-0.277727392578125,2.5378537597656248,11.7603185546875,12.034239764865573
0.2561551852772942,-0.3064578125,2.5139117431640625,11.094730493164063,11.380101640987437
0.2586421288236757,-0.3495534423828125,2.442085693359375,10.328585961914062,10.619117577060743
0.26112907237005717,-0.49799394531249996,2.288856787109375,9.5001921875,9.784708220529653
0.2636160159164387,-0.5458779785156249,2.308010400390625,8.710105639648438,9.027227427597863
0.2661029594628202,-0.6512228515624999,2.2266075439453124,7.9295958984374995,8.261983022838294
0.26858990300920166,-0.6607996582031249,2.221819140625,7.283161450195312,7.643139223613558
0.2710768465555832,-0.7757213378906249,2.2266075439453124,6.866570361328125,7.260117993247965
0.2735637901019647,-0.7805097412109374,2.3127988037109373,6.675034228515624,7.107342380554568
0.27605073364834615,-0.8571241943359375,2.2840683837890623,6.68461103515625,7.115873450088437
0.27853767719472766,-0.842758984375,2.360682836914062,6.943184814453125,7.381793923559359
0.2810246207411092,-0.7948749511718749,2.408566870117187,7.369352709960937,7.793611481183496
0.28351156428749064,-0.7996633544921875,2.499546533203125,8.020575561523437,8.439006262011686
0.28599850783387215,-0.7038952880859375,2.6384102294921874,8.772354882812499,9.187539785257144
0.28848545138025367,-0.6512228515624999,2.6192566162109374,9.528922607421874,9.903785260303136
0.2909723949266351,-0.5506663818359374,2.7246014892578123,10.366893188476562,10.733087212942598
0.29345933847301664,-0.45968671875,2.7820623291015623,11.080365283203124,11.433533027529775
0.29594628201939815,-0.4070142822265625,2.7198130859375,11.631031665039062,11.9517338257474
0.2984332255657796,-0.3495534423828125,2.7820623291015623,12.052411157226562,12.374274650052302
0.30092016911216113,-0.28730419921875,2.73896669921875,12.210428466796873,12.517150060020908
0.30340711265854264,-0.26815058593749996,2.729389892578125,12.191274853515624,12.495945601530469
0.30589405620492416,-0.258573779296875,2.6288334228515624,11.994950317382811,12.282363725314575
0.3083809997513056,-0.27293898925781246,2.5809493896484375,11.49216796875,11.781583937049687
0.31086794329768713,-0.3687070556640625,2.4516625,10.864887133789061,11.144162881830908
0.31335488684406865,-0.37828386230468747,2.418143676757812,10.213664282226562,10.502830837062671
0.3158418303904501,-0.45968671875,2.370259643554687,9.390058911132812,9.695496326223008
0.3183287739368316,-0.5506663818359374,2.2840683837890623,8.657433203124999,8.97058256260318
0.32081571748321314,-0.6081272216796875,2.2649147705078123,7.982268334960937,8.319631326370919
0.3233026610295946,-0.6416460449218749,2.2553379638671873,7.417236743164062,7.779052633988762
0.3257896045759761,-0.7517793212890624,2.2457611572265623,7.038952880859375,7.426673076296272
0.3282765481223576,-0.8044517578125,2.29843359375,6.823474731445312,7.244980816137392
0.3307634916687391,-0.8283937744140625,2.3511060302734372,6.861781958007812,7.300547065139545
0.3332504352151206,-0.8283937744140625,2.365471240234375,7.110778930664062,7.539553530192611
0.3357373787615021,-0.8092401611328125,2.4516625,7.536946826171874,7.966874300052613
0.3382243223078836,-0.7948749511718749,2.5665841796874997,8.197746484375,8.626831861205208
0.3407112658542651,-0.718260498046875,2.5617957763671875,8.796296899414061,9.189860438848282
0.3431982094006466,-0.6272808349609375,2.6527754394531247,9.548076220703125,9.929574930198749
0.34568515294702806,-0.565031591796875,2.7150246826171873,10.271125122070313,10.63892057495369
0.3481720964934096,-0.5027823486328125,2.77727392578125,10.989385620117186,11.346040580597247
0.3506590400397911,-0.45968671875,2.767697119140625,11.540052001953125,11.876205599031906
0.35314598358617255,-0.38786066894531246,2.786850732421875,11.942277880859374,12.269269492801032
0.35563292713255407,-0.32082302246093747,2.7964275390625,12.109871997070313,12.432696174941132
0.3581198706789356,-0.3016694091796875,2.710236279296875,12.100295190429687,12.403770749960982
0.36060681422531704,-0.2537853759765625,2.6192566162109374,11.85608662109375,12.144616181893216
0.36309375777169856,-0.27293898925781246,2.5809493896484375,11.463437548828125,11.753560987193042
0.36558070131808007,-0.32082302246093747,2.5139117431640625,10.855310327148437,11.147216781011064
0.36806764486446153,-0.39743747558593745,2.461239306640625,10.24718310546875,10.54610909618126
0.37055458841084304,-0.49799394531249996,2.35589443359375,9.471461767578125,9.77275931180647
0.37304153195722456,-0.5458779785156249,2.327164013671875,8.729259252929687,9.050615571264546
0.3755284755036061,-0.612915625,2.29843359375,8.087613208007811,8.43018089667061
0.37801541904998753,-0.689530078125,2.2361843505859373,7.503428002929687,7.859860302422296
0.38050236259636905,-0.7326257080078125,2.2266075439453124,7.134720947265625,7.5099110898957395
0.38298930614275056,-0.7996633544921875,2.2601263671875,6.9144543945312495,7.318286155257006
0.385476249689132,-0.7948749511718749,2.3223756103515623,6.976703637695312,7.39592105905595
0.38796319323551354,-0.8092401611328125,2.31758720703125,7.1778165771484375,7.585982528042895
0.39045013678189505,-0.7709329345703124,2.408566870117187,7.56567724609375,7.977155141370387
0.3929370803282765,-0.7757213378906249,2.4899697265625,8.087613208007811,8.497716177632608
0.395424023874658,-0.7278373046875,2.6096798095703124,8.724470849609375,9.135456609073103
0.39791096742103954,-0.6607996582031249,2.7437551025390623,9.562441430664062,9.970212353098157
0.400397910967421,-0.5458779785156249,2.7820623291015623,10.180145458984374,10.567554832434723
0.4028848545138025,-0.584185205078125,2.729389892578125,10.855310327148437,11.208416651705775
0.40537179806018403,-0.411802685546875,2.73896669921875,11.386823095703125,11.718842103385938
0.4078587416065655,-0.37828386230468747,2.748543505859375,11.812990991210937,12.134428138256563
0.410345685152947,-0.3399766357421875,2.7629087158203123,12.052411157226562,12.369715574242026
0.4128326286993285,-0.316034619140625,2.6958710693359373,12.038045947265624,12.340265350933755
0.41531957224571,-0.296881005859375,2.6288334228515624,11.923124267578125,12.213099352615286
0.4178065157920915,-0.3064578125,2.5761609863281247,11.477802758789062,11.767347958991746
0.420293459338473,-0.316034619140625,2.5570073730468748,10.946289990234375,11.245418139696572
0.42278040288485447,-0.3591302490234375,2.5330653564453125,10.328585961914062,10.64072754131198
0.425267346431236,-0.37828386230468747,2.3511060302734372,9.600748657226562,9.89167190242913
0.4277542899776175,-0.5123591552734374,2.31758720703125,8.911218579101561,9.221905385044474
0.43024123352399896,-0.59376201171875,2.3127988037109373,8.221688500976562,8.561410715536153
0.43272817707038047,-0.6607996582031249,2.221819140625,7.651868505859374,7.995262854521517
0.435215120616762,-0.699106884765625,2.2744915771484373,7.287949853515625,7.666568687372748
0.43770206416314344,-0.7565677246093749,2.2457611572265623,7.000645654296875,7.390864460552224
0.44018900770952496,-0.7900865478515624,2.308010400390625,6.962338427734375,7.3773508215154076
0.4426759512559065,-0.8379705810546875,2.384624853515625,7.110778930664062,7.546642126634434
0.445162894802288,-0.7996633544921875,2.408566870117187,7.465120776367187,7.884712046364967
0.44764983834866945,-0.7852981445312499,2.4756045166015626,7.943961108398437,8.357740663012295
0.45013678189505096,-0.689530078125,2.5378537597656248,8.63827958984375,9.029730212299073
0.4526237254414325,-0.689530078125,2.6240450195312497,9.318232861328125,9.705180454329593
0.45511066898781394,-0.603338818359375,2.7054478759765623,10.05564697265625,10.430699975459758
0.45759761253419545,-0.5793968017578125,2.7150246826171873,10.663774194335938,11.019216839181123
0.46008455608057697,-0.469263525390625,2.7581203125,11.271901416015623,11.613922569350208
0.4625714996269584,-0.38786066894531246,2.7629087158203123,11.707646118164062,12.035492432743771
0.46505844317333994,-0.32561142578124996,2.7581203125,11.985373510742187,12.302943901799475
0.46754538671972146,-0.2825157958984375,2.73896669921875,12.090718383789062,12.400291318773771
0.4700323302661029,-0.32082302246093747,2.6815058593749996,11.908759057617187,12.211140134237377
0.47251927381248443,-0.2825157958984375,2.5953145996093747,11.563994018554688,11.855017111208499
0.47500621735886595,-0.33039982910156246,2.518700146484375,11.051634863281249,11.339825731741396
0.4774931609052474,-0.38307226562499996,2.4756045166015626,10.472238061523436,10.767689264671844
0.4799801044516289,-0.44053310546874996,2.35589443359375,9.763554370117188,10.053422399237306
0.48246704799801043,-0.5123591552734374,2.3319524169921872,9.05965908203125,9.368988027622807
0.4849539915443919,-0.565031591796875,2.250549560546875,8.379705810546875,8.695039016331053
0.4874409350907734,-0.6751648681640625,2.2170307373046874,7.785943798828124,8.123545637704442
0.4899278786371549,-0.7134720947265625,2.2744915771484373,7.3837179199218745,7.758971883274749
0.4924148221835364,-0.737414111328125,2.288856787109375,7.077260107421875,7.474640833617866
0.4949017657299179,-0.814028564453125,2.2936451904296873,6.976703637695312,7.3890354182097315
0.4973887092762994,-0.7948749511718749,2.39420166015625,7.067683300781249,7.504410371084298
0.49987565282268087,-0.82360537109375,2.408566870117187,7.359775903320312,7.787542713989753
0.5023625963690624,-0.7948749511718749,2.480392919921875,7.829039428710937,8.25094137668603
0.5048495399154439,-0.7517793212890624,2.5330653564453125,8.413224633789062,8.818386529662689
0.5073364834618254,-0.6655880615234374,2.6288334228515624,9.131485131835937,9.525638736887137
0.5098234270082069,-0.6272808349609375,2.6336218261718747,9.830592016601562,10.196567293264362
0.5123103705545884,-0.5458779785156249,2.7341782958984373,10.496180078124999,10.86018001478882
0.5147973141009698,-0.47884033203125,2.748543505859375,11.123460913085937,11.468006023373556
0.5172842576473514,-0.39264907226562495,2.786850732421875,11.583147631835937,11.92015181781079
0.5197712011937329,-0.3495534423828125,2.8012159423828122,11.918335864257811,12.248090795638122
0.5222581447401143,-0.3016694091796875,2.7054478759765623,12.023680737304687,12.327990554615651
0.5247450882864959,-0.2825157958984375,2.6862942626953124,11.947066284179687,12.248607465312329
0.5272320318328774,-0.2825157958984375,2.6336218261718747,11.688492504882811,11.984850275865888
0.5297189753792588,-0.354341845703125,2.5570073730468748,11.219228979492186,11.512382192392227
0.5322059189256404,-0.36391865234375,2.4564509033203126,10.663774194335938,10.949094386922233
0.5346928624720219,-0.411802685546875,2.418143676757812,10.002974536132811,10.299344632732165
0.5371798060184033,-0.5123591552734374,2.3511060302734372,9.279925634765624,9.586825921876374
0.5396667495647849,-0.5315127685546874,2.288856787109375,8.609549169921875,8.924444415443224
0.5421536931111663,-0.6177040283203125,2.2649147705078123,7.939172705078125,8.279001173168483
0.5446406366575478,-0.689530078125,2.3032219970703123,7.4699091796875,7.847281468713048
0.5471275802039294,-0.7661445312499999,2.2840683837890623,7.1586629638671875,7.553171602368955
0.5496145237503108,-0.7613561279296874,2.2936451904296873,6.986280444335937,7.392468184580037
0.5521014672966923,-0.8044517578125,2.31758720703125,7.043741284179687,7.458729407298526
0.5545884108430739,-0.737414111328125,2.427720483398437,7.302315063476562,7.730550536887712
0.5570753543894553,-0.7996633544921875,2.461239306640625,7.714117749023437,8.136631554326947
0.5595622979358368,-0.7134720947265625,2.5617957763671875,8.245630517578125,8.663848028571481
0.5620492414822184,-0.70868369140625,2.6001030029296874,8.9255837890625,9.323562311471107
0.5645361850285998,-0.6272808349609375,2.6336218261718747,9.576806640625,9.952118900069335
0.5670231285749813,-0.5698199951171875,2.710236279296875,10.314220751953124,10.679570461234515
0.5695100721213628,-0.488417138671875,2.7916391357421872,10.960655200195312,11.321120208845251
0.5719970156677443,-0.4644751220703125,2.7198130859375,11.468225952148437,11.795479085267797
0.5744839592141258,-0.36391865234375,2.7581203125,11.808202587890625,12.131500846985736
0.5769709027605073,-0.3112462158203125,2.73896669921875,12.00931552734375,12.321626200367847
0.5794578463068888,-0.28730419921875,2.6479870361328124,11.999738720703125,12.291790285046275
0.5819447898532703,-0.2825157958984375,2.6767174560546874,11.755530151367187,12.059731367413747
0.5844317333996518,-0.2920926025390625,2.6001030029296874,11.353304272460937,11.650895743134164
0.5869186769460333,-0.3495534423828125,2.4851813232421875,10.773907470703124,11.062341343754767
0.5894056204924147,-0.3687070556640625,2.418143676757812,10.184933862304687,10.474552091324046
0.5918925640387963,-0.469263525390625,2.384624853515625,9.504980590820312,9.810774688073174
0.5943795075851778,-0.51714755859375,2.3367408203125,8.825027319335938,9.143790595026761
0.5968664511315592,-0.622492431640625,2.2840683837890623,8.17859287109375,8.514331832879204
0.5993533946779408,-0.679953271484375,2.24097275390625,7.666233715820312,8.015948772337095
0.6018403382243223,-0.74699091796875,2.231395947265625,7.249642626953125,7.62197097367453
0.6043272817707037,-0.7517793212890624,2.2936451904296873,6.9910688476562495,7.396014064357149
0.6068142253170853,-0.7852981445312499,2.3032219970703123,7.000645654296875,7.4115156561002085
0.6093011688634667,-0.7852981445312499,2.375048046875,7.206546997070312,7.6283593269950325
0.6117881124098483,-0.8379705810546875,2.375048046875,7.556100439453124,7.964778827486774
0.6142750559562298,-0.7422025146484375,2.4899697265625,8.068459594726562,8.476488308473227
0.6167619995026112,-0.7038952880859375,2.6288334228515624,8.734047656249999,9.148214153775433
0.6192489430489928,-0.6368576416015624,2.6671406494140624,9.409212524414063,9.800638103155
0.6217358865953743,-0.603338818359375,2.6815058593749996,10.0748005859375,10.442992782244385
0.6242228301417557,-0.5315127685546874,2.710236279296875,10.735600244140624,11.08517023390917
0.6267097736881373,-0.47884033203125,2.70065947265625,11.305420239257812,11.633373390253055
0.6291967172345188,-0.4070142822265625,2.748543505859375,11.702857714843748,12.028176533598765
0.6316836607809002,-0.373495458984375,2.7533319091796873,11.918335864257811,12.237935497184278
0.6341706043272818,-0.33518823242187495,2.6958710693359373,12.014103930664062,12.317417149322916
0.6366575478736632,-0.33518823242187495,2.6910826660156246,11.841721411132811,12.148277369461281
0.6391444914200447,-0.3399766357421875,2.5570073730468748,11.5304751953125,11.815486830782026
0.6416314349664263,-0.316034619140625,2.5713725830078125,11.01332763671875,11.313939211205469
0.6441183785128077,-0.39743747558593745,2.4660277099609376,10.429142431640624,10.724097214812174
0.6466053220591892,-0.45968671875,2.437297290039062,9.744400756835937,10.05510199198654
0.6490922656055708,-0.5027823486328125,2.365471240234375,9.04050546875,9.35836435542939
0.6515792091519522,-0.59376201171875,2.2457611572265623,8.298302954101562,8.617298208830805
0.6540661526983337,-0.6607996582031249,2.2361843505859373,7.781155395507812,8.12302627886474
0.6565530962447153,-0.7517793212890624,2.1787235107421874,7.292738256835937,7.648270364395931
0.6590400397910967,-0.7709329345703124,2.2553379638671873,7.053318090820312,7.44514492882166
0.6615269833374782,-0.8092401611328125,2.308010400390625,6.943184814453125,7.361358367472271
0.6640139268838597,-0.8044517578125,2.346317626953125,7.125144140624999,7.544536305292812
0.6665008704302412,-0.7900865478515624,2.437297290039062,7.41244833984375,7.842770251893148
0.6689878139766227,-0.7805097412109374,2.4660277099609376,7.896077075195312,8.308942249158152
0.6714747575230042,-0.6943184814453125,2.5857377929687497,8.465897070312499,8.879162758548194
0.6739617010693857,-0.6560112548828124,2.6096798095703124,9.184157568359375,9.570241883853544
0.6764486446157671,-0.6177040283203125,2.6815058593749996,9.8449572265625,10.222290092406435
0.6789355881621487,-0.5219359619140624,2.748543505859375,10.520122094726561,10.885764899165096
0.6814225317085302,-0.469263525390625,2.7341782958984373,11.118672509765624,11.459529553582987
0.6839094752549116,-0.40222587890625,2.7341782958984373,11.573570825195311,11.898951981466102
0.6863964188012932,-0.38307226562499996,2.748543505859375,11.937489477539062,12.255810490973197
0.6888833623476747,-0.3399766357421875,2.73896669921875,12.057199560546874,12.369057520083395
0.6913703058940561,-0.2920926025390625,2.7150246826171873,11.9135474609375,12.22249116259402
0.6938572494404377,-0.3112462158203125,2.6431986328124997,11.6837041015625,11.9830010745319
0.6963441929868192,-0.3016694091796875,2.5953145996093747,11.214440576171874,11.514787872117774
0.6988311365332006,-0.373495458984375,2.5330653564453125,10.596736547851561,10.901685393666357
0.7013180800795822,-0.45968671875,2.418143676757812,9.935936889648437,10.23628705126598
0.7038050236259636,-0.47884033203125,2.379836450195312,9.284714038085937,9.596813239940023
0.7062919671723451,-0.5602431884765625,2.3127988037109373,8.537723120117187,8.863161220042468
0.7087789107187267,-0.612915625,2.269703173828125,7.972691528320312,8.312101314734143
0.7112658542651081,-0.70868369140625,2.2601263671875,7.431601953125,7.799943035677418
0.7137527978114896,-0.7134720947265625,2.269703173828125,7.144297753906249,7.530045506084864
0.7162397413578712,-0.8188169677734375,2.269703173828125,6.981492041015625,7.38669376939126
0.7187266849042526,-0.7900865478515624,2.346317626953125,7.082048510742187,7.502323258041643
0.7212136284506341,-0.7709329345703124,2.384624853515625,7.302315063476562,7.720400155943104
0.7237005719970157,-0.7900865478515624,2.4516625,7.704540942382812,8.123720631573644
0.7261875155433971,-0.7565677246093749,2.5234885498046875,8.25520732421875,8.665381535094163
0.7286744590897786,-0.699106884765625,2.6192566162109374,8.920795385742187,9.323617644035526
0.7311614026361601,-0.6416460449218749,2.6431986328124997,9.6151138671875,9.992428300390607
0.7336483461825416,-0.6081272216796875,2.6767174560546874,10.275913525390624,10.636213322353106
0.7361352897289231,-0.5363011718749999,2.7581203125,10.941501586914061,11.296517320910127
0.7386222332753046,-0.4213794921875,2.7341782958984373,11.429918725585937,11.759946160748285
0.7411091768216861,-0.38786066894531246,2.767697119140625,11.822567797851562,12.14840288172115
0.7435961203680675,-0.3447650390625,2.7437551025390623,11.985373510742187,12.300253378970265
0.7460830639144491,-0.3112462158203125,2.70065947265625,11.961431494140625,12.266469711499296
0.7485700074608306,-0.296881005859375,2.6192566162109374,11.745953344726562,12.038108802037717
0.7510569510072121,-0.316034619140625,2.5617957763671875,11.329362255859374,11.619686940911924
0.7535438945535936,-0.3687070556640625,2.5234885498046875,10.831368310546875,11.127554935052483
0.7560308380999751,-0.39743747558593745,2.43250888671875,10.180145458984374,10.474274084491295
0.7585177816463566,-0.469263525390625,2.403778466796875,9.481038574218749,9.792264887119948
0.7610047251927381,-0.5363011718749999,2.3319524169921872,8.786720092773438,9.106704728430513
0.7634916687391196,-0.603338818359375,2.3032219970703123,8.197746484375,8.536503776114113
0.7659786122855011,-0.6560112548828124,2.2457611572265623,7.6279264892578125,7.9786625738504275
0.7684655558318826,-0.718260498046875,2.2744915771484373,7.211335400390625,7.595562410677746
0.770952499378264,-0.7757213378906249,2.27927998046875,7.005434057617187,7.407628983625411
0.7734394429246456,-0.7565677246093749,2.3223756103515623,7.015010864257812,7.428068431505699
0.7759263864710271,-0.8092401611328125,2.39420166015625,7.192181787109375,7.6232899778713
0.7784133300174085,-0.7996633544921875,2.4133552734375,7.584830859375,7.999587759483209
0.7809002735637901,-0.7805097412109374,2.47081611328125,8.087613208007811,8.492562341491396
0.7833872171101716,-0.7134720947265625,2.5713725830078125,8.695740429687499,9.095982685290222
0.785874160656553,-1.915361328125,0.9816226806640624,-5.679046337890624,6.07320009652076
0.7883611042029346,-2.059013427734375,1.158793603515625,-5.698199951171874,6.1686158572790335
0.790848047749316,-2.068590234375,1.4604630126953124,-4.53940634765625,5.197906093644299
0.7933349912956975,-1.9680337646484374,1.7908628417968748,-2.250549560546875,3.4850136214085032
0.7958219348420791,-1.7094599853515624,2.1691467041015624,0.8092401611328125,2.87790210115339
0.7983088783884605,-1.3934253662109375,2.5905261962890624,4.3813890380859375,5.277218029219522
0.800795821934842,-1.0678139404296874,2.9831752685546875,8.173804467773436,8.766449724471435
0.8032827654812236,-0.6703764648437499,3.2800562744140622,11.889605444335936,12.351959010210575
0.805769709027605,-0.316034619140625,3.4572271972656248,15.193603735351562,15.585181816100107
0.8082566525739865,-0.028730419921875,3.6056677001953124,17.803283544921875,18.164761765080947
0.8107435961203681,0.28730419921875,3.687070556640625,19.661184033203124,20.005978870828
0.8132305396667495,0.45489831542968745,3.5960908935546874,20.566192260742188,20.883176633307002
0.815717483213131,0.5363011718749999,3.4763808105468748,20.55661545410156,20.855389744972406
0.8182044267595125,0.51714755859375,3.2561142578125,19.699491259765622,19.973474348517122
0.820691370305894,0.45010991210937495,2.9975404785156248,18.023550097656248,18.276657407087416
0.8231783138522755,0.28730419921875,2.7341782958984373,15.696386083984374,15.93533215073188
0.825665257398657,0.0526724365234375,2.4564509033203126,13.091494677734374,13.320066002957342
0.8281522009450385,-0.201112939453125,2.2170307373046874,10.338162768554687,10.57512558477201
0.83063914449142,-0.45489831542968745,1.9967641845703124,7.52737001953125,7.800980649706894
0.8331260880378015,-0.7565677246093749,1.8100164550781248,5.176263989257812,5.535545427151817
0.835613031584183,-0.9959878906249999,1.6328455322265625,3.2513258544921873,3.7721739385231476
0.8380999751305644,-1.1923124267578125,1.6998831787109374,1.9201497314453124,2.828106563663224
0.840586918676946,-1.2785036865234374,1.7621324218749999,1.350329736328125,2.5618494775238174
0.8430738622233275,-1.35990654296875,1.8243816650390623,1.4221557861328125,2.683326544677512
0.8455608057697089,-1.4030021728515625,1.9919757812499999,2.1308394775390624,3.236797721383234
0.8480477493160905,-1.3024457031249999,2.1356278808593747,3.4620156005859375,4.271161817795375
0.850534692862472,-1.197100830078125,2.370259643554687,5.195417602539062,5.834684673571526
0.8530216364088534,-0.9816226806640624,2.5953145996093747,7.173028173828125,7.691006055170657
0.855508579955235,-0.7852981445312499,2.7916391357421872,9.265560424804686,9.708787371537108
0.8579955235016165,-0.6081272216796875,2.959233251953125,11.228805786132812,11.628110746802449
0.8604824670479979,-0.38786066894531246,3.0789433349609374,13.000515014648437,13.365766667292773
0.8629694105943795,-0.27293898925781246,3.1124621582031247,14.312537524414061,14.6495954471741
0.8654563541407609,-0.076614453125,3.1364041748046874,15.188815332031249,15.509449123444309
0.8679432976871424,0.047884033203124995,3.0789433349609374,15.5910412109375,15.89222297168296
0.870430241233524,0.09576806640624999,3.0406361083984375,15.428235498046874,15.725300952586988
0.8729171847799054,0.0383072265625,2.882618798828125,14.800954663085937,15.079098697259381
0.8754041283262869,-0.0383072265625,2.7198130859375,13.685256689453125,13.952960306768786
0.8778910718726685,-0.1005564697265625,2.5522189697265625,12.373234179687499,12.634114822116464
0.8803780154190499,-0.28730419921875,2.35589443359375,10.82179150390625,11.078987031274304
0.8828649589654315,-0.430956298828125,2.250549560546875,9.289502441406249,9.567943993610646
0.885351902511813,-0.5746083984375,2.1499930908203124,7.781155395507812,8.093146754580095
0.8878388460581944,-0.689530078125,2.1212626708984375,6.56968935546875,6.938013063907103
0.890325789604576,-0.8667010009765624,2.0254946044921875,5.6215854980468745,6.037882288499144
0.8928127331509574,-0.967257470703125,2.068590234375,5.066130712890625,5.557007555553285
0.8952996766973389,-1.0295067138671874,2.1068974609374997,4.88417138671875,5.417936057175708
0.8977866202437205,-1.0199299072265624,2.1883003173828124,5.118803149414062,5.6595990120470745
0.9002735637901019,-1.0007762939453124,2.2936451904296873,5.722141967773437,6.245419933796143
0.9027605073364834,-0.9337386474609375,2.403778466796875,6.641515405273437,7.124587402627812
0.905247450882865,-0.852335791015625,2.5330653564453125,7.714117749023437,8.163976301194662
0.9077343944292464,-0.7661445312499999,2.6288334228515624,8.90643017578125,9.317845302640121
0.9102213379756279,-0.63206923828125,2.710236279296875,10.103531005859374,10.479801095343372
0.9127082815220094,-0.488417138671875,2.767697119140625,11.190498559570312,11.538022215977614
0.9151952250683909,-0.39264907226562495,2.839523168945312,12.143390820312499,12.477139325012692
0.9176821686147724,-0.296881005859375,2.844311572265625,12.732364428710937,13.04957281282678
0.9201691121611539,-0.1867477294921875,2.858676782226562,13.077129467773437,13.387241044241344
0.9226560557075354,-0.181959326171875,2.7198130859375,13.105859887695312,13.38633840206943
0.9251429992539169,-0.16759411621093748,2.767697119140625,12.746729638671875,13.044820873146701
0.9276299428002984,-0.201112939453125,2.6384102294921874,12.16254443359375,12.447053549039097
0.9301168863466799,-0.28730419921875,2.5426421630859375,11.386823095703125,11.670788880158408
0.9326038298930613,-0.354341845703125,2.446874096679687,10.414777221679687,10.704220455775207
0.9350907734394429,-0.43574470214843747,2.39420166015625,9.495403784179686,9.80228381855776
0.9375777169858244,-0.5458779785156249,2.346317626953125,8.499415893554687,8.834209625404485
0.9400646605322058,-0.6416460449218749,2.2553379638671873,7.6997525390625,8.048878688427592
0.9425516040785874,-0.718260498046875,2.2457611572265623,7.096413720703125,7.477862596607784
0.9450385476249689,-0.7948749511718749,2.2361843505859373,6.675034228515624,7.08437919578428
0.9475254911713503,-0.8906430175781249,2.2553379638671873,6.4643444824218745,6.904168588862775
0.9500124347177319,-0.8188169677734375,2.3367408203125,6.6319385986328125,7.0790838718060245
0.9524993782641133,-0.8858546142578124,2.370259643554687,7.058106494140625,7.497982159094266
0.9549863218104948,-0.8379705810546875,2.408566870117187,7.6231380859375,8.03838437372897
0.9574732653568764,-0.7709329345703124,2.5522189697265625,8.312668164062499,8.729754364519973
0.9599602089032578,-0.689530078125,2.6384102294921874,9.198522778320312,9.594242105086035
0.9624471524496393,-0.5698199951171875,2.6815058593749996,9.993397729492187,10.362584942016998
0.9649340959960209,-0.49799394531249996,2.767697119140625,10.778695874023438,11.139498644802517
0.9674210395424023,-0.4740519287109375,2.70065947265625,11.3772462890625,11.702991922596073
0.9699079830887838,-0.38786066894531246,2.7581203125,11.865663427734374,12.188175915083145
0.9723949266351654,-0.296881005859375,2.7437551025390623,12.076353173828124,12.387680831107081
0.9748818701815468,-0.3016694091796875,2.7150246826171873,12.090718383789062,12.395476372279937
0.9773688137279283,-0.296881005859375,2.6671406494140624,11.880028637695311,12.179361970475204
0.9798557572743098,-0.354341845703125,2.5426421630859375,11.439495532226562,11.724020016400095
0.9823427008206913,-0.3591302490234375,2.5043349365234375,10.864887133789061,11.155556482759188
0.9848296443670728,-0.4165910888671875,2.437297290039062,10.17056865234375,10.466825350954924
0.9873165879134543,-0.47884033203125,2.427720483398437,9.404424121093749,9.724520957790263
0.9898035314598358,-0.55545478515625,2.29843359375,8.643067993164061,8.960689222246721
0.9922904750062173,-0.612915625,2.3032219970703123,8.06367119140625,8.408524853639477
0.9947774185525988,-0.70868369140625,2.27927998046875,7.498639599609374,7.869367550741333
0.9972643620989803,-0.7996633544921875,2.2840683837890623,7.220912207031249,7.615641992898261
0.9997513056453617,-0.7948749511718749,2.27927998046875,7.029376074218749,7.432299200796825
1.0022382491917432,-1.350329736328125,1.8195932617187498,9.6151138671875,9.878498100110443
1.0047251927381249,-1.1827356201171875,1.9728221679687499,9.586383447265625,9.858480534622528
1.0072121362845063,-0.9624690673828125,2.1068974609374997,9.576806640625,9.852948241439854
1.0096990798308878,-0.7278373046875,2.346317626953125,9.557653027343749,9.868317229383074
1.0121860233772693,-0.507570751953125,2.4899697265625,9.562441430664062,9.894334915612902
1.0146729669236507,-0.3064578125,2.6336218261718747,9.552864624023437,9.913985214788733
1.0171599104700322,-0.062249243164062495,2.85388837890625,9.476250170898437,9.896861681815267
1.0196468540164139,0.12449848632812499,3.0358477050781247,9.5001921875,9.97424296681017
1.0221337975627953,0.32082302246093747,3.1651345947265623,9.4618849609375,9.98239808004525
1.0246207411091768,0.469263525390625,3.318363500976562,9.452308154296874,10.028852079109685
1.0271076846555582,0.622492431640625,3.42849677734375,9.452308154296874,10.074136013747953
1.0295946282019397,0.7134720947265625,3.5194764404296874,9.394847314453125,10.057778726268552
1.0320815717483212,0.7565677246093749,3.4811692138671875,9.433154541015625,10.083418984262282
1.0345685152947028,0.7996633544921875,3.5625720703124997,9.414000927734374,10.097266694708624
1.0370554588410843,0.7661445312499999,3.5625720703124997,9.34696328125,10.03217921390815
1.0395424023874658,0.689530078125,3.5194764404296874,9.404424121093749,10.06505634324958
1.0420293459338472,0.5458779785156249,3.4668040039062498,9.404424121093749,10.037923381772679
1.0445162894802287,0.430956298828125,3.323151904296875,9.399635717773437,9.979088812981562
1.0470032330266101,0.2825157958984375,3.21780703125,9.418789331054686,9.957293293264172
1.0494901765729918,0.08140285644531249,3.0837317382812497,9.4618849609375,9.952049782468725
1.0519771201193733,-0.143652099609375,2.887407202148437,9.399635717773437,9.834170422744513
1.0544640636657547,-0.37828386230468747,2.7150246826171873,9.471461767578125,9.860174730824747
1.0569510072121362,-0.5506663818359374,2.5761609863281247,9.504980590820312,9.863290268639275
1.0594379507585177,-0.8044517578125,2.346317626953125,9.548076220703125,9.864994097998997
1.0619248943048991,-1.0630255371093749,2.1883003173828124,9.509768994140625,9.816027093153462
1.0644118378512808,-1.22583125,1.9680337646484374,9.543287817382812,9.820904312622135
1.0668987813976623,-1.4030021728515625,1.838746875,9.548076220703125,9.824213183950404
1.0693857249440437,-1.6136919189453125,1.7238251953125,9.567229833984374,9.854311828308674
1.0718726684904252,-1.695094775390625,1.6519991455078125,9.629479077148437,9.916113894644143
1.0743596120368066,-1.8100164550781248,1.5275006591796874,9.643844287109374,9.930415422602424
1.076846555583188,-1.886630908203125,1.4891934326171874,9.572018237304688,9.869174555089755
1.0793334991295698,-1.915361328125,1.4700398193359374,9.706093530273437,10.001893706000173
1.0818204426759512,-1.8770541015625,1.4700398193359374,9.6151138671875,9.90629920048891
1.0843073862223327,-1.8531120849609375,1.5035586425781249,9.600748657226562,9.892880660876148
1.0867943297687142,-1.7094599853515624,1.5705962890624998,9.639055883789062,9.914657052845731
1.0892812733150956,-1.599326708984375,1.656787548828125,9.667786303710937,9.938253514488522
1.0917682168614773,-1.4508862060546874,1.7477672119140624,9.605537060546874,9.870466211456332
1.0942551604078588,-1.2593500732421874,1.8770541015625,9.629479077148437,9.891216406711928
1.0967421039542402,-1.0342951171875,2.068590234375,9.572018237304688,9.84745475148188
1.0992290475006217,-0.8475473876953125,2.212242333984375,9.605537060546874,9.893366208738119
1.1017159910470031,-0.6272808349609375,2.418143676757812,9.5384994140625,9.860216587855652
1.1042029345933846,-0.39743747558593745,2.6048914062499997,9.533711010742186,9.891160772209803
1.1066898781397663,-0.1005564697265625,2.7964275390625,9.514557397460937,9.917505787969557
1.1091768216861477,0.086191259765625,2.9927520751953125,9.519345800781249,9.979075026859826
1.1116637652325292,0.26815058593749996,3.1220389648437497,9.495403784179686,9.99908621121726
1.1141507087789106,0.4165910888671875,3.2609026611328122,9.466673364257812,10.021224420511444
1.116637652325292,0.5219359619140624,3.3710359375,9.418789331054686,10.017479368735692
1.1191245958716736,0.6512228515624999,3.4524387939453125,9.437942944335937,10.070659951009976
1.1216115394180552,0.718260498046875,3.5434184570312497,9.356540087890625,10.030780374476782
1.1240984829644367,0.7805097412109374,3.5386300537109374,9.404424121093749,10.078407173882258
1.1265854265108182,0.7757213378906249,3.5960908935546874,9.380482104492186,10.076063607454248
1.1290723700571996,0.7422025146484375,3.5577836669921874,9.361328491210937,10.042069523470971
1.131559313603581,0.6464344482421874,3.4811692138671875,9.375693701171874,10.021978296207033
1.1340462571499625,0.5027823486328125,3.404554760742187,9.390058911132812,10.000849442099094
1.1365332006963442,0.3591302490234375,3.2800562744140622,9.3852705078125,9.948419281669917
1.1390201442427257,0.1771709228515625,3.1555577880859373,9.428366137695312,9.943994293858655
1.1415070877891071,-0.033518823242187495,2.987963671875,9.442731347656249,9.904252910743256
1.1439940313354886,-0.229843359375,2.85388837890625,9.485826977539062,9.908502424529793
1.14648097488187,-0.45010991210937495,2.6671406494140624,9.476250170898437,9.854722496254709
1.1489679184282515,-0.6943184814453125,2.427720483398437,9.466673364257812,9.797643057630605
1.1514548619746332,-0.9097966308593749,2.2553379638671873,9.481038574218749,9.787970764494935
1.1539418055210147,-1.139639990234375,2.1212626708984375,9.5384994140625,9.837759180746357
1.1564287490673961,-1.3311761230468748,1.9488801513671874,9.552864624023437,9.840090763803023
1.1589156926137776,-1.4891934326171874,1.7908628417968748,9.572018237304688,9.851315644784329
1.161402636160159,-1.68551796875,1.66636435546875,9.557653027343749,9.847155547631461
1.1638895797065405,-1.7286135986328124,1.5849614990234373,9.662997900390625,9.943527359529842
1.1663765232529222,-1.8195932617187498,1.484405029296875,9.572018237304688,9.855856688506975
1.1688634667993036,-1.89620771484375,1.4317325927734375,9.595960253906249,9.885743022635738
1.171350410345685,-1.8722656982421875,1.4508862060546874,9.658209497070311,9.944418550977892
1.1738373538920666,-1.886630908203125,1.4317325927734375,9.639055883789062,9.92575602822302
1.176324297438448,-1.8052280517578123,1.5035586425781249,9.624690673828125,9.907280528853454
1.1788112409848295,-1.6615759521484375,1.5418658691406248,9.643844287109374,9.906660266567682
1.1812981845312112,-1.5418658691406248,1.70467158203125,9.605537060546874,9.87671999109751
1.1837851280775926,-1.3646949462890625,1.8148048583984373,9.586383447265625,9.851632177893258
1.186272071623974,-1.1635820068359375,2.01112939453125,9.581595043945311,9.859286389710835
1.1887590151703555,-0.967257470703125,2.1212626708984375,9.586383447265625,9.86580406918699
1.191245958716737,-0.699106884765625,2.3367408203125,9.552864624023437,9.859327087715464
1.1937329022631185,-0.5267243652343749,2.4564509033203126,9.524134204101562,9.849909742484549
1.1962198458095001,-0.2825157958984375,2.6767174560546874,9.524134204101562,9.89715938298547
1.1987067893558816,-0.009576806640625,2.839523168945312,9.5001921875,9.91547452932227
1.201193732902263,0.16280571289062498,3.0406361083984375,9.457096557617186,9.935222641890872
1.2036806764486445,0.3495534423828125,3.189076611328125,9.476250170898437,10.004584676209923
1.206167619995026,0.488417138671875,3.323151904296875,9.409212524414063,9.990754236291213
1.2086545635414074,0.612915625,3.404554760742187,9.433154541015625,10.047440633163509
1.2111415070877891,0.7565677246093749,3.5386300537109374,9.418789331054686,10.089989585809118
1.2136284506341706,0.74699091796875,3.5290532470703124,9.370905297851563,10.04121896751026
1.216115394180552,-7.1778165771484375,-2.6671406494140624,10.175357055664062,12.73469988924734
1.2186023377269335,-7.307103466796875,-2.806004345703125,10.156203442382813,12.822475963153458
1.221089281273315,-7.201758593749999,-2.767697119140625,10.098742602539062,12.70866146918269
1.2235762248196966,-6.943184814453125,-2.5809493896484375,9.950302099609374,12.404742117153013
1.226063168366078,-6.4643444824218745,-2.2936451904296873,9.873687646484374,12.022406813418746
1.2285501119124596,-5.9376201171875,-1.8531120849609375,9.801861596679688,11.60886935993002
1.231037055458841,-5.2433016357421875,-1.2832920898437499,9.730035546875,11.127112939782867
1.2335239990052225,-4.544194750976562,-0.7565677246093749,9.643844287109374,10.687648632451184
1.236010942551604,-3.758896606445312,-0.15322890625,9.548076220703125,10.26248226853587
1.2384978860979856,-2.9975404785156248,0.469263525390625,9.437942944335937,9.913638292632136
1.240984829644367,-2.2744915771484373,1.01514150390625,9.366116894531249,9.691644333625533
1.2434717731907485,-1.5514426757812498,1.6136919189453125,9.332598071289063,9.59731018284462
1.24595871673713,-0.9241618408203125,2.1452046874999997,9.3086560546875,9.59724209363141
1.2484456602835114,-0.33518823242187495,2.6240450195312497,9.289502441406249,9.658820788511065
1.250932603829893,0.16759411621093748,2.9496564453125,9.251195214843749,9.711496992550117
1.2534195473762746,0.565031591796875,3.299209887695312,9.270348828125,9.856135854274411
1.255906490922656,0.8571241943359375,3.5482068603515624,9.265560424804686,9.958666767899643
1.2583934344690375,1.1061211669921875,3.821145849609375,9.270348828125,10.087815771274458
1.260880378015419,1.3215993164062498,3.9264907226562498,9.313444458007812,10.193341052894654
1.2633673215618004,1.3551181396484375,3.9983167724609374,9.313444458007812,10.225611466203041
1.2658542651081819,1.4030021728515625,3.9983167724609374,9.337386474609374,10.253864553727377
1.2683412086545636,1.350329736328125,3.9983167724609374,9.380482104492186,10.286076604928265
1.270828152200945,1.2832920898437499,3.9264907226562498,9.447519750976562,10.311149180768039
1.2733150957473265,1.1061211669921875,3.778050219726562,9.428366137695312,10.217203899564876
1.275802039293708,0.97683427734375,3.6918589599609373,9.4618849609375,10.203494244603306
1.2782889828400894,0.7948749511718749,3.5865140869140624,9.509768994140625,10.194636619593261
1.2807759263864709,0.6272808349609375,3.4668040039062498,9.5001921875,10.13241643670678
1.2832628699328525,0.49320554199218747,3.347093920898437,9.557653027343749,10.138787936092767
1.285749813479234,0.2920926025390625,3.1938650146484373,9.586383447265625,10.108651711195796
1.2882367570256155,0.1292868896484375,3.0933085449218747,9.572018237304688,10.060258743651437
1.290723700571997,-0.0143652099609375,2.959233251953125,9.572018237304688,10.019021954962263
1.2932106441183784,-0.0909796630859375,2.858676782226562,9.528922607421874,9.948903271344642
1.2956975876647598,-0.2537853759765625,2.7341782958984373,9.581595043945311,9.967301618641777
1.2981845312111415,-0.296881005859375,2.7054478759765623,9.533711010742186,9.914596924616399
1.300671474757523,-0.33518823242187495,2.70065947265625,9.548076220703125,9.928326760071835
1.3031584183039044,-0.44532150878906246,2.6001030029296874,9.524134204101562,9.882711126496183
1.305645361850286,-0.5123591552734374,2.5522189697265625,9.485826977539062,9.836526166347166
1.3081323053966674,-0.5506663818359374,2.5043349365234375,9.481038574218749,9.821660724347996
1.3106192489430488,-0.603338818359375,2.4947581298828125,9.471461767578125,9.81307412949937
1.3131061924894305,-0.6416460449218749,2.50912333984375,9.490615380859374,9.837641479994941
1.315593136035812,-0.6655880615234374,2.4516625,9.495403784179686,9.82936160216739
1.3180800795821934,-0.6943184814453125,2.442085693359375,9.452308154296874,9.787338255683935
1.3205670231285749,-0.7661445312499999,2.3319524169921872,9.423577734375,9.738007847280072
1.3230539666749563,-0.7805097412109374,2.384624853515625,9.504980590820312,9.830579188430375
1.3255409102213378,-0.8571241943359375,2.3223756103515623,9.466673364257812,9.784988244531526
1.3280278537677195,-0.9193734375,2.212242333984375,9.452308154296874,9.751173934744491
1.330514797314101,-0.9911994873046874,2.1452046874999997,9.414000927734374,9.70606990714
1.3330017408604824,-1.0630255371093749,2.1452046874999997,9.481038574218749,9.778651179464504
1.3354886844068639,-1.1348515869140625,2.068590234375,9.481038574218749,9.770212184384578
1.3379756279532453,-1.2306196533203124,2.001552587890625,9.5001921875,9.78643393134935
1.3404625714996268,-1.2401964599609374,1.9776105712890624,9.524134204101562,9.80602687986889
1.3429495150460085,-1.2832920898437499,1.9680337646484374,9.548076220703125,9.832891487401268
1.34543645859239,-1.3742717529296875,1.848323681640625,9.552864624023437,9.826603981433893
1.3479234021387714,-1.3742717529296875,1.9009961181640624,9.567229833984374,9.850598752789393
1.3504103456851528,-1.407790576171875,1.8243816650390623,9.5384994140625,9.812910569151219
1.3528972892315343,-1.3742717529296875,1.8243816650390623,9.5384994140625,9.808157950538
1.3553842327779158,-1.3168109130859373,1.8770541015625,9.6151138671875,9.88472244223358
1.3578711763242974,-1.2832920898437499,1.886630908203125,9.586383447265625,9.85418501803428
1.360358119870679,-1.20667763671875,1.9728221679687499,9.557653027343749,9.833454612519407
1.3628450634170604,-1.1156979736328125,2.0542250244140625,9.6151138671875,9.8952027315401
1.3653320069634418,-0.93852705078125,2.0973206542968748,9.634267480468749,9.904478625208197
1.3678189505098233,-0.82360537109375,2.269703173828125,9.610325463867188,9.908997619640143
1.370305894056205,-0.7038952880859375,2.3319524169921872,9.528922607421874,9.835336125925792
1.3727928376025864,-0.507570751953125,2.418143676757812,9.567229833984374,9.881140298870507
1.3752797811489679,-0.373495458984375,2.6336218261718747,9.548076220703125,9.911671014391434
1.3777667246953493,-0.2059013427734375,2.748543505859375,9.495403784179686,9.887344425636822
1.3802536682417308,-0.023942016601562498,2.8730419921875,9.495403784179686,9.92056634137616
1.3827406117881123,0.105344873046875,3.0166940917968748,9.485826977539062,9.95451928691523
1.385227555334494,0.2442085693359375,3.1124621582031247,9.485826977539062,9.98638933546011
1.3877144988808754,0.3495534423828125,3.1794998046874996,9.433154541015625,9.960713388697279
1.3902014424272569,0.45489831542968745,3.2225954345703123,9.404424121093749,9.951645434886842
1.3926883859736383,0.488417138671875,3.294421484375,9.428366137695312,9.999292587203337
1.3951753295200198,0.55545478515625,3.375824340820312,9.414000927734374,10.016393236380624
1.3976622730664012,0.55545478515625,3.3710359375,9.390058911132812,9.992278001777883
1.400149216612783,0.55545478515625,3.380612744140625,9.409212524414063,10.013508519684269
1.4026361601591644,0.51714755859375,3.418919970703125,9.4618849609375,10.07391296257057
1.4051231037055458,0.40222587890625,3.289633081054687,9.394847314453125,9.962260161605817
1.4076100472519273,0.2920926025390625,3.2513258544921873,9.418789331054686,9.968451753574222
1.4100969907983087,0.15322890625,3.1124621582031247,9.380482104492186,9.884550788814593
1.4125839343446902,-0.0143652099609375,2.9975404785156248,9.394847314453125,9.861471053625012
1.4150708778910719,-0.201112939453125,2.877830395507812,9.394847314453125,9.827792746166924
1.4175578214374533,-0.39743747558593745,2.6719290527343746,9.409212524414063,9.789302413320195
1.4200447649838348,-0.5698199951171875,2.4851813232421875,9.437942944335937,9.776276799312079
1.4225317085302163,-0.8092401611328125,2.39420166015625,9.533711010742186,9.86299735700218
1.4250186520765977,-1.01514150390625,2.2074539306640624,9.519345800781249,9.824525922598447
1.4275055956229792,-1.16837041015625,2.0446482177734375,9.543287817382812,9.82954821521213
1.4299925391693609,-1.3455413330078123,1.915361328125,9.572018237304688,9.85406635006091
1.4324794827157423,-1.4796166259765624,1.8100164550781248,9.552864624023437,9.834767280034557
1.4349664262621238,-1.6615759521484375,1.6424223388671875,9.5384994140625,9.820456041143844
1.4374533698085052,-1.6998831787109374,1.62805712890625,9.610325463867188,9.89436851737901
1.4399403133548867,-1.8004396484374998,1.5418658691406248,9.595960253906249,9.8844011695517
1.4424272569012682,-1.8052280517578123,1.4604630126953124,9.581595043945311,9.858943356996313
1.4449142004476498,-1.7860744384765623,1.5610194824218748,9.639055883789062,9.926643040579657
1.4474011439940313,-1.7764976318359373,1.5035586425781249,9.619902270507811,9.897431592171346
1.4498880875404128,-1.6519991455078125,1.5897499023437498,9.610325463867188,9.880018291997974
1.4523750310867942,-1.5466542724609373,1.70467158203125,9.605537060546874,9.877468646502813
1.4548619746331757,-1.4030021728515625,1.8148048583984373,9.634267480468749,9.903587312499972
1.4573489181795571,-1.235408056640625,1.9201497314453124,9.576806640625,9.845223892299309
1.4598358617259388,-1.0295067138671874,2.0829554443359375,9.591171850585937,9.86859488095739
1.4623228052723203,-0.833182177734375,2.212242333984375,9.524134204101562,9.813120860526691
1.4648097488187017,-0.612915625,2.398990063476562,9.509768994140625,9.826826812860132
1.4672966923650832,-0.411802685546875,2.499546533203125,9.562441430664062,9.892300058042716
1.4697836359114647,-0.1771709228515625,2.748543505859375,9.490615380859374,9.88218909184146
1.4722705794578461,-0.023942016601562498,2.906560815429687,9.466673364257812,9.902856839291303
1.4747575230042278,0.22026655273437498,3.0741549316406247,9.457096557617186,9.946638688425287
1.4772444665506093,0.3399766357421875,3.1555577880859373,9.414000927734374,9.934613356048843
1.4797314100969907,0.507570751953125,3.3327287109375,9.452308154296874,10.03547897076829
1.4822183536433722,0.622492431640625,3.423708374023437,9.380482104492186,10.00513470026797
1.4847052971897536,0.7038952880859375,3.447650390625,9.414000927734374,10.050133096628619
1.487192240736135,0.7422025146484375,3.5242648437499997,9.423577734375,10.088365803114543
1.4896791842825168,0.7038952880859375,3.5003228271484375,9.366116894531249,10.023565939967158
1.4921661278288982,0.6655880615234374,3.5338416503906247,9.342174877929686,10.0103584215301
1.4946530713752797,0.63206923828125,3.4668040039062498,9.342174877929686,9.984711962460528
1.4971400149216612,0.507570751953125,3.347093920898437,9.370905297851563,9.963660566521524
1.4996269584680426,0.40222587890625,3.308786694335937,9.394847314453125,9.968601261368796
1.5021139020144243,0.2154781494140625,3.1316157714843746,9.414000927734374,9.923550858461311
1.5046008455608058,0.08140285644531249,3.0454245117187497,9.399635717773437,9.88101151241395
1.5070877891071872,-0.1771709228515625,2.85388837890625,9.447519750976562,9.87074960984486
1.5095747326535687,-0.38786066894531246,2.6958710693359373,9.4618849609375,9.84608672189172
1.5120616761999501,-0.6847416748046875,2.4851813232421875,9.423577734375,9.769790923372637
1.5145486197463316,-0.8379705810546875,2.3032219970703123,9.471461767578125,9.783435709258574
1.5170355632927133,-1.120486376953125,2.0877438476562498,9.5001921875,9.791211145399739
1.5195225068390947,-1.2593500732421874,1.9919757812499999,9.533711010742186,9.820670840447125
1.5220094503854762,-1.465251416015625,1.8291700683593748,9.586383447265625,9.86871685930476
1.5244963939318577,-1.6136919189453125,1.6903063720703124,9.591171850585937,9.871763505483859
1.5269833374782391,-1.7429788085937499,1.5370774658203123,9.600748657226562,9.87800369722431
1.5294702810246206,-1.8243816650390623,1.4987702392578124,9.624690673828125,9.910063130812523
1.5319572245710023,-1.8914193115234375,1.484405029296875,9.600748657226562,9.897236992324842
1.5344441681173837,-1.924938134765625,1.4508862060546874,9.634267480468749,9.931241991352964
1.5369311116637652,-1.8914193115234375,1.4413093994140624,9.65342109375,9.942000734766648
1.5394180552101466,-1.8100164550781248,1.4891934326171874,9.643844287109374,9.924595169648779
1.541904998756528,-1.6998831787109374,1.5705962890624998,9.629479077148437,9.903698441578317
1.5443919423029095,-1.5227122558593749,1.6807295654296874,9.619902270507811,9.883624040825064
1.5468788858492912,-1.3742717529296875,1.7717092285156248,9.629479077148437,9.887084693606472
1.5493658293956727,-1.254561669921875,1.9201497314453124,9.576806640625,9.847645678370325
1.5518527729420541,-0.97683427734375,2.068590234375,9.5384994140625,9.808987808903423
1.5543397164884356,-0.8188169677734375,2.2553379638671873,9.576806640625,9.872802843665692
1.556826660034817,-0.55545478515625,2.528276953125,9.581595043945311,9.925103422947963
1.5593136035811985,-0.3112462158203125,2.6575638427734374,9.528922607421874,9.897468658374972
1.5618005471275802,-0.11013327636718749,2.849099975585937,9.509768994140625,9.928001124665808
1.5642874906739617,0.1149216796875,3.0119056884765625,9.490615380859374,9.957738858603603
1.5667744342203431,0.2920926025390625,3.1268273681640624,9.437942944335937,9.946714759120136
1.5692613777667246,0.45010991210937495,3.2704794677734372,9.428366137695312,9.989630769380135
1.571748321313106,0.5793968017578125,3.380612744140625,9.394847314453125,10.001369868254063
1.5742352648594875,0.699106884765625,3.4859576171874997,9.394847314453125,10.045088700805053
1.5767222084058692,0.7757213378906249,3.5817256835937497,9.418789331054686,10.106636182695185
1.5792091519522506,0.7757213378906249,3.6056677001953124,9.366116894531249,10.066117863422535
1.581696095498632,0.7661445312499999,3.5817256835937497,9.390058911132812,10.079134023805027
1.5841830390450136,0.718260498046875,3.6008792968749996,9.3852705078125,10.077972631364537
1.586669982591395,0.6416460449218749,3.4955344238281247,9.399635717773437,10.049060761184275
1.5891569261377765,0.4740519287109375,3.39018955078125,9.428366137695312,10.03056321687773
1.5916438696841582,0.316034619140625,3.284844677734375,9.409212524414063,9.971126454264114
1.5941308132305396,0.1388636962890625,3.1411925781249996,9.3852705078125,9.897963247245857
1.596617756776921,-0.08140285644531249,2.9640216552734375,9.447519750976562,9.90190285970629
1.5991047003233025,-8.350975390624999,-3.5865140869140624,10.256759912109374,13.704123363612547
1.601591643869684,-8.465897070312499,-3.744531396484375,10.189722265624999,13.766748651550113
1.6040785874160655,-8.398859423828124,-3.706224169921875,10.108319409179687,13.654854759276583
1.6065655309624471,-8.149862451171874,-3.5386300537109374,10.0748005859375,13.432935921698355
1.6090524745088286,-7.71890615234375,-3.189076611328125,9.993397729492187,13.02381357365921
1.61153941805521,-7.029376074218749,-2.6862942626953124,9.849745629882811,12.395394057148176
1.6140263616015915,-6.311115576171875,-2.1547814941406247,9.787496386718749,11.843493936475111
1.616513305147973,-5.482721801757812,-1.5466542724609373,9.725247143554688,11.270883274935054
1.6190002486943544,-4.6064439941406246,-0.842758984375,9.6151138671875,10.694857813729007
1.6214871922407361,-3.69664736328125,-0.21068974609375,9.562441430664062,10.25426145621633
1.6239741357871176,-2.7820623291015623,0.5602431884765625,9.471461767578125,9.88748356498935
1.626461079333499,-1.848323681640625,1.3072341064453123,9.399635717773437,9.668418333316447
1.6289480228798805,-1.0869675537109373,1.9105729248046874,9.361328491210937,9.615937732960562
1.631434966426262,-0.2537853759765625,2.5665841796874997,9.318232861328125,9.668568923393837
1.6339219099726436,0.43574470214843747,3.1220389648437497,9.270348828125,9.791647876561514
1.636408853519025,1.0678139404296874,3.6296097167968746,9.260772021484375,10.003808861706128
1.6388957970654066,1.5945383056640625,4.108450048828125,9.227253198242186,10.225659675366499
1.641382740611788,1.9919757812499999,4.458003491210937,9.212887988281249,10.426843612779104
1.6438696841581695,2.3127988037109373,4.721365673828124,9.2320416015625,10.624072866157778
1.646356627704551,2.5857377929687497,4.932055419921875,9.2320416015625,10.7815491805282
1.6488435712509326,2.6910826660156246,5.080495922851562,9.284714038085937,10.920589705069556
1.651330514797314,2.6958710693359373,5.118803149414062,9.294290844726563,10.947771865146889
1.6538174583436955,2.7150246826171873,5.104437939453125,9.294290844726563,10.945797732980315
1.656304401890077,2.5761609863281247,5.0182466796875,9.356540087890625,10.925394619050518
1.6587913454364585,2.403778466796875,4.874594580078124,9.394847314453125,10.85370808983964
1.66127828898284,2.1452046874999997,4.740519287109374,9.366116894531249,10.714409547182319
1.6637652325292216,1.867477294921875,4.486733911132812,9.394847314453125,10.577400847951493
1.666252176075603,1.5801730957031248,4.247313745117188,9.390058911132812,10.42640050143817
1.6687391196219845,1.254561669921875,3.9695863525390624,9.437942944335937,10.315343320241068
1.671226063168366,0.8283937744140625,3.6679169433593746,9.442731347656249,10.163908020681845
1.6737130067147474,0.49799394531249996,3.4428619873046875,9.543287817382812,10.157540991726426
1.676199950261129,0.11013327636718749,3.1411925781249996,9.490615380859374,9.997549722748843
1.6786868938075106,-0.22026655273437498,2.85388837890625,9.548076220703125,9.96789625497106
1.681173837353892,-0.5698199951171875,2.5617957763671875,9.514557397460937,9.869868028308522
1.6836607809002735,-0.8810662109374999,2.346317626953125,9.595960253906249,9.917859510456639
1.686147724446655,-1.1875240234375,2.0733786376953125,9.567229833984374,9.861085081154767
1.6886346679930364,-1.4173673828125,1.8818425048828125,9.552864624023437,9.839079430310685
1.6911216115394179,-1.675941162109375,1.656787548828125,9.581595043945311,9.867151936955354
1.6936085550857995,-1.89620771484375,1.5370774658203123,9.586383447265625,9.892267608176294
1.696095498632181,-2.0733786376953125,1.35990654296875,9.595960253906249,9.911140094631342
1.6985824421785625,-2.1930887207031247,1.2306196533203124,9.552864624023437,9.878324017409629
1.701069385724944,-2.27927998046875,1.139639990234375,9.600748657226562,9.933190389595111
1.7035563292713254,-2.308010400390625,1.149216796875,9.619902270507811,9.959424227768002
1.7060432728177068,-2.308010400390625,1.1540052001953125,9.591171850585937,9.932231243676377
1.7085302163640885,-2.24097275390625,1.139639990234375,9.610325463867188,9.933735134004008
1.71101715991047,-2.2074539306640624,1.158793603515625,9.600748657226562,9.919174877518321
1.7135041034568514,-2.1260510742187497,1.2641384765625,9.629479077148437,9.942082606544364
1.715991047003233,-1.9728221679687499,1.3646949462890625,9.605537060546874,9.900543511565177
1.7184779905496144,-1.8004396484374998,1.5131354492187499,9.595960253906249,9.879960273700327
1.7209649340959958,-1.6328455322265625,1.5849614990234373,9.600748657226562,9.866745272111595
1.7234518776423775,-1.426944189453125,1.8052280517578123,9.610325463867188,9.881972149329375
1.725938821188759,-1.2114660400390624,1.93451494140625,9.581595043945311,9.849718859482707
1.7284257647351404,-0.97683427734375,2.1260510742187497,9.5384994140625,9.821266183524965
1.7309127082815219,-0.7517793212890624,2.2601263671875,9.552864624023437,9.84533218680266
1.7333996518279033,-0.5027823486328125,2.5043349365234375,9.533711010742186,9.869960952340964
1.7358865953742848,-0.296881005859375,2.6431986328124997,9.514557397460937,9.879344098355952
1.7383735389206665,-0.06703764648437499,2.834734765625,9.476250170898437,9.89138678542811
1.740860482467048,0.1388636962890625,3.0214824951171875,9.481038574218749,9.951820538990368
1.7433474260134294,0.3016694091796875,3.1411925781249996,9.457096557617186,9.969692600346173
1.7458343695598109,0.5363011718749999,3.342305517578125,9.476250170898437,10.062700553094102
1.7483213131061923,0.6272808349609375,3.4428619873046875,9.481038574218749,10.106278857985304
1.7508082566525738,0.7230489013671875,3.5098996337890624,9.409212524414063,10.068538895124323
1.7532952001989555,0.8044517578125,3.5577836669921874,9.418789331054686,10.100423739356364
1.755782143745337,0.86191259765625,3.6248213134765623,9.390058911132812,10.102248721704353
1.7582690872917184,0.8810662109374999,3.6487633300781246,9.428366137695312,10.148095364816896
1.7607560308380998,0.8188169677734375,3.6104561035156246,9.437942944335937,10.138077802160891
1.7632429743844813,0.7422025146484375,3.5529952636718747,9.428366137695312,10.102906905582415
1.765729917930863,0.6464344482421874,3.4907460205078125,9.428366137695312,10.07458551514676
1.7682168614772444,0.4836287353515625,3.414131567382812,9.390058911132812,10.003169371134446
1.770703805023626,0.411802685546875,3.265691064453125,9.437942944335937,9.995453296414981
1.7731907485700074,0.17238251953125,3.1124621582031247,9.409212524414063,9.91213482297718
1.7756776921163888,-0.0143652099609375,3.0071172851562498,9.428366137695312,9.896314907700862
1.7781646356627703,-0.27293898925781246,2.85388837890625,9.447519750976562,9.872932898394755
1.780651579209152,-0.5027823486328125,2.6479870361328124,9.476250170898437,9.852103467538129
1.7831385227555334,-0.7230489013671875,2.4516625,9.471461767578125,9.81030258159088
1.7856254663019149,-0.9002198242187499,2.2649147705078123,9.519345800781249,9.826402145466696
1.7881124098482963,-1.1013327636718748,2.1068974609374997,9.533711010742186,9.825660100145374
1.7905993533946778,-1.3407529296874998,1.9632453613281249,9.524134204101562,9.816368121916543
1.7930862969410593,-1.4939818359375,1.7860744384765623,9.5384994140625,9.818605537343947
1.795573240487441,-1.6615759521484375,1.6615759521484375,9.567229833984374,9.851576319848345
1.7980601840338224,-1.7381904052734374,1.5418658691406248,9.629479077148437,9.905832803992046
1.8005471275802039,-1.8339584716796873,1.4987702392578124,9.591171850585937,9.879286076098955
1.8030340711265853,-1.8914193115234375,1.4939818359375,9.586383447265625,9.884745638412925
1.8055210146729668,-1.867477294921875,1.4221557861328125,9.624690673828125,9.90679913463243
1.8080079582193482,-1.9009961181640624,1.388636962890625,9.595960253906249,9.880513754381875
1.81049490176573,-1.848323681640625,1.4508862060546874,9.548076220703125,9.832961442586349
1.8129818453121114,-1.7286135986328124,1.5418658691406248,9.648632690429688,9.922780261934026
1.8154687888584928,-1.608903515625,1.6519991455078125,9.562441430664062,9.836562296566296
1.8179557324048743,-1.4221557861328125,1.8052280517578123,9.634267480468749,9.904568909553914
1.8204426759512558,-1.2785036865234374,1.886630908203125,9.629479077148437,9.8954946898819
1.8229296194976372,-1.0295067138671874,2.0542250244140625,9.591171850585937,9.862570759812
1.825416563044019,-0.8283937744140625,2.2601263671875,9.586383447265625,9.88398477533998
1.8279035065904004,-0.603338818359375,2.346317626953125,9.586383447265625,9.88776879454099
1.8303904501367818,-0.36391865234375,2.6144682128906247,9.524134204101562,9.883168174197811
1.8328773936831633,-0.19632453613281248,2.7341782958984373,9.548076220703125,9.933782451493808
1.8353643372295447,0.0383072265625,2.906560815429687,9.466673364257812,9.902901988959929
1.8378512807759262,0.22026655273437498,3.0693665283203124,9.457096557617186,9.94515980462463
1.8403382243223079,0.411802685546875,3.208230224609375,9.452308154296874,9.990418012761424
1.8428251678686893,0.55545478515625,3.356670727539062,9.457096557617186,10.050494698847686
1.8453121114150708,0.6368576416015624,3.4524387939453125,9.418789331054686,10.051791568889321
1.8477990549614522,0.7757213378906249,3.5386300537109374,9.3852705078125,10.060166437783232
1.8502859985078337,0.7900865478515624,3.6296097167968746,9.3852705078125,10.093641857831958
1.8527729420542152,0.7661445312499999,3.6104561035156246,9.394847314453125,10.093836078521615
1.8552598856005968,0.7661445312499999,3.5865140869140624,9.394847314453125,10.085297060586981
1.8577468291469783,0.6655880615234374,3.4907460205078125,9.356540087890625,10.00865413847626
1.8602337726933598,0.5123591552734374,3.4428619873046875,9.366116894531249,9.99199460816727
1.8627207162397412,0.38307226562499996,3.299209887695312,9.399635717773437,9.969186620311596
1.8652076597861227,0.27293898925781246,3.1794998046874996,9.437942944335937,9.962855098836148
1.8676946033325041,0.033518823242187495,3.0071172851562498,9.404424121093749,9.873554118330793
1.8701815468788858,-0.1580173095703125,2.906560815429687,9.447519750976562,9.885782452037239
1.8726684904252673,-0.354341845703125,2.73896669921875,9.4618849609375,9.856711608698957
1.8751554339716487,-0.612915625,2.5139117431640625,9.490615380859374,9.837031977339091
1.8776423775180302,-0.8044517578125,2.3223756103515623,9.509768994140625,9.822233830861583
1.8801293210644117,-1.0917559570312498,2.1356278808593747,9.533711010742186,9.830792600373783
1.8826162646107931,-1.2880804931640624,1.9823989746093749,9.509768994140625,9.799222590252784
1.8851032081571748,-1.455674609375,1.8626888916015625,9.5384994140625,9.827083471068391
1.8875901517035563,-1.5945383056640625,1.695094775390625,9.600748657226562,9.87877894706751
1.8900770952499377,-1.70467158203125,1.608903515625,9.624690673828125,9.906015661811235
1.8925640387963192,-1.8243816650390623,1.4987702392578124,9.595960253906249,9.882162409329453
1.8950509823427006,-1.8914193115234375,1.4891934326171874,9.634267480468749,9.930471991651334
1.897537925889082,-1.89620771484375,1.4508862060546874,9.605537060546874,9.897828888311427
1.9000248694354638,-1.848323681640625,1.43652099609375,9.610325463867188,9.89132187959657
1.9025118129818452,-1.8291700683593748,1.4604630126953124,9.65342109375,9.933144223441555
1.9049987565282267,-1.7381904052734374,1.5466542724609373,9.619902270507811,9.897270584238244
1.9074857000746082,-1.6328455322265625,1.6328455322265625,9.557653027343749,9.832654802001219
1.9099726436209896,-1.43652099609375,1.7429788085937499,9.629479077148437,9.890825799530825
1.9124595871673713,-1.22583125,1.9297265380859374,9.658209497070311,9.92509533730376
1.9149465307137528,-1.01514150390625,2.068590234375,9.576806640625,9.850116916190576
1.9174334742601342,-0.8044517578125,2.2601263671875,9.548076220703125,9.844850092442254
1.9199204178065157,-0.6177040283203125,2.4133552734375,9.567229833984374,9.886239357749357
1.9224073613528971,-0.38786066894531246,2.6001030029296874,9.528922607421874,9.884904530777947
1.9248943048992786,-0.12449848632812499,2.7916391357421872,9.519345800781249,9.921022800707444
1.9273812484456603,0.033518823242187495,2.959233251953125,9.485826977539062,9.936754922950675
1.9298681919920417,0.2537853759765625,3.1364041748046874,9.514557397460937,10.021389156916843
1.9323551355384232,0.45489831542968745,3.284844677734375,9.442731347656249,10.008112326419534
1.9348420790848047,0.5698199951171875,3.361459130859375,9.423577734375,10.021373140996271
1.9373290226311861,0.7038952880859375,3.4811692138671875,9.375693701171874,10.025848595024774
1.9398159661775676,0.7517793212890624,3.5146880371093747,9.399635717773437,10.063367019688776
1.9423029097239493,0.7661445312499999,3.5290532470703124,9.404424121093749,10.073945965351994
1.9447898532703307,0.7565677246093749,3.5290532470703124,9.399635717773437,10.068751817848144
1.9472767968167122,0.70868369140625,3.5625720703124997,9.409212524414063,10.08600181738167
1.9497637403630936,0.63206923828125,3.5194764404296874,9.375693701171874,10.034433631995132
1.952250683909475,0.5458779785156249,3.418919970703125,9.399635717773437,10.016992969965743
1.9547376274558566,0.36391865234375,3.289633081054687,9.342174877929686,9.911122743832486
1.9572245710022382,0.201112939453125,3.227383837890625,9.409212524414063,9.949358430626749
1.9597115145486197,0.0143652099609375,3.0023288818359375,9.442731347656249,9.908549862516383
1.9621984580950012,-0.24899697265624998,2.767697119140625,9.399635717773437,9.801800776517213
1.9646854016413826,-0.4261678955078125,2.6575638427734374,9.457096557617186,9.832646640334083
1.967172345187764,-0.6655880615234374,2.5139117431640625,9.481038574218749,9.831218244240365
1.9696592887341455,-0.9002198242187499,2.2936451904296873,9.452308154296874,9.768179637746474
1.9721462322805272,-1.0773907470703123,2.1164742675781247,9.495403784179686,9.787896973906447
1.9746331758269087,-1.3407529296874998,1.9297265380859374,9.533711010742186,9.819017698660367
1.9771201193732901,-1.4796166259765624,1.8243816650390623,9.5384994140625,9.823472140321243
1.9796070629196716,-1.6472107421875,1.6711527587890624,9.600748657226562,9.883341011602495
1.982094006466053,-1.7573440185546874,1.5945383056640625,9.591171850585937,9.880353631082848
1.9845809500124345,-1.838746875,1.4939818359375,9.581595043945311,9.870153766917252
1.9870678935588162,-1.8770541015625,1.455674609375,9.662997900390625,9.950670786008613
1.9895548371051976,-1.9105729248046874,1.43652099609375,9.629479077148437,9.921731137783084
1.992041780651579,-9.821015209960937,-4.754884497070313,10.491391674804687,15.137059344830645
1.9945287241979606,-9.816226806640625,-4.8698061767578125,10.390835205078124,15.10108529800721
1.997015667744342,-9.605537060546874,-4.697423657226563,10.342951171874999,14.876450187487661
1.9995026112907235,-9.006986645507812,-4.261678955078125,10.223241088867187,14.275936897787627
2.001989554837105,-0.7852981445312499,2.4947581298828125,7.900865478515625,8.32251083580073
2.0044764983834864,-0.70868369140625,2.5713725830078125,8.52335791015625,8.930947295765023
2.006963441929868,-0.6655880615234374,2.6288334228515624,9.1554271484375,9.548592509008351
2.0094503854762498,-0.6177040283203125,2.6767174560546874,9.80665,10.184142518084231
2.011937329022631,-0.5793968017578125,2.7246014892578123,10.481814868164061,10.845625701618983
2.0144242725690127,-0.4740519287109375,2.73896669921875,11.051634863281249,11.395845601000277
2.016911216115394,-0.45968671875,2.77727392578125,11.501744775390625,11.84122861938089
2.0193981596617756,-0.38786066894531246,2.767697119140625,11.793837377929687,12.120444849050113
2.021885103208157,-0.32082302246093747,2.748543505859375,11.980585107421874,12.296009040803504
2.0243720467545385,-0.3399766357421875,2.6958710693359373,11.875240234375,12.182144128167744
2.02685899030092,-0.3447650390625,2.6240450195312497,11.592724438476562,11.89099386523844
2.0293459338473014,-0.3495534423828125,2.5665841796874997,11.190498559570312,11.486374535607354
2.031832877393683,-0.3495534423828125,2.5043349365234375,10.663774194335938,10.959469017756225
2.0343198209400644,-0.4213794921875,2.370259643554687,9.969455712890625,10.256009880337855
2.036806764486446,-0.488417138671875,2.3367408203125,9.303867651367186,9.605251804966901
2.0392937080328277,-0.5698199951171875,2.288856787109375,8.633491186523438,8.9499011327785
2.041780651579209,-0.6464344482421874,2.27927998046875,8.0062103515625,8.349395122923955
2.0442675951255906,-0.699106884765625,2.2457611572265623,7.580042456054687,7.936575914538073
2.046754538671972,-0.737414111328125,2.2601263671875,7.187393383789062,7.570374787325711
2.0492414822183536,-0.7900865478515624,2.2457611572265623,7.019799267578125,7.412507112002927
2.0517284257647352,-0.8188169677734375,2.3367408203125,7.062894897460937,7.484337193139294
2.0542153693111165,-0.833182177734375,2.398990063476562,7.311891870117187,7.740355843644354
2.056702312857498,-0.7757213378906249,2.461239306640625,7.632714892578124,8.057157014108359
2.0591892564038794,-0.699106884765625,2.5617957763671875,8.250418920898436,8.667234876617709
2.061676199950261,-0.718260498046875,2.5474305664062498,8.839392529296875,9.227142619506042
2.0641631434966423,-0.6416460449218749,2.6288334228515624,9.509768994140625,9.887273695715303
2.066650087043024,-0.59376201171875,2.6671406494140624,10.232817895507813,10.591352824495184
2.0691370305894057,-0.51714755859375,2.73896669921875,10.845733520507812,11.198183592648206
2.071623974135787,-0.430956298828125,2.7629087158203123,11.410765112304686,11.748401948845864
2.0741109176821686,-0.39264907226562495,2.7341782958984373,11.77947216796875,12.099002802035528
2.07659786122855,-0.3399766357421875,2.729389892578125,11.956643090820311,12.26892282557109
2.0790848047749315,-0.33039982910156246,2.7341782958984373,11.980585107421874,12.293059607640858
2.081571748321313,-0.26815058593749996,2.6431986328124997,11.789048974609374,12.084704360263796
2.0840586918676944,-0.33518823242187495,2.5665841796874997,11.405976708984374,11.695982651683025
2.086545635414076,-0.33039982910156246,2.5474305664062498,10.907982763671875,11.206366695334125
2.0890325789604574,-0.411802685546875,2.4756045166015626,10.295067138671874,10.59653747996029
2.091519522506839,-0.4070142822265625,2.39420166015625,9.619902270507811,9.921712650019284
2.0940064660532203,-0.5267243652343749,2.3415292236328122,8.872911352539061,9.19177640785907
2.096493409599602,-0.6272808349609375,2.288856787109375,8.250418920898436,8.584972860069207
2.0989803531459836,-0.6607996582031249,2.250549560546875,7.714117749023437,8.062830902267361
2.101467296692365,-0.7278373046875,2.231395947265625,7.240065820312499,7.611007035736173
2.1039542402387466,-0.7230489013671875,2.3367408203125,7.067683300781249,7.478990882146145
2.106441183785128,-0.7852981445312499,2.2936451904296873,6.9719152343749995,7.381402540892595
2.1089281273315095,-0.8044517578125,2.3511060302734372,7.144297753906249,7.564114792406685
2.111415070877891,-0.8283937744140625,2.408566870117187,7.493851196289062,7.914874374583407
2.1139020144242724,-0.7661445312499999,2.5330653564453125,7.996633544921875,8.423155322950985
2.116388957970654,-0.7134720947265625,2.5378537597656248,8.59997236328125,8.99495796461058
2.1188759015170353,-0.6847416748046875,2.6144682128906247,9.275137231445312,9.660873969759301
2.121362845063417,-0.622492431640625,2.7198130859375,10.022128149414062,10.403265482201464
2.1238497886097982,-0.5410895751953124,2.73896669921875,10.697293017578124,11.055622750968848
2.12633673215618,-0.469263525390625,2.77727392578125,11.2240173828125,11.57203633440388
2.1288236757025616,-0.43574470214843747,2.7916391357421872,11.702857714843748,12.039103006600437
2.131310619248943,-0.3495534423828125,2.729389892578125,11.937489477539062,12.250527001772012
2.1337975627953245,-0.296881005859375,2.7437551025390623,12.014103930664062,12.327003839179529
2.1362845063417057,-0.33039982910156246,2.6910826660156246,11.903970654296874,12.20883316704595
2.1387714498880874,-0.33039982910156246,2.5522189697265625,11.540052001953125,11.82352679720754
2.141258393434469,-0.33518823242187495,2.5522189697265625,11.051634863281249,11.34745812822765
2.1437453369808503,-0.39743747558593745,2.461239306640625,10.481814868164061,10.774233077208704
2.146232280527232,-0.39743747558593745,2.427720483398437,9.854534033203125,10.156949557030945
2.1487192240736133,-0.51714755859375,2.2840683837890623,9.117119921875,9.413091184570256
2.151206167619995,-0.5889736083984375,2.269703173828125,8.432378247070313,8.752339419283278
2.153693111166376,-0.6560112548828124,2.2649147705078123,7.857769848632812,8.203946408788902
2.156180054712758,-0.6943184814453125,2.24097275390625,7.378929516601562,7.74290887511925
2.1586669982591395,-0.7517793212890624,2.231395947265625,7.096413720703125,7.476856807293748
2.161153941805521,-0.7517793212890624,2.3319524169921872,7.072471704101562,7.484853387231496
2.1636408853519025,-0.833182177734375,2.3367408203125,7.082048510742187,7.503996356016876
2.1661278288982837,-0.7805097412109374,2.403778466796875,7.369352709960937,7.790680697947395
2.1686147724446654,-0.8092401611328125,2.4660277099609376,7.771578588867187,8.193509386558627
2.171101715991047,-0.70868369140625,2.5953145996093747,8.40843623046875,8.828345840941568
2.1735886595374283,-0.689530078125,2.6623522460937497,9.016563452148437,9.426663656752503
2.17607560308381,-0.6272808349609375,2.6048914062499997,9.739612353515625,10.101435010978319
2.178562546630191,-0.5315127685546874,2.729389892578125,10.448296044921875,10.811982484779302
2.181049490176573,-0.507570751953125,2.7724855224609373,11.080365283203124,11.433232213582771
2.1835364337229546,-0.45010991210937495,2.7150246826171873,11.487379565429686,11.812444592058462
2.186023377269336,-0.38307226562499996,2.767697119140625,11.860875024414062,12.185534376824007
2.1885103208157175,-0.3112462158203125,2.7629087158203123,11.999738720703125,12.3176405266577
2.1909972643620987,-0.3016694091796875,2.7054478759765623,11.966219897460936,12.27195466404806
2.1934842079084804,-0.3016694091796875,2.6288334228515624,11.712434521484374,12.007618082600528
2.1959711514548617,-0.296881005859375,2.5617957763671875,11.252747802734374,11.544490852497399
2.1984580950012433,-0.3495534423828125,2.5234885498046875,10.721235034179687,11.019757834371813
2.200945038547625,-0.40222587890625,2.461239306640625,10.089165795898436,10.392822092162536
2.2034319820940063,-0.4836287353515625,2.39420166015625,9.351751684570312,9.665472461965651
2.205918925640388,-0.5219359619140624,2.308010400390625,8.67658681640625,8.993469182650552
2.208405869186769,-0.6368576416015624,2.27927998046875,8.039729174804688,8.38080843888211
2.210892812733151,-0.6560112548828124,2.2936451904296873,7.599196069335937,7.9648565540331555
2.2133797562795325,-0.7565677246093749,2.2649147705078123,7.225700610351562,7.610058012263769
2.2158666998259138,-0.7709329345703124,2.2457611572265623,6.967126831054687,7.36061390407858
2.2183536433722955,-0.8044517578125,2.346317626953125,7.058106494140625,7.481257669658801
2.2208405869186767,-0.7757213378906249,2.375048046875,7.216123803710937,7.636428456386348
2.2233275304650584,-0.7709329345703124,2.4564509033203126,7.6470801025390625,8.068848909520938
2.2258144740114396,-0.7565677246093749,2.5665841796874997,8.197746484375,8.623386602456453
2.2283014175578213,-0.6655880615234374,2.6336218261718747,8.863334545898438,9.270257313766866
2.230788361104203,-0.6464344482421874,2.6958710693359373,9.543287817382812,9.937803614670791
2.233275304650584,-0.5985504150390625,2.6815058593749996,10.213664282226562,10.576751596933555
2.235762248196966,-0.51714755859375,2.7246014892578123,10.831368310546875,11.180761796556817
2.238249191743347,-0.44532150878906246,2.7533319091796873,11.391611499023437,11.728084259288908
2.240736135289729,-0.38786066894531246,2.767697119140625,11.7603185546875,12.08783172241991
2.2432230788361105,-0.3495534423828125,2.7820623291015623,11.961431494140625,12.285678727734455
2.2457100223824917,-0.316034619140625,2.7820623291015623,11.9518546875,12.2754461896347
2.2481969659288734,-0.33039982910156246,2.6384102294921874,11.7603185546875,12.057174838820512
2.2506839094752547,-0.32561142578124996,2.5761609863281247,11.420341918945311,11.711824698726407
2.2531708530216363,-0.373495458984375,2.480392919921875,10.927136376953124,11.21134056639137
2.2556577965680176,-0.37828386230468747,2.446874096679687,10.28549033203125,10.579300680847979
2.2581447401143993,-0.411802685546875,2.35589443359375,9.567229833984374,9.861627995941761
2.260631683660781,-0.49799394531249996,2.2744915771484373,8.882488159179687,9.182587097439068
2.263118627207162,-0.603338818359375,2.3032219970703123,8.269572534179687,8.605502843854442
2.265605570753544,-0.689530078125,2.27927998046875,7.723694555664062,8.082451765844283
2.268092514299925,-0.7230489013671875,2.24097275390625,7.316680273437499,7.686258440959938
2.2705794578463068,-0.7517793212890624,2.2649147705078123,7.067683300781249,7.459702293370992
2.2730664013926885,-0.7805097412109374,2.288856787109375,7.000645654296875,7.406557933686034
2.2755533449390697,-0.82360537109375,2.3223756103515623,7.125144140624999,7.539193146984167
2.2780402884854514,-0.8092401611328125,2.5043349365234375,7.522581616210937,7.96967987344767
2.2805272320318326,-0.7852981445312499,2.4851813232421875,8.001421948242188,8.415198903116183
2.2830141755782143,-0.7278373046875,2.5522189697265625,8.628702783203124,9.02762873252906
2.2855011191245955,-0.6943184814453125,2.6192566162109374,9.2320416015625,9.621495492293388
2.287988062670977,-0.612915625,2.70065947265625,9.983820922851562,10.36078700534789
2.290475006217359,-0.5410895751953124,2.7629087158203123,10.66856259765625,11.033796735505451
2.29296194976374,-0.4644751220703125,2.77727392578125,11.219228979492186,11.567198731418248
2.295448893310122,-0.4070142822265625,2.7629087158203123,11.645396875,11.975583224801705
2.297935836856503,-0.3495534423828125,2.7629087158203123,11.985373510742187,12.304675142929943
2.3004227804028847,-0.32561142578124996,2.7246014892578123,11.961431494140625,12.272135896610841
2.3029097239492664,-0.3064578125,2.6575638427734374,11.89439384765625,12.191520289628437
2.3053966674956476,-0.2825157958984375,2.6144682128906247,11.554417211914062,11.849886763936757
2.3078836110420293,-0.3495534423828125,2.5234885498046875,11.094730493164063,11.383462864437233
2.3103705545884106,-0.38307226562499996,2.480392919921875,10.524910498046875,10.82002007344658
2.3128574981347922,-0.44053310546874996,2.379836450195312,9.8449572265625,10.138090241240572
2.315344441681174,-0.4836287353515625,2.365471240234375,9.13627353515625,9.449912436167342
2.317831385227555,-0.55545478515625,2.2744915771484373,8.456320263671875,8.774462624836904
2.320318328773937,-0.6560112548828124,2.2361843505859373,7.881711865234375,8.219017772393164
2.322805272320318,-0.70868369140625,2.2457611572265623,7.398083129882812,7.763846324240933
2.3252922158666998,-0.7565677246093749,2.29843359375,7.149086157226562,7.547491277917954
2.327779159413081,-0.7709329345703124,2.308010400390625,6.986280444335937,7.397929713428428
2.3302661029594627,-0.8379705810546875,2.3032219970703123,7.072471704101562,7.48511070511445
2.3327530465058444,-0.7852981445312499,2.4133552734375,7.3932947265625,7.816762997907106
2.3352399900522256,-0.7709329345703124,2.528276953125,7.7763669921875,8.213306614177476
2.3377269335986073,-0.7757213378906249,2.5043349365234375,8.350975390624999,8.752841084080929
2.3402138771449885,-0.70868369140625,2.6096798095703124,9.102754711914063,9.495936216520086
2.34270082069137,-0.6272808349609375,2.6527754394531247,9.773131176757811,10.146171286558813
2.345187764237752,-0.5746083984375,2.7581203125,10.462661254882812,10.835344157164828
2.347674707784133,-0.45010991210937495,2.786850732421875,11.037269653320312,11.392561491512122
2.350161651330515,-0.411802685546875,2.786850732421875,11.554417211914062,11.892883399899283
2.352648594876896,-0.37828386230468747,2.73896669921875,11.846509814453125,12.16490164546527
2.3551355384232777,-1.608903515625,1.0773907470703123,-3.0885201416015624,3.645311784956363
2.357622481969659,-1.7573440185546874,1.177947216796875,-3.83072265625,4.376100286124222
2.3601094255160406,-1.8148048583984373,1.350329736328125,-3.5338416503906247,4.19582457699486
2.3625963690624223,-1.8148048583984373,1.5945383056640625,-2.212242333984375,3.275680879843033
2.3650833126088036,-1.7238251953125,1.9105729248046874,-0.1484405029296875,2.5775757579363083
2.3675702561551852,-1.4796166259765624,2.269703173828125,2.5522189697265625,3.7221820920776896
2.3700571997015665,-1.2210428466796874,2.5905261962890624,5.626373901367187,6.313307760997664
2.372544143247948,-0.9241618408203125,2.9448680419921875,8.748412866210938,9.276909537688741
2.37503108679433,-0.6272808349609375,3.1411925781249996,11.731588134765625,12.161033353401777
2.377518030340711,-0.296881005859375,3.394977954101562,14.393940380859375,14.791873895088811
2.3800049738870928,-0.0718260498046875,3.4907460205078125,16.462530615234375,16.82870705130524
2.382491917433474,0.15322890625,3.5003228271484375,17.8894748046875,18.22934578583433
2.3849788609798557,0.258573779296875,3.4763808105468748,18.626888916015623,18.95027901190017
2.387465804526237,0.32082302246093747,3.347093920898437,18.550274462890624,18.85255016637347
2.3899527480726186,0.3064578125,3.1842882080078123,17.76018791503906,18.045993532083497
2.3924396916190003,0.239420166015625,3.0166940917968748,16.543933471679686,16.81842739303353
2.3949266351653815,0.1484405029296875,2.786850732421875,14.753070629882812,15.014714935623026
2.397413578711763,-0.028730419921875,2.499546533203125,12.804190478515624,13.045913234372932
2.3999005222581444,-0.2059013427734375,2.327164013671875,10.615890161132812,10.869922337474254
2.402387465804526,-0.469263525390625,2.1212626708984375,8.528146313476562,8.800525161561273
2.404874409350908,-0.6512228515624999,1.9632453613281249,6.713341455078124,7.02476882492542
2.407361352897289,-0.8283937744140625,1.8770541015625,5.190629199218749,5.581415575771334
2.4098482964436707,-0.9720458740234375,1.838746875,4.127603662109375,4.622009870498653
2.412335239990052,-1.0438719238281249,1.89620771484375,3.5625720703124997,4.168595932368629
2.4148221835364336,-1.0965443603515623,1.89620771484375,3.399766357421875,4.044307668453202
2.417309127082815,-1.1635820068359375,1.9632453613281249,3.749319799804687,4.389265815215137
2.4197960706291965,-1.0869675537109373,2.1404162841796874,4.505887524414062,5.105477716636535
2.4222830141755782,-1.0390835205078124,2.2840683837890623,5.578489868164062,6.11687928225045
2.4247699577219595,-0.928950244140625,2.418143676757812,6.880935571289062,7.352390205488543
2.427256901268341,-0.814028564453125,2.5378537597656248,8.2360537109375,8.65655387201798
2.4297438448147224,-0.6512228515624999,2.7341782958984373,9.643844287109374,10.045076146559138
2.432230788361104,-0.5267243652343749,2.882618798828125,10.931924780273437,11.317857973037357
2.4347177319074857,-0.38307226562499996,2.916137622070312,11.937489477539062,12.294480794970594
2.437204675453867,-0.2825157958984375,2.925714428710937,12.713210815429687,13.048576525079579
2.4396916190002487,-0.26336218261718747,2.916137622070312,13.1393787109375,13.461667473961922
2.44217856254663,-0.19153613281249998,2.9448680419921875,13.374010473632811,13.695732547905562
2.4446655060930116,-0.16280571289062498,2.8730419921875,13.239935180664062,13.549050135607605
2.4471524496393933,-0.21068974609375,2.8012159423828122,12.856862915039061,13.160171919130669
2.4496393931857745,-0.26815058593749996,2.6862942626953124,12.243947290039062,12.538035206673463
2.452126336732156,-0.33518823242187495,2.6144682128906247,11.520898388671874,11.818582608311022
2.4546132802785374,-0.40222587890625,2.4947581298828125,10.692504614257812,10.987049590777447
2.457100223824919,-0.4165910888671875,2.461239306640625,9.907206469726562,10.216848197642372
2.4595871673713003,-0.507570751953125,2.3415292236328122,9.1554271484375,9.46373253234215
2.462074110917682,-0.6368576416015624,2.288856787109375,8.389282617187499,8.719203855777618
2.4645610544640637,-0.689530078125,2.1930887207031247,7.896077075195312,8.22393598241981
2.467047998010445,-0.679953271484375,2.2649147705078123,7.52737001953125,7.890087121192303
2.4695349415568266,-0.74699091796875,2.2361843505859373,7.302315063476562,7.673481684842282
2.472021885103208,-0.74699091796875,2.2744915771484373,7.278373046874999,7.661985485207046
2.4745088286495895,-0.718260498046875,2.3127988037109373,7.407659936523437,7.793482032100652
2.4769957721959712,-0.74699091796875,2.3223756103515623,7.6279264892578125,8.008538345578712
2.4794827157423525,-0.7134720947265625,2.379836450195312,8.001421948242188,8.378270534749015
2.481969659288734,-0.679953271484375,2.442085693359375,8.40843623046875,8.782250214322772
2.4844566028351154,-0.622492431640625,2.50912333984375,8.810662109374999,9.182100171941864
2.486943546381497,-0.622492431640625,2.5426421630859375,9.246406811523437,9.609816071139926
2.4894304899278783,-0.5219359619140624,2.6048914062499997,9.677363110351562,10.035399003342494
2.49191743347426,-0.5315127685546874,2.6240450195312497,9.993397729492187,10.345826031181998
2.4944043770206417,-0.507570751953125,2.6719290527343746,10.271125122070313,10.625104432630682
2.496891320567023,-0.4836287353515625,2.6623522460937497,10.433930834960936,10.779096850139478
2.4993782641134046,-0.488417138671875,2.6671406494140624,10.577582934570312,10.9195902525149
2.501865207659786,-0.44053310546874996,2.6815058593749996,10.635043774414061,10.97673444948814
2.5043521512061675,-0.4836287353515625,2.6623522460937497,10.558429321289061,10.899653479289825
2.506839094752549,-0.5123591552734374,2.6001030029296874,10.529698901367187,10.858066424704255
2.5093260382989304,-0.488417138671875,2.5905261962890624,10.357316381835936,10.68753385531271
2.511812981845312,-0.49799394531249996,2.5905261962890624,10.266336718749999,10.599834600878557
2.5142999253916933,-0.49799394531249996,2.5761609863281247,10.146626635742187,10.480392906861834
2.516786868938075,-0.5363011718749999,2.50912333984375,9.94072529296875,10.26651538896094
2.5192738124844563,-0.49799394531249996,2.446874096679687,9.821015209960937,10.133485608064682
2.521760756030838,-0.507570751953125,2.5139117431640625,9.667786303710937,10.002173380564706
2.5242476995772196,-0.5410895751953124,2.43250888671875,9.466673364257812,9.789166562986813
2.526734643123601,-0.5267243652343749,2.442085693359375,9.318232861328125,9.647314898383769
2.5292215866699825,-0.5698199951171875,2.422932080078125,9.107543115234375,9.441537813691165
2.5317085302163638,-0.5602431884765625,2.398990063476562,8.997409838867187,9.328580254435169
2.5341954737627455,-0.55545478515625,2.403778466796875,8.86812294921875,9.204905517073469
2.536682417309127,-0.6081272216796875,2.384624853515625,8.79150849609375,9.129451026575522
2.5391693608555084,-0.622492431640625,2.418143676757812,8.729259252929687,9.079365769355931
2.54165630440189,-0.6272808349609375,2.389413256835937,8.633491186523438,8.979974778674519
2.5441432479482713,-0.622492431640625,2.437297290039062,8.628702783203124,8.987904462572962
2.546630191494653,-0.6368576416015624,2.461239306640625,8.67658681640625,9.041374085992343
2.549117135041034,-0.6368576416015624,2.4899697265625,8.729259252929687,9.099752963664596
2.551604078587416,-0.612915625,2.4947581298828125,8.8489693359375,9.21432265542876
2.5540910221337976,-0.6560112548828124,2.5617957763671875,9.006986645507812,9.387169797052877
2.556577965680179,-0.6416460449218749,2.5953145996093747,9.251195214843749,9.629744566760706
2.5590649092265605,-0.5985504150390625,2.5857377929687497,9.5001921875,9.863972533050077
2.5615518527729417,-0.584185205078125,2.5617957763671875,9.753977563476562,10.1016903665896
2.5640387963193234,-0.45968671875,3.0741549316406247,10.103531005859374,10.570859908705971
2.566525739865705,-0.5267243652343749,2.6336218261718747,10.256759912109374,10.602571686853823
2.5690126834120863,-0.507570751953125,2.6240450195312497,10.500968481445312,10.835754675197888
2.571499626958468,-0.507570751953125,2.6192566162109374,10.663774194335938,10.992461660501169
2.5739865705048492,-0.411802685546875,2.6240450195312497,10.764330664062498,11.087200203912012
2.576473514051231,-0.4261678955078125,2.6001030029296874,10.764330664062498,11.08210130554137
2.5789604575976126,-0.45489831542968745,2.5570073730468748,10.63025537109375,10.942922298813254
2.581447401143994,-0.4261678955078125,2.5905261962890624,10.544064111328124,10.865989740130402
2.5839343446903755,-0.45489831542968745,2.5043349365234375,10.237606298828124,10.54927526806832
2.5864212882367568,-0.4836287353515625,2.50912333984375,9.969455712890625,10.291726963901342
2.5889082317831384,-0.49320554199218747,2.403778466796875,9.6151138671875,9.923296695305925
2.5913951753295197,-0.5363011718749999,2.35589443359375,9.17458076171875,9.4874016296609
2.5938821188759014,-0.5506663818359374,2.3415292236328122,8.834604125976561,9.156212242621555
2.596369062422283,-0.5985504150390625,2.360682836914062,8.461108666992187,8.804626393578229
2.5988560059686643,-0.63206923828125,2.346317626953125,8.221688500976562,8.573265406811025
2.601342949515046,-0.699106884765625,2.3367408203125,8.0062103515625,8.369498927122695
2.603829893061427,-0.689530078125,2.35589443359375,7.924807495117187,8.296280139046814
2.606316836607809,-0.7326257080078125,2.427720483398437,7.967903124999999,8.361701225404495
2.6088037801541906,-0.70868369140625,2.4851813232421875,8.125920434570313,8.526953834331717
2.611290723700572,-0.70868369140625,2.499546533203125,8.40843623046875,8.800668456882834
2.6137776672469535,-0.699106884765625,2.4899697265625,8.748412866210938,9.122687507155415
2.6162646107933347,-0.6368576416015624,2.5809493896484375,9.179369165039063,9.556553022699287
2.6187515543397164,-0.612915625,2.6001030029296874,9.605537060546874,9.97008241745035
2.6212384978860976,-0.5363011718749999,2.6910826660156246,10.1131078125,10.478763977184178
2.6237254414324793,-0.5123591552734374,2.6336218261718747,10.529698901367187,10.866141669458148
2.626212384978861,-0.4740519287109375,2.7246014892578123,10.907982763671875,11.253100305202258
2.6286993285252422,-0.44053310546874996,2.6958710693359373,11.166556542968749,11.495815554662254
2.631186272071624,-0.4213794921875,2.6431986328124997,11.324573852539062,11.636581655733332
2.633673215618005,-0.354341845703125,2.6288334228515624,11.305420239257812,11.612443760679227
2.636160159164387,-0.3495534423828125,2.6144682128906247,11.180921752929686,11.487847617827867
2.6386471027107685,-0.38786066894531246,2.4947581298828125,10.922347973632812,11.210349650312066
2.6411340462571498,-0.4070142822265625,2.5330653564453125,10.539275708007812,10.847046288062176
2.6436209898035314,-0.4070142822265625,2.446874096679687,10.0748005859375,10.37566674085791
2.6461079333499127,-0.5027823486328125,2.379836450195312,9.557653027343749,9.862309212900804
2.6485948768962944,-0.51714755859375,2.370259643554687,9.011775048828124,9.33261281238564
2.6510818204426756,-0.6081272216796875,2.3367408203125,8.580818749999999,8.914069037168948
2.6535687639890573,-0.6655880615234374,2.3319524169921872,8.12113203125,8.475481992887069
2.656055707535439,-0.6943184814453125,2.2840683837890623,7.781155395507812,8.139129303834757
2.65854265108182,-0.7230489013671875,2.327164013671875,7.5465236328125,7.930227676485415
2.661029594628202,-0.7230489013671875,2.31758720703125,7.50821640625,7.890964692548362
2.663516538174583,-0.74699091796875,2.39420166015625,7.60398447265625,8.006920561702863
2.666003481720965,-0.737414111328125,2.4564509033203126,7.8721350585937495,8.279398588831791
2.6684904252673465,-0.70868369140625,2.5043349365234375,8.245630517578125,8.646637998735272
2.6709773688137277,-0.7134720947265625,2.5378537597656248,8.734047656249999,9.123230381699024
2.6734643123601094,-0.6368576416015624,2.6527754394531247,9.313444458007812,9.704795353856177
2.6759512559064906,-0.612915625,2.6527754394531247,9.840168823242188,10.209887637258424
2.6784381994528723,-0.55545478515625,2.6815058593749996,10.390835205078124,10.745625154047874
2.6809251429992536,-0.51714755859375,2.73896669921875,10.931924780273437,11.281682479947092
2.6834120865456352,-0.45010991210937495,2.7150246826171873,11.281478222656249,11.612308506428292
2.685899030092017,-0.40222587890625,2.6958710693359373,11.568782421875,11.885547240444101
2.688385973638398,-0.36391865234375,2.6623522460937497,11.621454858398437,11.92806645243045
2.69087291718478,-0.354341845703125,2.6192566162109374,11.563994018554688,11.862209786812475
2.693359860731161,-0.36391865234375,2.6288334228515624,11.348515869140625,11.654699240339141
2.6958468042775428,-0.39264907226562495,2.5522189697265625,10.951078393554686,11.251404932059083
2.6983337478239244,-0.39743747558593745,2.5043349365234375,10.47702646484375,10.77950525610189
2.7008206913703057,-0.4213794921875,2.389413256835937,9.911994873046874,10.204631240357832
2.7033076349166874,-0.4836287353515625,2.346317626953125,9.299079248046874,9.602706807023981
2.7057945784630686,-0.5315127685546874,2.360682836914062,8.700528833007812,9.030754744407446
2.7082815220094503,-0.622492431640625,2.3032219970703123,8.1594392578125,8.50110448101717
2.7107684655558315,-0.679953271484375,2.2936451904296873,7.6997525390625,8.062836589797845
2.713255409102213,-0.7134720947265625,2.2840683837890623,7.41244833984375,7.789120695086876
2.715742352648595,-0.7805097412109374,2.327164013671875,7.278373046874999,7.681119841021296
2.718229296194976,-0.7709329345703124,2.3223756103515623,7.311891870117187,7.71048174794849
2.720716239741358,-0.7422025146484375,2.427720483398437,7.532158422851562,7.948465375479504
2.723203183287739,-0.7565677246093749,2.4564509033203126,7.848193041992187,8.258370286365123
2.7256901268341207,-0.718260498046875,2.5426421630859375,8.384494213867187,8.790942528246287
2.7281770703805024,-0.6655880615234374,2.5713725830078125,8.978256225585938,9.362908163629474
2.7306640139268836,-0.6560112548828124,2.6767174560546874,9.586383447265625,9.97466363864412
2.7331509574732653,-0.5793968017578125,2.710236279296875,10.223241088867187,10.592249039019357
2.7356379010196465,-0.49799394531249996,2.710236279296875,10.740388647460938,11.088251753892164
2.7381248445660282,-0.43574470214843747,2.7964275390625,11.267113012695312,11.617130285381394
2.74061178811241,-0.373495458984375,2.7629087158203123,11.611878051757811,11.941895800865648
2.743098731658791,-0.33039982910156246,2.73896669921875,11.803414184570311,12.12153822907865
2.745585675205173,-0.3687070556640625,2.6527754394531247,11.789048974609374,12.089451523985714
2.748072618751554,-0.32082302246093747,2.6240450195312497,11.635820068359374,11.932344628760204
2.7505595622979357,-0.32561142578124996,2.5426421630859375,11.262324609375,11.55036828750648
2.753046505844317,-0.373495458984375,2.4660277099609376,10.812214697265624,11.096160515419012
2.7555334493906987,-0.3687070556640625,2.50912333984375,10.271125122070313,10.579586764173213
2.7580203929370803,-0.4213794921875,2.379836450195312,9.5384994140625,9.839926487438058
2.7605073364834616,-0.5027823486328125,2.370259643554687,8.911218579101561,9.234757031589167
2.7629942800298433,-0.603338818359375,2.3511060302734372,8.33182177734375,8.67818940936109
2.7654812235762245,-0.6368576416015624,2.2840683837890623,7.824251025390624,8.175662673191534
2.767968167122606,-0.6943184814453125,2.3032219970703123,7.4220251464843745,7.802138616848042
2.770455110668988,-0.7422025146484375,2.3032219970703123,7.206546997070312,7.6019744646718035
2.772942054215369,-0.7948749511718749,2.2936451904296873,7.144297753906249,7.545437352735202
2.775428997761751,-0.8379705810546875,2.346317626953125,7.292738256835937,7.706583703819906
2.777915941308132,-0.7900865478515624,2.446874096679687,7.632714892578124,8.05417694302043
2.7804028848545137,-0.7661445312499999,2.4947581298828125,8.06367119140625,8.475469818983239
2.782889828400895,-0.6847416748046875,2.6048914062499997,8.657433203124999,9.06672377797739
2.7853767719472766,-0.6607996582031249,2.6001030029296874,9.303867651367186,9.682930604330597
2.7878637154936583,-0.5746083984375,2.7150246826171873,9.974244116210937,10.353119313933552
2.7903506590400395,-0.5219359619140624,2.7341782958984373,10.59194814453125,10.95159867775204
2.792837602586421,-0.45968671875,2.7437551025390623,11.195286962890624,11.53576846697146
2.7953245461328025,-0.4261678955078125,2.710236279296875,11.592724438476562,11.912945046092938
2.797811489679184,-0.3687070556640625,2.6910826660156246,11.77947216796875,12.08858285177285
2.800298433225566,-0.33039982910156246,2.7054478759765623,11.889605444335936,12.198005159807039
2.802785376771947,-0.33518823242187495,2.6719290527343746,11.784260571289062,12.088025199594767
2.8052723203183287,-0.3112462158203125,2.6240450195312497,11.477802758789062,11.778049186561203
2.80775926386471,-0.3495534423828125,2.4947581298828125,11.061211669921875,11.344443985604316
2.8102462074110917,-0.38307226562499996,2.480392919921875,10.467449658203124,10.764134695594734
2.812733150957473,-0.411802685546875,2.384624853515625,9.801861596679688,10.096163028809118
2.8152200945038546,-0.49799394531249996,2.398990063476562,9.203311181640624,9.523869381734428
2.8177070380502363,-0.5506663818359374,2.3319524169921872,8.547299926757812,8.876799624704509
2.8201939815966175,-0.6512228515624999,2.2649147705078123,7.967903124999999,8.309116097964115
2.822680925142999,-0.70868369140625,2.2553379638671873,7.493851196289062,7.8578996976195095
2.8251678686893804,-0.7517793212890624,2.2553379638671873,7.149086157226562,7.533999891334409
2.827654812235762,-0.7565677246093749,2.29843359375,7.082048510742187,7.484023170414745
2.8301417557821438,-0.7805097412109374,2.288856787109375,7.182604980468749,7.578777945914255
2.832628699328525,-0.8092401611328125,2.403778466796875,7.407659936523437,7.829843312033837
2.8351156428749067,-0.7948749511718749,2.418143676757812,7.805097412109374,8.209676646614087
2.837602586421288,-0.7422025146484375,2.5330653564453125,8.40843623046875,8.81300655364748
2.8400895299676696,-0.679953271484375,2.6144682128906247,9.083601098632812,9.47679214748857
2.842576473514051,-0.6272808349609375,2.6192566162109374,9.725247143554688,10.09130410158631
2.8450634170604325,-0.5458779785156249,2.7341782958984373,10.43871923828125,10.804655156776336
2.847550360606814,-0.507570751953125,2.748543505859375,10.970232006835937,11.32069387253483
2.8500373041531954,-0.39264907226562495,2.73896669921875,11.473014355468749,11.801956205399692
2.852524247699577,-0.3687070556640625,2.7437551025390623,11.808202587890625,12.12838758088941
2.8550111912459584,-0.3399766357421875,2.6958710693359373,11.947066284179687,12.252171143675561
2.85749813479234,-0.3399766357421875,2.6862942626953124,11.9135474609375,12.217380000746914
2.8599850783387217,-0.3495534423828125,2.6240450195312497,11.669338891601562,11.965837623862912
2.862472021885103,-0.354341845703125,2.5426421630859375,11.2240173828125,11.51386787846707
2.8649589654314846,-0.33518823242187495,2.4851813232421875,10.702081420898438,10.991952697318407
2.867445908977866,-0.44532150878906246,2.422932080078125,10.079588989257813,10.376272225767268
2.8699328525242476,-0.488417138671875,2.327164013671875,9.380482104492186,9.6771735625944
2.8724197960706292,-0.55545478515625,2.2744915771484373,8.719682446289061,9.028549380548004
2.8749067396170105,-0.603338818359375,2.2601263671875,8.111555224609374,8.442127521382456
2.877393683163392,-0.6943184814453125,2.231395947265625,7.613561279296874,7.9641397137894705
2.8798806267097734,-0.7278373046875,2.2553379638671873,7.254431030273437,7.631714489310347
2.882367570256155,-0.7996633544921875,2.27927998046875,7.082048510742187,7.482645910263892
2.8848545138025363,-0.82360537109375,2.3319524169921872,7.1203557373046875,7.5376252034827225
2.887341457348918,-0.8092401611328125,2.346317626953125,7.278373046874999,7.689914840517915
2.8898284008952997,-0.7948749511718749,2.43250888671875,7.666233715820312,8.082082965272399
2.892315344441681,-0.7613561279296874,2.5378537597656248,8.188169677734374,8.606188908620426
2.8948022879880626,-0.7422025146484375,2.5761609863281247,8.772354882812499,9.172877421520134
2.897289231534444,-0.6655880615234374,2.6240450195312497,9.504980590820312,9.88297909357498
2.8997761750808255,-0.5698199951171875,2.6910826660156246,10.160991845703125,10.526745747409809
2.902263118627207,-0.49799394531249996,2.7198130859375,10.82179150390625,11.169447280238279
2.9047500621735884,-0.4644751220703125,2.7437551025390623,11.319785449218749,11.656820828084983
2.90723700571997,-0.40222587890625,2.7629087158203123,11.79862578125,12.124480217955528
2.9097239492663514,-0.3495534423828125,2.7629087158203123,11.97100830078125,12.290683134733037
2.912210892812733,-0.3687070556640625,2.70065947265625,11.966219897460936,12.272730955844116
2.9146978363591143,-0.27293898925781246,2.6910826660156246,11.808202587890625,12.114044327302658
2.917184779905496,-0.3399766357421875,2.6001030029296874,11.4538607421875,11.750193429902271
2.9196717234518776,-0.3447650390625,2.47081611328125,10.93671318359375,11.217641929478912
2.922158666998259,-0.38307226562499996,2.437297290039062,10.366893188476562,10.65643640350772
2.9246456105446406,-0.44532150878906246,2.398990063476562,9.65342109375,9.957007752538253
2.927132554091022,-0.49799394531249996,2.308010400390625,8.930372192382812,9.237232132644682
2.9296194976374035,-0.584185205078125,2.308010400390625,8.298302954101562,8.633076872135112
2.932106441183785,-0.6512228515624999,2.2457611572265623,7.747636572265624,8.092799690688793
2.9345933847301664,-0.737414111328125,2.212242333984375,7.3549875,7.715804354765272
2.937080328276548,-0.7422025146484375,2.269703173828125,7.034164477539062,7.428451182252483
2.9395672718229293,-0.7805097412109374,2.3223756103515623,7.019799267578125,7.435065950532741
2.942054215369311,-0.8283937744140625,2.43250888671875,7.1586629638671875,7.605905019108338
2.9445411589156922,-0.8044517578125,2.375048046875,7.45075556640625,7.861409184487606
2.947028102462074,-0.74699091796875,2.4756045166015626,7.958326318359375,8.36788927649245
2.9495150460084556,-0.718260498046875,2.5474305664062498,8.590395556640624,8.98889294926057
2.952001989554837,-0.6703764648437499,2.6192566162109374,9.255983618164063,9.642776704139875
2.9544889331012185,-0.603338818359375,2.6958710693359373,9.94072529296875,10.317449195537161
2.9569758766475998,-0.5746083984375,2.6815058593749996,10.601524951171875,10.950478518116785
2.9594628201939814,-0.469263525390625,2.7964275390625,11.200075366210937,11.55343686728301
2.961949763740363,-0.39743747558593745,2.7533319091796873,11.611878051757811,11.940456651150406
2.9644367072867444,-0.39264907226562495,2.767697119140625,11.9135474609375,12.237112965943426
2.966923650833126,-0.3591302490234375,2.6671406494140624,11.994950317382811,12.29314633834652
2.9694105943795073,-0.28730419921875,2.6719290527343746,11.903970654296874,12.203534975739442
2.971897537925889,-0.3447650390625,2.6144682128906247,11.621454858398437,11.91690060351969
2.97438448147227,-0.32561142578124996,2.5570073730468748,11.171344946289063,11.46487057996703
2.976871425018652,-0.36391865234375,2.4851813232421875,10.558429321289061,10.853063748433991
2.9793583685650336,-0.4261678955078125,2.39420166015625,9.888052856445311,10.182701505814299
2.981845312111415,-0.5027823486328125,2.308010400390625,9.17458076171875,9.473786690215682
2.9843322556577965,-0.5698199951171875,2.3127988037109373,8.508992700195313,8.836101510579155
2.9868191992041777,-0.612915625,2.250549560546875,7.8721350585937495,8.210429298677852
2.9893061427505594,-0.6943184814453125,2.2840683837890623,7.484274389648437,7.855788291129591
2.991793086296941,-0.7613561279296874,2.2170307373046874,7.110778930664062,7.487193429080472
2.9942800298433223,-0.7996633544921875,2.2936451904296873,7.029376074218749,7.437230514976521
2.996766973389704,-0.8188169677734375,2.27927998046875,7.043741284179687,7.448481035388129
2.9992539169360852,-0.7996633544921875,2.389413256835937,7.359775903320312,7.779142532410325
3.001740860482467,-1.3407529296874998,1.8148048583984373,9.6151138671875,9.876312559427914
3.0042278040288486,-1.1875240234375,1.93451494140625,9.6151138671875,9.879421847646075
3.00671474757523,-1.0007762939453124,2.1595698974609374,9.562441430664062,9.854216429905673
3.0092016911216115,-0.699106884765625,2.360682836914062,9.5384994140625,9.851118970193081
3.0116886346679927,-0.488417138671875,2.5043349365234375,9.543287817382812,9.87849113686131
3.0141755782143744,-0.277727392578125,2.6336218261718747,9.466673364257812,9.830106866836466
3.0166625217607557,-0.0430956298828125,2.887407202148437,9.504980590820312,9.933963640773229
3.0191494653071373,0.16280571289062498,3.0502129150390624,9.5001921875,9.979176124643605
3.021636408853519,0.3112462158203125,3.1555577880859373,9.437942944335937,9.956364104498828
3.0241233523999003,0.5123591552734374,3.2800562744140622,9.433154541015625,10.000284279059235
3.026610295946282,0.6272808349609375,3.418919970703125,9.399635717773437,10.021758659977007
3.029097239492663,0.6751648681640625,3.4763808105468748,9.3852705078125,10.031170103430439
3.031584183039045,0.7900865478515624,3.6152445068359373,9.4618849609375,10.159798059573756
3.0340711265854265,0.7757213378906249,3.5769372802734374,9.356540087890625,10.046943132981944
3.036558070131808,0.7422025146484375,3.5577836669921874,9.375693701171874,10.055462275403395
3.0390450136781895,0.718260498046875,3.5434184570312497,9.380482104492186,10.053116781246622
3.0415319572245707,0.622492431640625,3.4620156005859375,9.399635717773437,10.036244341036761
3.0440189007709524,0.4644751220703125,3.337517114257812,9.361328491210937,9.949333080530758
3.0465058443173336,0.33039982910156246,3.2417490478515623,9.409212524414063,9.957478660077927
3.0489927878637153,0.12449848632812499,3.0789433349609374,9.3852705078125,9.878192873082275
3.051479731410097,-0.06703764648437499,2.920926025390625,9.428366137695312,9.870683406851324
3.0539666749564782,-0.296881005859375,2.8012159423828122,9.476250170898437,9.886064251710707
3.05645361850286,-0.5123591552734374,2.5474305664062498,9.485826977539062,9.835284837891644
3.058940562049241,-0.7565677246093749,2.3415292236328122,9.490615380859374,9.804434411757345
3.061427505595623,-0.967257470703125,2.1739351074218747,9.514557397460937,9.807567656431997
3.0639144491420045,-1.20667763671875,2.04943662109375,9.514557397460937,9.807296459902492
3.0664013926883857,-1.350329736328125,1.915361328125,9.543287817382812,9.826817479708064
3.0688883362347674,-1.5227122558593749,1.7621324218749999,9.557653027343749,9.837301188713322
3.0713752797811487,-1.695094775390625,1.6136919189453125,9.548076220703125,9.830722629755275
3.0738622233275303,-1.7812860351562498,1.5466542724609373,9.624690673828125,9.909580714865712
3.0763491668739116,-1.8291700683593748,1.5227122558593749,9.605537060546874,9.896002120789268
3.0788361104202933,-1.89620771484375,1.43652099609375,9.65342109375,9.942219826744356
3.081323053966675,-1.8914193115234375,1.4413093994140624,9.65342109375,9.942000734766648
3.083809997513056,-1.838746875,1.4413093994140624,9.600748657226562,9.880927974355407
3.086296941059438,-1.7286135986328124,1.4987702392578124,9.639055883789062,9.906856995751566
3.088783884605819,-1.608903515625,1.6472107421875,9.581595043945311,9.854381631433082
3.091270828152201,-1.455674609375,1.695094775390625,9.600748657226562,9.857317568444941
3.0937577716985825,-1.2689268798828124,1.867477294921875,9.6151138671875,9.876642220538274
3.0962447152449637,-1.0917559570312498,2.0350714111328125,9.572018237304688,9.846673542543028
3.0987316587913454,-0.8475473876953125,2.2649147705078123,9.567229833984374,9.868133673006982
3.1012186023377266,-0.6177040283203125,2.384624853515625,9.524134204101562,9.837536596950725
3.1037055458841083,-0.38786066894531246,2.5953145996093747,9.524134204101562,9.879029613641087
3.1061924894304895,-0.13407529296874998,2.7581203125,9.504980590820312,9.897972513312036
3.108679432976871,-0.0047884033203125,2.925714428710937,9.447519750976562,9.890169730205137
3.111166376523253,0.22505495605468748,3.0933085449218747,9.452308154296874,9.948132333816163
3.113653320069634,0.411802685546875,3.208230224609375,9.457096557617186,9.994948620479025
3.116140263616016,0.5458779785156249,3.35188232421875,9.423577734375,10.016831594803152
3.118627207162397,0.6847416748046875,3.4715924072265625,9.394847314453125,10.039122524653962
3.1211141507087787,0.699106884765625,3.4811692138671875,9.361328491210937,10.012080735404655
3.1236010942551604,0.8092401611328125,3.5817256835937497,9.375693701171874,10.069124137138212
3.1260880378015417,0.7948749511718749,3.5817256835937497,9.351751684570312,10.045687862480063
3.1285749813479233,0.7230489013671875,3.5482068603515624,9.390058911132812,10.064083564446337
3.1310619248943046,0.6368576416015624,3.5290532470703124,9.404424121093749,10.064939022454817
3.1335488684406863,0.5363011718749999,3.4332851806640625,9.370905297851563,9.994445066136711
3.136035811987068,0.44053310546874996,3.308786694335937,9.332598071289063,9.911585421407455
3.138522755533449,0.2346317626953125,3.1747114013671873,9.409212524414063,9.93313268186964
3.141009699079831,0.05746083984375,3.0550013183593747,9.442731347656249,9.924792698454867
3.143496642626212,-0.1580173095703125,2.8730419921875,9.433154541015625,9.862238303431948
3.1459835861725938,-0.38786066894531246,2.7150246826171873,9.442731347656249,9.832953281173731
3.148470529718975,-0.622492431640625,2.5139117431640625,9.490615380859374,9.837633322464939
3.1509574732653567,-0.8283937744140625,2.3415292236328122,9.466673364257812,9.787078212426973
3.1534444168117384,-1.0390835205078124,2.1260510742187497,9.509768994140625,9.799770102134847
3.1559313603581196,-1.2593500732421874,2.0063409912109376,9.524134204101562,9.814300745225086
3.1584183039045013,-1.47482822265625,1.8626888916015625,9.567229833984374,9.857819986666419
3.1609052474508825,-1.6232687255859375,1.70467158203125,9.562441430664062,9.847902958139407
3.163392190997264,-1.70467158203125,1.608903515625,9.624690673828125,9.906015661811235
3.165879134543646,-1.8004396484374998,1.5227122558593749,9.610325463867188,9.895382310111327
3.168366078090027,-1.8914193115234375,1.4891934326171874,9.610325463867188,9.907245813706655
3.170853021636409,-1.8531120849609375,1.47482822265625,9.610325463867188,9.89785321204683
3.17333996518279,-1.8722656982421875,1.4604630126953124,9.605537060546874,9.894679038645208
3.1758269087291717,-1.8339584716796873,1.5275006591796874,9.557653027343749,9.851162029462982
3.178313852275553,-1.6998831787109374,1.5753846923828123,9.600748657226562,9.876528465483007
3.1808007958219346,-1.5801730957031248,1.6472107421875,9.6151138671875,9.882341064775252
3.1832877393683163,-1.455674609375,1.7764976318359373,9.595960253906249,9.866984625448964
3.1857746829146976,-1.22583125,1.9584569580078124,9.576806640625,9.851570501283787
3.1882616264610792,-1.005564697265625,2.1212626708984375,9.581595043945311,9.864982476694594
3.1907485700074605,-0.7709329345703124,2.250549560546875,9.533711010742186,9.82603463002394
3.193235513553842,-0.5410895751953124,2.461239306640625,9.5384994140625,9.86577153217165
3.195722457100224,-0.3112462158203125,2.6623522460937497,9.509768994140625,9.880318821326632
3.198209400646605,-0.11013327636718749,2.806004345703125,9.481038574218749,9.888168797734597
3.2006963441929868,0.1149216796875,2.978386865234375,9.437942944335937,9.897411900694207
3.203183287739368,0.26815058593749996,3.1507693847656246,9.404424121093749,9.921816643242552
3.2056702312857497,0.45489831542968745,3.31357509765625,9.414000927734374,9.990501782822125
3.208157174832131,0.6177040283203125,3.447650390625,9.423577734375,10.053440644793609
3.2106441183785126,0.6607996582031249,3.5194764404296874,9.375693701171874,10.036284321461551
3.2131310619248943,0.7709329345703124,3.5386300537109374,9.404424121093749,10.077670033099983
3.2156180054712755,0.7948749511718749,3.5865140869140624,9.394847314453125,10.087520287242084
3.218104949017657,0.7900865478515624,3.5817256835937497,9.366116894531249,10.05868486968524
3.2205918925640384,0.6560112548828124,3.5146880371093747,9.332598071289063,9.994036698199633
3.22307883611042,0.6177040283203125,3.4811692138671875,9.366116894531249,10.011205873629985
3.225565779656802,0.507570751953125,3.347093920898437,9.370905297851563,9.963660566521524
3.228052723203183,0.316034619140625,3.284844677734375,9.3852705078125,9.948536824184263
3.2305396667495647,0.13407529296874998,3.0693665283203124,9.414000927734374,9.902646138115882
3.233026610295946,-0.06703764648437499,2.9831752685546875,9.399635717773437,9.861895373395758
3.2355135538423276,-0.2537853759765625,2.7820623291015623,9.433154541015625,9.838123927596627
3.238000497388709,-0.51714755859375,2.5617957763671875,9.442731347656249,9.797724965581665
3.2404874409350906,-0.7422025146484375,2.384624853515625,9.433154541015625,9.75816093633624
3.2429743844814722,-0.967257470703125,2.231395947265625,9.481038574218749,9.787993018690214
3.2454613280278535,-1.149216796875,2.1116858642578125,9.543287817382812,9.841456132144932
3.247948271574235,-1.35990654296875,1.9393033447265624,9.567229833984374,9.856070716302595
3.2504352151206164,-1.5610194824218748,1.7429788085937499,9.557653027343749,9.839892699760535
3.252922158666998,-1.6711527587890624,1.6424223388671875,9.586383447265625,9.868589072427053
3.2554091022133798,-1.7812860351562498,1.599326708984375,9.658209497070311,9.950469162326598
3.257896045759761,-1.8339584716796873,1.4796166259765624,9.629479077148437,9.913603599748754
3.2603829893061427,-1.89620771484375,1.4604630126953124,9.629479077148437,9.922470620088705
3.262869932852524,-1.8722656982421875,1.455674609375,9.6151138671875,9.903271282368
3.2653568763989056,-1.838746875,1.5083470458984374,9.629479077148437,9.918818890292952
3.2678438199452873,-1.7764976318359373,1.5562310791015623,9.6151138671875,9.900919840421983
3.2703307634916685,-1.6424223388671875,1.5897499023437498,9.610325463867188,9.878421504100036
3.27281770703805,-1.426944189453125,1.7717092285156248,9.629479077148437,9.89454347645514
3.2753046505844314,-1.3024457031249999,1.8722656982421875,9.619902270507811,9.886569847450854
3.277791594130813,-1.0965443603515623,2.01112939453125,9.562441430664062,9.832971935821185
3.2802785376771944,-0.9193734375,2.1930887207031247,9.591171850585937,9.88157189529722
3.282765481223576,-0.6512228515624999,2.3511060302734372,9.576806640625,9.882662404428496
3.2852524247699577,-0.44053310546874996,2.5330653564453125,9.490615380859374,9.832714265371585
3.287739368316339,-0.181959326171875,2.729389892578125,9.514557397460937,9.89997378035251
3.2902263118627206,0.01915361328125,2.901772412109375,9.485826977539062,9.919756218798357
3.292713255409102,0.1867477294921875,3.0837317382812497,9.442731347656249,9.935263028836408
3.2952001989554836,0.411802685546875,3.2321722412109373,9.428366137695312,9.975500332069453
3.2976871425018652,0.5315127685546874,3.342305517578125,9.471461767578125,10.057937164780062
3.3001740860482465,0.603338818359375,3.438073583984375,9.3852705078125,10.013374566221197
3.302661029594628,0.74699091796875,3.5434184570312497,9.428366137695312,10.099895931127069
3.3051479731410094,0.7757213378906249,3.5482068603515624,9.399635717773437,10.076937389144922
3.307634916687391,0.7996633544921875,3.5721488769531247,9.414000927734374,10.100649610149777
3.3101218602337723,0.7661445312499999,3.5290532470703124,9.342174877929686,10.015858710726821
3.312608803780154,0.7038952880859375,3.5146880371093747,9.342174877929686,10.006234657682674
3.3150957473265357,0.6272808349609375,3.42849677734375,9.409212524414063,10.034009753222099
3.317582690872917,0.44532150878906246,3.35188232421875,9.394847314453125,9.984817595904662
3.3200696344192986,0.27293898925781246,3.1507693847656246,9.399635717773437,9.917408685472006
3.32255657796568,0.033518823242187495,3.0262708984374997,9.442731347656249,9.915876883375027
3.3250435215120615,-0.15322890625,2.901772412109375,9.4618849609375,9.898031584280021
3.327530465058443,-0.39264907226562495,2.73896669921875,9.452308154296874,9.848971586778362
3.3300174086048244,-0.6177040283203125,2.4516625,9.4618849609375,9.79384879883923
3.332504352151206,-0.852335791015625,2.2936451904296873,9.481038574218749,9.791699393162116
3.3349912956975873,-1.0295067138671874,2.1643583007812497,9.552864624023437,9.848936666106487
3.337478239243969,-1.2785036865234374,2.0159177978515626,9.533711010742186,9.828028382157608
3.3399651827903503,-1.43652099609375,1.8435352783203125,9.5384994140625,9.820650995056305
3.342452126336732,-1.618480322265625,1.7286135986328124,9.567229833984374,9.855935786277222
3.3449390698831136,-1.68551796875,1.6328455322265625,9.639055883789062,9.92061256606163
3.347426013429495,-1.8339584716796873,1.5322890624999999,9.634267480468749,9.926249207637317
3.3499129569758765,-1.8148048583984373,1.5131354492187499,9.619902270507811,9.90583743334557
3.352399900522258,-1.886630908203125,1.4317325927734375,9.643844287109374,9.930406186808735
3.3548868440686395,-1.8818425048828125,1.4939818359375,9.662997900390625,9.957250692949758
3.357373787615021,-1.7908628417968748,1.4939818359375,9.610325463867188,9.88926321652397
3.3598607311614024,-1.7190367919921874,1.5658078857421873,9.65342109375,9.929520665194904
3.362347674707784,-1.5753846923828123,1.6903063720703124,9.624690673828125,9.898163623992568
3.3648346182541653,-1.446097802734375,1.7812860351562498,9.610325463867188,9.88041164707068
3.367321561800547,-1.197100830078125,1.93451494140625,9.610325463867188,9.875917880245453
3.369808505346928,-1.0295067138671874,2.0733786376953125,9.605537060546874,9.880542761948272
3.37229544889331,-0.7565677246093749,2.27927998046875,9.543287817382812,9.84082589606652
3.3747823924396916,-0.5219359619140624,2.4851813232421875,9.562441430664062,9.893878383758894
3.377269335986073,-0.3399766357421875,2.6431986328124997,9.524134204101562,9.889955281147117
3.3797562795324545,-0.12449848632812499,2.7820623291015623,9.509768994140625,9.90914108275901
3.3822432230788357,0.12449848632812499,2.9640216552734375,9.447519750976562,9.90235091738927
3.3847301666252174,0.2825157958984375,3.1316157714843746,9.471461767578125,9.979750524428752
3.387217110171599,0.430956298828125,3.265691064453125,9.481038574218749,10.036959395443048
3.3897040537179803,0.603338818359375,3.438073583984375,9.442731347656249,10.067251015179886
3.392190997264362,0.6703764648437499,3.4668040039062498,9.409212524414063,10.049946016556868
3.3946779408107433,0.7230489013671875,3.4955344238281247,9.375693701171874,10.03220778294238
3.397164884357125,0.7517793212890624,3.5194764404296874,9.380482104492186,10.047155372310892
3.3996518279035066,0.7422025146484375,3.5577836669921874,9.351751684570312,10.033142516865317
3.402138771449888,0.70868369140625,3.5194764404296874,9.351751684570312,10.017195543617408
3.4046257149962695,0.612915625,3.5146880371093747,9.399635717773437,10.053946945772642
3.4071126585426508,0.5219359619140624,3.404554760742187,9.404424121093749,10.015318433112418
3.4095996020890325,0.33518823242187495,3.2800562744140622,9.414000927734374,9.974694671109528
3.4120865456354137,0.1771709228515625,3.1364041748046874,9.428366137695312,9.937932818754408
3.4145734891817954,-0.033518823242187495,2.987963671875,9.414000927734374,9.876865083787463
3.417060432728177,-0.26815058593749996,2.7724855224609373,9.442731347656249,9.844986338893728
3.4195473762745583,-0.47884033203125,2.6288334228515624,9.514557397460937,9.882654284060527
3.42203431982094,-0.6703764648437499,2.418143676757812,9.490615380859374,9.816751181193537
3.424521263367321,-0.9193734375,2.24097275390625,9.524134204101562,9.827326123573393
3.427008206913703,-1.158793603515625,2.0542250244140625,9.504980590820312,9.79322720548995
3.4294951504600846,-1.3311761230468748,1.905784521484375,9.581595043945311,9.859564295599318
3.431982094006466,-1.5035586425781249,1.7812860351562498,9.581595043945311,9.861066479690287
3.4344690375528475,-1.695094775390625,1.70467158203125,9.595960253906249,9.892507502887728
3.4369559810992287,-1.7573440185546874,1.5801730957031248,9.639055883789062,9.924545498043852
3.4394429246456104,-1.886630908203125,1.4987702392578124,9.610325463867188,9.907776942146322
3.4419298681919916,-1.8722656982421875,1.465251416015625,9.619902270507811,9.909331978043294
3.4444168117383733,-1.8818425048828125,1.446097802734375,9.591171850585937,9.880440654936848
3.446903755284755,-1.848323681640625,1.446097802734375,9.605537060546874,9.88806561005368
3.4493906988311362,-1.7525556152343749,1.5275006591796874,9.65342109375,9.929413288887787
3.451877642377518,-1.62805712890625,1.5945383056640625,9.658209497070311,9.92341338010826
3.454364585923899,-1.5179238525390624,1.7094599853515624,9.648632690429688,9.915768203142589
3.456851529470281,-1.3024457031249999,1.85790048828125,9.634267480468749,9.897841629323139
3.4593384730166625,-1.1156979736328125,2.020706201171875,9.595960253906249,9.869675208150028
3.4618254165630438,-0.928950244140625,2.1787235107421874,9.567229833984374,9.856047452636902
3.4643123601094254,-0.70868369140625,2.308010400390625,9.562441430664062,9.862526587931566
3.4667993036558067,-0.45010991210937495,2.5234885498046875,9.533711010742186,9.87229654286789
3.4692862472021884,-0.24899697265624998,2.710236279296875,9.572018237304688,9.951427702460713
3.4717731907485696,-0.0143652099609375,2.89219560546875,9.485826977539062,9.916950903748482
3.4742601342949513,0.201112939453125,3.0837317382812497,9.5001921875,9.9901701410704
3.476747077841333,0.3495534423828125,3.208230224609375,9.437942944335937,9.974452155568208
3.479234021387714,0.5267243652343749,3.294421484375,9.409212524414063,9.983182448660026
3.481720964934096,0.63206923828125,3.4332851806640625,9.404424121093749,10.031458104540876
3.484207908480477,0.7661445312499999,3.5146880371093747,9.423577734375,10.086814499968376
3.486694852026859,0.7278373046875,3.5817256835937497,9.423577734375,10.1075379460291
3.4891817955732405,0.7565677246093749,3.5386300537109374,9.323021264648437,10.000651122803646
3.4916687391196217,0.74699091796875,3.5386300537109374,9.404424121093749,10.07586676856954
3.4941556826660034,0.6607996582031249,3.5003228271484375,9.370905297851563,10.02510758963914
3.4966426262123846,0.55545478515625,3.42849677734375,9.356540087890625,9.980378879928043
3.4991295697587663,0.411802685546875,3.35188232421875,9.399635717773437,9.987885071128716
3.5016165133051476,0.27293898925781246,3.2034418212890623,9.361328491210937,9.898030426029134
3.5041034568515292,0.076614453125,3.0789433349609374,9.437942944335937,9.92776555196931
3.506590400397911,-0.1580173095703125,2.91134921875,9.447519750976562,9.887191370087479
3.509077343944292,-0.39264907226562495,2.7198130859375,9.481038574218749,9.871253667200119
3.511564287490674,-0.55545478515625,2.5426421630859375,9.504980590820312,9.854857442892117
3.514051231037055,-0.7900865478515624,2.346317626953125,9.528922607421874,9.845293759857176
3.5165381745834368,-1.0199299072265624,2.2361843505859373,9.557653027343749,9.868612306527892
3.5190251181298184,-1.2593500732421874,1.9967641845703124,9.552864624023437,9.840236396585007
3.5215120616761997,-1.4173673828125,1.915361328125,9.514557397460937,9.80838120102987
3.5239990052225814,-1.5658078857421873,1.7429788085937499,9.586383447265625,9.868560029724078
3.5264859487689626,-1.6998831787109374,1.5610194824218748,9.557653027343749,9.832350483829297
3.5289728923153443,-1.7956512451171873,1.5705962890624998,9.6151138671875,9.906641750678642
3.531459835861726,-1.8914193115234375,1.446097802734375,9.624690673828125,9.914803902949926
3.533946779408107,-1.9009961181640624,1.4604630126953124,9.619902270507811,9.914093914566639
3.536433722954489,-1.867477294921875,1.446097802734375,9.610325463867188,9.89631374924906
3.53892066650087,-1.8100164550781248,1.5179238525390624,9.658209497070311,9.94290013421938
3.541407610047252,-1.714248388671875,1.5562310791015623,9.600748657226562,9.87597476145334
3.543894553593633,-1.5945383056640625,1.66636435546875,9.643844287109374,9.915798263751583
3.5463814971400147,-1.43652099609375,1.7812860351562498,9.6151138671875,9.883672758152317
3.5488684406863964,-1.24498486328125,1.9297265380859374,9.591171850585937,9.862272014554488
3.5513553842327776,-1.0295067138671874,2.0973206542968748,9.6151138671875,9.894900337033175
3.5538423277791593,-0.8092401611328125,2.2744915771484373,9.567229833984374,9.867120566264006
3.5563292713255406,-0.5793968017578125,2.43250888671875,9.552864624023437,9.874716333281242
3.5588162148719222,-0.3687070556640625,2.5953145996093747,9.504980590820312,9.859830566278148
3.561303158418304,-0.143652099609375,2.806004345703125,9.528922607421874,9.934518728758968
3.563790101964685,0.0526724365234375,2.9448680419921875,9.485826977539062,9.932569436863961
3.566277045511067,0.2442085693359375,3.1268273681640624,9.452308154296874,9.959057016576624
3.568763989057448,0.44053310546874996,3.289633081054687,9.490615380859374,10.054229733420051
3.5712509326038298,0.5363011718749999,3.35188232421875,9.394847314453125,9.989288769689846
3.573737876150211,0.6655880615234374,3.4763808105468748,9.442731347656249,10.08431486575023
3.5762248196965927,0.7661445312499999,3.5194764404296874,9.433154541015625,10.097430190508257
3.5787117632429744,0.7565677246093749,3.5769372802734374,9.370905297851563,10.058863809110502
3.5811987067893556,0.74699091796875,3.5529952636718747,9.366116894531249,10.045193699338318
3.5836856503357373,0.7278373046875,3.5577836669921874,9.313444458007812,9.996390320290997
3.5861725938821185,0.6177040283203125,3.4859576171874997,9.351751684570312,9.999435901354353
3.5886595374285,0.49320554199218747,3.42849677734375,9.375693701171874,9.995072497841237
3.591146480974882,0.37828386230468747,3.265691064453125,9.361328491210937,9.921809710394912
3.593633424521263,0.13407529296874998,3.1172505615234374,9.380482104492186,9.885781292351203
3.596120368067645,-0.0383072265625,3.0071172851562498,9.433154541015625,9.900940682832925
3.598607311614026,-0.229843359375,2.7964275390625,9.4618849609375,9.86914899903184
3.6010942551604077,-0.45489831542968745,2.6575638427734374,9.437942944335937,9.815515527792616
3.603581198706789,-0.679953271484375,2.4756045166015626,9.504980590820312,9.845588362606433
3.6060681422531706,-0.928950244140625,2.288856787109375,9.519345800781249,9.83462040054608
3.6085550857995523,-1.1252747802734375,2.1116858642578125,9.557653027343749,9.852623605493047
3.6110420293459335,-1.3407529296874998,1.9536685546875,9.519345800781249,9.80981058506697
3.6135289728923152,-1.484405029296875,1.8243816650390623,9.557653027343749,9.84279219235201
3.6160159164386965,-1.656787548828125,1.70467158203125,9.586383447265625,9.876719991097511
3.618502859985078,-1.7764976318359373,1.5370774658203123,9.562441430664062,9.846767849742973
3.62098980353146,-1.8531120849609375,1.4987702392578124,9.624690673828125,9.915392437840637
3.623476747077841,-1.8818425048828125,1.4508862060546874,9.65342109375,9.94157637446702
3.6259636906242227,-1.8626888916015625,1.484405029296875,9.658209497070311,9.947566480662337
3.628450634170604,-1.867477294921875,1.4604630126953124,9.629479077148437,9.917020265974013
3.6309375777169857,-1.7525556152343749,1.5035586425781249,9.619902270507811,9.8931622583622
3.633424521263367,-1.70467158203125,1.6136919189453125,9.634267480468749,9.916098864829454
3.6359114648097486,-1.5514426757812498,1.7094599853515624,9.6151138671875,9.888358938506167
3.6383984083561303,-1.350329736328125,1.8100164550781248,9.576806640625,9.839449953954981
3.6408853519025115,-1.177947216796875,2.01112939453125,9.581595043945311,9.860992073481475
3.643372295448893,-0.9720458740234375,2.1356278808593747,9.576806640625,9.860071250180143
3.6458592389952744,-0.7038952880859375,2.346317626953125,9.586383447265625,9.894413705781101
3.648346182541656,-0.51714755859375,2.4899697265625,9.543287817382812,9.87632184580699
3.650833126088038,-0.28730419921875,2.6767174560546874,9.524134204101562,9.89729722601953
3.653320069634419,-0.0143652099609375,2.863465185546875,9.5001921875,9.922363167488491
3.6558070131808007,0.09576806640624999,3.0023288818359375,9.4618849609375,9.927256280124164
3.658293956727182,0.33518823242187495,3.1459809814453124,9.452308154296874,9.967731784641723
3.6607809002735636,0.49799394531249996,3.303998291015625,9.4618849609375,10.034523889583268
3.6632678438199453,0.63206923828125,3.438073583984375,9.399635717773437,10.028609730053052
3.6657547873663265,0.6751648681640625,3.5098996337890624,9.437942944335937,10.092076597956245
3.668241730912708,0.7422025146484375,3.5529952636718747,9.3852705078125,10.062700553094102
3.6707286744590895,0.7805097412109374,3.5721488769531247,9.390058911132812,10.076837272169644
3.673215618005471,0.7565677246093749,3.5529952636718747,9.332598071289063,10.014667085121888
3.6757025615518524,0.6943184814453125,3.5051112304687497,9.356540087890625,10.015624059834664
3.678189505098234,0.6081272216796875,3.4907460205078125,9.404424121093749,10.04979201510404
3.6806764486446157,0.469263525390625,3.347093920898437,9.404424121093749,9.993319719742146
3.683163392190997,0.27293898925781246,3.2130186279296873,9.356540087890625,9.896606833232518
3.6856503357373787,0.06703764648437499,3.0741549316406247,9.394847314453125,9.885245502852401
3.68813727928376,-0.1149216796875,2.920926025390625,9.399635717773437,9.843686680563772
3.6906242228301416,-0.3399766357421875,2.7150246826171873,9.433154541015625,9.821982882023102
3.6931111663765233,-0.5602431884765625,2.5809493896484375,9.504980590820312,9.865081257345622
3.6955981099229045,-0.7996633544921875,2.389413256835937,9.5001921875,9.828652440283818
3.698085053469286,-1.0390835205078124,2.1978771240234374,9.514557397460937,9.82024240456798
3.7005719970156674,-1.2497732666015624,2.0302830078125,9.5384994140625,9.831935383320761
3.703058940562049,-1.388636962890625,1.8818425048828125,9.576806640625,9.858238648957977
3.7055458841084303,-1.5801730957031248,1.7621324218749999,9.619902270507811,9.906794505728298
3.708032827654812,-1.7381904052734374,1.6232687255859375,9.591171850585937,9.881643826202303
3.7105197712011937,-1.7908628417968748,1.5466542724609373,9.567229833984374,9.855517026160076
3.713006714747575,-1.905784521484375,1.4317325927734375,9.586383447265625,9.878290361066917
3.7154936582939566,-1.9201497314453124,1.39821376953125,9.634267480468749,9.92275599930251
3.717980601840338,-1.9105729248046874,1.3838485595703125,9.600748657226562,9.88633908563019
3.7204675453867195,-1.8148048583984373,1.5083470458984374,9.634267480468749,9.919059298650994
3.722954488933101,-1.7381904052734374,1.4891934326171874,9.624690673828125,9.893112428938068
3.7254414324794825,-1.6041151123046875,1.6519991455078125,9.591171850585937,9.863714510150569
3.727928376025864,-1.4413093994140624,1.7908628417968748,9.610325463867188,9.88144311446573
3.7304153195722454,-1.235408056640625,1.9393033447265624,9.624690673828125,9.89554450731006
3.732902263118627,-1.0486603271484374,2.0542250244140625,9.600748657226562,9.873900126692677
3.7353892066650083,-0.8571241943359375,2.2266075439453124,9.533711010742186,9.827720421115824
3.73787615021139,-0.6560112548828124,2.408566870117187,9.543287817382812,9.864374663391807
3.7403630937577717,-0.36391865234375,2.6575638427734374,9.548076220703125,9.917703457973367
3.742850037304153,-0.201112939453125,2.7820623291015623,9.485826977539062,9.887427909483302
3.7453369808505346,0.047884033203124995,2.978386865234375,9.504980590820312,9.960810069040935
3.747823924396916,0.229843359375,3.0980969482421874,9.466673364257812,9.96337981089272
3.7503108679432975,0.4213794921875,3.265691064453125,9.437942944335937,9.995852431154917
3.752797811489679,0.5506663818359374,3.399766357421875,9.418789331054686,10.028720616904804
3.7552847550360604,0.6655880615234374,3.4715924072265625,9.404424121093749,10.046798214305172
3.757771698582442,0.718260498046875,3.5051112304687497,9.404424121093749,10.062052272296276
3.7602586421288233,0.7565677246093749,3.5769372802734374,9.390058911132812,10.076709849126116
3.762745585675205,0.7661445312499999,3.5625720703124997,9.375693701171874,10.058952707768784
3.7652325292215862,0.7326257080078125,3.5242648437499997,9.34696328125,10.016132272387477
3.767719472767968,0.6512228515624999,3.5098996337890624,9.375693701171874,10.032303774301482
3.7702064163143496,0.5219359619140624,3.4093431640625,9.3852705078125,9.998966969817129
3.772693359860731,0.36391865234375,3.308786694335937,9.380482104492186,9.953589839190501
3.7751803034071125,0.19153613281249998,3.1459809814453124,9.3852705078125,9.90036286863282
3.7776672469534938,0.0047884033203125,3.0023288818359375,9.3852705078125,9.853796433270158
3.7801541904998754,-0.1771709228515625,2.858676782226562,9.399635717773437,9.82632047655619
3.782641134046257,-0.4261678955078125,2.6862942626953124,9.4618849609375,9.845052714687034
3.7851280775926384,-0.6560112548828124,2.50912333984375,9.466673364257812,9.815495671978562
3.78761502113902,-0.9193734375,2.308010400390625,9.442731347656249,9.76408392169495
3.7901019646854013,-1.1061211669921875,2.1021090576171875,9.485826977539062,9.778715660759968
3.792588908231783,-1.2928688964843749,1.9488801513671874,9.572018237304688,9.853587009976787
3.795075851778164,-1.455674609375,1.85790048828125,9.519345800781249,9.807585190432269
3.797562795324546,-1.6328455322265625,1.6807295654296874,9.619902270507811,9.901189630460728
3.8000497388709276,-1.7908628417968748,1.5705962890624998,9.562441430664062,9.854656185591978
3.802536682417309,-1.8291700683593748,1.5849614990234373,9.586383447265625,9.887199486729132
3.8050236259636905,-1.8626888916015625,1.4796166259765624,9.6151138671875,9.905013374334407
3.8075105695100717,-1.8770541015625,1.4796166259765624,9.605537060546874,9.898431172746434
3.8099975130564534,-1.848323681640625,1.4700398193359374,9.619902270507811,9.905545779848183
3.812484456602835,-1.8195932617187498,1.4891934326171874,9.6151138671875,9.898435805561594
3.8149714001492163,-1.68551796875,1.618480322265625,9.677363110351562,9.955491255891566
3.817458343695598,-1.5514426757812498,1.6711527587890624,9.576806640625,9.844539163991511
3.8199452872419792,-1.4030021728515625,1.7860744384765623,9.581595043945311,9.847103156916907
3.822432230788361,-1.1540052001953125,1.9632453613281249,9.567229833984374,9.834528308319362
3.8249191743347426,-0.967257470703125,2.1739351074218747,9.581595043945311,9.872615886991133
3.827406117881124,-0.7613561279296874,2.29843359375,9.562441430664062,9.864215440332556
3.8298930614275055,-0.4836287353515625,2.4851813232421875,9.533711010742186,9.86416081577122
3.8323800049738868,-0.296881005859375,2.6431986328124997,9.533711010742186,9.897791823456823
3.8348669485202684,-0.05746083984375,2.849099975585937,9.490615380859374,9.909210499651516
3.8373538920666497,0.12449848632812499,3.0214824951171875,9.481038574218749,9.951630458734964
3.8398408356130314,0.2920926025390625,3.1268273681640624,9.437942944335937,9.946714759120136
3.842327779159413,0.45968671875,3.2800562744140622,9.404424121093749,9.970620546993457
3.8448147227057943,0.5985504150390625,3.4093431640625,9.437942944335937,10.052693690261513
3.847301666252176,0.70868369140625,3.5434184570312497,9.394847314453125,10.065843382349142
3.849788609798557,0.7422025146484375,3.5386300537109374,9.361328491210937,10.035299614367993
3.852275553344939,0.7757213378906249,3.5673604736328124,9.366116894531249,10.052459899194835
3.8547624968913206,0.7422025146484375,3.5482068603515624,9.390058911132812,10.065477775602163
3.857249440437702,0.6751648681640625,3.5194764404296874,9.342174877929686,10.005937910249251
3.8597363839840835,0.584185205078125,3.4668040039062498,9.399635717773437,10.03559435121681
3.8622233275304647,0.45010991210937495,3.399766357421875,9.370905297851563,9.97872117655059
3.8647102710768464,0.2825157958984375,3.2321722412109373,9.351751684570312,9.89858637087389
3.8671972146232276,0.1197100830078125,3.0933085449218747,9.409212524414063,9.905360598567368
3.8696841581696093,-0.1149216796875,2.940079638671875,9.3852705078125,9.835678816381218
3.872171101715991,-0.277727392578125,2.7437551025390623,9.418789331054686,9.814220143755028
3.8746580452623722,-0.5506663818359374,2.5522189697265625,9.471461767578125,9.824746467375661
3.877144988808754,-0.7517793212890624,2.39420166015625,9.481038574218749,9.80752089894468
3.879631932355135,-1.01514150390625,2.2026655273437497,9.5384994140625,9.84201294300979
3.882118875901517,-1.22583125,2.020706201171875,9.5001921875,9.78976850616842
3.8846058194478985,-1.388636962890625,1.8722656982421875,9.557653027343749,9.837805794516047
3.8870927629942797,-1.5610194824218748,1.7429788085937499,9.572018237304688,9.853846461509388
3.8895797065406614,-1.70467158203125,1.6136919189453125,9.595960253906249,9.878884552741914
3.8920666500870427,-1.7812860351562498,1.5610194824218748,9.576806640625,9.865342730765233
3.8945535936334243,-1.8818425048828125,1.4796166259765624,9.586383447265625,9.880756255017035
3.8970405371798056,-1.8626888916015625,1.4508862060546874,9.624690673828125,9.910063130812523
3.8995274807261873,-1.8435352783203125,1.465251416015625,9.643844287109374,9.927200847598453
3.902014424272569,-1.8291700683593748,1.465251416015625,9.600748657226562,9.88267168484086
3.90450136781895,-1.7717092285156248,1.484405029296875,9.610325463867188,9.884369853605406
3.906988311365332,-1.599326708984375,1.62805712890625,9.677363110351562,9.942825187372375
3.909475254911713,-1.5083470458984374,1.7429788085937499,9.619902270507811,9.892199231323577
3.911962198458095,-1.3024457031249999,1.8914193115234375,9.572018237304688,9.843645917894756
3.9144491420044765,-1.1013327636718748,2.0542250244140625,9.610325463867188,9.888939772731966
3.9169360855508577,-0.8714894042968749,2.2074539306640624,9.528922607421874,9.820015921374141
3.9194230290972394,-0.5889736083984375,2.427720483398437,9.595960253906249,9.91580404462748
3.9219099726436206,-0.39743747558593745,2.5857377929687497,9.514557397460937,9.867664310796435
3.9243969161900023,-0.19632453613281248,2.7581203125,9.5001921875,9.8944137057811
3.9268838597363835,0.033518823242187495,2.925714428710937,9.428366137695312,9.87193073599681
3.9293708032827652,0.258573779296875,3.1076737548828124,9.471461767578125,9.971613940622724
3.931857746829147,0.38307226562499996,3.208230224609375,9.433154541015625,9.971152898710956
3.934344690375528,0.5506663818359374,3.39018955078125,9.442731347656249,10.047974619709219
3.93683163392191,0.6416460449218749,3.4811692138671875,9.437942944335937,10.079931337220561
3.939318577468291,0.70868369140625,3.5434184570312497,9.361328491210937,10.034566161845392
3.9418055210146727,0.7661445312499999,3.5817256835937497,9.404424121093749,10.092518484733596
3.9442924645610544,0.7948749511718749,3.5577836669921874,9.342174877929686,10.028254197961747
3.9467794081074357,0.7326257080078125,3.5913024902343746,9.351751684570312,10.04437422512031
3.9492663516538173,0.6416460449218749,3.5194764404296874,9.375693701171874,10.035041426914862
3.9517532952001986,0.5267243652343749,3.39018955078125,9.356540087890625,9.965724567910867
3.9542402387465803,0.3687070556640625,3.294421484375,9.394847314453125,9.962545551790223
3.956727182292962,0.21068974609375,3.1651345947265623,9.394847314453125,9.915927754563919
3.959214125839343,0.01915361328125,3.0358477050781247,9.414000927734374,9.891418079159
3.961701069385725,-0.16280571289062498,2.85388837890625,9.418789331054686,9.843006504223979
3.964188012932106,-0.411802685546875,2.70065947265625,9.437942944335937,9.825370733952589
3.966674956478488,-0.63206923828125,2.5330653564453125,9.476250170898437,9.8293056175631
3.969161900024869,-0.842758984375,2.308010400390625,9.471461767578125,9.784975356573476
3.9716488435712507,-1.1061211669921875,2.1164742675781247,9.514557397460937,9.809677356109484
3.9741357871176324,-1.2689268798828124,2.0159177978515626,9.557653027343749,9.850016821573298
3.9766227306640136,-1.4700398193359374,1.8052280517578123,9.5384994140625,9.81849461278852
3.9791096742103953,-1.6232687255859375,1.6903063720703124,9.576806640625,9.859379413474562
3.9815966177567765,-1.7334020019531249,1.6232687255859375,9.639055883789062,9.927289770458453
3.984083561303158,-1.8291700683593748,1.5322890624999999,9.591171850585937,9.883539364899146
3.98657050484954,-1.886630908203125,1.4508862060546874,9.605537060546874,9.895998645323605
3.989057448395921,-1.8818425048828125,1.4604630126953124,9.643844287109374,9.933680891726228
3.991544391942303,-1.89620771484375,1.4413093994140624,9.605537060546874,9.896429593758134
3.994031335488684,-1.7860744384765623,1.4987702392578124,9.624690673828125,9.903082585575987
3.9965182790350657,-1.714248388671875,1.5801730957031248,9.6151138671875,9.893735858078559
3.999005222581447,-1.5753846923828123,1.675941162109375,9.624690673828125,9.895720604115736
4.001492166127829,-0.7757213378906249,2.480392919921875,7.738059765625,8.16282191203764
4.00397910967421,-0.7757213378906249,2.5043349365234375,8.29351455078125,8.69803544901784
4.006466053220592,-0.689530078125,2.6288334228515624,8.94473740234375,9.348504912050254
4.008952996766973,-0.6512228515624999,2.6431986328124997,9.634267480468749,10.011478417302648
4.0114399403133545,-0.5889736083984375,2.7054478759765623,10.328585961914062,10.6932701309592
4.013926883859736,-0.5027823486328125,2.7246014892578123,10.9175595703125,11.263629536551914
4.016413827406118,-0.4740519287109375,2.7246014892578123,11.425130322265625,11.755074707849962
4.0189007709524995,-0.3687070556640625,2.748543505859375,11.79862578125,12.120148787142647
4.02138771449888,-0.296881005859375,2.7533319091796873,12.004527124023436,12.319807076621027
4.023874658045262,-0.3016694091796875,2.6910826660156246,11.966219897460936,12.268795742947008
4.026361601591644,-0.33518823242187495,2.6192566162109374,11.745953344726562,12.039114433761812
4.028848545138025,-0.33518823242187495,2.5522189697265625,11.334150659179686,11.62278555190491
4.031335488684407,-0.3687070556640625,2.4756045166015626,10.826579907226561,11.11212828863474
4.033822432230788,-1.5466542724609373,0.7900865478515624,-4.4196962646484375,4.74869363755602
4.0363093757771695,-1.8914193115234375,0.8044517578125,-6.1818286865234375,6.514569483256396
4.038796319323551,-2.0638018310546875,0.9864110839843749,-6.718129858398437,7.0968692829145805
4.041283262869933,-2.1164742675781247,1.216254443359375,-5.95677373046875,6.4375376870597325
4.043770206416314,-2.0446482177734375,1.5370774658203123,-4.0988732421875,4.8315582709822875
4.046257149962695,-1.8914193115234375,2.01112939453125,-1.3263877197265623,3.0629092112879963
4.048744093509077,-1.608903515625,2.422932080078125,2.1643583007812497,3.625412699462351
4.051231037055459,-1.3215993164062498,2.77727392578125,5.980715747070312,6.725238736223768
4.05371798060184,-0.9337386474609375,3.1507693847656246,9.86411083984375,10.397110090715666
4.056204924148221,-0.5506663818359374,3.5146880371093747,13.532027783203125,13.991856252394294
4.058691867694603,-0.21068974609375,3.6918589599609373,16.716315991210937,17.120439044235034
4.061178811240985,0.0909796630859375,3.77326181640625,19.206285717773437,19.573635153108185
4.063665754787366,0.33518823242187495,3.825934252929687,20.872650073242188,21.223045142931582
4.066152698333748,0.5219359619140624,3.7014357666015623,21.55260334472656,21.87436295798657
4.068639641880129,0.55545478515625,3.5817256835937497,21.332336791992187,21.63806557661409
4.07112658542651,0.5363011718749999,3.356670727539062,20.207062011718747,20.490978806916935
4.073613528972892,0.4644751220703125,3.0023288818359375,18.38746875,18.63675730608614
4.076100472519274,0.28730419921875,2.6958710693359373,15.974113476562499,16.202548129459974
4.0785874160656554,0.05746083984375,2.43250888671875,13.211204760742186,13.4334036067684
4.081074359612036,-0.181959326171875,2.0638018310546875,10.314220751953124,10.520244147084519
4.083561303158418,-0.49799394531249996,1.8435352783203125,7.4794859863281244,7.7194126014651046
4.0860482467048,-0.699106884765625,1.6807295654296874,4.979939453125,5.302207018329923
4.088535190251181,-0.9911994873046874,1.5370774658203123,2.85388837890625,3.3896552094308663
4.091022133797563,-1.1875240234375,1.5083470458984374,1.3551181396484375,2.349823246441309
4.093509077343944,-1.3311761230468748,1.5418658691406248,0.55545478515625,2.111376386943801
4.095996020890325,-1.4604630126953124,1.6615759521484375,0.373495458984375,2.2434985433672567
4.098482964436707,-1.43652099609375,1.8243816650390623,0.9911994873046874,2.524764831738187
4.100969907983089,-1.37906015625,2.020706201171875,2.0877438476562498,3.2161677256382735
4.1034568515294705,-1.2641384765625,2.3032219970703123,3.758896606445312,4.586085624327178
4.105943795075851,-1.120486376953125,2.5234885498046875,5.72693037109375,6.357768134910938
4.108430738622233,-0.948103857421875,2.748543505859375,7.881711865234375,8.40087937388916
4.110917682168615,-0.7278373046875,2.9448680419921875,10.026916552734374,10.475736273997176
4.113404625714996,-0.5602431884765625,3.0885201416015624,12.100295190429687,12.50079888610519
4.115891569261377,-0.3064578125,3.246537451171875,13.843273999023436,14.222171311889833
4.118378512807759,-0.201112939453125,3.27526787109375,15.2079689453125,15.557960839500266
4.1208654563541405,-0.01915361328125,3.2704794677734372,16.146495996093748,16.474396370183058
4.123352399900522,0.08140285644531249,3.19865341796875,16.467319018554686,16.775297486845755
4.125839343446904,0.05746083984375,3.0454245117187497,16.270994482421873,16.55364532819572
4.128326286993285,0.105344873046875,2.978386865234375,15.6293484375,15.910952782346554
4.130813230539666,0.06703764648437499,2.77727392578125,14.580688110351561,14.842985221181685
4.133300174086048,-0.047884033203124995,2.6240450195312497,13.153743920898437,13.413011752836688
4.13578711763243,-0.2346317626953125,2.418143676757812,11.578359228515625,11.83050604708278
4.138274061178811,-0.3495534423828125,2.250549560546875,9.926360083007811,10.184291110877096
4.140761004725192,-0.4836287353515625,2.1308394775390624,8.283937744140625,8.567263167517055
4.143247948271574,-0.6655880615234374,1.9536685546875,6.766013891601562,7.073808894122218
4.1457348918179555,-0.7948749511718749,1.89620771484375,5.53539423828125,5.904914839269971
4.148221835364337,-0.9241618408203125,1.905784521484375,4.6064439941406246,5.07005088944007
4.150708778910719,-1.0342951171875,1.9680337646484374,4.170699291992188,4.726272936729146
4.1531957224571,-1.0295067138671874,1.9967641845703124,4.050989208984375,4.632220294198907
4.155682666003481,-1.120486376953125,2.0829554443359375,4.295197778320312,4.9033577331165645
4.158169609549863,-1.0726023437499999,2.231395947265625,4.989516259765625,5.569997860660002
4.160656553096245,-1.0390835205078124,2.3367408203125,5.928043310546875,6.456140465915004
4.163143496642626,-0.8810662109374999,2.4851813232421875,7.072471704101562,7.547997077554071
4.165630440189007,-0.8283937744140625,2.6192566162109374,8.37012900390625,8.809415474881712
4.168117383735389,-0.6464344482421874,2.767697119140625,9.715670336914062,10.122859029679574
4.1706043272817706,-0.5985504150390625,2.858676782226562,11.003750830078124,11.3847629696463
4.173091270828152,-0.45010991210937495,2.93050283203125,12.090718383789062,12.448932356536325
4.175578214374533,-0.3447650390625,2.9448680419921875,12.947842578125,13.28298679306779
4.178065157920915,-0.2537853759765625,2.96881005859375,13.579911816406248,13.902958142871503
4.180552101467296,-0.21068974609375,2.9496564453125,13.88636962890625,14.197750694567521
4.183039045013678,-0.1149216796875,2.877830395507812,13.881581225585936,14.177214539545869
4.18552598856006,-0.16759411621093748,2.8107927490234372,13.512874169921874,13.803130514412048
4.1880129321064405,-0.181959326171875,2.6623522460937497,12.895170141601561,13.168395561324614
4.190499875652822,-0.2346317626953125,2.5570073730468748,12.038045947265624,12.308854089571454
4.192986819199204,-0.27293898925781246,2.446874096679687,11.085153686523437,11.355277222098247
4.195473762745586,-0.37828386230468747,2.3367408203125,9.964667309570311,10.24197495272343
4.197960706291967,-0.5123591552734374,2.231395947265625,8.853757739257812,9.144980365366214
4.200447649838348,-0.584185205078125,2.1835119140624997,7.920019091796875,8.236243017730356
4.20293459338473,-0.7134720947265625,2.1164742675781247,7.034164477539062,7.3802422488930715
4.205421536931111,-0.7805097412109374,2.1164742675781247,6.339845996093749,6.729212883809775
4.207908480477493,-0.8092401611328125,2.059013427734375,5.95677373046875,6.3543338919184364
4.210395424023875,-0.8762778076171874,2.1691467041015624,5.7891796142578125,6.244009995681885
4.212882367570256,-0.93852705078125,2.1835119140624997,5.894524487304687,6.355625558144188
4.215369311116637,-0.8810662109374999,2.2744915771484373,6.248866333007812,6.708048900416085
4.217856254663019,-0.8714894042968749,2.398990063476562,6.890512377929687,7.348047899739306
4.220343198209401,-0.852335791015625,2.4947581298828125,7.6231380859375,8.066134681774999
4.222830141755782,-0.737414111328125,2.6384102294921874,8.470685473632813,8.902668167683709
4.225317085302163,-0.7278373046875,2.6910826660156246,9.390058911132812,9.795145706520614
4.227804028848545,-0.5698199951171875,2.7581203125,10.328585961914062,10.705681223430327
4.2302909723949265,-0.4836287353515625,2.8203695556640622,11.166556542968749,11.52737464523005
4.232777915941308,-0.4213794921875,2.839523168945312,11.880028637695311,12.221928364046082
4.23526485948769,-0.37828386230468747,2.868253588867187,12.387599389648436,12.720951063853203
4.237751803034071,-0.33518823242187495,2.829946362304687,12.670115185546875,12.98663799371112
4.240238746580452,-0.24899697265624998,2.7916391357421872,12.785036865234375,13.088636911535188
4.242725690126834,-0.26815058593749996,2.73896669921875,12.58392392578125,12.881342503249329
4.245212633673216,-0.2442085693359375,2.6623522460937497,12.258312499999999,12.546472916930629
4.2476995772195965,-0.277727392578125,2.5474305664062498,11.602301245117188,11.881916056667668
4.250186520765978,-0.3064578125,2.5139117431640625,10.922347973632812,11.212107469177294
4.25267346431236,-0.40222587890625,2.3511060302734372,10.050858569335936,10.330016611992628
4.2551604078587415,-0.4740519287109375,2.3511060302734372,9.289502441406249,9.594127391565912
4.257647351405123,-0.55545478515625,2.269703173828125,8.432378247070313,8.750147736884392
4.260134294951504,-0.6416460449218749,2.231395947265625,7.714117749023437,8.055957433243783
4.262621238497886,-0.6943184814453125,2.2074539306640624,7.149086157226562,7.514277336719027
4.265108182044267,-0.7278373046875,2.231395947265625,6.72291826171875,7.120850017330773
4.267595125590649,-0.8188169677734375,2.1643583007812497,6.49307490234375,6.893107410183065
4.270082069137031,-0.842758984375,2.212242333984375,6.53138212890625,6.94717290441323
4.2725690126834115,-0.833182177734375,2.346317626953125,6.7803791015625,7.2230838087862885
4.275055956229793,-0.814028564453125,2.418143676757812,7.273584643554687,7.708118766089686
4.277542899776175,-0.7900865478515624,2.4516625,7.7763669921875,8.191872152578158
4.2800298433225565,-0.7278373046875,2.6288334228515624,8.537723120117187,8.96288058511212
4.282516786868938,-0.679953271484375,2.6001030029296874,9.3086560546875,9.688856982209849
4.285003730415319,-0.63206923828125,2.729389892578125,10.060435375976562,10.443248568423991
4.287490673961701,-0.5123591552734374,2.7820623291015623,10.855310327148437,11.217849393074149
4.289977617508082,-0.488417138671875,2.829946362304687,11.405976708984374,11.76194934527283
4.292464561054464,-0.354341845703125,2.839523168945312,11.927912670898436,12.266358492037195
4.294951504600846,-0.33518823242187495,2.806004345703125,12.215216870117187,12.537844101888268
4.2974384481472265,-0.316034619140625,2.7724855224609373,12.287042919921875,12.599919744536198
4.299925391693608,-0.277727392578125,2.7246014892578123,12.152967626953124,12.457736869978623
4.30241233523999,-0.316034619140625,2.6192566162109374,11.841721411132811,12.132054610862143
4.304899278786372,-0.32561142578124996,2.518700146484375,11.358092675781249,11.63856273171801
4.307386222332752,-0.33518823242187495,2.4947581298828125,10.721235034179687,11.012767587481923
4.309873165879134,-0.4070142822265625,2.442085693359375,10.026916552734374,10.32804428317121
4.312360109425516,-0.44532150878906246,2.3367408203125,9.294290844726563,9.593878840900217
4.314847052971897,-0.5746083984375,2.221819140625,8.552088330078124,8.854652444374143
4.317333996518279,-0.622492431640625,2.2553379638671873,7.829039428710937,8.171162985464242
4.31982094006466,-0.689530078125,2.1978771240234374,7.345410693359375,7.698127943536847
4.322307883611042,-0.7565677246093749,2.2601263671875,6.9910688476562495,7.386176923838641
4.324794827157423,-0.7757213378906249,2.2601263671875,6.809109521484374,7.2162238924027395
4.327281770703805,-0.8714894042968749,2.308010400390625,6.7803791015625,7.215257899134203
4.329768714250187,-0.8571241943359375,2.375048046875,7.029376074218749,7.469112604739587
4.332255657796567,-0.8283937744140625,2.446874096679687,7.4794859863281244,7.91303606147279
4.334742601342949,-0.7852981445312499,2.50912333984375,7.996633544921875,8.41775155027295
4.337229544889331,-0.70868369140625,2.5857377929687497,8.652644799804687,9.058506198046077
4.3397164884357124,-0.6416460449218749,2.6862942626953124,9.414000927734374,9.810774688073174
4.342203431982094,-0.6081272216796875,2.73896669921875,10.137049829101562,10.51815271494311
4.344690375528475,-0.5315127685546874,2.7341782958984373,10.797849487304687,11.151313390241745
4.347177319074857,-0.47884033203125,2.786850732421875,11.386823095703125,11.732670850288873
4.349664262621238,-0.4070142822265625,2.7533319091796873,11.784260571289062,12.10848026963258
4.35215120616762,-0.3447650390625,2.77727392578125,12.057199560546874,12.377728977233097
4.354638149714002,-0.3016694091796875,2.7246014892578123,12.176909643554687,12.481649978067637
4.357125093260382,-0.2920926025390625,2.6575638427734374,11.97100830078125,12.265928558582443
4.359612036806764,-0.26336218261718747,2.6192566162109374,11.659762084960937,11.953238755194771
4.362098980353146,-0.3495534423828125,2.528276953125,11.137826123046874,11.426528025083126
4.3645859238995275,-0.39264907226562495,2.4660277099609376,10.55364091796875,10.845035849902503
4.367072867445909,-0.39743747558593745,2.384624853515625,9.873687646484374,10.165338163550816
4.36955981099229,-0.5219359619140624,2.308010400390625,9.093177905273437,9.396021156511061
4.372046754538672,-0.5458779785156249,2.29843359375,8.40843623046875,8.733989901194434
4.374533698085053,-0.63206923828125,2.2840683837890623,7.824251025390624,8.175291065896825
4.377020641631435,-0.689530078125,2.2601263671875,7.345410693359375,7.716131231285111
4.379507585177816,-0.7805097412109374,2.2074539306640624,7.000645654296875,7.381807901127955
4.3819945287241975,-0.7757213378906249,2.269703173828125,6.924031201171875,7.327721621769342
4.384481472270579,-0.7900865478515624,2.370259643554687,6.9910688476562495,7.424110126044041
4.386968415816961,-0.7996633544921875,2.384624853515625,7.244854223632812,7.669016227275328
4.3894553593633425,-0.7948749511718749,2.418143676757812,7.68059892578125,8.091405618812862
4.391942302909723,-0.7709329345703124,2.480392919921875,8.221688500976562,8.622229899155668
4.394429246456105,-0.70868369140625,2.5713725830078125,8.94473740234375,9.333944328738879
4.396916190002487,-0.6416460449218749,2.6575638427734374,9.619902270507811,10.000843710382737
4.399403133548868,-0.584185205078125,2.710236279296875,10.333374365234375,10.698844742098657
4.40189007709525,-0.51714755859375,2.7150246826171873,10.931924780273437,11.275893757309726
4.404377020641631,-0.4213794921875,2.77727392578125,11.520898388671874,11.858410973539533
4.4068639641880125,-0.39743747558593745,2.767697119140625,11.889605444335936,12.213960107691616
4.409350907734394,-0.3495534423828125,2.73896669921875,12.023680737304687,12.336653705974838
4.411837851280776,-0.316034619140625,2.6910826660156246,12.018892333984374,12.320534758350933
4.414324794827158,-0.2920926025390625,2.6575638427734374,11.755530151367187,12.055722823894792
4.416811738373538,-0.3399766357421875,2.5857377929687497,11.405976708984374,11.70033882982589
4.41929868191992,-0.3399766357421875,2.50912333984375,10.89840595703125,11.1886789413073
4.421785625466302,-0.4070142822265625,2.446874096679687,10.28549033203125,10.580366952107415
4.424272569012683,-0.469263525390625,2.3415292236328122,9.548076220703125,9.842191162426433
4.426759512559065,-0.5123591552734374,2.29843359375,8.86812294921875,9.175451679962752
4.429246456105446,-0.5698199951171875,2.2553379638671873,8.197746484375,8.521401972690796
4.4317333996518276,-0.6751648681640625,2.2361843505859373,7.618349682617187,7.968413890834351
4.434220343198209,-0.7326257080078125,2.2553379638671873,7.249642626953125,7.6276213840115545
4.436707286744591,-0.737414111328125,2.27927998046875,7.058106494140625,7.453573913471412
4.439194230290972,-0.833182177734375,2.288856787109375,6.9719152343749995,7.38516485723244
4.441681173837353,-0.8283937744140625,2.3319524169921872,7.1203557373046875,7.538149915355323
4.444168117383735,-0.8092401611328125,2.398990063476562,7.436390356445312,7.855566465665119
4.446655060930117,-0.7709329345703124,2.461239306640625,7.967903124999999,8.37493383397999
4.449142004476498,-0.699106884765625,2.6001030029296874,8.571241943359375,8.984179122979109
4.451628948022879,-0.6943184814453125,2.6096798095703124,9.299079248046874,9.68325264173209
4.454115891569261,-0.622492431640625,2.6431986328124997,10.002974536132811,10.365013044394741
4.456602835115643,-0.51714755859375,2.7198130859375,10.639832177734375,10.994128141428412
4.459089778662024,-0.4644751220703125,2.7437551025390623,11.219228979492186,11.559196689044125
4.461576722208406,-0.4070142822265625,2.786850732421875,11.693280908203125,12.027677083663512
4.464063665754787,-0.3495534423828125,2.7246014892578123,11.89439384765625,12.207466808781845
4.466550609301168,-0.3495534423828125,2.73896669921875,11.994950317382811,12.308653838052027
4.46903755284755,-0.3112462158203125,2.6288334228515624,11.884817041015625,12.176063217246341
4.471524496393932,-0.296881005859375,2.6384102294921874,11.583147631835937,11.88354559597579
4.4740114399403135,-0.32082302246093747,2.5234885498046875,11.099518896484375,11.387284206787413
4.476498383486694,-0.38786066894531246,2.446874096679687,10.534487304687499,10.821878372821367
4.478985327033076,-0.411802685546875,2.360682836914062,9.840168823242188,10.127750361172604
4.481472270579458,-0.5410895751953124,2.3511060302734372,9.1554271484375,9.467963020857209
4.483959214125839,-0.5602431884765625,2.2936451904296873,8.475473876953124,8.798200846123624
4.486446157672221,-0.6368576416015624,2.212242333984375,7.876923461914062,8.20643205204254
4.488933101218602,-0.7230489013671875,2.250549560546875,7.4220251464843745,7.789366489856054
4.4914200447649835,-0.7757213378906249,2.269703173828125,7.086836914062499,7.481748026889383
4.493906988311365,-0.7852981445312499,2.2744915771484373,6.9719152343749995,7.375473350615105
4.496393931857747,-0.7757213378906249,2.3415292236328122,7.048529687499999,7.4676819331539654
4.4988808754041285,-0.814028564453125,2.3367408203125,7.297526660156249,7.7056405003576165
4.501367818950509,-0.8188169677734375,2.47081611328125,7.6997525390625,8.127827671350037
4.503854762496891,-0.74699091796875,2.528276953125,8.2743609375,8.684194188711851
4.506341706043273,-0.689530078125,2.6240450195312497,8.992621435546875,9.392992296186714
4.508828649589654,-0.6703764648437499,2.6671406494140624,9.662997900390625,10.04671947808472
4.511315593136035,-0.5985504150390625,2.710236279296875,10.338162768554687,10.704263296373586
4.513802536682417,-0.488417138671875,2.6719290527343746,10.970232006835937,11.301493107019182
4.5162894802287985,-0.411802685546875,2.710236279296875,11.463437548828125,11.786660365740719
4.51877642377518,-0.354341845703125,2.7629087158203123,11.765106958007811,12.090366596962062
4.521263367321562,-0.33518823242187495,2.7629087158203123,12.014103930664062,12.332262930213075
4.523750310867943,-0.3064578125,2.6958710693359373,11.966219897460936,12.269965600918153
4.526237254414324,-0.33039982910156246,2.6288334228515624,11.745953344726562,12.041069270985236
4.528724197960706,-0.3495534423828125,2.5570073730468748,11.3389390625,11.628930018621066
4.531211141507088,-0.33518823242187495,2.5378537597656248,10.802637890625,11.101803378419092
4.533698085053469,-0.411802685546875,2.437297290039062,10.17056865234375,10.466635860862493
4.53618502859985,-0.488417138671875,2.370259643554687,9.428366137695312,9.734000724555758
4.538671972146232,-0.565031591796875,2.3367408203125,8.738836059570312,9.063491271970731
4.5411589156926135,-0.622492431640625,2.2553379638671873,8.106766821289062,8.437636781318783
4.543645859238995,-0.6560112548828124,2.24097275390625,7.584830859375,7.93611799405795
4.546132802785377,-0.74699091796875,2.24097275390625,7.220912207031249,7.597468487393078
4.548619746331758,-0.7326257080078125,2.2840683837890623,6.981492041015625,7.382068810883792
4.551106689878139,-0.7757213378906249,2.360682836914062,6.986280444335937,7.415030781963766
4.553593633424521,-0.7948749511718749,2.418143676757812,7.1778165771484375,7.615792528990741
4.556080576970903,-0.7900865478515624,2.418143676757812,7.498639599609374,7.918412179178956
4.558567520517284,-0.7661445312499999,2.4660277099609376,8.02536396484375,8.430583424489202
4.561054464063665,-0.7661445312499999,2.5378537597656248,8.67658681640625,9.072532057334135
4.563541407610047,-0.699106884765625,2.6384102294921874,9.380482104492186,9.769513984232475
4.566028351156429,-0.5985504150390625,2.6719290527343746,10.022128149414062,10.389442723527917
4.56851529470281,-0.5410895751953124,2.6910826660156246,10.673351000976561,11.020668102876622
4.571002238249191,-0.44532150878906246,2.7820623291015623,11.295843432617186,11.641918265620875
4.573489181795573,-0.38307226562499996,2.73896669921875,11.707646118164062,12.029865359524285
4.575976125341954,-0.38307226562499996,2.7246014892578123,11.908759057617187,12.222468651149667
4.578463068888336,-0.32561142578124996,2.7198130859375,12.004527124023436,12.313085620365456
4.580950012434718,-0.32082302246093747,2.6527754394531247,11.827356201171874,12.125448431019178
4.583436955981099,-0.33039982910156246,2.6144682128906247,11.520898388671874,11.818447773095587
4.58592389952748,-0.316034619140625,2.5234885498046875,11.056423266601563,11.345147323492062
4.588410843073862,-0.3687070556640625,2.47081611328125,10.395623608398436,10.69157927371058
4.590897786620244,-0.4740519287109375,2.398990063476562,9.739612353515625,10.041908551292828
4.593384730166625,-0.507570751953125,2.3367408203125,9.088389501953124,9.397702350509126
4.595871673713006,-0.584185205078125,2.2601263671875,8.40843623046875,8.726467979162466
4.598358617259388,-0.6943184814453125,2.250549560546875,7.805097412109374,8.152704894123833
4.6008455608057695,-0.74699091796875,2.221819140625,7.3549875,7.7194764621916985
4.603332504352151,-0.7948749511718749,2.2457611572265623,7.072471704101562,7.462916679732216
4.605819447898533,-0.7948749511718749,2.2361843505859373,6.943184814453125,7.337585570571454
4.608306391444914,-0.814028564453125,2.31758720703125,7.067683300781249,7.482379314501682
4.610793334991295,-0.7996633544921875,2.379836450195312,7.388506323242187,7.80340366114593
4.613280278537677,-0.814028564453125,2.4947581298828125,7.824251025390624,8.252597454055797
4.615767222084059,-0.7709329345703124,2.5234885498046875,8.379705810546875,8.785317383106522
4.61825416563044,-0.699106884765625,2.6240450195312497,9.126696728515624,9.522129797222428
4.620741109176821,-0.6560112548828124,2.6815058593749996,9.782707983398437,10.164752821827145
4.623228052723203,-0.5410895751953124,2.7341782958984373,10.457872851562499,10.822920745417804
4.6257149962695845,-0.5027823486328125,2.73896669921875,11.0707884765625,11.415650930293681
4.628201939815966,-0.39743747558593745,2.77727392578125,11.587936035156249,11.922729073525794
4.630688883362348,-0.36391865234375,2.73896669921875,11.832144604492187,12.15047411859169
4.633175826908729,-0.3112462158203125,2.6767174560546874,11.985373510742187,12.284578492500703
4.63566277045511,-0.2825157958984375,2.6815058593749996,11.994950317382811,12.294271916843087
4.638149714001492,-0.3064578125,2.6144682128906247,11.6837041015625,11.976573047409103
4.640636657547874,-0.3447650390625,2.5809493896484375,11.209652172851563,11.508104297424584
4.6431236010942545,-0.3399766357421875,2.4947581298828125,10.658985791015624,10.952323056436015
4.645610544640636,-0.411802685546875,2.398990063476562,9.974244116210937,10.26695088457383
4.648097488187018,-0.4740519287109375,2.39420166015625,9.294290844726563,9.609410446378982
4.6505844317333995,-0.5698199951171875,2.29843359375,8.576030346679687,8.896953878653346
4.653071375279781,-0.6416460449218749,2.250549560546875,7.948749511718749,8.28609086188962
4.655558318826162,-0.679953271484375,2.231395947265625,7.503428002929687,7.857664800691434
4.658045262372544,-0.7565677246093749,2.24097275390625,7.134720947265625,7.5165548358953425
4.660532205918925,-0.7757213378906249,2.27927998046875,6.986280444335937,7.3895179322020175
4.663019149465307,-0.7661445312499999,2.3511060302734372,7.024587670898437,7.447114135991923
4.665506093011689,-0.8283937744140625,2.375048046875,7.264007836914062,7.687190600290957
4.6679930365580695,-0.7948749511718749,2.480392919921875,7.68059892578125,8.11022657414151
4.670479980104451,-0.7757213378906249,2.4899697265625,8.231265307617187,8.63454812932552
4.672966923650833,-0.718260498046875,2.5953145996093747,8.825027319335938,9.226736324455455
4.675453867197215,-0.6416460449218749,2.7054478759765623,9.591171850585937,9.986077073809417
4.677940810743596,-0.612915625,2.7150246826171873,10.256759912109374,10.627706642791924
4.680427754289977,-0.4836287353515625,2.7916391357421872,10.86009873046875,11.22358633652337
4.682914697836359,-0.44532150878906246,2.7581203125,11.391611499023437,11.729209327533475
4.68540164138274,-0.37828386230468747,2.7964275390625,11.755530151367187,12.089482817780516
4.687888584929122,-0.33039982910156246,2.7533319091796873,11.961431494140625,12.278674359970486
4.690375528475504,-0.296881005859375,2.6958710693359373,11.990161914062499,12.293081057227168
4.692862472021885,-0.277727392578125,2.6815058593749996,11.750741748046874,12.056016664211377
4.695349415568266,-0.33518823242187495,2.5617957763671875,11.334150659179686,11.624892253950149
4.697836359114648,-0.354341845703125,2.5570073730468748,10.864887133789061,11.16734602667113
4.70032330266103,-0.4165910888671875,2.398990063476562,10.175357055664062,10.462628382497165
4.70281024620741,-0.45010991210937495,2.389413256835937,9.524134204101562,9.829599533178333
4.705297189753792,-0.5267243652343749,2.29843359375,8.820238916015624,9.129997266013094
4.707784133300174,-0.5793968017578125,2.3032219970703123,8.231265307617187,8.567045044007765
4.710271076846555,-0.6607996582031249,2.3127988037109373,7.6231380859375,7.993618002631785
4.712758020392937,-0.718260498046875,2.1883003173828124,7.192181787109375,7.5519557255680505
4.715244963939318,-0.7613561279296874,2.288856787109375,7.0102224609374995,7.413619055310662
4.7177319074857,-0.8044517578125,2.3223756103515623,7.000645654296875,7.4195424847647535
4.720218851032081,-0.842758984375,2.3511060302734372,7.1395093505859375,7.563764673655371
4.722705794578463,-0.7852981445312499,2.442085693359375,7.50821640625,7.934342399505861
4.725192738124845,-0.7996633544921875,2.4899697265625,7.987056738281249,8.404313538906038
4.727679681671225,-0.7230489013671875,2.5330653564453125,8.628702783203124,9.021847456848795
4.730166625217607,-0.6751648681640625,2.6479870361328124,9.284714038085937,9.678512164158317
4.732653568763989,-0.6177040283203125,2.6671406494140624,9.988609326171874,10.357003127413245
4.7351405123103705,-0.5506663818359374,2.6671406494140624,10.654197387695312,10.996762918414435
4.737627455856752,-0.43574470214843747,2.7533319091796873,11.305420239257812,11.644021506068153
4.740114399403133,-0.39264907226562495,2.7724855224609373,11.726799731445311,12.056478806336134
4.742601342949515,-0.3447650390625,2.7437551025390623,11.9518546875,12.267594934052259
4.745088286495896,-0.3495534423828125,2.710236279296875,11.937489477539062,12.246273854730445
4.747575230042278,-0.3064578125,2.6958710693359373,11.85608662109375,12.162583080094581
4.75006217358866,-0.316034619140625,2.5665841796874997,11.549628808593749,11.835588614353583
4.7525491171350405,-0.354341845703125,2.5043349365234375,11.056423266601563,11.342034520673815
4.755036060681422,-0.39743747558593745,2.4851813232421875,10.424354028320312,10.72386309424686
4.757523004227804,-0.4165910888671875,2.389413256835937,9.773131176757811,10.069604602236494
4.7600099477741855,-0.5363011718749999,2.31758720703125,9.054870678710937,9.362131830802666
4.762496891320567,-0.5746083984375,2.3032219970703123,8.374917407226562,8.70484049004977
4.764983834866948,-0.6177040283203125,2.27927998046875,7.762001782226562,8.113282144931057
4.76747077841333,-0.74699091796875,2.2361843505859373,7.335833886718749,7.70538608343958
4.769957721959711,-0.7948749511718749,2.2601263671875,7.086836914062499,7.48085923074185
4.772444665506093,-0.7948749511718749,2.3032219970703123,6.967126831054687,7.380888431333397
4.774931609052474,-0.842758984375,2.384624853515625,7.105990527343749,7.54266397053775
4.7774185525988555,-0.8044517578125,2.403778466796875,7.331045483398437,7.756901535261395
4.779905496145237,-0.7996633544921875,2.480392919921875,7.838616235351562,8.260491208326135
4.782392439691619,-0.737414111328125,2.5234885498046875,8.432378247070313,8.832710622127603
4.7848793832380005,-0.689530078125,2.5905261962890624,9.112331518554686,9.498466371280372
4.787366326784381,-0.5985504150390625,2.6384102294921874,9.835380419921874,10.200695032350248
4.789853270330763,-0.5506663818359374,2.7150246826171873,10.496180078124999,10.85561553868471
4.792340213877145,-0.4644751220703125,2.729389892578125,11.061211669921875,11.402443156251458
4.794827157423526,-0.45010991210937495,2.7198130859375,11.525686791992188,11.850799052490897
4.797314100969908,-0.3687070556640625,2.7581203125,11.841721411132811,12.164273037465199
4.799801044516289,-0.3399766357421875,2.710236279296875,11.966219897460936,12.274012523900144
4.8022879880626705,-0.316034619140625,2.710236279296875,11.903970654296874,12.212689135013363
4.804774931609052,-0.316034619140625,2.5953145996093747,11.654973681640625,11.944620013678817
4.807261875155434,-0.3064578125,2.5665841796874997,11.200075366210937,11.494475149003955
4.809748818701816,-0.37828386230468747,2.4564509033203126,10.635043774414061,10.921602712267399
4.812235762248196,-0.43574470214843747,2.437297290039062,10.041281762695311,10.342032245323916
4.814722705794578,-0.4213794921875,2.389413256835937,9.275137231445312,9.587232502162577
4.81720964934096,-0.5363011718749999,2.2553379638671873,8.552088330078124,8.860721363617836
4.819696592887341,-0.6512228515624999,2.3032219970703123,8.02536396484375,8.374687429295397
4.822183536433723,-0.6943184814453125,2.2266075439453124,7.474697583007812,7.830131752777441
4.824670479980104,-0.7565677246093749,2.2553379638671873,7.134720947265625,7.520850154638908
4.827157423526486,-0.7852981445312499,2.2649147705078123,6.981492041015625,7.381582703745396
4.829644367072867,-0.7852981445312499,2.2744915771484373,6.9910688476562495,7.393581591014811
4.832131310619249,-0.8188169677734375,2.370259643554687,7.259219433593749,7.680160075782459
4.83461825416563,-0.8044517578125,2.4660277099609376,7.666233715820312,8.093180751875181
4.837105197712011,-0.7757213378906249,2.518700146484375,8.226476904296874,8.638316750321739
4.839592141258393,-0.7278373046875,2.5617957763671875,8.853757739257812,9.245624416304999
4.842079084804775,-1.7621324218749999,0.9720458740234375,-4.697423657226563,5.110359367882147
4.8445660283511565,-1.9871873779296874,1.0678139404296874,-5.4013189453125,5.853493541071928
4.847052971897537,-2.020706201171875,1.3311761230468748,-4.7884033203125,5.365080593989651
4.849539915443919,-1.9919757812499999,1.6136919189453125,-3.1316157714843746,4.047096053044161
4.852026858990301,-1.7908628417968748,1.9632453613281249,-0.603338818359375,2.7249843663119364
4.854513802536682,-1.5562310791015623,2.346317626953125,2.6384102294921874,3.8585321194984985
4.857000746083064,-1.2401964599609374,2.748543505859375,6.210559106445312,6.9038846367499636
4.859487689629445,-0.928950244140625,2.987963671875,9.792284790039062,10.280064049886267
4.8619746331758265,-0.47884033203125,3.380612744140625,13.239935180664062,13.67310184916399
4.864461576722208,-0.19632453613281248,3.4811692138671875,16.122553979492185,16.495266873885484
4.86694852026859,0.1005564697265625,3.6296097167968746,18.310854296875,18.667393052626707
4.8694354638149715,0.33518823242187495,3.5673604736328124,19.685126049804687,20.008563154227012
4.871922407361352,0.4644751220703125,3.4859576171874997,20.178331591796873,20.482497491183967
4.874409350907734,0.5219359619140624,3.361459130859375,19.747375292968748,20.038229851913805
4.876896294454116,0.44532150878906246,3.1220389648437497,18.54548605957031,18.81171155769484
4.879383238000497,0.316034619140625,2.8730419921875,16.64448994140625,16.89358735079503
4.881870181546879,0.143652099609375,2.6001030029296874,14.279018701171875,14.51452881150409
4.88435712509326,-0.1005564697265625,2.288856787109375,11.654973681640625,11.878021237362566
4.8868440686396415,-0.3447650390625,2.1068974609374997,9.006986645507812,9.256548399669324
4.889331012186023,-0.63206923828125,1.8914193115234375,6.564900952148437,6.8611152916639355
4.891817955732405,-0.852335791015625,1.7334020019531249,4.486733911132812,4.884868472162835
4.8943048992787865,-1.0678139404296874,1.714248388671875,2.9496564453125,3.5748212955074643
4.896791842825167,-1.197100830078125,1.7669208251953124,2.059013427734375,2.965568393322447
4.899278786371549,-1.3072341064453123,1.7908628417968748,1.7812860351562498,2.8441221257578455
4.901765729917931,-1.2880804931640624,1.905784521484375,2.1595698974609374,3.1551399558844686
4.904252673464312,-1.2928688964843749,2.1356278808593747,3.1507693847656246,4.019920912776392
4.906739617010693,-1.2018892333984375,2.269703173828125,4.544194750976562,5.219750584218319
4.909226560557075,-1.0630255371093749,2.47081611328125,6.287173559570312,6.83838481853405
4.9117135041034565,-0.8475473876953125,2.6240450195312497,8.1594392578125,8.612804295979776
4.914200447649838,-0.689530078125,2.858676782226562,10.0748005859375,10.495193734290323
4.91668739119622,-0.5315127685546874,2.9496564453125,11.85608662109375,12.229054294400221
4.919174334742601,-0.2920926025390625,3.0789433349609374,13.297396020507811,13.65232401734501
4.921661278288982,-0.1867477294921875,3.0597897216796874,14.341267944335936,14.66523624448664
4.924148221835364,-0.076614453125,3.0071172851562498,14.949395166015623,15.249034066812378
4.926635165381746,0.01915361328125,2.987963671875,15.040374829101562,15.334313442903738
4.929122108928127,-0.01915361328125,2.882618798828125,14.623783740234375,14.905197378143045
4.931609052474508,-0.028730419921875,2.786850732421875,13.88636962890625,14.16328436177284
4.93409599602089,-0.1388636962890625,2.6431986328124997,12.761094848632812,13.03270209413427
4.936582939567272,-0.2346317626953125,2.442085693359375,11.434707128906249,11.694928889122645
4.939069883113653,-0.354341845703125,2.3511060302734372,10.01733974609375,10.295647298634217
4.941556826660035,-0.5458779785156249,2.24097275390625,8.59997236328125,8.903901745885326
4.944043770206416,-0.6368576416015624,2.2170307373046874,7.364564306640625,7.717358380460581
4.946530713752797,-0.7565677246093749,2.0973206542968748,6.387730029296875,6.76566652858696
4.949017657299179,-0.86191259765625,2.0877438476562498,5.7125651611328125,6.142879489263437
4.951504600845561,-0.9241618408203125,2.1308394775390624,5.425260961914062,5.901525946052938
4.9539915443919424,-0.97683427734375,2.1643583007812497,5.487510205078125,5.979249142692662
4.956478487938323,-0.9528922607421875,2.2649147705078123,5.894524487304687,6.386177378501273
4.958965431484705,-0.9050082275390624,2.3367408203125,6.564900952148437,7.026899890047359
4.961452375031087,-0.8954314208984374,2.4516625,7.48906279296875,7.930857958661682
4.963939318577468,-0.74699091796875,2.6144682128906247,8.494627490234375,8.919200393846348
4.966426262123849,-0.6751648681640625,2.6336218261718747,9.586383447265625,9.964464818569045
4.968913205670231,-0.5458779785156249,2.6910826660156246,10.577582934570312,10.928182347511921
4.971400149216612,-0.44532150878906246,2.786850732421875,11.439495532226562,11.78248302705427
4.973887092762994,-0.33039982910156246,2.7820623291015623,12.00931552734375,12.331775796103983
4.976374036309376,-0.2537853759765625,2.8107927490234372,12.492944262695312,12.80775621433489
4.978860979855757,-0.24899697265624998,2.7964275390625,12.564770312499999,12.874605216452288
4.981347923402138,-0.239420166015625,2.729389892578125,12.368445776367187,12.668280945911244
4.98383486694852,-0.21068974609375,2.6671406494140624,11.942277880859374,12.238301777474232
4.986321810494902,-0.3016694091796875,2.5330653564453125,11.305420239257812,11.589648455353528
4.988808754041283,-0.37828386230468747,2.528276953125,10.548852514648438,10.854196073776624
4.991295697587664,-0.45010991210937495,2.427720483398437,9.677363110351562,9.987381160648908
4.993782641134046,-0.5458779785156249,2.365471240234375,8.911218579101561,9.235976045894073
4.9962695846804275,-0.6081272216796875,2.27927998046875,8.12113203125,8.456815087023497
4.998756528226809,-0.7038952880859375,2.24097275390625,7.503428002929687,7.862497011477279
5.001243471773191,-1.39821376953125,1.7669208251953124,9.6151138671875,9.875597482015811
5.003730415319572,-1.2306196533203124,1.89620771484375,9.581595043945311,9.84464280789956
5.006217358865953,-1.0007762939453124,2.0781670410156248,9.519345800781249,9.794808620679536
5.008704302412335,-0.8188169677734375,2.1883003173828124,9.524134204101562,9.806541278325845
5.011191245958717,-0.584185205078125,2.422932080078125,9.509768994140625,9.83095003244459
5.013678189505098,-0.316034619140625,2.6384102294921874,9.5001921875,9.864823263445746
5.016165133051479,-0.1197100830078125,2.73896669921875,9.457096557617186,9.846468625019725
5.018652076597861,0.1005564697265625,2.920926025390625,9.442731347656249,9.884689967491045
5.0211390201442425,0.2920926025390625,3.1651345947265623,9.428366137695312,9.949747892164531
5.023625963690624,0.47884033203125,3.294421484375,9.428366137695312,9.998829381819203
5.026112907237006,0.5746083984375,3.394977954101562,9.356540087890625,9.969999625711871
5.028599850783387,0.6464344482421874,3.4763808105468748,9.3852705078125,10.029277318961114
5.031086794329768,0.7278373046875,3.4763808105468748,9.356540087890625,10.007987464937075
5.03357373787615,0.7805097412109374,3.5386300537109374,9.337386474609374,10.015881603202462
5.036060681422532,0.7517793212890624,3.5290532470703124,9.34696328125,10.019237074229311
5.0385476249689125,0.7326257080078125,3.5482068603515624,9.356540087890625,10.033511587085757
5.041034568515294,0.6416460449218749,3.4572271972656248,9.370905297851563,10.008895825303583
5.043521512061676,0.47884033203125,3.35188232421875,9.337386474609374,9.932330509764965
5.0460084556080576,0.316034619140625,3.2130186279296873,9.327809667968749,9.870734510955595
5.048495399154439,0.19153613281249998,3.1172505615234374,9.399635717773437,9.904902260009086
5.05098234270082,-0.023942016601562498,2.987963671875,9.414000927734374,9.876837226156324
5.053469286247202,-0.2537853759765625,2.7437551025390623,9.418789331054686,9.813571803505505
5.055956229793583,-0.5219359619140624,2.5761609863281247,9.414000927734374,9.774069574297183
5.058443173339965,-0.7278373046875,2.4133552734375,9.442731347656249,9.773392764129218
5.060930116886347,-0.93852705078125,2.2649147705078123,9.428366137695312,9.741907409185956
5.0634170604327275,-1.1156979736328125,2.0925322509765625,9.524134204101562,9.814917499779746
5.065904003979109,-1.369483349609375,1.9105729248046874,9.504980590820312,9.791344625623433
5.068390947525491,-1.5227122558593749,1.7717092285156248,9.548076220703125,9.829718496524112
5.070877891071873,-1.5227122558593749,1.388636962890625,9.811438403320311,10.02553184479502
5.073364834618254,-1.7286135986328124,1.5514426757812498,9.572018237304688,9.849802662231722
5.075851778164635,-1.8435352783203125,1.47482822265625,9.595960253906249,9.882114844672845
5.078338721711017,-1.8914193115234375,1.4604630126953124,9.605537060546874,9.898321142749126
5.080825665257398,-1.9201497314453124,1.4413093994140624,9.624690673828125,9.919627933692016
5.08331260880378,-1.8339584716796873,1.4796166259765624,9.629479077148437,9.913603599748754
5.085799552350162,-1.7669208251953124,1.5035586425781249,9.591171850585937,9.867789786048967
5.088286495896543,-1.6807295654296874,1.608903515625,9.591171850585937,9.869346475941152
5.090773439442924,-1.5466542724609373,1.7190367919921874,9.591171850585937,9.865992316955072
5.093260382989306,-1.3359645263671873,1.8339584716796873,9.600748657226562,9.86522071069851
5.095747326535688,-1.1827356201171875,1.9680337646484374,9.562441430664062,9.834241534595886
5.098234270082068,-0.9193734375,2.1643583007812497,9.557653027343749,9.842683869902272
5.10072121362845,-0.699106884765625,2.365471240234375,9.524134204101562,9.838360481423718
5.103208157174832,-0.4836287353515625,2.5043349365234375,9.471461767578125,9.808882619475256
5.1056951007212135,-0.22505495605468748,2.7054478759765623,9.476250170898437,9.857454805593761
5.108182044267595,-0.0526724365234375,2.93050283203125,9.457096557617186,9.900873523796136
5.110668987813976,0.19632453613281248,3.0119056884765625,9.4618849609375,9.93163562630952
5.113155931360358,0.38786066894531246,3.1507693847656246,9.418789331054686,9.939385095531847
5.115642874906739,0.4836287353515625,3.294421484375,9.380482104492186,9.953921547966283
5.118129818453121,0.6560112548828124,3.438073583984375,9.3852705078125,10.01668624048089
5.120616761999503,0.6943184814453125,3.4811692138671875,9.356540087890625,10.00727034038541
5.1231037055458835,0.737414111328125,3.5577836669921874,9.361328491210937,10.0417167512861
5.125590649092265,0.7852981445312499,3.6056677001953124,9.342174877929686,10.044588801432168
5.128077592638647,0.7661445312499999,3.5865140869140624,9.342174877929686,10.036248910236226
5.1305645361850285,0.6560112548828124,3.4859576171874997,9.327809667968749,9.97949319741297
5.13305147973141,0.5410895751953124,3.4763808105468748,9.342174877929686,9.982696675655538
5.135538423277791,0.40222587890625,3.303998291015625,9.361328491210937,9.935424574976839
5.138025366824173,0.28730419921875,3.1938650146484373,9.380482104492186,9.913463670553403
5.140512310370554,0.0526724365234375,2.9975404785156248,9.356540087890625,9.825114031003066
5.142999253916936,-0.1292868896484375,2.901772412109375,9.404424121093749,9.84277355631653
5.145486197463318,-0.3591302490234375,2.7246014892578123,9.428366137695312,9.820718702695293
5.1479731410096985,-0.6272808349609375,2.5234885498046875,9.452308154296874,9.80344863559206
5.15046008455608,-8.858546142578124,-3.9695863525390624,10.271125122070313,14.132496836853495
5.152947028102462,-9.045293872070312,-4.185064501953125,10.232817895507813,14.284350464765481
5.1554339716488435,-9.026140258789061,-4.185064501953125,10.156203442382813,14.217399242474318
5.157920915195225,-8.724470849609375,-4.04141240234375,10.079588989257813,13.93009404145819
